datetime,t_amb,t_ref,t_sup_prim,t_ret_prim,t_sup_sec,t_ret_sec,delta_e
2021-11-01 07:00:00,7.2,47.0,83.4,41.3,47.5,42.0,213.0
2021-11-01 08:00:00,8.1,46.6,78.9,41.0,46.3,41.7,151.0
2021-11-01 09:00:00,8.7,46.0,77.4,40.8,46.2,41.5,144.0
2021-11-01 10:00:00,10.0,45.5,74.5,40.4,45.4,41.0,139.0
2021-11-01 11:00:00,11.2,45.0,70.9,39.6,39.0,39.5,114.0
2021-11-01 12:00:00,12.5,44.5,65.4,37.5,33.2,33.1,0.0
2021-11-01 13:00:00,13.9,44.0,61.1,35.4,29.6,28.4,0.0
2021-11-01 14:00:00,14.5,44.0,57.1,33.5,26.8,26.0,0.0
2021-11-01 15:00:00,14.5,44.0,53.7,32.0,25.8,25.4,0.0
2021-11-01 16:00:00,14.4,44.0,50.5,30.7,25.3,24.8,0.0
2021-11-01 17:00:00,13.7,44.1,47.7,29.6,24.6,24.3,0.0
2021-11-01 18:00:00,12.3,44.6,72.5,33.3,41.2,33.4,93.0
2021-11-01 19:00:00,12.2,43.1,70.0,39.4,43.2,40.2,164.0
2021-11-01 20:00:00,11.1,43.7,70.9,38.6,43.5,39.4,116.0
2021-11-01 21:00:00,11.3,44.3,73.5,39.8,45.1,40.5,137.0
2021-11-01 22:00:00,10.8,44.6,73.0,39.8,40.3,40.7,131.0
2021-11-01 23:00:00,10.7,44.6,67.4,37.7,33.2,33.0,0.0
2021-11-02 00:00:00,10.7,44.6,62.5,35.4,30.2,29.3,0.0
2021-11-02 01:00:00,10.7,44.6,58.0,33.4,27.2,26.5,0.0
2021-11-02 02:00:00,11.3,44.3,54.2,31.8,25.8,25.3,0.0
2021-11-02 03:00:00,11.4,44.3,50.8,30.3,25.3,24.7,0.0
2021-11-02 04:00:00,11.2,44.4,47.9,29.2,24.6,24.2,0.0
2021-11-02 05:00:00,11.4,44.3,45.5,28.1,24.4,23.8,0.0
2021-11-02 06:00:00,11.3,45.0,72.4,28.6,35.3,29.3,51.0
2021-11-02 07:00:00,11.7,44.8,74.5,39.9,45.2,40.5,189.0
2021-11-02 08:00:00,11.5,44.9,75.1,40.1,45.4,40.7,141.0
2021-11-02 09:00:00,10.4,45.4,73.4,40.0,45.2,40.6,139.0
2021-11-02 10:00:00,10.7,45.2,73.0,40.1,45.3,40.8,137.0
2021-11-02 11:00:00,10.8,45.2,71.7,40.0,44.9,40.8,134.0
2021-11-02 12:00:00,11.5,44.9,71.6,39.9,44.9,40.6,128.0
2021-11-02 13:00:00,11.9,44.8,67.9,35.4,32.1,32.6,0.0
2021-11-02 14:00:00,12.2,44.7,51.2,38.0,40.6,38.7,119.0
2021-11-02 15:00:00,13.0,44.3,43.5,34.6,36.9,35.7,63.0
2021-11-02 16:00:00,13.0,44.3,55.8,35.0,38.0,36.0,72.0
2021-11-02 17:00:00,13.6,44.1,66.3,38.4,44.4,38.6,122.0
2021-11-02 18:00:00,13.4,44.2,72.6,39.8,44.6,40.5,137.0
2021-11-02 19:00:00,12.8,44.4,72.2,39.6,44.5,40.4,124.0
2021-11-02 20:00:00,12.8,44.4,73.3,39.7,44.7,40.5,124.0
2021-11-02 21:00:00,12.7,44.5,73.2,39.7,44.6,40.5,123.0
2021-11-02 22:00:00,11.4,45.0,69.2,38.4,33.1,33.4,32.0
2021-11-02 23:00:00,10.9,45.2,64.2,36.2,32.1,31.2,0.0
2021-11-03 00:00:00,9.6,45.7,59.6,34.4,28.0,26.9,0.0
2021-11-03 01:00:00,9.7,45.6,55.6,32.6,27.0,26.2,0.0
2021-11-03 02:00:00,8.9,45.9,52.2,31.1,26.1,25.6,0.0
2021-11-03 03:00:00,8.4,46.1,49.1,29.7,25.4,24.9,0.0
2021-11-03 04:00:00,8.7,46.0,46.4,28.6,24.9,24.3,0.0
2021-11-03 05:00:00,8.4,46.1,44.0,27.6,24.3,24.1,0.0
2021-11-03 06:00:00,8.1,46.2,49.2,28.8,34.7,29.4,50.0
2021-11-03 07:00:00,8.5,46.1,72.2,39.2,45.2,39.5,182.0
2021-11-03 08:00:00,10.3,45.4,79.0,40.5,45.9,41.2,152.0
2021-11-03 09:00:00,11.3,45.0,74.8,39.7,44.4,40.5,130.0
2021-11-03 10:00:00,12.2,44.6,62.2,38.3,33.0,33.3,43.0
2021-11-03 11:00:00,12.8,44.4,59.6,34.8,31.6,30.7,0.0
2021-11-03 12:00:00,13.7,44.1,55.5,32.7,27.2,26.3,0.0
2021-11-03 13:00:00,15.3,44.0,53.1,30.9,27.8,26.1,0.0
2021-11-03 14:00:00,16.1,44.0,50.8,29.3,26.2,25.6,0.0
2021-11-03 15:00:00,15.4,44.0,48.3,28.1,26.0,25.0,0.0
2021-11-03 16:00:00,15.1,44.0,46.2,27.3,25.0,24.7,0.0
2021-11-03 17:00:00,14.5,44.0,44.1,26.7,24.7,24.4,0.0
2021-11-03 18:00:00,14.4,44.0,42.1,26.2,24.4,24.3,0.0
2021-11-03 19:00:00,13.8,43.0,79.5,28.1,37.6,29.6,55.0
2021-11-03 20:00:00,14.0,43.0,70.7,38.6,43.5,39.4,178.0
2021-11-03 21:00:00,13.8,43.1,70.9,38.8,43.6,39.6,123.0
2021-11-03 22:00:00,13.3,43.3,67.8,38.5,38.4,39.0,107.0
2021-11-03 23:00:00,13.7,43.1,63.6,36.5,32.9,32.8,0.0
2021-11-04 00:00:00,14.1,43.0,59.1,34.6,30.2,28.7,0.0
2021-11-04 01:00:00,15.0,43.0,55.4,32.9,27.0,26.4,0.0
2021-11-04 02:00:00,14.5,43.0,52.2,31.5,26.3,26.0,0.0
2021-11-04 03:00:00,13.6,43.2,49.1,30.2,25.9,25.5,0.0
2021-11-04 04:00:00,13.5,43.2,46.5,29.0,25.3,25.0,0.0
2021-11-04 05:00:00,14.0,43.0,44.2,28.2,25.1,24.8,0.0
2021-11-04 06:00:00,13.3,43.3,68.8,28.7,32.8,27.6,0.0
2021-11-04 07:00:00,13.3,43.3,73.3,38.8,43.8,39.6,185.0
2021-11-04 08:00:00,14.8,43.0,70.6,38.6,38.5,39.0,111.0
2021-11-04 09:00:00,15.8,43.0,66.1,36.6,32.7,32.8,0.0
2021-11-04 10:00:00,18.2,43.0,61.2,34.7,30.4,29.3,0.0
2021-11-04 11:00:00,19.3,43.0,57.1,32.9,27.3,26.7,0.0
2021-11-04 12:00:00,20.2,43.0,53.6,31.4,26.3,26.1,0.0
2021-11-04 13:00:00,20.6,43.0,50.3,30.1,26.0,25.7,0.0
2021-11-04 14:00:00,20.3,43.0,47.5,29.1,25.6,25.3,0.0
2021-11-04 15:00:00,19.9,43.0,45.1,28.2,25.2,25.0,0.0
2021-11-04 16:00:00,20.0,43.0,43.0,27.5,25.2,24.8,0.0
2021-11-04 17:00:00,19.0,43.0,41.2,26.9,24.6,24.7,0.0
2021-11-04 18:00:00,18.3,43.0,39.5,26.4,24.4,24.4,0.0
2021-11-04 19:00:00,17.6,43.0,38.0,25.9,24.3,24.3,0.0
2021-11-04 20:00:00,17.4,43.0,36.6,25.6,24.2,24.1,0.0
2021-11-04 21:00:00,16.9,43.0,35.2,25.2,24.0,24.0,0.0
2021-11-04 22:00:00,16.0,43.0,34.1,24.9,23.9,23.9,0.0
2021-11-04 23:00:00,16.5,43.0,33.0,24.6,23.8,23.8,0.0
2021-11-05 00:00:00,15.6,43.0,32.0,24.4,23.8,23.8,0.0
2021-11-05 01:00:00,14.3,43.0,31.1,24.1,23.5,23.8,0.0
2021-11-05 02:00:00,13.1,43.4,30.3,23.9,23.5,23.7,0.0
2021-11-05 03:00:00,13.9,43.0,29.6,23.6,23.5,23.6,0.0
2021-11-05 04:00:00,12.7,43.6,28.9,23.3,23.5,23.7,0.0
2021-11-05 05:00:00,12.6,43.7,28.3,23.1,23.5,23.7,0.0
2021-11-05 06:00:00,13.2,43.3,31.9,30.0,25.0,23.3,0.0
2021-11-05 07:00:00,13.6,45.0,65.9,36.4,42.1,37.1,169.0
2021-11-05 08:00:00,14.4,45.0,71.0,40.0,39.6,40.2,145.0
2021-11-05 09:00:00,15.6,45.0,60.3,36.6,34.3,33.1,0.0
2021-11-05 10:00:00,16.3,45.0,56.1,33.8,29.8,29.1,0.0
2021-11-05 11:00:00,17.9,45.0,52.3,31.8,27.2,26.5,0.0
2021-11-05 12:00:00,18.7,45.0,49.2,30.2,27.2,25.9,0.0
2021-11-05 13:00:00,18.9,45.0,47.1,28.9,26.1,25.7,0.0
2021-11-05 14:00:00,19.0,45.0,44.9,27.9,25.6,25.3,0.0
2021-11-05 15:00:00,19.1,45.0,42.9,27.1,25.0,24.9,0.0
2021-11-05 16:00:00,17.9,45.0,41.0,26.5,24.6,24.7,0.0
2021-11-05 17:00:00,16.9,45.0,39.3,25.9,24.5,24.6,0.0
2021-11-05 18:00:00,16.8,45.0,42.2,35.5,28.3,25.1,0.0
2021-11-05 19:00:00,16.9,45.0,59.2,27.8,31.5,28.7,47.0
2021-11-05 20:00:00,16.6,45.0,70.4,40.2,45.6,40.9,184.0
2021-11-05 21:00:00,15.7,45.0,71.3,40.5,45.5,41.1,138.0
2021-11-05 22:00:00,13.8,45.0,61.3,37.8,35.3,33.7,0.0
2021-11-05 23:00:00,12.8,45.2,56.9,34.7,31.0,30.1,0.0
2021-11-06 00:00:00,12.3,45.3,53.2,32.5,28.0,27.3,0.0
2021-11-06 01:00:00,12.2,45.4,49.8,30.8,26.8,26.4,0.0
2021-11-06 02:00:00,11.9,45.4,47.1,29.4,26.5,25.8,0.0
2021-11-06 03:00:00,12.4,45.3,44.9,28.3,25.5,25.3,0.0
2021-11-06 04:00:00,12.1,45.4,42.7,27.3,25.2,25.0,0.0
2021-11-06 05:00:00,11.3,45.6,40.8,26.5,24.7,24.7,0.0
2021-11-06 06:00:00,11.3,45.6,57.3,47.1,36.6,25.1,0.0
2021-11-06 07:00:00,11.4,45.5,76.0,40.1,46.2,40.7,214.0
2021-11-06 08:00:00,11.9,45.4,75.0,40.5,45.7,41.4,145.0
2021-11-06 09:00:00,11.8,45.5,72.9,40.1,45.0,40.8,133.0
2021-11-06 10:00:00,11.6,45.5,73.6,40.0,45.0,40.7,133.0
2021-11-06 11:00:00,11.6,45.5,72.9,39.9,40.1,40.6,123.0
2021-11-06 12:00:00,12.1,45.4,47.2,39.0,35.2,35.5,75.0
2021-11-06 13:00:00,12.9,45.2,50.8,32.2,34.0,31.9,0.0
2021-11-06 14:00:00,13.1,45.2,48.6,30.5,28.2,27.1,0.0
2021-11-06 15:00:00,11.5,45.5,46.7,29.3,26.6,26.2,0.0
2021-11-06 16:00:00,12.8,43.5,74.3,37.3,44.1,38.0,139.0
2021-11-06 17:00:00,12.3,43.7,71.8,39.1,44.0,39.9,138.0
2021-11-06 18:00:00,11.6,44.1,72.6,39.4,44.3,40.3,126.0
2021-11-06 19:00:00,12.2,43.8,74.0,39.6,44.4,40.4,126.0
2021-11-06 20:00:00,9.9,43.1,75.7,39.1,43.5,40.1,120.0
2021-11-06 21:00:00,9.8,43.2,73.0,38.1,42.7,39.0,107.0
2021-11-06 22:00:00,9.9,43.1,73.9,38.6,38.6,39.0,107.0
2021-11-06 23:00:00,9.7,43.3,67.2,36.7,35.2,33.0,0.0
2021-11-07 00:00:00,9.7,43.3,62.9,34.2,32.5,29.5,0.0
2021-11-07 01:00:00,10.0,43.1,58.8,32.1,27.5,26.7,0.0
2021-11-07 02:00:00,8.8,44.0,55.0,30.6,27.3,26.0,0.0
2021-11-07 03:00:00,8.9,43.9,51.6,29.4,25.8,25.4,0.0
2021-11-07 04:00:00,9.0,43.8,48.5,28.3,25.3,24.8,0.0
2021-11-07 05:00:00,8.3,44.4,45.8,27.4,24.8,24.3,0.0
2021-11-07 06:00:00,9.0,43.8,58.1,27.9,34.3,25.6,33.0
2021-11-07 07:00:00,8.5,44.2,76.7,39.3,44.5,40.2,193.0
2021-11-07 08:00:00,9.0,43.8,73.3,38.9,43.5,39.8,122.0
2021-11-07 09:00:00,9.9,43.1,70.3,38.4,42.9,39.3,115.0
2021-11-07 10:00:00,10.9,42.4,64.7,37.2,32.8,33.4,45.0
2021-11-07 11:00:00,11.4,42.0,61.1,35.1,32.3,31.5,0.0
2021-11-07 12:00:00,12.2,41.4,58.4,33.1,28.7,27.3,0.0
2021-11-07 13:00:00,12.6,41.0,55.1,31.4,26.9,26.4,0.0
2021-11-07 14:00:00,12.9,40.8,51.9,30.1,26.5,26.1,0.0
2021-11-07 15:00:00,13.1,40.7,48.9,29.1,26.1,25.7,0.0
2021-11-07 16:00:00,12.7,41.0,46.4,28.1,25.8,25.3,0.0
2021-11-07 17:00:00,12.5,41.2,69.1,33.5,40.9,34.3,101.0
2021-11-07 18:00:00,11.8,41.6,72.3,37.7,42.4,38.7,132.0
2021-11-07 19:00:00,10.8,42.4,69.8,37.2,41.6,38.3,104.0
2021-11-07 20:00:00,10.7,42.5,70.6,37.8,42.4,38.9,111.0
2021-11-07 21:00:00,11.3,42.1,71.8,38.3,42.6,39.4,113.0
2021-11-07 22:00:00,11.1,42.2,70.3,37.5,41.8,38.5,101.0
2021-11-07 23:00:00,10.2,42.9,64.6,35.8,32.9,32.4,0.0
2021-11-08 00:00:00,9.9,43.1,59.9,34.0,32.2,30.0,0.0
2021-11-08 01:00:00,10.2,42.9,56.1,32.5,27.7,26.8,0.0
2021-11-08 02:00:00,10.7,42.5,52.7,30.9,26.7,26.2,0.0
2021-11-08 03:00:00,10.2,42.9,49.6,29.7,26.3,25.9,0.0
2021-11-08 04:00:00,10.2,42.9,46.9,28.7,25.7,25.4,0.0
2021-11-08 05:00:00,10.5,44.5,62.1,29.9,37.5,24.7,0.0
2021-11-08 06:00:00,10.3,44.6,75.2,39.7,45.3,40.5,191.0
2021-11-08 07:00:00,10.3,44.6,75.0,40.2,45.2,41.0,135.0
2021-11-08 08:00:00,9.3,45.0,73.4,40.0,44.9,40.8,129.0
2021-11-08 09:00:00,8.6,45.4,74.0,40.0,45.1,40.7,127.0
2021-11-08 10:00:00,8.7,45.3,72.9,40.3,45.1,41.0,132.0
2021-11-08 11:00:00,8.2,45.5,74.2,40.4,45.4,41.0,130.0
2021-11-08 12:00:00,8.8,45.3,74.1,40.6,45.6,41.3,133.0
2021-11-08 13:00:00,9.1,45.1,75.0,40.7,45.5,41.5,132.0
2021-11-08 14:00:00,9.3,45.0,74.0,39.9,44.8,40.6,122.0
2021-11-08 15:00:00,9.2,45.1,77.8,40.4,45.7,41.3,131.0
2021-11-08 16:00:00,8.3,45.5,75.3,40.6,45.7,41.4,131.0
2021-11-08 17:00:00,8.6,45.4,75.0,40.8,45.7,41.6,131.0
2021-11-08 18:00:00,8.6,45.4,76.4,40.8,45.7,41.6,132.0
2021-11-08 19:00:00,8.5,45.4,75.8,40.7,45.5,41.5,128.0
2021-11-08 20:00:00,8.0,45.6,77.0,40.5,45.6,41.3,128.0
2021-11-08 21:00:00,8.4,45.4,74.7,40.1,44.9,40.9,125.0
2021-11-08 22:00:00,8.2,45.5,70.9,39.0,33.5,33.9,37.0
2021-11-08 23:00:00,8.1,45.6,65.5,36.8,32.6,32.1,0.0
2021-11-09 00:00:00,8.4,45.4,60.6,34.9,28.8,28.0,0.0
2021-11-09 01:00:00,8.4,45.4,56.8,33.4,27.6,27.2,0.0
2021-11-09 02:00:00,8.8,45.3,53.2,31.9,27.0,26.5,0.0
2021-11-09 03:00:00,8.6,45.3,50.0,30.5,26.4,26.0,0.0
2021-11-09 04:00:00,7.7,45.8,47.1,29.4,26.1,25.5,0.0
2021-11-09 05:00:00,8.8,45.3,44.8,28.5,25.6,25.1,0.0
2021-11-09 06:00:00,7.8,45.7,54.6,27.6,32.4,28.7,45.0
2021-11-09 07:00:00,8.3,45.5,68.8,40.6,45.1,41.4,197.0
2021-11-09 08:00:00,7.2,46.0,78.2,40.7,46.1,41.5,141.0
2021-11-09 09:00:00,7.3,45.9,77.9,40.8,46.1,41.7,140.0
2021-11-09 10:00:00,7.6,45.8,77.8,41.0,46.1,41.8,138.0
2021-11-09 11:00:00,8.2,45.5,78.9,40.8,46.1,41.7,140.0
2021-11-09 12:00:00,7.2,46.0,77.9,40.4,45.3,41.2,130.0
2021-11-09 13:00:00,7.8,45.7,78.8,40.7,46.0,41.5,134.0
2021-11-09 14:00:00,7.3,44.7,78.5,39.4,44.6,40.4,118.0
2021-11-09 15:00:00,8.1,44.2,77.7,39.7,44.6,40.6,127.0
2021-11-09 16:00:00,7.4,44.6,77.5,39.5,44.2,40.4,122.0
2021-11-09 17:00:00,7.9,44.3,77.1,39.4,44.1,40.4,121.0
2021-11-09 18:00:00,7.9,44.3,77.6,39.5,44.3,40.4,121.0
2021-11-09 19:00:00,8.3,44.2,76.9,39.1,43.5,40.1,118.0
2021-11-09 20:00:00,8.2,44.2,76.2,39.1,43.9,40.1,119.0
2021-11-09 21:00:00,8.3,44.1,75.6,39.2,43.9,40.1,119.0
2021-11-09 22:00:00,8.3,44.1,75.5,39.0,38.9,39.5,106.0
2021-11-09 23:00:00,8.2,44.2,66.6,37.3,33.2,33.1,0.0
2021-11-10 00:00:00,6.0,45.4,62.1,35.1,30.9,29.6,0.0
2021-11-10 01:00:00,5.0,46.0,58.9,33.3,27.5,26.6,0.0
2021-11-10 02:00:00,5.6,45.6,55.1,31.6,26.3,25.8,0.0
2021-11-10 03:00:00,4.1,46.3,51.7,30.0,26.1,25.3,0.0
2021-11-10 04:00:00,3.8,46.4,48.9,28.7,25.5,24.9,0.0
2021-11-10 05:00:00,4.7,46.1,46.2,27.6,25.0,24.4,0.0
2021-11-10 06:00:00,4.2,46.3,33.4,26.4,28.6,27.1,0.0
2021-11-10 07:00:00,3.1,46.7,83.8,41.2,47.1,41.9,222.0
2021-11-10 08:00:00,4.4,46.2,82.8,41.2,46.6,41.8,154.0
2021-11-10 09:00:00,4.8,46.1,80.6,41.0,46.3,41.7,144.0
2021-11-10 10:00:00,6.0,45.4,79.6,40.5,45.9,41.2,137.0
2021-11-10 11:00:00,5.7,45.6,78.6,40.3,45.6,41.1,137.0
2021-11-10 12:00:00,7.3,44.7,78.1,40.2,45.1,40.9,130.0
2021-11-10 13:00:00,8.0,44.3,74.8,39.3,43.9,40.1,120.0
2021-11-10 14:00:00,9.3,43.6,74.0,39.0,43.5,39.8,115.0
2021-11-10 15:00:00,9.2,43.6,73.0,38.5,43.1,39.3,111.0
2021-11-10 16:00:00,9.6,43.4,73.8,38.6,43.5,39.5,114.0
2021-11-10 17:00:00,9.0,43.7,74.4,39.1,43.9,39.9,121.0
2021-11-10 18:00:00,8.8,43.8,75.5,39.4,44.3,40.2,122.0
2021-11-10 19:00:00,8.5,44.0,76.2,39.4,44.2,40.3,122.0
2021-11-10 20:00:00,8.2,44.2,74.7,39.2,43.8,40.0,116.0
2021-11-10 21:00:00,8.2,44.2,75.7,39.1,44.0,39.9,116.0
2021-11-10 22:00:00,8.1,44.2,75.1,39.2,39.8,40.1,117.0
2021-11-10 23:00:00,7.7,44.5,70.1,37.4,33.8,33.2,0.0
2021-11-11 00:00:00,7.2,44.7,64.4,35.4,31.6,29.9,0.0
2021-11-11 01:00:00,6.9,44.9,60.1,33.5,28.0,27.1,0.0
2021-11-11 02:00:00,6.3,45.2,56.1,31.8,27.7,26.2,0.0
2021-11-11 03:00:00,6.3,45.2,52.6,30.4,26.3,25.8,0.0
2021-11-11 04:00:00,5.9,45.5,49.5,29.2,25.7,25.0,0.0
2021-11-11 05:00:00,5.6,45.6,46.8,28.1,25.2,24.2,0.0
2021-11-11 06:00:00,5.3,45.8,84.8,36.6,45.8,36.9,141.0
2021-11-11 07:00:00,5.3,45.8,80.4,40.4,46.1,41.2,100.0
2021-11-11 08:00:00,6.0,45.3,79.3,40.5,46.0,41.1,213.0
2021-11-11 09:00:00,6.8,45.0,76.5,40.4,45.6,41.0,136.0
2021-11-11 10:00:00,7.6,44.5,76.1,39.8,44.9,40.5,129.0
2021-11-11 11:00:00,8.8,43.8,73.5,39.3,44.1,40.1,122.0
2021-11-11 12:00:00,9.4,43.5,71.3,38.7,43.3,39.5,114.0
2021-11-11 13:00:00,10.5,42.9,67.6,38.3,42.6,39.2,109.0
2021-11-11 14:00:00,11.1,45.9,58.5,36.9,34.6,32.7,0.0
2021-11-11 15:00:00,10.4,46.1,54.3,34.4,31.3,30.0,0.0
2021-11-11 16:00:00,9.5,46.4,51.3,32.6,27.5,26.7,0.0
2021-11-11 17:00:00,9.7,46.4,49.0,36.4,39.9,37.3,126.0
2021-11-11 18:00:00,9.5,46.5,77.4,41.5,47.0,42.0,164.0
2021-11-11 19:00:00,9.2,46.6,77.2,41.4,46.7,41.9,146.0
2021-11-11 20:00:00,8.9,46.7,76.8,41.1,46.1,41.8,139.0
2021-11-11 21:00:00,8.8,46.7,77.7,41.1,46.4,41.7,138.0
2021-11-11 22:00:00,8.4,46.8,79.2,41.3,46.7,42.1,141.0
2021-11-11 23:00:00,6.8,47.4,72.1,39.5,34.6,34.1,0.0
2021-11-12 00:00:00,6.1,47.6,67.2,37.0,32.2,30.0,0.0
2021-11-12 01:00:00,5.8,47.7,63.7,34.5,31.2,27.1,0.0
2021-11-12 02:00:00,5.1,47.9,59.0,32.3,28.1,26.9,0.0
2021-11-12 03:00:00,4.7,48.0,56.2,30.1,29.0,26.4,0.0
2021-11-12 04:00:00,4.4,48.1,57.3,26.7,31.4,24.8,0.0
2021-11-12 05:00:00,3.9,48.2,58.3,22.9,41.9,24.3,0.0
2021-11-12 06:00:00,3.6,48.2,85.1,35.9,43.8,36.2,136.0
2021-11-12 07:00:00,3.8,48.2,75.0,42.5,47.9,43.0,196.0
2021-11-12 08:00:00,4.1,48.1,84.9,42.5,48.5,43.1,166.0
2021-11-12 09:00:00,5.6,47.8,81.0,42.0,47.5,42.6,154.0
2021-11-12 10:00:00,7.2,47.2,78.9,41.4,46.9,42.0,145.0
2021-11-12 11:00:00,8.2,46.9,77.0,41.3,46.5,41.8,144.0
2021-11-12 12:00:00,9.2,46.6,74.1,41.0,46.3,41.5,138.0
2021-11-12 13:00:00,10.0,46.3,71.5,40.8,38.8,39.2,108.0
2021-11-12 14:00:00,10.5,46.1,66.8,38.7,33.5,33.8,0.0
2021-11-12 15:00:00,10.7,46.1,59.8,34.1,33.3,33.5,65.0
2021-11-12 16:00:00,10.5,44.3,73.9,38.1,44.9,38.3,115.0
2021-11-12 17:00:00,9.5,44.9,74.7,40.4,45.4,41.0,147.0
2021-11-12 18:00:00,7.8,46.0,77.2,40.8,46.1,41.4,138.0
2021-11-12 19:00:00,7.6,46.3,76.9,41.0,46.4,41.8,140.0
2021-11-12 20:00:00,6.5,47.0,79.4,41.4,46.9,42.1,143.0
2021-11-12 21:00:00,5.1,47.9,78.5,42.0,47.5,42.7,148.0
2021-11-12 22:00:00,3.8,48.2,79.0,42.1,42.0,42.4,137.0
2021-11-12 23:00:00,3.2,48.3,71.2,39.7,35.1,34.2,0.0
2021-11-13 00:00:00,3.5,48.3,66.6,36.9,29.7,28.6,0.0
2021-11-13 01:00:00,3.8,48.2,62.2,34.2,27.6,26.9,0.0
2021-11-13 02:00:00,2.1,48.5,58.0,32.3,26.5,26.1,0.0
2021-11-13 03:00:00,0.8,48.8,54.1,30.6,25.9,25.6,0.0
2021-11-13 04:00:00,0.9,48.8,50.7,29.2,25.0,24.1,0.0
2021-11-13 05:00:00,0.2,48.9,47.7,27.9,23.6,22.9,0.0
2021-11-13 06:00:00,0.6,48.8,69.0,25.8,33.2,27.1,47.0
2021-11-13 07:00:00,1.8,47.2,81.9,41.4,49.1,41.4,216.0
2021-11-13 08:00:00,2.3,47.0,85.4,41.7,47.5,42.3,163.0
2021-11-13 09:00:00,3.8,46.4,83.2,40.8,46.1,41.5,143.0
2021-11-13 10:00:00,5.5,45.7,79.5,40.0,45.0,40.8,134.0
2021-11-13 11:00:00,6.8,45.1,77.6,39.8,44.9,40.6,132.0
2021-11-13 12:00:00,8.2,44.5,73.6,39.2,39.6,39.7,116.0
2021-11-13 13:00:00,9.5,44.0,68.8,37.4,33.3,32.9,0.0
2021-11-13 14:00:00,9.9,43.8,63.6,35.4,30.7,28.9,0.0
2021-11-13 15:00:00,9.6,43.9,59.5,33.6,27.4,26.4,0.0
2021-11-13 16:00:00,9.3,44.0,55.7,32.0,26.3,25.7,0.0
2021-11-13 17:00:00,7.7,44.8,79.0,38.2,45.9,38.6,165.0
2021-11-13 18:00:00,6.2,45.4,78.1,40.6,46.2,41.3,159.0
2021-11-13 19:00:00,6.4,45.3,76.9,40.4,45.5,41.1,137.0
2021-11-13 20:00:00,5.5,45.7,78.3,40.4,45.9,41.1,138.0
2021-11-13 21:00:00,5.0,46.0,78.8,40.8,46.1,41.5,143.0
2021-11-13 22:00:00,4.6,46.1,79.1,40.9,41.8,41.5,140.0
2021-11-13 23:00:00,3.9,46.4,72.9,38.7,35.2,33.6,0.0
2021-11-14 00:00:00,4.9,46.0,67.3,36.2,30.7,29.8,0.0
2021-11-14 01:00:00,3.4,46.6,61.8,33.9,27.6,27.0,0.0
2021-11-14 02:00:00,2.8,46.8,57.3,32.1,26.3,25.8,0.0
2021-11-14 03:00:00,2.7,46.9,53.3,30.5,25.3,24.9,0.0
2021-11-14 04:00:00,2.6,47.0,49.8,29.2,24.6,24.2,0.0
2021-11-14 05:00:00,2.4,47.0,46.7,28.0,23.9,23.6,0.0
2021-11-14 06:00:00,2.3,47.1,68.3,24.5,36.9,25.4,0.0
2021-11-14 07:00:00,1.7,47.3,85.3,41.5,47.5,42.2,234.0
2021-11-14 08:00:00,2.0,47.2,81.4,41.3,46.8,41.7,158.0
2021-11-14 09:00:00,3.7,46.5,79.9,41.2,46.7,41.9,149.0
2021-11-14 10:00:00,6.1,45.5,76.6,40.7,45.8,41.3,143.0
2021-11-14 11:00:00,7.3,44.9,73.4,39.8,44.7,40.5,130.0
2021-11-14 12:00:00,8.0,44.6,72.5,39.2,44.1,39.9,124.0
2021-11-14 13:00:00,9.2,44.1,70.1,39.0,43.6,39.8,122.0
2021-11-14 14:00:00,9.5,44.0,60.5,37.3,33.3,32.8,0.0
2021-11-14 15:00:00,9.4,44.0,57.1,35.2,30.5,29.7,0.0
2021-11-14 16:00:00,8.8,44.3,53.9,33.4,27.3,26.4,0.0
2021-11-14 17:00:00,8.6,44.4,78.0,34.0,42.8,34.5,98.0
2021-11-14 18:00:00,8.2,44.5,76.0,39.7,45.0,40.4,170.0
2021-11-14 19:00:00,7.3,46.4,77.9,41.2,47.0,41.7,147.0
2021-11-14 20:00:00,7.0,46.6,77.5,41.2,46.5,41.8,144.0
2021-11-14 21:00:00,6.8,46.8,80.3,41.2,47.4,41.8,143.0
2021-11-14 22:00:00,5.5,47.6,79.8,41.9,42.2,42.6,149.0
2021-11-14 23:00:00,5.7,47.5,70.6,38.5,35.1,34.1,0.0
2021-11-15 00:00:00,5.4,47.8,65.0,35.5,30.3,29.2,0.0
2021-11-15 01:00:00,4.4,48.1,60.1,33.4,27.4,27.0,0.0
2021-11-15 02:00:00,4.4,48.1,55.8,31.6,26.4,26.0,0.0
2021-11-15 03:00:00,3.8,48.2,52.1,30.2,25.7,25.5,0.0
2021-11-15 04:00:00,3.1,48.4,48.9,28.9,25.1,24.6,0.0
2021-11-15 05:00:00,3.0,48.4,25.6,38.4,26.4,24.7,0.0
2021-11-15 06:00:00,3.0,48.4,84.8,34.8,45.1,34.5,90.0
2021-11-15 07:00:00,4.9,48.0,84.7,42.3,48.4,42.9,212.0
2021-11-15 08:00:00,5.3,46.9,79.9,40.9,45.9,41.5,145.0
2021-11-15 09:00:00,5.5,46.7,78.8,40.9,46.5,41.5,148.0
2021-11-15 10:00:00,6.2,46.4,78.0,40.7,46.2,41.4,145.0
2021-11-15 11:00:00,7.2,45.8,76.9,40.9,46.2,41.4,143.0
2021-11-15 12:00:00,7.3,45.0,76.8,40.5,45.7,41.0,137.0
2021-11-15 13:00:00,8.0,44.7,74.8,39.5,44.0,40.3,126.0
2021-11-15 14:00:00,8.3,44.5,72.7,38.9,36.9,37.3,91.0
2021-11-15 15:00:00,9.1,44.2,67.6,36.9,32.8,32.7,0.0
2021-11-15 16:00:00,8.3,44.5,66.1,37.0,42.3,37.6,135.0
2021-11-15 17:00:00,7.1,45.0,79.0,40.2,45.5,40.9,158.0
2021-11-15 18:00:00,6.7,45.2,80.1,40.5,45.8,41.2,138.0
2021-11-15 19:00:00,6.4,45.4,80.3,40.2,45.4,41.0,133.0
2021-11-15 20:00:00,6.4,45.4,78.9,40.0,44.9,40.7,131.0
2021-11-15 21:00:00,7.2,45.0,79.5,40.0,45.1,40.8,130.0
2021-11-15 22:00:00,7.4,45.0,77.3,39.4,39.5,39.9,115.0
2021-11-15 23:00:00,5.4,45.9,67.4,37.5,33.1,33.1,0.0
2021-11-16 00:00:00,4.5,46.2,62.9,35.3,29.9,29.1,0.0
2021-11-16 01:00:00,4.4,46.3,58.6,33.4,27.0,26.6,0.0
2021-11-16 02:00:00,4.1,46.5,54.7,31.7,26.3,25.9,0.0
2021-11-16 03:00:00,3.8,46.6,51.3,30.3,25.8,25.6,0.0
2021-11-16 04:00:00,5.7,45.7,48.3,29.1,24.9,24.3,0.0
2021-11-16 05:00:00,5.9,45.6,45.6,28.2,24.1,23.8,0.0
2021-11-16 06:00:00,5.7,45.7,44.9,39.2,28.2,26.2,0.0
2021-11-16 07:00:00,6.1,45.5,79.6,40.5,46.1,41.2,220.0
2021-11-16 08:00:00,6.7,45.3,77.4,40.3,45.5,41.0,145.0
2021-11-16 09:00:00,6.9,45.2,76.2,40.1,45.3,40.7,136.0
2021-11-16 10:00:00,7.7,44.8,74.9,39.8,44.9,40.5,133.0
2021-11-16 11:00:00,8.9,49.1,72.9,37.6,45.3,35.1,87.0
2021-11-16 12:00:00,9.2,43.6,72.2,39.2,43.3,40.0,142.0
2021-11-16 13:00:00,8.9,43.8,72.2,38.9,43.8,39.7,118.0
2021-11-16 14:00:00,9.2,43.6,72.1,39.3,44.1,40.0,125.0
2021-11-16 15:00:00,8.8,43.8,73.1,39.5,44.4,40.2,125.0
2021-11-16 16:00:00,8.8,43.8,75.0,39.7,44.7,40.4,129.0
2021-11-16 17:00:00,7.8,44.4,75.4,39.6,44.5,40.4,126.0
2021-11-16 18:00:00,8.3,44.2,75.7,39.5,44.4,40.3,127.0
2021-11-16 19:00:00,7.8,44.4,74.9,39.4,44.2,40.2,123.0
2021-11-16 20:00:00,8.2,44.2,75.2,39.4,44.2,40.3,123.0
2021-11-16 21:00:00,8.3,44.1,74.4,39.1,43.9,39.9,118.0
2021-11-16 22:00:00,8.2,44.2,73.0,38.8,39.1,39.5,111.0
2021-11-16 23:00:00,8.2,44.2,68.1,37.1,32.9,32.8,0.0
2021-11-17 00:00:00,8.1,44.2,63.0,35.2,30.2,29.2,0.0
2021-11-17 01:00:00,8.2,44.2,58.4,33.5,27.0,26.7,0.0
2021-11-17 02:00:00,7.9,44.3,54.4,32.2,26.6,26.2,0.0
2021-11-17 03:00:00,8.0,44.3,51.0,30.9,25.9,25.5,0.0
2021-11-17 04:00:00,7.8,44.4,48.0,29.8,25.1,24.6,0.0
2021-11-17 05:00:00,7.8,44.4,50.9,31.0,24.4,24.1,0.0
2021-11-17 06:00:00,7.8,44.4,77.7,39.4,44.9,40.2,203.0
2021-11-17 07:00:00,7.9,44.3,78.1,39.6,44.8,40.3,139.0
2021-11-17 08:00:00,8.2,44.2,76.6,39.7,44.4,40.5,133.0
2021-11-17 09:00:00,8.5,44.1,75.1,39.0,43.5,39.8,121.0
2021-11-17 10:00:00,8.8,43.8,75.0,38.9,43.8,39.7,121.0
2021-11-17 11:00:00,9.4,43.5,73.0,38.7,43.3,39.5,120.0
2021-11-17 12:00:00,9.8,43.2,72.3,38.6,43.2,39.4,117.0
2021-11-17 13:00:00,10.0,43.1,71.4,38.4,42.9,39.2,114.0
2021-11-17 14:00:00,10.3,43.0,64.4,37.1,33.3,32.8,0.0
2021-11-17 15:00:00,10.1,43.1,60.0,34.9,31.7,30.8,0.0
2021-11-17 16:00:00,9.4,43.5,68.8,27.7,36.7,29.3,35.0
2021-11-17 17:00:00,8.5,45.4,75.6,40.7,45.9,41.1,189.0
2021-11-17 18:00:00,8.5,45.4,76.5,40.6,45.7,41.2,140.0
2021-11-17 19:00:00,8.0,45.6,77.9,40.8,46.1,41.5,139.0
2021-11-17 20:00:00,7.3,45.9,78.2,40.4,45.7,41.1,132.0
2021-11-17 21:00:00,7.3,45.9,79.5,40.7,46.1,41.4,137.0
2021-11-17 22:00:00,6.3,46.3,78.3,40.6,40.1,40.4,118.0
2021-11-17 23:00:00,7.1,46.0,69.7,38.5,34.6,33.7,0.0
2021-11-18 00:00:00,7.5,45.8,64.9,36.1,30.4,29.6,0.0
2021-11-18 01:00:00,7.3,45.9,60.4,34.0,27.9,27.2,0.0
2021-11-18 02:00:00,6.4,46.3,56.3,32.3,26.7,26.1,0.0
2021-11-18 03:00:00,6.8,46.2,52.7,30.9,26.0,25.5,0.0
2021-11-18 04:00:00,7.0,46.1,49.6,29.8,25.4,25.1,0.0
2021-11-18 05:00:00,7.1,46.0,55.4,34.9,26.8,25.6,0.0
2021-11-18 06:00:00,7.3,45.9,79.3,32.4,43.2,33.7,83.0
2021-11-18 07:00:00,7.3,45.9,79.0,40.6,45.9,41.2,194.0
2021-11-18 08:00:00,7.3,45.9,78.9,40.5,46.0,41.2,142.0
2021-11-18 09:00:00,7.1,46.0,78.8,40.7,46.2,41.3,143.0
2021-11-18 10:00:00,7.4,45.9,79.0,40.9,46.2,41.4,141.0
2021-11-18 11:00:00,7.5,45.8,78.1,41.0,46.3,41.6,146.0
2021-11-18 12:00:00,7.3,46.0,76.6,40.6,45.6,41.3,138.0
2021-11-18 13:00:00,8.1,45.6,76.8,40.1,45.2,40.8,130.0
2021-11-18 14:00:00,7.5,45.8,77.7,40.5,45.7,41.2,134.0
2021-11-18 15:00:00,7.2,46.0,77.8,40.7,45.9,41.3,141.0
2021-11-18 16:00:00,6.5,46.3,78.8,40.9,46.3,41.5,140.0
2021-11-18 17:00:00,6.5,46.3,79.3,41.1,46.5,41.8,141.0
2021-11-18 18:00:00,6.9,46.1,79.0,41.2,46.7,41.8,141.0
2021-11-18 19:00:00,7.2,46.0,79.2,41.2,46.6,41.9,141.0
2021-11-18 20:00:00,7.3,45.9,77.0,41.0,46.1,41.7,137.0
2021-11-18 21:00:00,7.3,45.9,77.2,40.8,45.9,41.5,135.0
2021-11-18 22:00:00,7.0,46.1,76.4,40.4,40.2,40.6,121.0
2021-11-18 23:00:00,7.6,45.8,70.6,38.4,33.7,33.6,0.0
2021-11-19 00:00:00,6.6,46.2,65.3,36.2,30.5,29.6,0.0
2021-11-19 01:00:00,7.1,46.0,60.4,34.4,27.7,27.1,0.0
2021-11-19 02:00:00,7.0,46.0,56.2,32.8,26.7,26.0,0.0
2021-11-19 03:00:00,6.8,46.2,52.5,31.4,25.6,25.1,0.0
2021-11-19 04:00:00,6.9,46.1,49.3,30.2,24.9,24.6,0.0
2021-11-19 05:00:00,6.3,46.4,46.6,29.1,24.7,24.3,0.0
2021-11-19 06:00:00,7.0,45.3,62.6,27.9,36.9,26.6,0.0
2021-11-19 07:00:00,7.6,45.1,78.9,40.0,45.6,40.7,213.0
2021-11-19 08:00:00,7.5,45.2,78.0,40.1,45.6,40.9,142.0
2021-11-19 09:00:00,7.1,45.3,78.6,40.3,45.7,41.0,144.0
2021-11-19 10:00:00,7.5,45.1,77.7,40.5,45.7,41.1,140.0
2021-11-19 11:00:00,7.3,45.2,76.7,40.4,45.5,41.0,136.0
2021-11-19 12:00:00,7.8,45.0,74.3,39.9,44.8,40.6,131.0
2021-11-19 13:00:00,8.2,44.9,74.3,39.5,44.4,40.2,127.0
2021-11-19 14:00:00,7.9,45.0,74.7,39.7,44.9,40.4,129.0
2021-11-19 15:00:00,8.6,44.7,74.7,40.0,45.1,40.7,133.0
2021-11-19 16:00:00,8.8,44.7,75.1,40.1,45.2,40.9,133.0
2021-11-19 17:00:00,8.9,44.6,77.7,40.3,45.5,41.0,134.0
2021-11-19 18:00:00,8.5,44.8,77.1,40.2,45.2,41.0,129.0
2021-11-19 19:00:00,7.9,45.0,75.4,39.5,44.4,40.3,124.0
2021-11-19 20:00:00,8.4,44.8,76.2,39.8,44.8,40.5,126.0
2021-11-19 21:00:00,8.7,44.7,75.9,39.9,44.8,40.6,127.0
2021-11-19 22:00:00,7.7,45.1,72.3,38.9,33.2,33.6,41.0
2021-11-19 23:00:00,8.3,44.9,66.7,36.7,32.6,32.1,0.0
2021-11-20 00:00:00,8.8,44.7,61.7,34.9,29.3,28.4,0.0
2021-11-20 01:00:00,8.6,44.8,57.3,33.5,27.2,26.6,0.0
2021-11-20 02:00:00,7.9,45.0,53.6,32.0,26.5,25.9,0.0
2021-11-20 03:00:00,8.4,44.8,50.3,30.8,25.9,25.4,0.0
2021-11-20 04:00:00,8.7,44.7,47.5,29.8,25.2,24.9,0.0
2021-11-20 05:00:00,8.6,44.8,45.0,28.9,25.0,24.6,0.0
2021-11-20 06:00:00,8.5,44.8,42.7,28.0,24.6,24.3,0.0
2021-11-20 07:00:00,7.3,45.2,78.9,39.3,46.1,39.7,192.0
2021-11-20 08:00:00,8.3,44.9,77.8,40.1,45.4,40.8,145.0
2021-11-20 09:00:00,7.9,45.0,76.7,40.0,45.2,40.7,133.0
2021-11-20 10:00:00,9.1,44.6,74.8,40.0,44.9,40.7,135.0
2021-11-20 11:00:00,9.5,44.5,73.8,39.7,44.6,40.5,127.0
2021-11-20 12:00:00,10.3,44.2,73.1,40.0,44.9,40.7,127.0
2021-11-20 13:00:00,10.5,44.1,42.0,38.9,33.3,33.4,0.0
2021-11-20 14:00:00,10.8,44.0,34.7,37.3,34.3,29.3,0.0
2021-11-20 15:00:00,10.8,44.0,33.3,36.2,27.8,27.0,0.0
2021-11-20 16:00:00,11.0,44.0,72.7,36.5,43.8,36.8,119.0
2021-11-20 17:00:00,10.4,44.1,69.2,39.7,44.1,40.3,148.0
2021-11-20 18:00:00,9.9,45.6,74.7,40.3,45.5,40.9,133.0
2021-11-20 19:00:00,8.0,46.1,75.8,41.0,46.1,41.6,140.0
2021-11-20 20:00:00,7.2,46.3,78.1,41.5,47.0,42.1,144.0
2021-11-20 21:00:00,7.0,45.1,76.8,41.0,45.2,41.8,134.0
2021-11-20 22:00:00,7.4,45.1,75.4,39.6,40.3,40.3,113.0
2021-11-20 23:00:00,8.2,44.9,70.0,37.8,33.3,33.4,0.0
2021-11-21 00:00:00,7.7,45.0,64.7,35.7,31.1,30.4,0.0
2021-11-21 01:00:00,7.4,45.1,59.8,34.1,27.8,27.2,0.0
2021-11-21 02:00:00,6.3,45.2,55.7,32.4,26.7,26.4,0.0
2021-11-21 03:00:00,5.0,45.5,52.0,31.0,26.0,25.7,0.0
2021-11-21 04:00:00,5.0,45.5,48.8,29.7,25.4,24.9,0.0
2021-11-21 05:00:00,3.9,46.4,46.0,28.7,24.7,24.6,0.0
2021-11-21 06:00:00,3.1,47.9,50.9,31.2,33.4,24.5,0.0
2021-11-21 07:00:00,2.9,48.2,85.0,42.1,49.1,42.5,245.0
2021-11-21 08:00:00,4.1,47.3,82.4,42.3,48.0,42.9,169.0
2021-11-21 09:00:00,3.7,47.5,81.5,41.8,47.5,42.4,151.0
2021-11-21 10:00:00,4.6,45.7,77.1,40.5,45.3,41.1,139.0
2021-11-21 11:00:00,6.2,45.3,75.8,40.1,45.3,40.7,128.0
2021-11-21 12:00:00,8.2,45.2,71.8,39.8,44.5,40.5,130.0
2021-11-21 13:00:00,9.3,45.2,55.0,40.1,38.1,38.6,103.0
2021-11-21 14:00:00,10.2,45.1,33.5,37.6,32.3,32.5,0.0
2021-11-21 15:00:00,11.4,45.1,33.2,33.1,30.1,29.4,0.0
2021-11-21 16:00:00,10.5,45.1,32.7,31.8,27.0,26.5,0.0
2021-11-21 17:00:00,8.8,45.0,55.4,35.0,39.2,35.7,128.0
2021-11-21 18:00:00,8.2,45.4,72.4,40.6,45.5,41.2,167.0
2021-11-21 19:00:00,7.6,45.8,73.5,40.8,45.8,41.4,139.0
2021-11-21 20:00:00,6.1,46.7,74.8,41.1,46.3,41.7,141.0
2021-11-21 21:00:00,5.5,47.1,76.8,41.7,47.2,42.2,147.0
2021-11-21 22:00:00,5.7,46.9,75.8,41.9,42.3,42.5,142.0
2021-11-21 23:00:00,4.7,47.5,70.6,39.4,34.2,34.3,0.0
2021-11-22 00:00:00,5.6,47.0,65.2,36.8,31.6,30.9,0.0
2021-11-22 01:00:00,5.1,47.3,60.3,34.6,28.1,27.3,0.0
2021-11-22 02:00:00,3.8,48.1,56.0,32.8,26.4,26.0,0.0
2021-11-22 03:00:00,3.8,48.1,52.2,31.2,25.7,25.5,0.0
2021-11-22 04:00:00,3.5,48.3,49.0,29.9,25.2,24.9,0.0
2021-11-22 05:00:00,3.8,48.1,46.1,28.7,24.6,24.4,0.0
2021-11-22 06:00:00,3.2,48.5,65.5,27.3,33.9,26.4,0.0
2021-11-22 07:00:00,5.5,45.7,78.6,40.7,46.3,41.4,217.0
2021-11-22 08:00:00,6.4,45.4,77.6,40.6,46.0,41.2,145.0
2021-11-22 09:00:00,7.5,44.8,74.1,39.9,44.8,40.5,133.0
2021-11-22 10:00:00,8.4,44.4,71.2,39.2,44.1,39.8,123.0
2021-11-22 11:00:00,9.0,44.2,68.7,38.9,43.5,39.6,122.0
2021-11-22 12:00:00,9.5,44.0,67.7,39.2,43.9,39.8,123.0
2021-11-22 13:00:00,10.1,43.7,66.8,39.1,43.7,39.8,123.0
2021-11-22 14:00:00,10.5,43.5,66.5,39.2,43.7,39.8,122.0
2021-11-22 15:00:00,10.4,43.6,67.6,39.2,43.8,39.8,122.0
2021-11-22 16:00:00,10.2,43.6,69.9,39.6,44.2,40.1,126.0
2021-11-22 17:00:00,10.1,43.7,70.3,39.3,44.0,40.0,121.0
2021-11-22 18:00:00,9.4,44.0,71.3,39.4,44.1,40.1,122.0
2021-11-22 19:00:00,9.9,43.8,71.3,39.5,44.0,40.2,122.0
2021-11-22 20:00:00,9.6,44.4,68.8,39.4,43.7,40.0,121.0
2021-11-22 21:00:00,9.0,44.7,70.1,39.4,44.2,40.1,121.0
2021-11-22 22:00:00,8.8,44.8,69.8,40.2,40.4,40.7,125.0
2021-11-22 23:00:00,9.4,44.5,65.4,38.3,33.5,33.5,0.0
2021-11-23 00:00:00,8.0,45.3,60.8,36.1,31.3,30.4,0.0
2021-11-23 01:00:00,7.5,45.6,56.6,34.3,27.8,27.3,0.0
2021-11-23 02:00:00,7.4,45.6,52.9,33.5,27.6,26.3,0.0
2021-11-23 03:00:00,6.1,46.4,49.7,31.4,26.2,25.7,0.0
2021-11-23 04:00:00,6.6,46.1,46.9,30.2,25.4,25.3,0.0
2021-11-23 05:00:00,6.4,46.2,52.6,48.1,30.9,24.5,0.0
2021-11-23 06:00:00,6.2,45.4,75.7,39.9,46.3,40.1,205.0
2021-11-23 07:00:00,6.4,45.3,75.2,40.5,45.8,41.1,147.0
2021-11-23 08:00:00,6.3,45.4,74.9,40.7,46.0,41.3,143.0
2021-11-23 09:00:00,6.7,45.2,74.6,40.3,45.4,40.9,136.0
2021-11-23 10:00:00,6.7,45.2,74.9,40.4,45.5,41.0,136.0
2021-11-23 11:00:00,6.3,45.4,75.2,40.3,45.4,40.9,135.0
2021-11-23 12:00:00,6.3,45.4,75.0,40.4,45.6,41.1,134.0
2021-11-23 13:00:00,6.7,45.2,74.9,40.4,45.4,41.0,135.0
2021-11-23 14:00:00,5.8,45.6,74.8,40.4,45.6,41.1,135.0
2021-11-23 15:00:00,6.6,45.2,74.9,40.6,45.7,41.2,135.0
2021-11-23 16:00:00,6.4,45.3,75.1,40.6,45.7,41.2,136.0
2021-11-23 17:00:00,6.2,45.4,75.2,40.7,45.9,41.4,135.0
2021-11-23 18:00:00,5.7,45.6,76.3,41.0,46.2,41.5,138.0
2021-11-23 19:00:00,6.4,45.3,74.8,40.8,45.6,41.4,134.0
2021-11-23 20:00:00,6.1,45.4,73.8,40.1,44.9,40.8,125.0
2021-11-23 21:00:00,5.6,45.7,73.2,40.2,45.1,40.9,130.0
2021-11-23 22:00:00,5.9,45.6,72.5,40.1,40.8,40.8,123.0
2021-11-23 23:00:00,5.2,45.9,68.0,38.1,33.8,33.7,0.0
2021-11-24 00:00:00,5.3,45.8,62.8,35.9,31.1,30.0,0.0
2021-11-24 01:00:00,5.0,46.0,58.3,34.2,27.4,26.9,0.0
2021-11-24 02:00:00,4.4,46.4,54.5,32.6,26.8,26.5,0.0
2021-11-24 03:00:00,4.6,46.3,50.8,31.0,26.1,25.6,0.0
2021-11-24 04:00:00,4.3,46.5,47.8,29.7,25.3,24.8,0.0
2021-11-24 05:00:00,4.4,46.4,44.8,28.7,24.4,23.7,0.0
2021-11-24 06:00:00,4.1,46.7,77.5,32.3,41.9,32.3,77.0
2021-11-24 07:00:00,3.8,47.1,81.9,41.7,47.5,42.3,210.0
2021-11-24 08:00:00,3.3,47.2,81.6,41.4,47.2,42.1,156.0
2021-11-24 09:00:00,4.1,46.6,80.3,41.1,46.6,41.7,150.0
2021-11-24 10:00:00,4.8,46.0,78.0,40.5,45.8,41.2,140.0
2021-11-24 11:00:00,6.0,45.6,76.5,40.4,45.5,41.0,136.0
2021-11-24 12:00:00,6.4,45.6,74.6,40.0,45.2,40.6,130.0
2021-11-24 13:00:00,6.6,44.3,74.2,40.1,44.8,40.8,133.0
2021-11-24 14:00:00,7.3,44.1,77.9,39.7,44.7,40.5,123.0
2021-11-24 15:00:00,7.3,44.1,76.6,39.4,44.3,40.2,125.0
2021-11-24 16:00:00,7.5,44.0,78.5,39.4,44.4,40.2,124.0
2021-11-24 17:00:00,8.1,43.9,78.5,39.4,44.2,40.3,127.0
2021-11-24 18:00:00,7.8,43.9,78.7,39.1,43.8,40.0,119.0
2021-11-24 19:00:00,6.9,45.8,78.6,39.5,45.1,40.2,124.0
2021-11-24 20:00:00,6.6,46.0,76.5,41.3,46.4,42.0,144.0
2021-11-24 21:00:00,6.6,46.0,78.0,41.3,46.1,41.9,137.0
2021-11-24 22:00:00,7.1,45.7,78.2,40.4,45.5,41.2,126.0
2021-11-24 23:00:00,7.3,45.6,72.9,38.6,34.0,33.9,0.0
2021-11-25 00:00:00,7.0,45.8,67.9,36.7,32.2,31.4,0.0
2021-11-25 01:00:00,6.8,45.9,61.9,34.8,28.0,27.2,0.0
2021-11-25 02:00:00,7.3,45.6,57.6,33.0,26.9,26.4,0.0
2021-11-25 03:00:00,7.6,45.4,53.8,31.6,26.3,25.8,0.0
2021-11-25 04:00:00,6.4,46.1,50.5,30.3,25.7,25.2,0.0
2021-11-25 05:00:00,6.6,46.0,47.6,29.3,25.0,24.6,0.0
2021-11-25 06:00:00,6.8,45.9,79.5,32.8,37.0,32.5,87.0
2021-11-25 07:00:00,6.8,45.9,79.2,40.9,46.1,41.5,183.0
2021-11-25 08:00:00,7.0,45.8,77.8,40.7,46.0,41.4,144.0
2021-11-25 09:00:00,7.4,45.6,77.6,40.8,46.1,41.5,141.0
2021-11-25 10:00:00,8.1,45.2,76.8,40.4,45.6,41.2,134.0
2021-11-25 11:00:00,8.6,44.9,75.1,40.1,45.1,40.9,131.0
2021-11-25 12:00:00,9.2,44.6,73.5,39.9,44.7,40.5,126.0
2021-11-25 13:00:00,9.4,44.5,72.8,39.7,44.4,40.5,123.0
2021-11-25 14:00:00,9.6,42.8,73.0,37.9,42.2,38.8,101.0
2021-11-25 15:00:00,9.1,43.2,73.1,38.0,42.7,39.0,110.0
2021-11-25 16:00:00,8.5,43.6,75.0,38.5,43.5,39.5,115.0
2021-11-25 17:00:00,7.9,43.9,76.6,39.3,44.3,40.1,124.0
2021-11-25 18:00:00,7.2,44.4,77.6,39.7,44.5,40.6,127.0
2021-11-25 19:00:00,7.4,44.3,78.2,39.7,44.6,40.5,124.0
2021-11-25 20:00:00,7.1,44.5,77.7,39.5,44.3,40.3,120.0
2021-11-25 21:00:00,7.2,45.2,76.8,39.6,45.0,40.4,123.0
2021-11-25 22:00:00,6.8,45.5,77.8,40.6,40.6,41.1,128.0
2021-11-25 23:00:00,6.5,45.7,69.8,38.6,34.4,33.8,0.0
2021-11-26 00:00:00,6.4,45.8,65.5,35.9,30.5,29.0,0.0
2021-11-26 01:00:00,6.2,45.9,61.1,33.9,27.8,27.1,0.0
2021-11-26 02:00:00,5.8,46.2,57.0,32.2,27.1,26.6,0.0
2021-11-26 03:00:00,5.7,46.3,53.4,30.8,26.1,25.6,0.0
2021-11-26 04:00:00,5.3,46.6,50.2,29.6,25.4,25.0,0.0
2021-11-26 05:00:00,5.5,46.5,68.7,29.1,33.4,28.3,48.0
2021-11-26 06:00:00,5.5,46.5,79.7,41.4,47.2,41.8,209.0
2021-11-26 07:00:00,5.9,46.2,80.1,41.2,46.5,41.9,149.0
2021-11-26 08:00:00,6.0,46.1,78.9,41.2,46.5,41.8,143.0
2021-11-26 09:00:00,5.9,46.1,77.7,41.0,46.2,41.7,141.0
2021-11-26 10:00:00,5.8,46.2,78.4,41.1,46.1,41.8,140.0
2021-11-26 11:00:00,5.7,46.3,80.3,41.1,46.7,41.7,141.0
2021-11-26 12:00:00,5.7,46.3,79.4,41.4,46.8,41.9,144.0
2021-11-26 13:00:00,6.7,45.5,78.2,40.4,44.9,41.2,132.0
2021-11-26 14:00:00,7.4,45.0,78.8,40.2,45.4,40.9,128.0
2021-11-26 15:00:00,8.2,44.4,76.1,40.1,44.5,40.8,130.0
2021-11-26 16:00:00,8.3,44.3,77.9,39.6,44.6,40.4,123.0
2021-11-26 17:00:00,8.5,44.2,77.6,39.6,44.4,40.5,124.0
2021-11-26 18:00:00,8.7,44.0,77.7,39.2,44.1,40.1,117.0
2021-11-26 19:00:00,8.3,44.3,75.4,39.1,43.7,39.8,117.0
2021-11-26 20:00:00,8.3,44.3,75.1,39.1,43.9,40.0,118.0
2021-11-26 21:00:00,8.2,44.4,76.8,40.2,45.5,40.9,130.0
2021-11-26 22:00:00,8.3,44.3,74.7,39.4,38.9,39.3,105.0
2021-11-26 23:00:00,9.0,43.8,69.7,37.6,33.5,33.4,0.0
2021-11-27 00:00:00,9.3,43.6,64.6,35.8,30.8,29.7,0.0
2021-11-27 01:00:00,9.5,43.4,61.1,34.5,28.2,27.3,0.0
2021-11-27 02:00:00,9.7,43.2,57.0,33.0,26.8,26.4,0.0
2021-11-27 03:00:00,9.3,43.6,53.3,31.6,26.2,25.8,0.0
2021-11-27 04:00:00,9.8,43.2,50.2,30.4,25.8,25.5,0.0
2021-11-27 05:00:00,9.7,43.2,47.4,29.4,25.4,25.0,0.0
2021-11-27 06:00:00,9.6,43.3,62.2,26.0,30.3,26.2,0.0
2021-11-27 07:00:00,9.9,43.1,74.8,38.8,43.8,39.6,182.0
2021-11-27 08:00:00,10.0,43.0,73.1,38.2,42.9,39.0,116.0
2021-11-27 09:00:00,10.7,42.5,71.8,38.1,42.6,39.0,111.0
2021-11-27 10:00:00,11.4,41.9,33.4,38.8,33.8,34.0,54.0
2021-11-27 11:00:00,11.8,41.6,33.0,37.2,32.0,32.0,0.0
2021-11-27 12:00:00,11.9,41.6,60.7,28.6,29.7,30.1,0.0
2021-11-27 13:00:00,12.3,41.3,56.4,28.3,28.4,28.3,0.0
2021-11-27 14:00:00,12.1,41.4,54.3,27.6,30.0,27.5,0.0
2021-11-27 15:00:00,12.6,41.0,51.7,27.0,27.0,25.2,0.0
2021-11-27 16:00:00,12.3,41.3,49.4,26.6,26.5,25.0,0.0
2021-11-27 17:00:00,11.5,41.9,48.5,25.9,25.6,24.9,0.0
2021-11-27 18:00:00,10.2,47.1,74.6,37.1,45.2,37.1,157.0
2021-11-27 19:00:00,10.0,47.2,72.2,42.0,46.9,42.4,176.0
2021-11-27 20:00:00,9.1,47.6,73.7,42.0,47.5,42.4,148.0
2021-11-27 21:00:00,9.3,47.6,74.7,42.8,48.4,43.0,155.0
2021-11-27 22:00:00,9.1,47.7,69.3,38.9,39.5,34.6,0.0
2021-11-27 23:00:00,9.4,47.5,64.6,35.4,32.3,30.5,0.0
2021-11-28 00:00:00,9.5,47.5,60.2,33.5,28.5,28.0,0.0
2021-11-28 01:00:00,9.6,47.4,56.2,32.1,27.7,27.3,0.0
2021-11-28 02:00:00,9.4,47.5,52.6,30.8,26.9,26.2,0.0
2021-11-28 03:00:00,9.4,47.5,49.5,29.7,25.9,25.4,0.0
2021-11-28 04:00:00,9.0,47.7,46.9,28.8,25.9,25.0,0.0
2021-11-28 05:00:00,8.5,48.0,49.0,27.7,28.2,24.6,0.0
2021-11-28 06:00:00,9.0,47.7,49.9,24.9,29.6,24.2,0.0
2021-11-28 07:00:00,9.8,47.3,76.0,39.7,46.8,39.8,195.0
2021-11-28 08:00:00,10.6,46.8,71.5,41.9,46.8,42.2,163.0
2021-11-28 09:00:00,11.0,46.6,71.3,41.7,46.8,42.1,142.0
2021-11-28 10:00:00,11.8,46.2,69.3,41.6,46.5,41.9,139.0
2021-11-28 11:00:00,12.4,45.8,54.6,39.0,41.7,39.6,98.0
2021-11-28 12:00:00,12.6,45.7,55.6,37.4,33.4,32.8,0.0
2021-11-28 13:00:00,12.9,45.6,52.5,35.3,31.4,30.2,0.0
2021-11-28 14:00:00,13.1,45.5,49.6,33.6,27.4,26.7,0.0
2021-11-28 15:00:00,13.4,45.3,47.2,32.1,26.5,26.3,0.0
2021-11-28 16:00:00,13.3,43.5,79.0,29.2,36.0,29.6,45.0
2021-11-28 17:00:00,12.9,43.9,71.5,39.3,44.2,40.1,170.0
2021-11-28 18:00:00,11.8,44.7,69.7,39.9,45.0,40.4,123.0
2021-11-28 19:00:00,11.4,45.0,71.3,40.2,44.8,40.9,128.0
2021-11-28 20:00:00,11.7,44.8,69.9,39.8,44.2,40.5,117.0
2021-11-28 21:00:00,11.9,44.6,69.9,40.1,44.8,40.7,122.0
2021-11-28 22:00:00,11.8,44.6,68.4,40.1,40.3,40.5,113.0
2021-11-28 23:00:00,11.6,44.8,64.4,38.2,34.0,33.8,0.0
2021-11-29 00:00:00,11.1,45.2,60.0,36.2,31.6,30.9,0.0
2021-11-29 01:00:00,11.4,45.0,56.1,34.5,28.5,27.9,0.0
2021-11-29 02:00:00,11.2,45.1,52.7,33.0,27.2,26.7,0.0
2021-11-29 03:00:00,10.6,45.6,49.6,32.0,26.6,26.2,0.0
2021-11-29 04:00:00,10.5,45.7,47.0,30.7,26.0,25.8,0.0
2021-11-29 05:00:00,7.8,47.9,44.5,29.7,25.6,25.5,0.0
2021-11-29 06:00:00,7.5,45.8,76.7,27.6,38.2,28.5,36.0
2021-11-29 07:00:00,8.4,45.4,78.8,40.7,45.8,41.5,203.0
2021-11-29 08:00:00,7.9,45.7,78.5,40.3,45.4,41.1,131.0
2021-11-29 09:00:00,7.7,45.8,78.3,40.7,45.8,41.4,133.0
2021-11-29 10:00:00,8.8,45.3,77.8,40.7,45.8,41.4,132.0
2021-11-29 11:00:00,9.0,45.2,77.8,40.8,45.9,41.5,132.0
2021-11-29 12:00:00,8.6,45.4,76.4,40.0,44.8,40.7,122.0
2021-11-29 13:00:00,8.1,45.6,74.9,40.1,44.9,40.9,121.0
2021-11-29 14:00:00,7.3,45.9,77.8,41.0,46.2,41.7,136.0
2021-11-29 15:00:00,7.3,45.9,79.4,41.1,46.2,41.9,134.0
2021-11-29 16:00:00,7.3,45.9,76.9,40.6,45.4,41.4,125.0
2021-11-29 17:00:00,7.2,46.0,74.9,40.7,45.6,41.4,126.0
2021-11-29 18:00:00,8.0,45.6,75.5,40.8,45.7,41.4,128.0
2021-11-29 19:00:00,7.6,45.8,76.5,41.2,46.4,41.9,135.0
2021-11-29 20:00:00,6.1,46.5,77.4,41.3,46.4,41.9,133.0
2021-11-29 21:00:00,5.4,46.8,80.2,42.0,47.5,42.6,144.0
2021-11-29 22:00:00,5.2,46.9,79.0,41.7,45.6,42.3,135.0
2021-11-29 23:00:00,3.8,47.8,73.0,39.5,34.6,34.6,0.0
2021-11-30 00:00:00,2.8,48.5,67.1,37.2,31.6,30.5,0.0
2021-11-30 01:00:00,2.4,48.8,61.9,35.0,28.6,28.4,0.0
2021-11-30 02:00:00,1.5,49.4,57.6,33.1,28.1,27.3,0.0
2021-11-30 03:00:00,1.2,49.6,53.7,31.5,26.4,25.7,0.0
2021-11-30 04:00:00,2.0,49.1,50.4,30.2,25.5,25.0,0.0
2021-11-30 05:00:00,2.4,48.8,24.2,34.2,24.9,24.5,0.0
2021-11-30 06:00:00,2.6,48.6,75.5,33.2,43.2,33.4,82.0
2021-11-30 07:00:00,2.2,48.9,84.3,43.0,49.4,43.4,218.0
2021-11-30 08:00:00,2.1,49.0,85.3,42.7,48.7,43.3,165.0
2021-11-30 09:00:00,2.0,49.1,85.3,42.7,48.7,43.3,162.0
2021-11-30 10:00:00,2.7,48.6,84.3,42.7,48.7,43.3,161.0
2021-11-30 11:00:00,2.5,48.7,84.2,43.0,48.8,43.5,163.0
2021-11-30 12:00:00,2.6,48.6,83.7,43.0,48.9,43.5,158.0
2021-11-30 13:00:00,2.9,47.2,83.6,42.4,47.1,43.1,158.0
2021-11-30 14:00:00,3.9,46.6,83.4,41.4,47.1,42.2,140.0
2021-11-30 15:00:00,3.5,46.9,83.6,41.7,47.3,42.3,146.0
2021-11-30 16:00:00,3.5,46.9,83.2,41.7,47.1,42.4,146.0
2021-11-30 17:00:00,4.0,46.5,83.9,41.7,47.3,42.4,146.0
2021-11-30 18:00:00,3.9,46.6,84.3,41.2,46.5,42.0,139.0
2021-11-30 19:00:00,3.3,46.9,84.7,41.2,46.6,41.9,139.0
2021-11-30 20:00:00,2.0,47.8,84.6,41.9,47.6,42.7,151.0
2021-11-30 21:00:00,2.2,47.6,85.5,42.1,47.9,42.8,150.0
2021-11-30 22:00:00,1.6,48.1,81.2,41.0,34.5,35.1,57.0
2021-11-30 23:00:00,1.8,47.9,74.5,38.1,33.0,32.2,0.0
2021-12-01 00:00:00,0.7,48.5,68.1,35.6,28.6,27.8,0.0
2021-12-01 01:00:00,0.7,48.5,62.7,33.6,27.4,26.0,0.0
2021-12-01 02:00:00,1.8,47.9,61.9,31.5,29.9,24.9,0.0
2021-12-01 03:00:00,1.5,48.1,63.4,23.8,40.0,24.2,0.0
2021-12-01 04:00:00,2.4,47.5,68.7,24.8,49.8,26.9,0.0
2021-12-01 05:00:00,2.3,47.6,69.9,28.2,47.9,30.1,0.0
2021-12-01 06:00:00,2.3,47.5,51.6,27.5,34.2,29.0,50.0
2021-12-01 07:00:00,3.3,47.0,84.1,40.7,48.2,40.9,196.0
2021-12-01 08:00:00,3.5,46.8,83.8,41.6,47.5,42.2,165.0
2021-12-01 09:00:00,4.5,46.3,82.8,41.1,46.6,41.7,149.0
2021-12-01 10:00:00,5.4,45.8,80.5,40.6,45.9,41.3,143.0
2021-12-01 11:00:00,6.0,45.6,78.6,40.2,45.5,40.9,138.0
2021-12-01 12:00:00,6.9,44.5,77.8,39.5,44.4,40.3,130.0
2021-12-01 13:00:00,7.8,44.3,75.0,39.0,43.8,39.8,120.0
2021-12-01 14:00:00,8.4,44.2,73.5,39.0,43.7,39.9,123.0
2021-12-01 15:00:00,8.5,44.2,73.2,39.0,43.7,39.7,121.0
2021-12-01 16:00:00,8.4,44.2,74.9,39.2,44.2,40.0,125.0
2021-12-01 17:00:00,7.9,44.3,77.9,39.8,44.9,40.5,132.0
2021-12-01 18:00:00,7.7,44.4,78.0,39.7,44.8,40.5,129.0
2021-12-01 19:00:00,7.5,45.1,77.9,39.7,44.7,40.5,130.0
2021-12-01 20:00:00,7.6,45.1,76.5,39.6,44.7,40.4,127.0
2021-12-01 21:00:00,7.3,45.2,76.6,40.0,45.0,40.6,130.0
2021-12-01 22:00:00,7.8,45.0,77.1,39.9,40.3,40.6,123.0
2021-12-01 23:00:00,7.6,45.1,58.7,38.2,36.0,33.4,0.0
2021-12-02 00:00:00,6.0,45.6,60.5,33.2,33.6,29.5,0.0
2021-12-02 01:00:00,5.0,46.0,56.9,31.3,27.6,26.9,0.0
2021-12-02 02:00:00,3.8,47.1,52.8,29.9,26.9,26.4,0.0
2021-12-02 03:00:00,4.1,46.8,49.6,28.9,25.9,25.4,0.0
2021-12-02 04:00:00,3.5,47.3,46.4,28.1,24.9,24.6,0.0
2021-12-02 05:00:00,3.2,47.6,69.7,27.7,38.3,26.3,37.0
2021-12-02 06:00:00,1.8,48.8,85.2,42.8,49.5,43.1,236.0
2021-12-02 07:00:00,2.9,47.8,84.7,42.5,48.6,43.0,168.0
2021-12-02 08:00:00,3.6,47.2,84.7,42.3,48.0,42.9,162.0
2021-12-02 09:00:00,5.6,45.8,80.5,40.8,45.9,41.5,137.0
2021-12-02 10:00:00,7.0,45.3,77.8,39.7,44.8,40.5,127.0
2021-12-02 11:00:00,8.9,44.7,73.3,39.4,44.0,40.1,124.0
2021-12-02 12:00:00,9.6,44.4,71.8,39.2,39.5,39.8,115.0
2021-12-02 13:00:00,9.6,44.4,33.4,37.8,34.6,32.1,0.0
2021-12-02 14:00:00,9.7,44.4,35.2,37.0,31.6,29.1,0.0
2021-12-02 15:00:00,9.6,47.4,72.4,43.2,50.9,40.3,178.0
2021-12-02 16:00:00,9.7,47.3,74.6,51.2,57.2,48.9,261.0
2021-12-02 17:00:00,9.8,45.8,75.5,52.8,58.8,50.6,243.0
2021-12-02 18:00:00,9.8,45.8,73.7,39.6,45.3,39.5,102.0
2021-12-02 19:00:00,9.7,45.9,75.6,41.3,46.3,42.0,147.0
2021-12-02 20:00:00,9.8,45.8,74.4,40.7,45.6,41.3,127.0
2021-12-02 21:00:00,10.1,45.7,74.0,40.5,45.4,41.1,128.0
2021-12-02 22:00:00,10.0,45.8,74.1,40.4,45.6,41.0,130.0
2021-12-02 23:00:00,8.5,46.4,69.7,38.9,34.0,33.8,0.0
2021-12-03 00:00:00,10.1,45.7,64.7,36.8,31.1,30.0,0.0
2021-12-03 01:00:00,10.1,45.7,60.2,35.1,27.4,27.0,0.0
2021-12-03 02:00:00,10.5,45.5,56.1,34.1,26.9,26.3,0.0
2021-12-03 03:00:00,10.7,45.5,52.8,32.5,26.4,26.1,0.0
2021-12-03 04:00:00,10.4,45.6,49.8,31.4,25.9,25.5,0.0
2021-12-03 05:00:00,9.9,45.8,53.5,35.3,27.6,25.9,0.0
2021-12-03 06:00:00,9.6,45.9,74.6,29.1,34.0,29.2,40.0
2021-12-03 07:00:00,9.4,46.0,75.4,41.3,46.7,41.8,199.0
2021-12-03 08:00:00,9.0,46.2,75.1,41.2,46.6,41.8,143.0
2021-12-03 09:00:00,9.6,45.9,74.7,41.3,46.2,41.8,142.0
2021-12-03 10:00:00,9.9,45.8,74.1,41.3,46.4,41.8,146.0
2021-12-03 11:00:00,4.6,48.2,80.2,42.8,48.9,43.2,159.0
2021-12-03 12:00:00,3.9,48.8,82.1,43.2,49.1,43.6,161.0
2021-12-03 13:00:00,2.4,49.8,83.6,43.8,49.9,44.3,168.0
2021-12-03 14:00:00,3.5,48.9,83.7,43.3,48.9,43.8,156.0
2021-12-03 15:00:00,3.5,49.0,83.9,43.0,48.7,43.6,152.0
2021-12-03 16:00:00,3.6,48.9,81.3,42.7,48.5,43.2,154.0
2021-12-03 17:00:00,3.5,49.0,81.8,43.0,48.7,43.5,156.0
2021-12-03 18:00:00,3.4,49.1,85.0,43.6,49.6,44.0,161.0
2021-12-03 19:00:00,4.0,48.7,83.7,42.8,48.3,43.4,152.0
2021-12-03 20:00:00,4.4,48.4,83.4,42.3,48.0,43.0,148.0
2021-12-03 21:00:00,4.5,48.3,83.0,42.4,48.0,43.1,152.0
2021-12-03 22:00:00,4.9,48.0,83.2,42.5,48.2,43.1,151.0
2021-12-03 23:00:00,4.9,48.1,77.5,40.5,34.4,34.6,0.0
2021-12-04 00:00:00,4.8,48.1,70.8,37.8,31.9,31.0,0.0
2021-12-04 01:00:00,3.8,48.8,65.1,35.6,29.0,27.7,0.0
2021-12-04 02:00:00,4.9,48.0,60.1,33.7,27.2,26.3,0.0
2021-12-04 03:00:00,3.5,49.1,55.9,32.1,26.0,25.5,0.0
2021-12-04 04:00:00,3.9,48.7,52.2,30.7,25.3,24.9,0.0
2021-12-04 05:00:00,3.2,49.2,49.0,29.5,24.9,24.4,0.0
2021-12-04 06:00:00,3.9,48.7,66.2,32.8,39.6,33.9,105.0
2021-12-04 07:00:00,4.4,48.4,83.6,42.9,49.0,43.4,214.0
2021-12-04 08:00:00,3.8,48.8,83.8,42.5,48.5,43.1,162.0
2021-12-04 09:00:00,4.1,48.6,83.2,43.0,49.1,43.5,165.0
2021-12-04 10:00:00,4.4,48.4,81.1,42.5,48.3,43.0,162.0
2021-12-04 11:00:00,4.6,48.2,80.7,42.6,48.3,43.1,157.0
2021-12-04 12:00:00,5.1,47.9,79.7,42.4,48.0,42.8,155.0
2021-12-04 13:00:00,5.7,45.5,78.5,42.0,47.1,42.5,151.0
2021-12-04 14:00:00,5.8,45.4,77.5,39.8,45.2,40.6,120.0
2021-12-04 15:00:00,5.7,45.6,78.1,40.4,45.7,41.1,137.0
2021-12-04 16:00:00,5.6,45.6,79.8,40.8,46.1,41.5,140.0
2021-12-04 17:00:00,5.4,45.7,79.1,40.6,45.7,41.4,137.0
2021-12-04 18:00:00,5.3,45.8,80.5,40.6,46.0,41.4,137.0
2021-12-04 19:00:00,5.2,45.9,81.1,41.0,46.2,41.7,141.0
2021-12-04 20:00:00,4.9,46.0,81.7,41.0,46.5,41.8,140.0
2021-12-04 21:00:00,2.8,47.9,82.2,41.6,47.4,42.2,147.0
2021-12-04 22:00:00,2.5,48.2,83.8,42.1,42.5,42.9,148.0
2021-12-04 23:00:00,2.1,48.6,76.5,39.7,33.8,34.3,0.0
2021-12-05 00:00:00,2.2,48.5,70.1,37.0,30.9,30.1,0.0
2021-12-05 01:00:00,1.6,49.1,64.6,34.8,27.7,27.0,0.0
2021-12-05 02:00:00,1.9,48.7,59.6,33.0,26.3,25.6,0.0
2021-12-05 03:00:00,1.8,48.8,55.5,31.4,25.3,24.8,0.0
2021-12-05 04:00:00,1.8,48.8,51.8,30.1,24.5,24.2,0.0
2021-12-05 05:00:00,1.8,48.8,48.5,28.8,23.9,23.6,0.0
2021-12-05 06:00:00,1.9,47.5,72.6,27.6,38.3,25.6,37.0
2021-12-05 07:00:00,1.4,47.8,86.3,42.2,48.4,42.9,233.0
2021-12-05 08:00:00,1.8,47.6,84.8,41.3,47.3,42.0,156.0
2021-12-05 09:00:00,3.5,46.7,82.6,41.0,46.5,41.7,151.0
2021-12-05 10:00:00,5.0,46.0,79.9,40.6,45.8,41.2,145.0
2021-12-05 11:00:00,6.2,45.2,76.4,39.9,44.7,40.6,133.0
2021-12-05 12:00:00,7.3,44.4,71.7,39.2,43.8,39.8,125.0
2021-12-05 13:00:00,7.9,46.3,72.1,39.2,44.9,39.9,124.0
2021-12-05 14:00:00,8.5,46.2,72.8,41.5,46.7,41.9,156.0
2021-12-05 15:00:00,8.6,46.2,60.7,38.5,43.0,38.6,89.0
2021-12-05 16:00:00,8.6,46.2,73.8,41.5,46.6,42.0,115.0
2021-12-05 17:00:00,8.0,46.3,69.4,41.3,43.7,31.9,0.0
2021-12-05 18:00:00,7.9,46.3,77.0,41.4,46.8,41.9,201.0
2021-12-05 19:00:00,7.7,46.4,76.3,41.2,46.5,41.8,145.0
2021-12-05 20:00:00,7.8,46.3,76.9,39.3,44.4,40.0,130.0
2021-12-05 21:00:00,8.1,46.3,77.4,41.3,46.4,41.9,150.0
2021-12-05 22:00:00,8.2,46.3,76.6,40.8,41.9,41.4,133.0
2021-12-05 23:00:00,8.3,46.2,63.9,37.9,34.9,33.8,0.0
2021-12-06 00:00:00,8.2,46.2,59.7,35.1,31.5,30.4,0.0
2021-12-06 01:00:00,7.7,46.4,55.9,33.2,28.1,27.3,0.0
2021-12-06 02:00:00,8.3,46.2,52.7,31.5,27.0,26.7,0.0
2021-12-06 03:00:00,8.1,46.3,49.8,30.4,26.3,25.8,0.0
2021-12-06 04:00:00,7.6,46.4,46.9,29.4,25.5,24.9,0.0
2021-12-06 05:00:00,7.1,46.5,24.3,33.4,25.6,24.4,0.0
2021-12-06 06:00:00,6.8,48.0,79.6,31.7,40.4,32.6,74.0
2021-12-06 07:00:00,6.8,48.0,80.4,42.6,48.7,43.0,213.0
2021-12-06 08:00:00,6.7,48.0,79.8,42.5,48.2,42.9,160.0
2021-12-06 09:00:00,6.7,48.0,79.0,42.6,48.2,42.9,157.0
2021-12-06 10:00:00,7.0,47.9,78.9,42.7,48.3,43.1,156.0
2021-12-06 11:00:00,6.4,48.1,79.0,42.9,48.6,43.4,156.0
2021-12-06 12:00:00,5.0,48.4,80.9,43.3,49.2,43.7,158.0
2021-12-06 13:00:00,4.2,48.7,80.7,42.9,48.5,43.4,153.0
2021-12-06 14:00:00,3.5,48.8,83.0,43.2,49.1,43.6,158.0
2021-12-06 15:00:00,3.5,48.8,83.8,43.5,49.5,44.0,164.0
2021-12-06 16:00:00,3.8,48.8,83.4,43.1,48.8,43.7,152.0
2021-12-06 17:00:00,3.0,49.0,83.6,43.0,48.7,43.6,156.0
2021-12-06 18:00:00,3.2,48.9,83.6,42.8,48.4,43.4,152.0
2021-12-06 19:00:00,3.6,48.8,83.5,42.7,48.4,43.4,152.0
2021-12-06 20:00:00,3.1,48.9,84.0,42.9,48.6,43.4,153.0
2021-12-06 21:00:00,3.5,48.8,84.1,42.7,48.5,43.3,152.0
2021-12-06 22:00:00,2.7,49.0,67.3,40.9,34.5,34.7,48.0
2021-12-06 23:00:00,2.3,49.1,62.2,36.2,33.3,31.9,0.0
2021-12-07 00:00:00,2.7,49.0,60.4,33.3,28.7,27.9,0.0
2021-12-07 01:00:00,2.9,49.0,56.1,31.6,27.3,27.0,0.0
2021-12-07 02:00:00,3.1,48.9,52.5,30.3,26.2,25.6,0.0
2021-12-07 03:00:00,2.7,49.0,49.1,29.1,25.1,24.6,0.0
2021-12-07 04:00:00,2.1,49.2,46.0,28.1,24.5,24.1,0.0
2021-12-07 05:00:00,2.2,49.2,43.4,27.2,24.1,23.9,0.0
2021-12-07 06:00:00,2.1,49.2,72.6,29.9,41.6,28.1,52.0
2021-12-07 07:00:00,1.9,49.2,77.2,41.4,48.1,41.4,219.0
2021-12-07 08:00:00,1.5,49.3,86.0,43.1,49.5,43.5,187.0
2021-12-07 09:00:00,1.1,48.5,87.4,43.4,49.5,43.8,177.0
2021-12-07 10:00:00,1.5,48.4,85.4,41.9,47.8,42.5,152.0
2021-12-07 11:00:00,1.8,48.2,85.5,42.4,48.5,43.0,162.0
2021-12-07 12:00:00,1.5,48.4,85.2,42.7,48.7,43.3,164.0
2021-12-07 13:00:00,2.0,48.2,85.3,42.5,48.3,43.1,161.0
2021-12-07 14:00:00,1.9,48.2,86.2,42.2,48.2,43.0,157.0
2021-12-07 15:00:00,1.0,47.0,85.8,41.3,46.3,42.0,146.0
2021-12-07 16:00:00,1.9,46.5,85.9,40.9,46.5,41.7,141.0
2021-12-07 17:00:00,1.6,46.7,97.0,41.1,47.7,41.9,148.0
2021-12-07 18:00:00,0.8,47.1,101.4,41.1,46.8,42.0,147.0
2021-12-07 19:00:00,1.3,46.8,98.8,40.8,46.2,41.7,141.0
2021-12-07 20:00:00,0.9,47.0,99.9,41.3,47.3,42.2,150.0
2021-12-07 21:00:00,0.7,47.1,99.1,41.7,47.4,42.5,152.0
2021-12-07 22:00:00,0.9,47.0,99.6,41.4,46.4,42.3,147.0
2021-12-07 23:00:00,1.1,46.9,88.8,39.3,33.5,33.8,0.0
2021-12-08 00:00:00,1.4,46.8,80.5,37.0,31.0,30.2,0.0
2021-12-08 01:00:00,1.2,46.9,73.5,35.0,27.8,26.8,0.0
2021-12-08 02:00:00,1.7,46.6,67.6,33.2,26.1,25.6,0.0
2021-12-08 03:00:00,1.8,46.6,62.4,31.7,25.5,24.9,0.0
2021-12-08 04:00:00,2.1,46.4,57.8,30.3,24.8,24.3,0.0
2021-12-08 05:00:00,1.9,46.5,75.9,33.3,38.1,33.7,103.0
2021-12-08 06:00:00,1.6,48.7,84.5,42.1,48.0,42.6,215.0
2021-12-08 07:00:00,2.4,48.3,93.3,42.6,49.2,43.1,173.0
2021-12-08 08:00:00,2.3,48.3,90.4,42.1,48.2,42.8,163.0
2021-12-08 09:00:00,2.0,48.5,81.0,41.9,47.6,42.5,159.0
2021-12-08 10:00:00,2.6,48.2,79.6,42.8,48.9,43.2,169.0
2021-12-08 11:00:00,2.7,48.1,85.2,42.6,48.6,43.2,167.0
2021-12-08 12:00:00,2.2,48.4,82.5,42.2,47.7,42.8,161.0
2021-12-08 13:00:00,2.7,48.1,79.2,42.3,48.4,42.7,158.0
2021-12-08 14:00:00,3.1,47.9,83.8,42.3,48.4,42.7,163.0
2021-12-08 15:00:00,3.9,47.5,82.9,41.5,47.1,42.1,152.0
2021-12-08 16:00:00,2.8,48.1,83.7,42.0,48.1,42.6,155.0
2021-12-08 17:00:00,2.9,48.0,84.6,42.3,48.1,42.9,163.0
2021-12-08 18:00:00,2.4,48.3,85.5,42.4,48.4,42.9,162.0
2021-12-08 19:00:00,2.6,48.2,86.6,42.6,48.4,43.2,165.0
2021-12-08 20:00:00,2.1,48.4,85.8,42.0,47.9,42.6,154.0
2021-12-08 21:00:00,2.0,48.5,85.1,42.1,47.9,42.8,159.0
2021-12-08 22:00:00,1.8,48.6,85.7,42.2,48.3,42.9,159.0
2021-12-08 23:00:00,2.1,48.4,79.2,39.9,33.6,34.1,0.0
2021-12-09 00:00:00,1.7,48.6,72.2,37.3,31.5,30.7,0.0
2021-12-09 01:00:00,1.5,48.7,66.2,35.0,27.3,26.4,0.0
2021-12-09 02:00:00,1.7,48.6,61.5,33.3,26.1,25.6,0.0
2021-12-09 03:00:00,1.78,48.82,67.22,33.3,30.72,27.33,0.0
2021-12-09 04:00:00,1.85,49.05,72.95,33.3,35.35,29.05,0.0
2021-12-09 05:00:00,1.92,49.28,78.68,33.3,39.98,30.78,0.0
2021-12-09 06:00:00,2.0,49.5,84.4,33.3,44.6,32.5,0.0
2021-12-09 07:00:00,1.9,49.5,85.5,43.3,50.0,43.7,236.0
2021-12-09 08:00:00,2.0,49.5,87.2,43.1,49.4,43.6,181.0
2021-12-09 09:00:00,2.7,49.1,86.2,42.8,49.1,43.3,172.0
2021-12-09 10:00:00,3.5,48.7,85.4,43.0,49.1,43.5,170.0
2021-12-09 11:00:00,4.9,48.0,79.9,42.4,47.7,42.8,161.0
2021-12-09 12:00:00,5.8,47.2,77.3,41.3,46.6,41.8,146.0
2021-12-09 13:00:00,6.1,47.0,75.1,39.8,37.3,37.7,101.0
2021-12-09 14:00:00,6.2,46.9,61.4,36.2,38.8,36.3,86.0
2021-12-09 15:00:00,6.3,46.9,78.6,41.8,47.6,42.4,175.0
2021-12-09 16:00:00,6.0,47.1,78.4,41.6,47.0,42.1,149.0
2021-12-09 17:00:00,5.7,47.3,78.9,41.7,47.2,42.2,151.0
2021-12-09 18:00:00,6.1,47.0,78.7,41.8,47.5,42.4,152.0
2021-12-09 19:00:00,6.4,46.7,77.9,41.3,46.3,41.8,144.0
2021-12-09 20:00:00,6.8,46.4,77.3,40.9,46.1,41.5,139.0
2021-12-09 21:00:00,6.4,46.7,78.0,41.1,46.6,41.7,143.0
2021-12-09 22:00:00,5.9,47.2,80.5,36.8,33.9,34.3,50.0
2021-12-09 23:00:00,5.2,47.8,74.3,34.6,35.4,31.4,0.0
2021-12-10 00:00:00,5.8,47.2,70.8,29.2,35.5,27.0,0.0
2021-12-10 01:00:00,6.1,47.0,64.6,25.9,32.6,26.4,0.0
2021-12-10 02:00:00,5.5,47.5,58.4,25.2,34.0,25.7,0.0
2021-12-10 03:00:00,5.8,47.2,50.9,24.1,39.5,25.3,0.0
2021-12-10 04:00:00,6.1,47.0,54.4,24.6,40.1,26.2,0.0
2021-12-10 05:00:00,5.8,47.2,53.8,24.9,38.8,26.4,0.0
2021-12-10 06:00:00,5.6,47.4,38.8,25.9,29.4,27.4,32.0
2021-12-10 07:00:00,5.6,47.5,79.9,40.4,47.7,40.2,208.0
2021-12-10 08:00:00,5.5,47.6,80.9,42.1,47.9,42.6,176.0
2021-12-10 09:00:00,5.6,47.4,80.9,41.8,47.6,42.4,159.0
2021-12-10 10:00:00,6.4,46.7,80.1,41.8,47.1,42.4,157.0
2021-12-10 11:00:00,6.7,46.4,77.6,41.0,42.7,41.5,136.0
2021-12-10 12:00:00,6.8,46.4,78.0,41.5,47.1,42.1,150.0
2021-12-10 13:00:00,7.4,45.8,76.9,40.8,45.9,41.4,138.0
2021-12-10 14:00:00,8.1,45.3,75.2,40.2,45.9,40.3,129.0
2021-12-10 15:00:00,8.5,44.8,75.2,40.3,45.3,40.9,137.0
2021-12-10 16:00:00,7.9,45.4,76.6,40.4,45.7,41.2,136.0
2021-12-10 17:00:00,7.6,45.6,78.9,40.8,46.0,41.5,141.0
2021-12-10 18:00:00,6.1,47.1,78.9,41.1,46.4,41.8,143.0
2021-12-10 19:00:00,5.9,47.2,79.8,41.7,47.3,42.3,150.0
2021-12-10 20:00:00,5.5,47.5,80.4,41.6,47.0,42.1,147.0
2021-12-10 21:00:00,4.7,48.1,79.6,42.2,48.2,42.7,153.0
2021-12-10 22:00:00,3.4,48.8,82.3,42.6,42.7,43.2,157.0
2021-12-10 23:00:00,5.1,47.9,76.3,40.3,34.2,34.6,0.0
2021-12-11 00:00:00,4.4,48.3,70.1,37.7,30.4,29.6,0.0
2021-12-11 01:00:00,3.2,48.9,64.4,35.5,27.8,27.3,0.0
2021-12-11 02:00:00,2.8,49.1,59.6,33.6,26.6,26.1,0.0
2021-12-11 03:00:00,2.9,49.0,55.5,32.0,25.5,25.2,0.0
2021-12-11 04:00:00,5.1,47.9,51.9,30.7,25.1,24.7,0.0
2021-12-11 05:00:00,5.4,47.6,48.7,29.5,24.6,24.4,0.0
2021-12-11 06:00:00,4.5,47.1,71.0,28.9,34.7,26.9,42.0
2021-12-11 07:00:00,4.1,47.2,82.6,41.7,47.7,42.3,229.0
2021-12-11 08:00:00,4.2,47.2,85.4,41.7,47.6,42.4,164.0
2021-12-11 09:00:00,4.8,47.0,84.3,41.2,46.9,42.0,153.0
2021-12-11 10:00:00,5.2,46.7,84.6,41.3,47.1,42.1,154.0
2021-12-11 11:00:00,5.9,46.3,82.5,41.3,46.5,42.1,151.0
2021-12-11 12:00:00,6.2,46.0,82.8,40.6,46.1,41.4,140.0
2021-12-11 13:00:00,6.2,46.0,82.2,40.4,45.8,41.3,139.0
2021-12-11 14:00:00,5.5,46.6,82.4,40.4,45.9,41.3,139.0
2021-12-11 15:00:00,5.5,46.6,83.3,41.1,46.8,41.9,148.0
2021-12-11 16:00:00,4.7,47.0,83.2,41.4,47.0,42.1,149.0
2021-12-11 17:00:00,5.2,46.9,83.0,41.5,47.2,42.4,150.0
2021-12-11 18:00:00,5.7,46.3,83.4,41.4,46.8,42.1,147.0
2021-12-11 19:00:00,5.3,46.8,82.3,41.1,46.6,42.0,143.0
2021-12-11 20:00:00,5.0,47.0,83.9,41.1,46.6,42.1,144.0
2021-12-11 21:00:00,4.4,47.1,81.9,41.1,46.5,41.9,143.0
2021-12-11 22:00:00,3.7,47.3,82.8,41.5,41.2,41.7,136.0
2021-12-11 23:00:00,3.5,47.4,66.5,37.8,34.9,34.0,0.0
2021-12-12 00:00:00,4.1,47.3,61.9,34.5,29.9,28.6,0.0
2021-12-12 01:00:00,3.6,47.4,58.4,32.4,27.8,27.2,0.0
2021-12-12 02:00:00,3.6,47.4,54.7,31.0,26.7,26.5,0.0
2021-12-12 03:00:00,3.4,47.4,51.1,29.9,26.0,25.9,0.0
2021-12-12 04:00:00,2.9,47.6,47.9,28.8,25.2,24.8,0.0
2021-12-12 05:00:00,2.7,47.6,45.1,27.9,24.3,24.0,0.0
2021-12-12 06:00:00,2.5,47.7,51.0,25.0,23.6,23.6,0.0
2021-12-12 07:00:00,3.5,48.7,87.6,42.1,49.2,42.5,253.0
2021-12-12 08:00:00,2.5,49.3,83.7,42.6,48.5,43.2,177.0
2021-12-12 09:00:00,3.5,48.7,82.9,43.1,49.4,43.6,173.0
2021-12-12 10:00:00,3.6,47.7,83.2,42.8,48.8,43.3,169.0
2021-12-12 11:00:00,3.9,47.5,81.8,41.7,47.3,42.4,154.0
2021-12-12 12:00:00,3.3,47.8,82.0,41.5,47.5,42.1,153.0
2021-12-12 13:00:00,2.7,48.1,82.4,42.0,48.0,42.7,160.0
2021-12-12 14:00:00,2.0,48.5,82.6,42.3,48.1,42.9,161.0
2021-12-12 15:00:00,1.4,48.8,83.6,42.4,48.2,43.0,161.0
2021-12-12 16:00:00,2.6,48.2,84.2,42.6,48.6,43.2,165.0
2021-12-12 17:00:00,3.0,48.0,84.3,42.6,48.2,43.3,163.0
2021-12-12 18:00:00,2.1,48.4,85.2,42.1,48.2,42.8,153.0
2021-12-12 19:00:00,1.8,48.6,84.6,42.7,48.8,43.4,166.0
2021-12-12 20:00:00,2.7,48.1,84.6,42.8,48.4,43.5,162.0
2021-12-12 21:00:00,2.1,48.4,84.2,42.2,47.9,42.9,157.0
2021-12-12 22:00:00,2.7,48.1,79.4,41.5,36.6,37.1,91.0
2021-12-12 23:00:00,2.5,48.3,72.1,38.7,33.6,33.2,0.0
2021-12-13 00:00:00,2.7,48.1,66.8,36.1,28.9,28.2,0.0
2021-12-13 01:00:00,2.3,48.3,61.8,34.0,27.1,26.5,0.0
2021-12-13 02:00:00,2.3,48.3,57.5,32.2,26.3,25.8,0.0
2021-12-13 03:00:00,2.7,48.1,53.6,30.7,25.1,24.4,0.0
2021-12-13 04:00:00,2.4,48.3,50.2,29.5,23.9,23.6,0.0
2021-12-13 05:00:00,2.0,48.5,47.1,28.3,23.5,23.4,0.0
2021-12-13 06:00:00,2.0,48.4,64.8,25.8,35.0,27.5,48.0
2021-12-13 07:00:00,1.8,48.6,78.4,41.1,47.8,41.3,232.0
2021-12-13 08:00:00,0.1,49.5,85.7,42.4,49.2,42.9,186.0
2021-12-13 09:00:00,-0.1,49.6,85.9,43.4,49.9,43.8,185.0
2021-12-13 10:00:00,0.4,49.2,85.4,43.5,50.1,43.9,182.0
2021-12-13 11:00:00,1.4,48.8,85.3,42.7,48.6,43.3,170.0
2021-12-13 12:00:00,1.5,48.8,84.0,42.3,48.3,42.9,166.0
2021-12-13 13:00:00,1.9,48.5,83.7,42.2,48.3,42.7,166.0
2021-12-13 14:00:00,1.9,46.5,83.5,40.9,46.0,41.7,151.0
2021-12-13 15:00:00,1.2,46.9,84.4,40.7,46.6,41.5,145.0
2021-12-13 16:00:00,1.0,47.0,84.9,41.1,47.0,41.7,154.0
2021-12-13 17:00:00,0.6,47.2,85.3,41.3,47.2,42.0,157.0
2021-12-13 18:00:00,1.6,46.7,85.4,41.5,47.4,42.2,156.0
2021-12-13 19:00:00,1.7,46.6,85.2,41.1,46.8,41.8,149.0
2021-12-13 20:00:00,2.2,48.0,85.2,42.8,48.6,43.4,173.0
2021-12-13 21:00:00,1.1,48.6,85.1,42.4,48.2,43.0,162.0
2021-12-13 22:00:00,1.1,48.7,85.2,42.6,48.8,43.2,164.0
2021-12-13 23:00:00,0.9,48.8,74.0,40.1,34.8,34.1,0.0
2021-12-14 00:00:00,0.9,48.8,70.4,37.0,35.0,29.3,0.0
2021-12-14 01:00:00,1.3,48.5,63.2,34.4,28.2,26.3,0.0
2021-12-14 02:00:00,1.6,48.3,32.6,37.6,30.0,25.6,0.0
2021-12-14 03:00:00,1.7,48.2,34.2,40.3,32.6,24.1,0.0
2021-12-14 04:00:00,1.8,48.2,33.4,39.6,31.6,24.2,0.0
2021-12-14 05:00:00,1.7,48.3,46.5,26.5,30.1,26.1,0.0
2021-12-14 06:00:00,2.0,48.1,86.2,41.6,49.0,41.8,231.0
2021-12-14 07:00:00,1.3,48.5,85.6,42.2,48.4,42.7,177.0
2021-12-14 08:00:00,0.3,47.8,85.3,42.3,48.4,42.8,172.0
2021-12-14 09:00:00,1.0,47.6,85.0,41.9,48.0,42.5,164.0
2021-12-14 10:00:00,0.7,47.7,84.3,41.3,47.2,41.9,158.0
2021-12-14 11:00:00,1.1,47.5,84.8,41.3,47.3,41.9,158.0
2021-12-14 12:00:00,1.6,47.3,83.7,41.1,47.2,41.7,156.0
2021-12-14 13:00:00,1.4,47.4,83.8,41.5,47.4,42.1,161.0
2021-12-14 14:00:00,1.2,47.5,83.7,41.4,47.2,42.0,157.0
2021-12-14 15:00:00,1.8,47.9,83.8,41.6,47.8,42.2,159.0
2021-12-14 16:00:00,1.4,48.0,84.7,42.1,48.2,42.6,166.0
2021-12-14 17:00:00,2.1,47.8,84.3,42.5,48.5,43.0,163.0
2021-12-14 18:00:00,2.7,47.6,84.4,42.2,48.1,42.9,164.0
2021-12-14 19:00:00,1.6,48.0,85.4,42.0,48.0,42.7,157.0
2021-12-14 20:00:00,1.5,48.0,84.5,41.8,47.8,42.4,156.0
2021-12-14 21:00:00,1.7,47.9,85.0,42.1,48.2,42.7,160.0
2021-12-14 22:00:00,2.4,47.7,85.0,42.3,48.1,42.9,160.0
2021-12-14 23:00:00,1.2,48.1,78.7,40.1,33.6,34.0,0.0
2021-12-15 00:00:00,2.1,47.8,72.0,37.3,31.3,30.3,0.0
2021-12-15 01:00:00,1.5,48.0,66.0,35.1,26.8,26.4,0.0
2021-12-15 02:00:00,2.1,47.8,60.8,33.1,26.3,25.7,0.0
2021-12-15 03:00:00,2.5,47.7,56.4,31.5,25.1,24.4,0.0
2021-12-15 04:00:00,2.3,47.7,52.5,30.1,23.8,23.4,0.0
2021-12-15 05:00:00,1.4,48.0,59.0,30.1,23.3,23.4,0.0
2021-12-15 06:00:00,2.4,49.0,78.9,30.7,41.5,31.9,78.0
2021-12-15 07:00:00,2.0,49.1,83.1,43.0,49.6,43.2,236.0
2021-12-15 08:00:00,2.2,49.1,85.6,43.0,49.3,43.4,184.0
2021-12-15 09:00:00,1.9,50.4,84.6,44.3,51.0,44.4,192.0
2021-12-15 10:00:00,1.9,50.4,84.8,43.9,50.3,44.1,187.0
2021-12-15 11:00:00,1.7,50.6,85.2,43.4,49.9,43.8,178.0
2021-12-15 12:00:00,1.8,50.5,85.2,44.7,51.4,44.9,193.0
2021-12-15 13:00:00,1.6,50.7,83.9,43.7,50.2,44.1,179.0
2021-12-15 14:00:00,2.1,50.3,83.9,44.5,50.6,44.7,188.0
2021-12-15 15:00:00,1.6,50.7,84.1,43.9,50.0,44.2,176.0
2021-12-15 16:00:00,1.1,51.1,85.2,44.8,51.5,45.0,189.0
2021-12-15 17:00:00,1.0,51.2,85.2,44.3,50.5,44.5,180.0
2021-12-15 18:00:00,1.0,49.4,85.6,44.2,49.6,44.7,91.0
2021-12-15 19:00:00,1.08,49.29,85.55,44.05,49.55,44.55,94.0
2021-12-15 20:00:00,1.17,49.18,85.49,43.91,49.49,44.39,94.0
2021-12-15 21:00:00,1.25,49.08,85.44,43.76,49.44,44.24,94.0
2021-12-15 22:00:00,1.34,48.97,85.38,43.62,49.38,44.08,94.0
2021-12-15 23:00:00,1.42,48.86,85.33,43.47,49.33,43.93,94.0
2021-12-16 00:00:00,1.51,48.75,85.28,43.32,49.28,43.78,94.0
2021-12-16 01:00:00,1.59,48.65,85.22,43.18,49.22,43.62,94.0
2021-12-16 02:00:00,1.68,48.54,85.17,43.03,49.17,43.47,94.0
2021-12-16 03:00:00,1.76,48.43,85.12,42.88,49.12,43.32,94.0
2021-12-16 04:00:00,1.85,48.32,85.06,42.74,49.06,43.16,94.0
2021-12-16 05:00:00,1.93,48.22,85.01,42.59,49.01,43.01,94.0
2021-12-16 06:00:00,2.02,48.11,84.95,42.45,48.95,42.85,94.0
2021-12-16 07:00:00,2.1,48.0,84.9,42.3,48.9,42.7,94.0
2021-12-16 08:00:00,1.5,48.8,89.7,42.2,48.9,42.8,173.0
2021-12-16 09:00:00,2.2,48.1,88.8,41.7,47.6,42.4,166.0
2021-12-16 10:00:00,2.4,47.8,89.8,41.3,47.4,42.0,159.0
2021-12-16 11:00:00,2.4,47.8,85.2,41.8,47.6,42.3,164.0
2021-12-16 12:00:00,2.4,47.8,84.6,41.7,47.9,42.3,161.0
2021-12-16 13:00:00,3.0,47.2,84.7,41.4,47.4,42.1,160.0
2021-12-16 14:00:00,1.9,47.5,83.9,40.6,46.6,41.3,149.0
2021-12-16 15:00:00,1.9,47.4,83.8,42.3,48.0,42.8,172.0
2021-12-16 16:00:00,2.1,47.3,83.6,41.6,47.3,42.2,156.0
2021-12-16 17:00:00,2.4,47.0,83.6,41.6,47.4,42.2,157.0
2021-12-16 18:00:00,2.9,46.6,82.9,41.3,46.8,41.9,151.0
2021-12-16 19:00:00,2.9,47.8,82.8,41.6,48.1,42.0,157.0
2021-12-16 20:00:00,3.2,47.6,82.9,42.3,48.2,42.8,168.0
2021-12-16 21:00:00,3.7,47.1,82.4,41.8,47.6,42.4,154.0
2021-12-16 22:00:00,4.0,46.9,81.5,41.3,41.5,41.8,143.0
2021-12-16 23:00:00,4.1,46.8,75.5,39.1,33.2,33.5,0.0
2021-12-17 00:00:00,4.3,46.6,69.3,36.7,30.6,29.6,0.0
2021-12-17 01:00:00,4.4,46.5,63.7,34.6,27.0,26.3,0.0
2021-12-17 02:00:00,4.4,46.5,58.9,32.8,25.8,25.4,0.0
2021-12-17 03:00:00,3.8,47.0,54.9,31.5,25.3,24.7,0.0
2021-12-17 04:00:00,3.9,46.9,51.4,30.2,24.5,24.1,0.0
2021-12-17 05:00:00,4.0,47.7,76.5,29.8,40.7,30.8,75.0
2021-12-17 06:00:00,3.8,47.8,73.7,41.9,47.7,41.9,217.0
2021-12-17 07:00:00,3.4,48.2,83.3,42.3,48.2,42.7,174.0
2021-12-17 08:00:00,3.7,48.0,83.2,42.1,48.1,42.6,166.0
2021-12-17 09:00:00,4.3,47.6,83.1,41.7,47.4,42.2,161.0
2021-12-17 10:00:00,4.6,47.3,82.6,41.3,47.2,41.9,156.0
2021-12-17 11:00:00,4.4,47.5,81.8,41.3,47.1,41.9,156.0
2021-12-17 12:00:00,4.3,47.4,79.8,41.4,46.9,41.9,155.0
2021-12-17 13:00:00,3.8,47.9,80.7,41.4,48.2,41.9,155.0
2021-12-17 14:00:00,3.6,48.0,82.7,41.5,48.2,42.1,157.0
2021-12-17 15:00:00,2.4,49.8,83.7,42.3,49.9,42.7,165.0
2021-12-17 16:00:00,3.5,49.0,83.6,42.0,48.5,42.5,163.0
2021-12-17 17:00:00,2.4,49.8,83.5,42.4,49.4,42.9,164.0
2021-12-17 18:00:00,2.4,49.7,83.5,42.8,49.8,43.2,164.0
2021-12-17 19:00:00,2.9,49.5,84.9,42.9,49.7,43.4,172.0
2021-12-17 20:00:00,3.0,49.4,84.0,42.4,49.4,42.9,158.0
2021-12-17 21:00:00,3.4,49.1,84.0,42.6,49.5,43.0,163.0
2021-12-17 22:00:00,3.6,48.9,84.9,42.5,44.2,43.0,160.0
2021-12-17 23:00:00,3.1,49.4,78.2,40.2,34.8,34.1,0.0
2021-12-18 00:00:00,2.2,49.9,71.5,37.5,32.3,30.5,0.0
2021-12-18 01:00:00,1.6,50.3,65.7,35.3,28.6,26.8,0.0
2021-12-18 02:00:00,1.2,50.6,60.5,33.4,27.0,25.5,0.0
2021-12-18 03:00:00,1.5,50.4,56.3,31.8,26.1,24.4,0.0
2021-12-18 04:00:00,0.7,51.0,52.5,30.4,25.4,24.1,0.0
2021-12-18 05:00:00,1.0,50.8,49.1,29.2,25.0,23.6,0.0
2021-12-18 06:00:00,0.9,50.9,86.2,37.0,48.4,36.7,151.0
2021-12-18 07:00:00,0.7,51.0,87.2,43.9,51.8,44.1,228.0
2021-12-18 08:00:00,0.6,51.0,82.0,43.6,50.5,43.9,185.0
2021-12-18 09:00:00,0.9,50.9,85.1,43.7,51.0,44.0,184.0
2021-12-18 10:00:00,1.0,49.2,90.3,42.9,50.3,43.4,172.0
2021-12-18 11:00:00,1.0,49.2,82.8,41.9,48.7,42.4,155.0
2021-12-18 12:00:00,1.2,49.0,83.8,42.1,49.2,42.6,165.0
2021-12-18 13:00:00,1.4,48.9,83.7,42.3,49.2,42.7,165.0
2021-12-18 14:00:00,1.5,48.9,83.7,42.2,49.2,42.7,162.0
2021-12-18 15:00:00,0.9,49.2,83.6,42.3,49.4,42.7,165.0
2021-12-18 16:00:00,0.5,49.4,84.4,42.4,49.5,42.9,165.0
2021-12-18 17:00:00,0.6,49.4,85.2,42.7,49.8,43.2,165.0
2021-12-18 18:00:00,1.1,49.1,85.2,42.6,49.5,43.1,169.0
2021-12-18 19:00:00,1.1,49.1,84.1,42.0,48.9,42.6,158.0
2021-12-18 20:00:00,1.9,48.7,84.4,41.8,48.7,42.4,157.0
2021-12-18 21:00:00,2.3,48.4,83.7,41.7,48.5,42.3,157.0
2021-12-18 22:00:00,2.0,48.6,71.1,40.8,36.5,35.8,81.0
2021-12-18 23:00:00,1.5,48.9,69.4,37.8,34.3,32.5,0.0
2021-12-19 00:00:00,1.1,49.1,64.4,35.1,29.4,27.4,0.0
2021-12-19 01:00:00,1.3,49.0,59.9,32.9,27.5,26.0,0.0
2021-12-19 02:00:00,1.5,48.9,55.9,31.3,26.5,24.8,0.0
2021-12-19 03:00:00,1.8,48.7,52.4,29.8,25.4,23.8,0.0
2021-12-19 04:00:00,1.6,48.8,49.2,28.7,24.7,23.3,0.0
2021-12-19 05:00:00,2.8,48.2,46.3,27.6,24.2,22.9,0.0
2021-12-19 06:00:00,2.6,48.3,50.5,26.4,31.4,22.6,0.0
2021-12-19 07:00:00,2.2,48.5,85.5,41.3,48.6,41.8,248.0
2021-12-19 08:00:00,2.6,48.2,84.5,41.6,48.7,42.1,169.0
2021-12-19 09:00:00,2.6,48.3,84.1,41.7,48.8,42.2,165.0
2021-12-19 10:00:00,2.5,48.3,84.1,41.7,48.7,42.3,160.0
2021-12-19 11:00:00,2.4,48.4,83.1,41.6,48.3,42.1,159.0
2021-12-19 12:00:00,3.0,48.1,83.4,41.6,48.4,42.1,159.0
2021-12-19 13:00:00,3.3,47.9,83.2,41.5,48.4,42.1,156.0
2021-12-19 14:00:00,3.7,47.7,82.9,41.6,48.3,42.2,157.0
2021-12-19 15:00:00,3.7,47.7,83.0,41.1,47.8,41.8,150.0
2021-12-19 16:00:00,3.5,47.8,82.7,40.9,47.4,41.6,148.0
2021-12-19 17:00:00,2.1,48.5,83.5,41.3,48.3,41.8,152.0
2021-12-19 18:00:00,1.8,48.7,85.4,41.9,48.9,42.5,161.0
2021-12-19 19:00:00,1.4,48.9,85.9,41.7,48.5,42.4,157.0
2021-12-19 20:00:00,0.8,49.3,86.4,41.8,48.8,42.4,158.0
2021-12-19 21:00:00,0.7,49.4,86.3,42.3,49.4,42.9,165.0
2021-12-19 22:00:00,1.2,49.0,76.4,41.4,36.8,36.1,87.0
2021-12-19 23:00:00,1.2,49.0,71.4,38.4,34.1,32.7,0.0
2021-12-20 00:00:00,1.8,48.7,66.2,35.6,29.6,27.6,0.0
2021-12-20 01:00:00,2.1,48.7,61.5,33.4,27.0,25.4,0.0
2021-12-20 02:00:00,1.8,48.7,57.3,31.7,26.3,24.7,0.0
2021-12-20 03:00:00,2.3,48.4,53.5,30.1,25.6,23.9,0.0
2021-12-20 04:00:00,2.5,48.3,50.1,28.9,24.8,23.3,0.0
2021-12-20 05:00:00,2.5,48.3,39.4,42.1,39.0,22.2,0.0
2021-12-20 06:00:00,3.4,47.8,78.7,35.2,44.7,34.9,124.0
2021-12-20 07:00:00,3.3,47.9,83.9,41.2,48.1,41.7,205.0
2021-12-20 08:00:00,3.0,48.1,83.7,41.2,48.3,41.7,164.0
2021-12-20 09:00:00,3.5,47.8,84.4,41.4,48.5,42.0,164.0
2021-12-20 10:00:00,3.4,47.9,83.4,41.2,48.1,41.7,160.0
2021-12-20 11:00:00,3.2,47.9,84.3,50.6,51.3,42.0,135.0
2021-12-20 12:00:00,3.3,47.9,87.1,41.7,48.7,42.3,170.0
2021-12-20 13:00:00,3.8,47.6,82.4,40.6,47.3,41.3,147.0
2021-12-20 14:00:00,2.8,48.2,80.8,40.9,48.9,41.1,154.0
2021-12-20 15:00:00,3.1,48.0,80.5,41.3,47.8,41.8,169.0
2021-12-20 16:00:00,2.5,48.3,82.6,41.3,48.2,41.7,165.0
2021-12-20 17:00:00,2.8,48.2,84.8,41.3,48.2,41.8,166.0
2021-12-20 18:00:00,2.3,48.4,85.4,41.6,48.6,42.1,168.0
2021-12-20 19:00:00,1.7,48.8,85.3,41.7,48.6,42.2,170.0
2021-12-20 20:00:00,2.7,48.2,85.2,41.9,48.9,42.4,171.0
2021-12-20 21:00:00,2.4,48.4,84.2,41.8,48.5,42.3,169.0
2021-12-20 22:00:00,2.8,48.2,82.5,41.6,48.4,42.1,165.0
2021-12-20 23:00:00,3.0,48.1,76.6,39.5,34.6,34.0,0.0
2021-12-21 00:00:00,2.8,48.2,70.3,37.1,32.3,30.0,0.0
2021-12-21 01:00:00,2.6,48.2,64.7,35.0,28.3,26.3,0.0
2021-12-21 02:00:00,2.8,48.2,59.7,33.2,26.5,24.9,0.0
2021-12-21 03:00:00,2.3,48.4,55.4,31.5,25.8,24.1,0.0
2021-12-21 04:00:00,1.4,48.9,51.8,30.2,25.1,23.5,0.0
2021-12-21 05:00:00,2.4,48.4,58.1,24.7,24.6,22.8,0.0
2021-12-21 06:00:00,2.1,48.5,78.4,35.1,44.6,34.6,144.0
2021-12-21 07:00:00,1.8,48.7,85.2,41.9,49.4,42.3,225.0
2021-12-21 08:00:00,1.2,49.0,85.4,41.6,48.7,42.1,178.0
2021-12-21 09:00:00,1.0,49.2,85.4,41.8,49.1,42.2,178.0
2021-12-21 10:00:00,1.7,48.8,85.1,42.1,49.4,42.5,180.0
2021-12-21 11:00:00,0.9,49.2,84.2,42.0,48.8,42.5,177.0
2021-12-21 12:00:00,1.5,48.6,83.7,41.5,48.5,42.1,168.0
2021-12-21 13:00:00,1.2,48.8,83.7,41.7,48.7,42.1,173.0
2021-12-21 14:00:00,0.5,50.5,84.4,43.7,51.5,43.7,195.0
2021-12-21 15:00:00,1.1,49.9,85.0,42.5,49.2,42.9,177.0
2021-12-21 16:00:00,1.4,49.6,86.1,42.7,49.7,43.2,180.0
2021-12-21 17:00:00,0.4,50.6,86.2,42.5,50.0,42.9,176.0
2021-12-21 18:00:00,-0.7,51.8,87.7,43.5,51.6,43.8,194.0
2021-12-21 19:00:00,-0.7,51.9,88.0,44.4,52.0,44.6,203.0
2021-12-21 20:00:00,-1.5,52.6,89.2,44.5,52.1,44.7,197.0
2021-12-21 21:00:00,-1.4,52.4,89.0,44.7,52.2,44.9,201.0
2021-12-21 22:00:00,-0.3,51.4,89.1,43.9,51.2,44.3,187.0
2021-12-21 23:00:00,-1.9,46.0,88.6,38.9,44.9,39.7,130.0
2021-12-22 00:00:00,-2.8,46.0,89.7,39.9,46.2,40.7,156.0
2021-12-22 01:00:00,-1.8,46.0,82.3,38.1,33.8,33.2,0.0
2021-12-22 02:00:00,-2.3,46.0,74.7,35.6,31.8,29.9,0.0
2021-12-22 03:00:00,-3.6,46.0,68.0,33.6,27.5,25.7,0.0
2021-12-22 04:00:00,-4.1,46.0,62.5,31.8,25.9,24.2,0.0
2021-12-22 05:00:00,-3.7,46.0,28.5,27.5,28.1,26.6,0.0
2021-12-22 06:00:00,-3.9,55.0,78.0,37.7,47.0,38.0,193.0
2021-12-22 07:00:00,-4.1,55.2,84.1,43.4,52.0,43.6,212.0
2021-12-22 08:00:00,-4.0,55.0,89.0,45.7,54.8,45.6,249.0
2021-12-22 09:00:00,-2.6,53.7,88.0,46.9,54.8,46.7,239.0
2021-12-22 10:00:00,-1.3,52.3,85.5,45.0,52.4,45.0,203.0
2021-12-22 11:00:00,-1.0,52.1,85.2,45.1,52.4,45.2,210.0
2021-12-22 12:00:00,-0.5,51.6,85.2,44.3,51.9,44.3,195.0
2021-12-22 13:00:00,0.1,50.9,84.8,44.1,51.3,44.3,194.0
2021-12-22 14:00:00,0.1,50.9,84.3,43.6,51.0,43.8,187.0
2021-12-22 15:00:00,0.6,50.4,83.4,43.3,50.3,43.6,182.0
2021-12-22 16:00:00,0.3,50.7,84.5,43.2,50.5,43.5,186.0
2021-12-22 17:00:00,0.4,50.6,85.3,43.4,50.9,43.8,187.0
2021-12-22 18:00:00,-0.3,51.4,85.5,43.6,51.1,43.7,187.0
2021-12-22 19:00:00,-0.9,52.0,88.6,44.4,51.8,44.6,202.0
2021-12-22 20:00:00,-1.2,52.3,83.7,44.3,51.4,44.4,197.0
2021-12-22 21:00:00,-0.6,51.7,82.5,45.0,52.1,45.0,204.0
2021-12-22 22:00:00,-1.7,52.8,83.5,44.8,52.5,44.6,196.0
2021-12-22 23:00:00,-2.5,49.0,83.3,43.1,48.4,43.6,184.0
2021-12-23 00:00:00,-2.6,49.0,83.3,42.2,49.5,42.4,168.0
2021-12-23 01:00:00,-2.1,48.8,81.5,41.4,36.9,36.2,90.0
2021-12-23 02:00:00,-3.3,49.3,74.3,38.3,33.2,31.3,0.0
2021-12-23 03:00:00,-3.4,49.4,67.8,35.7,27.6,25.6,0.0
2021-12-23 04:00:00,-4.4,49.8,35.2,28.6,26.1,25.1,0.0
2021-12-23 05:00:00,-4.3,49.7,29.2,46.4,30.8,27.8,0.0
2021-12-23 06:00:00,-5.4,55.2,85.7,42.6,53.1,40.8,191.0
2021-12-23 07:00:00,-4.2,54.3,85.9,47.8,54.7,47.6,282.0
2021-12-23 08:00:00,-3.2,53.4,85.7,45.3,53.1,45.2,208.0
2021-12-23 09:00:00,-2.4,52.6,85.0,44.6,52.1,44.7,209.0
2021-12-23 10:00:00,-1.5,60.0,84.8,44.5,53.7,44.7,206.0
2021-12-23 11:00:00,-0.5,53.3,83.8,46.8,52.6,47.0,251.0
2021-12-23 12:00:00,0.3,52.4,82.8,45.1,52.5,45.0,193.0
2021-12-23 13:00:00,1.1,51.7,82.7,44.6,51.7,44.7,197.0
2021-12-23 14:00:00,1.8,51.1,83.6,44.3,51.5,44.4,193.0
2021-12-23 15:00:00,2.3,50.6,82.5,43.9,51.0,44.1,186.0
2021-12-23 16:00:00,1.9,50.9,83.8,43.3,50.2,43.6,184.0
2021-12-23 17:00:00,2.5,50.3,83.7,43.7,50.8,43.9,189.0
2021-12-23 18:00:00,2.5,50.3,83.6,43.4,50.5,43.7,182.0
2021-12-23 19:00:00,2.0,50.7,83.6,43.4,50.6,43.7,182.0
2021-12-23 20:00:00,2.8,50.0,83.3,43.0,49.9,43.3,180.0
2021-12-23 21:00:00,3.1,49.8,83.3,42.6,49.6,43.0,174.0
2021-12-23 22:00:00,3.0,49.8,81.1,42.4,43.6,42.8,167.0
2021-12-23 23:00:00,2.3,50.5,75.4,40.1,34.9,34.2,0.0
2021-12-24 00:00:00,1.9,50.8,69.1,37.4,30.7,28.5,0.0
2021-12-24 01:00:00,1.9,50.9,63.6,35.1,27.0,25.4,0.0
2021-12-24 02:00:00,2.3,50.6,58.8,33.2,26.0,24.4,0.0
2021-12-24 03:00:00,1.5,51.3,54.6,31.5,25.2,23.5,0.0
2021-12-24 04:00:00,1.6,51.2,51.1,30.1,24.2,22.7,0.0
2021-12-24 05:00:00,1.3,48.0,75.3,30.9,42.1,29.4,86.0
2021-12-24 06:00:00,1.0,48.2,88.2,41.6,48.6,42.1,244.0
2021-12-24 07:00:00,0.9,48.2,86.5,41.0,48.2,41.6,171.0
2021-12-24 08:00:00,2.3,47.8,85.7,40.8,47.7,41.4,171.0
2021-12-24 09:00:00,2.9,47.6,85.3,40.8,47.8,41.4,166.0
2021-12-24 10:00:00,4.2,47.2,83.2,40.7,47.4,41.2,162.0
2021-12-24 11:00:00,5.2,46.9,80.1,40.2,46.7,40.8,156.0
2021-12-24 12:00:00,6.3,43.4,77.9,39.2,43.7,40.0,137.0
2021-12-24 13:00:00,7.5,42.8,75.5,36.9,42.2,37.8,105.0
2021-12-24 14:00:00,8.1,42.9,74.25,36.95,42.55,37.85,114.5
2021-12-24 15:00:00,8.7,43.0,73.0,37.0,42.9,37.9,114.5
2021-12-24 16:00:00,7.7,43.5,74.5,37.7,43.5,38.6,127.0
2021-12-24 17:00:00,7.1,43.8,78.6,38.6,44.6,39.4,136.0
2021-12-24 18:00:00,6.5,47.0,78.6,39.4,46.7,39.9,140.0
2021-12-24 19:00:00,6.8,46.8,79.4,40.8,47.0,41.3,163.0
2021-12-24 20:00:00,6.4,48.8,78.3,41.0,48.1,41.2,151.0
2021-12-24 21:00:00,7.3,48.4,78.4,42.2,48.8,42.6,173.0
2021-12-24 22:00:00,7.4,48.4,77.7,41.5,42.5,41.7,143.0
2021-12-24 23:00:00,7.2,48.5,70.3,39.4,35.0,34.1,0.0
2021-12-25 00:00:00,6.9,48.6,66.0,37.5,30.2,28.1,0.0
2021-12-25 01:00:00,6.6,48.7,61.4,35.3,27.6,26.2,0.0
2021-12-25 02:00:00,6.9,48.6,57.2,33.5,26.8,25.3,0.0
2021-12-25 03:00:00,8.2,48.0,53.4,31.9,26.1,24.7,0.0
2021-12-25 04:00:00,8.3,48.0,50.2,30.7,25.7,24.1,0.0
2021-12-25 05:00:00,8.3,48.0,47.4,29.5,25.4,23.7,0.0
2021-12-25 06:00:00,8.4,47.9,74.4,30.0,40.0,27.4,56.0
2021-12-25 07:00:00,8.6,47.8,75.1,41.9,48.1,42.1,248.0
2021-12-25 08:00:00,8.6,47.9,74.8,40.9,47.1,41.3,155.0
2021-12-25 09:00:00,8.0,48.1,74.9,41.6,48.0,41.9,165.0
2021-12-25 10:00:00,9.1,47.7,74.7,42.0,48.0,42.2,165.0
2021-12-25 11:00:00,10.0,47.2,72.0,40.8,46.6,41.2,145.0
2021-12-25 12:00:00,11.3,44.0,70.6,38.2,43.2,38.9,116.0
2021-12-25 13:00:00,11.6,44.0,66.4,38.0,38.9,38.2,105.0
2021-12-25 14:00:00,11.6,44.0,35.3,36.8,34.7,31.8,0.0
2021-12-25 15:00:00,11.4,44.0,72.0,39.0,44.4,39.7,185.0
2021-12-25 16:00:00,10.9,44.0,70.9,37.9,43.4,38.6,116.0
2021-12-25 17:00:00,10.6,46.1,73.6,40.7,46.7,41.1,159.0
2021-12-25 18:00:00,10.6,46.1,74.5,40.5,46.6,41.0,144.0
2021-12-25 19:00:00,10.1,46.3,74.2,40.3,46.1,40.9,140.0
2021-12-25 20:00:00,9.8,46.4,74.7,40.2,46.3,40.8,138.0
2021-12-25 21:00:00,10.3,46.2,73.9,40.3,46.3,40.9,139.0
2021-12-25 22:00:00,10.4,46.1,72.8,39.9,40.8,40.2,122.0
2021-12-25 23:00:00,10.0,46.3,62.0,37.5,35.9,33.5,0.0
2021-12-26 00:00:00,9.2,46.6,57.9,34.8,30.3,28.4,0.0
2021-12-26 01:00:00,9.8,46.3,54.4,33.1,28.4,26.8,0.0
2021-12-26 02:00:00,9.5,46.5,52.0,31.8,29.4,25.6,0.0
2021-12-26 03:00:00,8.3,46.9,48.5,30.6,26.4,25.0,0.0
2021-12-26 04:00:00,8.9,46.7,46.0,29.5,26.0,24.5,0.0
2021-12-26 05:00:00,8.1,46.9,43.8,28.6,25.6,24.1,0.0
2021-12-26 06:00:00,7.8,45.6,78.4,32.4,43.6,29.9,84.0
2021-12-26 07:00:00,8.2,45.6,77.7,39.7,45.6,40.4,202.0
2021-12-26 08:00:00,8.7,45.5,76.3,39.1,45.2,39.7,135.0
2021-12-26 09:00:00,9.2,45.5,77.4,39.6,45.9,40.2,141.0
2021-12-26 10:00:00,9.6,45.4,75.1,39.4,45.3,40.1,136.0
2021-12-26 11:00:00,10.4,45.4,72.3,39.1,44.8,39.7,128.0
2021-12-26 12:00:00,10.7,45.3,71.9,39.3,45.1,40.0,131.0
2021-12-26 13:00:00,11.3,45.2,70.2,39.4,45.0,40.0,130.0
2021-12-26 14:00:00,11.5,43.1,69.8,37.3,42.4,38.1,103.0
2021-12-26 15:00:00,11.9,42.9,70.2,37.7,43.3,38.5,112.0
2021-12-26 16:00:00,12.1,42.8,71.1,37.9,43.3,38.7,115.0
2021-12-26 17:00:00,10.3,43.6,71.4,38.1,43.4,38.9,114.0
2021-12-26 18:00:00,11.0,43.3,73.7,38.4,43.9,39.1,119.0
2021-12-26 19:00:00,10.6,44.1,71.9,38.3,43.7,39.1,112.0
2021-12-26 20:00:00,10.6,44.1,71.6,38.2,43.5,38.9,115.0
2021-12-26 21:00:00,9.9,44.3,73.9,38.4,44.0,39.2,117.0
2021-12-26 22:00:00,9.9,44.3,74.8,39.1,40.5,39.8,117.0
2021-12-26 23:00:00,9.5,44.5,63.6,37.4,34.5,33.6,0.0
2021-12-27 00:00:00,9.1,44.6,59.9,35.5,31.2,29.5,0.0
2021-12-27 01:00:00,9.1,44.6,56.3,33.9,29.0,27.4,0.0
2021-12-27 02:00:00,9.4,44.5,53.1,32.5,27.8,26.3,0.0
2021-12-27 03:00:00,9.7,44.4,50.2,31.2,27.1,25.6,0.0
2021-12-27 04:00:00,9.7,44.4,47.5,30.1,26.6,25.1,0.0
2021-12-27 05:00:00,9.7,44.4,35.8,37.6,33.4,25.8,0.0
2021-12-27 06:00:00,9.7,47.9,81.3,40.6,50.5,39.0,167.0
2021-12-27 07:00:00,9.4,48.0,81.5,41.5,47.7,42.0,169.0
2021-12-27 08:00:00,8.6,48.4,74.6,41.5,47.5,42.0,152.0
2021-12-27 09:00:00,8.9,48.2,74.2,41.8,48.1,42.2,153.0
2021-12-27 10:00:00,8.6,48.4,81.9,42.2,49.1,42.6,161.0
2021-12-27 11:00:00,8.0,48.6,82.7,42.0,48.5,42.5,158.0
2021-12-27 12:00:00,8.6,48.4,81.8,41.6,48.0,42.2,151.0
2021-12-27 13:00:00,9.3,48.0,81.3,41.7,48.2,42.3,154.0
2021-12-27 14:00:00,9.8,43.6,81.6,40.3,43.9,40.8,130.0
2021-12-27 15:00:00,9.2,45.8,80.1,38.0,44.9,38.9,102.0
2021-12-27 16:00:00,7.7,47.5,82.6,41.0,47.5,41.6,160.0
2021-12-27 17:00:00,6.5,49.0,84.2,42.0,49.2,42.5,159.0
2021-12-27 18:00:00,5.3,50.5,85.2,43.0,49.9,43.4,169.0
2021-12-27 19:00:00,5.7,46.4,85.1,43.1,47.7,43.8,169.0
2021-12-27 20:00:00,6.0,46.2,84.6,40.4,46.7,41.1,122.0
2021-12-27 21:00:00,5.6,46.5,85.5,40.7,47.1,41.4,144.0
2021-12-27 22:00:00,6.1,46.1,85.0,40.2,41.7,40.9,129.0
2021-12-27 23:00:00,6.3,45.9,78.4,38.3,34.8,34.1,0.0
2021-12-28 00:00:00,6.4,45.9,71.8,36.3,31.5,29.7,0.0
2021-12-28 01:00:00,6.2,46.0,65.9,34.4,28.6,27.2,0.0
2021-12-28 02:00:00,6.5,45.8,60.8,32.9,27.9,26.2,0.0
2021-12-28 03:00:00,6.2,46.0,56.6,31.5,26.6,25.2,0.0
2021-12-28 04:00:00,6.3,45.9,52.9,30.3,26.0,24.5,0.0
2021-12-28 05:00:00,6.1,46.1,49.5,29.2,25.4,24.1,0.0
2021-12-28 06:00:00,6.1,47.9,78.9,31.5,43.3,29.6,71.0
2021-12-28 07:00:00,6.2,47.8,83.2,41.5,47.7,42.1,232.0
2021-12-28 08:00:00,5.4,48.7,80.7,41.3,48.4,41.8,155.0
2021-12-28 09:00:00,5.9,48.2,80.4,41.8,48.2,42.3,163.0
2021-12-28 10:00:00,6.6,47.4,80.2,41.5,47.8,42.1,155.0
2021-12-28 11:00:00,6.9,47.1,78.7,41.2,47.5,41.8,149.0
2021-12-28 12:00:00,6.8,46.4,80.2,40.6,46.7,41.3,143.0
2021-12-28 13:00:00,6.9,46.3,80.0,40.6,46.9,41.2,143.0
2021-12-28 14:00:00,6.7,46.4,79.7,40.4,46.5,41.0,137.0
2021-12-28 15:00:00,7.0,46.2,77.5,39.8,45.7,40.5,135.0
2021-12-28 16:00:00,6.5,46.6,77.8,40.1,46.0,40.7,136.0
2021-12-28 17:00:00,6.6,48.2,78.0,41.1,48.3,41.5,148.0
2021-12-28 18:00:00,6.7,48.1,79.0,42.1,48.5,42.6,163.0
2021-12-28 19:00:00,6.7,48.1,78.3,41.9,48.1,42.3,151.0
2021-12-28 20:00:00,6.5,48.3,78.9,41.8,48.2,42.3,154.0
2021-12-28 21:00:00,6.4,48.4,78.6,42.5,49.4,42.8,157.0
2021-12-28 22:00:00,6.4,48.3,76.7,42.1,43.2,42.5,146.0
2021-12-28 23:00:00,5.9,49.0,65.3,39.2,36.9,34.7,0.0
2021-12-29 00:00:00,5.2,49.7,60.6,35.9,31.9,29.5,0.0
2021-12-29 01:00:00,5.1,49.8,56.5,33.8,28.6,26.9,0.0
2021-12-29 02:00:00,5.1,49.8,52.8,32.1,27.5,25.9,0.0
2021-12-29 03:00:00,5.0,50.0,49.5,30.6,26.8,25.2,0.0
2021-12-29 04:00:00,4.2,50.4,46.7,29.4,25.8,24.4,0.0
2021-12-29 05:00:00,4.9,47.0,76.1,33.6,44.3,31.3,99.0
2021-12-29 06:00:00,5.0,47.0,75.3,41.1,47.1,41.6,205.0
2021-12-29 07:00:00,5.3,46.7,86.6,40.8,47.3,41.6,155.0
2021-12-29 08:00:00,5.3,46.6,82.6,40.0,46.2,40.6,140.0
2021-12-29 09:00:00,5.2,46.8,82.5,40.1,46.6,40.7,145.0
2021-12-29 10:00:00,5.7,46.4,82.1,40.3,46.7,41.0,147.0
2021-12-29 11:00:00,5.8,46.3,80.4,40.2,46.4,40.8,141.0
2021-12-29 12:00:00,6.5,45.9,79.1,40.2,46.3,40.8,141.0
2021-12-29 13:00:00,6.1,46.1,77.6,39.9,45.8,40.6,136.0
2021-12-29 14:00:00,6.4,45.9,78.4,39.9,45.9,40.6,136.0
2021-12-29 15:00:00,6.9,45.5,77.9,39.6,45.6,40.3,130.0
2021-12-29 16:00:00,7.1,45.3,76.8,39.5,45.3,40.1,134.0
2021-12-29 17:00:00,6.8,46.4,76.9,39.7,46.0,40.4,134.0
2021-12-29 18:00:00,6.8,46.4,78.1,40.5,46.8,41.1,145.0
2021-12-29 19:00:00,6.4,46.8,77.2,40.6,46.5,41.1,143.0
2021-12-29 20:00:00,6.5,46.6,76.9,40.3,46.4,40.9,135.0
2021-12-29 21:00:00,6.6,46.5,77.6,40.4,46.6,41.0,143.0
2021-12-29 22:00:00,6.7,46.4,75.5,40.4,41.6,41.0,134.0
2021-12-29 23:00:00,6.5,46.7,70.3,38.5,34.7,33.9,0.0
2021-12-30 00:00:00,6.3,46.8,65.0,36.3,31.5,29.4,0.0
2021-12-30 01:00:00,6.5,46.6,60.1,34.3,28.5,26.9,0.0
2021-12-30 02:00:00,6.5,46.6,55.9,32.7,27.6,26.0,0.0
2021-12-30 03:00:00,6.8,46.4,52.4,31.3,26.8,25.3,0.0
2021-12-30 04:00:00,6.9,46.3,49.1,30.1,26.1,24.7,0.0
2021-12-30 05:00:00,6.7,46.4,31.2,32.8,31.5,24.0,0.0
2021-12-30 06:00:00,6.8,46.4,35.8,25.5,29.3,25.8,0.0
2021-12-30 07:00:00,6.4,46.8,80.9,41.1,47.2,41.6,252.0
2021-12-30 08:00:00,5.8,47.2,80.5,40.2,46.6,40.8,143.0
2021-12-30 09:00:00,6.0,47.1,80.4,40.3,46.7,41.0,151.0
2021-12-30 10:00:00,5.9,47.2,80.0,40.6,47.0,41.2,150.0
2021-12-30 11:00:00,6.3,46.8,79.7,41.1,47.6,41.6,157.0
2021-12-30 12:00:00,6.3,46.8,79.6,40.5,46.7,41.1,144.0
2021-12-30 13:00:00,5.6,47.4,78.8,40.6,47.3,41.1,147.0
2021-12-30 14:00:00,6.6,45.7,76.5,39.3,45.3,40.1,127.0
2021-12-30 15:00:00,5.9,46.2,76.6,39.7,45.8,40.3,139.0
2021-12-30 16:00:00,6.6,45.7,77.8,40.2,46.3,40.8,146.0
2021-12-30 17:00:00,5.7,46.4,77.8,39.9,45.9,40.5,140.0
2021-12-30 18:00:00,6.3,45.9,78.7,40.2,46.5,40.7,144.0
2021-12-30 19:00:00,7.0,45.5,78.1,40.1,46.1,40.7,140.0
2021-12-30 20:00:00,6.9,45.5,77.1,39.6,45.4,40.2,133.0
2021-12-30 21:00:00,7.0,45.6,76.2,39.2,45.1,39.9,129.0
2021-12-30 22:00:00,6.8,46.4,77.8,39.6,41.4,40.2,133.0
2021-12-30 23:00:00,4.9,48.0,72.2,37.8,34.3,33.5,0.0
2021-12-31 00:00:00,4.6,48.2,66.4,35.6,31.1,29.2,0.0
2021-12-31 01:00:00,3.7,48.9,61.2,33.7,28.1,26.9,0.0
2021-12-31 02:00:00,4.8,48.1,56.8,32.1,27.3,25.8,0.0
2021-12-31 03:00:00,4.1,48.6,52.9,30.7,26.1,24.4,0.0
2021-12-31 04:00:00,4.1,48.6,49.6,29.5,25.0,23.5,0.0
2021-12-31 05:00:00,3.1,49.2,46.6,28.4,24.5,23.0,0.0
2021-12-31 06:00:00,4.0,48.7,68.6,32.2,41.7,30.4,94.0
2021-12-31 07:00:00,3.3,49.1,74.0,43.2,50.7,42.1,234.0
2021-12-31 08:00:00,3.8,48.8,83.9,42.2,49.3,42.6,182.0
2021-12-31 09:00:00,4.9,48.0,83.3,42.0,48.6,42.4,172.0
2021-12-31 10:00:00,5.3,44.8,80.1,39.5,44.0,40.2,136.0
2021-12-31 11:00:00,5.7,44.6,80.1,39.1,45.1,39.9,135.0
2021-12-31 12:00:00,6.5,44.1,79.2,38.6,44.6,39.4,130.0
2021-12-31 13:00:00,6.8,44.0,78.4,38.3,44.2,39.1,128.0
2021-12-31 14:00:00,7.5,45.0,77.9,39.7,45.8,40.4,145.0
2021-12-31 15:00:00,8.0,44.6,76.3,38.8,44.6,39.6,127.0
2021-12-31 16:00:00,7.7,44.9,73.9,38.7,44.5,39.5,126.0
2021-12-31 17:00:00,7.1,45.3,75.1,38.9,45.0,39.7,132.0
2021-12-31 18:00:00,6.5,45.8,77.5,39.6,45.9,40.2,142.0
2021-12-31 19:00:00,5.9,46.2,76.8,39.9,45.9,40.5,140.0
2021-12-31 20:00:00,5.9,46.3,78.3,39.9,46.3,40.4,141.0
2021-12-31 21:00:00,5.2,46.8,80.1,40.2,46.8,40.8,146.0
2021-12-31 22:00:00,5.5,46.5,80.2,40.5,46.7,41.1,148.0
2021-12-31 23:00:00,4.3,48.5,81.0,41.9,48.8,42.4,166.0
2022-01-01 00:00:00,3.6,48.9,81.4,42.4,49.3,42.7,169.0
2022-01-01 01:00:00,4.5,48.3,72.4,41.6,36.9,36.3,80.0
2022-01-01 02:00:00,4.5,48.2,67.3,38.9,34.6,32.8,0.0
2022-01-01 03:00:00,4.5,48.3,64.2,36.4,28.9,26.8,0.0
2022-01-01 04:00:00,4.7,48.2,59.9,34.2,27.0,25.7,0.0
2022-01-01 05:00:00,4.5,48.3,55.7,32.3,26.6,25.0,0.0
2022-01-01 06:00:00,4.4,48.4,52.1,30.7,26.1,24.6,0.0
2022-01-01 07:00:00,3.5,49.0,78.7,41.5,50.1,40.7,221.0
2022-01-01 08:00:00,4.2,48.5,77.4,41.8,48.2,42.2,176.0
2022-01-01 09:00:00,5.0,48.0,77.0,41.3,47.8,41.6,158.0
2022-01-01 10:00:00,4.7,48.2,75.7,41.3,47.9,41.6,158.0
2022-01-01 11:00:00,5.2,47.7,74.9,41.4,47.7,41.7,161.0
2022-01-01 12:00:00,6.1,47.0,75.1,41.3,47.5,41.7,158.0
2022-01-01 13:00:00,6.0,47.1,74.8,41.0,47.2,41.4,152.0
2022-01-01 14:00:00,6.5,46.6,73.4,40.5,46.5,41.0,147.0
2022-01-01 15:00:00,6.8,46.4,73.2,40.6,46.7,41.1,148.0
2022-01-01 16:00:00,7.0,46.3,72.7,40.7,46.9,41.2,146.0
2022-01-01 17:00:00,7.1,46.2,72.3,40.2,45.9,40.6,139.0
2022-01-01 18:00:00,7.3,45.9,73.3,40.1,46.1,40.6,135.0
2022-01-01 19:00:00,7.5,45.7,72.2,40.0,45.8,40.6,141.0
2022-01-01 20:00:00,7.7,45.6,72.7,39.8,45.8,40.5,135.0
2022-01-01 21:00:00,7.7,45.6,70.8,39.8,45.5,40.3,134.0
2022-01-01 22:00:00,8.3,45.0,71.6,39.7,45.4,40.2,132.0
2022-01-01 23:00:00,8.3,44.4,72.6,38.8,44.3,39.5,120.0
2022-01-02 00:00:00,8.2,44.5,72.8,38.4,43.9,39.2,118.0
2022-01-02 01:00:00,8.2,44.5,72.1,38.4,44.0,39.1,120.0
2022-01-02 02:00:00,8.6,44.2,63.8,37.2,35.1,33.0,0.0
2022-01-02 03:00:00,8.6,44.2,59.8,35.4,32.7,30.8,0.0
2022-01-02 04:00:00,8.5,44.2,56.3,33.7,29.0,27.2,0.0
2022-01-02 05:00:00,8.6,44.2,53.0,32.2,27.5,26.0,0.0
2022-01-02 06:00:00,8.2,44.4,76.9,38.0,45.8,38.0,154.0
2022-01-02 07:00:00,8.6,44.2,75.4,38.2,43.7,39.1,130.0
2022-01-02 08:00:00,8.5,44.2,75.5,38.2,43.9,38.9,122.0
2022-01-02 09:00:00,8.5,44.2,75.1,38.4,44.2,39.2,125.0
2022-01-02 10:00:00,9.4,44.9,75.6,38.6,44.4,39.4,126.0
2022-01-02 11:00:00,10.0,44.5,72.1,38.6,44.1,39.4,121.0
2022-01-02 12:00:00,12.4,41.0,69.6,37.3,41.0,38.1,104.0
2022-01-02 13:00:00,12.9,40.7,68.3,35.5,40.6,36.4,83.0
2022-01-02 14:00:00,13.2,40.5,68.2,36.2,41.0,37.1,101.0
2022-01-02 15:00:00,13.3,40.4,68.6,35.9,40.6,36.8,92.0
2022-01-02 16:00:00,13.2,40.5,70.0,35.8,40.7,36.7,96.0
2022-01-02 17:00:00,12.6,49.0,71.8,36.6,44.3,37.1,101.0
2022-01-02 18:00:00,12.2,49.6,77.7,43.2,49.7,43.5,208.0
2022-01-02 19:00:00,11.3,46.0,77.3,39.5,46.0,40.1,109.0
2022-01-02 20:00:00,10.6,46.7,78.1,40.9,46.9,41.5,147.0
2022-01-02 21:00:00,10.6,46.7,79.6,41.4,47.7,42.1,152.0
2022-01-02 22:00:00,10.6,44.5,80.3,40.1,45.4,40.9,128.0
2022-01-02 23:00:00,10.4,44.6,75.5,38.2,40.6,39.0,105.0
2022-01-03 00:00:00,8.9,45.2,70.1,36.8,33.8,33.1,0.0
2022-01-03 01:00:00,8.1,45.6,64.8,35.0,31.6,29.9,0.0
2022-01-03 02:00:00,7.8,45.7,59.9,33.4,28.6,26.9,0.0
2022-01-03 03:00:00,7.6,45.8,55.8,31.9,27.3,25.7,0.0
2022-01-03 04:00:00,7.7,45.8,52.1,30.6,26.8,25.2,0.0
2022-01-03 05:00:00,7.2,46.0,49.1,29.6,26.3,24.7,0.0
2022-01-03 06:00:00,6.2,46.4,54.5,34.3,40.6,33.8,118.0
2022-01-03 07:00:00,6.1,47.3,82.4,40.9,47.5,41.4,198.0
2022-01-03 08:00:00,6.9,46.8,81.9,40.6,47.1,41.2,150.0
2022-01-03 09:00:00,8.3,46.1,79.5,40.6,46.8,41.1,149.0
2022-01-03 10:00:00,9.5,45.5,75.6,39.2,44.8,39.9,125.0
2022-01-03 11:00:00,10.5,44.9,73.5,39.0,44.6,39.7,128.0
2022-01-03 12:00:00,11.6,44.3,70.3,38.6,43.9,39.2,121.0
2022-01-03 13:00:00,12.2,44.0,67.1,37.7,36.1,35.5,72.0
2022-01-03 14:00:00,12.6,43.7,35.4,37.1,34.9,32.1,0.0
2022-01-03 15:00:00,12.5,43.8,69.3,38.9,44.4,39.6,169.0
2022-01-03 16:00:00,11.9,45.6,69.4,38.2,43.8,38.9,117.0
2022-01-03 17:00:00,12.4,45.5,72.9,40.2,46.1,40.7,148.0
2022-01-03 18:00:00,12.1,45.6,72.1,40.1,45.9,40.6,134.0
2022-01-03 19:00:00,11.3,46.5,74.6,40.0,46.1,40.6,133.0
2022-01-03 20:00:00,11.3,46.5,75.6,40.8,46.9,41.3,143.0
2022-01-03 21:00:00,10.5,46.8,75.9,41.1,47.1,41.7,144.0
2022-01-03 22:00:00,9.0,47.4,76.0,41.2,42.0,41.3,129.0
2022-01-03 23:00:00,9.4,47.2,67.4,38.9,35.3,34.4,0.0
2022-01-04 00:00:00,7.4,48.0,63.0,36.6,31.5,29.4,0.0
2022-01-04 01:00:00,8.0,47.8,59.0,34.7,28.8,27.5,0.0
2022-01-04 02:00:00,6.9,48.2,55.1,32.9,27.9,26.5,0.0
2022-01-04 03:00:00,6.2,48.5,51.7,31.4,27.1,25.4,0.0
2022-01-04 04:00:00,5.4,48.8,48.7,30.1,26.3,24.7,0.0
2022-01-04 05:00:00,5.4,48.8,46.0,28.9,25.6,24.2,0.0
2022-01-04 06:00:00,5.6,48.7,65.1,27.5,36.4,25.9,47.0
2022-01-04 07:00:00,5.4,48.8,86.0,42.8,49.2,43.4,262.0
2022-01-04 08:00:00,5.7,48.7,85.2,41.6,48.6,42.2,157.0
2022-01-04 09:00:00,7.0,48.2,83.3,41.8,48.3,42.4,160.0
2022-01-04 10:00:00,8.0,47.8,82.8,41.5,48.2,42.1,156.0
2022-01-04 11:00:00,11.1,46.6,79.7,41.1,47.1,41.7,149.0
2022-01-04 12:00:00,10.8,46.7,78.0,40.3,46.2,40.8,136.0
2022-01-04 13:00:00,12.1,46.2,74.1,39.7,45.6,40.3,131.0
2022-01-04 14:00:00,13.2,45.1,67.6,39.1,44.7,39.7,122.0
2022-01-04 15:00:00,13.3,45.1,66.6,39.5,45.1,40.0,126.0
2022-01-04 16:00:00,13.4,45.1,71.5,40.0,45.4,40.6,134.0
2022-01-04 17:00:00,12.9,45.2,71.7,39.7,45.3,40.3,127.0
2022-01-04 18:00:00,13.2,45.1,71.6,40.0,45.5,40.6,129.0
2022-01-04 19:00:00,12.9,45.2,72.0,39.9,45.6,40.5,129.0
2022-01-04 20:00:00,13.1,45.2,71.7,40.0,45.7,40.6,129.0
2022-01-04 21:00:00,12.9,45.2,74.1,40.1,45.8,40.6,130.0
2022-01-04 22:00:00,13.0,45.2,71.6,39.9,40.9,40.3,117.0
2022-01-04 23:00:00,12.8,45.2,67.3,38.2,34.6,33.9,0.0
2022-01-05 00:00:00,11.8,45.4,62.6,36.3,32.3,30.5,0.0
2022-01-05 01:00:00,10.5,45.7,58.3,34.6,28.6,27.1,0.0
2022-01-05 02:00:00,9.6,45.9,54.3,33.2,27.5,26.1,0.0
2022-01-05 03:00:00,10.0,45.8,50.9,31.7,27.0,25.6,0.0
2022-01-05 04:00:00,11.7,45.5,48.1,30.7,26.5,25.2,0.0
2022-01-05 05:00:00,12.0,45.4,30.9,30.1,25.6,24.6,0.0
2022-01-05 06:00:00,10.0,48.0,83.4,40.2,49.3,40.0,188.0
2022-01-05 07:00:00,9.7,48.1,84.1,41.7,48.3,42.3,171.0
2022-01-05 08:00:00,9.2,48.3,84.3,41.6,48.3,42.3,157.0
2022-01-05 09:00:00,10.7,47.7,82.4,41.8,48.3,42.4,157.0
2022-01-05 10:00:00,13.2,45.2,79.3,40.8,45.6,41.5,139.0
2022-01-05 11:00:00,14.4,45.0,71.2,39.0,44.6,39.7,113.0
2022-01-05 12:00:00,14.7,45.0,67.6,37.8,34.4,33.5,0.0
2022-01-05 13:00:00,15.2,45.0,63.0,36.0,33.1,31.1,0.0
2022-01-05 14:00:00,15.2,45.0,58.7,34.4,29.3,27.6,0.0
2022-01-05 15:00:00,15.3,45.0,54.9,33.1,27.6,26.2,0.0
2022-01-05 16:00:00,15.4,45.0,51.6,31.9,27.0,25.6,0.0
2022-01-05 17:00:00,15.4,45.0,48.8,31.0,26.8,25.3,0.0
2022-01-05 18:00:00,14.7,45.0,46.2,30.0,26.3,25.0,0.0
2022-01-05 19:00:00,13.7,45.1,70.8,40.0,46.2,40.3,204.0
2022-01-05 20:00:00,13.8,45.0,68.9,39.2,44.3,39.8,124.0
2022-01-05 21:00:00,13.2,45.2,70.8,39.8,45.8,40.3,132.0
2022-01-05 22:00:00,13.7,45.1,69.1,39.6,40.7,40.1,118.0
2022-01-05 23:00:00,13.6,45.1,65.0,37.8,34.5,33.7,0.0
2022-01-06 00:00:00,12.5,45.5,60.5,35.8,31.6,29.6,0.0
2022-01-06 01:00:00,11.2,45.9,56.4,34.0,28.1,26.4,0.0
2022-01-06 02:00:00,10.9,46.0,52.7,32.4,27.0,25.8,0.0
2022-01-06 03:00:00,10.3,46.2,49.4,31.1,26.7,25.3,0.0
2022-01-06 04:00:00,10.5,46.1,46.6,29.9,26.2,24.7,0.0
2022-01-06 05:00:00,10.6,46.1,44.2,28.9,25.5,24.3,0.0
2022-01-06 06:00:00,10.6,44.9,74.4,28.7,41.1,27.4,55.0
2022-01-06 07:00:00,9.8,45.7,75.4,39.6,45.4,40.2,214.0
2022-01-06 08:00:00,11.6,44.1,74.7,39.2,44.6,40.0,129.0
2022-01-06 09:00:00,8.9,46.6,74.1,39.8,46.6,40.2,134.0
2022-01-06 10:00:00,8.0,47.3,77.4,41.3,47.4,41.9,161.0
2022-01-06 11:00:00,6.8,46.8,75.8,40.2,46.0,40.8,137.0
2022-01-06 12:00:00,6.1,47.2,78.8,40.8,47.5,41.4,150.0
2022-01-06 13:00:00,6.3,47.1,78.5,41.1,47.2,41.7,151.0
2022-01-06 14:00:00,6.0,47.3,80.5,40.9,47.4,41.4,147.0
2022-01-06 15:00:00,5.8,47.4,80.6,41.2,47.6,41.7,152.0
2022-01-06 16:00:00,6.3,47.1,80.6,40.8,46.9,41.4,145.0
2022-01-06 17:00:00,6.4,47.0,80.3,40.6,46.6,41.2,142.0
2022-01-06 18:00:00,6.9,46.7,80.5,40.6,46.9,41.3,145.0
2022-01-06 19:00:00,6.5,47.0,79.4,40.4,46.4,41.1,139.0
2022-01-06 20:00:00,6.5,48.6,80.1,40.7,47.4,41.3,144.0
2022-01-06 21:00:00,6.5,48.6,80.5,42.7,49.2,43.1,171.0
2022-01-06 22:00:00,6.3,48.8,80.6,42.2,48.6,42.6,155.0
2022-01-06 23:00:00,6.7,45.2,80.2,38.7,44.5,39.6,109.0
2022-01-07 00:00:00,6.7,45.2,76.2,38.3,35.2,34.5,59.0
2022-01-07 01:00:00,6.0,45.5,70.1,36.1,33.5,32.2,0.0
2022-01-07 02:00:00,7.1,45.0,64.4,34.2,29.6,27.9,0.0
2022-01-07 03:00:00,6.5,45.2,59.5,32.6,27.4,25.7,0.0
2022-01-07 04:00:00,7.1,45.0,55.4,31.2,26.5,25.1,0.0
2022-01-07 05:00:00,6.9,45.1,51.7,30.0,26.1,24.7,0.0
2022-01-07 06:00:00,6.9,45.1,82.3,32.8,44.5,30.2,87.0
2022-01-07 07:00:00,6.4,45.3,83.6,39.0,44.7,39.8,193.0
2022-01-07 08:00:00,6.6,47.2,84.1,41.3,47.9,41.8,168.0
2022-01-07 09:00:00,6.0,47.5,82.1,40.7,47.1,41.3,151.0
2022-01-07 10:00:00,6.8,47.2,82.6,40.5,47.1,41.2,150.0
2022-01-07 11:00:00,6.1,47.5,81.9,40.7,47.1,41.4,155.0
2022-01-07 12:00:00,7.4,46.9,79.2,40.6,46.8,41.3,151.0
2022-01-07 13:00:00,6.9,46.3,77.8,40.3,46.3,40.9,143.0
2022-01-07 14:00:00,7.1,46.1,76.8,39.9,46.1,40.5,138.0
2022-01-07 15:00:00,6.6,46.5,77.5,39.9,46.0,40.6,142.0
2022-01-07 16:00:00,6.9,46.3,77.9,40.1,46.3,40.7,145.0
2022-01-07 17:00:00,6.8,46.4,78.8,40.6,46.9,41.2,151.0
2022-01-07 18:00:00,7.4,45.9,79.3,40.0,46.2,40.7,141.0
2022-01-07 19:00:00,6.3,47.4,80.1,40.6,47.5,41.1,149.0
2022-01-07 20:00:00,6.3,47.4,80.7,41.5,48.0,41.9,163.0
2022-01-07 21:00:00,6.0,47.5,80.7,41.4,48.0,41.9,155.0
2022-01-07 22:00:00,6.3,47.4,77.6,41.1,46.9,41.6,150.0
2022-01-07 23:00:00,6.7,47.2,70.6,38.6,38.4,34.0,0.0
2022-01-08 00:00:00,6.4,47.3,66.5,34.8,32.7,30.0,0.0
2022-01-08 01:00:00,6.2,47.4,61.9,32.8,28.4,26.7,0.0
2022-01-08 02:00:00,5.9,47.6,57.6,31.4,27.3,25.9,0.0
2022-01-08 03:00:00,5.5,47.7,53.6,30.1,26.5,25.3,0.0
2022-01-08 04:00:00,5.9,47.6,50.1,28.9,26.0,24.5,0.0
2022-01-08 05:00:00,6.0,47.5,47.1,27.9,25.2,23.7,0.0
2022-01-08 06:00:00,6.0,47.5,69.0,29.2,38.6,27.1,61.0
2022-01-08 07:00:00,5.7,47.6,83.9,41.2,47.9,41.7,252.0
2022-01-08 08:00:00,5.9,47.6,81.6,40.5,47.2,41.0,156.0
2022-01-08 09:00:00,6.2,47.4,82.5,41.2,47.8,41.7,167.0
2022-01-08 10:00:00,6.5,47.3,81.0,40.7,47.0,41.3,156.0
2022-01-08 11:00:00,6.8,47.2,81.2,40.4,46.8,41.0,150.0
2022-01-08 12:00:00,7.1,47.0,80.5,40.3,46.7,40.9,150.0
2022-01-08 13:00:00,7.2,47.0,79.9,40.3,46.7,41.0,149.0
2022-01-08 14:00:00,7.7,46.8,79.2,40.1,46.3,40.7,145.0
2022-01-08 15:00:00,7.9,46.7,78.7,40.1,46.2,40.8,147.0
2022-01-08 16:00:00,8.0,46.6,78.9,40.1,46.2,40.8,144.0
2022-01-08 17:00:00,8.0,46.6,80.3,40.1,46.4,40.8,145.0
2022-01-08 18:00:00,7.8,46.7,79.9,40.2,46.5,40.9,145.0
2022-01-08 19:00:00,7.7,46.8,78.0,40.1,46.2,40.7,144.0
2022-01-08 20:00:00,7.8,46.7,80.0,40.4,46.8,41.0,149.0
2022-01-08 21:00:00,6.9,47.1,78.8,40.5,46.8,41.1,149.0
2022-01-08 22:00:00,5.8,47.6,81.2,40.8,42.3,41.5,150.0
2022-01-08 23:00:00,5.9,47.6,75.2,38.9,35.7,33.8,0.0
2022-01-09 00:00:00,4.8,48.1,69.1,36.4,31.0,28.9,0.0
2022-01-09 01:00:00,4.5,48.3,63.5,34.2,28.1,26.8,0.0
2022-01-09 02:00:00,4.6,48.2,58.7,32.3,27.3,25.6,0.0
2022-01-09 03:00:00,4.6,48.2,54.6,30.8,26.5,24.4,0.0
2022-01-09 04:00:00,3.9,48.7,53.7,29.4,28.3,23.8,0.0
2022-01-09 05:00:00,3.8,48.9,55.9,23.6,35.7,22.8,0.0
2022-01-09 06:00:00,4.0,48.7,86.0,40.2,50.4,39.4,204.0
2022-01-09 07:00:00,4.3,48.4,86.2,41.4,48.9,41.8,186.0
2022-01-09 08:00:00,4.5,48.3,85.8,41.5,48.3,42.0,170.0
2022-01-09 09:00:00,3.9,48.7,85.4,41.5,48.5,42.0,169.0
2022-01-09 10:00:00,4.7,48.2,85.3,41.7,48.5,42.3,165.0
2022-01-09 11:00:00,5.4,47.8,84.2,41.5,48.4,42.0,169.0
2022-01-09 12:00:00,5.7,47.6,84.4,41.5,48.1,42.0,165.0
2022-01-09 13:00:00,5.2,47.9,84.4,41.2,47.9,41.8,159.0
2022-01-09 14:00:00,5.9,47.6,84.1,41.1,47.7,41.7,156.0
2022-01-09 15:00:00,4.5,48.3,84.5,41.2,47.8,41.8,158.0
2022-01-09 16:00:00,5.6,47.7,85.2,41.5,48.1,42.1,159.0
2022-01-09 17:00:00,5.8,47.6,85.3,41.5,48.1,42.1,158.0
2022-01-09 18:00:00,5.2,47.9,85.6,41.2,47.6,41.8,153.0
2022-01-09 19:00:00,5.3,47.8,85.2,41.0,47.5,41.7,150.0
2022-01-09 20:00:00,4.6,48.2,85.3,41.0,47.7,41.6,151.0
2022-01-09 21:00:00,4.2,48.5,85.4,41.5,48.2,42.1,156.0
2022-01-09 22:00:00,4.1,48.6,85.6,41.7,48.5,42.4,162.0
2022-01-09 23:00:00,3.6,48.9,60.4,68.5,57.9,35.2,0.0
2022-01-10 00:00:00,3.4,49.1,53.4,70.5,49.1,32.3,0.0
2022-01-10 01:00:00,3.3,49.2,50.8,57.1,33.0,31.8,0.0
2022-01-10 02:00:00,2.6,49.6,48.0,48.3,30.0,28.4,0.0
2022-01-10 03:00:00,2.7,49.6,45.3,42.4,27.7,26.3,0.0
2022-01-10 04:00:00,2.5,49.7,42.9,38.2,26.8,25.3,0.0
2022-01-10 05:00:00,2.1,50.0,48.6,53.2,47.9,24.5,0.0
2022-01-10 06:00:00,2.0,48.6,86.6,42.2,51.3,41.6,222.0
2022-01-10 07:00:00,1.7,48.6,87.0,41.1,48.2,41.6,167.0
2022-01-10 08:00:00,2.0,48.6,87.5,41.4,48.6,41.9,173.0
2022-01-10 09:00:00,2.6,48.4,86.5,41.3,48.8,41.9,169.0
2022-01-10 10:00:00,2.0,48.6,86.0,40.6,48.2,41.2,155.0
2022-01-10 11:00:00,1.9,48.6,86.2,40.8,48.7,41.4,162.0
2022-01-10 12:00:00,1.5,48.7,86.3,40.9,48.5,41.5,160.0
2022-01-10 13:00:00,1.6,48.7,87.6,40.7,48.6,41.3,158.0
2022-01-10 14:00:00,1.0,48.8,86.4,40.8,48.3,41.5,161.0
2022-01-10 15:00:00,1.3,48.7,87.1,40.8,48.5,41.4,158.0
2022-01-10 16:00:00,0.9,48.8,86.9,40.5,48.3,41.2,154.0
2022-01-10 17:00:00,0.7,48.8,87.9,41.0,48.8,41.6,165.0
2022-01-10 18:00:00,1.0,48.8,88.5,41.1,49.2,41.8,162.0
2022-01-10 19:00:00,0.6,48.9,88.6,41.4,49.4,42.0,165.0
2022-01-10 20:00:00,0.8,48.8,88.1,41.0,48.8,41.7,160.0
2022-01-10 21:00:00,0.4,48.9,88.1,40.7,48.4,41.4,159.0
2022-01-10 22:00:00,0.0,49.0,88.9,40.7,48.6,41.4,160.0
2022-01-10 23:00:00,0.4,48.9,80.2,38.5,35.1,33.5,0.0
2022-01-11 00:00:00,0.1,48.9,73.4,35.9,32.4,29.6,0.0
2022-01-11 01:00:00,0.3,48.9,67.0,33.7,28.2,25.5,0.0
2022-01-11 02:00:00,0.4,48.9,61.6,31.9,27.1,24.4,0.0
2022-01-11 03:00:00,0.4,48.9,57.0,30.3,26.0,23.5,0.0
2022-01-11 04:00:00,0.6,48.8,52.9,28.8,25.1,22.7,0.0
2022-01-11 05:00:00,0.8,48.8,27.0,40.7,29.2,25.1,0.0
2022-01-11 06:00:00,0.8,50.1,86.0,38.1,50.6,36.2,141.0
2022-01-11 07:00:00,1.0,50.0,81.1,41.6,49.3,41.9,221.0
2022-01-11 08:00:00,1.2,51.9,90.3,42.4,51.7,42.8,195.0
2022-01-11 09:00:00,1.8,51.6,90.0,45.1,52.4,45.1,224.0
2022-01-11 10:00:00,1.7,51.6,89.3,44.4,51.2,44.6,201.0
2022-01-11 11:00:00,2.3,51.3,84.5,44.3,50.7,44.3,200.0
2022-01-11 12:00:00,2.4,51.2,84.4,44.7,51.1,44.6,207.0
2022-01-11 13:00:00,2.0,51.5,84.1,44.7,51.1,44.7,200.0
2022-01-11 14:00:00,1.6,51.7,86.3,44.9,51.7,45.0,203.0
2022-01-11 15:00:00,1.5,51.8,86.3,45.4,52.2,45.4,209.0
2022-01-11 16:00:00,1.1,51.9,87.2,45.6,52.5,45.6,210.0
2022-01-11 17:00:00,2.0,51.4,86.5,45.1,51.5,45.1,200.0
2022-01-11 18:00:00,2.2,51.4,87.0,45.0,51.5,45.0,199.0
2022-01-11 19:00:00,1.9,51.5,88.7,45.2,52.0,45.3,202.0
2022-01-11 20:00:00,2.0,51.5,88.2,44.8,51.4,45.0,197.0
2022-01-11 21:00:00,1.2,51.9,88.5,45.0,51.7,45.1,197.0
2022-01-11 22:00:00,1.2,51.9,87.9,45.0,45.1,45.2,193.0
2022-01-11 23:00:00,1.4,51.8,81.2,42.1,35.1,35.3,0.0
2022-01-12 00:00:00,1.6,51.7,73.8,38.9,29.6,28.5,0.0
2022-01-12 01:00:00,1.1,51.9,67.5,36.3,26.7,25.8,0.0
2022-01-12 02:00:00,1.2,51.9,62.0,34.0,25.5,24.7,0.0
2022-01-12 03:00:00,0.9,52.0,57.4,32.1,24.4,23.8,0.0
2022-01-12 04:00:00,0.7,52.1,53.4,30.4,23.6,23.1,0.0
2022-01-12 05:00:00,0.9,52.0,61.7,21.6,24.3,22.9,0.0
2022-01-12 06:00:00,0.9,50.2,63.4,44.6,33.1,25.8,0.0
2022-01-12 07:00:00,1.2,48.1,83.6,44.7,52.1,44.1,312.0
2022-01-12 08:00:00,1.7,47.9,86.9,41.2,47.4,41.7,169.0
2022-01-12 09:00:00,1.5,48.0,86.5,41.7,48.1,42.0,182.0
2022-01-12 10:00:00,1.4,48.0,85.5,41.7,47.9,42.1,184.0
2022-01-12 11:00:00,1.7,47.9,85.4,41.8,48.0,42.1,181.0
2022-01-12 12:00:00,0.9,48.2,85.5,41.8,48.1,42.2,181.0
2022-01-12 13:00:00,0.6,48.3,86.0,42.1,48.2,42.5,183.0
2022-01-12 14:00:00,0.1,48.4,87.0,42.2,48.6,42.5,184.0
2022-01-12 15:00:00,0.7,49.3,87.4,42.7,49.2,42.9,187.0
2022-01-12 16:00:00,-0.4,50.5,89.2,44.1,51.3,44.2,208.0
2022-01-12 17:00:00,-1.1,51.2,90.2,44.0,50.7,44.3,199.0
2022-01-12 18:00:00,-1.5,51.6,91.4,44.2,51.5,44.4,133.0
2022-01-12 19:00:00,-1.08,50.62,90.78,43.44,50.46,43.74,201.4
2022-01-12 20:00:00,-0.66,49.64,90.16,42.68,49.42,43.08,201.4
2022-01-12 21:00:00,-0.24,48.66,89.54,41.92,48.38,42.42,201.4
2022-01-12 22:00:00,0.18,47.68,88.92,41.16,47.34,41.76,201.4
2022-01-12 23:00:00,0.6,46.7,88.3,40.4,46.3,41.1,201.4
2022-01-13 00:00:00,0.3,46.8,88.7,41.0,47.0,41.6,167.0
2022-01-13 01:00:00,-0.1,47.0,87.4,40.4,36.9,37.2,108.0
2022-01-13 02:00:00,0.6,46.7,79.2,37.7,32.6,32.4,0.0
2022-01-13 03:00:00,0.6,46.7,71.8,35.3,27.3,26.4,0.0
2022-01-13 04:00:00,0.6,46.7,65.5,33.0,25.2,24.4,0.0
2022-01-13 05:00:00,0.7,46.7,90.7,40.1,48.2,40.3,212.0
2022-01-13 06:00:00,0.4,46.8,84.0,41.9,49.6,41.6,165.0
2022-01-13 07:00:00,0.9,46.6,88.2,40.7,46.8,41.3,174.0
2022-01-13 08:00:00,0.8,50.1,90.3,43.8,50.7,44.0,209.0
2022-01-13 09:00:00,0.9,50.0,90.1,43.3,50.0,43.6,199.0
2022-01-13 10:00:00,1.0,50.0,87.9,43.0,49.6,43.2,193.0
2022-01-13 11:00:00,1.9,49.5,89.0,43.6,49.9,44.0,202.0
2022-01-13 12:00:00,0.7,50.1,86.1,43.3,49.9,43.4,189.0
2022-01-13 13:00:00,0.9,50.0,88.2,43.9,50.3,44.2,205.0
2022-01-13 14:00:00,1.1,49.9,88.0,43.5,50.0,43.8,193.0
2022-01-13 15:00:00,0.9,50.0,87.8,43.6,50.4,43.7,193.0
2022-01-13 16:00:00,1.7,49.6,87.8,43.5,49.8,43.8,195.0
2022-01-13 17:00:00,2.0,49.5,88.9,43.3,49.8,43.6,192.0
2022-01-13 18:00:00,0.6,50.2,90.0,43.6,49.9,43.9,195.0
2022-01-13 19:00:00,-0.3,50.7,90.8,43.8,50.8,44.1,196.0
2022-01-13 20:00:00,-0.7,50.9,91.1,44.1,51.0,44.4,202.0
2022-01-13 21:00:00,-1.7,51.3,91.7,44.5,51.3,44.6,205.0
2022-01-13 22:00:00,-2.0,51.5,93.3,44.6,51.5,44.8,206.0
2022-01-13 23:00:00,-1.8,51.4,91.5,44.9,51.7,45.0,210.0
2022-01-14 00:00:00,-1.6,48.3,85.3,41.9,47.9,42.3,162.0
2022-01-14 01:00:00,-2.9,49.0,78.7,39.3,33.3,33.7,0.0
2022-01-14 02:00:00,-2.2,48.7,81.0,33.9,41.9,30.7,72.0
2022-01-14 03:00:00,-2.8,48.9,78.7,34.7,30.5,30.7,33.0
2022-01-14 04:00:00,-3.3,49.2,70.7,32.6,29.0,28.3,0.0
2022-01-14 05:00:00,-2.2,48.6,49.6,31.7,36.2,31.1,89.0
2022-01-14 06:00:00,-1.5,48.3,67.5,42.4,48.0,42.2,244.0
2022-01-14 07:00:00,-2.5,48.8,81.8,42.7,49.1,42.8,202.0
2022-01-14 08:00:00,-1.8,48.4,85.4,41.9,48.1,42.3,183.0
2022-01-14 09:00:00,-1.2,49.4,91.7,42.8,50.0,43.1,199.0
2022-01-14 10:00:00,-0.9,49.2,89.2,43.2,49.3,43.6,198.0
2022-01-14 11:00:00,-0.2,48.7,88.2,42.1,48.6,42.6,179.0
2022-01-14 12:00:00,0.6,48.0,87.3,42.5,48.5,42.8,186.0
2022-01-14 13:00:00,1.2,47.7,85.1,41.9,47.8,42.3,174.0
2022-01-14 14:00:00,2.2,46.9,84.4,41.5,47.6,41.9,169.0
2022-01-14 15:00:00,2.8,46.5,84.1,41.1,46.7,41.6,163.0
2022-01-14 16:00:00,3.2,46.3,84.5,40.9,46.5,41.5,161.0
2022-01-14 17:00:00,1.9,47.1,85.0,40.6,46.7,41.1,158.0
2022-01-14 18:00:00,1.4,48.8,86.8,42.0,48.7,42.3,181.0
2022-01-14 19:00:00,0.5,49.6,86.8,43.2,49.6,43.5,193.0
2022-01-14 20:00:00,1.3,48.9,86.9,42.8,48.9,43.1,185.0
2022-01-14 21:00:00,0.5,49.6,87.5,42.9,49.5,43.1,183.0
2022-01-14 22:00:00,0.0,50.0,87.5,43.7,50.2,43.9,198.0
2022-01-14 23:00:00,0.4,49.6,81.0,42.4,37.3,37.6,105.0
2022-01-15 00:00:00,1.6,48.7,74.8,39.2,33.4,32.6,0.0
2022-01-15 01:00:00,1.7,48.6,68.8,36.4,28.0,26.9,0.0
2022-01-15 02:00:00,0.0,50.0,63.4,34.1,25.7,25.0,0.0
2022-01-15 03:00:00,0.6,49.6,58.7,32.0,24.7,24.0,0.0
2022-01-15 04:00:00,0.9,49.2,54.5,30.3,23.8,23.2,0.0
2022-01-15 05:00:00,2.8,47.7,34.3,32.8,31.2,22.4,0.0
2022-01-15 06:00:00,3.6,47.1,85.7,41.8,47.7,42.3,296.0
2022-01-15 07:00:00,4.0,46.8,84.1,40.4,46.2,41.0,164.0
2022-01-15 08:00:00,4.3,46.5,82.6,40.8,46.7,41.3,170.0
2022-01-15 09:00:00,4.7,50.1,83.9,44.1,50.6,44.1,215.0
2022-01-15 10:00:00,3.9,50.4,83.4,43.6,50.2,43.6,193.0
2022-01-15 11:00:00,3.8,50.4,79.8,43.9,49.9,44.0,198.0
2022-01-15 12:00:00,4.5,50.1,82.4,44.2,50.4,44.2,199.0
2022-01-15 13:00:00,4.8,45.2,80.1,42.9,46.5,43.4,179.0
2022-01-15 14:00:00,5.1,48.9,80.4,44.1,49.8,44.2,181.0
2022-01-15 15:00:00,5.1,48.9,80.5,42.4,48.3,42.7,164.0
2022-01-15 16:00:00,5.4,48.6,83.4,43.2,49.1,43.5,186.0
2022-01-15 17:00:00,5.5,48.5,84.6,42.6,48.6,42.9,175.0
2022-01-15 18:00:00,5.3,48.7,85.4,42.9,49.1,43.2,180.0
2022-01-15 19:00:00,4.2,49.3,85.6,42.9,48.9,43.2,182.0
2022-01-15 20:00:00,3.8,49.6,86.4,43.0,49.3,43.4,184.0
2022-01-15 21:00:00,3.6,49.7,86.4,43.1,49.3,43.4,184.0
2022-01-15 22:00:00,4.3,49.3,86.1,43.1,43.2,43.4,177.0
2022-01-15 23:00:00,3.5,49.7,75.0,40.6,34.8,34.5,0.0
2022-01-16 00:00:00,3.7,49.6,69.5,37.6,30.7,29.6,0.0
2022-01-16 01:00:00,3.9,49.5,64.4,35.1,26.6,25.8,0.0
2022-01-16 02:00:00,3.9,49.6,59.7,33.1,25.5,24.7,0.0
2022-01-16 03:00:00,4.2,49.4,55.7,31.3,24.7,24.0,0.0
2022-01-16 04:00:00,4.2,49.4,52.0,29.9,23.8,23.4,0.0
2022-01-16 05:00:00,3.3,49.8,58.7,27.3,27.3,24.3,0.0
2022-01-16 06:00:00,3.4,49.7,87.5,43.2,50.9,43.0,279.0
2022-01-16 07:00:00,3.4,49.8,86.6,42.9,49.3,43.1,194.0
2022-01-16 08:00:00,3.5,49.7,85.8,43.2,49.8,43.5,189.0
2022-01-16 09:00:00,3.9,49.5,86.0,43.7,50.3,43.8,201.0
2022-01-16 10:00:00,4.4,49.3,86.2,43.1,49.3,43.4,186.0
2022-01-16 11:00:00,4.7,49.2,85.2,43.0,49.0,43.3,184.0
2022-01-16 12:00:00,5.2,48.8,83.6,42.7,48.6,43.0,178.0
2022-01-16 13:00:00,5.8,48.2,82.5,42.5,48.4,42.9,175.0
2022-01-16 14:00:00,6.3,47.7,80.5,41.6,47.2,42.1,163.0
2022-01-16 15:00:00,6.7,47.2,80.7,41.3,46.9,41.8,159.0
2022-01-16 16:00:00,6.5,47.5,80.7,41.2,46.9,41.7,160.0
2022-01-16 17:00:00,5.4,48.6,84.1,42.7,49.1,43.1,181.0
2022-01-16 18:00:00,4.1,49.4,85.9,43.7,49.5,43.9,187.0
2022-01-16 19:00:00,4.8,49.1,86.3,42.9,49.2,43.3,174.0
2022-01-16 20:00:00,3.6,49.7,86.2,43.0,49.5,43.3,177.0
2022-01-16 21:00:00,2.9,50.0,87.4,43.8,50.2,44.1,190.0
2022-01-16 22:00:00,3.0,50.0,88.0,43.9,44.3,44.2,189.0
2022-01-16 23:00:00,2.5,50.2,80.7,41.2,34.7,34.9,0.0
2022-01-17 00:00:00,2.0,50.4,73.6,38.2,29.8,29.0,0.0
2022-01-17 01:00:00,1.1,50.9,67.3,35.7,26.7,26.1,0.0
2022-01-17 02:00:00,1.6,50.7,61.8,33.5,25.5,24.9,0.0
2022-01-17 03:00:00,0.8,51.1,57.1,31.8,24.7,23.9,0.0
2022-01-17 04:00:00,1.1,51.0,53.3,30.2,24.1,23.0,0.0
2022-01-17 05:00:00,1.9,50.5,26.8,45.1,27.6,24.6,0.0
2022-01-17 06:00:00,1.1,50.9,77.2,37.4,46.1,35.0,131.0
2022-01-17 07:00:00,2.6,50.2,86.1,44.6,50.5,44.7,260.0
2022-01-17 08:00:00,2.8,50.1,85.9,43.1,49.6,43.3,188.0
2022-01-17 09:00:00,2.7,50.1,85.9,43.3,49.7,43.6,196.0
2022-01-17 10:00:00,3.2,49.9,85.2,42.1,49.4,42.5,176.0
2022-01-17 11:00:00,4.2,49.4,82.6,42.4,50.1,42.8,181.0
2022-01-17 12:00:00,5.2,48.8,83.7,42.0,49.4,42.4,172.0
2022-01-17 13:00:00,5.9,48.1,80.8,41.4,48.5,41.9,162.0
2022-01-17 14:00:00,6.8,47.2,80.9,40.8,47.6,41.3,154.0
2022-01-17 15:00:00,6.7,47.3,78.9,40.5,47.2,41.0,148.0
2022-01-17 16:00:00,7.4,46.6,78.6,39.7,46.2,40.4,142.0
2022-01-17 17:00:00,6.9,47.1,80.0,39.7,46.5,40.2,144.0
2022-01-17 18:00:00,6.3,47.7,83.4,40.5,47.7,41.1,156.0
2022-01-17 19:00:00,6.5,47.5,75.5,42.0,55.0,38.2,116.0
2022-01-17 20:00:00,6.9,47.2,81.3,40.4,47.0,41.1,178.0
2022-01-17 21:00:00,7.0,47.0,79.5,39.4,46.1,40.1,135.0
2022-01-17 22:00:00,6.5,47.5,82.5,41.1,42.9,41.7,156.0
2022-01-17 23:00:00,6.4,47.5,71.4,38.4,37.3,33.8,0.0
2022-01-18 00:00:00,7.1,46.9,65.9,35.5,31.1,28.1,0.0
2022-01-18 01:00:00,6.2,47.8,61.1,33.5,28.8,26.5,0.0
2022-01-18 02:00:00,5.2,48.8,56.8,31.7,27.3,25.1,0.0
2022-01-18 03:00:00,5.5,48.5,53.1,30.2,26.3,24.1,0.0
2022-01-18 04:00:00,4.5,49.2,49.9,29.0,25.3,23.4,0.0
2022-01-18 05:00:00,4.2,49.2,24.0,33.5,25.3,23.2,0.0
2022-01-18 06:00:00,4.8,49.0,77.7,33.9,45.4,32.5,114.0
2022-01-18 07:00:00,4.6,49.1,83.0,42.0,49.2,42.4,238.0
2022-01-18 08:00:00,4.4,49.2,85.7,41.8,49.7,42.1,180.0
2022-01-18 09:00:00,4.3,49.2,85.5,41.9,49.6,42.3,180.0
2022-01-18 10:00:00,4.8,49.0,83.8,41.7,49.0,42.1,175.0
2022-01-18 11:00:00,5.2,48.8,83.7,40.9,48.1,41.5,162.0
2022-01-18 12:00:00,5.5,48.5,82.9,40.9,48.1,41.4,162.0
2022-01-18 13:00:00,5.7,48.3,83.0,41.3,48.7,41.8,166.0
2022-01-18 14:00:00,5.5,48.5,82.8,41.4,48.9,41.9,166.0
2022-01-18 15:00:00,4.8,49.0,83.7,41.7,49.2,42.1,170.0
2022-01-18 16:00:00,4.9,49.0,83.5,42.0,49.3,42.4,174.0
2022-01-18 17:00:00,5.3,48.6,85.1,41.9,49.1,42.4,168.0
2022-01-18 18:00:00,4.2,49.3,85.3,41.8,48.9,42.4,166.0
2022-01-18 19:00:00,5.2,48.8,85.3,41.7,49.5,42.2,164.0
2022-01-18 20:00:00,4.9,49.0,86.0,42.0,49.5,42.5,173.0
2022-01-18 21:00:00,3.8,49.4,86.2,42.1,49.7,42.5,171.0
2022-01-18 22:00:00,4.2,49.3,86.5,42.1,49.6,42.6,171.0
2022-01-18 23:00:00,3.8,49.4,80.1,40.0,35.6,34.3,0.0
2022-01-19 00:00:00,4.6,49.1,73.1,37.3,31.8,29.1,0.0
2022-01-19 01:00:00,4.3,49.2,66.9,35.0,28.1,25.8,0.0
2022-01-19 02:00:00,4.1,49.3,61.5,33.1,26.9,24.7,0.0
2022-01-19 03:00:00,3.0,49.8,56.9,31.4,26.0,24.0,0.0
2022-01-19 04:00:00,3.0,49.8,53.0,29.9,25.2,23.2,0.0
2022-01-19 05:00:00,3.5,49.6,34.5,38.9,27.0,23.4,0.0
2022-01-19 06:00:00,3.6,49.5,83.2,34.7,47.1,32.7,108.0
2022-01-19 07:00:00,3.7,49.5,83.9,42.2,49.5,42.5,241.0
2022-01-19 08:00:00,3.7,49.5,86.7,42.0,49.5,42.4,186.0
2022-01-19 09:00:00,4.4,49.2,86.6,41.6,49.4,42.0,176.0
2022-01-19 10:00:00,4.5,49.2,85.3,41.8,49.5,42.2,178.0
2022-01-19 11:00:00,5.1,48.9,85.5,41.8,49.5,42.2,175.0
2022-01-19 12:00:00,5.5,48.5,83.5,41.4,48.8,41.9,169.0
2022-01-19 13:00:00,6.2,47.8,82.9,41.3,48.2,41.8,166.0
2022-01-19 14:00:00,5.9,48.1,80.6,40.8,47.5,41.4,81.0
2022-01-19 15:00:00,6.4,47.6,80.7,40.8,48.0,41.4,227.0
2022-01-19 16:00:00,6.4,47.6,82.9,40.8,47.7,41.4,160.0
2022-01-19 17:00:00,5.0,49.0,83.7,41.0,48.7,41.5,159.0
2022-01-19 18:00:00,5.2,48.8,85.6,42.0,49.3,42.5,176.0
2022-01-19 19:00:00,4.8,49.0,86.5,41.7,49.3,42.3,166.0
2022-01-19 20:00:00,4.5,49.2,86.4,41.6,49.0,42.1,165.0
2022-01-19 21:00:00,3.1,49.8,88.0,41.7,49.2,42.1,167.0
2022-01-19 22:00:00,3.9,49.4,87.8,41.8,49.2,42.3,165.0
2022-01-19 23:00:00,4.0,49.4,81.3,39.9,35.4,34.2,0.0
2022-01-20 00:00:00,3.0,49.8,74.1,37.2,32.5,29.9,0.0
2022-01-20 01:00:00,3.7,49.5,67.6,34.8,28.1,25.7,0.0
2022-01-20 02:00:00,3.4,49.6,62.2,32.9,26.7,24.5,0.0
2022-01-20 03:00:00,2.1,50.2,57.5,31.2,25.8,23.7,0.0
2022-01-20 04:00:00,1.4,50.4,53.4,29.7,25.0,22.9,0.0
2022-01-20 05:00:00,0.2,50.9,30.6,30.6,27.0,23.9,0.0
2022-01-20 06:00:00,0.5,50.8,78.4,39.9,50.1,38.1,185.0
2022-01-20 07:00:00,-0.1,51.0,86.6,43.3,51.2,43.5,232.0
2022-01-20 08:00:00,1.0,50.6,86.0,43.2,51.1,43.4,196.0
2022-01-20 09:00:00,2.3,50.0,87.0,42.5,50.1,42.8,186.0
2022-01-20 10:00:00,3.3,49.6,84.5,41.8,49.2,42.1,171.0
2022-01-20 11:00:00,4.8,49.0,82.0,41.7,49.0,42.1,175.0
2022-01-20 12:00:00,6.0,48.0,78.9,41.2,47.9,41.6,160.0
2022-01-20 13:00:00,7.1,46.9,76.8,40.5,47.1,41.0,151.0
2022-01-20 14:00:00,8.4,45.6,72.7,39.6,46.0,40.2,139.0
2022-01-20 15:00:00,8.6,44.2,72.6,37.5,43.6,38.2,115.0
2022-01-20 16:00:00,9.1,43.8,73.3,37.7,44.0,38.5,125.0
2022-01-20 17:00:00,8.6,44.2,74.2,37.7,44.1,38.5,126.0
2022-01-20 18:00:00,8.7,44.1,74.8,38.0,44.3,38.7,129.0
2022-01-20 19:00:00,8.5,44.9,76.1,38.3,45.0,39.0,132.0
2022-01-20 20:00:00,8.6,44.8,74.6,38.6,44.9,39.3,133.0
2022-01-20 21:00:00,8.7,44.7,74.1,38.5,44.6,39.2,130.0
2022-01-20 22:00:00,7.5,45.8,77.2,39.5,41.8,40.1,143.0
2022-01-20 23:00:00,7.4,45.9,71.6,37.6,34.3,33.0,0.0
2022-01-21 00:00:00,6.5,46.8,66.0,35.4,31.0,28.6,0.0
2022-01-21 01:00:00,6.0,47.2,60.8,33.4,28.6,26.0,0.0
2022-01-21 02:00:00,5.1,48.0,56.3,31.7,26.9,24.8,0.0
2022-01-21 03:00:00,5.5,47.6,52.5,30.3,26.0,24.1,0.0
2022-01-21 04:00:00,4.4,48.3,49.1,29.1,25.4,23.5,0.0
2022-01-21 05:00:00,4.2,48.5,31.0,34.1,26.5,23.6,0.0
2022-01-21 06:00:00,4.1,49.4,77.5,33.1,44.7,31.5,101.0
2022-01-21 07:00:00,4.8,49.1,78.9,42.3,49.3,42.7,241.0
2022-01-21 08:00:00,4.4,49.3,86.4,42.0,49.7,42.3,180.0
2022-01-21 09:00:00,5.0,49.1,86.1,41.7,49.2,42.2,178.0
2022-01-21 10:00:00,5.0,49.1,84.6,41.3,48.5,41.9,170.0
2022-01-21 11:00:00,5.2,48.8,83.7,41.4,48.8,41.8,168.0
2022-01-21 12:00:00,5.2,48.8,82.8,41.6,49.0,42.1,172.0
2022-01-21 13:00:00,5.3,48.7,83.0,41.3,48.3,41.8,165.0
2022-01-21 14:00:00,5.1,46.4,81.1,39.1,45.5,39.8,133.0
2022-01-21 15:00:00,4.6,46.6,83.6,39.7,46.8,40.4,151.0
2022-01-21 16:00:00,4.4,46.7,84.7,40.0,46.8,40.7,153.0
2022-01-21 17:00:00,2.8,47.2,85.4,39.6,46.6,40.4,147.0
2022-01-21 18:00:00,3.3,47.0,86.2,40.1,47.3,40.9,156.0
2022-01-21 19:00:00,3.7,46.9,87.9,40.0,47.2,40.8,154.0
2022-01-21 20:00:00,4.0,48.2,86.2,40.2,47.9,40.9,156.0
2022-01-21 21:00:00,3.6,48.2,85.9,41.3,48.9,41.8,168.0
2022-01-21 22:00:00,3.8,48.2,87.8,41.3,48.7,41.9,171.0
2022-01-21 23:00:00,3.2,48.3,78.9,39.5,35.1,33.7,0.0
2022-01-22 00:00:00,2.7,48.4,72.5,36.9,32.6,30.2,0.0
2022-01-22 01:00:00,1.6,48.6,66.7,34.5,27.6,25.1,0.0
2022-01-22 02:00:00,2.2,48.5,61.4,32.4,26.2,24.1,0.0
2022-01-22 03:00:00,2.0,48.6,56.8,30.7,25.6,23.5,0.0
2022-01-22 04:00:00,2.5,48.5,52.8,29.2,24.8,22.7,0.0
2022-01-22 05:00:00,2.5,48.5,49.2,27.9,24.0,22.0,0.0
2022-01-22 06:00:00,2.8,48.4,90.0,34.8,47.8,32.2,134.0
2022-01-22 07:00:00,2.1,48.5,87.4,40.9,48.4,41.5,229.0
2022-01-22 08:00:00,2.0,48.5,87.4,40.4,47.9,40.9,168.0
2022-01-22 09:00:00,2.5,48.5,85.5,40.5,48.2,41.0,171.0
2022-01-22 10:00:00,2.8,48.4,84.7,40.9,48.5,41.4,173.0
2022-01-22 11:00:00,3.5,48.3,81.9,41.0,48.2,41.5,170.0
2022-01-22 12:00:00,3.1,48.4,83.5,40.8,48.3,41.3,165.0
2022-01-22 13:00:00,2.8,48.4,83.2,41.0,48.4,41.4,168.0
2022-01-22 14:00:00,3.3,48.3,84.5,40.9,48.4,41.5,167.0
2022-01-22 15:00:00,2.8,48.4,84.6,41.3,48.8,41.8,171.0
2022-01-22 16:00:00,3.0,48.4,84.3,41.4,48.7,41.8,168.0
2022-01-22 17:00:00,3.6,48.2,84.5,41.4,48.8,41.8,169.0
2022-01-22 18:00:00,3.6,48.3,85.6,41.4,48.9,42.0,169.0
2022-01-22 19:00:00,1.7,48.6,84.7,41.5,48.9,42.0,171.0
2022-01-22 20:00:00,1.2,48.7,87.1,41.5,49.2,42.0,172.0
2022-01-22 21:00:00,0.9,48.8,85.4,41.4,48.5,41.9,164.0
2022-01-22 22:00:00,0.4,48.9,87.5,41.8,49.2,42.3,178.0
2022-01-22 23:00:00,0.5,48.9,84.4,40.7,37.1,36.0,87.0
2022-01-23 00:00:00,0.0,49.0,76.8,37.8,33.8,31.9,0.0
2022-01-23 01:00:00,0.7,48.8,69.9,35.2,29.0,26.5,0.0
2022-01-23 02:00:00,1.6,48.6,63.9,33.0,26.7,24.3,0.0
2022-01-23 03:00:00,0.9,48.8,58.8,31.2,25.5,23.4,0.0
2022-01-23 04:00:00,0.1,48.9,54.5,29.7,24.8,22.7,0.0
2022-01-23 05:00:00,0.2,48.9,50.7,28.4,23.9,22.0,0.0
2022-01-23 06:00:00,0.4,48.9,83.5,32.3,44.5,29.8,106.0
2022-01-23 07:00:00,1.0,48.8,88.9,41.1,48.6,41.7,247.0
2022-01-23 08:00:00,1.6,48.6,76.6,40.6,47.2,41.2,169.0
2022-01-23 09:00:00,1.6,48.6,87.7,41.5,49.4,42.1,186.0
2022-01-23 10:00:00,1.3,48.7,85.8,40.7,48.0,41.2,170.0
2022-01-23 11:00:00,1.4,48.7,85.6,41.0,48.6,41.5,172.0
2022-01-23 12:00:00,0.7,48.8,84.7,41.2,48.7,41.6,177.0
2022-01-23 13:00:00,1.2,49.3,85.1,41.6,49.3,42.1,176.0
2022-01-23 14:00:00,1.3,49.3,84.7,41.9,49.5,42.4,181.0
2022-01-23 15:00:00,1.6,49.3,85.0,42.1,49.7,42.5,179.0
2022-01-23 16:00:00,0.7,49.4,85.8,42.2,49.6,42.8,181.0
2022-01-23 17:00:00,0.6,54.0,87.6,43.2,53.2,42.6,182.0
2022-01-23 18:00:00,1.1,53.6,88.0,45.5,53.6,45.5,233.0
2022-01-23 19:00:00,-0.1,54.5,87.8,45.4,54.2,45.3,212.0
2022-01-23 20:00:00,-0.4,54.8,87.9,46.6,55.2,46.4,228.0
2022-01-23 21:00:00,0.2,54.3,87.8,46.0,54.2,45.9,214.0
2022-01-23 22:00:00,-0.3,54.7,41.8,48.8,43.1,41.4,149.0
2022-01-23 23:00:00,0.2,54.2,55.5,63.9,53.9,32.5,0.0
2022-01-24 00:00:00,0.0,54.5,43.1,29.9,34.2,28.6,0.0
2022-01-24 01:00:00,0.0,54.5,41.7,28.8,32.7,27.9,0.0
2022-01-24 02:00:00,0.4,54.2,41.9,25.7,38.7,25.3,0.0
2022-01-24 03:00:00,0.1,54.4,70.8,22.9,51.9,23.8,0.0
2022-01-24 04:00:00,-0.1,54.6,88.3,39.9,52.5,37.7,191.0
2022-01-24 05:00:00,-0.2,51.5,74.9,43.3,51.1,42.6,227.0
2022-01-24 06:00:00,0.0,51.5,84.3,43.8,51.6,43.9,213.0
2022-01-24 07:00:00,-0.5,51.5,90.3,43.7,52.0,44.0,208.0
2022-01-24 08:00:00,-1.0,51.6,90.1,43.7,52.1,44.0,203.0
2022-01-24 09:00:00,-1.2,51.6,89.2,43.5,51.7,43.8,200.0
2022-01-24 10:00:00,-0.4,51.5,88.8,43.6,51.8,43.8,200.0
2022-01-24 11:00:00,-0.7,51.5,86.0,43.1,50.7,43.4,192.0
2022-01-24 12:00:00,-0.3,51.5,86.2,43.4,51.3,43.7,197.0
2022-01-24 13:00:00,0.1,51.5,86.0,43.4,51.4,43.6,194.0
2022-01-24 14:00:00,0.1,51.4,84.9,43.3,51.2,43.5,194.0
2022-01-24 15:00:00,0.1,51.4,86.0,43.5,51.4,43.6,191.0
2022-01-24 16:00:00,-0.1,51.5,77.6,43.0,51.2,41.4,164.0
2022-01-24 17:00:00,0.0,51.5,88.5,43.2,51.4,43.5,200.0
2022-01-24 18:00:00,-0.2,51.5,90.2,43.8,51.9,44.2,202.0
2022-01-24 19:00:00,-0.1,51.5,91.8,43.5,51.8,43.8,192.0
2022-01-24 20:00:00,-1.2,51.6,92.5,43.6,51.8,44.0,197.0
2022-01-24 21:00:00,-1.1,51.6,92.7,43.5,51.7,43.8,195.0
2022-01-24 22:00:00,-0.7,51.5,90.0,43.5,51.9,43.7,194.0
2022-01-24 23:00:00,-1.0,51.6,88.5,43.8,51.3,44.1,199.0
2022-01-25 00:00:00,-0.7,51.5,89.7,43.2,45.3,43.6,188.0
2022-01-25 01:00:00,-1.2,51.6,79.7,40.4,35.8,34.2,0.0
2022-01-25 02:00:00,-2.4,51.7,73.1,37.3,31.0,28.8,0.0
2022-01-25 03:00:00,-2.2,51.7,67.0,34.5,27.5,25.3,0.0
2022-01-25 04:00:00,-2.3,51.7,39.9,38.8,38.1,23.6,0.0
2022-01-25 05:00:00,-2.0,51.7,86.1,44.8,53.4,44.6,297.0
2022-01-25 06:00:00,-3.5,51.8,90.5,43.4,51.9,43.7,198.0
2022-01-25 07:00:00,-4.3,54.7,87.9,45.7,54.3,45.5,229.0
2022-01-25 08:00:00,-3.8,54.6,91.4,46.0,54.5,46.0,232.0
2022-01-25 09:00:00,-3.0,54.2,90.4,45.6,54.2,45.6,220.0
2022-01-25 10:00:00,-1.8,53.7,88.5,45.2,53.6,45.2,214.0
2022-01-25 11:00:00,-0.9,53.4,87.7,45.3,53.7,45.3,214.0
2022-01-25 12:00:00,-0.3,49.3,86.1,41.6,49.4,42.1,160.0
2022-01-25 13:00:00,-0.2,49.2,84.6,41.9,49.3,42.4,179.0
2022-01-25 14:00:00,0.4,48.6,81.1,41.2,48.3,41.6,164.0
2022-01-25 15:00:00,0.7,48.4,83.2,41.2,48.7,41.7,167.0
2022-01-25 16:00:00,0.4,48.6,83.4,41.3,48.8,41.9,170.0
2022-01-25 17:00:00,1.3,48.0,84.8,40.7,48.0,41.4,165.0
2022-01-25 18:00:00,0.7,48.4,85.6,40.5,47.9,41.1,163.0
2022-01-25 19:00:00,-0.4,49.4,86.1,41.2,49.0,41.8,173.0
2022-01-25 20:00:00,-1.3,50.1,87.5,42.1,50.0,42.5,184.0
2022-01-25 21:00:00,-1.0,49.8,86.6,42.5,50.3,42.8,186.0
2022-01-25 22:00:00,-0.9,49.8,86.9,42.3,50.2,42.7,185.0
2022-01-25 23:00:00,-0.4,46.9,85.0,39.2,46.4,39.9,138.0
2022-01-26 00:00:00,-0.3,46.8,83.7,39.0,40.3,39.1,134.0
2022-01-26 01:00:00,-0.4,46.9,76.9,36.8,33.5,32.2,0.0
2022-01-26 02:00:00,-0.3,46.8,70.1,34.4,29.9,27.5,0.0
2022-01-26 03:00:00,-0.3,46.8,63.9,32.3,26.2,24.0,0.0
2022-01-26 04:00:00,0.1,41.4,74.5,30.1,40.7,27.9,54.0
2022-01-26 05:00:00,0.1,41.4,76.9,35.1,40.9,36.0,167.0
2022-01-26 06:00:00,0.0,49.6,85.1,41.0,50.8,40.6,183.0
2022-01-26 07:00:00,0.0,49.5,84.6,41.6,49.1,42.0,195.0
2022-01-26 08:00:00,0.1,48.4,85.3,41.2,48.8,41.7,181.0
2022-01-26 09:00:00,1.5,46.7,82.7,39.0,46.1,39.7,149.0
2022-01-26 10:00:00,1.6,46.7,82.7,39.3,46.5,40.0,160.0
2022-01-26 11:00:00,2.0,47.7,82.2,40.9,48.2,41.4,180.0
2022-01-26 12:00:00,2.3,48.8,81.7,41.3,49.2,41.6,175.0
2022-01-26 13:00:00,2.4,48.8,82.3,41.2,48.5,41.6,181.0
2022-01-26 14:00:00,2.0,49.1,81.6,41.2,48.8,41.6,175.0
2022-01-26 15:00:00,1.9,49.1,81.3,41.8,49.4,42.1,187.0
2022-01-26 16:00:00,1.4,49.5,81.7,42.0,49.5,42.3,181.0
2022-01-26 17:00:00,1.3,49.5,81.9,42.0,49.5,42.3,183.0
2022-01-26 18:00:00,2.6,48.6,81.5,41.4,48.6,41.8,177.0
2022-01-26 19:00:00,3.0,48.4,80.9,41.2,48.6,41.6,171.0
2022-01-26 20:00:00,2.0,49.1,80.9,41.6,49.1,41.9,179.0
2022-01-26 21:00:00,1.7,49.3,80.8,41.7,49.2,42.0,174.0
2022-01-26 22:00:00,3.0,48.4,80.9,40.9,48.1,41.5,171.0
2022-01-26 23:00:00,3.6,47.9,76.4,39.9,36.6,35.5,88.0
2022-01-27 00:00:00,3.8,47.8,70.3,37.2,33.7,31.4,0.0
2022-01-27 01:00:00,3.9,47.7,64.9,34.8,28.4,25.9,0.0
2022-01-27 02:00:00,4.0,47.7,59.9,32.6,26.4,24.2,0.0
2022-01-27 03:00:00,4.0,47.7,55.5,30.8,25.5,23.0,0.0
2022-01-27 04:00:00,4.2,47.5,51.8,29.3,24.5,22.5,0.0
2022-01-27 05:00:00,4.3,47.4,32.4,35.8,31.8,23.3,0.0
2022-01-27 06:00:00,4.4,47.3,79.9,31.7,43.4,29.0,92.0
2022-01-27 07:00:00,4.5,50.2,85.6,43.0,51.2,42.9,267.0
2022-01-27 08:00:00,4.5,50.2,87.1,42.5,50.7,42.8,197.0
2022-01-27 09:00:00,4.4,50.2,86.5,42.8,50.6,43.0,196.0
2022-01-27 10:00:00,4.6,50.1,85.9,42.4,50.3,42.7,189.0
2022-01-27 11:00:00,4.8,50.0,78.4,41.9,49.3,42.0,180.0
2022-01-27 12:00:00,5.6,49.3,77.3,42.3,49.6,42.4,184.0
2022-01-27 13:00:00,5.9,49.0,76.4,42.0,49.4,42.2,178.0
2022-01-27 14:00:00,6.2,48.6,76.4,41.8,49.1,41.9,177.0
2022-01-27 15:00:00,6.5,48.3,76.9,41.2,48.2,41.6,167.0
2022-01-27 16:00:00,6.6,48.2,76.9,41.0,48.1,41.2,167.0
2022-01-27 17:00:00,6.0,48.8,78.3,41.4,48.6,41.7,172.0
2022-01-27 18:00:00,4.6,50.1,81.1,42.2,50.3,42.4,180.0
2022-01-27 19:00:00,5.0,47.0,81.0,39.6,46.3,40.2,147.0
2022-01-27 20:00:00,4.3,47.4,83.2,40.2,47.6,40.7,160.0
2022-01-27 21:00:00,4.0,47.7,83.2,40.5,47.9,41.1,162.0
2022-01-27 22:00:00,3.4,48.1,81.1,40.7,43.0,41.3,160.0
2022-01-27 23:00:00,3.3,48.1,74.9,38.4,34.4,33.1,0.0
2022-01-28 00:00:00,3.3,48.1,68.4,35.8,31.2,28.9,0.0
2022-01-28 01:00:00,2.6,48.6,62.6,33.6,27.3,24.9,0.0
2022-01-28 02:00:00,2.1,48.9,57.8,31.7,25.7,23.8,0.0
2022-01-28 03:00:00,2.2,48.8,53.6,30.0,25.1,23.0,0.0
2022-01-28 04:00:00,1.6,49.3,49.9,28.6,24.5,22.2,0.0
2022-01-28 05:00:00,1.5,49.4,46.8,27.5,24.5,21.7,0.0
2022-01-28 06:00:00,0.7,49.9,76.9,36.1,47.0,34.5,156.0
2022-01-28 07:00:00,0.7,50.0,80.9,42.8,51.0,42.7,241.0
2022-01-28 08:00:00,2.0,49.1,87.4,41.9,49.9,42.4,192.0
2022-01-28 09:00:00,2.6,48.6,86.9,40.6,47.9,41.1,172.0
2022-01-28 10:00:00,4.0,47.7,85.6,40.7,48.5,41.2,175.0
2022-01-28 11:00:00,3.8,47.9,82.6,39.8,46.8,40.5,160.0
2022-01-28 12:00:00,5.0,47.0,82.7,40.3,47.7,40.8,166.0
2022-01-28 13:00:00,5.7,46.4,82.9,39.8,46.8,40.4,157.0
2022-01-28 14:00:00,6.0,46.2,81.9,39.4,46.4,40.0,151.0
2022-01-28 15:00:00,6.2,46.0,80.7,39.0,45.8,39.6,147.0
2022-01-28 16:00:00,6.6,45.7,81.6,38.7,45.6,39.5,145.0
2022-01-28 17:00:00,5.9,46.3,82.8,38.8,45.9,39.5,147.0
2022-01-28 18:00:00,5.7,47.3,84.3,39.3,46.8,40.0,154.0
2022-01-28 19:00:00,5.4,47.6,85.0,40.6,48.2,41.1,170.0
2022-01-28 20:00:00,5.2,47.8,85.7,40.7,48.1,41.3,167.0
2022-01-28 21:00:00,5.1,47.9,85.2,40.7,48.1,41.3,163.0
2022-01-28 22:00:00,4.9,48.0,85.3,40.7,48.1,41.3,163.0
2022-01-28 23:00:00,5.5,47.6,78.6,38.7,34.6,33.4,0.0
2022-01-29 00:00:00,5.7,47.5,71.8,36.2,31.4,29.0,0.0
2022-01-29 01:00:00,5.8,47.4,65.7,34.0,27.2,24.9,0.0
2022-01-29 02:00:00,6.2,47.2,60.5,32.2,25.8,23.8,0.0
2022-01-29 03:00:00,6.4,47.0,56.1,30.8,25.5,23.3,0.0
2022-01-29 04:00:00,5.8,47.4,52.4,29.4,25.1,22.7,0.0
2022-01-29 05:00:00,6.1,47.2,49.1,28.2,24.4,22.1,0.0
2022-01-29 06:00:00,5.8,47.4,64.6,35.8,43.4,35.0,156.0
2022-01-29 07:00:00,5.8,47.4,85.8,40.3,47.5,40.9,211.0
2022-01-29 08:00:00,5.5,47.6,84.8,39.9,47.6,40.5,165.0
2022-01-29 09:00:00,5.6,47.6,84.5,40.6,48.1,41.2,171.0
2022-01-29 10:00:00,5.1,47.9,82.9,40.5,47.8,41.1,173.0
2022-01-29 11:00:00,5.0,47.9,83.8,40.5,48.0,41.1,168.0
2022-01-29 12:00:00,5.3,47.8,83.7,40.6,48.2,41.1,168.0
2022-01-29 13:00:00,4.9,48.0,83.8,40.8,48.2,41.3,168.0
2022-01-29 14:00:00,5.5,47.6,82.6,40.6,47.8,41.3,165.0
2022-01-29 15:00:00,5.8,47.4,83.4,40.6,47.8,41.2,163.0
2022-01-29 16:00:00,5.9,47.4,83.2,40.3,47.5,40.9,159.0
2022-01-29 17:00:00,7.6,46.2,85.2,39.7,46.7,40.3,150.0
2022-01-29 18:00:00,4.0,48.7,86.3,40.8,48.6,41.3,167.0
2022-01-29 19:00:00,3.2,49.2,88.3,41.9,49.6,42.3,181.0
2022-01-29 20:00:00,3.7,48.9,88.1,41.3,48.6,41.8,168.0
2022-01-29 21:00:00,2.9,49.4,88.2,41.5,49.3,42.0,173.0
2022-01-29 22:00:00,2.2,49.9,88.3,42.1,49.9,42.6,178.0
2022-01-29 23:00:00,2.3,49.8,81.5,39.9,35.3,34.0,0.0
2022-01-30 00:00:00,2.0,50.1,73.9,37.0,31.6,29.1,0.0
2022-01-30 01:00:00,1.5,50.5,67.5,34.5,27.5,25.1,0.0
2022-01-30 02:00:00,1.3,50.5,62.0,32.5,26.0,23.9,0.0
2022-01-30 03:00:00,2.6,49.6,57.3,30.7,25.1,22.9,0.0
2022-01-30 04:00:00,2.1,49.9,53.1,29.2,24.2,22.1,0.0
2022-01-30 05:00:00,2.6,49.6,49.5,27.8,23.6,21.5,0.0
2022-01-30 06:00:00,2.6,49.6,91.6,34.1,47.8,31.6,133.0
2022-01-30 07:00:00,2.2,49.9,89.3,42.1,49.9,42.4,250.0
2022-01-30 08:00:00,2.6,49.6,88.4,41.7,49.4,42.2,184.0
2022-01-30 09:00:00,4.0,48.7,86.1,41.6,49.0,42.1,179.0
2022-01-30 10:00:00,4.4,48.4,86.1,41.0,48.5,41.5,169.0
2022-01-30 11:00:00,5.2,47.8,85.2,40.8,48.2,41.3,169.0
2022-01-30 12:00:00,5.7,47.5,83.5,40.1,48.1,40.4,155.0
2022-01-30 13:00:00,6.0,47.3,83.7,40.5,47.9,41.2,169.0
2022-01-30 14:00:00,6.5,48.5,83.8,41.1,49.2,41.5,114.0
2022-01-30 15:00:00,6.9,48.3,83.0,41.4,48.7,41.8,227.0
2022-01-30 16:00:00,7.0,48.2,80.9,41.2,48.2,41.7,166.0
2022-01-30 17:00:00,6.9,48.3,84.1,41.6,49.1,42.2,168.0
2022-01-30 18:00:00,7.1,48.1,83.7,40.6,47.5,41.2,152.0
2022-01-30 19:00:00,6.4,48.7,85.1,41.8,49.4,42.2,171.0
2022-01-30 20:00:00,6.0,49.1,85.1,41.6,48.8,42.1,165.0
2022-01-30 21:00:00,6.2,48.9,85.5,41.6,48.9,42.1,166.0
2022-01-30 22:00:00,5.6,49.4,85.3,41.6,43.7,42.1,164.0
2022-01-30 23:00:00,5.6,49.4,75.3,39.3,35.4,33.7,0.0
2022-01-31 00:00:00,6.1,49.0,69.7,36.8,30.8,28.3,0.0
2022-01-31 01:00:00,6.7,48.4,64.5,34.6,27.8,25.4,0.0
2022-01-31 02:00:00,6.7,48.5,59.9,32.8,26.7,24.4,0.0
2022-01-31 03:00:00,5.2,49.8,55.7,31.1,25.9,23.7,0.0
2022-01-31 04:00:00,5.8,49.2,52.0,29.6,25.0,23.0,0.0
2022-01-31 05:00:00,6.1,49.0,29.9,30.9,25.5,23.3,0.0
2022-01-31 06:00:00,5.6,49.4,81.7,29.6,41.9,26.3,38.0
2022-01-31 07:00:00,5.4,49.6,85.3,42.6,50.2,42.8,289.0
2022-01-31 08:00:00,5.6,49.4,87.0,42.2,49.8,42.7,186.0
2022-01-31 09:00:00,6.8,48.4,84.9,41.5,48.8,42.1,173.0
2022-01-31 10:00:00,7.7,47.6,82.9,40.7,47.8,41.3,161.0
2022-01-31 11:00:00,8.0,47.3,79.9,40.1,47.0,40.6,154.0
2022-01-31 12:00:00,8.2,47.2,79.9,40.1,47.2,40.6,152.0
2022-01-31 13:00:00,8.8,46.6,79.1,40.3,47.3,40.8,156.0
2022-01-31 14:00:00,9.2,46.2,78.2,39.5,46.1,40.1,143.0
2022-01-31 15:00:00,9.8,44.3,77.9,37.6,43.6,38.3,118.0
2022-01-31 16:00:00,9.7,46.4,78.1,37.6,45.2,38.3,126.0
2022-01-31 17:00:00,9.2,46.9,80.9,40.6,47.4,41.1,172.0
2022-01-31 18:00:00,8.7,47.3,80.8,39.9,46.7,40.5,145.0
2022-01-31 19:00:00,8.8,47.2,81.0,40.1,47.2,40.6,150.0
2022-01-31 20:00:00,8.4,49.4,82.7,42.1,50.0,42.4,172.0
2022-01-31 21:00:00,8.4,49.3,78.7,41.6,48.6,41.9,161.0
2022-01-31 22:00:00,8.4,49.4,78.6,42.5,49.8,42.7,173.0
2022-01-31 23:00:00,8.4,49.3,73.1,40.3,35.8,34.4,0.0
2022-02-01 00:00:00,7.8,50.2,67.4,37.6,32.2,29.6,0.0
2022-02-01 01:00:00,8.0,50.0,62.2,35.4,28.2,25.9,0.0
2022-02-01 02:00:00,7.8,50.2,57.7,33.4,26.6,24.8,0.0
2022-02-01 03:00:00,7.9,50.1,53.7,31.8,26.1,24.1,0.0
2022-02-01 04:00:00,6.6,51.8,50.3,30.3,25.6,23.5,0.0
2022-02-01 05:00:00,4.9,54.0,23.5,33.8,25.6,23.2,0.0
2022-02-01 06:00:00,4.3,50.4,73.8,33.8,43.9,31.8,94.0
2022-02-01 07:00:00,4.0,50.7,83.9,43.6,51.0,43.7,259.0
2022-02-01 08:00:00,4.6,50.2,85.8,42.7,50.6,42.9,186.0
2022-02-01 09:00:00,4.6,50.2,85.7,42.8,50.4,43.2,188.0
2022-02-01 10:00:00,4.2,50.5,85.5,42.5,50.2,42.9,178.0
2022-02-01 11:00:00,4.9,50.0,84.7,42.4,50.0,42.8,174.0
2022-02-01 12:00:00,4.4,50.4,83.9,43.0,50.6,43.3,182.0
2022-02-01 13:00:00,4.5,50.3,83.9,43.1,50.5,43.6,181.0
2022-02-01 14:00:00,5.8,49.2,84.0,42.4,49.5,42.8,170.0
2022-02-01 15:00:00,4.6,50.2,83.9,42.0,49.7,42.3,164.0
2022-02-01 16:00:00,4.6,50.3,84.8,43.2,50.5,43.5,183.0
2022-02-01 17:00:00,4.5,50.3,84.6,42.5,49.8,42.9,169.0
2022-02-01 18:00:00,4.7,50.2,85.7,42.6,50.2,43.1,173.0
2022-02-01 19:00:00,4.6,50.2,84.2,42.6,49.9,43.0,172.0
2022-02-01 20:00:00,4.6,50.2,85.7,42.6,50.3,43.0,173.0
2022-02-01 21:00:00,4.6,50.2,84.8,42.9,50.3,43.2,175.0
2022-02-01 22:00:00,4.6,50.2,85.5,42.7,50.3,43.1,171.0
2022-02-01 23:00:00,4.8,50.1,78.6,40.5,35.9,34.6,0.0
2022-02-02 00:00:00,6.4,48.7,71.9,37.9,32.6,30.1,0.0
2022-02-02 01:00:00,6.6,48.5,65.9,35.6,28.2,26.1,0.0
2022-02-02 02:00:00,6.6,48.5,60.8,33.6,27.3,25.2,0.0
2022-02-02 03:00:00,5.5,49.5,56.4,31.9,26.5,24.5,0.0
2022-02-02 04:00:00,5.6,49.4,52.6,30.5,25.6,23.5,0.0
2022-02-02 05:00:00,6.1,49.1,36.7,40.8,37.0,22.5,0.0
2022-02-02 06:00:00,5.9,49.2,37.6,41.9,37.6,21.9,0.0
2022-02-02 07:00:00,5.7,50.3,82.0,42.9,52.2,42.5,377.0
2022-02-02 08:00:00,5.0,51.0,87.2,42.7,50.6,43.1,190.0
2022-02-02 09:00:00,5.8,50.1,85.7,42.6,50.2,43.0,182.0
2022-02-02 10:00:00,6.4,49.5,84.5,42.4,50.0,42.8,178.0
2022-02-02 11:00:00,5.8,50.2,83.0,42.2,49.7,42.6,174.0
2022-02-02 12:00:00,6.9,49.1,80.1,42.0,49.2,42.3,171.0
2022-02-02 13:00:00,7.6,48.4,79.0,41.9,48.9,42.2,170.0
2022-02-02 14:00:00,7.9,48.1,80.3,41.8,48.8,42.2,166.0
2022-02-02 15:00:00,8.1,47.9,80.6,41.3,48.3,41.8,159.0
2022-02-02 16:00:00,7.4,48.6,80.5,40.9,47.8,41.4,157.0
2022-02-02 17:00:00,7.8,48.2,79.0,41.0,47.8,41.5,159.0
2022-02-02 18:00:00,8.0,48.0,79.1,41.2,48.4,41.5,158.0
2022-02-02 19:00:00,7.5,48.5,80.7,41.3,48.3,41.7,162.0
2022-02-02 20:00:00,7.0,49.0,80.8,41.3,48.4,41.8,162.0
2022-02-02 21:00:00,7.1,48.9,81.9,42.3,49.4,42.8,172.0
2022-02-02 22:00:00,5.7,49.3,83.2,41.1,48.4,41.7,153.0
2022-02-02 23:00:00,5.9,49.2,76.2,39.1,35.4,33.9,0.0
2022-02-03 00:00:00,6.2,49.0,70.0,36.7,32.0,29.5,0.0
2022-02-03 01:00:00,6.6,48.5,64.5,34.6,28.4,25.8,0.0
2022-02-03 02:00:00,5.6,49.4,59.7,32.7,27.1,24.8,0.0
2022-02-03 03:00:00,6.1,49.0,55.6,31.1,26.3,24.1,0.0
2022-02-03 04:00:00,5.9,49.2,51.9,29.7,25.4,23.5,0.0
2022-02-03 05:00:00,5.8,49.2,48.7,28.6,24.8,22.9,0.0
2022-02-03 06:00:00,5.5,49.5,80.3,29.8,42.5,27.1,75.0
2022-02-03 07:00:00,5.3,47.7,80.9,40.6,47.4,41.1,244.0
2022-02-03 08:00:00,5.1,47.9,80.9,40.5,47.8,41.0,161.0
2022-02-03 09:00:00,5.5,48.6,80.9,41.0,48.3,41.4,168.0
2022-02-03 10:00:00,5.3,48.7,84.0,41.8,49.4,42.1,177.0
2022-02-03 11:00:00,5.3,48.7,83.9,41.3,48.5,41.8,167.0
2022-02-03 12:00:00,5.4,48.6,83.3,40.8,48.0,41.3,160.0
2022-02-03 13:00:00,6.2,48.0,82.8,41.2,48.3,41.8,166.0
2022-02-03 14:00:00,6.8,47.6,83.1,40.6,47.6,41.0,156.0
2022-02-03 15:00:00,5.8,48.3,83.8,40.7,47.8,41.2,160.0
2022-02-03 16:00:00,6.9,47.5,83.4,40.6,47.6,41.1,157.0
2022-02-03 17:00:00,7.5,47.0,80.8,40.0,46.8,40.6,148.0
2022-02-03 18:00:00,6.8,47.6,81.6,40.4,47.7,40.9,155.0
2022-02-03 19:00:00,5.6,48.5,84.6,41.1,48.2,41.6,165.0
2022-02-03 20:00:00,4.7,49.2,84.5,41.9,49.5,42.4,170.0
2022-02-03 21:00:00,4.1,49.7,84.5,42.3,49.8,42.7,178.0
2022-02-03 22:00:00,4.5,48.3,84.7,41.4,43.5,42.0,160.0
2022-02-03 23:00:00,3.0,49.4,70.4,39.0,37.7,33.7,0.0
2022-02-04 00:00:00,2.3,49.8,66.7,35.1,31.3,28.7,0.0
2022-02-04 01:00:00,1.8,50.2,61.0,32.9,27.9,25.5,0.0
2022-02-04 02:00:00,3.5,49.0,56.4,30.9,26.6,24.5,0.0
2022-02-04 03:00:00,1.8,50.2,54.8,29.3,28.0,23.8,0.0
2022-02-04 04:00:00,1.9,50.2,59.6,23.6,37.3,22.3,0.0
2022-02-04 05:00:00,3.0,49.3,65.6,29.3,29.6,24.6,0.0
2022-02-04 06:00:00,1.4,49.8,77.0,33.3,44.6,31.2,109.0
2022-02-04 07:00:00,1.3,47.2,79.5,41.9,47.6,42.4,235.0
2022-02-04 08:00:00,2.5,46.2,87.4,39.6,46.2,40.4,150.0
2022-02-04 09:00:00,4.3,46.9,84.6,38.8,46.8,39.4,145.0
2022-02-04 10:00:00,5.7,45.5,83.5,39.2,45.6,39.9,152.0
2022-02-04 11:00:00,6.6,44.9,80.5,38.0,44.4,38.9,131.0
2022-02-04 12:00:00,7.8,44.1,79.0,37.4,43.7,38.2,126.0
2022-02-04 13:00:00,8.7,43.5,76.8,37.4,43.8,38.3,124.0
2022-02-04 14:00:00,9.5,43.0,73.2,37.3,43.2,38.1,123.0
2022-02-04 15:00:00,10.1,42.6,72.3,36.9,43.0,37.7,117.0
2022-02-04 16:00:00,10.3,42.4,72.3,36.8,42.8,37.6,116.0
2022-02-04 17:00:00,9.8,42.8,75.8,36.6,43.0,37.5,117.0
2022-02-04 18:00:00,8.1,43.9,78.6,37.6,44.3,38.3,130.0
2022-02-04 19:00:00,8.1,43.9,80.2,37.6,43.7,38.5,129.0
2022-02-04 20:00:00,6.5,45.8,81.4,38.3,45.7,39.0,136.0
2022-02-04 21:00:00,4.8,47.1,84.2,39.6,46.7,40.3,156.0
2022-02-04 22:00:00,4.5,47.3,84.9,40.0,47.2,40.6,154.0
2022-02-04 23:00:00,4.8,47.1,80.2,38.6,34.5,33.1,43.0
2022-02-05 00:00:00,4.3,47.3,73.3,36.1,32.7,30.4,0.0
2022-02-05 01:00:00,4.1,47.5,66.9,33.9,28.1,25.9,0.0
2022-02-05 02:00:00,2.1,48.7,61.5,32.1,26.6,24.6,0.0
2022-02-05 03:00:00,2.8,48.3,56.8,30.5,25.8,23.6,0.0
2022-02-05 04:00:00,2.4,48.5,52.9,29.1,25.0,22.8,0.0
2022-02-05 05:00:00,2.8,48.3,49.4,27.8,24.1,22.0,0.0
2022-02-05 06:00:00,2.9,48.2,88.1,39.0,50.4,37.8,197.0
2022-02-05 07:00:00,1.7,48.9,87.8,41.0,48.8,41.5,192.0
2022-02-05 08:00:00,3.9,47.6,87.3,40.7,48.0,41.3,172.0
2022-02-05 09:00:00,5.2,46.8,82.0,39.6,46.3,40.2,151.0
2022-02-05 10:00:00,6.8,45.6,81.4,38.6,45.5,39.4,141.0
2022-02-05 11:00:00,7.3,45.2,79.6,38.2,44.7,38.9,138.0
2022-02-05 12:00:00,7.8,44.9,79.4,38.2,44.7,38.9,138.0
2022-02-05 13:00:00,8.7,44.1,76.8,38.0,44.4,38.7,133.0
2022-02-05 14:00:00,9.3,43.6,76.9,37.8,44.2,38.5,128.0
2022-02-05 15:00:00,9.6,47.5,78.7,39.0,47.6,39.2,144.0
2022-02-05 16:00:00,9.3,47.6,79.7,41.2,48.0,41.5,173.0
2022-02-05 17:00:00,9.1,47.7,80.4,40.5,47.7,41.0,153.0
2022-02-05 18:00:00,9.0,47.7,80.0,40.7,47.7,41.2,155.0
2022-02-05 19:00:00,8.9,47.8,79.8,40.6,47.6,41.1,156.0
2022-02-05 20:00:00,8.7,47.9,82.2,40.9,48.1,41.3,157.0
2022-02-05 21:00:00,8.2,48.1,81.3,41.3,48.4,41.8,162.0
2022-02-05 22:00:00,8.4,48.1,76.1,39.7,35.2,33.8,38.0
2022-02-05 23:00:00,7.5,48.5,69.8,37.2,33.1,30.5,0.0
2022-02-06 00:00:00,7.6,48.5,64.2,35.0,28.4,26.0,0.0
2022-02-06 01:00:00,6.7,49.1,59.4,33.1,27.1,25.2,0.0
2022-02-06 02:00:00,6.5,49.1,55.1,31.5,26.5,24.4,0.0
2022-02-06 03:00:00,4.9,50.0,51.5,30.0,25.8,23.7,0.0
2022-02-06 04:00:00,4.6,50.1,48.2,28.8,24.9,22.9,0.0
2022-02-06 05:00:00,3.3,50.5,45.3,27.6,24.2,22.4,0.0
2022-02-06 06:00:00,4.1,50.2,50.5,26.3,32.0,22.7,0.0
2022-02-06 07:00:00,2.9,48.2,88.1,42.5,48.5,43.3,296.0
2022-02-06 08:00:00,3.6,47.8,88.1,40.3,47.6,41.0,157.0
2022-02-06 09:00:00,6.0,47.6,85.5,40.0,47.4,40.6,157.0
2022-02-06 10:00:00,7.3,47.2,82.8,40.0,47.0,40.7,157.0
2022-02-06 11:00:00,8.0,47.0,80.5,39.8,46.6,40.4,149.0
2022-02-06 12:00:00,9.0,46.6,78.7,39.4,45.9,40.1,142.0
2022-02-06 13:00:00,10.1,46.3,77.4,39.1,45.7,39.8,137.0
2022-02-06 14:00:00,10.6,45.3,72.6,38.6,44.7,39.2,131.0
2022-02-06 15:00:00,11.4,45.2,71.7,38.5,44.8,39.1,128.0
2022-02-06 16:00:00,11.7,45.2,71.1,38.7,45.2,39.2,129.0
2022-02-06 17:00:00,10.9,45.3,73.0,38.9,45.7,39.4,133.0
2022-02-06 18:00:00,8.4,45.6,79.7,39.5,46.3,40.3,144.0
2022-02-06 19:00:00,7.8,45.6,80.9,39.2,45.9,40.0,136.0
2022-02-06 20:00:00,7.5,46.4,81.6,39.4,46.0,40.3,139.0
2022-02-06 21:00:00,6.3,46.7,83.3,39.7,46.5,40.4,142.0
2022-02-06 22:00:00,6.2,46.7,82.9,39.6,41.2,40.0,127.0
2022-02-06 23:00:00,6.6,46.6,76.6,37.7,34.4,33.1,0.0
2022-02-07 00:00:00,7.4,46.4,69.8,35.5,31.3,28.9,0.0
2022-02-07 01:00:00,6.8,46.6,64.1,33.7,28.2,25.9,0.0
2022-02-07 02:00:00,7.6,46.4,59.3,32.1,27.2,24.9,0.0
2022-02-07 03:00:00,7.5,46.4,55.2,30.7,27.2,24.3,0.0
2022-02-07 04:00:00,7.6,46.4,58.2,27.8,33.2,23.4,0.0
2022-02-07 05:00:00,7.8,46.3,63.5,23.0,25.3,24.1,0.0
2022-02-07 06:00:00,7.2,46.5,77.2,29.4,42.3,26.6,0.0
2022-02-07 07:00:00,8.2,46.2,83.6,40.1,46.8,40.6,248.0
2022-02-07 08:00:00,9.8,45.9,80.5,39.1,45.5,39.9,138.0
2022-02-07 09:00:00,10.7,45.7,77.8,38.7,45.4,39.4,135.0
2022-02-07 10:00:00,11.1,43.9,79.6,37.6,43.4,38.4,121.0
2022-02-07 11:00:00,11.3,43.9,79.5,37.2,43.5,38.2,118.0
2022-02-07 12:00:00,11.9,43.6,79.6,37.3,43.6,38.1,120.0
2022-02-07 13:00:00,11.6,43.8,79.6,37.4,43.6,38.4,120.0
2022-02-07 14:00:00,11.2,43.9,80.5,37.6,43.8,38.5,121.0
2022-02-07 15:00:00,5.5,45.8,86.9,38.8,46.6,39.6,139.0
2022-02-07 16:00:00,6.7,45.4,86.9,38.8,45.5,39.7,139.0
2022-02-07 17:00:00,6.7,47.3,86.5,39.1,47.1,39.8,139.0
2022-02-07 18:00:00,7.1,46.9,86.5,40.2,46.9,40.8,156.0
2022-02-07 19:00:00,6.5,47.5,86.5,39.9,47.3,40.6,144.0
2022-02-07 20:00:00,7.0,47.0,86.3,40.2,46.9,40.9,151.0
2022-02-07 21:00:00,6.5,47.5,86.2,39.9,46.8,40.6,138.0
2022-02-07 22:00:00,5.9,48.1,84.9,40.3,42.7,41.0,153.0
2022-02-07 23:00:00,5.9,48.1,78.3,38.3,34.8,33.6,0.0
2022-02-08 00:00:00,5.5,48.5,71.3,35.9,32.0,29.7,0.0
2022-02-08 01:00:00,5.6,48.4,65.4,33.9,28.3,26.1,0.0
2022-02-08 02:00:00,4.8,49.0,60.2,32.2,27.1,25.0,0.0
2022-02-08 03:00:00,4.9,49.0,55.8,30.7,26.5,24.4,0.0
2022-02-08 04:00:00,5.2,48.8,52.1,29.4,25.8,23.7,0.0
2022-02-08 05:00:00,4.3,49.2,54.0,25.7,32.9,23.3,0.0
2022-02-08 06:00:00,3.8,49.5,79.9,41.8,48.2,42.3,278.0
2022-02-08 07:00:00,4.1,49.3,80.5,42.5,50.3,42.8,183.0
2022-02-08 08:00:00,3.7,49.5,90.0,42.3,50.1,42.7,184.0
2022-02-08 09:00:00,4.1,49.3,88.4,41.6,49.0,42.1,169.0
2022-02-08 10:00:00,5.3,48.7,87.5,41.1,48.5,41.7,163.0
2022-02-08 11:00:00,5.7,48.3,86.9,41.4,49.0,42.0,168.0
2022-02-08 12:00:00,6.9,47.1,85.4,40.5,47.2,41.2,154.0
2022-02-08 13:00:00,6.9,47.1,84.8,39.9,47.0,40.6,145.0
2022-02-08 14:00:00,7.0,47.7,83.7,40.1,47.1,40.7,149.0
2022-02-08 15:00:00,6.7,48.1,84.7,40.3,47.6,40.9,153.0
2022-02-08 16:00:00,7.5,47.2,84.9,40.8,47.6,41.5,158.0
2022-02-08 17:00:00,7.7,47.0,83.6,39.6,46.2,40.3,138.0
2022-02-08 18:00:00,7.3,47.4,86.4,40.0,47.0,40.7,149.0
2022-02-08 19:00:00,7.5,47.2,86.3,40.3,47.3,41.0,149.0
2022-02-08 20:00:00,7.4,47.4,84.3,40.6,47.4,41.3,155.0
2022-02-08 21:00:00,7.2,47.5,84.4,40.3,47.5,40.9,149.0
2022-02-08 22:00:00,6.3,48.5,80.8,39.3,34.9,33.7,50.0
2022-02-08 23:00:00,6.1,48.7,73.9,36.9,33.9,31.5,0.0
2022-02-09 00:00:00,6.2,48.6,67.7,34.6,29.1,26.4,0.0
2022-02-09 01:00:00,6.5,48.3,62.4,32.8,28.0,25.1,0.0
2022-02-09 02:00:00,6.8,48.0,61.5,31.8,30.3,24.7,0.0
2022-02-09 03:00:00,6.7,48.1,62.6,25.6,36.2,23.7,0.0
2022-02-09 04:00:00,7.8,47.0,67.8,23.0,44.9,24.9,0.0
2022-02-09 05:00:00,7.8,46.8,69.4,23.7,43.6,25.6,0.0
2022-02-09 06:00:00,7.6,47.1,58.7,26.5,31.5,24.4,0.0
2022-02-09 07:00:00,8.1,46.6,70.4,41.2,47.9,40.8,245.0
2022-02-09 08:00:00,8.0,46.6,83.7,40.0,47.3,40.6,160.0
2022-02-09 09:00:00,8.7,45.8,80.5,38.8,45.3,39.5,138.0
2022-02-09 10:00:00,8.8,45.8,80.1,38.8,45.7,39.6,143.0
2022-02-09 11:00:00,8.9,45.6,79.8,39.0,45.7,39.7,144.0
2022-02-09 12:00:00,9.0,45.5,78.7,38.9,45.5,39.6,140.0
2022-02-09 13:00:00,8.9,45.6,78.9,38.9,45.6,39.6,140.0
2022-02-09 14:00:00,9.0,46.5,80.9,39.2,46.3,39.9,143.0
2022-02-09 15:00:00,9.7,45.7,79.8,39.6,46.1,40.2,148.0
2022-02-09 16:00:00,10.1,46.3,79.9,39.2,45.7,39.9,139.0
2022-02-09 17:00:00,9.9,46.5,78.9,39.1,45.8,39.7,139.0
2022-02-09 18:00:00,9.2,47.2,80.2,39.8,47.2,40.3,78.0
2022-02-09 19:00:00,8.45,48.05,81.1,40.67,46.68,41.12,193.25
2022-02-09 20:00:00,7.7,48.9,82.0,41.55,46.15,41.95,193.25
2022-02-09 21:00:00,6.95,49.75,82.9,42.42,45.62,42.78,193.25
2022-02-09 22:00:00,6.2,50.6,83.8,43.3,45.1,43.6,193.25
2022-02-09 23:00:00,6.9,49.8,77.6,40.8,36.0,34.8,0.0
2022-02-10 00:00:00,5.6,51.3,70.9,37.9,32.2,29.5,0.0
2022-02-10 01:00:00,4.3,52.2,65.2,35.4,28.6,26.2,0.0
2022-02-10 02:00:00,6.0,50.8,60.2,33.3,27.4,25.2,0.0
2022-02-10 03:00:00,5.3,51.6,55.9,31.6,26.7,24.4,0.0
2022-02-10 04:00:00,5.9,51.0,54.0,29.9,27.9,23.5,0.0
2022-02-10 05:00:00,5.5,51.4,56.7,24.9,34.1,22.5,0.0
2022-02-10 06:00:00,2.9,49.6,33.6,31.2,30.2,25.9,0.0
2022-02-10 07:00:00,3.8,48.9,84.0,42.4,49.8,42.8,286.0
2022-02-10 08:00:00,5.2,47.8,87.1,41.3,48.9,41.8,174.0
2022-02-10 09:00:00,6.4,47.0,85.6,40.0,46.9,40.6,152.0
2022-02-10 10:00:00,7.7,46.2,83.6,39.5,46.4,40.2,147.0
2022-02-10 11:00:00,8.9,45.4,80.6,39.0,45.7,39.8,139.0
2022-02-10 12:00:00,10.0,44.6,78.9,38.6,45.1,39.4,134.0
2022-02-10 13:00:00,10.9,44.0,73.2,38.2,44.1,39.0,126.0
2022-02-10 14:00:00,12.1,43.2,70.2,37.3,43.0,38.1,112.0
2022-02-10 15:00:00,12.8,42.8,67.5,36.6,37.9,36.7,92.0
2022-02-10 16:00:00,12.6,42.9,59.8,34.8,34.1,31.8,0.0
2022-02-10 17:00:00,12.2,43.2,55.4,32.7,38.5,31.6,69.0
2022-02-10 18:00:00,10.1,44.6,75.9,38.7,45.1,39.4,162.0
2022-02-10 19:00:00,9.8,44.8,75.8,38.3,44.7,39.0,127.0
2022-02-10 20:00:00,9.1,45.2,76.6,38.6,45.0,39.3,133.0
2022-02-10 21:00:00,8.7,45.5,77.9,38.9,45.6,39.5,134.0
2022-02-10 22:00:00,8.9,45.4,76.9,38.7,44.5,39.4,130.0
2022-02-10 23:00:00,7.6,46.2,71.3,36.8,34.1,32.8,0.0
2022-02-11 00:00:00,6.7,46.9,65.6,34.7,31.4,29.1,0.0
2022-02-11 01:00:00,7.2,46.5,60.5,32.9,28.0,25.6,0.0
2022-02-11 02:00:00,4.6,48.3,56.0,31.2,26.6,24.5,0.0
2022-02-11 03:00:00,4.5,48.4,52.1,29.8,25.9,23.8,0.0
2022-02-11 04:00:00,4.1,48.7,48.9,28.6,25.3,23.4,0.0
2022-02-11 05:00:00,5.4,46.7,68.9,28.9,40.2,26.9,58.0
2022-02-11 06:00:00,4.7,47.8,84.4,39.8,46.4,40.4,231.0
2022-02-11 07:00:00,4.3,48.0,80.8,41.7,48.5,42.1,180.0
2022-02-11 08:00:00,5.8,47.0,85.4,40.7,47.2,41.4,159.0
2022-02-11 09:00:00,7.6,45.9,81.7,38.9,45.5,39.7,135.0
2022-02-11 10:00:00,8.9,45.1,78.7,38.3,44.7,39.0,132.0
2022-02-11 11:00:00,10.2,44.3,76.5,38.1,44.3,38.9,130.0
2022-02-11 12:00:00,11.3,43.6,73.2,37.6,43.6,38.4,121.0
2022-02-11 13:00:00,12.4,43.0,70.1,37.1,42.9,37.9,113.0
2022-02-11 14:00:00,12.8,45.3,43.9,37.9,34.9,33.8,65.0
2022-02-11 15:00:00,13.7,45.0,53.4,32.9,33.7,30.9,0.0
2022-02-11 16:00:00,13.3,45.1,51.2,31.2,29.0,26.7,0.0
2022-02-11 17:00:00,12.8,45.3,48.5,30.0,27.4,25.3,0.0
2022-02-11 18:00:00,10.2,46.0,79.0,39.1,47.3,39.5,184.0
2022-02-11 19:00:00,9.3,46.3,76.8,39.5,46.2,40.2,146.0
2022-02-11 20:00:00,7.8,46.7,78.3,39.7,46.2,40.4,143.0
2022-02-11 21:00:00,7.9,46.6,79.9,40.0,46.8,40.6,146.0
2022-02-11 22:00:00,8.1,46.6,76.4,38.9,35.1,33.9,53.0
2022-02-11 23:00:00,7.5,46.8,70.1,36.3,33.6,31.1,0.0
2022-02-12 00:00:00,6.6,47.0,64.4,34.3,29.0,26.6,0.0
2022-02-12 01:00:00,7.1,46.9,59.5,32.4,27.3,25.3,0.0
2022-02-12 02:00:00,8.9,46.3,55.3,30.8,26.4,24.3,0.0
2022-02-12 03:00:00,8.4,46.5,51.6,29.5,25.7,23.7,0.0
2022-02-12 04:00:00,8.1,46.6,48.4,28.4,25.2,22.9,0.0
2022-02-12 05:00:00,8.5,46.5,45.6,27.4,24.7,22.5,0.0
2022-02-12 06:00:00,8.3,46.5,47.7,26.6,28.1,22.1,0.0
2022-02-12 07:00:00,8.4,46.5,81.1,39.6,47.8,39.9,222.0
2022-02-12 08:00:00,8.9,46.4,80.7,39.8,46.8,40.4,156.0
2022-02-12 09:00:00,8.9,46.3,79.8,39.8,46.5,40.3,152.0
2022-02-12 10:00:00,9.0,46.3,79.7,39.8,46.8,40.4,150.0
2022-02-12 11:00:00,8.9,46.4,78.7,39.9,46.6,40.5,147.0
2022-02-12 12:00:00,9.0,46.3,77.9,39.7,46.3,40.4,144.0
2022-02-12 13:00:00,9.8,46.1,76.7,39.7,46.4,40.3,142.0
2022-02-12 14:00:00,9.6,46.2,76.8,39.1,45.7,39.8,133.0
2022-02-12 15:00:00,10.3,46.0,77.1,39.3,46.0,39.9,137.0
2022-02-12 16:00:00,9.9,46.1,77.7,39.5,46.1,40.2,139.0
2022-02-12 17:00:00,10.1,46.0,77.9,39.4,46.1,40.0,137.0
2022-02-12 18:00:00,9.5,46.2,79.0,39.7,46.6,40.4,142.0
2022-02-12 19:00:00,8.9,46.4,79.9,40.1,46.9,40.7,144.0
2022-02-12 20:00:00,9.0,46.3,80.0,40.1,46.8,40.7,144.0
2022-02-12 21:00:00,9.4,46.2,79.7,40.2,46.8,40.9,145.0
2022-02-12 22:00:00,9.2,46.3,79.4,39.9,41.7,40.5,134.0
2022-02-12 23:00:00,8.5,46.5,71.8,38.0,34.7,33.5,0.0
2022-02-13 00:00:00,8.7,46.4,66.5,35.7,31.7,29.0,0.0
2022-02-13 01:00:00,8.4,46.5,61.5,33.8,27.6,25.5,0.0
2022-02-13 02:00:00,7.4,46.8,57.0,32.1,26.8,24.8,0.0
2022-02-13 03:00:00,7.5,46.8,53.2,30.6,26.2,24.1,0.0
2022-02-13 04:00:00,8.4,46.5,49.8,29.3,25.5,23.4,0.0
2022-02-13 05:00:00,8.0,46.6,46.9,28.2,24.6,22.6,0.0
2022-02-13 06:00:00,8.6,46.8,69.6,28.5,39.3,25.7,49.0
2022-02-13 07:00:00,8.6,46.8,80.1,40.2,46.9,40.8,240.0
2022-02-13 08:00:00,8.7,46.8,79.7,39.8,46.6,40.5,150.0
2022-02-13 09:00:00,8.5,46.8,79.5,39.8,46.7,40.4,149.0
2022-02-13 10:00:00,8.7,46.7,79.0,39.8,46.6,40.5,148.0
2022-02-13 11:00:00,8.9,46.7,78.8,39.8,46.5,40.4,147.0
2022-02-13 12:00:00,9.2,46.6,78.4,39.9,46.6,40.5,146.0
2022-02-13 13:00:00,9.6,46.4,75.6,39.7,46.0,40.3,140.0
2022-02-13 14:00:00,9.5,46.5,77.6,39.4,46.0,40.1,137.0
2022-02-13 15:00:00,9.0,46.6,77.4,39.7,46.4,40.3,142.0
2022-02-13 16:00:00,9.5,46.5,77.7,39.8,46.6,40.4,140.0
2022-02-13 17:00:00,10.4,46.2,77.7,40.0,46.6,40.6,146.0
2022-02-13 18:00:00,10.4,46.2,79.9,39.4,46.4,39.9,135.0
2022-02-13 19:00:00,9.8,46.4,80.5,40.1,46.9,40.8,149.0
2022-02-13 20:00:00,9.3,46.5,80.6,40.2,46.9,40.8,145.0
2022-02-13 21:00:00,10.0,46.3,79.9,40.1,46.7,40.8,143.0
2022-02-13 22:00:00,9.9,46.3,80.3,40.0,42.1,40.6,139.0
2022-02-13 23:00:00,9.7,46.4,71.3,38.1,35.3,33.5,0.0
2022-02-14 00:00:00,9.9,46.3,66.4,35.9,31.9,29.5,0.0
2022-02-14 01:00:00,9.2,46.6,61.7,33.9,28.3,26.1,0.0
2022-02-14 02:00:00,9.1,46.6,57.5,32.3,27.1,25.1,0.0
2022-02-14 03:00:00,8.7,46.7,53.6,30.8,26.4,24.4,0.0
2022-02-14 04:00:00,9.0,46.6,50.3,29.6,25.7,23.9,0.0
2022-02-14 05:00:00,9.0,46.6,36.7,39.7,37.2,22.8,0.0
2022-02-14 06:00:00,8.7,47.9,84.2,40.1,50.4,38.7,186.0
2022-02-14 07:00:00,8.8,47.8,84.0,40.6,47.6,41.2,171.0
2022-02-14 08:00:00,8.6,48.0,83.7,40.8,48.0,41.4,161.0
2022-02-14 09:00:00,9.1,47.7,80.7,40.8,47.7,41.4,159.0
2022-02-14 10:00:00,10.2,47.1,79.2,40.5,47.1,41.0,150.0
2022-02-14 11:00:00,10.8,46.7,78.2,40.2,46.7,40.7,144.0
2022-02-14 12:00:00,11.5,46.3,75.2,39.9,46.2,40.4,140.0
2022-02-14 13:00:00,12.2,46.0,70.1,38.1,34.7,33.3,0.0
2022-02-14 14:00:00,12.8,45.6,65.0,36.0,31.6,29.1,0.0
2022-02-14 15:00:00,13.1,45.5,60.2,34.2,28.1,26.0,0.0
2022-02-14 16:00:00,13.3,45.3,56.0,32.7,27.1,25.0,0.0
2022-02-14 17:00:00,13.1,48.1,74.6,38.8,48.0,37.5,160.0
2022-02-14 18:00:00,12.4,48.3,75.7,41.6,48.4,42.0,183.0
2022-02-14 19:00:00,12.3,48.3,76.9,41.6,48.7,42.1,158.0
2022-02-14 20:00:00,12.2,48.4,77.3,41.9,48.9,42.1,159.0
2022-02-14 21:00:00,11.9,48.4,77.3,42.1,48.8,42.5,161.0
2022-02-14 22:00:00,11.8,48.4,67.8,39.9,37.9,34.5,0.0
2022-02-14 23:00:00,11.4,48.5,62.7,36.6,33.0,30.6,0.0
2022-02-15 00:00:00,11.0,48.6,58.2,34.4,28.9,26.8,0.0
2022-02-15 01:00:00,10.7,48.7,54.4,32.6,27.7,25.7,0.0
2022-02-15 02:00:00,10.5,48.8,51.1,31.0,26.9,25.0,0.0
2022-02-15 03:00:00,10.4,48.8,48.2,29.8,26.3,24.4,0.0
2022-02-15 04:00:00,10.6,48.7,45.5,28.7,25.6,23.8,0.0
2022-02-15 05:00:00,10.5,48.7,43.2,27.8,25.0,23.4,0.0
2022-02-15 06:00:00,10.1,48.8,41.0,27.0,24.8,23.3,0.0
2022-02-15 07:00:00,10.2,48.8,80.6,42.1,49.7,42.3,257.0
2022-02-15 08:00:00,10.4,48.8,78.7,41.4,48.4,41.8,161.0
2022-02-15 09:00:00,11.2,48.6,78.3,41.4,48.3,41.9,160.0
2022-02-15 10:00:00,11.7,48.5,75.5,41.0,47.6,41.5,153.0
2022-02-15 11:00:00,12.3,48.3,72.6,40.9,40.7,39.5,122.0
2022-02-15 12:00:00,13.6,48.1,67.6,38.5,35.2,33.5,0.0
2022-02-15 13:00:00,14.4,48.0,62.7,36.3,30.6,28.0,0.0
2022-02-15 14:00:00,14.6,48.0,58.3,34.4,27.8,26.0,0.0
2022-02-15 15:00:00,14.8,48.0,54.4,32.8,27.3,25.4,0.0
2022-02-15 16:00:00,14.9,48.0,51.0,31.5,26.6,24.8,0.0
2022-02-15 17:00:00,14.8,48.0,48.0,30.3,26.3,24.1,0.0
2022-02-15 18:00:00,14.7,45.0,73.9,38.3,46.5,38.0,167.0
2022-02-15 19:00:00,14.5,45.0,72.9,38.8,45.0,39.5,140.0
2022-02-15 20:00:00,14.6,45.0,73.3,38.7,45.0,39.3,129.0
2022-02-15 21:00:00,13.9,42.0,69.5,35.7,41.1,36.7,86.0
2022-02-15 22:00:00,13.5,42.1,69.4,36.0,37.9,36.8,95.0
2022-02-15 23:00:00,14.0,42.0,57.9,34.2,34.7,31.6,0.0
2022-02-16 00:00:00,13.3,42.1,54.3,32.1,31.4,28.6,0.0
2022-02-16 01:00:00,13.5,42.1,51.1,30.6,27.9,25.8,0.0
2022-02-16 02:00:00,12.8,42.2,48.1,29.4,26.8,24.6,0.0
2022-02-16 03:00:00,12.4,42.3,45.4,28.3,26.7,24.2,0.0
2022-02-16 04:00:00,12.4,42.3,43.3,27.5,25.7,23.9,0.0
2022-02-16 05:00:00,12.2,42.4,41.2,26.8,25.3,23.5,0.0
2022-02-16 06:00:00,11.1,44.9,53.6,25.2,34.2,25.5,32.0
2022-02-16 07:00:00,11.8,44.7,75.3,38.8,45.0,39.5,219.0
2022-02-16 08:00:00,12.0,44.6,78.5,38.5,45.3,39.2,132.0
2022-02-16 09:00:00,11.6,44.8,78.2,38.6,45.1,39.4,135.0
2022-02-16 10:00:00,12.0,44.6,77.5,38.4,44.8,39.2,129.0
2022-02-16 11:00:00,12.1,42.6,76.5,38.0,43.2,38.9,123.0
2022-02-16 12:00:00,13.1,42.3,70.7,36.1,33.5,32.3,35.0
2022-02-16 13:00:00,13.4,42.2,71.9,31.0,32.5,31.3,45.0
2022-02-16 14:00:00,13.7,42.1,66.4,30.2,31.1,29.5,0.0
2022-02-16 15:00:00,14.3,42.0,61.2,29.5,29.2,27.2,0.0
2022-02-16 16:00:00,14.4,42.0,56.7,28.7,27.0,25.0,0.0
2022-02-16 17:00:00,13.9,42.0,52.9,28.0,26.3,24.4,0.0
2022-02-16 18:00:00,12.4,42.5,49.6,27.4,26.3,24.1,0.0
2022-02-16 19:00:00,12.5,42.5,77.9,34.4,44.5,33.8,124.0
2022-02-16 20:00:00,11.4,42.8,78.2,36.8,42.7,37.7,132.0
2022-02-16 21:00:00,11.7,42.7,75.4,36.3,42.3,37.3,107.0
2022-02-16 22:00:00,10.4,43.2,76.3,36.7,39.1,37.7,113.0
2022-02-16 23:00:00,11.0,43.0,70.8,35.0,33.5,31.9,0.0
2022-02-17 00:00:00,10.1,43.3,65.0,33.4,31.6,29.3,0.0
2022-02-17 01:00:00,10.1,43.3,60.0,31.6,28.1,25.8,0.0
2022-02-17 02:00:00,10.4,43.2,55.6,30.2,26.8,24.5,0.0
2022-02-17 03:00:00,11.0,43.0,51.9,29.0,25.9,23.9,0.0
2022-02-17 04:00:00,9.9,43.3,48.7,28.0,25.5,23.7,0.0
2022-02-17 05:00:00,9.7,43.4,31.9,29.7,27.5,23.2,0.0
2022-02-17 06:00:00,9.6,43.4,66.2,53.1,40.6,26.3,0.0
2022-02-17 07:00:00,9.1,43.6,82.8,37.7,43.5,38.5,219.0
2022-02-17 08:00:00,9.8,43.4,83.9,37.1,43.8,38.0,119.0
2022-02-17 09:00:00,10.9,43.0,83.8,37.0,43.1,38.1,121.0
2022-02-17 10:00:00,12.6,42.4,80.6,36.6,42.3,37.5,115.0
2022-02-17 11:00:00,14.2,42.0,76.1,36.1,41.8,37.1,106.0
2022-02-17 12:00:00,15.0,42.0,75.5,35.8,41.6,36.9,102.0
2022-02-17 13:00:00,15.3,42.0,71.0,34.7,33.1,31.6,0.0
2022-02-17 14:00:00,15.6,42.0,65.5,33.2,31.3,29.0,0.0
2022-02-17 15:00:00,15.8,42.0,60.6,31.9,27.7,25.6,0.0
2022-02-17 16:00:00,15.8,42.0,56.1,30.7,26.9,25.1,0.0
2022-02-17 17:00:00,15.4,42.0,52.6,29.7,26.5,24.6,0.0
2022-02-17 18:00:00,15.6,48.0,58.4,36.4,47.3,36.8,141.0
2022-02-17 19:00:00,14.9,48.0,72.8,41.7,48.4,41.8,200.0
2022-02-17 20:00:00,13.9,48.0,67.3,40.6,36.8,35.7,75.0
2022-02-17 21:00:00,11.6,48.5,82.1,38.8,40.5,39.2,135.0
2022-02-17 22:00:00,11.1,48.6,74.8,36.9,34.3,33.1,0.0
2022-02-17 23:00:00,11.2,48.6,67.8,34.8,31.5,29.3,0.0
2022-02-18 00:00:00,10.0,48.8,61.9,33.0,28.1,25.9,0.0
2022-02-18 01:00:00,11.7,48.5,57.1,31.4,26.9,25.2,0.0
2022-02-18 02:00:00,12.6,48.3,53.0,30.1,26.5,24.7,0.0
2022-02-18 03:00:00,11.6,48.5,49.6,29.1,26.3,24.2,0.0
2022-02-18 04:00:00,11.2,48.6,48.3,28.8,27.5,23.7,0.0
2022-02-18 05:00:00,10.2,48.8,48.6,26.5,28.0,23.1,0.0
2022-02-18 06:00:00,10.1,48.8,38.7,24.5,28.8,25.2,0.0
2022-02-18 07:00:00,9.3,49.0,68.9,42.0,49.2,40.8,241.0
2022-02-18 08:00:00,10.5,46.7,81.0,39.6,46.1,40.3,149.0
2022-02-18 09:00:00,10.8,46.7,79.1,39.4,46.1,40.1,141.0
2022-02-18 10:00:00,11.9,46.4,78.0,39.4,46.0,40.1,140.0
2022-02-18 11:00:00,12.5,46.3,74.6,39.1,41.0,39.8,128.0
2022-02-18 12:00:00,13.0,46.2,67.6,37.2,34.4,33.0,0.0
2022-02-18 13:00:00,13.7,46.0,63.0,35.2,31.4,29.0,0.0
2022-02-18 14:00:00,14.3,46.0,58.6,33.4,27.9,25.9,0.0
2022-02-18 15:00:00,14.2,46.0,54.7,31.9,27.0,25.0,0.0
2022-02-18 16:00:00,14.9,46.0,51.3,30.6,26.3,24.3,0.0
2022-02-18 17:00:00,14.8,46.0,48.3,29.5,25.8,24.0,0.0
2022-02-18 18:00:00,12.2,45.4,77.3,39.2,46.7,39.7,199.0
2022-02-18 19:00:00,11.7,45.4,75.7,38.6,44.6,39.3,132.0
2022-02-18 20:00:00,11.6,45.5,76.1,38.7,45.1,39.4,131.0
2022-02-18 21:00:00,9.8,45.9,76.8,39.3,45.9,40.0,139.0
2022-02-18 22:00:00,9.3,46.0,78.1,39.4,41.3,40.1,131.0
2022-02-18 23:00:00,9.3,46.0,72.3,37.4,34.4,33.1,0.0
2022-02-19 00:00:00,10.1,45.8,66.5,35.0,32.0,29.7,0.0
2022-02-19 01:00:00,9.4,46.0,61.1,33.2,28.1,26.1,0.0
2022-02-19 02:00:00,9.1,46.0,56.5,31.5,26.9,25.0,0.0
2022-02-19 03:00:00,8.5,46.2,52.7,30.1,26.3,24.3,0.0
2022-02-19 04:00:00,6.7,46.6,49.2,28.8,25.7,23.7,0.0
2022-02-19 05:00:00,7.4,46.4,46.2,27.7,25.1,23.2,0.0
2022-02-19 06:00:00,6.9,44.8,76.9,29.4,41.8,27.5,67.0
2022-02-19 07:00:00,6.2,45.1,80.5,39.1,45.6,39.8,220.0
2022-02-19 08:00:00,9.7,42.8,80.4,37.5,43.3,38.4,124.0
2022-02-19 09:00:00,11.1,41.9,75.0,35.9,41.4,36.9,104.0
2022-02-19 10:00:00,12.2,41.2,70.8,35.2,40.6,36.2,96.0
2022-02-19 11:00:00,14.2,40.0,66.9,34.6,39.8,35.7,91.0
2022-02-19 12:00:00,15.9,40.0,32.7,35.0,33.9,30.8,0.0
2022-02-19 13:00:00,16.7,40.0,34.3,37.9,32.2,27.8,0.0
2022-02-19 14:00:00,17.3,40.0,31.8,36.2,27.4,25.6,0.0
2022-02-19 15:00:00,17.6,40.0,31.2,34.0,26.7,24.8,0.0
2022-02-19 16:00:00,17.0,40.0,30.5,32.3,26.1,24.2,0.0
2022-02-19 17:00:00,16.0,40.0,29.9,30.7,25.5,23.7,0.0
2022-02-19 18:00:00,15.4,44.0,53.6,24.6,32.0,24.7,0.0
2022-02-19 19:00:00,13.6,44.0,70.5,38.4,44.4,39.0,219.0
2022-02-19 20:00:00,13.3,44.1,69.9,38.2,44.1,38.8,128.0
2022-02-19 21:00:00,12.2,44.4,72.9,38.5,45.0,39.2,131.0
2022-02-19 22:00:00,11.6,44.5,73.1,38.6,40.4,39.2,124.0
2022-02-19 23:00:00,12.5,44.3,65.3,36.6,34.0,32.7,0.0
2022-02-20 00:00:00,11.1,44.6,60.9,34.5,30.7,28.3,0.0
2022-02-20 01:00:00,11.2,44.6,56.7,32.7,27.9,25.8,0.0
2022-02-20 02:00:00,11.6,44.5,52.9,31.4,27.2,25.4,0.0
2022-02-20 03:00:00,10.7,44.7,49.6,29.9,26.6,24.7,0.0
2022-02-20 04:00:00,10.9,44.6,46.8,28.7,25.9,24.1,0.0
2022-02-20 05:00:00,11.1,44.6,44.2,27.6,25.4,23.5,0.0
2022-02-20 06:00:00,10.6,44.7,41.8,26.7,25.0,23.2,0.0
2022-02-20 07:00:00,9.8,45.8,79.3,39.3,46.4,40.0,215.0
2022-02-20 08:00:00,10.3,45.6,78.3,39.2,45.7,39.8,143.0
2022-02-20 09:00:00,10.9,45.3,77.5,39.0,45.5,39.7,138.0
2022-02-20 10:00:00,11.5,45.1,77.3,38.8,45.4,39.5,136.0
2022-02-20 11:00:00,11.7,45.0,76.6,38.9,45.2,39.6,136.0
2022-02-20 12:00:00,12.1,44.8,71.9,38.4,44.2,39.1,127.0
2022-02-20 13:00:00,11.6,45.0,74.1,39.2,45.9,39.8,137.0
2022-02-20 14:00:00,11.1,47.9,73.7,40.9,48.1,41.0,149.0
2022-02-20 15:00:00,10.9,48.0,75.4,41.7,48.5,42.1,162.0
2022-02-20 16:00:00,11.0,48.0,77.8,41.3,48.0,41.7,150.0
2022-02-20 17:00:00,11.2,47.9,78.2,41.2,47.9,41.8,149.0
2022-02-20 18:00:00,11.5,47.8,77.8,41.0,47.5,41.5,146.0
2022-02-20 19:00:00,12.0,47.6,78.5,41.6,48.3,42.1,152.0
2022-02-20 20:00:00,11.3,47.9,79.2,41.1,47.8,41.7,145.0
2022-02-20 21:00:00,11.0,48.0,78.5,40.9,47.6,41.4,145.0
2022-02-20 22:00:00,10.9,48.0,74.8,39.8,35.6,34.4,51.0
2022-02-20 23:00:00,10.9,48.0,68.7,37.5,34.2,31.7,0.0
2022-02-21 00:00:00,9.7,48.4,63.5,35.4,29.8,27.8,0.0
2022-02-21 01:00:00,8.2,48.9,58.8,33.4,28.5,26.2,0.0
2022-02-21 02:00:00,7.1,49.3,54.7,31.8,27.1,24.9,0.0
2022-02-21 03:00:00,6.2,49.6,51.1,30.4,26.9,24.3,0.0
2022-02-21 04:00:00,8.0,49.0,54.0,27.5,32.4,23.5,0.0
2022-02-21 05:00:00,8.3,48.9,53.5,21.8,39.1,22.9,0.0
2022-02-21 06:00:00,5.2,49.9,41.9,28.8,33.6,28.6,67.0
2022-02-21 07:00:00,5.8,47.8,70.2,41.1,47.8,40.9,224.0
2022-02-21 08:00:00,8.5,47.2,84.3,40.9,47.8,41.5,165.0
2022-02-21 09:00:00,9.5,47.0,82.6,39.7,46.3,40.4,142.0
2022-02-21 10:00:00,10.4,46.8,79.3,39.6,46.2,40.3,144.0
2022-02-21 11:00:00,12.2,46.4,76.3,39.1,38.9,37.8,103.0
2022-02-21 12:00:00,14.3,46.0,70.4,37.0,34.3,32.8,0.0
2022-02-21 13:00:00,15.4,46.0,65.0,35.0,31.0,28.7,0.0
2022-02-21 14:00:00,15.8,46.0,68.8,32.8,28.1,26.9,0.0
2022-02-21 15:00:00,16.5,46.0,63.1,31.6,28.3,27.0,0.0
2022-02-21 16:00:00,16.7,46.0,58.2,30.5,28.0,26.2,0.0
2022-02-21 17:00:00,16.3,46.0,54.1,29.4,26.7,24.7,0.0
2022-02-21 18:00:00,16.0,46.0,50.6,28.5,25.5,23.8,0.0
2022-02-21 19:00:00,15.7,44.0,72.2,37.8,45.5,38.1,175.0
2022-02-21 20:00:00,15.7,44.0,70.2,37.8,43.7,38.5,125.0
2022-02-21 21:00:00,15.7,44.0,72.0,37.8,44.2,38.5,120.0
2022-02-21 22:00:00,14.7,44.0,72.1,38.1,39.7,38.6,114.0
2022-02-21 23:00:00,14.0,44.0,67.3,36.3,33.9,32.5,0.0
2022-02-22 00:00:00,13.0,44.2,62.2,34.4,31.9,29.6,0.0
2022-02-22 01:00:00,12.3,44.3,57.6,32.7,28.1,26.1,0.0
2022-02-22 02:00:00,10.8,44.7,53.6,31.3,27.0,25.3,0.0
2022-02-22 03:00:00,9.4,45.0,50.1,30.0,26.8,25.0,0.0
2022-02-22 04:00:00,9.6,44.9,47.1,28.8,26.5,24.6,0.0
2022-02-22 05:00:00,8.9,45.1,44.4,27.8,25.9,24.1,0.0
2022-02-22 06:00:00,9.0,45.1,67.2,27.0,40.3,25.5,0.0
2022-02-22 07:00:00,8.4,45.2,83.6,39.1,45.7,39.9,241.0
2022-02-22 08:00:00,7.2,46.2,83.7,39.1,46.0,39.9,145.0
2022-02-22 09:00:00,6.1,46.6,83.8,39.4,46.7,40.1,148.0
2022-02-22 10:00:00,6.4,46.5,83.7,39.9,47.0,40.5,152.0
2022-02-22 11:00:00,8.0,46.0,83.5,39.7,46.2,40.4,145.0
2022-02-22 12:00:00,8.2,45.9,81.8,38.9,45.5,39.7,134.0
2022-02-22 13:00:00,8.4,45.8,80.6,38.7,45.2,39.5,132.0
2022-02-22 14:00:00,8.1,46.0,80.6,39.1,45.9,39.9,140.0
2022-02-22 15:00:00,8.2,45.9,79.0,39.1,45.6,39.7,135.0
2022-02-22 16:00:00,8.7,45.7,79.7,39.0,45.6,39.7,135.0
2022-02-22 17:00:00,8.7,45.7,79.8,39.1,45.8,39.9,137.0
2022-02-22 18:00:00,9.3,45.5,79.9,39.2,45.9,39.9,137.0
2022-02-22 19:00:00,9.5,45.5,82.0,39.4,46.3,40.0,138.0
2022-02-22 20:00:00,9.1,45.6,77.7,39.2,45.6,39.9,133.0
2022-02-22 21:00:00,9.2,45.6,78.8,39.1,45.6,39.9,134.0
2022-02-22 22:00:00,8.9,44.4,77.4,37.9,42.1,38.8,118.0
2022-02-22 23:00:00,8.8,44.6,71.9,36.3,34.0,32.6,0.0
2022-02-23 00:00:00,8.6,44.8,66.2,34.4,32.2,30.1,0.0
2022-02-23 01:00:00,8.1,45.2,61.0,32.7,28.3,26.1,0.0
2022-02-23 02:00:00,7.8,45.5,56.6,31.1,27.0,24.8,0.0
2022-02-23 03:00:00,7.2,46.0,52.7,29.8,26.3,24.4,0.0
2022-02-23 04:00:00,6.9,46.3,49.4,28.6,25.9,24.0,0.0
2022-02-23 05:00:00,6.9,49.1,47.0,28.0,25.4,23.4,0.0
2022-02-23 06:00:00,7.7,49.0,78.6,33.6,45.0,31.8,103.0
2022-02-23 07:00:00,7.7,49.0,84.1,42.4,49.5,42.7,239.0
2022-02-23 08:00:00,8.1,46.5,83.3,39.2,46.2,39.8,136.0
2022-02-23 09:00:00,8.4,46.2,80.9,39.6,46.3,40.3,151.0
2022-02-23 10:00:00,8.2,46.4,79.7,39.6,46.2,40.2,145.0
2022-02-23 11:00:00,9.4,45.1,79.1,39.1,45.5,39.9,139.0
2022-02-23 12:00:00,10.1,44.9,78.1,38.4,44.8,39.2,129.0
2022-02-23 13:00:00,10.4,44.6,77.7,38.2,44.5,38.9,128.0
2022-02-23 14:00:00,10.4,44.5,76.6,37.9,44.2,38.7,125.0
2022-02-23 15:00:00,11.0,44.0,75.1,37.7,43.9,38.6,123.0
2022-02-23 16:00:00,10.7,44.3,76.9,38.1,44.5,38.9,127.0
2022-02-23 17:00:00,10.9,44.0,77.9,38.2,44.2,39.1,127.0
2022-02-23 18:00:00,10.2,44.8,78.0,38.1,44.9,38.9,123.0
2022-02-23 19:00:00,11.0,44.0,76.9,38.5,44.5,39.2,130.0
2022-02-23 20:00:00,10.8,44.2,78.4,37.9,44.2,38.8,119.0
2022-02-23 21:00:00,9.9,45.1,78.2,38.2,44.8,39.0,125.0
2022-02-23 22:00:00,9.6,45.4,73.9,37.0,34.4,32.8,0.0
2022-02-23 23:00:00,9.8,45.2,67.9,35.0,33.5,30.2,0.0
2022-02-24 00:00:00,9.3,45.7,62.6,33.2,28.4,26.3,0.0
2022-02-24 01:00:00,8.7,46.3,58.1,31.7,27.5,25.6,0.0
2022-02-24 02:00:00,9.1,45.9,54.1,30.3,27.3,25.2,0.0
2022-02-24 03:00:00,7.2,47.8,50.7,29.1,26.7,24.7,0.0
2022-02-24 04:00:00,8.0,47.0,47.6,28.0,25.8,23.8,0.0
2022-02-24 05:00:00,7.4,47.6,44.9,27.1,24.8,22.8,0.0
2022-02-24 06:00:00,7.5,47.4,55.8,26.9,35.9,25.7,48.0
2022-02-24 07:00:00,7.5,47.5,69.8,40.2,47.0,40.3,236.0
2022-02-24 08:00:00,7.4,47.5,84.8,41.3,48.3,41.8,178.0
2022-02-24 09:00:00,7.7,45.6,83.5,38.6,45.2,39.4,129.0
2022-02-24 10:00:00,8.7,44.7,80.5,38.1,44.2,38.9,128.0
2022-02-24 11:00:00,9.7,43.8,78.8,37.7,43.9,38.6,123.0
2022-02-24 12:00:00,10.7,42.8,77.4,37.5,43.5,38.3,119.0
2022-02-24 13:00:00,11.3,42.4,74.7,36.5,42.3,37.4,105.0
2022-02-24 14:00:00,11.7,42.1,71.0,35.9,36.0,34.9,74.0
2022-02-24 15:00:00,11.9,41.8,65.0,34.2,32.8,31.3,0.0
2022-02-24 16:00:00,12.0,41.7,60.7,32.8,29.7,27.3,0.0
2022-02-24 17:00:00,12.1,41.6,71.2,26.8,37.7,27.0,40.0
2022-02-24 18:00:00,11.3,42.4,77.6,36.5,42.5,37.5,169.0
2022-02-24 19:00:00,9.1,44.3,79.6,37.8,44.7,38.6,131.0
2022-02-24 20:00:00,7.5,45.7,79.0,38.6,44.8,39.4,138.0
2022-02-24 21:00:00,7.1,46.1,82.4,39.2,45.8,40.0,142.0
2022-02-24 22:00:00,6.2,46.9,80.9,40.0,42.0,40.7,142.0
2022-02-24 23:00:00,5.8,47.2,74.6,37.8,34.8,33.4,0.0
2022-02-25 00:00:00,6.2,46.9,68.3,35.4,32.9,29.2,0.0
2022-02-25 01:00:00,5.3,47.7,62.9,33.3,27.9,25.7,0.0
2022-02-25 02:00:00,3.9,48.9,58.0,31.4,26.8,24.7,0.0
2022-02-25 03:00:00,3.2,49.6,54.7,30.2,26.1,24.2,0.0
2022-02-25 04:00:00,2.8,49.9,50.2,28.5,25.1,23.3,0.0
2022-02-25 05:00:00,2.5,47.0,79.7,32.7,42.7,29.4,86.0
2022-02-25 06:00:00,1.7,47.3,88.4,39.9,46.6,40.7,221.0
2022-02-25 07:00:00,2.9,46.8,88.5,40.0,47.2,40.7,158.0
2022-02-25 08:00:00,5.6,45.6,87.7,39.6,46.5,40.4,151.0
2022-02-25 09:00:00,6.4,45.0,85.3,38.0,44.9,38.8,126.0
2022-02-25 10:00:00,7.1,44.6,83.5,38.3,44.5,39.2,137.0
2022-02-25 11:00:00,8.8,43.4,81.0,37.6,43.7,38.5,123.0
2022-02-25 12:00:00,10.1,42.6,76.5,36.9,42.6,37.7,114.0
2022-02-25 13:00:00,11.1,41.9,74.7,36.0,41.8,36.9,106.0
2022-02-25 14:00:00,11.7,41.5,73.6,35.8,41.3,36.7,104.0
2022-02-25 15:00:00,12.6,41.2,72.2,35.4,37.3,36.1,89.0
2022-02-25 16:00:00,13.1,40.8,67.3,34.2,32.6,31.3,0.0
2022-02-25 17:00:00,12.8,40.9,62.5,32.7,30.8,28.5,0.0
2022-02-25 18:00:00,10.7,45.4,78.8,39.3,46.6,39.8,189.0
2022-02-25 19:00:00,9.5,46.0,79.0,39.2,45.8,39.8,139.0
2022-02-25 20:00:00,8.3,46.5,79.7,39.2,46.0,39.9,144.0
2022-02-25 21:00:00,8.8,46.3,79.0,39.4,46.0,40.1,141.0
2022-02-25 22:00:00,8.4,46.4,79.1,39.4,41.4,40.2,136.0
2022-02-25 23:00:00,9.9,45.8,73.4,37.5,34.4,33.1,0.0
2022-02-26 00:00:00,10.3,45.6,67.4,35.3,31.9,29.0,0.0
2022-02-26 01:00:00,10.0,45.7,62.2,33.5,28.2,26.1,0.0
2022-02-26 02:00:00,8.9,46.2,57.6,31.8,27.4,25.0,0.0
2022-02-26 03:00:00,8.8,46.3,53.8,30.4,26.6,24.1,0.0
2022-02-26 04:00:00,9.1,46.1,50.5,29.1,26.1,23.5,0.0
2022-02-26 05:00:00,8.8,46.3,49.7,27.8,27.4,23.1,0.0
2022-02-26 06:00:00,8.2,46.5,60.9,28.7,37.7,27.8,62.0
2022-02-26 07:00:00,8.7,45.1,81.0,38.8,45.3,39.6,218.0
2022-02-26 08:00:00,8.5,45.2,80.6,38.3,44.8,39.0,135.0
2022-02-26 09:00:00,7.7,45.4,80.2,38.3,45.0,39.1,136.0
2022-02-26 10:00:00,8.9,45.1,78.8,38.4,44.9,39.2,138.0
2022-02-26 11:00:00,8.1,45.3,77.6,38.3,44.8,39.1,132.0
2022-02-26 12:00:00,8.4,45.2,76.8,38.3,44.8,39.1,133.0
2022-02-26 13:00:00,8.6,45.2,78.3,38.6,45.4,39.3,134.0
2022-02-26 14:00:00,8.4,45.2,77.1,39.3,45.7,39.9,140.0
2022-02-26 15:00:00,8.1,45.3,77.4,38.5,44.9,39.2,128.0
2022-02-26 16:00:00,7.5,45.4,77.0,38.5,45.0,39.2,129.0
2022-02-26 17:00:00,7.3,45.4,80.1,39.1,45.8,39.8,137.0
2022-02-26 18:00:00,6.9,45.5,81.5,39.3,45.6,40.2,139.0
2022-02-26 19:00:00,6.8,45.6,82.8,38.7,45.2,39.5,127.0
2022-02-26 20:00:00,7.5,45.4,82.5,38.6,45.0,39.5,130.0
2022-02-26 21:00:00,7.8,46.4,82.2,40.1,47.0,40.7,149.0
2022-02-26 22:00:00,8.6,46.2,81.3,39.5,41.4,40.2,129.0
2022-02-26 23:00:00,7.1,46.5,65.1,36.5,36.8,33.1,0.0
2022-02-27 00:00:00,7.0,46.5,61.1,33.1,32.2,29.5,0.0
2022-02-27 01:00:00,7.6,46.4,57.7,31.2,28.4,26.0,0.0
2022-02-27 02:00:00,8.4,46.2,53.9,29.9,26.9,24.9,0.0
2022-02-27 03:00:00,8.4,46.2,50.2,28.8,26.2,24.3,0.0
2022-02-27 04:00:00,9.0,46.1,47.0,27.8,25.7,23.8,0.0
2022-02-27 05:00:00,8.8,46.1,44.2,27.0,25.2,23.4,0.0
2022-02-27 06:00:00,8.4,46.2,68.6,29.0,37.7,26.7,56.0
2022-02-27 07:00:00,8.6,46.2,80.6,39.7,46.5,40.4,231.0
2022-02-27 08:00:00,9.3,46.0,78.5,39.1,45.7,39.9,141.0
2022-02-27 09:00:00,7.7,46.4,78.8,38.9,45.8,39.6,139.0
2022-02-27 10:00:00,7.7,46.4,79.3,39.6,46.6,40.2,148.0
2022-02-27 11:00:00,7.9,46.3,77.6,39.8,46.4,40.4,145.0
2022-02-27 12:00:00,7.0,46.5,77.5,39.6,46.2,40.3,144.0
2022-02-27 13:00:00,7.3,45.2,78.7,39.6,46.1,40.3,142.0
2022-02-27 14:00:00,6.7,45.6,78.1,38.8,45.3,39.5,131.0
2022-02-27 15:00:00,6.1,46.1,79.1,39.0,45.6,39.8,139.0
2022-02-27 16:00:00,6.8,45.6,79.2,39.2,45.8,40.0,140.0
2022-02-27 17:00:00,5.8,46.3,82.1,39.6,46.4,40.3,143.0
2022-02-27 18:00:00,6.8,45.6,83.1,39.6,46.1,40.4,142.0
2022-02-27 19:00:00,5.8,46.3,83.3,39.0,45.6,39.8,136.0
2022-02-27 20:00:00,7.4,45.2,83.5,39.2,45.3,40.1,138.0
2022-02-27 21:00:00,7.0,45.4,83.3,38.1,44.8,39.0,122.0
2022-02-27 22:00:00,6.8,45.6,83.5,38.9,45.6,39.8,138.0
2022-02-27 23:00:00,6.9,45.5,70.7,37.1,36.0,32.9,0.0
2022-02-28 00:00:00,7.3,45.2,65.3,34.6,32.6,29.9,0.0
2022-02-28 01:00:00,7.8,44.8,60.7,32.5,28.6,25.8,0.0
2022-02-28 02:00:00,6.7,45.7,56.8,30.8,26.7,24.5,0.0
2022-02-28 03:00:00,7.1,45.4,53.3,29.5,25.9,24.0,0.0
2022-02-28 04:00:00,7.4,45.1,50.0,28.3,25.3,23.5,0.0
2022-02-28 05:00:00,6.6,45.7,33.4,36.7,33.7,22.6,0.0
2022-02-28 06:00:00,6.2,46.0,68.1,39.2,46.3,38.0,183.0
2022-02-28 07:00:00,5.7,46.3,84.3,39.6,46.8,40.2,170.0
2022-02-28 08:00:00,5.5,46.6,83.7,39.5,46.3,40.2,152.0
2022-02-28 09:00:00,6.4,45.9,83.5,39.0,45.8,39.8,143.0
2022-02-28 10:00:00,6.3,45.9,80.8,39.0,45.8,39.8,141.0
2022-02-28 11:00:00,8.0,44.5,78.8,38.6,44.9,39.4,135.0
2022-02-28 12:00:00,8.7,44.1,78.2,38.2,44.5,39.1,128.0
2022-02-28 13:00:00,8.7,44.1,77.9,37.7,43.7,38.5,121.0
2022-02-28 14:00:00,8.8,44.0,79.1,38.1,44.7,38.9,130.0
2022-02-28 15:00:00,8.4,44.3,78.9,37.7,44.0,38.6,122.0
2022-02-28 16:00:00,8.4,44.3,79.2,37.5,44.0,38.3,122.0
2022-02-28 17:00:00,7.1,45.3,79.1,38.9,45.7,39.6,142.0
2022-02-28 18:00:00,6.4,45.9,81.4,38.8,45.6,39.5,135.0
2022-02-28 19:00:00,6.4,45.9,80.8,39.8,46.5,40.6,149.0
2022-02-28 20:00:00,6.2,46.0,82.2,39.6,46.5,40.3,142.0
2022-02-28 21:00:00,6.2,46.1,82.3,39.0,45.5,39.8,135.0
2022-02-28 22:00:00,7.3,45.2,74.2,37.6,35.2,32.9,0.0
2022-02-28 23:00:00,5.3,46.7,68.0,35.4,32.9,30.8,0.0
2022-03-01 00:00:00,6.4,45.9,63.0,33.3,28.3,25.9,0.0
2022-03-01 01:00:00,5.2,46.8,58.5,31.5,26.8,24.8,0.0
2022-03-01 02:00:00,5.2,46.8,54.5,30.0,26.2,24.4,0.0
2022-03-01 03:00:00,4.3,47.2,50.9,28.7,25.5,23.6,0.0
2022-03-01 04:00:00,4.9,47.0,47.6,27.5,24.8,22.7,0.0
2022-03-01 05:00:00,5.0,47.0,44.7,26.6,23.9,22.2,0.0
2022-03-01 06:00:00,4.9,47.0,76.2,29.8,40.8,28.9,86.0
2022-03-01 07:00:00,4.7,47.0,79.2,39.7,46.3,40.4,228.0
2022-03-01 08:00:00,6.3,46.2,85.3,39.4,46.5,40.2,157.0
2022-03-01 09:00:00,6.6,46.1,85.5,39.3,46.3,40.1,152.0
2022-03-01 10:00:00,6.3,46.2,81.5,39.1,45.8,39.9,147.0
2022-03-01 11:00:00,7.1,45.8,79.0,38.5,45.0,39.3,135.0
2022-03-01 12:00:00,8.5,45.0,78.2,38.6,45.2,39.3,139.0
2022-03-01 13:00:00,7.5,45.6,78.3,38.7,45.4,39.5,137.0
2022-03-01 14:00:00,7.5,45.6,80.3,38.9,45.7,39.7,140.0
2022-03-01 15:00:00,7.8,45.4,80.6,38.9,45.5,39.6,139.0
2022-03-01 16:00:00,7.2,45.7,80.7,38.8,45.4,39.7,136.0
2022-03-01 17:00:00,6.9,45.9,83.1,39.0,46.0,39.8,141.0
2022-03-01 18:00:00,6.9,45.8,83.0,39.3,46.2,40.1,144.0
2022-03-01 19:00:00,6.2,46.3,83.3,39.4,46.0,40.2,145.0
2022-03-01 20:00:00,5.8,46.5,82.8,39.4,45.9,40.2,143.0
2022-03-01 21:00:00,5.6,46.6,82.8,39.6,46.6,40.3,147.0
2022-03-01 22:00:00,5.3,46.8,83.1,39.9,41.8,40.6,146.0
2022-03-01 23:00:00,5.8,46.5,74.5,37.8,34.6,33.2,0.0
2022-03-02 00:00:00,6.3,46.2,68.7,35.4,32.1,28.9,0.0
2022-03-02 01:00:00,6.5,46.1,63.4,33.4,27.5,25.3,0.0
2022-03-02 02:00:00,5.7,46.6,58.7,31.6,26.1,23.9,0.0
2022-03-02 03:00:00,5.6,46.6,54.5,30.1,25.4,23.5,0.0
2022-03-02 04:00:00,4.7,47.1,50.8,28.7,24.9,23.1,0.0
2022-03-02 05:00:00,5.5,46.7,47.6,27.6,24.4,22.6,0.0
2022-03-02 06:00:00,5.6,46.6,40.6,23.7,30.2,23.7,0.0
2022-03-02 07:00:00,4.8,47.1,84.6,40.4,47.9,40.8,270.0
2022-03-02 08:00:00,5.8,46.5,85.6,39.8,46.9,40.5,157.0
2022-03-02 09:00:00,5.7,46.6,83.9,39.2,46.1,39.9,152.0
2022-03-02 10:00:00,6.1,46.3,82.7,39.3,46.3,40.1,149.0
2022-03-02 11:00:00,6.6,46.1,80.1,39.2,45.9,39.9,147.0
2022-03-02 12:00:00,6.6,46.1,80.7,39.1,45.9,39.8,144.0
2022-03-02 13:00:00,6.9,45.9,78.9,39.1,45.7,39.7,144.0
2022-03-02 14:00:00,7.5,45.6,80.0,38.9,45.8,39.7,141.0
2022-03-02 15:00:00,7.9,45.3,79.5,39.1,45.9,39.9,143.0
2022-03-02 16:00:00,6.6,46.1,79.0,39.1,45.7,39.8,142.0
2022-03-02 17:00:00,7.5,45.6,80.1,39.0,45.9,39.7,143.0
2022-03-02 18:00:00,8.1,49.9,83.2,42.2,50.8,41.8,171.0
2022-03-02 19:00:00,4.9,52.0,84.0,44.6,51.9,44.8,212.0
2022-03-02 20:00:00,4.5,47.2,82.8,39.6,47.1,40.2,123.0
2022-03-02 21:00:00,4.7,47.1,82.7,40.6,47.5,41.2,160.0
2022-03-02 22:00:00,4.7,47.1,82.1,40.4,42.2,41.1,146.0
2022-03-02 23:00:00,5.2,46.9,70.3,38.0,36.2,33.4,0.0
2022-03-03 00:00:00,5.1,46.9,65.1,35.3,31.9,29.0,0.0
2022-03-03 01:00:00,3.5,47.7,60.4,33.2,28.3,25.6,0.0
2022-03-03 02:00:00,3.2,47.9,56.4,31.4,26.9,24.6,0.0
2022-03-03 03:00:00,3.2,47.9,52.8,29.9,26.0,23.9,0.0
2022-03-03 04:00:00,2.9,48.0,49.5,28.7,25.4,23.4,0.0
2022-03-03 05:00:00,2.6,48.2,22.8,31.9,25.9,23.5,0.0
2022-03-03 06:00:00,2.9,48.0,81.8,35.6,46.9,33.2,115.0
2022-03-03 07:00:00,2.9,48.0,84.0,41.1,48.6,41.5,217.0
2022-03-03 08:00:00,3.1,47.9,83.7,40.9,48.3,41.5,167.0
2022-03-03 09:00:00,4.4,47.3,82.3,40.7,47.7,41.3,163.0
2022-03-03 10:00:00,5.3,46.9,80.8,39.9,47.0,40.6,151.0
2022-03-03 11:00:00,4.9,47.0,79.8,39.8,46.7,40.4,151.0
2022-03-03 12:00:00,5.9,46.7,78.9,39.6,46.4,40.3,148.0
2022-03-03 13:00:00,6.2,46.5,77.9,39.6,46.4,40.2,144.0
2022-03-03 14:00:00,6.8,46.4,76.9,39.5,46.2,40.1,143.0
2022-03-03 15:00:00,6.8,46.4,78.4,39.3,46.3,40.0,140.0
2022-03-03 16:00:00,7.7,46.1,71.5,39.4,45.2,39.9,138.0
2022-03-03 17:00:00,7.2,46.2,71.9,39.5,46.0,40.1,138.0
2022-03-03 18:00:00,5.6,46.8,79.4,40.3,47.4,40.9,152.0
2022-03-03 19:00:00,3.9,47.5,80.4,40.4,47.0,40.9,150.0
2022-03-03 20:00:00,2.6,46.6,82.6,40.4,47.1,41.1,150.0
2022-03-03 21:00:00,2.0,47.1,82.9,39.9,46.7,40.6,144.0
2022-03-03 22:00:00,2.7,46.6,83.1,39.9,46.7,40.6,143.0
2022-03-03 23:00:00,1.5,47.4,71.5,37.8,37.9,33.4,0.0
2022-03-04 00:00:00,-0.3,48.7,65.5,34.5,32.3,29.8,0.0
2022-03-04 01:00:00,-0.2,48.7,60.7,32.3,28.5,25.9,0.0
2022-03-04 02:00:00,0.1,48.4,56.6,30.6,26.4,24.3,0.0
2022-03-04 03:00:00,0.4,48.2,52.8,29.1,25.4,23.5,0.0
2022-03-04 04:00:00,-1.2,49.4,49.4,27.9,25.0,22.9,0.0
2022-03-04 05:00:00,-1.4,49.5,46.4,26.9,24.2,22.4,0.0
2022-03-04 06:00:00,-2.0,48.5,27.2,26.3,27.1,24.9,0.0
2022-03-04 07:00:00,-1.2,48.1,87.9,41.7,49.9,42.0,257.0
2022-03-04 08:00:00,1.4,46.8,88.7,39.7,47.0,40.4,156.0
2022-03-04 09:00:00,3.2,45.8,86.2,39.2,46.3,39.9,154.0
2022-03-04 10:00:00,4.4,46.4,84.2,39.7,47.2,40.4,158.0
2022-03-04 11:00:00,5.3,45.9,80.9,39.3,45.7,40.0,146.0
2022-03-04 12:00:00,6.1,45.6,78.7,38.5,45.0,39.2,134.0
2022-03-04 13:00:00,6.9,43.1,77.9,38.6,44.6,39.4,137.0
2022-03-04 14:00:00,7.2,43.0,74.6,36.5,42.6,37.4,104.0
2022-03-04 15:00:00,7.2,43.0,74.9,36.7,42.8,37.6,117.0
2022-03-04 16:00:00,7.1,43.1,74.0,36.8,42.8,37.7,116.0
2022-03-04 17:00:00,8.6,42.4,72.2,36.7,42.9,37.5,116.0
2022-03-04 18:00:00,7.8,42.7,78.5,37.1,43.2,38.0,120.0
2022-03-04 19:00:00,6.7,43.2,80.4,37.1,43.3,37.9,120.0
2022-03-04 20:00:00,6.4,43.5,80.6,37.4,43.7,38.3,124.0
2022-03-04 21:00:00,6.0,43.7,80.7,37.4,43.6,38.3,121.0
2022-03-04 22:00:00,5.8,46.1,81.4,39.3,47.0,39.8,144.0
2022-03-04 23:00:00,5.4,46.3,72.8,37.4,34.3,32.9,0.0
2022-03-05 00:00:00,4.2,47.0,67.3,35.1,31.9,29.6,0.0
2022-03-05 01:00:00,3.8,47.2,62.1,33.3,28.2,26.0,0.0
2022-03-05 02:00:00,3.4,47.5,57.5,31.5,26.8,24.7,0.0
2022-03-05 03:00:00,2.7,47.9,53.6,30.0,26.2,24.2,0.0
2022-03-05 04:00:00,3.0,47.8,50.1,28.7,25.7,23.8,0.0
2022-03-05 05:00:00,2.2,48.3,47.0,27.7,25.0,23.2,0.0
2022-03-05 06:00:00,2.9,46.6,70.2,29.1,38.1,26.2,60.0
2022-03-05 07:00:00,2.9,46.6,84.9,39.9,46.7,40.5,236.0
2022-03-05 08:00:00,3.3,46.5,83.1,38.9,46.1,39.7,146.0
2022-03-05 09:00:00,3.2,46.5,83.1,39.2,46.4,40.0,152.0
2022-03-05 10:00:00,5.0,46.0,79.9,39.3,45.9,39.9,150.0
2022-03-05 11:00:00,5.5,45.6,79.4,38.9,45.6,39.6,142.0
2022-03-05 12:00:00,6.6,44.9,76.8,38.5,45.0,39.2,137.0
2022-03-05 13:00:00,7.4,44.4,74.5,37.6,35.1,34.0,66.0
2022-03-05 14:00:00,7.4,44.4,68.5,35.5,33.1,31.0,0.0
2022-03-05 15:00:00,6.5,45.0,74.4,39.0,45.4,39.6,197.0
2022-03-05 16:00:00,5.6,45.6,76.3,39.1,45.8,39.8,143.0
2022-03-05 17:00:00,4.5,46.1,79.2,39.6,46.5,40.2,148.0
2022-03-05 18:00:00,3.9,46.3,80.3,39.5,46.3,40.2,145.0
2022-03-05 19:00:00,3.3,46.5,79.2,39.5,46.0,40.1,143.0
2022-03-05 20:00:00,4.0,46.3,81.3,39.6,46.6,40.3,145.0
2022-03-05 21:00:00,4.5,46.1,78.5,39.7,46.3,40.2,144.0
2022-03-05 22:00:00,4.6,46.1,80.0,39.3,41.1,39.9,130.0
2022-03-05 23:00:00,4.7,46.0,74.1,37.4,34.3,32.9,0.0
2022-03-06 00:00:00,4.2,46.2,67.9,35.1,31.7,29.1,0.0
2022-03-06 01:00:00,3.5,46.4,62.4,33.4,28.0,25.6,0.0
2022-03-06 02:00:00,4.0,46.3,57.7,31.6,26.8,24.8,0.0
2022-03-06 03:00:00,3.6,46.4,53.7,30.2,26.3,24.3,0.0
2022-03-06 04:00:00,3.7,46.3,50.2,28.9,25.7,23.7,0.0
2022-03-06 05:00:00,2.8,46.6,47.1,27.8,25.0,23.2,0.0
2022-03-06 06:00:00,2.8,46.6,84.2,30.9,44.0,28.7,82.0
2022-03-06 07:00:00,2.0,46.9,84.8,40.0,47.1,40.6,227.0
2022-03-06 08:00:00,2.1,46.8,82.8,39.4,46.4,40.0,154.0
2022-03-06 09:00:00,2.0,46.9,82.6,39.5,46.5,40.2,154.0
2022-03-06 10:00:00,2.1,46.8,82.8,39.6,46.7,40.2,155.0
2022-03-06 11:00:00,2.9,46.6,82.5,39.5,46.1,40.2,151.0
2022-03-06 12:00:00,2.8,46.6,81.3,40.1,46.9,40.7,155.0
2022-03-06 13:00:00,2.7,46.6,82.7,39.9,46.9,40.5,148.0
2022-03-06 14:00:00,3.0,46.5,80.7,40.2,46.9,40.7,151.0
2022-03-06 15:00:00,2.5,48.2,83.1,41.5,49.0,42.1,166.0
2022-03-06 16:00:00,2.5,48.2,83.3,41.4,48.6,41.9,163.0
2022-03-06 17:00:00,1.9,48.3,83.9,41.6,48.6,42.2,165.0
2022-03-06 18:00:00,2.7,48.2,83.9,41.3,48.3,41.8,157.0
2022-03-06 19:00:00,3.1,48.1,83.8,41.1,48.3,41.7,159.0
2022-03-06 20:00:00,2.8,45.8,83.8,41.2,47.7,41.8,158.0
2022-03-06 21:00:00,2.8,45.8,83.4,38.8,45.6,39.6,121.0
2022-03-06 22:00:00,2.8,45.8,83.6,39.1,45.7,39.9,138.0
2022-03-06 23:00:00,2.6,45.9,77.4,37.4,34.3,32.8,0.0
2022-03-07 00:00:00,3.7,45.5,70.7,35.1,31.7,29.5,0.0
2022-03-07 01:00:00,3.7,45.5,64.8,33.3,27.7,25.4,0.0
2022-03-07 02:00:00,2.8,45.8,59.7,31.6,26.6,24.3,0.0
2022-03-07 03:00:00,2.4,46.0,55.5,30.2,25.8,23.6,0.0
2022-03-07 04:00:00,2.1,46.1,51.7,28.9,24.9,23.1,0.0
2022-03-07 05:00:00,1.8,46.2,48.4,29.1,24.5,22.6,0.0
2022-03-07 06:00:00,1.3,46.4,38.3,32.5,31.4,25.6,0.0
2022-03-07 07:00:00,1.2,48.3,80.2,41.3,48.1,41.8,274.0
2022-03-07 08:00:00,1.2,48.3,86.1,40.6,48.0,41.1,167.0
2022-03-07 09:00:00,1.3,48.3,84.7,40.6,47.9,41.1,167.0
2022-03-07 10:00:00,1.5,48.3,84.0,40.5,48.2,41.1,165.0
2022-03-07 11:00:00,1.2,47.7,83.7,41.0,48.1,41.6,172.0
2022-03-07 12:00:00,2.3,47.5,82.4,40.5,47.5,41.1,159.0
2022-03-07 13:00:00,2.5,47.5,80.9,40.1,47.0,40.6,154.0
2022-03-07 14:00:00,2.5,47.5,81.1,40.5,47.5,41.0,158.0
2022-03-07 15:00:00,3.4,47.3,83.3,40.7,47.8,41.2,162.0
2022-03-07 16:00:00,2.5,47.5,82.7,40.6,47.7,41.2,156.0
2022-03-07 17:00:00,3.2,47.3,83.6,40.6,47.9,41.2,158.0
2022-03-07 18:00:00,3.3,47.3,83.7,40.6,47.9,41.2,157.0
2022-03-07 19:00:00,2.0,47.6,84.5,40.6,47.9,41.2,158.0
2022-03-07 20:00:00,2.5,47.5,83.4,40.4,47.2,41.0,156.0
2022-03-07 21:00:00,1.8,47.6,84.1,40.0,47.0,40.6,147.0
2022-03-07 22:00:00,3.4,47.3,84.7,40.3,47.5,40.9,155.0
2022-03-07 23:00:00,3.4,47.3,66.2,38.5,38.3,33.4,0.0
2022-03-08 00:00:00,2.3,47.5,65.2,33.7,33.1,29.3,0.0
2022-03-08 01:00:00,2.5,47.5,60.8,31.4,27.7,25.4,0.0
2022-03-08 02:00:00,0.3,47.9,56.5,30.1,26.6,24.6,0.0
2022-03-08 03:00:00,0.5,47.9,52.4,28.9,26.2,24.2,0.0
2022-03-08 04:00:00,0.0,48.0,48.7,27.7,25.5,23.5,0.0
2022-03-08 05:00:00,-0.1,48.0,45.6,26.8,24.7,22.8,0.0
2022-03-08 06:00:00,-0.8,48.1,42.8,25.9,24.2,22.3,0.0
2022-03-08 07:00:00,-0.3,48.0,67.2,39.4,47.3,38.4,235.0
2022-03-08 08:00:00,-1.0,48.2,78.2,41.4,48.3,41.7,198.0
2022-03-08 09:00:00,0.2,47.9,86.8,40.9,48.6,41.5,174.0
2022-03-08 10:00:00,0.5,47.9,85.5,40.5,47.7,41.1,161.0
2022-03-08 11:00:00,0.4,47.9,83.7,40.2,47.3,40.9,158.0
2022-03-08 12:00:00,1.6,47.6,84.7,40.5,48.0,41.0,161.0
2022-03-08 13:00:00,0.5,47.9,84.8,40.9,48.3,41.5,166.0
2022-03-08 14:00:00,1.7,47.6,83.8,40.6,47.6,41.2,160.0
2022-03-08 15:00:00,1.9,47.6,83.7,40.1,47.2,40.6,152.0
2022-03-08 16:00:00,2.9,47.4,79.2,40.4,47.0,40.9,156.0
2022-03-08 17:00:00,1.5,47.7,83.9,40.3,47.8,40.8,153.0
2022-03-08 18:00:00,2.6,47.4,85.1,40.8,47.9,41.4,165.0
2022-03-08 19:00:00,1.8,47.6,87.6,40.8,48.4,41.4,162.0
2022-03-08 20:00:00,0.9,47.8,85.4,40.1,47.3,40.8,154.0
2022-03-08 21:00:00,1.9,47.6,86.0,40.5,47.7,41.1,157.0
2022-03-08 22:00:00,2.4,47.5,85.9,40.7,47.9,41.3,161.0
2022-03-08 23:00:00,2.4,47.5,74.7,38.6,36.4,33.4,0.0
2022-03-09 00:00:00,1.9,47.6,68.9,35.8,32.2,29.5,0.0
2022-03-09 01:00:00,2.3,47.5,63.8,33.5,27.7,25.2,0.0
2022-03-09 02:00:00,1.9,47.6,59.1,31.5,26.7,24.5,0.0
2022-03-09 03:00:00,0.7,47.8,55.1,29.9,25.8,23.8,0.0
2022-03-09 04:00:00,0.9,47.8,51.4,28.5,24.9,22.9,0.0
2022-03-09 05:00:00,0.8,47.8,31.0,34.9,26.3,23.1,0.0
2022-03-09 06:00:00,0.5,50.1,79.8,39.2,49.4,37.6,176.0
2022-03-09 07:00:00,2.0,49.1,84.9,41.6,49.2,41.9,214.0
2022-03-09 08:00:00,2.1,49.0,86.3,41.7,49.4,42.1,183.0
2022-03-09 09:00:00,1.7,49.3,86.3,41.7,49.6,42.1,178.0
2022-03-09 10:00:00,1.7,49.3,86.3,41.7,49.6,42.1,0.0
2022-03-09 11:00:00,1.5,49.4,83.7,42.4,49.7,42.7,197.0
2022-03-09 12:00:00,1.6,48.3,83.9,40.3,47.6,40.8,156.0
2022-03-09 13:00:00,1.8,48.2,83.1,40.9,48.4,41.3,171.0
2022-03-09 14:00:00,1.9,48.1,82.3,40.4,47.6,40.9,160.0
2022-03-09 15:00:00,2.1,48.0,82.8,40.9,48.3,41.4,169.0
2022-03-09 16:00:00,1.9,48.1,83.7,40.6,47.6,41.2,165.0
2022-03-09 17:00:00,2.5,47.7,84.4,40.6,48.2,41.2,163.0
2022-03-09 18:00:00,1.6,48.3,85.2,41.0,48.7,41.5,86.0
2022-03-09 19:00:00,1.66,48.26,85.2,40.98,48.63,41.48,100.2
2022-03-09 20:00:00,1.72,48.22,85.2,40.96,48.57,41.46,100.2
2022-03-09 21:00:00,1.78,48.18,85.2,40.94,48.5,41.44,100.2
2022-03-09 22:00:00,1.84,48.14,85.2,40.92,48.43,41.42,100.2
2022-03-09 23:00:00,1.9,48.1,85.2,40.9,48.37,41.4,100.2
2022-03-10 00:00:00,1.96,48.06,85.2,40.88,48.3,41.38,100.2
2022-03-10 01:00:00,2.02,48.02,85.2,40.86,48.23,41.36,100.2
2022-03-10 02:00:00,2.08,47.98,85.2,40.84,48.17,41.34,100.2
2022-03-10 03:00:00,2.14,47.94,85.2,40.82,48.1,41.32,100.2
2022-03-10 04:00:00,2.2,47.9,85.2,40.8,48.03,41.3,100.2
2022-03-10 05:00:00,2.26,47.86,85.2,40.78,47.97,41.28,100.2
2022-03-10 06:00:00,2.32,47.82,85.2,40.76,47.9,41.26,100.2
2022-03-10 07:00:00,2.38,47.78,85.2,40.74,47.83,41.24,100.2
2022-03-10 08:00:00,2.44,47.74,85.2,40.72,47.77,41.22,100.2
2022-03-10 09:00:00,2.5,47.7,85.2,40.7,47.7,41.2,100.2
2022-03-10 10:00:00,2.3,47.9,83.2,40.5,47.7,41.0,165.0
2022-03-10 11:00:00,3.9,46.7,80.7,40.2,47.1,40.8,157.0
2022-03-10 12:00:00,4.3,46.4,79.0,39.6,46.3,40.1,148.0
2022-03-10 13:00:00,4.5,46.3,75.2,39.5,46.5,40.0,147.0
2022-03-10 14:00:00,3.9,46.7,75.2,40.1,46.8,40.5,155.0
2022-03-10 15:00:00,3.9,46.7,76.9,40.4,47.1,40.9,158.0
2022-03-10 16:00:00,3.7,46.9,74.3,39.9,46.2,40.5,147.0
2022-03-10 17:00:00,2.5,47.6,73.8,40.3,47.5,40.5,153.0
2022-03-10 18:00:00,1.4,48.5,83.0,41.6,48.8,42.0,175.0
2022-03-10 19:00:00,1.2,48.6,84.9,41.6,48.8,42.1,170.0
2022-03-10 20:00:00,1.5,48.4,85.0,41.3,48.5,41.8,164.0
2022-03-10 21:00:00,1.4,48.5,83.8,41.3,48.5,41.8,166.0
2022-03-10 22:00:00,1.4,48.5,84.3,41.1,43.0,41.8,157.0
2022-03-10 23:00:00,2.0,48.1,75.0,38.9,35.0,33.6,0.0
2022-03-11 00:00:00,1.5,48.3,69.3,36.3,31.2,28.6,0.0
2022-03-11 01:00:00,1.9,48.1,63.9,34.1,28.2,26.2,0.0
2022-03-11 02:00:00,1.5,48.3,59.1,32.2,27.2,25.3,0.0
2022-03-11 03:00:00,1.9,48.1,55.1,30.6,26.3,24.4,0.0
2022-03-11 04:00:00,0.2,49.3,51.3,29.1,25.5,23.5,0.0
2022-03-11 05:00:00,0.5,49.1,34.6,26.7,28.7,24.1,0.0
2022-03-11 06:00:00,-0.4,49.8,74.5,41.5,50.4,40.0,244.0
2022-03-11 07:00:00,0.6,49.0,85.3,41.9,49.6,42.3,205.0
2022-03-11 08:00:00,1.5,48.5,86.0,41.3,48.6,41.8,176.0
2022-03-11 09:00:00,0.4,49.2,84.7,41.5,49.2,41.9,174.0
2022-03-11 10:00:00,0.8,48.9,84.0,41.3,48.7,41.8,172.0
2022-03-11 11:00:00,1.0,48.8,83.1,41.7,49.5,42.0,174.0
2022-03-11 12:00:00,1.5,48.4,82.0,41.5,48.8,41.9,169.0
2022-03-11 13:00:00,2.0,48.1,80.8,41.3,48.2,41.8,165.0
2022-03-11 14:00:00,1.5,48.4,81.8,41.1,48.5,41.6,161.0
2022-03-11 15:00:00,2.2,47.8,82.0,41.4,48.3,41.8,167.0
2022-03-11 16:00:00,1.5,48.4,77.1,41.0,48.2,41.2,155.0
2022-03-11 17:00:00,0.9,48.8,77.5,41.0,47.9,41.4,162.0
2022-03-11 18:00:00,1.3,48.6,84.8,41.7,48.9,42.2,172.0
2022-03-11 19:00:00,2.6,47.6,85.9,40.8,47.8,41.4,157.0
2022-03-11 20:00:00,0.0,50.0,85.6,41.5,49.7,41.9,163.0
2022-03-11 21:00:00,-0.7,50.4,86.5,42.8,50.4,43.1,183.0
2022-03-11 22:00:00,-0.5,50.3,87.4,43.0,50.7,43.4,179.0
2022-03-11 23:00:00,-1.2,50.7,81.7,40.8,36.2,34.6,0.0
2022-03-12 00:00:00,-0.7,50.4,74.4,37.8,33.4,30.8,0.0
2022-03-12 01:00:00,-1.9,51.1,54.5,43.2,43.6,42.2,204.0
2022-03-12 02:00:00,-0.8,50.5,89.7,39.4,51.7,37.1,87.0
2022-03-12 03:00:00,-0.7,50.4,78.1,37.8,34.4,32.6,0.0
2022-03-12 04:00:00,-0.7,50.4,71.5,35.1,31.7,29.2,0.0
2022-03-12 05:00:00,-0.6,50.4,65.3,32.8,27.3,24.7,0.0
2022-03-12 06:00:00,-2.0,51.2,88.4,40.3,52.3,37.8,178.0
2022-03-12 07:00:00,-1.5,50.9,89.6,42.7,50.3,43.0,216.0
2022-03-12 08:00:00,0.4,49.7,86.3,42.4,50.0,42.8,183.0
2022-03-12 09:00:00,0.9,49.4,86.2,42.2,49.9,42.7,180.0
2022-03-12 10:00:00,1.4,49.1,83.2,41.6,48.7,42.1,169.0
2022-03-12 11:00:00,1.7,49.0,81.0,41.4,48.7,41.8,168.0
2022-03-12 12:00:00,2.3,48.6,79.3,41.5,48.5,41.8,168.0
2022-03-12 13:00:00,2.9,48.2,79.3,41.0,47.8,41.4,163.0
2022-03-12 14:00:00,3.1,48.1,78.7,40.6,47.6,41.0,155.0
2022-03-12 15:00:00,3.7,47.7,76.8,40.8,47.8,41.3,159.0
2022-03-12 16:00:00,4.5,47.3,71.0,40.4,46.5,40.7,150.0
2022-03-12 17:00:00,4.3,47.3,73.4,41.3,48.0,41.5,161.0
2022-03-12 18:00:00,3.6,47.8,81.8,41.5,48.5,41.9,166.0
2022-03-12 19:00:00,2.5,48.5,84.3,40.9,48.1,41.4,158.0
2022-03-12 20:00:00,0.8,49.5,85.5,41.7,49.4,42.0,170.0
2022-03-12 21:00:00,0.2,49.8,85.5,41.9,49.4,42.4,173.0
2022-03-12 22:00:00,-0.7,44.9,86.7,42.9,49.9,43.3,182.0
2022-03-12 23:00:00,-1.5,45.3,88.4,37.6,39.8,38.5,98.0
2022-03-13 00:00:00,-1.9,45.5,80.9,36.0,33.4,32.1,0.0
2022-03-13 01:00:00,-1.3,45.2,73.2,33.9,30.5,28.4,0.0
2022-03-13 02:00:00,-1.2,45.1,66.7,32.1,27.7,25.1,0.0
2022-03-13 03:00:00,-3.4,46.2,61.3,30.5,26.2,23.8,0.0
2022-03-13 04:00:00,-2.1,48.4,71.0,39.9,47.9,38.8,193.0
2022-03-13 05:00:00,-4.5,50.6,81.8,42.4,49.2,42.9,211.0
2022-03-13 06:00:00,-3.8,51.7,93.3,43.2,52.0,43.5,197.0
2022-03-13 07:00:00,-2.4,50.3,92.5,43.6,51.2,44.1,200.0
2022-03-13 08:00:00,-0.8,48.4,90.6,41.8,49.1,42.4,167.0
2022-03-13 09:00:00,0.8,46.7,88.8,40.2,47.1,41.0,151.0
2022-03-13 10:00:00,1.7,45.6,86.3,39.3,46.1,40.2,144.0
2022-03-13 11:00:00,2.2,45.0,84.3,38.7,45.0,39.5,136.0
2022-03-13 12:00:00,3.5,43.7,80.6,37.6,43.7,38.5,123.0
2022-03-13 13:00:00,4.7,42.3,78.6,36.8,42.9,37.7,114.0
2022-03-13 14:00:00,4.9,42.1,77.2,36.5,42.4,37.3,108.0
2022-03-13 15:00:00,7.3,42.9,77.9,38.7,43.5,39.4,143.0
2022-03-13 16:00:00,7.3,42.9,76.9,38.1,42.7,38.9,127.0
2022-03-13 17:00:00,7.5,42.8,77.7,38.1,43.1,38.9,128.0
2022-03-13 18:00:00,7.1,45.8,80.6,40.7,46.6,41.0,162.0
2022-03-13 19:00:00,6.2,46.6,84.3,40.8,46.7,41.4,158.0
2022-03-13 20:00:00,3.8,47.7,85.2,41.5,47.4,42.0,165.0
2022-03-13 21:00:00,3.4,47.9,85.8,41.8,47.6,42.4,168.0
2022-03-13 22:00:00,2.5,48.5,85.6,41.9,41.9,42.2,157.0
2022-03-13 23:00:00,3.9,47.6,79.0,39.5,33.9,33.9,0.0
2022-03-14 00:00:00,2.4,48.5,72.0,36.7,30.1,29.1,0.0
2022-03-14 01:00:00,1.3,49.2,65.9,34.4,26.4,25.5,0.0
2022-03-14 02:00:00,-0.2,50.1,60.5,32.4,25.1,24.4,0.0
2022-03-14 03:00:00,-0.9,50.6,56.0,30.7,24.1,23.3,0.0
2022-03-14 04:00:00,-1.3,50.8,32.6,35.4,26.4,23.5,0.0
2022-03-14 05:00:00,-1.0,50.6,29.4,24.5,26.9,25.6,0.0
2022-03-14 06:00:00,-1.5,50.9,87.8,45.1,51.5,45.3,326.0
2022-03-14 07:00:00,0.7,49.5,89.8,43.7,49.8,44.0,198.0
2022-03-14 08:00:00,2.9,50.6,87.8,43.4,50.7,43.5,192.0
2022-03-14 09:00:00,5.3,49.8,85.2,43.7,50.1,43.8,199.0
2022-03-14 10:00:00,6.1,49.3,81.3,43.1,48.9,43.3,183.0
2022-03-14 11:00:00,7.3,48.5,78.5,42.5,47.9,42.7,172.0
2022-03-14 12:00:00,8.5,47.8,74.7,42.2,47.5,42.3,165.0
2022-03-14 13:00:00,9.3,47.3,73.5,41.9,47.0,42.0,160.0
2022-03-14 14:00:00,9.9,47.0,71.5,41.4,46.6,41.5,151.0
2022-03-14 15:00:00,10.2,45.5,70.6,40.7,45.5,41.0,148.0
2022-03-14 16:00:00,12.0,45.0,67.1,40.4,45.0,40.5,137.0
2022-03-14 17:00:00,12.1,45.0,67.2,40.5,45.2,40.7,144.0
2022-03-14 18:00:00,9.5,45.7,70.1,40.4,45.5,40.6,142.0
2022-03-14 19:00:00,9.3,45.2,77.7,40.6,45.8,41.0,154.0
2022-03-14 20:00:00,6.9,47.3,77.4,40.5,46.4,40.8,147.0
2022-03-14 21:00:00,5.3,47.8,78.6,42.5,48.3,42.7,176.0
2022-03-14 22:00:00,5.1,47.9,80.2,42.5,48.1,42.9,169.0
2022-03-14 23:00:00,3.9,48.5,75.0,40.1,34.2,34.4,0.0
2022-03-15 00:00:00,2.7,49.1,68.7,37.3,31.0,30.2,0.0
2022-03-15 01:00:00,2.0,49.5,63.1,35.0,27.2,26.4,0.0
2022-03-15 02:00:00,1.6,49.7,58.3,33.0,25.9,25.3,0.0
2022-03-15 03:00:00,1.1,49.9,54.1,31.2,25.1,24.4,0.0
2022-03-15 04:00:00,0.6,50.2,50.6,29.7,24.1,23.7,0.0
2022-03-15 05:00:00,0.0,50.5,47.3,28.3,23.4,23.2,0.0
2022-03-15 06:00:00,1.6,49.7,33.7,30.3,29.4,24.3,0.0
2022-03-15 07:00:00,2.2,49.4,82.1,44.1,51.6,43.1,295.0
2022-03-15 08:00:00,4.3,48.3,87.5,42.0,48.2,42.4,184.0
2022-03-15 09:00:00,6.3,47.5,86.8,42.0,48.0,42.5,180.0
2022-03-15 10:00:00,7.2,45.6,83.4,40.5,45.1,41.2,155.0
2022-03-15 11:00:00,8.2,45.4,78.0,39.6,44.7,40.2,139.0
2022-03-15 12:00:00,9.9,40.9,71.3,38.8,41.6,39.5,134.0
2022-03-15 13:00:00,11.2,40.6,66.6,36.8,31.9,32.0,0.0
2022-03-15 14:00:00,12.3,42.9,61.8,34.9,29.1,28.3,0.0
2022-03-15 15:00:00,12.5,42.8,57.5,33.2,25.9,25.3,0.0
2022-03-15 16:00:00,12.7,44.8,53.6,31.8,24.9,24.3,0.0
2022-03-15 17:00:00,12.4,45.8,50.3,30.6,24.3,23.7,0.0
2022-03-15 18:00:00,11.1,46.6,70.4,32.6,41.8,30.2,82.0
2022-03-15 19:00:00,10.2,47.1,77.8,42.1,47.4,42.4,232.0
2022-03-15 20:00:00,9.7,47.3,76.4,41.3,46.9,41.5,161.0
2022-03-15 21:00:00,9.5,47.5,77.7,42.2,47.8,42.3,173.0
2022-03-15 22:00:00,9.0,47.7,78.2,41.7,42.1,42.1,163.0
2022-03-15 23:00:00,8.5,48.0,72.7,39.4,33.8,33.8,0.0
2022-03-16 00:00:00,7.6,48.5,66.8,36.8,30.2,29.3,0.0
2022-03-16 01:00:00,6.9,49.0,61.5,34.5,26.7,26.1,0.0
2022-03-16 02:00:00,7.9,48.3,57.0,32.7,25.6,25.2,0.0
2022-03-16 03:00:00,8.0,48.3,53.0,31.1,24.8,24.2,0.0
2022-03-16 04:00:00,8.4,48.1,49.7,29.7,24.1,23.9,0.0
2022-03-16 05:00:00,8.4,48.1,46.6,28.5,23.7,23.4,0.0
2022-03-16 06:00:00,7.6,48.6,79.8,30.2,40.3,27.0,53.0
2022-03-16 07:00:00,8.2,48.2,80.6,43.0,48.6,43.2,278.0
2022-03-16 08:00:00,8.8,47.8,79.1,41.7,47.2,42.0,168.0
2022-03-16 09:00:00,9.4,47.5,78.6,42.2,48.0,42.3,174.0
2022-03-16 10:00:00,10.1,47.1,75.2,42.0,47.3,42.1,168.0
2022-03-16 11:00:00,11.5,46.3,51.0,41.0,36.2,36.5,89.0
2022-03-16 12:00:00,12.3,45.9,58.5,36.3,33.0,32.1,0.0
2022-03-16 13:00:00,12.9,45.6,55.1,33.8,29.1,28.2,0.0
2022-03-16 14:00:00,13.3,44.0,72.6,39.8,45.3,40.0,214.0
2022-03-16 15:00:00,12.5,44.0,72.1,39.2,44.2,39.8,135.0
2022-03-16 16:00:00,11.2,44.6,74.5,39.7,44.9,40.2,142.0
2022-03-16 17:00:00,12.1,44.0,75.2,39.5,44.4,40.1,140.0
2022-03-16 18:00:00,11.3,44.6,75.5,39.4,44.3,40.0,135.0
2022-03-16 19:00:00,11.0,44.7,77.0,39.6,44.7,40.1,138.0
2022-03-16 20:00:00,10.8,46.7,77.5,41.8,47.6,42.0,161.0
2022-03-16 21:00:00,10.0,47.2,77.7,41.2,46.4,41.7,149.0
2022-03-16 22:00:00,10.2,46.5,77.8,41.5,46.8,42.0,153.0
2022-03-16 23:00:00,9.7,46.8,69.6,39.8,34.0,34.4,0.0
2022-03-17 00:00:00,10.0,46.6,65.6,37.9,32.1,30.8,0.0
2022-03-17 01:00:00,9.6,46.8,61.1,35.4,27.7,26.9,0.0
2022-03-17 02:00:00,10.1,46.6,56.9,33.5,26.2,25.6,0.0
2022-03-17 03:00:00,9.8,46.8,53.3,31.8,25.4,24.9,0.0
2022-03-17 04:00:00,9.2,47.2,50.0,30.4,24.8,24.3,0.0
2022-03-17 05:00:00,9.2,47.2,47.0,29.2,24.3,23.8,0.0
2022-03-17 06:00:00,8.2,47.8,66.2,33.0,38.8,31.4,92.0
2022-03-17 07:00:00,7.6,48.2,79.8,43.9,51.0,42.8,228.0
2022-03-17 08:00:00,8.2,46.4,79.7,41.2,46.0,41.8,159.0
2022-03-17 09:00:00,8.4,46.8,79.3,41.6,47.0,42.0,163.0
2022-03-17 10:00:00,8.7,46.4,78.7,41.7,46.8,42.1,162.0
2022-03-17 11:00:00,8.0,47.3,77.1,42.2,47.7,42.4,163.0
2022-03-17 12:00:00,8.9,46.2,75.5,41.2,46.3,41.5,148.0
2022-03-17 13:00:00,8.3,46.9,75.4,41.6,46.8,42.1,158.0
2022-03-17 14:00:00,9.3,45.1,75.1,39.7,44.4,40.4,130.0
2022-03-17 15:00:00,8.7,45.5,73.8,40.8,46.1,41.1,148.0
2022-03-17 16:00:00,8.3,45.8,74.4,40.8,45.8,41.2,145.0
2022-03-17 17:00:00,8.6,45.6,76.8,40.4,45.5,40.9,141.0
2022-03-17 18:00:00,7.9,46.0,79.1,40.8,46.2,41.2,147.0
2022-03-17 19:00:00,8.1,45.9,79.3,41.1,46.2,41.7,150.0
2022-03-17 20:00:00,6.7,48.0,78.0,41.1,47.0,41.5,146.0
2022-03-17 21:00:00,7.4,47.6,78.1,42.5,47.6,42.9,168.0
2022-03-17 22:00:00,7.8,47.4,78.7,41.8,42.2,42.4,147.0
2022-03-17 23:00:00,6.0,48.4,73.2,39.6,34.1,34.6,0.0
2022-03-18 00:00:00,7.1,47.8,67.2,37.1,31.4,30.5,0.0
2022-03-18 01:00:00,6.6,48.1,61.9,35.0,27.2,26.8,0.0
2022-03-18 02:00:00,5.7,48.6,57.3,33.1,26.2,25.8,0.0
2022-03-18 03:00:00,5.7,48.6,53.3,31.5,25.4,25.1,0.0
2022-03-18 04:00:00,5.1,48.8,50.0,30.1,24.9,24.5,0.0
2022-03-18 05:00:00,5.7,48.6,46.9,28.9,24.1,23.6,0.0
2022-03-18 06:00:00,3.9,49.4,31.4,30.1,29.9,26.1,0.0
2022-03-18 07:00:00,5.7,46.6,84.1,42.2,47.2,42.7,269.0
2022-03-18 08:00:00,6.8,46.0,83.2,40.4,46.0,41.0,146.0
2022-03-18 09:00:00,7.7,45.5,80.6,40.3,45.5,40.9,150.0
2022-03-18 10:00:00,7.9,45.3,76.9,39.7,44.7,40.3,139.0
2022-03-18 11:00:00,8.8,44.8,75.4,39.6,44.7,40.1,140.0
2022-03-18 12:00:00,9.4,44.5,71.6,38.9,35.5,35.6,81.0
2022-03-18 13:00:00,9.0,44.7,72.6,38.6,46.0,37.3,105.0
2022-03-18 14:00:00,9.5,44.5,73.2,39.9,44.5,40.4,157.0
2022-03-18 15:00:00,8.9,44.8,74.1,39.4,44.4,40.0,135.0
2022-03-18 16:00:00,8.3,45.1,70.0,39.8,44.6,40.1,137.0
2022-03-18 17:00:00,7.9,45.3,74.1,40.4,45.8,40.7,148.0
2022-03-18 18:00:00,7.4,45.6,78.8,41.0,46.3,41.4,156.0
2022-03-18 19:00:00,6.6,46.1,80.6,40.7,46.3,41.2,151.0
2022-03-18 20:00:00,6.0,46.4,80.8,41.0,46.5,41.5,155.0
2022-03-18 21:00:00,7.0,45.8,82.6,40.9,46.4,41.4,153.0
2022-03-18 22:00:00,5.5,46.7,57.1,40.0,36.0,36.4,85.0
2022-03-18 23:00:00,4.2,47.4,53.6,37.5,33.8,32.5,0.0
2022-03-19 00:00:00,1.9,48.8,49.8,33.3,31.4,27.9,0.0
2022-03-19 01:00:00,2.9,48.2,47.4,28.6,28.5,25.3,0.0
2022-03-19 02:00:00,2.0,48.8,47.1,24.3,31.6,24.5,0.0
2022-03-19 03:00:00,0.4,49.8,51.5,22.3,37.0,23.5,0.0
2022-03-19 04:00:00,0.0,50.1,55.0,22.8,37.3,24.7,0.0
2022-03-19 05:00:00,0.6,49.6,54.4,23.2,36.9,24.5,0.0
2022-03-19 06:00:00,-0.6,50.4,49.3,26.6,30.8,23.7,0.0
2022-03-19 07:00:00,0.4,49.7,91.1,43.7,50.3,43.9,295.0
2022-03-19 08:00:00,4.0,47.6,87.4,41.7,47.4,42.2,173.0
2022-03-19 09:00:00,5.9,46.5,86.1,40.9,46.6,41.5,161.0
2022-03-19 10:00:00,6.9,46.0,83.4,40.7,46.1,41.2,158.0
2022-03-19 11:00:00,7.5,45.6,80.8,40.2,45.4,40.7,147.0
2022-03-19 12:00:00,8.5,45.0,76.6,39.4,44.2,40.1,139.0
2022-03-19 13:00:00,8.6,45.0,76.2,39.3,39.4,39.8,128.0
2022-03-19 14:00:00,8.8,44.9,70.8,37.4,32.7,32.9,0.0
2022-03-19 15:00:00,8.8,44.8,65.2,35.2,29.4,28.7,0.0
2022-03-19 16:00:00,8.7,44.9,60.0,33.3,26.4,25.6,0.0
2022-03-19 17:00:00,7.4,45.6,55.6,31.6,25.3,24.7,0.0
2022-03-19 18:00:00,6.0,46.3,80.9,40.7,47.5,40.5,221.0
2022-03-19 19:00:00,5.4,46.8,80.5,41.1,46.7,41.5,166.0
2022-03-19 20:00:00,5.5,46.7,83.3,41.0,46.7,41.5,164.0
2022-03-19 21:00:00,5.2,46.9,83.7,41.1,46.8,41.6,162.0
2022-03-19 22:00:00,5.5,46.7,83.7,41.0,41.8,41.6,156.0
2022-03-19 23:00:00,4.7,47.1,69.2,38.8,35.3,33.6,0.0
2022-03-20 00:00:00,1.6,49.0,64.9,35.2,30.6,29.2,0.0
2022-03-20 01:00:00,4.0,47.6,60.5,32.8,26.7,25.8,0.0
2022-03-20 02:00:00,3.3,48.0,56.4,30.9,25.2,24.5,0.0
2022-03-20 03:00:00,3.8,47.7,52.7,29.3,24.2,23.7,0.0
2022-03-20 04:00:00,1.9,48.8,49.3,28.0,23.4,22.8,0.0
2022-03-20 05:00:00,2.8,48.3,46.3,26.9,22.7,22.2,0.0
2022-03-20 06:00:00,1.2,51.1,60.5,32.8,36.7,31.2,110.0
2022-03-20 07:00:00,3.5,50.4,90.3,44.4,51.0,44.7,275.0
2022-03-20 08:00:00,5.9,49.2,86.7,43.1,49.1,43.4,188.0
2022-03-20 09:00:00,6.5,48.6,83.9,42.3,48.1,42.7,176.0
2022-03-20 10:00:00,6.8,48.4,82.9,42.7,48.7,43.0,181.0
2022-03-20 11:00:00,7.8,47.4,79.9,42.3,48.0,42.5,172.0
2022-03-20 12:00:00,8.2,47.0,79.5,41.9,47.4,42.3,168.0
2022-03-20 13:00:00,8.8,45.4,76.8,41.0,45.9,41.5,151.0
2022-03-20 14:00:00,9.1,45.2,70.9,39.6,44.7,39.9,133.0
2022-03-20 15:00:00,9.6,44.9,72.7,40.5,45.4,40.9,152.0
2022-03-20 16:00:00,9.2,45.1,70.6,39.9,44.9,40.3,136.0
2022-03-20 17:00:00,7.7,46.2,70.4,40.6,45.7,40.6,148.0
2022-03-20 18:00:00,6.5,47.0,78.1,41.8,47.7,42.1,167.0
2022-03-20 19:00:00,6.2,47.2,79.2,41.2,46.4,41.6,159.0
2022-03-20 20:00:00,6.6,46.9,80.9,42.2,47.6,42.8,170.0
2022-03-20 21:00:00,6.5,46.9,82.6,41.3,46.8,41.7,154.0
2022-03-20 22:00:00,6.3,47.1,82.6,41.7,42.2,42.2,160.0
2022-03-20 23:00:00,3.6,48.7,76.5,39.4,34.0,34.0,0.0
2022-03-21 00:00:00,3.9,48.5,70.0,36.7,30.0,29.2,0.0
2022-03-21 01:00:00,4.2,48.4,64.1,34.5,26.5,25.8,0.0
2022-03-21 02:00:00,2.4,49.3,59.0,32.5,25.6,25.1,0.0
2022-03-21 03:00:00,1.3,49.8,54.8,30.8,24.9,24.4,0.0
2022-03-21 04:00:00,-0.1,50.6,51.1,29.3,24.1,23.7,0.0
2022-03-21 05:00:00,0.1,50.4,25.8,39.0,26.1,24.3,0.0
2022-03-21 06:00:00,0.5,50.2,50.2,27.6,35.9,27.9,0.0
2022-03-21 07:00:00,2.2,49.4,85.0,44.1,49.1,44.3,314.0
2022-03-21 08:00:00,5.0,48.0,89.1,42.0,48.1,42.4,172.0
2022-03-21 09:00:00,6.7,46.8,87.1,41.6,47.3,42.1,170.0
2022-03-21 10:00:00,7.5,46.3,80.8,40.4,46.0,40.9,151.0
2022-03-21 11:00:00,7.8,46.1,78.2,40.3,45.6,40.8,153.0
2022-03-21 12:00:00,8.9,45.4,77.5,40.1,45.4,40.6,148.0
2022-03-21 13:00:00,9.7,44.8,75.0,39.8,44.6,40.3,142.0
2022-03-21 14:00:00,10.1,44.6,74.3,39.5,44.3,40.1,137.0
2022-03-21 15:00:00,10.1,44.6,73.6,39.3,44.1,39.8,134.0
2022-03-21 16:00:00,10.0,44.6,70.4,39.3,44.1,39.7,137.0
2022-03-21 17:00:00,9.4,45.0,50.4,37.0,35.2,33.0,0.0
2022-03-21 18:00:00,8.7,45.5,49.0,35.5,39.3,34.6,119.0
2022-03-21 19:00:00,8.7,48.4,79.9,43.0,49.9,42.7,207.0
2022-03-21 20:00:00,8.6,48.6,78.3,42.7,48.4,42.9,168.0
2022-03-21 21:00:00,8.6,48.6,79.0,43.1,48.9,43.2,175.0
2022-03-21 22:00:00,8.5,48.7,75.2,41.2,38.8,34.7,43.0
2022-03-21 23:00:00,6.2,51.5,69.7,38.2,31.7,30.6,0.0
2022-03-22 00:00:00,6.0,51.9,64.2,35.5,28.0,27.1,0.0
2022-03-22 01:00:00,3.9,53.0,59.3,33.2,26.5,25.9,0.0
2022-03-22 02:00:00,4.2,53.0,55.1,31.3,25.8,25.0,0.0
2022-03-22 03:00:00,4.1,53.0,51.4,29.7,25.2,24.2,0.0
2022-03-22 04:00:00,4.3,53.0,52.5,28.2,28.5,23.5,0.0
2022-03-22 05:00:00,3.7,53.0,53.9,21.9,36.6,22.4,0.0
2022-03-22 06:00:00,3.3,53.0,44.2,27.8,34.5,28.0,65.0
2022-03-22 07:00:00,3.9,48.5,67.6,43.1,48.8,42.3,258.0
2022-03-22 08:00:00,6.5,47.0,85.2,41.8,47.6,42.3,183.0
2022-03-22 09:00:00,8.2,45.9,80.6,40.4,45.5,40.9,151.0
2022-03-22 10:00:00,9.4,45.0,77.8,39.7,44.7,40.2,142.0
2022-03-22 11:00:00,10.9,44.0,75.3,39.5,44.3,40.0,142.0
2022-03-22 12:00:00,12.0,43.3,69.9,38.3,34.2,34.5,67.0
2022-03-22 13:00:00,12.8,42.8,64.9,36.1,32.0,31.5,0.0
2022-03-22 14:00:00,13.9,42.1,60.4,34.3,28.3,27.4,0.0
2022-03-22 15:00:00,13.9,42.0,56.0,32.6,25.9,25.2,0.0
2022-03-22 16:00:00,13.9,42.0,52.3,31.2,25.2,24.7,0.0
2022-03-22 17:00:00,13.5,44.0,72.3,39.9,44.7,40.4,233.0
2022-03-22 18:00:00,12.8,44.0,72.2,39.2,44.1,39.7,134.0
2022-03-22 19:00:00,12.4,44.0,74.4,39.6,44.7,40.1,142.0
2022-03-22 20:00:00,12.2,45.0,76.5,39.5,44.5,40.1,141.0
2022-03-22 21:00:00,11.5,45.2,77.2,39.8,44.8,40.3,138.0
2022-03-22 22:00:00,11.0,45.4,77.0,40.7,41.0,41.2,149.0
2022-03-22 23:00:00,10.6,45.6,71.7,38.5,33.7,33.7,0.0
2022-03-23 00:00:00,9.2,46.2,66.0,36.2,30.5,29.6,0.0
2022-03-23 01:00:00,7.6,46.8,60.8,34.1,26.7,26.1,0.0
2022-03-23 02:00:00,7.4,46.9,56.4,32.4,25.8,25.3,0.0
2022-03-23 03:00:00,8.1,46.6,52.5,30.8,25.2,24.8,0.0
2022-03-23 04:00:00,7.2,47.0,49.2,29.5,24.6,24.1,0.0
2022-03-23 05:00:00,6.9,47.1,63.9,31.3,38.6,30.2,79.0
2022-03-23 06:00:00,6.6,48.1,85.2,41.8,47.5,42.2,243.0
2022-03-23 07:00:00,8.1,47.2,84.0,42.0,48.0,42.4,171.0
2022-03-23 08:00:00,10.0,46.1,80.9,41.3,46.7,41.8,158.0
2022-03-23 09:00:00,11.3,45.4,78.2,40.4,45.4,40.9,145.0
2022-03-23 10:00:00,12.3,45.0,74.0,39.5,44.5,40.1,134.0
2022-03-23 11:00:00,12.8,45.0,63.7,38.4,33.1,33.4,46.0
2022-03-23 12:00:00,13.8,45.0,60.0,35.8,31.9,31.0,0.0
2022-03-23 13:00:00,14.4,45.0,56.1,33.7,27.8,26.7,0.0
2022-03-23 14:00:00,14.7,45.0,52.7,32.0,25.9,25.3,0.0
2022-03-23 15:00:00,15.1,45.0,49.7,30.6,25.3,24.7,0.0
2022-03-23 16:00:00,14.8,45.0,47.0,29.5,24.6,24.2,0.0
2022-03-23 17:00:00,14.5,45.0,44.6,28.5,24.3,23.9,0.0
2022-03-23 18:00:00,13.7,45.0,60.7,28.8,34.5,26.6,46.0
2022-03-23 19:00:00,11.9,45.0,73.9,40.4,45.2,40.8,223.0
2022-03-23 20:00:00,11.3,45.4,74.0,40.0,45.2,40.4,143.0
2022-03-23 21:00:00,10.9,46.5,75.5,42.0,47.3,42.1,167.0
2022-03-23 22:00:00,8.3,48.1,76.7,42.0,42.2,42.3,157.0
2022-03-23 23:00:00,9.1,47.6,71.4,39.4,34.2,34.2,0.0
2022-03-24 00:00:00,7.7,48.4,65.7,36.7,30.1,29.0,0.0
2022-03-24 01:00:00,5.9,49.4,60.5,34.4,27.1,26.5,0.0
2022-03-24 02:00:00,5.1,49.8,56.0,32.4,26.2,25.6,0.0
2022-03-24 03:00:00,4.8,50.0,52.2,30.8,25.4,24.7,0.0
2022-03-24 04:00:00,3.4,50.6,48.8,29.3,24.4,23.9,0.0
2022-03-24 05:00:00,5.2,49.9,45.8,28.0,23.7,23.4,0.0
2022-03-24 06:00:00,4.5,50.2,30.1,24.8,26.9,25.7,0.0
2022-03-24 07:00:00,5.7,47.8,84.8,43.1,48.8,43.5,283.0
2022-03-24 08:00:00,8.1,47.1,83.6,40.9,46.4,41.5,155.0
2022-03-24 09:00:00,9.9,46.5,80.7,41.1,46.4,41.5,161.0
2022-03-24 10:00:00,11.1,46.2,77.9,40.6,45.8,41.2,150.0
2022-03-24 11:00:00,13.5,46.0,66.1,40.2,39.6,40.0,125.0
2022-03-24 12:00:00,15.5,46.0,35.9,38.7,34.9,32.3,0.0
2022-03-24 13:00:00,16.1,46.0,34.8,37.1,28.8,28.0,0.0
2022-03-24 14:00:00,16.8,46.0,34.0,34.2,27.5,26.1,0.0
2022-03-24 15:00:00,17.1,46.0,33.2,32.1,25.7,25.4,0.0
2022-03-24 16:00:00,17.2,46.0,60.2,26.1,27.6,26.7,0.0
2022-03-24 17:00:00,16.9,46.0,60.1,26.3,31.9,27.0,0.0
2022-03-24 18:00:00,16.1,46.0,56.0,25.7,30.2,26.6,0.0
2022-03-24 19:00:00,14.3,46.0,55.2,24.0,38.9,24.1,0.0
2022-03-24 20:00:00,12.5,48.0,74.7,42.4,49.0,41.6,243.0
2022-03-24 21:00:00,11.5,48.1,75.3,42.4,41.4,41.7,150.0
2022-03-24 22:00:00,9.6,48.6,70.1,39.5,34.2,34.0,0.0
2022-03-24 23:00:00,9.0,48.8,64.4,36.8,29.5,28.6,0.0
2022-03-25 00:00:00,8.6,48.9,59.4,34.3,26.5,25.9,0.0
2022-03-25 01:00:00,7.3,49.3,55.0,32.2,25.5,25.2,0.0
2022-03-25 02:00:00,6.9,49.4,51.3,30.5,24.9,24.6,0.0
2022-03-25 03:00:00,6.4,49.6,48.0,29.0,24.2,23.5,0.0
2022-03-25 04:00:00,4.8,50.0,45.1,27.8,23.4,22.9,0.0
2022-03-25 05:00:00,5.1,49.9,42.6,26.7,22.9,22.5,0.0
2022-03-25 06:00:00,4.5,50.2,75.0,31.5,41.6,30.3,100.0
2022-03-25 07:00:00,7.2,49.3,71.6,43.6,49.0,43.0,255.0
2022-03-25 08:00:00,9.0,48.8,83.8,43.3,49.3,43.5,190.0
2022-03-25 09:00:00,11.7,48.0,78.5,42.3,47.6,42.7,164.0
2022-03-25 10:00:00,12.5,48.0,67.4,42.6,48.2,42.4,156.0
2022-03-25 11:00:00,13.6,48.0,69.9,41.5,34.6,34.8,59.0
2022-03-25 12:00:00,14.3,48.0,64.6,38.5,32.6,31.5,0.0
2022-03-25 13:00:00,15.2,48.0,59.9,36.1,28.0,27.2,0.0
2022-03-25 14:00:00,15.4,48.0,55.7,34.1,26.5,26.1,0.0
2022-03-25 15:00:00,15.6,48.0,52.0,32.4,25.7,25.3,0.0
2022-03-25 16:00:00,15.8,48.0,48.8,31.0,25.0,24.6,0.0
2022-03-25 17:00:00,15.6,48.0,46.1,29.8,24.3,24.0,0.0
2022-03-25 18:00:00,15.0,44.0,55.3,24.7,31.0,24.7,0.0
2022-03-25 19:00:00,14.4,44.0,44.9,35.5,38.4,35.8,167.0
2022-03-25 20:00:00,13.1,46.4,75.9,41.1,47.8,40.6,157.0
2022-03-25 21:00:00,11.7,47.0,78.0,41.4,47.0,41.7,162.0
2022-03-25 22:00:00,11.3,47.2,77.2,41.5,41.4,41.8,149.0
2022-03-25 23:00:00,11.1,47.2,71.7,39.0,34.0,33.9,0.0
2022-03-26 00:00:00,9.6,47.9,65.9,36.4,29.2,28.0,0.0
2022-03-26 01:00:00,9.2,48.1,60.7,34.2,26.7,26.0,0.0
2022-03-26 02:00:00,7.7,48.8,56.2,32.3,25.7,25.3,0.0
2022-03-26 03:00:00,8.6,48.4,52.3,30.6,24.8,24.0,0.0
2022-03-26 04:00:00,6.1,49.5,48.9,29.3,23.6,23.0,0.0
2022-03-26 05:00:00,6.2,49.4,45.9,28.0,22.8,22.4,0.0
2022-03-26 06:00:00,7.0,47.0,84.5,39.1,48.2,37.6,193.0
2022-03-26 07:00:00,8.2,45.8,83.6,40.5,45.6,41.1,177.0
2022-03-26 08:00:00,9.4,44.6,80.6,39.8,45.0,40.4,144.0
2022-03-26 09:00:00,11.3,42.6,78.8,38.7,43.2,39.5,129.0
2022-03-26 10:00:00,12.7,43.1,73.7,38.1,38.7,38.9,117.0
2022-03-26 11:00:00,13.7,42.2,68.7,36.4,32.5,32.4,0.0
2022-03-26 12:00:00,15.1,42.0,63.6,34.5,29.2,28.3,0.0
2022-03-26 13:00:00,15.8,42.0,59.0,32.8,26.2,25.6,0.0
2022-03-26 14:00:00,16.7,42.0,54.9,31.4,25.4,24.9,0.0
2022-03-26 15:00:00,16.7,42.0,51.5,30.2,25.0,24.3,0.0
2022-03-26 16:00:00,17.0,42.0,48.5,29.2,24.3,23.9,0.0
2022-03-26 17:00:00,16.6,42.0,45.8,28.3,24.0,23.5,0.0
2022-03-26 18:00:00,15.8,42.0,43.4,27.6,23.6,23.4,0.0
2022-03-26 19:00:00,14.2,45.0,73.1,40.8,45.8,41.2,244.0
2022-03-26 20:00:00,12.4,45.8,73.7,40.0,45.3,40.4,137.0
2022-03-26 21:00:00,10.8,46.7,75.5,41.3,46.7,41.5,156.0
2022-03-26 22:00:00,10.7,46.8,76.2,41.6,42.0,42.0,152.0
2022-03-26 23:00:00,8.9,47.8,70.9,39.2,34.2,34.2,0.0
2022-03-27 00:00:00,8.6,48.0,65.3,36.5,30.2,29.3,0.0
2022-03-27 01:00:00,8.2,48.2,60.1,34.3,27.5,26.4,0.0
2022-03-27 02:00:00,7.85,48.4,57.85,33.3,26.9,26.1,0.0
2022-03-27 03:00:00,7.5,48.6,55.6,32.3,26.3,25.8,0.0
2022-03-27 04:00:00,7.1,48.8,51.9,30.7,25.6,25.3,0.0
2022-03-27 05:00:00,7.9,48.3,48.6,29.3,25.1,24.8,0.0
2022-03-27 06:00:00,6.9,47.3,62.9,29.8,37.2,27.3,58.0
2022-03-27 07:00:00,6.1,47.6,83.9,41.9,47.4,42.3,250.0
2022-03-27 08:00:00,8.1,46.9,81.8,41.3,46.8,41.8,156.0
2022-03-27 09:00:00,10.1,46.3,78.7,41.1,46.0,41.6,151.0
2022-03-27 10:00:00,12.1,45.6,76.6,40.4,45.3,41.0,138.0
2022-03-27 11:00:00,13.4,45.2,71.8,39.6,39.3,39.8,117.0
2022-03-27 12:00:00,14.6,45.0,67.3,37.6,33.4,33.4,0.0
2022-03-27 13:00:00,15.7,45.0,62.5,35.5,30.2,29.5,0.0
2022-03-27 14:00:00,17.2,45.0,58.1,33.8,27.0,26.2,0.0
2022-03-27 15:00:00,18.0,45.0,54.1,32.3,25.9,25.4,0.0
2022-03-27 16:00:00,18.2,45.0,50.8,31.0,25.5,25.0,0.0
2022-03-27 17:00:00,18.0,45.0,47.9,29.9,25.0,24.7,0.0
2022-03-27 18:00:00,17.5,45.0,45.3,29.0,24.6,24.2,0.0
2022-03-27 19:00:00,17.0,45.0,43.0,28.2,24.3,24.0,0.0
2022-03-27 20:00:00,14.9,45.0,71.2,38.3,45.1,36.6,146.0
2022-03-27 21:00:00,13.0,45.3,72.7,40.3,40.4,40.6,159.0
2022-03-27 22:00:00,13.8,45.0,67.8,38.0,33.3,33.4,0.0
2022-03-27 23:00:00,12.9,45.3,62.4,35.9,30.4,28.3,0.0
2022-03-28 00:00:00,11.3,45.9,57.9,33.7,26.5,26.0,0.0
2022-03-28 01:00:00,11.8,45.7,53.8,31.8,25.8,25.5,0.0
2022-03-28 02:00:00,9.1,46.6,50.3,30.2,25.3,24.8,0.0
2022-03-28 03:00:00,8.9,46.7,47.2,28.9,24.6,24.0,0.0
2022-03-28 04:00:00,7.7,47.1,44.6,27.8,24.3,23.4,0.0
2022-03-28 05:00:00,7.5,47.1,46.7,26.8,27.5,22.8,0.0
2022-03-28 06:00:00,6.6,47.4,63.5,25.0,33.9,25.0,37.0
2022-03-28 07:00:00,6.3,47.5,68.3,42.3,47.0,42.1,247.0
2022-03-28 08:00:00,9.1,46.6,81.1,41.7,47.1,42.1,172.0
2022-03-28 09:00:00,11.1,45.9,80.2,41.0,46.4,41.5,153.0
2022-03-28 10:00:00,12.6,45.4,78.2,40.4,45.6,40.9,144.0
2022-03-28 11:00:00,14.0,45.0,72.7,38.8,33.6,33.7,32.0
2022-03-28 12:00:00,15.2,45.0,67.2,36.4,31.6,30.8,0.0
2022-03-28 13:00:00,16.1,45.0,62.1,34.5,27.4,26.5,0.0
2022-03-28 14:00:00,17.0,45.0,57.6,32.8,25.9,25.3,0.0
2022-03-28 15:00:00,17.1,45.0,53.8,31.4,25.1,24.7,0.0
2022-03-28 16:00:00,17.3,45.0,50.6,30.3,24.8,24.3,0.0
2022-03-28 17:00:00,17.3,45.0,47.8,29.2,24.4,24.2,0.0
2022-03-28 18:00:00,17.0,45.0,45.2,28.3,24.1,24.0,0.0
2022-03-28 19:00:00,16.0,43.0,67.9,38.3,44.2,37.2,150.0
2022-03-28 20:00:00,13.8,43.1,72.0,39.0,43.4,39.6,138.0
2022-03-28 21:00:00,12.9,43.6,70.7,38.3,42.8,38.9,120.0
2022-03-28 22:00:00,13.9,43.0,70.2,38.6,38.2,38.6,110.0
2022-03-28 23:00:00,13.9,43.0,65.4,36.6,32.9,32.8,0.0
2022-03-29 00:00:00,12.9,43.6,60.5,34.5,29.9,29.0,0.0
2022-03-29 01:00:00,12.3,43.9,56.1,32.8,26.9,26.3,0.0
2022-03-29 02:00:00,12.0,44.1,52.4,31.3,25.9,25.4,0.0
2022-03-29 03:00:00,12.5,43.7,49.1,30.0,25.4,25.0,0.0
2022-03-29 04:00:00,11.7,44.2,46.2,28.9,25.1,24.6,0.0
2022-03-29 05:00:00,11.1,45.2,62.6,28.0,36.7,27.0,48.0
2022-03-29 06:00:00,11.1,45.2,76.3,40.4,45.5,40.8,220.0
2022-03-29 07:00:00,11.5,45.1,77.9,40.4,45.5,41.0,148.0
2022-03-29 08:00:00,13.3,44.3,74.4,40.1,44.9,40.6,136.0
2022-03-29 09:00:00,14.4,44.0,72.0,39.3,43.8,39.9,128.0
2022-03-29 10:00:00,15.3,44.0,69.4,38.3,34.7,35.1,62.0
2022-03-29 11:00:00,16.0,44.0,64.4,36.2,32.5,32.2,0.0
2022-03-29 12:00:00,16.5,44.0,59.9,34.4,28.4,27.6,0.0
2022-03-29 13:00:00,17.0,44.0,55.9,32.8,26.6,26.4,0.0
2022-03-29 14:00:00,17.7,44.0,52.3,31.5,26.1,25.8,0.0
2022-03-29 15:00:00,18.1,44.0,49.3,30.4,25.6,25.3,0.0
2022-03-29 16:00:00,18.4,44.0,46.6,29.5,25.3,24.8,0.0
2022-03-29 17:00:00,18.6,44.0,44.2,28.6,24.9,24.6,0.0
2022-03-29 18:00:00,18.3,44.0,42.1,27.8,24.8,24.5,0.0
2022-03-29 19:00:00,17.0,44.0,40.2,27.2,24.7,24.4,0.0
2022-03-29 20:00:00,15.1,44.0,71.9,37.3,44.7,36.1,136.0
2022-03-29 21:00:00,15.0,44.0,69.4,39.4,43.7,40.0,153.0
2022-03-29 22:00:00,14.0,44.0,70.4,38.7,38.9,39.2,109.0
2022-03-29 23:00:00,13.3,44.3,63.0,36.7,33.4,33.1,0.0
2022-03-30 00:00:00,12.9,44.4,59.0,34.6,29.9,28.8,0.0
2022-03-30 01:00:00,12.7,44.5,55.2,32.8,27.0,26.5,0.0
2022-03-30 02:00:00,12.4,44.7,51.7,31.3,27.0,25.8,0.0
2022-03-30 03:00:00,11.1,45.2,48.7,30.0,25.8,25.2,0.0
2022-03-30 04:00:00,11.1,45.2,46.0,28.8,25.0,24.7,0.0
2022-03-30 05:00:00,10.0,45.7,43.5,27.8,24.4,24.1,0.0
2022-03-30 06:00:00,9.3,46.0,75.5,29.3,38.9,26.5,0.0
2022-03-30 07:00:00,10.2,45.6,79.3,40.8,45.7,41.4,244.0
2022-03-30 08:00:00,12.1,44.8,76.9,39.9,44.8,40.5,135.0
2022-03-30 09:00:00,14.1,44.0,73.4,39.1,43.8,39.7,126.0
2022-03-30 10:00:00,15.6,44.0,52.3,37.8,33.1,33.4,42.0
2022-03-30 11:00:00,16.6,44.0,56.6,34.1,32.0,30.8,0.0
2022-03-30 12:00:00,17.0,44.0,53.3,32.2,27.8,26.8,0.0
2022-03-30 13:00:00,17.5,44.0,50.3,30.8,26.6,25.9,0.0
2022-03-30 14:00:00,18.1,44.0,47.6,29.6,25.8,25.4,0.0
2022-03-30 15:00:00,18.3,44.0,45.1,28.7,25.3,24.9,0.0
2022-03-30 16:00:00,18.1,44.0,42.8,28.0,24.9,24.6,0.0
2022-03-30 17:00:00,18.0,44.0,40.8,27.3,24.6,24.4,0.0
2022-03-30 18:00:00,17.9,44.0,39.0,26.8,24.4,24.1,0.0
2022-03-30 19:00:00,17.6,44.0,37.3,26.2,24.2,24.0,0.0
2022-03-30 20:00:00,16.6,45.0,70.7,27.5,38.7,26.6,42.0
2022-03-30 21:00:00,17.0,45.0,70.9,40.7,41.4,41.1,219.0
2022-03-30 22:00:00,16.9,45.0,66.1,38.1,33.9,33.7,0.0
2022-03-30 23:00:00,16.7,45.0,61.2,35.6,30.5,29.6,0.0
2022-03-31 00:00:00,16.6,45.0,56.8,34.4,27.7,26.6,0.0
2022-03-31 01:00:00,16.4,45.0,53.2,32.3,26.3,26.0,0.0
2022-03-31 02:00:00,16.4,45.0,49.9,30.9,25.8,25.5,0.0
2022-03-31 03:00:00,15.0,45.0,46.9,29.7,25.5,25.2,0.0
2022-03-31 04:00:00,15.3,45.0,44.3,28.6,25.1,25.0,0.0
2022-03-31 05:00:00,15.2,45.0,42.0,27.8,24.8,24.7,0.0
2022-03-31 06:00:00,15.7,45.0,50.1,27.9,31.1,24.5,0.0
2022-03-31 07:00:00,15.5,45.0,71.6,41.0,45.7,41.4,235.0
2022-03-31 08:00:00,14.4,45.0,72.1,40.6,45.5,41.0,136.0
2022-03-31 09:00:00,14.4,45.0,73.8,40.5,45.5,41.0,138.0
2022-03-31 10:00:00,15.5,45.0,71.7,40.4,45.0,40.9,133.0
2022-03-31 11:00:00,16.7,44.0,67.8,39.5,38.0,38.4,95.0
2022-03-31 12:00:00,16.9,44.0,62.6,37.4,34.0,33.4,0.0
2022-03-31 13:00:00,17.2,44.0,59.1,35.3,30.1,29.4,0.0
2022-03-31 14:00:00,17.4,44.0,55.6,33.6,27.5,26.8,0.0
2022-03-31 15:00:00,17.9,44.0,52.4,32.1,26.7,26.1,0.0
2022-03-31 16:00:00,18.4,44.0,49.5,30.8,26.2,25.7,0.0
2022-03-31 17:00:00,18.7,44.0,46.9,29.8,25.7,25.6,0.0
2022-03-31 18:00:00,18.4,44.0,44.5,28.8,25.5,25.3,0.0
2022-03-31 19:00:00,17.6,44.0,42.4,28.0,25.3,25.1,0.0
2022-03-31 20:00:00,17.6,44.0,40.5,27.4,24.9,25.0,0.0
2022-03-31 21:00:00,16.9,43.0,72.4,35.4,43.5,34.1,114.0
2022-03-31 22:00:00,16.3,43.0,69.9,38.6,38.7,38.9,135.0
2022-03-31 23:00:00,16.6,43.0,65.4,36.5,33.2,33.1,0.0
2022-11-01 06:00:00,6.6,44.4,30.2,28.9,27.7,23.1,36167.0
2022-11-01 07:00:00,8.5,45.0,79.6,40.2,45.8,40.8,255.0
2022-11-01 08:00:00,9.8,44.3,78.6,39.4,44.8,40.0,147.0
2022-11-01 09:00:00,11.0,43.6,74.1,38.8,43.8,39.5,138.0
2022-11-01 10:00:00,12.0,43.0,70.6,37.6,33.3,33.5,58.0
2022-11-01 11:00:00,13.1,42.5,65.3,35.2,31.0,30.8,0.0
2022-11-01 12:00:00,14.1,42.0,60.3,33.2,27.9,27.4,0.0
2022-11-01 13:00:00,15.2,42.0,56.0,31.5,26.3,25.4,0.0
2022-11-01 14:00:00,16.0,42.0,52.4,30.0,24.3,23.6,0.0
2022-11-01 15:00:00,16.1,42.0,49.1,28.7,24.1,23.3,0.0
2022-11-01 16:00:00,15.4,42.0,46.3,27.6,23.7,23.1,0.0
2022-11-01 17:00:00,15.7,42.0,44.0,26.7,23.4,23.0,0.0
2022-11-01 18:00:00,14.7,42.0,41.7,26.0,23.1,22.8,0.0
2022-11-01 19:00:00,14.4,42.0,39.6,25.3,22.9,22.7,0.0
2022-11-01 20:00:00,12.9,42.6,37.8,24.7,22.6,22.5,0.0
2022-11-01 21:00:00,11.8,43.2,36.1,24.1,22.5,22.4,0.0
2022-11-01 22:00:00,11.9,43.1,34.6,23.6,22.4,22.3,0.0
2022-11-01 23:00:00,11.8,43.2,33.1,23.1,22.3,22.3,0.0
2022-11-02 00:00:00,10.3,44.0,31.9,22.7,22.1,22.1,0.0
2022-11-02 01:00:00,9.8,44.3,30.8,22.3,22.1,21.9,0.0
2022-11-02 02:00:00,9.3,44.6,29.8,22.0,22.0,21.8,0.0
2022-11-02 03:00:00,9.5,44.5,28.9,21.6,21.7,21.6,0.0
2022-11-02 04:00:00,9.9,44.3,28.0,21.4,21.6,21.5,0.0
2022-11-02 05:00:00,9.7,44.3,27.3,21.1,21.4,21.3,0.0
2022-11-02 06:00:00,8.3,45.1,78.3,24.4,35.8,23.8,38.0
2022-11-02 07:00:00,8.8,44.8,78.9,40.0,45.3,40.5,252.0
2022-11-02 08:00:00,10.3,44.1,76.9,39.2,44.1,39.8,144.0
2022-11-02 09:00:00,11.1,43.6,73.6,38.4,43.1,39.0,130.0
2022-11-02 10:00:00,12.3,42.9,69.0,36.5,32.2,32.2,0.0
2022-11-02 11:00:00,13.7,42.1,63.5,34.2,30.4,29.2,0.0
2022-11-02 12:00:00,15.0,42.0,53.3,31.0,27.0,25.4,0.0
2022-11-02 13:00:00,16.4,42.0,51.3,28.2,25.4,24.5,0.0
2022-11-02 14:00:00,16.8,42.0,48.5,26.8,24.7,24.1,0.0
2022-11-02 15:00:00,17.2,42.0,45.8,25.9,24.4,23.7,0.0
2022-11-02 16:00:00,16.8,42.0,43.4,25.2,23.9,23.4,0.0
2022-11-02 17:00:00,15.9,42.0,41.2,24.6,23.5,23.1,0.0
2022-11-02 18:00:00,15.3,42.0,39.2,24.1,23.2,22.8,0.0
2022-11-02 19:00:00,14.8,42.0,37.4,23.8,22.8,22.6,0.0
2022-11-02 20:00:00,14.3,42.0,35.9,23.4,22.7,22.5,0.0
2022-11-02 21:00:00,13.3,42.4,34.4,23.1,22.6,22.4,0.0
2022-11-02 22:00:00,12.5,42.8,33.2,22.8,22.3,22.3,0.0
2022-11-02 23:00:00,12.1,43.0,32.0,22.4,22.2,22.2,0.0
2022-11-03 00:00:00,11.4,43.4,31.0,22.1,22.3,22.2,0.0
2022-11-03 01:00:00,12.0,43.1,34.2,21.9,23.7,22.1,0.0
2022-11-03 02:00:00,11.7,43.2,37.3,20.5,31.6,21.8,0.0
2022-11-03 03:00:00,11.1,43.6,38.3,20.3,33.0,21.7,0.0
2022-11-03 04:00:00,11.1,43.6,36.8,21.7,33.5,23.4,0.0
2022-11-03 05:00:00,11.3,43.5,42.7,22.5,35.9,23.8,0.0
2022-11-03 06:00:00,11.3,43.5,63.4,27.7,35.3,25.5,50.0
2022-11-03 07:00:00,10.6,43.8,74.0,38.9,43.8,39.5,217.0
2022-11-03 08:00:00,10.5,43.9,74.2,38.5,43.5,39.2,135.0
2022-11-03 09:00:00,10.5,43.8,73.1,38.5,43.3,39.1,133.0
2022-11-03 10:00:00,11.5,43.3,69.5,37.0,32.2,32.4,0.0
2022-11-03 11:00:00,11.3,43.5,63.9,34.6,31.5,31.0,0.0
2022-11-03 12:00:00,11.9,43.1,59.0,32.3,26.8,25.6,0.0
2022-11-03 13:00:00,12.3,42.9,55.0,30.4,25.0,24.3,0.0
2022-11-03 14:00:00,13.3,42.4,51.4,29.0,24.5,23.9,0.0
2022-11-03 15:00:00,13.4,42.3,48.2,27.8,24.1,23.4,0.0
2022-11-03 16:00:00,13.4,42.3,45.5,26.9,23.5,23.0,0.0
2022-11-03 17:00:00,12.0,43.1,43.0,26.0,23.4,22.7,0.0
2022-11-03 18:00:00,11.2,43.5,40.9,25.3,22.8,22.6,0.0
2022-11-03 19:00:00,10.9,43.7,38.9,24.6,22.6,22.4,0.0
2022-11-03 20:00:00,11.2,43.5,74.2,33.0,42.4,31.2,104.0
2022-11-03 21:00:00,11.1,43.5,74.2,38.6,43.1,39.3,178.0
2022-11-03 22:00:00,11.5,43.3,64.6,37.6,35.6,36.0,87.0
2022-11-03 23:00:00,10.9,43.7,59.8,35.2,31.8,31.5,0.0
2022-11-04 00:00:00,10.4,44.0,56.8,32.8,28.2,26.9,0.0
2022-11-04 01:00:00,9.3,44.6,54.7,30.8,25.5,24.8,0.0
2022-11-04 02:00:00,8.4,45.1,51.2,29.0,24.8,24.3,0.0
2022-11-04 03:00:00,7.9,45.3,48.1,27.6,24.2,23.8,0.0
2022-11-04 04:00:00,8.8,44.8,45.3,26.4,23.8,23.3,0.0
2022-11-04 05:00:00,7.8,45.4,58.1,31.6,36.8,24.0,0.0
2022-11-04 06:00:00,7.6,45.5,75.6,40.6,45.6,41.2,239.0
2022-11-04 07:00:00,8.0,45.3,80.8,40.0,45.5,40.6,149.0
2022-11-04 08:00:00,8.0,45.3,79.6,40.1,45.5,40.7,149.0
2022-11-04 09:00:00,9.8,44.3,75.6,38.6,33.1,33.2,46.0
2022-11-04 10:00:00,11.3,43.5,69.9,36.1,32.5,29.6,0.0
2022-11-04 11:00:00,13.0,42.5,65.2,33.8,27.0,26.0,0.0
2022-11-04 12:00:00,13.5,42.2,60.7,31.9,25.7,25.1,0.0
2022-11-04 13:00:00,14.4,42.0,56.6,30.4,25.0,24.2,0.0
2022-11-04 14:00:00,14.7,42.0,53.1,29.1,24.2,23.7,0.0
2022-11-04 15:00:00,15.5,42.0,50.1,28.0,23.8,23.5,0.0
2022-11-04 16:00:00,15.3,42.0,47.4,27.2,23.5,23.2,0.0
2022-11-04 17:00:00,15.2,42.0,44.9,26.4,23.2,23.0,0.0
2022-11-04 18:00:00,15.5,42.0,42.6,25.8,23.0,23.1,0.0
2022-11-04 19:00:00,14.6,42.0,40.5,25.2,23.0,23.3,0.0
2022-11-04 20:00:00,14.4,42.0,37.6,24.5,26.7,26.1,0.0
2022-11-04 21:00:00,14.4,42.0,35.8,24.3,27.3,25.8,0.0
2022-11-04 22:00:00,14.2,42.0,36.9,24.0,27.7,24.9,0.0
2022-11-04 23:00:00,14.0,42.0,38.0,23.5,27.2,23.5,0.0
2022-11-05 00:00:00,13.6,42.2,38.4,22.6,26.1,23.4,0.0
2022-11-05 01:00:00,13.7,42.1,37.9,22.1,25.4,23.3,0.0
2022-11-05 02:00:00,13.6,42.2,37.2,21.9,25.3,23.2,0.0
2022-11-05 03:00:00,13.6,42.2,36.9,21.8,25.3,23.2,0.0
2022-11-05 04:00:00,13.5,42.2,36.8,21.8,25.4,23.0,0.0
2022-11-05 05:00:00,13.6,42.2,36.8,21.6,26.0,22.8,0.0
2022-11-05 06:00:00,13.5,42.2,36.9,21.5,26.6,22.6,0.0
2022-11-05 07:00:00,13.7,42.1,37.1,21.2,27.5,22.6,0.0
2022-11-05 08:00:00,13.9,42.0,37.7,21.2,28.7,22.6,0.0
2022-11-05 09:00:00,14.3,42.0,39.0,21.2,29.5,22.8,0.0
2022-11-05 10:00:00,15.1,42.0,40.0,21.3,29.6,23.0,0.0
2022-11-05 11:00:00,15.2,42.0,40.3,21.6,29.7,23.2,0.0
2022-11-05 12:00:00,15.3,42.0,40.1,21.8,29.9,23.4,0.0
2022-11-05 13:00:00,15.4,42.0,39.7,21.9,30.4,23.4,0.0
2022-11-05 14:00:00,15.8,42.0,39.2,21.9,30.7,23.4,0.0
2022-11-05 15:00:00,15.6,42.0,38.7,21.9,30.7,23.4,0.0
2022-11-05 16:00:00,15.6,42.0,38.2,21.8,30.6,23.2,0.0
2022-11-05 17:00:00,14.9,42.0,37.7,21.8,29.8,23.3,0.0
2022-11-05 18:00:00,15.1,42.0,37.2,21.8,29.4,23.3,0.0
2022-11-05 19:00:00,13.7,42.1,48.9,24.8,31.3,24.5,0.0
2022-11-05 20:00:00,13.1,42.5,71.8,37.9,42.2,38.6,206.0
2022-11-05 21:00:00,11.8,43.2,53.1,38.2,37.8,37.9,110.0
2022-11-05 22:00:00,10.8,43.7,37.5,36.6,31.6,31.8,0.0
2022-11-05 23:00:00,10.3,44.0,36.2,34.0,29.1,28.4,0.0
2022-11-06 00:00:00,10.4,44.0,34.9,31.9,26.1,25.8,0.0
2022-11-06 01:00:00,10.4,44.0,33.8,30.1,24.8,24.5,0.0
2022-11-06 02:00:00,10.1,44.1,32.7,28.7,24.1,24.0,0.0
2022-11-06 03:00:00,9.8,44.3,31.7,27.4,23.6,23.4,0.0
2022-11-06 04:00:00,10.0,44.2,30.8,26.3,23.1,23.0,0.0
2022-11-06 05:00:00,10.0,44.2,30.0,25.4,22.9,22.7,0.0
2022-11-06 06:00:00,10.2,44.1,29.3,24.7,22.7,22.4,0.0
2022-11-06 07:00:00,10.2,44.1,75.6,39.8,45.2,40.3,231.0
2022-11-06 08:00:00,9.8,44.3,72.9,38.7,43.6,39.4,133.0
2022-11-06 09:00:00,9.9,44.2,72.8,39.1,44.1,39.7,139.0
2022-11-06 10:00:00,10.3,44.0,69.2,37.6,32.5,32.6,35.0
2022-11-06 11:00:00,10.6,43.8,43.6,33.5,32.0,32.2,68.0
2022-11-06 12:00:00,10.8,43.8,35.1,37.3,37.7,38.5,129.0
2022-11-06 13:00:00,10.7,43.8,45.7,31.0,35.2,31.1,0.0
2022-11-06 14:00:00,10.8,43.7,66.3,32.1,29.7,29.2,0.0
2022-11-06 15:00:00,10.8,43.7,60.5,30.4,29.8,27.8,0.0
2022-11-06 16:00:00,10.8,43.7,58.5,37.7,35.4,35.6,161.0
2022-11-06 17:00:00,10.7,42.7,75.8,38.6,43.2,39.3,141.0
2022-11-06 18:00:00,10.6,42.7,72.9,37.7,42.2,38.5,115.0
2022-11-06 19:00:00,10.5,42.7,72.0,37.6,42.2,38.3,116.0
2022-11-06 20:00:00,10.9,42.6,73.3,37.8,42.4,38.5,117.0
2022-11-06 21:00:00,10.6,42.7,71.6,37.7,42.1,38.5,120.0
2022-11-06 22:00:00,10.8,42.7,71.6,37.6,37.6,37.9,101.0
2022-11-06 23:00:00,10.9,42.6,66.9,35.9,32.3,32.3,0.0
2022-11-07 00:00:00,10.9,42.6,61.6,34.2,30.0,28.2,0.0
2022-11-07 01:00:00,11.4,42.5,57.5,32.3,26.9,25.8,0.0
2022-11-07 02:00:00,11.5,42.5,53.8,30.5,26.4,25.1,0.0
2022-11-07 03:00:00,11.3,42.6,53.3,27.7,28.6,24.2,0.0
2022-11-07 04:00:00,11.3,42.6,51.9,24.4,27.7,23.7,0.0
2022-11-07 05:00:00,11.1,42.6,50.0,23.1,27.2,23.7,0.0
2022-11-07 06:00:00,11.5,43.2,74.9,30.9,40.4,29.1,78.0
2022-11-07 07:00:00,11.3,43.3,74.7,38.6,43.4,39.2,189.0
2022-11-07 08:00:00,11.8,43.2,74.2,38.3,43.3,39.0,128.0
2022-11-07 09:00:00,12.3,43.1,56.4,38.2,37.7,37.9,106.0
2022-11-07 10:00:00,12.7,43.1,35.9,37.4,35.9,31.6,0.0
2022-11-07 11:00:00,12.4,43.1,42.0,47.0,40.3,26.9,0.0
2022-11-07 12:00:00,13.1,43.1,40.4,39.9,28.1,27.4,0.0
2022-11-07 13:00:00,13.2,43.0,38.9,35.8,26.5,25.9,0.0
2022-11-07 14:00:00,13.3,43.0,37.4,33.3,25.2,24.8,0.0
2022-11-07 15:00:00,13.6,43.0,35.2,32.0,24.6,24.9,0.0
2022-11-07 16:00:00,13.3,44.1,72.4,31.1,40.2,29.8,77.0
2022-11-07 17:00:00,13.0,44.2,72.3,39.4,44.2,40.0,194.0
2022-11-07 18:00:00,12.8,44.2,72.5,39.1,44.0,39.6,135.0
2022-11-07 19:00:00,13.0,44.2,71.8,39.3,44.2,39.8,136.0
2022-11-07 20:00:00,12.9,44.2,71.0,39.2,43.9,39.8,132.0
2022-11-07 21:00:00,13.0,44.2,71.0,39.2,44.1,39.9,128.0
2022-11-07 22:00:00,12.7,44.2,70.7,39.1,39.1,39.4,118.0
2022-11-07 23:00:00,12.2,44.4,63.2,37.3,33.7,33.1,0.0
2022-11-08 00:00:00,12.2,44.4,59.4,35.2,30.2,29.0,0.0
2022-11-08 01:00:00,12.3,44.3,55.7,33.2,28.7,26.5,0.0
2022-11-08 02:00:00,12.0,44.4,52.6,31.7,26.1,25.5,0.0
2022-11-08 03:00:00,12.1,44.4,49.5,30.3,25.5,24.8,0.0
2022-11-08 04:00:00,12.2,44.4,46.8,29.1,25.0,24.4,0.0
2022-11-08 05:00:00,12.2,44.4,44.4,28.0,24.6,23.9,0.0
2022-11-08 06:00:00,12.0,44.4,69.5,27.8,36.5,26.8,0.0
2022-11-08 07:00:00,11.8,44.4,74.3,39.8,44.7,40.3,226.0
2022-11-08 08:00:00,12.1,44.4,73.1,38.5,44.5,39.0,131.0
2022-11-08 09:00:00,11.9,42.6,73.3,38.6,42.4,39.3,131.0
2022-11-08 10:00:00,12.3,42.4,72.0,37.5,42.1,38.3,109.0
2022-11-08 11:00:00,12.6,42.4,71.9,37.5,38.2,38.3,114.0
2022-11-08 12:00:00,12.9,42.3,67.2,36.0,32.2,32.2,0.0
2022-11-08 13:00:00,13.2,42.2,62.1,34.2,29.8,28.6,0.0
2022-11-08 14:00:00,13.2,42.2,43.2,36.5,38.6,36.9,150.0
2022-11-08 15:00:00,13.2,42.2,36.1,34.4,30.5,30.6,0.0
2022-11-08 16:00:00,13.6,42.1,35.2,32.8,29.5,28.8,0.0
2022-11-08 17:00:00,13.2,42.2,34.4,31.4,26.3,25.6,0.0
2022-11-08 18:00:00,12.4,42.4,74.0,37.1,44.4,37.0,148.0
2022-11-08 19:00:00,10.9,42.9,74.1,37.9,42.7,38.7,130.0
2022-11-08 20:00:00,10.4,43.0,69.7,36.3,36.9,37.0,91.0
2022-11-08 21:00:00,10.8,42.9,61.6,38.5,35.2,35.4,96.0
2022-11-08 22:00:00,10.7,42.9,56.7,36.2,32.3,32.0,0.0
2022-11-08 23:00:00,9.5,43.2,53.5,34.1,28.6,27.3,0.0
2022-11-09 00:00:00,9.9,43.1,50.6,32.2,26.2,25.6,0.0
2022-11-09 01:00:00,9.1,43.4,47.7,30.5,25.8,25.0,0.0
2022-11-09 02:00:00,8.9,43.4,50.9,24.9,35.0,24.0,0.0
2022-11-09 03:00:00,8.0,43.7,56.8,22.4,40.2,24.5,0.0
2022-11-09 04:00:00,7.5,43.8,60.2,25.2,42.0,27.2,0.0
2022-11-09 05:00:00,7.3,43.9,59.7,26.3,40.9,27.8,0.0
2022-11-09 06:00:00,8.2,43.6,53.4,25.5,31.3,24.8,0.0
2022-11-09 07:00:00,7.7,43.8,79.3,39.3,44.1,40.0,230.0
2022-11-09 08:00:00,8.7,43.8,78.3,38.6,43.6,39.3,132.0
2022-11-09 09:00:00,9.6,43.5,77.1,38.4,43.3,39.2,128.0
2022-11-09 10:00:00,9.3,43.7,74.9,38.2,43.0,38.9,125.0
2022-11-09 11:00:00,9.9,43.5,73.7,38.4,38.9,38.9,117.0
2022-11-09 12:00:00,10.2,43.3,68.8,36.5,32.6,32.5,0.0
2022-11-09 13:00:00,11.5,42.8,63.6,34.6,29.5,28.6,0.0
2022-11-09 14:00:00,12.2,42.6,58.7,33.2,27.5,26.0,0.0
2022-11-09 15:00:00,12.6,42.5,55.8,31.6,27.1,25.4,0.0
2022-11-09 16:00:00,12.5,42.5,53.2,29.2,25.8,24.7,0.0
2022-11-09 17:00:00,11.5,42.8,50.1,28.0,25.0,24.1,0.0
2022-11-09 18:00:00,10.9,42.3,74.9,38.3,42.7,39.1,208.0
2022-11-09 19:00:00,10.52,42.47,73.17,37.21,41.25,37.75,45.82
2022-11-09 20:00:00,10.14,42.65,71.45,36.12,39.79,36.41,45.82
2022-11-09 21:00:00,9.75,42.82,69.72,35.03,38.34,35.06,45.82
2022-11-09 22:00:00,9.37,42.99,67.99,33.94,36.88,33.72,45.82
2022-11-09 23:00:00,8.99,43.16,66.26,32.85,35.43,32.37,45.82
2022-11-10 00:00:00,8.61,43.34,64.54,31.75,33.97,31.03,45.82
2022-11-10 01:00:00,8.23,43.51,62.81,30.66,32.52,29.68,45.82
2022-11-10 02:00:00,7.85,43.68,61.08,29.57,31.06,28.34,45.82
2022-11-10 03:00:00,7.46,43.85,59.35,28.48,29.61,26.99,45.82
2022-11-10 04:00:00,7.08,44.03,57.63,27.39,28.15,25.65,45.82
2022-11-10 05:00:00,6.7,44.2,55.9,26.3,26.7,24.3,45.82
2022-11-10 06:00:00,6.8,44.2,82.6,31.8,43.0,29.4,82.0
2022-11-10 07:00:00,6.6,44.2,83.7,39.2,45.5,39.9,193.0
2022-11-10 08:00:00,7.7,43.8,80.9,38.9,43.9,39.6,139.0
2022-11-10 09:00:00,8.9,43.2,78.4,38.3,43.2,39.2,130.0
2022-11-10 10:00:00,10.0,42.7,76.1,37.7,36.3,36.5,93.0
2022-11-10 11:00:00,10.8,42.4,70.1,35.8,32.2,32.1,0.0
2022-11-10 12:00:00,11.5,42.1,64.7,34.1,30.0,28.2,0.0
2022-11-10 13:00:00,12.3,41.7,60.3,32.3,26.5,25.6,0.0
2022-11-10 14:00:00,12.7,41.5,56.3,30.8,26.3,25.0,0.0
2022-11-10 15:00:00,12.7,41.5,53.1,29.4,25.5,24.6,0.0
2022-11-10 16:00:00,12.4,41.7,50.2,28.1,25.4,24.1,0.0
2022-11-10 17:00:00,11.8,43.7,73.4,39.1,45.4,39.3,187.0
2022-11-10 18:00:00,11.2,44.2,75.0,39.0,44.1,39.6,139.0
2022-11-10 19:00:00,11.0,44.3,74.6,39.3,44.4,39.9,138.0
2022-11-10 20:00:00,10.0,44.7,73.4,39.4,44.4,39.9,137.0
2022-11-10 21:00:00,10.1,44.7,75.5,40.0,45.3,40.5,142.0
2022-11-10 22:00:00,9.4,45.0,74.2,39.8,40.1,40.2,127.0
2022-11-10 23:00:00,10.9,44.3,69.2,37.8,33.5,33.4,0.0
2022-11-11 00:00:00,11.3,44.2,63.9,35.8,31.0,29.4,0.0
2022-11-11 01:00:00,11.5,44.1,59.5,33.9,27.7,26.6,0.0
2022-11-11 02:00:00,11.0,44.3,55.6,32.2,26.6,25.7,0.0
2022-11-11 03:00:00,10.6,44.4,52.3,30.7,25.6,25.0,0.0
2022-11-11 04:00:00,11.0,44.3,49.2,29.4,25.3,24.5,0.0
2022-11-11 05:00:00,10.9,44.3,46.6,28.3,24.7,24.2,0.0
2022-11-11 06:00:00,10.5,44.5,82.1,33.6,44.2,32.4,101.0
2022-11-11 07:00:00,10.6,44.5,74.1,39.5,44.3,40.0,188.0
2022-11-11 08:00:00,10.6,44.5,71.6,39.3,44.2,39.8,134.0
2022-11-11 09:00:00,10.1,44.7,72.9,39.7,45.0,40.2,141.0
2022-11-11 10:00:00,10.8,44.4,70.8,39.8,44.5,40.3,138.0
2022-11-11 11:00:00,11.1,44.2,70.9,39.3,44.1,39.9,128.0
2022-11-11 12:00:00,10.9,43.7,70.8,39.2,44.0,39.8,127.0
2022-11-11 13:00:00,11.7,43.2,67.6,39.0,39.4,39.7,120.0
2022-11-11 14:00:00,11.8,43.2,62.1,37.3,34.0,33.1,0.0
2022-11-11 15:00:00,11.2,43.5,52.9,35.6,39.6,35.3,82.0
2022-11-11 16:00:00,11.0,43.6,39.5,34.8,36.6,35.4,86.0
2022-11-11 17:00:00,11.5,43.3,64.6,35.9,42.3,30.2,0.0
2022-11-11 18:00:00,11.1,43.6,74.3,39.6,44.0,40.3,185.0
2022-11-11 19:00:00,10.9,43.7,71.5,38.1,36.0,36.3,78.0
2022-11-11 20:00:00,10.2,44.1,42.5,37.2,39.1,37.7,105.0
2022-11-11 21:00:00,10.2,44.1,47.2,38.1,40.8,38.6,109.0
2022-11-11 22:00:00,10.2,44.0,43.4,36.6,32.2,32.3,0.0
2022-11-11 23:00:00,9.7,44.3,41.8,34.6,30.3,29.5,0.0
2022-11-12 00:00:00,9.6,44.4,40.3,32.8,26.9,26.1,0.0
2022-11-12 01:00:00,9.8,44.3,38.8,31.2,25.7,25.3,0.0
2022-11-12 02:00:00,9.9,44.2,37.3,30.1,25.1,24.9,0.0
2022-11-12 03:00:00,9.8,44.3,35.9,28.9,24.9,24.4,0.0
2022-11-12 04:00:00,9.3,44.6,34.7,27.9,24.4,24.0,0.0
2022-11-12 05:00:00,10.2,44.1,33.6,27.0,23.8,23.6,0.0
2022-11-12 06:00:00,10.3,44.0,32.6,26.3,23.6,23.4,0.0
2022-11-12 07:00:00,10.1,44.1,78.7,39.9,45.4,40.4,204.0
2022-11-12 08:00:00,10.6,43.9,74.8,38.6,43.5,39.2,123.0
2022-11-12 09:00:00,11.0,43.6,72.4,38.6,43.3,39.3,125.0
2022-11-12 10:00:00,11.4,43.3,70.6,38.4,37.9,38.2,101.0
2022-11-12 11:00:00,11.5,43.3,46.2,37.4,39.8,37.5,89.0
2022-11-12 12:00:00,11.4,43.4,41.1,37.4,34.8,35.1,76.0
2022-11-12 13:00:00,12.5,42.8,39.5,35.4,32.0,31.7,0.0
2022-11-12 14:00:00,12.5,42.8,38.0,33.3,28.6,27.7,0.0
2022-11-12 15:00:00,12.2,42.8,36.7,31.7,26.4,26.1,0.0
2022-11-12 16:00:00,11.4,43.1,35.5,30.2,25.6,25.2,0.0
2022-11-12 17:00:00,10.6,43.5,34.3,29.0,24.9,24.6,0.0
2022-11-12 18:00:00,10.9,42.6,76.3,34.7,43.7,33.1,112.0
2022-11-12 19:00:00,11.3,42.6,73.1,38.0,42.2,38.7,143.0
2022-11-12 20:00:00,10.4,43.1,72.7,38.0,42.7,38.7,118.0
2022-11-12 21:00:00,10.6,43.1,74.6,38.5,43.4,39.2,125.0
2022-11-12 22:00:00,9.5,43.5,73.3,38.9,39.6,39.6,121.0
2022-11-12 23:00:00,10.5,43.1,68.2,37.1,33.0,33.0,0.0
2022-11-13 00:00:00,9.6,43.4,63.0,35.0,30.1,29.0,0.0
2022-11-13 01:00:00,8.0,44.0,58.3,33.2,27.1,26.7,0.0
2022-11-13 02:00:00,8.0,44.0,54.2,31.6,26.2,25.5,0.0
2022-11-13 03:00:00,7.7,44.1,50.8,30.2,25.4,24.8,0.0
2022-11-13 04:00:00,7.7,44.1,47.8,28.9,24.6,24.3,0.0
2022-11-13 05:00:00,6.9,44.3,45.0,27.8,24.2,23.9,0.0
2022-11-13 06:00:00,6.7,44.4,56.5,28.1,33.6,26.5,52.0
2022-11-13 07:00:00,6.6,44.4,81.6,39.4,44.1,40.1,216.0
2022-11-13 08:00:00,6.7,44.4,78.6,38.8,44.0,39.5,132.0
2022-11-13 09:00:00,7.4,44.2,78.4,39.1,44.3,39.8,137.0
2022-11-13 10:00:00,9.2,42.0,75.0,39.0,43.7,39.6,131.0
2022-11-13 11:00:00,10.4,41.8,71.4,36.9,34.7,35.0,65.0
2022-11-13 12:00:00,11.4,41.5,66.1,35.2,32.0,31.9,0.0
2022-11-13 13:00:00,12.1,41.4,61.2,33.5,29.3,28.2,0.0
2022-11-13 14:00:00,12.9,41.2,57.0,32.3,26.8,25.6,0.0
2022-11-13 15:00:00,13.3,41.1,54.3,30.8,26.3,25.4,0.0
2022-11-13 16:00:00,13.3,41.1,51.3,29.6,25.6,25.0,0.0
2022-11-13 17:00:00,12.6,41.3,66.4,26.1,34.9,26.6,44.0
2022-11-13 18:00:00,12.4,42.1,73.1,38.0,42.6,38.6,185.0
2022-11-13 19:00:00,11.8,42.2,71.9,37.9,42.5,38.6,119.0
2022-11-13 20:00:00,11.8,42.2,73.2,38.1,42.7,38.8,119.0
2022-11-13 21:00:00,11.4,42.2,73.6,38.2,42.6,39.1,119.0
2022-11-13 22:00:00,10.9,42.3,74.4,37.8,38.3,38.4,104.0
2022-11-13 23:00:00,10.5,42.3,62.8,36.2,32.5,32.6,0.0
2022-11-14 00:00:00,10.6,42.3,59.2,34.3,29.8,29.0,0.0
2022-11-14 01:00:00,8.3,42.6,55.9,32.7,27.2,26.1,0.0
2022-11-14 02:00:00,9.4,42.5,52.8,31.1,25.9,25.1,0.0
2022-11-14 03:00:00,7.5,42.7,49.7,29.8,25.0,24.4,0.0
2022-11-14 04:00:00,6.2,42.8,47.0,28.6,24.4,23.9,0.0
2022-11-14 05:00:00,6.1,42.8,44.4,27.5,24.0,23.7,0.0
2022-11-14 06:00:00,6.3,44.5,80.4,28.6,40.4,27.4,52.0
2022-11-14 07:00:00,6.2,44.6,83.2,39.5,44.6,40.2,218.0
2022-11-14 08:00:00,7.8,44.1,81.0,39.2,44.2,40.1,138.0
2022-11-14 09:00:00,8.9,43.7,78.7,38.7,43.4,39.4,127.0
2022-11-14 10:00:00,10.4,43.2,75.3,38.2,42.7,39.0,121.0
2022-11-14 11:00:00,11.4,42.8,72.8,35.6,37.0,36.6,105.0
2022-11-14 12:00:00,12.1,42.6,67.9,34.7,32.3,32.4,0.0
2022-11-14 13:00:00,12.9,42.3,62.9,33.3,30.8,29.8,0.0
2022-11-14 14:00:00,13.5,42.1,58.5,32.0,28.2,26.9,0.0
2022-11-14 15:00:00,13.4,42.2,55.0,30.9,26.5,25.6,0.0
2022-11-14 16:00:00,13.0,42.3,53.8,27.8,32.1,25.7,0.0
2022-11-14 17:00:00,11.7,42.7,47.2,38.4,40.1,38.9,183.0
2022-11-14 18:00:00,10.9,43.0,74.8,36.0,44.4,35.2,72.0
2022-11-14 19:00:00,10.0,43.3,75.2,38.3,42.6,39.1,141.0
2022-11-14 20:00:00,8.8,43.7,52.2,38.4,41.1,39.2,117.0
2022-11-14 21:00:00,8.0,44.0,70.7,38.5,36.7,36.9,88.0
2022-11-14 22:00:00,7.5,44.1,65.5,36.3,32.9,32.7,0.0
2022-11-14 23:00:00,6.9,44.3,60.3,34.2,29.9,28.6,0.0
2022-11-15 00:00:00,7.1,44.3,56.0,32.5,27.1,26.3,0.0
2022-11-15 01:00:00,7.2,44.2,52.4,30.7,26.6,25.7,0.0
2022-11-15 02:00:00,6.5,44.5,49.4,29.2,26.1,25.2,0.0
2022-11-15 03:00:00,6.3,44.5,46.8,27.8,25.6,24.4,0.0
2022-11-15 04:00:00,6.3,44.5,44.7,26.6,25.0,23.8,0.0
2022-11-15 05:00:00,6.3,44.5,43.3,25.4,24.9,23.4,0.0
2022-11-15 06:00:00,5.8,44.7,31.4,24.4,26.9,25.3,0.0
2022-11-15 07:00:00,6.0,44.6,82.7,40.3,45.1,40.8,235.0
2022-11-15 08:00:00,6.5,43.6,80.5,38.5,43.2,39.3,127.0
2022-11-15 09:00:00,7.4,43.4,79.9,38.1,43.1,38.9,125.0
2022-11-15 10:00:00,7.9,43.3,77.8,37.9,42.8,38.8,121.0
2022-11-15 11:00:00,9.8,42.9,75.2,38.2,42.6,39.0,123.0
2022-11-15 12:00:00,10.9,42.7,72.1,38.5,44.9,37.5,106.0
2022-11-15 13:00:00,11.3,42.6,68.2,35.8,39.5,32.5,0.0
2022-11-15 14:00:00,11.6,42.5,65.2,32.3,33.3,27.9,0.0
2022-11-15 15:00:00,12.0,43.2,64.3,30.9,36.2,27.8,47.0
2022-11-15 16:00:00,11.8,43.2,72.8,39.1,43.6,39.7,180.0
2022-11-15 17:00:00,11.5,43.2,73.4,38.7,43.3,39.4,121.0
2022-11-15 18:00:00,10.8,43.3,74.8,39.0,43.8,39.7,127.0
2022-11-15 19:00:00,10.3,43.4,75.3,38.6,43.2,39.3,122.0
2022-11-15 20:00:00,10.3,43.4,73.9,38.2,42.7,39.0,116.0
2022-11-15 21:00:00,9.5,43.5,74.3,38.4,43.0,39.2,120.0
2022-11-15 22:00:00,9.5,43.5,74.0,38.4,39.1,39.2,116.0
2022-11-15 23:00:00,9.5,43.5,69.0,36.7,33.2,32.8,0.0
2022-11-16 00:00:00,9.1,43.5,64.1,35.1,31.2,29.1,0.0
2022-11-16 01:00:00,9.2,43.5,59.8,32.6,27.5,26.4,0.0
2022-11-16 02:00:00,8.0,43.6,55.9,30.9,26.4,25.6,0.0
2022-11-16 03:00:00,8.2,43.6,52.3,29.5,25.5,24.9,0.0
2022-11-16 04:00:00,7.3,43.7,49.1,28.4,24.9,24.1,0.0
2022-11-16 05:00:00,6.8,43.8,41.8,43.3,27.3,25.3,0.0
2022-11-16 06:00:00,7.0,43.7,81.0,32.8,43.4,30.8,82.0
2022-11-16 07:00:00,6.2,43.8,80.6,38.8,43.5,39.5,179.0
2022-11-16 08:00:00,8.1,43.6,78.9,38.2,43.0,39.0,123.0
2022-11-16 09:00:00,9.6,43.4,76.7,38.3,43.0,39.1,124.0
2022-11-16 10:00:00,10.2,43.4,74.7,38.2,42.8,38.9,120.0
2022-11-16 11:00:00,11.2,43.3,63.4,37.8,34.7,34.8,66.0
2022-11-16 12:00:00,12.0,42.4,68.8,38.7,43.7,39.1,126.0
2022-11-16 13:00:00,12.9,42.2,67.5,37.6,37.3,37.6,94.0
2022-11-16 14:00:00,13.0,42.2,62.5,36.0,32.6,32.3,0.0
2022-11-16 15:00:00,13.0,41.3,65.7,33.9,41.1,33.2,71.0
2022-11-16 16:00:00,12.2,41.6,69.5,37.5,41.6,38.2,140.0
2022-11-16 17:00:00,11.7,41.7,70.7,37.8,42.4,38.6,111.0
2022-11-16 18:00:00,11.6,41.8,70.5,37.9,42.1,38.6,112.0
2022-11-16 19:00:00,11.5,41.8,74.5,37.9,42.7,38.6,111.0
2022-11-16 20:00:00,11.7,41.8,68.4,37.3,41.4,38.1,102.0
2022-11-16 21:00:00,12.0,41.6,68.4,37.1,41.2,37.9,101.0
2022-11-16 22:00:00,11.8,41.7,67.6,36.9,37.1,37.5,91.0
2022-11-16 23:00:00,12.1,41.6,63.6,35.5,32.6,32.4,0.0
2022-11-17 00:00:00,12.0,41.6,59.1,33.9,31.2,29.7,0.0
2022-11-17 01:00:00,11.8,41.7,55.2,32.7,27.9,26.8,0.0
2022-11-17 02:00:00,11.9,41.7,51.9,31.4,26.4,25.7,0.0
2022-11-17 03:00:00,12.1,41.6,49.1,30.1,25.9,25.1,0.0
2022-11-17 04:00:00,11.9,41.7,46.6,29.1,25.3,24.8,0.0
2022-11-17 05:00:00,11.8,41.7,44.3,28.2,25.0,24.4,0.0
2022-11-17 06:00:00,11.5,41.8,71.5,31.3,40.3,29.6,74.0
2022-11-17 07:00:00,11.6,42.5,72.0,38.4,43.1,39.1,173.0
2022-11-17 08:00:00,11.8,42.4,71.3,38.4,43.0,39.1,122.0
2022-11-17 09:00:00,12.1,42.4,69.9,38.2,42.6,39.0,118.0
2022-11-17 10:00:00,12.4,41.5,68.8,37.7,41.6,38.4,110.0
2022-11-17 11:00:00,12.4,41.5,68.3,36.9,41.0,37.7,100.0
2022-11-17 12:00:00,13.0,41.3,64.4,35.6,32.3,32.2,0.0
2022-11-17 13:00:00,12.5,41.5,59.8,34.0,31.8,30.1,0.0
2022-11-17 14:00:00,13.1,41.3,72.0,36.4,43.1,36.6,127.0
2022-11-17 15:00:00,13.2,41.2,70.6,36.9,35.9,36.0,90.0
2022-11-17 16:00:00,13.2,41.2,50.3,36.2,39.5,36.0,73.0
2022-11-17 17:00:00,12.9,41.4,39.9,35.3,37.1,36.0,94.0
2022-11-17 18:00:00,13.0,41.3,72.2,37.5,41.3,38.2,127.0
2022-11-17 19:00:00,12.5,41.5,72.9,36.7,40.9,37.6,97.0
2022-11-17 20:00:00,11.9,41.7,69.8,37.7,43.2,38.3,113.0
2022-11-17 21:00:00,10.6,42.1,70.9,38.0,38.9,38.9,106.0
2022-11-17 22:00:00,10.8,42.0,66.2,36.4,33.2,33.0,0.0
2022-11-17 23:00:00,8.6,42.8,61.1,34.8,30.3,29.0,0.0
2022-11-18 00:00:00,8.1,42.9,56.7,33.0,27.2,26.5,0.0
2022-11-18 01:00:00,8.4,42.8,52.8,31.5,26.1,25.9,0.0
2022-11-18 02:00:00,7.6,43.1,49.5,30.2,25.9,25.4,0.0
2022-11-18 03:00:00,6.6,43.4,46.6,29.0,25.1,24.6,0.0
2022-11-18 04:00:00,7.8,43.0,44.1,28.1,24.5,24.2,0.0
2022-11-18 05:00:00,7.5,43.2,41.8,27.2,24.2,23.8,0.0
2022-11-18 06:00:00,7.7,44.4,79.3,30.6,41.3,28.4,74.0
2022-11-18 07:00:00,7.8,44.4,79.2,39.5,44.3,40.2,198.0
2022-11-18 08:00:00,8.0,44.3,79.0,39.1,44.1,39.8,128.0
2022-11-18 09:00:00,7.3,44.4,77.8,39.2,44.1,39.9,129.0
2022-11-18 10:00:00,10.0,43.3,76.7,39.0,43.8,39.8,123.0
2022-11-18 11:00:00,11.3,42.9,72.3,38.7,43.0,39.4,119.0
2022-11-18 12:00:00,11.8,42.7,50.9,39.0,42.1,38.9,107.0
2022-11-18 13:00:00,12.0,42.6,48.2,35.2,38.0,35.0,64.0
2022-11-18 14:00:00,12.2,42.6,72.9,38.6,38.5,38.8,134.0
2022-11-18 15:00:00,12.4,42.5,73.0,38.7,43.4,39.5,112.0
2022-11-18 16:00:00,12.2,42.6,73.4,38.4,42.7,39.1,110.0
2022-11-18 17:00:00,12.3,42.5,73.3,38.4,42.9,39.1,113.0
2022-11-18 18:00:00,12.1,42.6,73.3,38.3,42.8,39.1,113.0
2022-11-18 19:00:00,12.1,42.6,71.9,38.5,42.6,39.2,112.0
2022-11-18 20:00:00,12.3,42.5,70.1,37.9,42.1,38.7,105.0
2022-11-18 21:00:00,12.4,42.5,70.6,37.8,42.1,38.6,105.0
2022-11-18 22:00:00,12.6,42.4,69.4,37.7,38.6,38.6,102.0
2022-11-18 23:00:00,12.2,42.6,65.3,36.4,32.9,32.8,0.0
2022-11-19 00:00:00,12.4,42.5,60.8,34.8,30.2,28.9,0.0
2022-11-19 01:00:00,12.4,42.5,56.6,33.3,27.2,26.6,0.0
2022-11-19 02:00:00,11.3,42.9,53.0,32.2,27.2,26.0,0.0
2022-11-19 03:00:00,11.0,43.0,50.7,30.8,27.1,25.5,0.0
2022-11-19 04:00:00,11.1,42.9,48.3,29.4,25.7,24.9,0.0
2022-11-19 05:00:00,11.0,43.0,45.9,28.4,25.1,24.6,0.0
2022-11-19 06:00:00,10.6,43.1,72.1,33.7,41.7,32.5,102.0
2022-11-19 07:00:00,10.4,43.2,72.7,38.3,42.3,39.1,158.0
2022-11-19 08:00:00,10.6,43.1,73.5,38.2,42.9,39.0,117.0
2022-11-19 09:00:00,11.5,42.8,70.4,38.3,42.8,39.0,116.0
2022-11-19 10:00:00,11.7,42.7,70.5,38.1,42.6,38.7,111.0
2022-11-19 11:00:00,12.1,42.6,55.8,34.8,35.9,35.6,62.0
2022-11-19 12:00:00,12.3,42.5,52.6,33.9,32.2,31.7,0.0
2022-11-19 13:00:00,12.6,42.4,49.9,32.5,30.3,29.3,0.0
2022-11-19 14:00:00,11.7,42.7,47.3,31.4,27.1,26.5,0.0
2022-11-19 15:00:00,11.4,42.8,68.7,38.2,42.7,39.0,163.0
2022-11-19 16:00:00,11.0,43.0,73.3,38.8,43.2,39.5,120.0
2022-11-19 17:00:00,11.1,42.9,73.5,38.3,42.9,39.0,114.0
2022-11-19 18:00:00,11.0,43.0,74.1,38.3,42.8,39.0,115.0
2022-11-19 19:00:00,10.4,42.6,73.5,38.5,42.8,39.2,114.0
2022-11-19 20:00:00,10.7,42.4,74.2,38.0,42.5,38.9,110.0
2022-11-19 21:00:00,10.8,42.4,74.0,38.0,42.4,38.8,110.0
2022-11-19 22:00:00,10.4,42.6,73.0,37.9,38.1,38.3,97.0
2022-11-19 23:00:00,10.8,42.4,59.3,35.9,33.2,31.9,0.0
2022-11-20 00:00:00,10.8,42.3,55.3,33.8,30.9,29.9,0.0
2022-11-20 01:00:00,10.6,42.4,52.3,31.9,27.9,26.7,0.0
2022-11-20 02:00:00,10.6,42.5,50.6,30.5,26.6,25.9,0.0
2022-11-20 03:00:00,10.6,42.5,47.9,29.5,25.9,25.4,0.0
2022-11-20 04:00:00,10.7,42.4,45.3,28.6,25.4,24.9,0.0
2022-11-20 05:00:00,10.5,42.5,42.9,27.9,24.8,24.6,0.0
2022-11-20 06:00:00,10.4,42.6,74.6,31.8,41.5,29.8,77.0
2022-11-20 07:00:00,10.6,42.5,76.4,38.1,42.1,39.0,167.0
2022-11-20 08:00:00,11.0,42.2,71.8,37.3,41.9,38.1,106.0
2022-11-20 09:00:00,11.1,42.3,72.8,37.7,42.1,38.5,114.0
2022-11-20 10:00:00,11.4,42.2,72.0,37.7,42.1,38.5,112.0
2022-11-20 11:00:00,11.7,42.0,71.5,37.8,42.1,38.6,112.0
2022-11-20 12:00:00,11.4,41.4,71.2,37.7,42.0,38.4,109.0
2022-11-20 13:00:00,11.8,41.1,70.9,37.5,41.5,38.2,105.0
2022-11-20 14:00:00,12.1,41.0,69.7,37.3,41.5,38.0,104.0
2022-11-20 15:00:00,12.2,41.0,69.6,37.3,41.3,38.0,103.0
2022-11-20 16:00:00,12.1,41.0,70.6,37.4,41.6,38.2,103.0
2022-11-20 17:00:00,12.2,41.0,71.0,37.3,41.3,38.1,101.0
2022-11-20 18:00:00,12.0,41.1,71.0,37.2,41.2,38.0,99.0
2022-11-20 19:00:00,10.9,41.6,70.9,37.3,41.2,38.1,101.0
2022-11-20 20:00:00,9.0,42.7,74.7,38.3,43.3,39.1,114.0
2022-11-20 21:00:00,8.0,43.3,78.3,38.7,43.5,39.5,120.0
2022-11-20 22:00:00,7.4,43.6,79.3,38.9,39.6,39.7,117.0
2022-11-20 23:00:00,7.4,43.6,73.5,37.2,33.4,33.3,0.0
2022-11-21 00:00:00,7.8,43.5,67.6,35.3,31.2,30.4,0.0
2022-11-21 01:00:00,7.0,43.9,62.1,33.6,27.7,27.0,0.0
2022-11-21 02:00:00,6.1,44.3,57.6,32.1,26.7,26.1,0.0
2022-11-21 03:00:00,6.4,44.2,53.8,30.8,26.0,25.6,0.0
2022-11-21 04:00:00,6.6,44.1,50.4,29.8,25.4,25.0,0.0
2022-11-21 05:00:00,6.5,44.1,57.0,36.3,28.7,25.7,0.0
2022-11-21 06:00:00,6.3,45.4,67.4,39.1,45.6,38.0,167.0
2022-11-21 07:00:00,5.8,45.6,79.9,40.2,45.2,40.8,158.0
2022-11-21 08:00:00,6.2,45.4,83.5,40.5,45.9,41.1,143.0
2022-11-21 09:00:00,6.8,45.2,83.5,40.5,45.8,41.2,141.0
2022-11-21 10:00:00,6.7,45.2,82.3,40.2,45.3,40.9,134.0
2022-11-21 11:00:00,6.9,45.1,82.5,40.2,45.2,40.8,0.0
2022-11-21 12:00:00,8.3,44.5,75.1,39.5,43.9,40.3,246.0
2022-11-21 13:00:00,8.0,44.6,75.1,39.5,44.5,40.2,124.0
2022-11-21 14:00:00,8.2,44.5,74.2,39.7,44.3,40.3,127.0
2022-11-21 15:00:00,7.6,44.8,74.4,39.6,44.6,40.2,126.0
2022-11-21 16:00:00,8.1,44.6,75.1,40.1,45.2,40.6,132.0
2022-11-21 17:00:00,8.5,44.4,75.0,40.0,44.8,40.7,126.0
2022-11-21 18:00:00,8.6,44.4,75.2,39.9,44.7,40.5,125.0
2022-11-21 19:00:00,8.3,44.5,76.2,39.8,44.7,40.5,125.0
2022-11-21 20:00:00,8.3,44.5,73.4,39.5,44.1,40.2,122.0
2022-11-21 21:00:00,8.2,44.5,75.7,39.4,44.3,40.1,121.0
2022-11-21 22:00:00,8.5,44.4,74.5,39.6,40.5,40.3,122.0
2022-11-21 23:00:00,7.8,44.7,69.6,37.8,34.2,33.7,0.0
2022-11-22 00:00:00,7.7,44.8,65.0,35.6,34.3,30.1,0.0
2022-11-22 01:00:00,6.0,45.5,61.1,32.3,28.2,26.5,0.0
2022-11-22 02:00:00,6.7,45.2,57.1,30.7,26.8,25.9,0.0
2022-11-22 03:00:00,5.7,45.6,53.4,29.4,26.0,25.2,0.0
2022-11-22 04:00:00,4.8,46.0,50.1,28.2,25.3,24.7,0.0
2022-11-22 05:00:00,4.5,46.1,54.4,42.3,23.8,23.8,0.0
2022-11-22 06:00:00,3.7,46.5,81.4,36.8,46.6,35.4,126.0
2022-11-22 07:00:00,4.0,46.4,82.1,40.9,46.7,41.6,181.0
2022-11-22 08:00:00,5.1,46.0,83.6,40.9,46.4,41.5,149.0
2022-11-22 09:00:00,5.6,45.7,80.6,40.7,46.0,41.3,144.0
2022-11-22 10:00:00,6.3,45.4,78.1,40.2,45.2,40.8,133.0
2022-11-22 11:00:00,8.3,43.2,73.7,39.4,44.0,40.1,125.0
2022-11-22 12:00:00,8.6,43.2,71.5,38.3,42.5,39.0,111.0
2022-11-22 13:00:00,8.3,43.2,74.1,38.4,43.3,39.1,117.0
2022-11-22 14:00:00,8.9,43.1,74.2,38.9,43.6,39.6,124.0
2022-11-22 15:00:00,9.0,43.0,73.4,38.8,43.1,39.5,119.0
2022-11-22 16:00:00,8.6,43.2,73.5,38.2,42.9,39.0,111.0
2022-11-22 17:00:00,9.1,43.0,74.0,38.6,43.2,39.4,118.0
2022-11-22 18:00:00,8.9,43.1,74.2,38.8,43.4,39.5,119.0
2022-11-22 19:00:00,9.0,43.1,74.2,39.0,43.6,39.7,119.0
2022-11-22 20:00:00,9.2,43.0,71.1,38.9,43.2,39.6,117.0
2022-11-22 21:00:00,9.0,43.1,73.2,38.7,43.2,39.4,114.0
2022-11-22 22:00:00,9.6,42.9,71.3,38.5,39.1,39.1,107.0
2022-11-22 23:00:00,9.8,42.9,66.4,37.0,32.9,32.9,0.0
2022-11-23 00:00:00,10.0,42.8,61.7,35.5,31.5,29.8,0.0
2022-11-23 01:00:00,9.5,42.9,57.5,33.7,27.7,26.6,0.0
2022-11-23 02:00:00,9.1,43.0,54.0,32.2,26.5,25.8,0.0
2022-11-23 03:00:00,9.1,43.1,50.9,30.9,25.9,25.3,0.0
2022-11-23 04:00:00,8.7,43.2,48.0,29.6,25.5,24.8,0.0
2022-11-23 05:00:00,8.0,43.3,45.5,28.5,24.9,24.3,0.0
2022-11-23 06:00:00,8.1,43.2,43.2,27.6,24.5,23.8,0.0
2022-11-23 07:00:00,7.9,43.3,62.8,35.9,42.1,35.4,143.0
2022-11-23 08:00:00,8.8,43.1,75.0,39.1,43.7,39.8,158.0
2022-11-23 09:00:00,9.5,43.0,73.6,38.1,42.7,38.8,120.0
2022-11-23 10:00:00,10.0,43.3,70.8,38.2,42.8,38.9,121.0
2022-11-23 11:00:00,10.7,43.1,68.9,38.2,42.4,38.8,119.0
2022-11-23 12:00:00,11.2,42.9,67.1,37.9,42.2,38.6,112.0
2022-11-23 13:00:00,11.5,42.8,67.9,38.2,42.8,38.9,120.0
2022-11-23 14:00:00,11.9,42.7,72.6,38.6,43.5,39.3,123.0
2022-11-23 15:00:00,11.9,42.6,71.5,38.1,42.3,38.8,112.0
2022-11-23 16:00:00,11.8,42.7,72.4,37.8,42.2,38.6,111.0
2022-11-23 17:00:00,11.8,47.3,74.0,43.0,48.2,43.2,173.0
2022-11-23 18:00:00,11.3,48.0,74.4,42.1,47.3,42.5,147.0
2022-11-23 19:00:00,11.2,48.1,74.5,42.9,48.1,43.0,158.0
2022-11-23 20:00:00,10.9,48.4,74.3,43.0,48.4,43.2,157.0
2022-11-23 21:00:00,10.7,48.6,74.9,43.1,48.6,43.4,158.0
2022-11-23 22:00:00,10.2,49.2,71.2,41.7,35.2,35.5,53.0
2022-11-23 23:00:00,9.0,50.5,66.2,39.1,33.8,32.3,0.0
2022-11-24 00:00:00,8.5,51.1,61.6,36.7,30.0,28.0,0.0
2022-11-24 01:00:00,8.8,50.7,57.7,34.4,27.5,26.4,0.0
2022-11-24 02:00:00,7.7,52.0,54.1,32.4,26.7,25.5,0.0
2022-11-24 03:00:00,7.7,52.0,51.0,30.8,25.8,25.1,0.0
2022-11-24 04:00:00,7.1,52.6,48.2,29.4,25.7,24.5,0.0
2022-11-24 05:00:00,7.1,52.6,49.7,27.5,29.1,23.9,0.0
2022-11-24 06:00:00,7.7,44.4,67.5,27.8,36.8,27.8,43.0
2022-11-24 07:00:00,7.5,44.4,80.5,39.9,45.0,40.6,216.0
2022-11-24 08:00:00,7.4,44.4,80.7,39.4,44.5,40.1,136.0
2022-11-24 09:00:00,7.4,44.4,79.9,39.3,44.3,40.0,135.0
2022-11-24 10:00:00,8.4,44.2,78.5,39.1,44.0,39.8,130.0
2022-11-24 11:00:00,8.5,44.2,77.8,39.0,43.8,39.7,128.0
2022-11-24 12:00:00,9.4,44.0,75.3,39.0,43.6,39.8,128.0
2022-11-24 13:00:00,9.4,44.0,76.3,39.0,43.8,39.6,124.0
2022-11-24 14:00:00,9.1,44.0,76.6,39.3,44.2,39.9,130.0
2022-11-24 15:00:00,9.5,44.0,77.4,39.6,44.5,40.3,133.0
2022-11-24 16:00:00,9.4,43.5,78.0,38.6,43.1,39.3,116.0
2022-11-24 17:00:00,9.2,43.6,78.1,38.4,43.0,39.2,117.0
2022-11-24 18:00:00,9.2,43.6,78.0,38.5,43.0,39.2,118.0
2022-11-24 19:00:00,9.2,43.6,78.7,38.6,43.4,39.4,121.0
2022-11-24 20:00:00,8.8,43.7,77.1,38.6,43.1,39.4,122.0
2022-11-24 21:00:00,8.7,43.7,76.4,38.7,43.4,39.4,119.0
2022-11-24 22:00:00,8.7,43.7,76.4,38.9,40.1,39.6,122.0
2022-11-24 23:00:00,8.7,43.7,71.0,37.3,33.1,33.1,0.0
2022-11-25 00:00:00,8.6,43.8,65.5,35.5,32.2,29.9,0.0
2022-11-25 01:00:00,8.6,43.8,61.1,33.6,27.5,26.1,0.0
2022-11-25 02:00:00,8.4,43.8,57.1,31.9,26.5,25.5,0.0
2022-11-25 03:00:00,8.3,43.9,53.6,30.4,25.9,25.1,0.0
2022-11-25 04:00:00,8.5,43.8,50.5,29.2,25.6,24.5,0.0
2022-11-25 05:00:00,8.4,43.85,64.65,30.65,33.95,27.3,40.0
2022-11-25 06:00:00,8.3,43.9,78.8,32.1,42.3,30.1,40.0
2022-11-25 07:00:00,7.7,44.1,80.2,39.0,43.8,39.8,187.0
2022-11-25 08:00:00,8.3,44.0,79.6,38.5,43.3,39.3,126.0
2022-11-25 09:00:00,8.3,44.0,78.8,38.7,43.8,39.5,130.0
2022-11-25 10:00:00,8.7,43.9,78.3,38.9,43.9,39.6,131.0
2022-11-25 11:00:00,7.8,44.2,76.8,38.8,43.5,39.5,127.0
2022-11-25 12:00:00,9.0,43.8,77.4,38.8,43.6,39.5,126.0
2022-11-25 13:00:00,9.3,42.6,76.9,38.4,42.9,39.1,121.0
2022-11-25 14:00:00,9.4,42.5,74.6,38.0,42.5,38.8,115.0
2022-11-25 15:00:00,9.5,42.5,74.9,37.8,42.3,38.6,114.0
2022-11-25 16:00:00,9.0,42.7,77.8,38.0,42.7,38.7,119.0
2022-11-25 17:00:00,8.4,43.0,78.6,38.4,43.1,39.1,123.0
2022-11-25 18:00:00,7.9,43.3,79.5,38.7,43.6,39.5,125.0
2022-11-25 19:00:00,7.2,43.7,80.0,39.0,43.8,39.8,129.0
2022-11-25 20:00:00,7.1,43.8,80.1,39.3,44.1,40.1,131.0
2022-11-25 21:00:00,6.4,44.2,78.8,38.8,43.4,39.5,125.0
2022-11-25 22:00:00,6.2,44.3,79.7,38.8,39.3,39.5,119.0
2022-11-25 23:00:00,5.5,44.7,73.8,37.0,33.1,32.8,0.0
2022-11-26 00:00:00,5.6,44.6,67.7,35.2,31.1,28.0,0.0
2022-11-26 01:00:00,5.4,44.7,63.1,32.8,27.0,26.2,0.0
2022-11-26 02:00:00,5.2,44.8,58.7,31.0,26.5,25.5,0.0
2022-11-26 03:00:00,4.8,45.1,54.8,29.4,25.9,24.6,0.0
2022-11-26 04:00:00,4.7,45.1,51.5,28.0,25.2,24.0,0.0
2022-11-26 05:00:00,4.8,45.1,48.6,26.9,24.4,23.6,0.0
2022-11-26 06:00:00,4.9,45.0,75.2,35.2,44.0,33.2,124.0
2022-11-26 07:00:00,5.0,45.0,82.6,39.3,44.1,40.1,182.0
2022-11-26 08:00:00,5.2,44.8,81.3,39.5,44.9,40.1,145.0
2022-11-26 09:00:00,5.4,44.7,82.2,39.9,45.3,40.6,149.0
2022-11-26 10:00:00,5.8,44.5,79.3,39.2,44.1,39.8,136.0
2022-11-26 11:00:00,6.8,42.4,77.8,38.2,42.3,38.9,124.0
2022-11-26 12:00:00,7.0,42.3,75.3,37.1,41.7,38.0,112.0
2022-11-26 13:00:00,6.8,42.4,75.0,37.2,41.8,38.0,116.0
2022-11-26 14:00:00,7.2,42.2,76.3,37.6,42.5,38.3,120.0
2022-11-26 15:00:00,7.0,42.3,75.5,37.9,42.6,38.6,124.0
2022-11-26 16:00:00,7.3,42.2,75.6,38.0,42.4,38.9,79.0
2022-11-26 17:00:00,7.1,42.3,77.6,37.4,42.0,38.2,157.0
2022-11-26 18:00:00,6.4,42.5,79.5,37.5,42.3,38.3,118.0
2022-11-26 19:00:00,6.3,44.7,80.8,39.9,45.0,40.6,152.0
2022-11-26 20:00:00,6.0,44.8,82.0,39.8,45.1,40.5,143.0
2022-11-26 21:00:00,6.2,44.7,81.7,40.0,45.1,40.7,142.0
2022-11-26 22:00:00,6.0,44.7,78.3,39.1,36.9,37.2,93.0
2022-11-26 23:00:00,5.9,44.8,72.1,37.0,32.9,32.7,0.0
2022-11-27 00:00:00,5.7,44.8,66.8,34.9,30.2,27.6,0.0
2022-11-27 01:00:00,5.7,44.8,62.2,32.4,26.8,25.6,0.0
2022-11-27 02:00:00,5.8,44.8,57.9,30.5,26.4,24.9,0.0
2022-11-27 03:00:00,5.8,44.8,56.1,28.6,28.1,24.3,0.0
2022-11-27 04:00:00,6.1,44.7,57.3,24.0,35.7,23.2,0.0
2022-11-27 05:00:00,6.2,44.7,62.9,22.8,45.1,24.7,0.0
2022-11-27 06:00:00,5.7,44.8,45.7,28.6,32.9,28.5,64.0
2022-11-27 07:00:00,6.2,44.7,83.0,39.6,44.9,40.3,222.0
2022-11-27 08:00:00,5.7,44.8,80.5,38.9,44.2,39.5,139.0
2022-11-27 09:00:00,5.4,44.9,78.5,39.3,44.4,39.9,142.0
2022-11-27 10:00:00,4.7,45.1,78.1,39.5,45.0,40.1,146.0
2022-11-27 11:00:00,5.3,44.9,78.0,40.1,45.6,40.6,152.0
2022-11-27 12:00:00,6.6,44.6,77.2,39.8,45.2,40.3,147.0
2022-11-27 13:00:00,6.6,43.6,77.6,39.5,44.5,40.1,142.0
2022-11-27 14:00:00,6.6,43.6,77.8,38.9,43.9,39.6,134.0
2022-11-27 15:00:00,6.9,43.5,77.5,38.9,43.9,39.5,132.0
2022-11-27 16:00:00,6.5,43.6,78.0,38.9,44.0,39.6,135.0
2022-11-27 17:00:00,6.1,43.7,80.5,39.1,44.3,39.7,136.0
2022-11-27 18:00:00,6.4,43.6,79.8,38.9,43.7,39.7,133.0
2022-11-27 19:00:00,6.0,43.7,81.1,38.8,43.7,39.6,133.0
2022-11-27 20:00:00,6.0,43.7,81.3,38.7,43.6,39.4,129.0
2022-11-27 21:00:00,6.3,43.7,82.9,38.6,43.8,39.4,130.0
2022-11-27 22:00:00,6.1,43.7,81.8,38.8,43.7,39.5,130.0
2022-11-27 23:00:00,6.0,43.7,75.4,37.1,32.8,32.8,0.0
2022-11-28 00:00:00,5.7,43.8,69.2,35.1,31.5,28.0,0.0
2022-11-28 01:00:00,5.3,43.9,64.6,32.5,27.2,25.6,0.0
2022-11-28 02:00:00,4.7,44.1,60.2,30.2,26.7,24.9,0.0
2022-11-28 03:00:00,5.1,43.9,56.9,28.0,26.8,24.1,0.0
2022-11-28 04:00:00,5.1,43.9,58.5,23.9,35.0,23.2,0.0
2022-11-28 05:00:00,5.3,43.9,64.8,22.7,45.8,24.4,0.0
2022-11-28 06:00:00,5.1,44.0,71.9,30.4,40.0,28.4,57.0
2022-11-28 07:00:00,5.4,43.9,79.5,39.2,44.8,39.8,213.0
2022-11-28 08:00:00,5.8,44.7,83.2,39.0,44.5,39.7,146.0
2022-11-28 09:00:00,6.0,43.7,82.1,38.9,44.0,39.7,140.0
2022-11-28 10:00:00,6.0,43.7,80.4,38.7,43.8,39.5,134.0
2022-11-28 11:00:00,6.3,43.7,79.6,38.5,43.6,39.2,132.0
2022-11-28 12:00:00,6.6,43.6,78.7,38.5,43.4,39.2,131.0
2022-11-28 13:00:00,7.0,43.5,78.6,38.4,43.3,39.1,131.0
2022-11-28 14:00:00,6.6,43.6,78.2,38.4,43.2,39.1,129.0
2022-11-28 15:00:00,6.2,43.7,78.5,38.3,43.1,39.0,129.0
2022-11-28 16:00:00,6.6,43.6,79.7,38.5,43.5,39.2,131.0
2022-11-28 17:00:00,6.9,43.5,79.9,38.7,43.8,39.4,133.0
2022-11-28 18:00:00,6.8,43.6,79.8,38.8,43.9,39.5,135.0
2022-11-28 19:00:00,6.5,44.0,82.1,38.9,44.3,39.6,135.0
2022-11-28 20:00:00,6.0,44.2,83.1,39.1,44.0,39.8,138.0
2022-11-28 21:00:00,5.6,44.3,82.7,38.7,43.7,39.5,132.0
2022-11-28 22:00:00,4.6,44.7,83.8,38.9,44.2,39.7,134.0
2022-11-28 23:00:00,5.2,44.4,73.1,37.1,33.1,32.8,0.0
2022-11-29 00:00:00,4.3,44.8,68.7,35.1,31.7,29.0,0.0
2022-11-29 01:00:00,3.6,45.2,64.4,32.8,27.5,25.6,0.0
2022-11-29 02:00:00,3.3,45.3,60.3,30.7,26.2,24.8,0.0
2022-11-29 03:00:00,3.9,45.1,56.7,29.0,25.1,24.1,0.0
2022-11-29 04:00:00,2.7,45.7,53.4,27.7,24.4,23.4,0.0
2022-11-29 05:00:00,2.7,45.7,30.9,32.4,27.1,22.9,0.0
2022-11-29 06:00:00,2.5,45.8,87.4,36.7,47.4,35.9,155.0
2022-11-29 07:00:00,2.9,45.6,79.6,39.8,46.1,40.2,182.0
2022-11-29 08:00:00,2.2,46.0,86.7,40.2,45.9,40.8,165.0
2022-11-29 09:00:00,2.3,45.9,85.7,40.2,45.9,40.8,157.0
2022-11-29 10:00:00,2.4,45.9,85.2,40.0,45.6,40.6,151.0
2022-11-29 11:00:00,3.7,44.3,83.3,39.4,44.5,40.1,143.0
2022-11-29 12:00:00,4.8,44.0,82.3,39.0,44.3,39.8,138.0
2022-11-29 13:00:00,5.8,42.2,79.2,38.4,42.8,39.2,129.0
2022-11-29 14:00:00,6.5,42.0,77.4,37.0,41.3,37.7,110.0
2022-11-29 15:00:00,6.1,42.1,77.8,36.9,41.5,37.7,117.0
2022-11-29 16:00:00,6.3,44.7,80.3,39.9,45.3,40.5,162.0
2022-11-29 17:00:00,6.7,44.6,82.5,39.8,45.4,40.4,145.0
2022-11-29 18:00:00,5.9,44.8,82.7,39.9,45.1,40.5,144.0
2022-11-29 19:00:00,6.1,44.7,83.8,40.0,45.4,40.6,145.0
2022-11-29 20:00:00,5.7,44.8,83.0,39.7,45.0,40.4,141.0
2022-11-29 21:00:00,6.3,44.6,82.6,39.5,44.8,40.2,139.0
2022-11-29 22:00:00,5.5,44.9,80.4,39.1,38.1,38.2,108.0
2022-11-29 23:00:00,5.8,44.8,73.6,37.2,33.0,32.7,0.0
2022-11-30 00:00:00,6.3,44.7,68.3,34.7,30.6,28.1,0.0
2022-11-30 01:00:00,6.0,44.7,63.5,32.6,27.0,25.8,0.0
2022-11-30 02:00:00,6.2,44.7,59.2,30.9,26.7,24.9,0.0
2022-11-30 03:00:00,5.7,44.8,56.8,29.1,27.6,24.3,0.0
2022-11-30 04:00:00,5.3,44.9,57.7,25.8,30.7,23.3,0.0
2022-11-30 05:00:00,5.5,44.8,60.4,22.0,44.5,23.1,0.0
2022-11-30 06:00:00,5.5,44.8,72.2,28.3,38.9,26.8,55.0
2022-11-30 07:00:00,5.8,44.8,81.8,40.0,45.8,40.4,230.0
2022-11-30 08:00:00,5.7,44.8,80.8,39.2,44.4,39.8,146.0
2022-11-30 09:00:00,6.0,44.7,80.0,39.0,44.3,39.6,142.0
2022-11-30 10:00:00,6.8,44.6,78.9,39.0,44.3,39.7,142.0
2022-11-30 11:00:00,6.8,44.6,77.9,38.9,44.1,39.5,138.0
2022-11-30 12:00:00,7.3,44.4,76.8,38.9,43.9,39.5,140.0
2022-11-30 13:00:00,7.1,42.3,76.2,37.5,41.7,38.2,118.0
2022-11-30 14:00:00,7.1,43.5,76.7,37.1,42.0,38.0,118.0
2022-11-30 15:00:00,7.4,43.4,78.2,39.0,43.9,39.7,145.0
2022-11-30 16:00:00,6.6,44.4,78.7,39.1,44.6,39.7,137.0
2022-11-30 17:00:00,6.7,44.4,79.1,39.7,45.1,40.2,147.0
2022-11-30 18:00:00,6.8,44.4,79.6,39.3,44.3,40.0,138.0
2022-11-30 19:00:00,6.3,44.5,80.5,39.2,44.5,39.9,138.0
2022-11-30 20:00:00,6.3,44.5,80.0,39.4,44.4,40.1,141.0
2022-11-30 21:00:00,5.9,44.7,80.3,39.4,44.5,40.1,139.0
2022-11-30 22:00:00,6.0,44.6,80.4,39.4,44.4,40.1,140.0
2022-11-30 23:00:00,5.4,44.8,68.2,36.9,34.8,32.9,0.0
2022-12-01 00:00:00,6.1,44.6,64.0,34.0,31.6,29.1,0.0
2022-12-01 01:00:00,5.6,44.8,62.1,31.4,29.8,25.7,0.0
2022-12-01 02:00:00,6.0,44.6,57.9,29.6,26.2,25.0,0.0
2022-12-01 03:00:00,5.6,44.8,54.4,28.0,25.5,24.3,0.0
2022-12-01 04:00:00,6.0,44.6,51.4,27.0,24.9,23.7,0.0
2022-12-01 05:00:00,5.4,44.8,49.7,25.5,24.0,23.2,0.0
2022-12-01 06:00:00,5.0,45.0,79.7,29.7,40.6,28.9,70.0
2022-12-01 07:00:00,5.3,44.9,80.8,39.8,45.5,40.3,220.0
2022-12-01 08:00:00,5.3,44.9,80.7,39.6,45.1,40.2,153.0
2022-12-01 09:00:00,5.1,44.9,80.7,39.7,45.1,40.3,150.0
2022-12-01 10:00:00,4.8,45.0,80.7,39.8,45.4,40.4,153.0
2022-12-01 11:00:00,4.7,45.0,82.1,39.9,45.2,40.5,151.0
2022-12-01 12:00:00,5.1,45.0,80.7,39.4,44.8,40.2,143.0
2022-12-01 13:00:00,5.3,44.9,80.8,39.5,44.7,40.1,144.0
2022-12-01 14:00:00,5.3,44.9,81.1,39.6,45.0,40.2,144.0
2022-12-01 15:00:00,4.7,45.0,82.2,39.6,45.1,40.2,145.0
2022-12-01 16:00:00,5.3,44.9,82.6,39.8,45.1,40.5,149.0
2022-12-01 17:00:00,5.4,44.8,83.1,40.0,45.5,40.5,147.0
2022-12-01 18:00:00,5.2,44.9,82.5,39.2,44.1,40.0,135.0
2022-12-01 19:00:00,5.6,44.8,82.3,39.2,44.4,40.0,137.0
2022-12-01 20:00:00,4.8,45.0,80.8,39.6,44.6,40.2,141.0
2022-12-01 21:00:00,5.2,44.9,83.5,39.5,44.7,40.2,140.0
2022-12-01 22:00:00,5.7,44.7,82.6,39.5,40.1,40.2,136.0
2022-12-01 23:00:00,5.4,44.8,71.8,37.6,33.6,33.0,0.0
2022-12-02 00:00:00,5.5,44.8,68.5,35.1,32.2,28.8,0.0
2022-12-02 01:00:00,5.4,44.8,64.1,32.7,26.5,25.4,0.0
2022-12-02 02:00:00,5.2,44.9,59.8,30.9,25.9,24.9,0.0
2022-12-02 03:00:00,5.2,44.9,56.0,29.3,25.5,24.3,0.0
2022-12-02 04:00:00,5.3,44.8,52.8,27.9,24.8,23.4,0.0
2022-12-02 05:00:00,5.0,45.0,31.2,32.9,28.8,22.9,0.0
2022-12-02 06:00:00,5.3,44.9,64.0,37.0,42.6,35.8,151.0
2022-12-02 07:00:00,4.5,45.1,79.2,39.8,45.4,40.4,186.0
2022-12-02 08:00:00,5.1,45.0,82.8,39.4,44.8,40.1,151.0
2022-12-02 09:00:00,5.0,45.0,80.6,39.0,44.2,39.7,145.0
2022-12-02 10:00:00,6.0,44.6,80.2,39.1,44.4,39.8,145.0
2022-12-02 11:00:00,6.5,44.5,79.7,39.4,44.8,40.1,147.0
2022-12-02 12:00:00,6.9,44.3,79.0,39.4,44.6,40.0,143.0
2022-12-02 13:00:00,7.1,43.0,78.1,38.0,42.3,38.8,126.0
2022-12-02 14:00:00,7.4,44.4,78.9,39.5,45.0,40.1,145.0
2022-12-02 15:00:00,7.6,44.4,77.4,39.7,44.9,40.3,145.0
2022-12-02 16:00:00,7.5,44.4,78.8,39.6,44.8,40.1,142.0
2022-12-02 17:00:00,7.2,44.4,79.9,39.6,45.0,40.1,142.0
2022-12-02 18:00:00,7.2,44.4,79.6,39.7,45.0,40.4,141.0
2022-12-02 19:00:00,7.4,44.4,80.4,39.8,44.9,40.5,145.0
2022-12-02 20:00:00,6.9,44.5,80.1,39.1,44.2,39.8,134.0
2022-12-02 21:00:00,6.4,44.5,78.8,38.9,44.0,39.6,133.0
2022-12-02 22:00:00,5.7,44.5,75.2,37.8,32.5,32.7,41.0
2022-12-02 23:00:00,5.2,44.6,69.0,35.9,33.4,30.5,0.0
2022-12-03 00:00:00,5.8,44.5,64.6,33.3,27.9,26.1,0.0
2022-12-03 01:00:00,5.6,44.5,60.1,31.4,26.0,25.1,0.0
2022-12-03 02:00:00,6.3,44.5,56.1,29.7,26.3,24.6,0.0
2022-12-03 03:00:00,5.7,44.6,55.6,27.7,28.6,24.0,0.0
2022-12-03 04:00:00,5.8,44.5,56.9,22.3,38.6,22.6,0.0
2022-12-03 05:00:00,5.4,44.6,63.5,23.1,45.1,25.2,0.0
2022-12-03 06:00:00,5.4,44.6,80.6,32.6,42.3,31.4,103.0
2022-12-03 07:00:00,5.4,44.6,82.3,39.2,44.4,39.8,203.0
2022-12-03 08:00:00,6.2,44.5,80.6,38.6,43.9,39.3,140.0
2022-12-03 09:00:00,6.9,44.5,79.7,38.9,44.2,39.5,144.0
2022-12-03 10:00:00,7.6,44.4,78.2,38.7,43.8,39.4,139.0
2022-12-03 11:00:00,8.3,44.4,76.4,38.7,43.8,39.4,135.0
2022-12-03 12:00:00,8.8,44.3,74.6,38.9,43.8,39.4,136.0
2022-12-03 13:00:00,9.0,42.3,73.1,38.2,42.0,38.9,126.0
2022-12-03 14:00:00,8.9,42.3,72.1,37.3,41.9,38.0,113.0
2022-12-03 15:00:00,8.6,42.3,73.3,37.7,42.6,38.5,123.0
2022-12-03 16:00:00,7.4,43.4,74.5,38.1,42.9,38.8,127.0
2022-12-03 17:00:00,7.1,43.5,76.5,38.5,43.5,39.1,131.0
2022-12-03 18:00:00,7.1,43.5,76.9,38.7,43.6,39.3,131.0
2022-12-03 19:00:00,7.2,43.5,77.0,38.7,43.7,39.3,132.0
2022-12-03 20:00:00,7.7,43.3,75.9,38.6,43.5,39.2,130.0
2022-12-03 21:00:00,7.8,43.3,76.6,38.7,43.5,39.3,132.0
2022-12-03 22:00:00,7.7,43.4,76.9,38.7,43.7,39.4,131.0
2022-12-03 23:00:00,7.4,43.4,71.8,37.1,32.5,32.7,0.0
2022-12-04 00:00:00,7.7,43.4,66.1,35.3,31.0,29.4,0.0
2022-12-04 01:00:00,7.4,43.4,61.3,33.5,27.3,25.8,0.0
2022-12-04 02:00:00,7.5,43.4,57.3,31.8,26.0,25.0,0.0
2022-12-04 03:00:00,7.8,43.3,53.9,30.1,26.2,24.4,0.0
2022-12-04 04:00:00,7.6,43.4,54.1,27.9,29.0,23.8,0.0
2022-12-04 05:00:00,7.4,43.4,54.6,22.3,38.6,22.9,0.0
2022-12-04 06:00:00,7.3,44.2,62.3,28.2,36.3,28.4,81.0
2022-12-04 07:00:00,7.1,44.3,78.5,39.1,44.1,39.8,203.0
2022-12-04 08:00:00,7.7,44.8,77.9,38.8,44.7,39.2,138.0
2022-12-04 09:00:00,7.8,44.8,77.9,39.8,45.2,40.4,156.0
2022-12-04 10:00:00,8.6,44.4,73.0,39.5,44.3,40.0,143.0
2022-12-04 11:00:00,9.4,44.0,72.5,38.9,43.8,39.4,132.0
2022-12-04 12:00:00,9.2,44.1,72.9,38.8,44.0,39.3,135.0
2022-12-04 13:00:00,9.5,44.0,71.6,39.4,44.4,39.9,142.0
2022-12-04 14:00:00,9.2,44.1,72.4,39.6,44.8,40.1,142.0
2022-12-04 15:00:00,8.7,44.3,73.9,39.7,44.7,40.2,142.0
2022-12-04 16:00:00,7.9,44.7,75.5,40.0,45.0,40.4,143.0
2022-12-04 17:00:00,8.0,44.6,75.8,39.9,45.1,40.5,142.0
2022-12-04 18:00:00,7.6,44.8,75.8,39.9,44.9,40.4,140.0
2022-12-04 19:00:00,7.5,44.8,76.3,39.9,45.1,40.5,142.0
2022-12-04 20:00:00,6.8,45.2,77.0,39.9,45.2,40.4,141.0
2022-12-04 21:00:00,7.0,45.0,76.6,40.1,45.3,40.6,142.0
2022-12-04 22:00:00,7.4,44.9,76.3,40.0,39.8,39.9,123.0
2022-12-04 23:00:00,7.1,45.0,70.7,38.1,33.7,33.4,0.0
2022-12-05 00:00:00,6.8,45.2,65.2,36.1,30.3,28.6,0.0
2022-12-05 01:00:00,7.0,45.1,60.8,34.1,27.8,26.4,0.0
2022-12-05 02:00:00,7.0,45.1,56.9,32.5,26.1,25.2,0.0
2022-12-05 03:00:00,5.9,45.6,53.2,31.0,25.2,24.8,0.0
2022-12-05 04:00:00,6.3,45.4,50.0,29.6,25.3,24.5,0.0
2022-12-05 05:00:00,6.6,45.2,23.9,33.6,24.5,23.9,0.0
2022-12-05 06:00:00,6.7,45.2,62.9,31.4,37.9,29.9,77.0
2022-12-05 07:00:00,7.1,45.0,78.9,40.6,46.0,41.0,206.0
2022-12-05 08:00:00,6.7,45.2,79.4,39.9,45.2,40.4,146.0
2022-12-05 09:00:00,8.0,44.6,78.9,39.9,45.2,40.4,145.0
2022-12-05 10:00:00,8.1,44.6,77.7,39.8,44.9,40.3,142.0
2022-12-05 11:00:00,8.9,44.2,75.1,39.4,44.2,40.0,135.0
2022-12-05 12:00:00,9.4,44.0,74.7,38.7,43.4,39.4,125.0
2022-12-05 13:00:00,9.3,44.0,74.9,38.7,43.4,39.4,0.0
2022-12-05 14:00:00,10.4,43.6,69.1,37.0,32.8,32.8,97.0
2022-12-05 15:00:00,9.8,43.8,67.8,37.9,44.4,37.0,137.0
2022-12-05 16:00:00,9.3,44.0,75.2,39.3,44.2,39.9,149.0
2022-12-05 17:00:00,8.3,44.5,78.0,39.4,44.6,40.0,134.0
2022-12-05 18:00:00,7.7,44.7,78.9,39.8,45.0,40.4,139.0
2022-12-05 19:00:00,8.1,44.6,78.2,40.0,44.3,40.7,142.0
2022-12-05 20:00:00,8.0,44.6,76.6,39.4,44.6,40.0,128.0
2022-12-05 21:00:00,7.8,44.7,77.8,39.9,45.2,40.4,141.0
2022-12-05 22:00:00,8.0,44.6,77.6,39.9,40.3,40.6,132.0
2022-12-05 23:00:00,8.1,44.6,71.9,38.2,33.3,33.5,0.0
2022-12-06 00:00:00,8.0,44.6,66.6,36.6,31.5,29.6,0.0
2022-12-06 01:00:00,8.0,44.6,61.9,34.2,27.9,26.4,0.0
2022-12-06 02:00:00,8.3,44.5,57.7,32.2,26.8,25.7,0.0
2022-12-06 03:00:00,8.0,44.6,54.1,30.7,26.1,25.3,0.0
2022-12-06 04:00:00,8.0,44.6,50.9,29.4,25.8,24.8,0.0
2022-12-06 05:00:00,7.8,44.7,49.3,28.0,26.6,24.4,0.0
2022-12-06 06:00:00,8.3,44.5,76.5,29.5,40.4,28.0,54.0
2022-12-06 07:00:00,8.0,44.6,78.7,39.3,44.4,39.9,216.0
2022-12-06 08:00:00,8.1,44.6,77.8,39.2,44.2,39.8,139.0
2022-12-06 09:00:00,8.8,44.3,78.0,39.3,44.4,40.0,140.0
2022-12-06 10:00:00,9.4,44.0,74.9,39.1,43.8,39.7,132.0
2022-12-06 11:00:00,10.1,43.7,74.0,38.8,43.4,39.5,128.0
2022-12-06 12:00:00,10.8,43.4,73.2,38.5,43.0,39.3,121.0
2022-12-06 13:00:00,11.0,43.3,71.8,37.9,36.1,36.3,86.0
2022-12-06 14:00:00,10.8,43.4,66.5,36.2,32.4,32.4,0.0
2022-12-06 15:00:00,10.6,43.1,73.7,39.3,44.2,40.0,174.0
2022-12-06 16:00:00,10.6,43.1,73.8,38.7,43.6,39.4,124.0
2022-12-06 17:00:00,10.7,43.1,74.8,38.6,43.1,39.3,123.0
2022-12-06 18:00:00,10.5,43.1,74.7,38.1,42.5,38.9,116.0
2022-12-06 19:00:00,10.5,43.2,76.3,38.2,42.8,38.9,117.0
2022-12-06 20:00:00,10.1,43.3,73.8,38.2,42.9,38.8,117.0
2022-12-06 21:00:00,10.1,43.3,75.7,39.0,44.0,39.7,129.0
2022-12-06 22:00:00,9.9,43.3,76.0,39.0,43.8,39.7,123.0
2022-12-06 23:00:00,9.8,43.4,70.7,37.4,33.4,33.2,0.0
2022-12-07 00:00:00,9.4,43.5,65.3,35.6,31.1,29.9,0.0
2022-12-07 01:00:00,9.4,43.5,60.5,33.9,27.5,26.7,0.0
2022-12-07 02:00:00,9.3,43.5,56.3,32.4,26.8,25.9,0.0
2022-12-07 03:00:00,9.3,43.5,52.6,31.2,26.2,25.2,0.0
2022-12-07 04:00:00,9.4,43.5,49.6,30.0,25.5,24.7,0.0
2022-12-07 05:00:00,9.4,43.5,54.8,30.6,24.9,24.6,0.0
2022-12-07 06:00:00,9.3,45.1,79.3,32.9,43.0,31.0,85.0
2022-12-07 07:00:00,9.2,45.2,79.1,40.2,45.4,40.7,196.0
2022-12-07 08:00:00,9.1,45.2,78.8,40.0,45.3,40.6,146.0
2022-12-07 09:00:00,9.2,44.6,78.0,40.1,45.0,40.7,142.0
2022-12-07 10:00:00,10.1,44.1,74.7,39.3,44.0,39.9,128.0
2022-12-07 11:00:00,10.6,43.9,73.7,38.9,43.6,39.6,101.0
2022-12-07 12:00:00,11.6,43.3,63.7,51.3,31.2,31.4,0.0
2022-12-07 13:00:00,12.2,43.0,60.3,44.6,31.5,30.8,0.0
2022-12-07 14:00:00,12.3,42.8,56.9,40.6,29.1,28.2,0.0
2022-12-07 15:00:00,11.9,43.1,68.3,33.3,42.3,26.4,0.0
2022-12-07 16:00:00,12.2,42.3,72.3,37.7,41.9,38.4,185.0
2022-12-07 17:00:00,12.0,42.6,73.0,38.3,43.1,39.1,121.0
2022-12-07 18:00:00,11.6,42.7,73.1,38.1,42.6,38.9,116.0
2022-12-07 19:00:00,9.2,44.7,73.8,39.1,44.1,39.6,127.0
2022-12-07 20:00:00,8.7,45.1,76.9,40.4,45.7,41.0,144.0
2022-12-07 21:00:00,8.4,44.3,75.9,40.4,45.0,41.1,137.0
2022-12-07 22:00:00,9.1,43.8,76.9,38.9,38.9,39.1,102.0
2022-12-07 23:00:00,9.3,43.6,71.3,37.2,33.1,33.2,0.0
2022-12-08 00:00:00,8.1,44.5,65.7,35.3,30.4,29.2,0.0
2022-12-08 01:00:00,8.1,44.5,60.6,33.7,27.3,26.8,0.0
2022-12-08 02:00:00,8.6,44.2,56.5,32.3,26.5,25.9,0.0
2022-12-08 03:00:00,9.1,43.8,52.8,31.0,25.8,25.4,0.0
2022-12-08 04:00:00,9.0,43.8,49.6,29.9,25.4,24.9,0.0
2022-12-08 05:00:00,8.9,43.9,46.7,28.9,25.0,24.7,0.0
2022-12-08 06:00:00,8.7,44.0,78.7,29.8,40.4,27.6,53.0
2022-12-08 07:00:00,8.5,44.2,80.2,39.5,44.6,40.1,211.0
2022-12-08 08:00:00,8.2,44.5,78.9,39.2,44.1,40.0,134.0
2022-12-08 09:00:00,8.3,44.3,78.7,39.3,44.4,40.1,131.0
2022-12-08 10:00:00,9.1,43.8,78.0,39.5,44.4,40.1,136.0
2022-12-08 11:00:00,9.9,43.2,75.3,38.8,43.3,39.6,122.0
2022-12-08 12:00:00,10.8,42.4,73.0,38.1,42.4,38.8,113.0
2022-12-08 13:00:00,11.4,41.9,72.0,37.6,41.8,38.3,108.0
2022-12-08 14:00:00,11.7,41.7,71.1,37.4,41.5,38.1,106.0
2022-12-08 15:00:00,11.5,41.9,72.7,37.4,41.7,38.1,108.0
2022-12-08 16:00:00,11.2,42.2,74.0,37.7,42.2,38.6,111.0
2022-12-08 17:00:00,10.8,42.4,74.9,38.2,42.5,38.9,115.0
2022-12-08 18:00:00,10.7,42.4,74.9,38.3,42.8,39.0,114.0
2022-12-08 19:00:00,10.9,42.4,76.6,38.5,42.8,39.3,116.0
2022-12-08 20:00:00,10.9,42.4,74.6,37.8,42.1,38.5,105.0
2022-12-08 21:00:00,10.3,42.8,74.2,37.7,42.1,38.5,107.0
2022-12-08 22:00:00,10.1,43.0,76.5,38.4,39.6,39.2,118.0
2022-12-08 23:00:00,10.2,42.9,59.8,36.0,33.3,32.2,0.0
2022-12-09 00:00:00,10.3,42.8,56.0,33.9,31.4,30.4,0.0
2022-12-09 01:00:00,10.3,42.8,53.2,32.0,28.3,27.0,0.0
2022-12-09 02:00:00,10.3,42.9,52.2,30.4,26.9,25.8,0.0
2022-12-09 03:00:00,10.6,42.6,49.2,29.5,25.7,25.2,0.0
2022-12-09 04:00:00,10.5,42.7,46.4,28.7,25.3,24.8,0.0
2022-12-09 05:00:00,10.3,42.8,43.9,28.0,24.9,24.6,0.0
2022-12-09 06:00:00,9.8,43.2,41.1,24.4,30.0,25.5,0.0
2022-12-09 07:00:00,9.1,43.8,78.5,39.1,43.8,39.8,225.0
2022-12-09 08:00:00,10.1,42.9,76.7,38.2,42.8,38.9,119.0
2022-12-09 09:00:00,10.6,42.6,74.6,37.6,42.1,38.4,114.0
2022-12-09 10:00:00,11.3,42.1,73.8,37.5,41.9,38.3,113.0
2022-12-09 11:00:00,12.0,41.5,71.0,37.2,41.2,38.0,106.0
2022-12-09 12:00:00,12.4,41.2,71.3,37.1,41.2,37.9,105.0
2022-12-09 13:00:00,12.5,41.1,68.3,36.3,32.1,32.4,34.0
2022-12-09 14:00:00,12.6,41.0,63.3,34.8,31.7,31.2,0.0
2022-12-09 15:00:00,12.7,41.0,58.8,33.4,28.6,27.8,0.0
2022-12-09 16:00:00,13.0,41.6,69.8,38.3,43.0,38.9,176.0
2022-12-09 17:00:00,12.6,41.9,72.2,37.4,41.7,38.3,106.0
2022-12-09 18:00:00,12.8,41.8,73.3,37.4,41.7,38.3,108.0
2022-12-09 19:00:00,13.0,41.6,73.0,37.6,42.0,38.4,110.0
2022-12-09 20:00:00,12.4,42.1,70.0,37.3,41.4,38.1,105.0
2022-12-09 21:00:00,12.4,42.1,70.5,37.7,42.1,38.5,111.0
2022-12-09 22:00:00,12.6,41.9,68.4,37.6,37.3,37.3,89.0
2022-12-09 23:00:00,12.5,42.0,64.4,36.2,32.8,32.7,0.0
2022-12-10 00:00:00,12.0,42.3,60.0,34.6,30.8,29.8,0.0
2022-12-10 01:00:00,12.6,41.9,56.0,33.3,27.4,26.6,0.0
2022-12-10 02:00:00,12.1,42.2,52.5,32.0,26.5,26.1,0.0
2022-12-10 03:00:00,12.8,41.8,49.5,30.9,26.3,25.8,0.0
2022-12-10 04:00:00,13.2,41.5,46.9,30.0,26.0,25.5,0.0
2022-12-10 05:00:00,12.6,41.9,44.6,29.2,25.6,25.1,0.0
2022-12-10 06:00:00,12.5,44.2,73.4,32.2,41.6,30.9,79.0
2022-12-10 07:00:00,12.6,44.2,73.7,40.0,44.7,40.5,190.0
2022-12-10 08:00:00,12.6,44.2,72.5,39.5,44.2,40.1,130.0
2022-12-10 09:00:00,13.0,41.7,72.0,39.0,42.1,39.7,119.0
2022-12-10 10:00:00,13.7,41.2,59.7,36.5,33.2,33.4,39.0
2022-12-10 11:00:00,14.2,41.0,56.9,34.9,31.6,31.2,0.0
2022-12-10 12:00:00,14.4,41.0,54.0,33.4,29.1,28.3,0.0
2022-12-10 13:00:00,14.8,41.0,51.3,32.2,27.2,26.6,0.0
2022-12-10 14:00:00,14.8,41.0,49.4,31.1,26.5,25.8,0.0
2022-12-10 15:00:00,14.1,41.0,47.0,30.2,25.9,25.4,0.0
2022-12-10 16:00:00,13.6,41.3,55.4,31.1,36.7,25.9,0.0
2022-12-10 17:00:00,13.8,41.0,71.2,37.3,41.1,38.1,192.0
2022-12-10 18:00:00,13.3,41.5,68.5,36.6,41.2,37.5,98.0
2022-12-10 19:00:00,13.0,41.7,69.8,38.0,42.5,38.6,118.0
2022-12-10 20:00:00,13.3,41.5,69.5,37.8,42.0,38.6,107.0
2022-12-10 21:00:00,13.3,43.3,70.7,39.0,43.8,39.6,123.0
2022-12-10 22:00:00,13.5,43.2,68.9,38.9,38.9,39.0,102.0
2022-12-10 23:00:00,13.2,43.4,64.7,37.2,33.6,33.4,0.0
2022-12-11 00:00:00,13.2,43.4,60.2,35.4,31.3,30.4,0.0
2022-12-11 01:00:00,13.4,43.3,56.3,33.9,28.0,27.2,0.0
2022-12-11 02:00:00,13.3,43.3,52.7,32.6,26.9,26.3,0.0
2022-12-11 03:00:00,13.6,43.1,49.7,31.6,26.3,26.0,0.0
2022-12-11 04:00:00,13.7,43.1,47.1,30.6,26.1,25.6,0.0
2022-12-11 05:00:00,13.9,43.0,44.8,29.7,25.7,25.3,0.0
2022-12-11 06:00:00,7.8,46.3,61.1,24.8,32.3,25.4,0.0
2022-12-11 07:00:00,6.0,45.3,80.5,40.5,45.5,41.2,224.0
2022-12-11 08:00:00,5.7,45.5,79.3,39.9,44.9,40.6,134.0
2022-12-11 09:00:00,5.2,45.8,81.4,40.3,45.6,40.9,139.0
2022-12-11 10:00:00,5.3,45.8,82.4,40.9,46.5,41.5,147.0
2022-12-11 11:00:00,4.8,46.0,80.9,41.0,46.2,41.7,146.0
2022-12-11 12:00:00,4.3,44.4,83.4,39.0,43.9,39.8,117.0
2022-12-11 13:00:00,4.1,44.4,81.9,39.3,44.3,40.0,127.0
2022-12-11 14:00:00,5.4,43.8,83.8,39.7,44.3,40.4,131.0
2022-12-11 15:00:00,6.0,43.5,84.5,39.0,43.6,39.7,120.0
2022-12-11 16:00:00,6.1,43.5,83.6,38.8,43.6,39.5,121.0
2022-12-11 17:00:00,6.2,43.4,84.9,38.7,43.2,39.6,121.0
2022-12-11 18:00:00,6.0,43.5,83.8,38.7,44.5,39.5,119.0
2022-12-11 19:00:00,6.2,43.4,83.6,39.0,44.0,39.9,126.0
2022-12-11 20:00:00,5.4,43.8,83.4,39.0,43.8,39.8,126.0
2022-12-11 21:00:00,5.7,43.6,82.6,39.1,43.8,39.8,124.0
2022-12-11 22:00:00,5.3,43.8,80.9,38.6,36.2,36.4,78.0
2022-12-11 23:00:00,6.4,43.3,74.7,36.7,33.3,32.8,0.0
2022-12-12 00:00:00,6.4,43.3,68.5,34.7,29.8,28.4,0.0
2022-12-12 01:00:00,5.9,43.6,63.1,33.1,27.5,26.4,0.0
2022-12-12 02:00:00,4.8,44.1,61.4,31.5,30.3,25.6,0.0
2022-12-12 03:00:00,5.0,44.0,61.7,25.7,34.2,24.7,0.0
2022-12-12 04:00:00,5.1,43.9,63.4,23.5,43.6,25.2,0.0
2022-12-12 05:00:00,5.8,43.6,68.8,25.9,43.9,28.5,0.0
2022-12-12 06:00:00,5.8,43.6,84.4,37.3,45.8,37.5,157.0
2022-12-12 07:00:00,5.8,43.6,76.1,38.1,43.8,38.7,130.0
2022-12-12 08:00:00,4.1,44.5,83.3,39.6,44.8,40.3,148.0
2022-12-12 09:00:00,4.3,44.4,83.5,39.3,44.5,40.0,135.0
2022-12-12 10:00:00,3.8,44.7,82.8,39.2,44.2,39.9,134.0
2022-12-12 11:00:00,3.7,44.7,83.4,39.7,45.0,40.4,142.0
2022-12-12 12:00:00,3.5,44.9,84.5,40.1,45.5,40.8,145.0
2022-12-12 13:00:00,3.5,44.9,84.9,39.9,45.1,40.6,141.0
2022-12-12 14:00:00,3.7,44.7,84.8,39.8,45.1,40.5,137.0
2022-12-12 15:00:00,2.7,45.3,85.3,39.9,45.2,40.7,142.0
2022-12-12 16:00:00,3.1,45.1,86.3,39.8,45.3,40.6,139.0
2022-12-12 17:00:00,3.2,45.0,85.8,39.8,45.0,40.6,141.0
2022-12-12 18:00:00,3.5,44.9,85.9,39.8,45.0,40.5,140.0
2022-12-12 19:00:00,2.1,45.1,86.2,39.7,45.0,40.5,140.0
2022-12-12 20:00:00,2.0,43.7,85.1,38.2,43.3,39.0,119.0
2022-12-12 21:00:00,2.5,43.5,85.7,38.7,43.8,39.4,133.0
2022-12-12 22:00:00,2.4,43.5,85.6,38.8,43.8,39.6,132.0
2022-12-12 23:00:00,1.7,43.9,80.0,37.4,32.9,32.9,0.0
2022-12-13 00:00:00,1.4,44.1,73.1,35.2,31.8,30.7,0.0
2022-12-13 01:00:00,1.1,44.3,66.8,33.4,27.9,26.1,0.0
2022-12-13 02:00:00,1.9,43.8,66.5,30.3,32.9,24.7,0.0
2022-12-13 03:00:00,1.7,43.9,66.7,22.8,44.1,24.0,0.0
2022-12-13 04:00:00,0.0,45.0,70.7,24.5,45.9,26.3,0.0
2022-12-13 05:00:00,0.0,45.0,73.4,25.8,26.5,25.0,0.0
2022-12-13 06:00:00,-0.6,48.2,75.1,34.5,42.9,32.8,107.0
2022-12-13 07:00:00,0.0,48.0,82.2,42.6,49.0,42.9,235.0
2022-12-13 08:00:00,0.6,47.7,88.6,42.0,48.0,42.5,175.0
2022-12-13 09:00:00,0.7,47.6,86.5,41.2,46.8,41.7,161.0
2022-12-13 10:00:00,2.2,47.1,86.6,41.4,47.4,41.9,165.0
2022-12-13 11:00:00,2.7,46.8,85.4,41.4,46.7,42.0,165.0
2022-12-13 12:00:00,2.9,46.8,85.5,41.1,46.8,41.6,155.0
2022-12-13 13:00:00,3.4,44.9,84.2,39.9,44.4,40.5,142.0
2022-12-13 14:00:00,3.7,44.7,83.9,39.6,45.2,40.3,136.0
2022-12-13 15:00:00,3.7,44.8,83.9,39.7,44.9,40.4,143.0
2022-12-13 16:00:00,2.8,45.3,84.1,39.5,44.7,40.2,140.0
2022-12-13 17:00:00,3.4,44.9,85.2,39.5,44.9,40.3,141.0
2022-12-13 18:00:00,3.7,44.7,85.0,39.6,45.0,40.3,142.0
2022-12-13 19:00:00,3.4,43.2,84.8,39.7,45.0,40.4,141.0
2022-12-13 20:00:00,3.9,42.8,83.8,38.1,42.5,38.9,118.0
2022-12-13 21:00:00,3.6,45.7,83.9,37.8,42.8,38.7,121.0
2022-12-13 22:00:00,3.6,45.6,83.8,40.6,41.2,41.3,162.0
2022-12-13 23:00:00,3.5,45.7,72.4,38.5,33.7,33.4,0.0
2022-12-14 00:00:00,2.8,46.1,67.1,36.0,30.5,29.0,0.0
2022-12-14 01:00:00,3.3,45.8,62.2,33.9,26.8,25.9,0.0
2022-12-14 02:00:00,2.7,46.1,57.9,32.1,25.6,25.0,0.0
2022-12-14 03:00:00,2.7,46.1,54.1,30.5,25.0,24.3,0.0
2022-12-14 04:00:00,3.1,45.9,50.6,29.2,24.2,23.7,0.0
2022-12-14 05:00:00,2.8,46.1,31.6,32.8,30.6,22.9,0.0
2022-12-14 06:00:00,3.4,45.8,69.7,34.6,42.8,33.6,123.0
2022-12-14 07:00:00,3.3,45.9,79.6,40.8,46.4,41.2,204.0
2022-12-14 08:00:00,3.2,45.8,84.4,40.5,45.8,41.1,161.0
2022-12-14 09:00:00,3.5,45.7,83.8,39.9,45.3,40.5,151.0
2022-12-14 10:00:00,3.7,45.6,83.5,39.6,45.1,40.3,149.0
2022-12-14 11:00:00,4.0,45.5,82.4,39.6,45.1,40.2,147.0
2022-12-14 12:00:00,4.5,45.2,82.3,39.7,45.2,40.4,148.0
2022-12-14 13:00:00,4.6,45.2,80.4,39.5,44.8,40.1,143.0
2022-12-14 14:00:00,4.7,45.1,80.5,39.3,44.7,40.0,140.0
2022-12-14 15:00:00,5.0,45.0,80.6,39.7,45.1,40.3,146.0
2022-12-14 16:00:00,4.5,45.2,82.4,39.9,45.6,40.4,149.0
2022-12-14 17:00:00,4.4,45.3,82.6,40.4,46.0,40.9,154.0
2022-12-14 18:00:00,4.3,45.3,82.8,40.1,45.3,40.6,110.0
2022-12-14 19:00:00,4.33,45.29,82.86,40.08,45.3,40.59,77.36
2022-12-14 20:00:00,4.36,45.27,82.93,40.06,45.3,40.57,77.36
2022-12-14 21:00:00,4.39,45.26,82.99,40.04,45.3,40.56,77.36
2022-12-14 22:00:00,4.41,45.24,83.06,40.01,45.3,40.54,77.36
2022-12-14 23:00:00,4.44,45.23,83.12,39.99,45.3,40.53,77.36
2022-12-15 00:00:00,4.47,45.21,83.19,39.97,45.3,40.51,77.36
2022-12-15 01:00:00,4.5,45.2,83.25,39.95,45.3,40.5,77.36
2022-12-15 02:00:00,4.53,45.19,83.31,39.93,45.3,40.49,77.36
2022-12-15 03:00:00,4.56,45.17,83.38,39.91,45.3,40.47,77.36
2022-12-15 04:00:00,4.59,45.16,83.44,39.89,45.3,40.46,77.36
2022-12-15 05:00:00,4.61,45.14,83.51,39.86,45.3,40.44,77.36
2022-12-15 06:00:00,4.64,45.13,83.57,39.84,45.3,40.43,77.36
2022-12-15 07:00:00,4.67,45.11,83.64,39.82,45.3,40.41,77.36
2022-12-15 08:00:00,4.7,45.1,83.7,39.8,45.3,40.4,77.36
2022-12-15 09:00:00,5.5,44.7,81.6,39.3,44.7,40.0,152.0
2022-12-15 10:00:00,6.1,44.3,80.1,39.0,44.2,39.6,140.0
2022-12-15 11:00:00,6.6,44.1,79.0,38.8,43.8,39.4,135.0
2022-12-15 12:00:00,6.8,44.0,78.8,38.8,43.8,39.6,136.0
2022-12-15 13:00:00,7.2,43.7,78.1,38.7,43.8,39.4,132.0
2022-12-15 14:00:00,7.8,43.3,78.0,38.7,43.6,39.4,130.0
2022-12-15 15:00:00,8.1,43.2,78.1,38.7,43.6,39.4,128.0
2022-12-15 16:00:00,7.7,43.5,78.0,38.7,43.6,39.5,132.0
2022-12-15 17:00:00,6.9,43.9,79.3,38.9,44.0,39.5,133.0
2022-12-15 18:00:00,6.5,44.1,79.9,39.2,44.3,39.9,141.0
2022-12-15 19:00:00,6.9,43.9,77.8,38.9,43.8,39.6,132.0
2022-12-15 20:00:00,6.7,44.0,75.2,38.8,43.5,39.4,130.0
2022-12-15 21:00:00,7.0,43.8,76.2,38.6,43.5,39.3,41.0
2022-12-15 22:00:00,7.8,43.4,73.4,38.3,39.1,38.9,206.0
2022-12-15 23:00:00,7.7,43.5,68.8,36.7,32.7,32.5,0.0
2022-12-16 00:00:00,7.7,43.5,63.7,34.9,30.2,28.9,0.0
2022-12-16 01:00:00,8.3,43.1,59.0,33.3,26.4,25.6,0.0
2022-12-16 02:00:00,8.6,43.0,55.1,31.9,25.6,24.8,0.0
2022-12-16 03:00:00,8.4,43.1,51.6,30.7,25.2,24.4,0.0
2022-12-16 04:00:00,8.8,42.8,48.7,29.6,24.7,24.1,0.0
2022-12-16 05:00:00,8.7,42.9,46.1,28.7,24.4,23.6,0.0
2022-12-16 06:00:00,9.1,42.6,66.6,30.4,38.5,29.3,75.0
2022-12-16 07:00:00,9.1,42.7,73.6,38.2,42.9,38.9,187.0
2022-12-16 08:00:00,9.2,42.6,74.1,38.0,42.9,38.7,130.0
2022-12-16 09:00:00,10.1,42.1,71.3,38.1,42.6,38.7,129.0
2022-12-16 10:00:00,10.4,42.0,69.9,37.6,42.0,38.2,119.0
2022-12-16 11:00:00,10.9,41.7,67.8,36.9,41.2,37.6,115.0
2022-12-16 12:00:00,11.9,41.1,64.3,35.8,31.7,31.8,0.0
2022-12-16 13:00:00,13.2,40.4,60.0,34.2,30.4,29.7,0.0
2022-12-16 14:00:00,13.4,40.3,56.0,32.8,27.1,26.2,0.0
2022-12-16 15:00:00,13.8,40.1,52.4,31.6,25.5,24.9,0.0
2022-12-16 16:00:00,13.4,40.3,49.4,30.5,25.0,24.4,0.0
2022-12-16 17:00:00,13.4,41.2,58.4,31.1,36.9,25.4,0.0
2022-12-16 18:00:00,12.9,41.4,66.0,37.1,42.6,37.2,188.0
2022-12-16 19:00:00,12.7,41.5,67.6,37.0,41.2,37.7,118.0
2022-12-16 20:00:00,12.4,41.7,65.8,36.8,41.1,37.4,109.0
2022-12-16 21:00:00,12.7,41.5,65.6,37.4,41.7,38.0,116.0
2022-12-16 22:00:00,12.3,41.7,65.2,37.4,37.9,38.0,109.0
2022-12-16 23:00:00,12.0,41.8,61.4,35.9,32.3,32.2,0.0
2022-12-17 00:00:00,11.8,41.9,57.3,34.2,30.3,29.3,0.0
2022-12-17 01:00:00,11.2,42.2,53.5,32.7,26.8,25.9,0.0
2022-12-17 02:00:00,11.0,42.2,50.2,31.4,25.5,24.9,0.0
2022-12-17 03:00:00,10.9,42.3,47.3,30.3,25.1,24.6,0.0
2022-12-17 04:00:00,11.5,42.1,44.8,29.2,24.6,24.3,0.0
2022-12-17 05:00:00,11.9,41.9,42.6,28.4,24.4,24.1,0.0
2022-12-17 06:00:00,11.4,42.1,71.8,34.0,42.0,32.1,105.0
2022-12-17 07:00:00,11.4,42.1,70.3,37.8,42.2,38.5,156.0
2022-12-17 08:00:00,11.1,42.2,70.3,37.5,42.1,38.2,118.0
2022-12-17 09:00:00,11.7,42.0,68.5,37.6,42.0,38.3,119.0
2022-12-17 10:00:00,11.8,41.9,68.4,37.3,41.8,38.0,112.0
2022-12-17 11:00:00,10.5,42.5,67.5,37.3,41.7,37.9,112.0
2022-12-17 12:00:00,10.3,42.6,68.5,38.2,42.7,38.8,124.0
2022-12-17 13:00:00,9.2,43.1,70.3,38.6,43.5,39.2,126.0
2022-12-17 14:00:00,7.9,43.7,72.5,39.2,44.2,39.6,132.0
2022-12-17 15:00:00,7.3,43.9,77.9,39.2,43.9,40.0,133.0
2022-12-17 16:00:00,6.7,44.2,77.1,38.8,43.5,39.5,124.0
2022-12-17 17:00:00,6.6,44.2,78.6,38.9,43.7,39.5,129.0
2022-12-17 18:00:00,6.5,44.3,78.8,39.3,44.4,40.0,135.0
2022-12-17 19:00:00,5.0,45.0,80.0,39.6,44.8,40.2,136.0
2022-12-17 20:00:00,5.4,44.8,79.5,39.7,44.9,40.3,137.0
2022-12-17 21:00:00,5.6,44.7,80.2,39.7,44.8,40.4,136.0
2022-12-17 22:00:00,5.5,44.7,64.8,39.2,35.3,35.5,74.0
2022-12-17 23:00:00,5.1,44.9,64.0,36.7,32.3,31.8,0.0
2022-12-18 00:00:00,5.7,44.7,59.5,34.4,28.4,27.2,0.0
2022-12-18 01:00:00,5.2,44.9,55.8,32.5,26.6,25.9,0.0
2022-12-18 02:00:00,5.1,44.9,52.4,30.9,25.8,25.3,0.0
2022-12-18 03:00:00,5.0,45.0,49.4,29.6,24.9,24.4,0.0
2022-12-18 04:00:00,4.8,45.1,46.6,28.5,24.4,24.0,0.0
2022-12-18 05:00:00,5.1,44.9,44.0,27.6,24.1,23.7,0.0
2022-12-18 06:00:00,4.7,45.1,62.7,27.0,34.4,26.0,48.0
2022-12-18 07:00:00,4.4,45.3,83.3,40.0,45.3,40.6,238.0
2022-12-18 08:00:00,3.7,45.6,82.4,39.5,45.1,40.1,144.0
2022-12-18 09:00:00,4.2,45.4,82.0,39.7,45.2,40.4,148.0
2022-12-18 10:00:00,4.7,45.1,83.2,39.8,45.3,40.5,147.0
2022-12-18 11:00:00,4.3,45.4,80.8,39.8,45.0,40.4,147.0
2022-12-18 12:00:00,4.6,45.2,81.4,39.7,45.1,40.3,142.0
2022-12-18 13:00:00,5.0,44.9,81.1,39.9,45.1,40.5,145.0
2022-12-18 14:00:00,4.9,45.0,81.9,40.0,45.3,40.8,144.0
2022-12-18 15:00:00,4.6,45.2,83.3,40.3,45.6,40.9,145.0
2022-12-18 16:00:00,5.1,44.9,83.2,40.0,45.4,40.6,143.0
2022-12-18 17:00:00,4.5,45.2,83.5,40.0,45.2,40.6,142.0
2022-12-18 18:00:00,4.3,45.3,85.4,40.1,45.8,40.7,143.0
2022-12-18 19:00:00,3.7,45.6,85.2,40.4,45.7,41.1,148.0
2022-12-18 20:00:00,4.0,45.5,85.5,40.1,45.5,40.8,143.0
2022-12-18 21:00:00,3.7,45.6,85.6,40.1,45.6,40.7,145.0
2022-12-18 22:00:00,4.0,45.4,85.1,40.1,41.2,40.7,144.0
2022-12-18 23:00:00,2.9,46.0,78.2,38.1,33.3,33.3,0.0
2022-12-19 00:00:00,2.6,46.2,71.4,35.8,30.7,29.5,0.0
2022-12-19 01:00:00,3.0,46.0,65.4,33.7,26.5,25.8,0.0
2022-12-19 02:00:00,3.2,45.9,60.3,32.1,25.6,25.0,0.0
2022-12-19 03:00:00,3.0,46.0,55.9,30.6,25.0,24.4,0.0
2022-12-19 04:00:00,2.5,46.2,52.0,29.3,24.3,23.8,0.0
2022-12-19 05:00:00,2.8,46.0,58.5,37.3,29.2,24.4,0.0
2022-12-19 06:00:00,3.1,46.7,71.2,35.2,43.5,33.8,128.0
2022-12-19 07:00:00,2.7,46.9,80.0,41.5,47.1,41.8,216.0
2022-12-19 08:00:00,2.8,46.8,86.9,40.9,46.8,41.4,167.0
2022-12-19 09:00:00,3.1,46.7,85.6,40.4,46.1,40.9,159.0
2022-12-19 10:00:00,3.7,46.5,85.1,40.6,46.5,41.2,162.0
2022-12-19 11:00:00,3.9,46.4,85.4,40.7,46.5,41.2,163.0
2022-12-19 12:00:00,4.8,46.0,84.5,40.7,46.6,41.3,161.0
2022-12-19 13:00:00,4.4,46.2,83.8,40.7,46.3,41.2,155.0
2022-12-19 14:00:00,3.5,44.9,83.4,38.8,43.7,39.5,138.0
2022-12-19 15:00:00,4.8,44.1,83.6,39.3,44.8,40.0,143.0
2022-12-19 16:00:00,5.0,43.9,84.3,38.9,44.1,39.6,138.0
2022-12-19 17:00:00,3.5,44.9,85.4,39.2,44.9,39.9,143.0
2022-12-19 18:00:00,2.3,45.6,86.5,39.9,45.6,40.6,153.0
2022-12-19 19:00:00,2.5,45.5,90.4,40.1,46.2,40.6,153.0
2022-12-19 20:00:00,2.2,45.6,86.6,40.1,45.7,40.7,152.0
2022-12-19 21:00:00,1.3,46.8,86.5,40.4,46.3,41.0,155.0
2022-12-19 22:00:00,1.5,46.7,87.1,40.9,41.3,41.4,155.0
2022-12-19 23:00:00,1.6,46.7,80.2,38.6,33.4,33.5,0.0
2022-12-20 00:00:00,1.3,46.8,72.9,36.1,30.3,29.2,0.0
2022-12-20 01:00:00,0.6,47.2,66.6,33.9,26.5,25.7,0.0
2022-12-20 02:00:00,0.8,47.1,61.2,32.1,25.4,24.7,0.0
2022-12-20 03:00:00,-0.5,47.7,56.6,30.5,24.7,24.1,0.0
2022-12-20 04:00:00,0.1,47.4,52.5,29.0,24.0,23.5,0.0
2022-12-20 05:00:00,0.0,47.5,31.2,31.9,30.6,22.6,0.0
2022-12-20 06:00:00,-0.6,46.7,66.5,31.9,39.8,31.8,112.0
2022-12-20 07:00:00,-0.9,46.8,77.8,41.4,47.2,41.5,227.0
2022-12-20 08:00:00,-0.7,46.7,91.2,40.9,47.2,41.5,179.0
2022-12-20 09:00:00,0.0,46.5,88.8,40.6,46.6,41.1,170.0
2022-12-20 10:00:00,0.6,46.2,88.9,40.1,46.1,40.7,164.0
2022-12-20 11:00:00,1.6,46.0,85.9,39.7,45.3,40.4,156.0
2022-12-20 12:00:00,3.2,45.5,85.4,39.6,45.3,40.3,154.0
2022-12-20 13:00:00,4.5,45.1,83.6,39.6,45.0,40.2,149.0
2022-12-20 14:00:00,5.3,44.8,80.8,39.1,44.5,39.8,141.0
2022-12-20 15:00:00,5.3,44.7,80.0,39.1,44.3,39.7,138.0
2022-12-20 16:00:00,4.8,45.0,82.1,39.2,44.7,39.8,146.0
2022-12-20 17:00:00,3.9,45.3,84.3,40.0,45.6,40.5,155.0
2022-12-20 18:00:00,3.5,45.4,85.6,40.2,45.7,40.8,155.0
2022-12-20 19:00:00,3.4,45.4,86.3,40.1,45.7,40.7,153.0
2022-12-20 20:00:00,2.5,45.7,87.5,40.4,46.2,41.0,155.0
2022-12-20 21:00:00,3.0,45.6,86.6,39.9,45.3,40.6,148.0
2022-12-20 22:00:00,2.9,45.6,74.1,38.6,33.1,33.3,51.0
2022-12-20 23:00:00,3.2,45.5,68.5,35.9,31.6,30.6,0.0
2022-12-21 00:00:00,3.0,45.6,63.4,33.6,27.3,26.1,0.0
2022-12-21 01:00:00,2.8,45.6,59.0,31.6,25.6,24.8,0.0
2022-12-21 02:00:00,2.7,45.6,55.1,30.1,24.6,23.9,0.0
2022-12-21 03:00:00,3.0,45.6,51.6,28.8,23.9,23.3,0.0
2022-12-21 04:00:00,2.2,45.8,48.4,27.7,23.2,22.8,0.0
2022-12-21 05:00:00,2.2,45.8,45.4,26.7,22.8,22.4,0.0
2022-12-21 06:00:00,1.7,45.9,87.0,38.8,47.8,38.2,199.0
2022-12-21 07:00:00,1.6,46.0,73.3,39.6,45.3,39.8,167.0
2022-12-21 08:00:00,1.6,46.0,88.7,40.4,46.1,40.9,178.0
2022-12-21 09:00:00,2.4,45.7,85.7,39.7,45.2,40.3,153.0
2022-12-21 10:00:00,3.6,45.4,85.4,39.5,45.0,40.2,155.0
2022-12-21 11:00:00,4.3,45.2,82.8,39.3,44.6,39.9,148.0
2022-12-21 12:00:00,5.2,43.9,80.7,39.1,44.2,39.9,143.0
2022-12-21 13:00:00,6.0,43.5,78.8,38.6,43.6,39.2,135.0
2022-12-21 14:00:00,7.4,42.8,78.4,38.4,43.5,39.1,132.0
2022-12-21 15:00:00,7.6,42.8,75.3,37.7,34.0,34.3,71.0
2022-12-21 16:00:00,6.8,46.8,78.1,37.0,46.4,35.4,99.0
2022-12-21 17:00:00,5.7,47.5,82.7,42.3,48.1,42.6,207.0
2022-12-21 18:00:00,4.0,46.2,83.5,40.0,45.5,40.6,145.0
2022-12-21 19:00:00,5.0,45.8,84.6,40.3,46.1,40.9,156.0
2022-12-21 20:00:00,4.8,45.9,82.9,40.5,46.0,41.0,157.0
2022-12-21 21:00:00,3.4,46.5,84.0,40.6,46.3,41.1,156.0
2022-12-21 22:00:00,4.4,46.1,83.3,40.8,42.2,41.3,156.0
2022-12-21 23:00:00,2.6,46.8,76.7,38.6,33.3,33.4,0.0
2022-12-22 00:00:00,3.6,46.4,70.2,36.1,29.5,28.2,0.0
2022-12-22 01:00:00,3.0,46.7,64.2,34.0,26.7,25.8,0.0
2022-12-22 02:00:00,2.3,47.0,59.4,32.3,25.8,24.4,0.0
2022-12-22 03:00:00,1.5,47.3,56.8,30.5,26.5,23.3,0.0
2022-12-22 04:00:00,2.0,47.1,59.2,24.5,34.6,22.3,0.0
2022-12-22 05:00:00,1.8,47.2,62.3,25.8,30.6,24.3,0.0
2022-12-22 06:00:00,2.1,47.8,69.7,34.4,41.4,32.5,117.0
2022-12-22 07:00:00,2.1,47.8,78.6,42.2,48.2,42.2,239.0
2022-12-22 08:00:00,1.6,48.0,85.8,41.8,47.9,42.2,186.0
2022-12-22 09:00:00,2.6,47.7,84.6,41.1,47.0,41.5,170.0
2022-12-22 10:00:00,3.5,45.4,85.4,40.2,45.3,40.8,160.0
2022-12-22 11:00:00,3.9,45.3,83.6,39.5,45.0,40.1,145.0
2022-12-22 12:00:00,4.9,45.0,82.8,39.6,45.0,40.2,149.0
2022-12-22 13:00:00,5.3,44.9,80.4,39.3,44.4,40.0,143.0
2022-12-22 14:00:00,6.3,44.5,79.1,38.9,43.9,39.5,138.0
2022-12-22 15:00:00,6.6,44.4,78.8,39.0,44.2,39.6,139.0
2022-12-22 16:00:00,6.2,44.6,79.9,39.0,44.3,39.6,141.0
2022-12-22 17:00:00,4.7,45.0,82.7,39.4,45.0,40.0,149.0
2022-12-22 18:00:00,3.9,45.3,83.6,40.1,45.8,40.6,154.0
2022-12-22 19:00:00,4.8,45.0,83.4,40.2,45.5,40.7,154.0
2022-12-22 20:00:00,4.6,45.1,82.4,39.8,45.2,40.5,146.0
2022-12-22 21:00:00,4.7,45.0,82.2,39.6,44.9,40.1,143.0
2022-12-22 22:00:00,4.9,45.0,81.6,39.4,40.2,40.1,140.0
2022-12-22 23:00:00,5.1,44.9,73.1,37.6,32.8,32.8,0.0
2022-12-23 00:00:00,5.1,44.9,67.8,35.5,29.6,28.8,0.0
2022-12-23 01:00:00,5.2,44.9,62.7,33.6,26.4,25.6,0.0
2022-12-23 02:00:00,5.2,44.9,58.2,32.0,25.1,24.4,0.0
2022-12-23 03:00:00,5.4,44.8,54.2,30.6,24.4,23.7,0.0
2022-12-23 04:00:00,5.7,44.8,50.8,29.3,23.8,23.1,0.0
2022-12-23 05:00:00,5.3,44.9,47.7,28.3,23.1,22.6,0.0
2022-12-23 06:00:00,5.6,44.8,55.7,31.9,37.0,31.0,101.0
2022-12-23 07:00:00,5.9,45.1,69.0,39.5,44.0,39.8,204.0
2022-12-23 08:00:00,6.0,45.1,81.0,40.0,45.6,40.6,167.0
2022-12-23 09:00:00,6.3,44.9,79.9,40.0,45.4,40.5,159.0
2022-12-23 10:00:00,6.6,44.8,78.8,39.3,44.5,39.8,143.0
2022-12-23 11:00:00,7.0,44.7,78.6,39.0,44.3,39.6,142.0
2022-12-23 12:00:00,7.7,44.4,77.7,39.0,44.3,39.6,142.0
2022-12-23 13:00:00,8.0,43.3,72.7,38.2,42.7,38.8,129.0
2022-12-23 14:00:00,8.7,43.1,71.0,37.8,42.4,38.5,125.0
2022-12-23 15:00:00,8.8,43.1,72.9,38.3,43.2,38.9,130.0
2022-12-23 16:00:00,8.3,43.2,73.3,38.5,43.4,39.2,134.0
2022-12-23 17:00:00,6.9,43.5,76.7,39.0,44.2,39.6,139.0
2022-12-23 18:00:00,6.3,43.6,77.2,39.1,44.2,39.7,138.0
2022-12-23 19:00:00,6.8,43.6,78.6,39.1,43.9,39.8,137.0
2022-12-23 20:00:00,6.4,43.6,77.9,38.5,43.2,39.1,127.0
2022-12-23 21:00:00,5.5,43.8,79.6,38.3,43.3,38.9,131.0
2022-12-23 22:00:00,5.1,43.9,75.4,37.5,32.4,32.7,47.0
2022-12-23 23:00:00,4.5,44.2,69.4,35.4,31.4,30.4,0.0
2022-12-24 00:00:00,4.2,44.3,63.8,33.5,27.3,26.4,0.0
2022-12-24 01:00:00,4.3,44.2,58.9,31.8,25.9,25.0,0.0
2022-12-24 02:00:00,3.4,44.6,54.8,30.4,25.4,24.1,0.0
2022-12-24 03:00:00,2.2,45.1,53.9,28.8,26.8,23.4,0.0
2022-12-24 04:00:00,2.5,45.0,55.7,22.5,37.7,22.5,0.0
2022-12-24 05:00:00,2.3,45.0,59.3,21.9,41.4,24.4,0.0
2022-12-24 06:00:00,2.9,44.8,86.0,35.2,46.1,33.0,134.0
2022-12-24 07:00:00,3.1,44.7,81.5,38.8,43.9,39.5,184.0
2022-12-24 08:00:00,4.1,44.3,81.9,38.7,44.3,39.4,145.0
2022-12-24 09:00:00,5.2,43.9,80.6,38.9,44.1,39.5,146.0
2022-12-24 10:00:00,6.2,43.7,76.8,38.5,43.4,39.1,138.0
2022-12-24 11:00:00,6.5,43.6,76.6,38.1,43.3,38.8,132.0
2022-12-24 12:00:00,7.4,43.4,74.5,38.2,43.1,39.0,134.0
2022-12-24 13:00:00,7.3,43.4,72.8,38.0,43.0,38.6,130.0
2022-12-24 14:00:00,7.7,44.1,73.7,38.6,43.7,39.1,138.0
2022-12-24 15:00:00,7.8,44.0,75.3,38.9,44.1,39.4,139.0
2022-12-24 16:00:00,7.8,44.0,73.0,38.7,43.5,39.4,134.0
2022-12-24 17:00:00,7.6,44.1,75.3,39.0,44.1,39.4,139.0
2022-12-24 18:00:00,7.8,44.1,76.0,39.2,44.4,39.7,140.0
2022-12-24 19:00:00,7.7,44.1,75.1,39.0,44.0,39.6,138.0
2022-12-24 20:00:00,7.5,44.1,74.8,39.1,44.0,39.7,137.0
2022-12-24 21:00:00,7.6,44.1,74.8,39.0,44.0,39.7,137.0
2022-12-24 22:00:00,7.5,44.1,75.1,39.0,41.9,39.6,135.0
2022-12-24 23:00:00,7.6,44.1,64.4,36.9,33.5,31.6,0.0
2022-12-25 00:00:00,8.0,44.0,59.6,34.3,30.1,29.3,0.0
2022-12-25 01:00:00,7.7,44.1,55.4,32.4,28.2,25.7,0.0
2022-12-25 02:00:00,7.7,44.1,52.3,30.9,25.3,24.7,0.0
2022-12-25 03:00:00,7.2,44.2,49.3,29.6,24.7,24.2,0.0
2022-12-25 04:00:00,7.1,44.3,46.5,28.5,24.1,23.8,0.0
2022-12-25 05:00:00,7.5,44.1,44.1,27.6,23.7,23.3,0.0
2022-12-25 06:00:00,7.5,44.1,63.7,25.0,29.9,24.4,36.0
2022-12-25 07:00:00,7.2,45.2,77.2,40.2,45.8,40.6,245.0
2022-12-25 08:00:00,7.1,45.3,75.3,40.0,45.2,40.4,154.0
2022-12-25 09:00:00,7.0,45.3,76.0,39.9,45.1,40.3,153.0
2022-12-25 10:00:00,7.3,45.2,74.7,39.6,44.8,40.1,148.0
2022-12-25 11:00:00,7.7,45.1,73.9,39.7,44.7,40.2,146.0
2022-12-25 12:00:00,7.4,45.2,73.7,39.4,44.6,39.8,143.0
2022-12-25 13:00:00,8.0,45.0,73.6,39.6,44.9,40.0,145.0
2022-12-25 14:00:00,7.9,45.0,73.6,40.0,45.2,40.4,150.0
2022-12-25 15:00:00,8.4,44.8,73.4,40.1,45.1,40.4,149.0
2022-12-25 16:00:00,8.2,44.9,75.0,39.9,45.1,40.4,144.0
2022-12-25 17:00:00,8.0,45.0,75.4,40.2,45.4,40.7,149.0
2022-12-25 18:00:00,8.0,45.0,74.8,40.2,45.2,40.6,145.0
2022-12-25 19:00:00,8.0,45.0,74.9,40.0,45.2,40.4,143.0
2022-12-25 20:00:00,7.9,45.0,74.9,40.0,45.2,40.5,143.0
2022-12-25 21:00:00,7.6,45.1,76.1,40.2,45.4,40.6,145.0
2022-12-25 22:00:00,7.2,45.2,75.7,40.0,39.1,39.3,118.0
2022-12-25 23:00:00,7.2,45.2,70.1,38.0,33.3,33.2,0.0
2022-12-26 00:00:00,6.0,45.6,64.6,35.8,29.6,28.7,0.0
2022-12-26 01:00:00,6.3,45.5,59.7,33.9,26.6,26.0,0.0
2022-12-26 02:00:00,6.2,45.6,55.4,32.3,25.8,25.2,0.0
2022-12-26 03:00:00,6.1,45.6,51.8,30.9,25.1,24.6,0.0
2022-12-26 04:00:00,5.0,46.0,48.6,29.6,24.7,24.0,0.0
2022-12-26 05:00:00,5.1,45.9,23.8,37.1,24.6,23.9,0.0
2022-12-26 06:00:00,4.4,46.1,70.3,30.8,38.8,28.7,58.0
2022-12-26 07:00:00,3.8,46.2,82.5,41.0,46.6,41.5,237.0
2022-12-26 08:00:00,4.3,46.1,81.3,40.7,46.4,41.1,163.0
2022-12-26 09:00:00,4.8,46.0,83.6,40.8,46.4,41.3,160.0
2022-12-26 10:00:00,4.7,46.0,83.6,40.4,46.1,41.0,155.0
2022-12-26 11:00:00,5.9,45.7,80.8,40.0,45.4,40.6,146.0
2022-12-26 12:00:00,6.4,45.5,79.9,39.8,45.1,40.4,147.0
2022-12-26 13:00:00,7.6,45.1,78.8,39.6,44.6,40.2,140.0
2022-12-26 14:00:00,8.3,44.9,77.6,39.4,44.4,40.0,135.0
2022-12-26 15:00:00,8.4,44.8,76.7,39.3,44.5,40.0,135.0
2022-12-26 16:00:00,8.5,44.8,76.5,39.4,44.4,40.0,136.0
2022-12-26 17:00:00,6.7,45.4,79.0,39.7,44.9,40.3,145.0
2022-12-26 18:00:00,7.1,45.3,79.7,40.1,45.5,40.7,146.0
2022-12-26 19:00:00,6.3,45.5,80.0,40.3,45.7,40.8,146.0
2022-12-26 20:00:00,5.4,45.9,80.2,40.2,45.4,40.8,146.0
2022-12-26 21:00:00,5.2,43.9,79.1,38.9,43.4,39.5,127.0
2022-12-26 22:00:00,5.0,44.0,80.8,38.4,38.7,39.1,119.0
2022-12-26 23:00:00,4.2,44.3,68.3,36.1,33.5,32.7,0.0
2022-12-27 00:00:00,4.0,44.4,63.2,34.0,30.0,28.9,0.0
2022-12-27 01:00:00,4.2,44.3,58.7,32.1,26.9,25.8,0.0
2022-12-27 02:00:00,3.3,44.6,54.9,30.6,25.8,24.8,0.0
2022-12-27 03:00:00,3.7,44.5,51.5,29.3,25.0,24.2,0.0
2022-12-27 04:00:00,3.1,44.7,48.5,28.3,24.4,23.6,0.0
2022-12-27 05:00:00,4.0,44.3,45.7,27.3,23.8,23.2,0.0
2022-12-27 06:00:00,3.1,44.8,66.7,30.3,38.6,27.7,78.0
2022-12-27 07:00:00,4.3,44.2,76.8,40.0,45.1,40.5,213.0
2022-12-27 08:00:00,5.15,43.95,78.6,39.35,44.35,40.0,139.0
2022-12-27 09:00:00,6.0,43.7,80.4,38.7,43.6,39.5,139.0
2022-12-27 10:00:00,6.4,43.6,79.1,38.2,43.0,39.0,128.0
2022-12-27 11:00:00,7.4,43.4,77.6,38.2,42.9,39.0,127.0
2022-12-27 12:00:00,8.3,43.2,76.2,37.9,42.7,38.6,124.0
2022-12-27 13:00:00,8.8,43.1,74.0,37.9,42.6,38.6,123.0
2022-12-27 14:00:00,9.0,44.2,74.8,38.6,43.9,39.1,131.0
2022-12-27 15:00:00,9.1,44.1,75.0,39.7,44.6,40.3,145.0
2022-12-27 16:00:00,9.1,44.1,76.4,39.4,44.6,40.1,134.0
2022-12-27 17:00:00,9.2,44.1,76.9,39.6,44.6,40.2,137.0
2022-12-27 18:00:00,9.2,44.0,76.7,39.4,44.2,40.0,132.0
2022-12-27 19:00:00,9.8,43.8,78.6,39.3,44.4,39.9,132.0
2022-12-27 20:00:00,9.2,44.1,74.2,39.1,43.7,39.7,130.0
2022-12-27 21:00:00,9.5,44.0,75.8,39.0,43.8,39.7,129.0
2022-12-27 22:00:00,9.4,44.0,76.2,39.0,39.9,39.8,125.0
2022-12-27 23:00:00,8.6,44.4,71.2,37.4,33.1,33.2,0.0
2022-12-28 00:00:00,8.7,44.3,65.7,35.6,30.3,29.3,0.0
2022-12-28 01:00:00,8.3,44.5,60.8,33.9,27.1,26.5,0.0
2022-12-28 02:00:00,8.2,44.5,56.6,32.4,26.2,25.5,0.0
2022-12-28 03:00:00,7.6,44.8,52.8,31.1,25.3,24.6,0.0
2022-12-28 04:00:00,7.2,45.0,49.6,29.9,24.7,24.0,0.0
2022-12-28 05:00:00,7.7,44.8,25.7,31.0,24.2,23.8,0.0
2022-12-28 06:00:00,6.7,46.2,76.3,36.1,45.0,34.5,125.0
2022-12-28 07:00:00,7.4,45.9,80.2,40.7,46.4,41.2,195.0
2022-12-28 08:00:00,6.6,46.2,79.8,40.5,45.9,40.9,155.0
2022-12-28 09:00:00,7.2,46.0,79.0,40.6,46.2,41.1,154.0
2022-12-28 10:00:00,7.7,45.8,76.7,40.3,45.5,40.7,146.0
2022-12-28 11:00:00,8.1,45.6,74.9,40.0,45.0,40.4,141.0
2022-12-28 12:00:00,8.6,45.4,74.3,40.1,45.2,40.6,148.0
2022-12-28 13:00:00,8.7,45.3,73.6,40.0,44.8,40.4,141.0
2022-12-28 14:00:00,8.6,44.6,73.4,39.9,45.0,40.3,141.0
2022-12-28 15:00:00,8.9,44.4,73.3,39.9,44.7,40.4,140.0
2022-12-28 16:00:00,8.8,44.4,75.0,39.4,44.4,40.0,134.0
2022-12-28 17:00:00,8.7,44.5,77.0,39.8,45.1,40.3,142.0
2022-12-28 18:00:00,8.7,44.5,77.0,39.8,44.9,40.4,139.0
2022-12-28 19:00:00,8.5,44.6,75.1,39.6,44.5,40.1,136.0
2022-12-28 20:00:00,8.0,45.0,73.6,39.3,44.4,39.9,133.0
2022-12-28 21:00:00,7.0,45.6,78.5,40.5,46.0,41.0,148.0
2022-12-28 22:00:00,6.4,46.0,77.1,41.0,41.8,41.5,150.0
2022-12-28 23:00:00,7.5,45.3,71.7,39.0,33.9,33.9,0.0
2022-12-29 00:00:00,6.8,45.8,66.1,36.7,30.6,29.5,0.0
2022-12-29 01:00:00,6.8,45.8,61.1,34.7,26.8,26.0,0.0
2022-12-29 02:00:00,7.0,45.6,56.6,33.0,25.9,25.2,0.0
2022-12-29 03:00:00,6.6,45.9,52.9,31.6,25.1,24.6,0.0
2022-12-29 04:00:00,5.7,46.5,49.6,30.2,24.5,24.1,0.0
2022-12-29 05:00:00,6.1,46.2,32.2,33.2,28.3,23.6,0.0
2022-12-29 06:00:00,6.1,46.3,63.9,34.8,41.2,33.1,115.0
2022-12-29 07:00:00,6.2,46.1,79.1,41.3,46.8,41.6,205.0
2022-12-29 08:00:00,5.8,46.4,80.9,41.1,46.7,41.4,161.0
2022-12-29 09:00:00,6.4,46.0,78.9,40.9,46.1,41.4,158.0
2022-12-29 10:00:00,7.4,45.4,78.3,40.5,45.8,41.0,150.0
2022-12-29 11:00:00,8.6,44.6,74.8,40.1,44.6,40.5,141.0
2022-12-29 12:00:00,9.3,44.1,73.4,39.0,43.6,39.7,125.0
2022-12-29 13:00:00,10.1,43.6,70.7,38.0,34.3,34.4,58.0
2022-12-29 14:00:00,10.6,43.2,65.6,36.2,32.4,31.9,0.0
2022-12-29 15:00:00,10.9,43.0,60.9,34.5,28.2,27.3,0.0
2022-12-29 16:00:00,11.0,43.0,49.9,30.9,35.1,30.5,65.0
2022-12-29 17:00:00,10.3,43.4,73.9,38.9,43.4,39.5,181.0
2022-12-29 18:00:00,10.1,43.6,74.8,38.4,43.0,39.0,124.0
2022-12-29 19:00:00,9.7,43.8,76.8,38.5,43.5,39.2,129.0
2022-12-29 20:00:00,8.9,44.4,75.4,39.2,44.0,39.8,136.0
2022-12-29 21:00:00,8.9,44.4,56.1,38.9,42.3,39.6,123.0
2022-12-29 22:00:00,8.8,44.4,73.1,38.6,34.0,34.3,65.0
2022-12-29 23:00:00,9.2,44.2,66.9,36.4,33.6,31.7,0.0
2022-12-30 00:00:00,9.0,44.3,61.9,34.5,29.0,26.9,0.0
2022-12-30 01:00:00,8.7,44.4,58.1,32.3,28.0,25.8,0.0
2022-12-30 02:00:00,8.2,44.8,55.0,29.9,27.1,25.2,0.0
2022-12-30 03:00:00,7.7,45.2,53.6,27.4,28.6,24.6,0.0
2022-12-30 04:00:00,6.7,45.8,52.2,24.4,30.1,24.0,0.0
2022-12-30 05:00:00,6.4,46.0,50.3,22.7,33.7,23.6,0.0
2022-12-30 06:00:00,6.0,45.4,83.0,34.2,43.6,32.1,115.0
2022-12-30 07:00:00,5.5,45.6,70.9,39.7,45.2,39.8,192.0
2022-12-30 08:00:00,6.0,45.5,83.8,40.3,45.6,40.9,162.0
2022-12-30 09:00:00,7.2,44.7,80.5,39.8,45.0,40.4,142.0
2022-12-30 10:00:00,8.2,44.2,76.7,39.3,44.0,40.0,133.0
2022-12-30 11:00:00,9.2,43.6,73.8,38.5,43.0,39.2,124.0
2022-12-30 12:00:00,10.2,43.1,69.2,37.1,32.6,32.7,0.0
2022-12-30 13:00:00,10.6,42.8,64.1,35.3,31.2,30.2,0.0
2022-12-30 14:00:00,11.4,42.4,59.6,34.0,27.1,26.6,0.0
2022-12-30 15:00:00,11.3,42.5,68.8,38.8,43.2,39.4,192.0
2022-12-30 16:00:00,11.0,42.6,69.5,38.1,42.7,38.8,119.0
2022-12-30 17:00:00,10.5,42.8,71.4,38.3,43.1,38.9,124.0
2022-12-30 18:00:00,9.8,43.3,72.4,38.8,43.5,39.4,131.0
2022-12-30 19:00:00,9.7,43.4,71.5,38.8,43.5,39.5,129.0
2022-12-30 20:00:00,9.5,43.5,71.6,39.0,43.6,39.4,129.0
2022-12-30 21:00:00,8.6,44.0,73.5,39.1,44.0,39.7,131.0
2022-12-30 22:00:00,8.0,44.3,74.7,39.6,40.5,40.1,136.0
2022-12-30 23:00:00,8.0,44.3,69.3,37.8,33.2,33.3,0.0
2022-12-31 00:00:00,7.5,44.6,64.1,35.7,29.7,28.5,0.0
2022-12-31 01:00:00,6.6,45.1,59.1,33.9,26.1,25.6,0.0
2022-12-31 02:00:00,6.4,45.2,55.0,32.2,25.6,25.2,0.0
2022-12-31 03:00:00,5.6,45.6,51.4,30.7,24.9,24.4,0.0
2022-12-31 04:00:00,5.1,45.9,48.2,29.5,24.1,23.7,0.0
2022-12-31 05:00:00,5.0,46.0,45.4,28.3,23.7,23.2,0.0
2022-12-31 06:00:00,4.5,45.2,81.9,39.1,47.3,38.9,190.0
2022-12-31 07:00:00,4.6,45.2,82.2,39.7,45.0,40.3,154.0
2022-12-31 08:00:00,4.4,45.3,81.1,39.5,44.7,40.2,141.0
2022-12-31 09:00:00,6.3,44.4,79.9,39.5,44.6,40.2,141.0
2022-12-31 10:00:00,7.4,43.9,74.6,38.6,43.2,39.3,126.0
2022-12-31 11:00:00,8.1,43.6,73.3,38.3,43.1,38.9,126.0
2022-12-31 12:00:00,9.0,43.2,71.2,38.2,42.7,38.7,123.0
2022-12-31 13:00:00,9.7,42.9,66.6,37.9,42.3,38.4,117.0
2022-12-31 14:00:00,10.3,43.2,67.0,38.8,43.5,39.2,129.0
2022-12-31 15:00:00,10.5,43.1,65.8,38.8,43.2,39.4,125.0
2022-12-31 16:00:00,10.2,43.3,67.7,38.5,43.0,39.0,123.0
2022-12-31 17:00:00,9.2,44.2,72.8,39.3,44.4,39.8,133.0
2022-12-31 18:00:00,8.5,44.8,71.9,39.8,44.3,40.3,137.0
2022-12-31 19:00:00,8.6,44.8,73.0,40.0,45.1,40.4,137.0
2022-12-31 20:00:00,8.5,44.8,73.8,40.2,45.1,40.7,140.0
2022-12-31 21:00:00,7.1,46.0,76.0,40.5,45.9,41.0,141.0
2022-12-31 22:00:00,6.9,44.7,76.0,40.3,44.7,40.8,142.0
2022-12-31 23:00:00,6.7,44.8,75.4,39.5,44.3,40.1,127.0
2023-01-01 00:00:00,6.2,45.2,76.0,39.7,45.0,40.3,132.0
2023-01-01 01:00:00,6.0,45.3,73.5,39.4,35.3,35.5,73.0
2023-01-01 02:00:00,5.6,45.6,67.9,37.1,32.8,32.4,0.0
2023-01-01 03:00:00,5.3,45.8,62.6,35.0,28.3,27.3,0.0
2023-01-01 04:00:00,4.7,46.1,58.1,33.3,26.5,26.0,0.0
2023-01-01 05:00:00,4.9,46.0,54.1,31.6,25.7,25.2,0.0
2023-01-01 06:00:00,4.7,46.1,50.6,30.3,25.1,24.6,0.0
2023-01-01 07:00:00,4.8,44.1,49.7,29.5,34.5,29.7,69.0
2023-01-01 08:00:00,4.8,44.1,81.8,39.4,44.0,40.0,202.0
2023-01-01 09:00:00,6.1,43.5,76.2,38.2,42.9,38.9,121.0
2023-01-01 10:00:00,7.1,43.0,73.9,38.2,42.8,38.9,124.0
2023-01-01 11:00:00,7.7,42.8,71.7,37.9,42.3,38.6,120.0
2023-01-01 12:00:00,8.5,42.4,70.4,37.6,42.0,38.3,113.0
2023-01-01 13:00:00,9.2,42.1,67.3,37.3,41.7,38.0,111.0
2023-01-01 14:00:00,9.8,41.8,66.4,37.3,41.6,38.0,110.0
2023-01-01 15:00:00,10.0,41.7,65.8,37.2,41.3,38.0,108.0
2023-01-01 16:00:00,9.6,41.9,66.0,37.2,41.4,37.8,108.0
2023-01-01 17:00:00,8.8,43.7,74.1,39.4,44.3,39.9,138.0
2023-01-01 18:00:00,8.3,44.2,74.5,39.5,44.3,40.0,132.0
2023-01-01 19:00:00,8.0,45.4,74.3,40.2,45.5,40.7,140.0
2023-01-01 20:00:00,7.1,46.1,75.5,40.5,45.5,41.0,145.0
2023-01-01 21:00:00,7.3,45.9,76.8,40.9,46.4,41.3,145.0
2023-01-01 22:00:00,6.8,47.2,78.7,41.5,42.8,41.9,154.0
2023-01-01 23:00:00,5.8,48.0,70.3,39.2,34.6,34.2,0.0
2023-01-02 00:00:00,5.8,48.0,65.6,36.8,31.3,30.2,0.0
2023-01-02 01:00:00,5.4,48.3,60.9,34.7,27.5,26.7,0.0
2023-01-02 02:00:00,4.9,48.7,56.6,32.9,26.5,25.8,0.0
2023-01-02 03:00:00,4.6,48.7,52.9,31.3,25.7,25.0,0.0
2023-01-02 04:00:00,5.3,48.4,49.6,29.9,24.9,24.1,0.0
2023-01-02 05:00:00,4.4,48.7,46.7,28.7,24.1,23.5,0.0
2023-01-02 06:00:00,4.2,45.4,84.9,38.8,47.6,38.5,181.0
2023-01-02 07:00:00,4.2,45.4,81.2,39.8,45.0,40.4,159.0
2023-01-02 08:00:00,4.2,45.4,83.3,39.9,45.5,40.4,148.0
2023-01-02 09:00:00,5.4,44.8,79.9,40.2,45.5,40.8,149.0
2023-01-02 10:00:00,6.7,44.2,77.2,39.5,44.6,40.2,137.0
2023-01-02 11:00:00,7.6,43.8,72.9,38.8,43.4,39.4,129.0
2023-01-02 12:00:00,8.5,43.4,71.5,38.3,42.8,39.0,122.0
2023-01-02 13:00:00,9.5,43.0,68.3,37.9,42.2,38.5,118.0
2023-01-02 14:00:00,9.8,42.8,70.8,37.6,34.9,35.0,74.0
2023-01-02 15:00:00,10.1,43.1,71.1,36.9,44.4,35.8,96.0
2023-01-02 16:00:00,10.0,43.2,69.8,38.4,42.5,38.9,137.0
2023-01-02 17:00:00,9.0,43.7,75.0,38.8,44.1,39.4,131.0
2023-01-02 18:00:00,9.2,43.6,72.8,39.2,43.9,39.9,134.0
2023-01-02 19:00:00,8.9,43.8,75.8,39.0,43.9,39.7,128.0
2023-01-02 20:00:00,8.7,44.0,75.1,39.2,44.1,39.9,132.0
2023-01-02 21:00:00,7.9,45.3,76.1,39.9,45.0,40.4,139.0
2023-01-02 22:00:00,6.6,46.0,76.6,40.2,40.6,40.6,134.0
2023-01-02 23:00:00,6.3,46.2,71.2,38.2,33.5,33.6,0.0
2023-01-03 00:00:00,5.9,46.5,65.6,36.0,29.6,28.5,0.0
2023-01-03 01:00:00,5.7,46.6,60.7,34.0,27.0,26.3,0.0
2023-01-03 02:00:00,5.2,46.8,56.3,32.2,26.1,25.5,0.0
2023-01-03 03:00:00,4.9,47.0,52.5,30.8,25.5,24.8,0.0
2023-01-03 04:00:00,4.7,47.0,49.3,29.5,24.8,24.3,0.0
2023-01-03 05:00:00,4.2,47.2,46.4,28.3,24.5,23.8,0.0
2023-01-03 06:00:00,4.5,45.2,84.4,37.1,46.6,36.3,160.0
2023-01-03 07:00:00,4.3,45.4,81.4,40.0,45.2,40.6,168.0
2023-01-03 08:00:00,5.0,45.0,79.8,39.4,44.5,40.1,140.0
2023-01-03 09:00:00,5.4,44.9,79.8,39.4,44.7,40.2,141.0
2023-01-03 10:00:00,6.3,44.5,78.2,39.2,44.2,39.9,135.0
2023-01-03 11:00:00,7.2,44.2,75.0,38.9,43.6,39.5,129.0
2023-01-03 12:00:00,8.0,44.0,73.2,38.8,43.5,39.4,128.0
2023-01-03 13:00:00,9.4,43.5,70.4,38.4,38.9,39.1,118.0
2023-01-03 14:00:00,10.3,43.2,67.9,32.4,32.4,32.3,40.0
2023-01-03 15:00:00,10.9,43.0,50.9,31.0,34.1,29.7,0.0
2023-01-03 16:00:00,10.4,43.2,71.1,39.3,43.8,39.8,195.0
2023-01-03 17:00:00,9.3,43.5,72.0,38.5,43.1,39.0,124.0
2023-01-03 18:00:00,8.2,43.9,77.1,39.3,44.5,39.9,139.0
2023-01-03 19:00:00,7.8,44.0,75.4,38.7,43.3,39.5,125.0
2023-01-03 20:00:00,7.0,44.3,77.7,39.2,44.4,39.9,133.0
2023-01-03 21:00:00,7.1,44.3,76.9,39.7,44.4,40.3,138.0
2023-01-03 22:00:00,6.6,44.4,76.5,39.1,39.9,39.9,122.0
2023-01-03 23:00:00,6.9,44.3,71.1,37.4,33.2,33.1,0.0
2023-01-04 00:00:00,6.7,44.4,65.4,35.3,31.1,28.5,0.0
2023-01-04 01:00:00,7.1,44.3,60.6,33.6,27.2,26.7,0.0
2023-01-04 02:00:00,6.9,44.3,56.2,31.9,26.5,25.8,0.0
2023-01-04 03:00:00,7.1,44.3,52.5,30.6,25.9,24.8,0.0
2023-01-04 04:00:00,7.0,44.3,49.4,29.4,25.0,24.2,0.0
2023-01-04 05:00:00,6.8,44.4,46.5,28.4,24.3,23.6,0.0
2023-01-04 06:00:00,7.1,45.9,81.2,33.7,44.4,31.4,101.0
2023-01-04 07:00:00,7.3,45.9,78.5,40.7,46.0,41.2,210.0
2023-01-04 08:00:00,7.1,45.9,78.2,40.2,45.4,40.8,146.0
2023-01-04 09:00:00,7.0,45.9,78.2,40.1,45.4,40.7,144.0
2023-01-04 10:00:00,7.4,45.8,78.0,40.2,45.5,40.7,146.0
2023-01-04 11:00:00,7.3,45.9,76.9,40.1,45.1,40.6,138.0
2023-01-04 12:00:00,0.0,0.0,0.0,40.2,0.0,40.8,134.0
2023-01-04 13:00:00,8.2,45.5,76.9,40.6,45.7,41.1,155.0
2023-01-04 14:00:00,8.6,45.3,74.9,40.5,45.4,41.0,141.0
2023-01-04 15:00:00,8.7,45.3,72.9,39.9,44.8,40.4,134.0
2023-01-04 16:00:00,8.6,45.3,74.9,40.3,45.6,40.7,139.0
2023-01-04 17:00:00,8.7,45.2,74.7,40.8,45.7,41.2,146.0
2023-01-04 18:00:00,8.7,45.2,74.9,40.6,45.6,41.1,140.0
2023-01-04 19:00:00,8.6,45.3,74.7,40.4,45.4,40.8,138.0
2023-01-04 20:00:00,8.6,45.3,75.3,40.3,45.5,40.9,141.0
2023-01-04 21:00:00,8.9,45.2,75.1,40.4,45.5,40.8,139.0
2023-01-04 22:00:00,8.9,45.2,72.1,39.9,37.2,37.5,93.0
2023-01-04 23:00:00,8.6,45.3,67.0,37.7,33.6,33.1,0.0
2023-01-05 00:00:00,8.7,45.2,62.1,35.8,29.6,28.5,0.0
2023-01-05 01:00:00,8.6,45.3,57.7,34.0,27.2,26.5,0.0
2023-01-05 02:00:00,8.5,45.3,53.8,32.5,26.3,25.6,0.0
2023-01-05 03:00:00,8.7,45.2,50.5,31.2,25.5,24.8,0.0
2023-01-05 04:00:00,8.6,45.3,47.7,30.0,24.8,24.3,0.0
2023-01-05 05:00:00,8.2,45.5,45.0,29.0,24.0,23.6,0.0
2023-01-05 06:00:00,8.4,45.4,79.2,34.6,43.9,32.7,116.0
2023-01-05 07:00:00,8.4,45.4,78.3,40.4,45.6,40.8,195.0
2023-01-05 08:00:00,6.9,46.0,77.0,39.9,45.6,40.4,141.0
2023-01-05 09:00:00,7.6,45.7,77.6,41.0,46.3,41.4,159.0
2023-01-05 10:00:00,8.3,45.4,74.8,40.4,45.4,40.9,144.0
2023-01-05 11:00:00,9.6,44.9,72.9,40.1,45.0,40.5,137.0
2023-01-05 12:00:00,10.3,44.6,68.6,39.3,43.8,39.8,126.0
2023-01-05 13:00:00,10.6,44.5,71.2,40.0,45.1,40.4,137.0
2023-01-05 14:00:00,11.2,44.2,67.8,39.7,44.0,40.1,128.0
2023-01-05 15:00:00,11.3,44.1,53.5,38.2,35.6,33.4,0.0
2023-01-05 16:00:00,10.9,44.3,52.2,33.9,31.4,29.7,0.0
2023-01-05 17:00:00,10.0,44.7,65.7,29.9,38.1,28.8,46.0
2023-01-05 18:00:00,9.1,45.1,77.5,40.3,45.2,40.8,200.0
2023-01-05 19:00:00,8.2,45.5,75.9,39.9,45.2,40.4,136.0
2023-01-05 20:00:00,7.6,45.7,79.0,40.9,46.3,41.5,154.0
2023-01-05 21:00:00,7.7,45.7,77.4,40.8,46.0,41.2,144.0
2023-01-05 22:00:00,7.0,46.0,75.1,40.0,35.5,35.7,73.0
2023-01-05 23:00:00,6.3,46.3,69.2,37.6,32.8,32.0,0.0
2023-01-06 00:00:00,7.2,45.9,63.8,35.4,28.3,27.5,0.0
2023-01-06 01:00:00,7.2,45.9,58.9,33.7,26.6,25.8,0.0
2023-01-06 02:00:00,7.3,45.9,54.9,32.1,25.6,24.9,0.0
2023-01-06 03:00:00,7.6,45.7,51.4,30.7,24.8,24.1,0.0
2023-01-06 04:00:00,7.5,45.8,48.3,29.5,23.9,23.5,0.0
2023-01-06 05:00:00,7.5,45.7,45.5,28.5,23.5,23.1,0.0
2023-01-06 06:00:00,7.8,46.0,78.8,37.3,45.9,35.7,151.0
2023-01-06 07:00:00,7.7,46.1,77.4,40.9,46.3,41.3,185.0
2023-01-06 08:00:00,7.9,46.0,78.1,40.4,45.9,40.9,149.0
2023-01-06 09:00:00,8.6,45.8,76.5,40.7,45.9,41.1,149.0
2023-01-06 10:00:00,9.3,45.5,73.2,40.0,44.9,40.5,139.0
2023-01-06 11:00:00,10.0,45.3,69.5,39.9,44.7,40.4,138.0
2023-01-06 12:00:00,10.3,45.2,69.3,40.1,45.2,40.5,139.0
2023-01-06 13:00:00,10.1,45.3,70.8,40.7,45.6,41.0,144.0
2023-01-06 14:00:00,10.8,43.0,68.1,38.0,42.5,38.7,106.0
2023-01-06 15:00:00,11.5,42.8,69.5,38.4,43.1,38.9,121.0
2023-01-06 16:00:00,11.4,42.8,68.9,38.5,43.0,39.2,122.0
2023-01-06 17:00:00,10.1,43.3,74.3,38.9,43.6,39.6,128.0
2023-01-06 18:00:00,9.2,43.6,76.9,39.2,44.3,39.9,132.0
2023-01-06 19:00:00,8.2,43.9,74.8,38.9,43.5,39.5,125.0
2023-01-06 20:00:00,7.4,44.2,77.5,38.9,43.9,39.6,129.0
2023-01-06 21:00:00,6.8,45.2,77.8,39.5,45.0,40.1,135.0
2023-01-06 22:00:00,6.3,45.4,81.0,40.7,46.0,41.2,151.0
2023-01-06 23:00:00,5.6,45.6,79.5,40.5,45.7,41.0,142.0
2023-01-07 00:00:00,5.9,45.6,79.9,40.6,45.7,41.2,142.0
2023-01-07 01:00:00,5.0,46.0,80.2,40.7,45.8,41.4,140.0
2023-01-07 02:00:00,5.0,45.9,80.9,40.7,45.9,41.3,146.0
2023-01-07 03:00:00,4.3,46.2,78.7,39.4,34.1,34.1,35.0
2023-01-07 04:00:00,4.6,46.1,71.9,36.9,31.8,30.6,0.0
2023-01-07 05:00:00,4.2,46.3,66.0,34.7,27.7,27.0,0.0
2023-01-07 06:00:00,4.1,47.3,79.4,27.4,38.5,27.6,54.0
2023-01-07 07:00:00,3.7,47.3,85.9,41.7,47.1,42.2,239.0
2023-01-07 08:00:00,3.5,47.4,83.2,41.4,47.2,41.9,154.0
2023-01-07 09:00:00,4.8,47.0,83.8,41.9,47.5,42.4,166.0
2023-01-07 10:00:00,5.5,46.6,80.0,41.3,46.6,41.7,151.0
2023-01-07 11:00:00,6.4,45.8,76.8,40.8,45.7,41.3,147.0
2023-01-07 12:00:00,7.2,45.2,75.9,40.1,45.1,40.7,137.0
2023-01-07 13:00:00,8.2,43.2,72.1,38.6,42.6,39.3,117.0
2023-01-07 14:00:00,9.4,42.6,70.5,38.0,42.3,38.7,111.0
2023-01-07 15:00:00,9.8,42.3,69.3,37.6,41.7,38.4,109.0
2023-01-07 16:00:00,9.5,42.5,69.7,37.9,42.5,38.6,114.0
2023-01-07 17:00:00,7.7,44.1,74.5,38.6,43.6,39.2,126.0
2023-01-07 18:00:00,6.5,45.0,78.4,39.9,45.3,40.5,142.0
2023-01-07 19:00:00,7.7,44.2,76.1,39.8,44.5,40.5,137.0
2023-01-07 20:00:00,6.7,44.8,79.0,39.6,44.7,40.3,131.0
2023-01-07 21:00:00,5.9,45.4,79.0,39.7,44.7,40.3,134.0
2023-01-07 22:00:00,5.4,45.7,80.2,40.3,45.7,40.9,142.0
2023-01-07 23:00:00,5.0,46.0,81.8,40.7,41.0,41.0,136.0
2023-01-08 00:00:00,4.2,46.3,71.0,38.6,33.3,33.0,0.0
2023-01-08 01:00:00,3.7,46.5,66.1,36.3,30.9,29.9,0.0
2023-01-08 02:00:00,3.9,46.4,61.4,34.2,26.8,26.1,0.0
2023-01-08 03:00:00,3.5,46.6,57.2,32.4,25.8,25.1,0.0
2023-01-08 04:00:00,3.3,46.6,53.5,30.9,25.1,24.4,0.0
2023-01-08 05:00:00,2.8,46.8,50.2,29.6,24.3,23.6,0.0
2023-01-08 06:00:00,2.7,48.9,92.3,37.2,49.1,35.6,153.0
2023-01-08 07:00:00,1.1,49.5,85.1,42.9,48.9,43.3,223.0
2023-01-08 08:00:00,0.9,49.6,86.0,43.6,50.0,43.8,187.0
2023-01-08 09:00:00,3.3,48.6,84.2,43.2,49.1,43.5,176.0
2023-01-08 10:00:00,5.0,47.0,80.8,42.4,47.4,42.9,164.0
2023-01-08 11:00:00,6.2,46.0,76.9,40.7,45.4,41.2,139.0
2023-01-08 12:00:00,7.2,45.2,74.4,40.0,44.8,40.4,135.0
2023-01-08 13:00:00,8.3,44.5,71.9,39.5,44.2,40.1,132.0
2023-01-08 14:00:00,8.7,43.5,70.3,39.0,43.6,39.5,126.0
2023-01-08 15:00:00,9.2,43.2,66.5,38.3,42.5,38.9,115.0
2023-01-08 16:00:00,8.9,43.4,71.1,38.4,43.2,39.1,121.0
2023-01-08 17:00:00,7.4,44.8,76.6,40.0,45.3,40.6,142.0
2023-01-08 18:00:00,5.1,45.9,80.8,40.5,46.1,41.1,142.0
2023-01-08 19:00:00,4.5,46.2,80.8,41.0,46.2,41.5,149.0
2023-01-08 20:00:00,6.5,45.5,80.8,40.6,45.4,41.2,140.0
2023-01-08 21:00:00,5.6,46.1,80.9,41.3,46.9,41.8,151.0
2023-01-08 22:00:00,6.3,45.6,81.6,40.7,45.8,41.4,141.0
2023-01-08 23:00:00,4.0,47.0,71.6,38.9,34.6,34.0,0.0
2023-01-09 00:00:00,5.5,46.3,66.7,36.6,30.4,29.2,0.0
2023-01-09 01:00:00,5.2,46.4,62.1,34.6,27.3,26.5,0.0
2023-01-09 02:00:00,5.1,46.5,57.9,32.9,26.2,25.4,0.0
2023-01-09 03:00:00,2.2,47.8,54.1,31.3,25.1,24.4,0.0
2023-01-09 04:00:00,5.0,46.6,50.8,30.0,24.3,23.7,0.0
2023-01-09 05:00:00,5.1,46.5,48.8,54.1,46.2,27.3,0.0
2023-01-09 06:00:00,4.9,47.6,81.9,40.7,49.4,39.8,172.0
2023-01-09 07:00:00,5.6,47.0,82.0,41.6,47.1,42.1,177.0
2023-01-09 08:00:00,5.7,47.0,83.3,41.3,47.3,41.8,159.0
2023-01-09 09:00:00,6.1,46.6,80.8,41.0,46.3,41.4,156.0
2023-01-09 10:00:00,7.2,45.8,79.4,40.6,45.8,41.1,145.0
2023-01-09 11:00:00,8.3,44.8,78.1,40.3,44.8,40.9,139.0
2023-01-09 12:00:00,9.2,44.0,74.1,38.9,43.4,39.6,122.0
2023-01-09 13:00:00,9.9,43.4,73.3,38.7,43.5,39.4,124.0
2023-01-09 14:00:00,10.4,42.2,72.3,38.7,43.2,39.4,122.0
2023-01-09 15:00:00,10.4,42.2,72.1,37.5,41.7,38.2,106.0
2023-01-09 16:00:00,12.0,41.2,73.1,37.2,41.5,38.0,109.0
2023-01-09 17:00:00,10.3,42.2,73.9,37.3,41.6,38.1,108.0
2023-01-09 18:00:00,10.4,42.2,74.1,37.5,41.9,38.3,114.0
2023-01-09 19:00:00,10.3,42.8,75.1,37.6,42.5,38.4,116.0
2023-01-09 20:00:00,9.8,43.4,72.6,38.3,42.9,39.0,124.0
2023-01-09 21:00:00,9.2,43.6,74.7,38.4,43.3,39.2,123.0
2023-01-09 22:00:00,9.6,43.5,74.2,38.9,40.2,39.6,126.0
2023-01-09 23:00:00,9.2,43.6,65.8,37.3,33.8,33.1,0.0
2023-01-10 00:00:00,9.8,43.4,61.8,35.5,30.3,29.0,0.0
2023-01-10 01:00:00,9.2,43.6,57.9,33.8,26.9,26.1,0.0
2023-01-10 02:00:00,9.8,43.4,54.4,32.4,26.1,25.7,0.0
2023-01-10 03:00:00,9.8,43.4,51.2,31.2,25.8,25.0,0.0
2023-01-10 04:00:00,9.5,43.5,48.4,30.1,25.0,24.5,0.0
2023-01-10 05:00:00,8.6,43.9,31.5,31.9,27.1,24.0,0.0
2023-01-10 06:00:00,8.8,43.8,78.7,34.4,43.8,33.3,115.0
2023-01-10 07:00:00,8.7,43.9,78.5,39.1,43.9,39.7,170.0
2023-01-10 08:00:00,8.0,44.9,79.1,39.4,44.8,40.0,138.0
2023-01-10 09:00:00,8.1,44.8,79.1,40.1,45.3,40.6,147.0
2023-01-10 10:00:00,7.8,45.0,79.0,40.1,45.5,40.8,142.0
2023-01-10 11:00:00,7.5,45.1,79.0,40.2,45.6,40.8,144.0
2023-01-10 12:00:00,6.9,45.5,79.8,40.2,45.5,40.8,143.0
2023-01-10 13:00:00,5.7,46.2,80.8,40.7,46.2,41.2,148.0
2023-01-10 14:00:00,5.0,46.6,83.5,41.3,46.8,41.8,155.0
2023-01-10 15:00:00,6.0,46.0,83.6,41.1,46.3,41.7,148.0
2023-01-10 16:00:00,6.3,45.8,83.2,40.3,45.4,41.0,137.0
2023-01-10 17:00:00,5.7,46.2,83.6,40.5,46.0,41.2,143.0
2023-01-10 18:00:00,5.3,46.4,83.7,40.7,46.1,41.3,146.0
2023-01-10 19:00:00,5.6,46.2,84.4,40.8,46.3,41.4,146.0
2023-01-10 20:00:00,5.8,46.1,84.0,41.9,46.6,42.5,151.0
2023-01-10 21:00:00,6.0,46.0,81.7,40.1,45.4,40.7,129.0
2023-01-10 22:00:00,5.3,46.4,79.5,39.6,35.0,35.3,67.0
2023-01-10 23:00:00,5.7,46.2,72.8,37.3,33.1,32.5,0.0
2023-01-11 00:00:00,5.5,46.3,67.0,35.4,28.6,27.4,0.0
2023-01-11 01:00:00,5.4,46.3,61.7,33.6,26.6,25.8,0.0
2023-01-11 02:00:00,5.5,46.3,57.4,32.1,26.1,25.2,0.0
2023-01-11 03:00:00,5.3,46.4,53.6,30.6,25.7,24.6,0.0
2023-01-11 04:00:00,5.0,46.6,52.5,29.3,27.2,24.1,0.0
2023-01-11 05:00:00,4.6,46.7,55.3,24.0,35.7,23.2,0.0
2023-01-11 06:00:00,4.5,46.8,80.4,40.4,48.0,40.4,214.0
2023-01-11 07:00:00,4.5,46.7,75.4,41.3,46.4,41.6,164.0
2023-01-11 08:00:00,4.5,46.8,84.3,41.3,47.0,41.8,167.0
2023-01-11 09:00:00,4.7,46.7,84.8,41.3,47.1,41.7,161.0
2023-01-11 10:00:00,5.0,46.6,83.8,41.2,46.8,41.7,159.0
2023-01-11 11:00:00,5.0,46.6,83.8,41.3,46.9,41.8,159.0
2023-01-11 12:00:00,4.9,46.6,83.8,41.2,46.9,41.8,158.0
2023-01-11 13:00:00,5.3,46.4,83.1,41.2,46.7,41.7,158.0
2023-01-11 14:00:00,5.2,46.4,83.1,41.1,46.8,41.6,154.0
2023-01-11 15:00:00,4.8,46.6,82.9,41.2,46.6,41.8,156.0
2023-01-11 16:00:00,5.2,46.4,82.6,41.1,46.7,41.6,154.0
2023-01-11 17:00:00,5.0,46.6,83.6,41.3,46.9,41.8,157.0
2023-01-11 18:00:00,5.2,46.45,83.65,40.85,46.45,41.35,143.5
2023-01-11 19:00:00,5.4,46.3,83.7,40.4,46.0,40.9,143.5
2023-01-11 20:00:00,5.7,46.2,82.5,41.0,46.4,41.5,156.0
2023-01-11 21:00:00,5.7,46.2,80.9,40.8,45.9,41.3,149.0
2023-01-11 22:00:00,5.8,46.1,82.2,40.6,46.0,41.2,148.0
2023-01-11 23:00:00,5.7,46.2,70.1,38.0,33.9,32.6,0.0
2023-01-12 00:00:00,5.0,46.6,64.6,35.4,32.1,31.4,0.0
2023-01-12 01:00:00,5.4,46.3,59.7,33.3,27.3,25.8,0.0
2023-01-12 02:00:00,5.0,46.6,55.8,31.6,25.3,24.8,0.0
2023-01-12 03:00:00,5.1,46.5,52.3,30.2,25.1,24.6,0.0
2023-01-12 04:00:00,5.2,46.4,49.2,29.1,24.6,24.1,0.0
2023-01-12 05:00:00,4.8,46.6,48.4,28.1,24.0,23.3,0.0
2023-01-12 06:00:00,5.5,46.3,78.1,32.6,43.1,31.5,92.0
2023-01-12 07:00:00,5.5,46.3,83.4,41.1,46.8,41.4,222.0
2023-01-12 08:00:00,5.7,46.2,83.4,40.6,46.2,41.1,159.0
2023-01-12 09:00:00,5.4,46.4,83.2,40.4,46.0,40.9,155.0
2023-01-12 10:00:00,5.5,46.3,80.9,40.5,45.9,41.1,155.0
2023-01-12 11:00:00,5.9,46.1,80.9,40.3,46.0,40.8,152.0
2023-01-12 12:00:00,5.4,46.3,81.0,40.4,45.7,40.9,153.0
2023-01-12 13:00:00,5.1,46.5,81.0,40.3,45.8,40.9,150.0
2023-01-12 14:00:00,5.9,46.0,80.9,40.7,46.1,41.2,155.0
2023-01-12 15:00:00,5.8,46.1,80.7,41.0,46.6,41.4,158.0
2023-01-12 16:00:00,5.8,46.1,81.2,41.1,46.6,41.5,159.0
2023-01-12 17:00:00,6.0,46.0,81.4,41.1,46.4,41.6,156.0
2023-01-12 18:00:00,6.0,46.0,80.7,40.9,46.2,41.4,151.0
2023-01-12 19:00:00,6.4,45.8,81.0,41.0,46.4,41.5,152.0
2023-01-12 20:00:00,6.0,46.0,79.3,40.9,46.1,41.4,149.0
2023-01-12 21:00:00,6.4,45.1,81.7,40.6,45.8,41.1,144.0
2023-01-12 22:00:00,6.4,45.1,82.6,39.9,45.1,40.5,136.0
2023-01-12 23:00:00,5.8,45.4,76.7,38.3,33.7,33.5,0.0
2023-01-13 00:00:00,5.8,45.4,70.4,36.3,31.1,30.2,0.0
2023-01-13 01:00:00,6.4,45.0,64.7,34.5,27.3,26.7,0.0
2023-01-13 02:00:00,6.4,45.0,59.9,32.9,26.7,26.1,0.0
2023-01-13 03:00:00,6.3,45.1,55.9,31.5,25.9,25.2,0.0
2023-01-13 04:00:00,6.3,45.1,52.3,30.2,25.4,24.7,0.0
2023-01-13 05:00:00,6.2,45.2,49.1,29.1,24.9,24.4,0.0
2023-01-13 06:00:00,6.3,45.2,71.3,33.4,41.7,31.8,107.0
2023-01-13 07:00:00,6.1,45.2,81.5,39.6,44.7,40.2,193.0
2023-01-13 08:00:00,6.2,45.1,81.3,39.5,44.8,40.1,146.0
2023-01-13 09:00:00,6.4,45.0,81.0,39.4,44.4,40.0,141.0
2023-01-13 10:00:00,6.6,44.9,80.9,39.3,44.5,40.0,138.0
2023-01-13 11:00:00,6.9,44.7,79.9,39.8,45.0,40.5,145.0
2023-01-13 12:00:00,7.0,44.6,79.2,39.5,44.3,40.2,139.0
2023-01-13 13:00:00,7.2,44.5,78.4,39.1,44.0,39.8,130.0
2023-01-13 14:00:00,7.6,44.2,77.6,39.1,44.0,39.8,133.0
2023-01-13 15:00:00,7.7,44.2,78.4,39.2,44.2,39.9,135.0
2023-01-13 16:00:00,7.7,44.2,79.1,39.3,44.4,39.9,134.0
2023-01-13 17:00:00,7.5,44.3,79.0,39.4,44.3,40.1,133.0
2023-01-13 18:00:00,7.6,44.2,80.3,39.5,44.7,40.2,129.0
2023-01-13 19:00:00,7.4,44.4,77.6,39.4,44.2,40.1,138.0
2023-01-13 20:00:00,6.1,45.2,77.7,39.4,44.7,39.9,132.0
2023-01-13 21:00:00,5.1,45.9,80.3,40.2,45.9,40.7,146.0
2023-01-13 22:00:00,5.6,46.0,81.8,40.9,45.8,41.5,144.0
2023-01-13 23:00:00,5.2,46.3,82.4,40.5,45.6,41.1,150.0
2023-01-14 00:00:00,4.5,46.7,84.4,41.1,46.7,41.7,153.0
2023-01-14 01:00:00,3.6,47.1,84.5,41.8,47.3,42.3,158.0
2023-01-14 02:00:00,4.2,41.8,84.8,38.2,41.7,38.8,107.0
2023-01-14 03:00:00,4.7,41.2,82.8,36.4,40.8,37.3,96.0
2023-01-14 04:00:00,3.5,42.3,83.5,37.7,42.8,38.5,121.0
2023-01-14 05:00:00,4.3,41.6,82.3,37.3,41.3,38.0,112.0
2023-01-14 06:00:00,4.2,46.2,83.5,39.0,46.2,39.2,133.0
2023-01-14 07:00:00,4.0,46.4,85.5,41.4,46.9,42.0,168.0
2023-01-14 08:00:00,3.9,46.4,86.1,41.1,46.6,41.6,148.0
2023-01-14 09:00:00,4.1,46.3,84.8,40.6,46.2,41.2,147.0
2023-01-14 10:00:00,4.2,46.3,80.5,40.4,45.7,40.9,142.0
2023-01-14 11:00:00,4.3,46.25,81.35,40.6,46.05,41.15,149.0
2023-01-14 12:00:00,4.4,46.2,82.2,40.8,46.4,41.4,149.0
2023-01-14 13:00:00,5.4,45.7,83.0,40.7,46.0,41.3,147.0
2023-01-14 14:00:00,5.6,46.5,83.6,41.2,46.7,41.7,151.0
2023-01-14 15:00:00,5.5,46.6,83.1,41.4,46.9,41.8,153.0
2023-01-14 16:00:00,5.5,46.5,82.4,41.3,46.7,41.8,150.0
2023-01-14 17:00:00,6.1,46.1,80.8,41.1,45.8,41.7,144.0
2023-01-14 18:00:00,6.3,45.9,81.0,40.7,45.6,41.3,140.0
2023-01-14 19:00:00,6.6,46.5,81.3,40.6,46.2,41.2,141.0
2023-01-14 20:00:00,6.5,46.6,80.8,41.2,46.6,41.7,152.0
2023-01-14 21:00:00,5.9,47.1,81.3,41.2,46.5,41.7,147.0
2023-01-14 22:00:00,5.7,47.3,79.9,41.8,42.4,42.3,151.0
2023-01-14 23:00:00,6.0,47.1,74.4,39.7,34.3,34.5,0.0
2023-01-15 00:00:00,6.0,47.1,68.5,37.3,30.7,29.7,0.0
2023-01-15 01:00:00,6.4,46.7,63.2,35.3,27.6,26.7,0.0
2023-01-15 02:00:00,6.3,46.8,58.7,33.6,27.7,25.9,0.0
2023-01-15 03:00:00,6.0,47.1,60.0,29.4,33.6,25.0,0.0
2023-01-15 04:00:00,5.9,47.2,59.4,23.1,40.9,24.4,0.0
2023-01-15 05:00:00,6.3,46.8,65.2,24.0,43.3,25.6,0.0
2023-01-15 06:00:00,6.4,46.7,68.7,27.1,33.9,27.5,0.0
2023-01-15 07:00:00,6.5,47.6,83.7,42.6,48.3,43.0,271.0
2023-01-15 08:00:00,6.3,47.7,82.3,41.5,47.3,41.9,157.0
2023-01-15 09:00:00,6.5,47.5,81.0,42.0,47.7,42.4,166.0
2023-01-15 10:00:00,6.9,47.1,80.5,41.9,47.6,42.3,160.0
2023-01-15 11:00:00,7.0,47.0,79.1,41.7,47.0,42.1,156.0
2023-01-15 12:00:00,7.4,46.6,76.3,41.4,46.4,41.8,149.0
2023-01-15 13:00:00,8.0,46.0,75.2,41.0,46.0,41.4,142.0
2023-01-15 14:00:00,7.9,46.1,77.0,41.0,46.3,41.4,144.0
2023-01-15 15:00:00,8.4,45.5,75.3,40.9,46.0,41.2,142.0
2023-01-15 16:00:00,8.2,43.8,75.1,39.0,42.9,39.5,120.0
2023-01-15 17:00:00,7.9,44.4,76.9,39.1,44.0,39.7,125.0
2023-01-15 18:00:00,6.0,45.7,81.2,40.4,46.5,41.0,145.0
2023-01-15 19:00:00,6.8,45.2,82.1,40.7,45.5,41.3,145.0
2023-01-15 20:00:00,5.3,46.2,81.3,40.6,46.1,41.2,141.0
2023-01-15 21:00:00,4.4,46.7,84.2,41.3,46.9,41.9,153.0
2023-01-15 22:00:00,5.6,46.0,81.9,41.1,40.8,41.0,133.0
2023-01-15 23:00:00,6.0,45.7,74.8,39.1,34.0,34.0,0.0
2023-01-16 00:00:00,6.1,45.7,68.9,36.8,30.1,28.9,0.0
2023-01-16 01:00:00,5.4,46.2,63.4,34.9,27.4,26.7,0.0
2023-01-16 02:00:00,5.9,45.8,58.8,33.2,26.5,25.6,0.0
2023-01-16 03:00:00,5.6,46.0,54.8,31.8,25.4,24.8,0.0
2023-01-16 04:00:00,5.3,46.2,51.3,30.4,24.7,24.2,0.0
2023-01-16 05:00:00,5.6,46.0,31.6,32.5,31.1,24.1,0.0
2023-01-16 06:00:00,5.5,46.2,69.5,30.6,39.3,29.1,77.0
2023-01-16 07:00:00,5.5,46.2,80.4,41.2,46.7,41.7,219.0
2023-01-16 08:00:00,5.5,46.1,83.9,40.4,46.0,40.9,154.0
2023-01-16 09:00:00,6.4,45.4,83.3,40.4,45.9,40.9,152.0
2023-01-16 10:00:00,6.9,45.1,80.9,40.2,45.4,40.7,148.0
2023-01-16 11:00:00,7.8,44.4,79.1,39.8,44.9,40.4,142.0
2023-01-16 12:00:00,8.1,44.2,76.7,39.3,44.2,39.9,134.0
2023-01-16 13:00:00,8.9,43.6,76.6,39.2,44.1,39.8,133.0
2023-01-16 14:00:00,9.2,43.4,76.7,39.1,43.7,39.8,132.0
2023-01-16 15:00:00,9.4,43.3,77.2,38.6,43.4,39.2,122.0
2023-01-16 16:00:00,8.5,43.9,77.7,38.4,43.2,39.2,124.0
2023-01-16 17:00:00,9.5,43.2,77.9,38.6,43.3,39.4,127.0
2023-01-16 18:00:00,9.1,43.6,78.1,38.6,43.4,39.4,125.0
2023-01-16 19:00:00,8.9,43.6,78.5,38.7,43.5,39.3,125.0
2023-01-16 20:00:00,9.0,43.6,77.9,38.7,43.4,39.4,126.0
2023-01-16 21:00:00,8.6,43.9,77.7,38.8,43.6,39.5,126.0
2023-01-16 22:00:00,8.8,43.7,71.8,37.6,36.1,33.0,0.0
2023-01-16 23:00:00,8.9,43.6,66.8,35.9,31.7,30.6,0.0
2023-01-17 00:00:00,9.2,43.4,62.0,34.2,27.9,26.9,0.0
2023-01-17 01:00:00,9.5,43.2,57.7,32.6,26.2,25.8,0.0
2023-01-17 02:00:00,9.4,43.3,54.0,31.4,25.8,25.3,0.0
2023-01-17 03:00:00,9.6,43.2,50.8,30.3,25.3,24.8,0.0
2023-01-17 04:00:00,9.7,43.1,47.9,29.3,24.8,24.4,0.0
2023-01-17 05:00:00,9.8,43.0,45.4,28.6,24.4,24.0,0.0
2023-01-17 06:00:00,10.1,42.8,75.0,38.6,44.0,39.2,196.0
2023-01-17 07:00:00,10.1,42.8,75.5,37.9,42.8,38.6,123.0
2023-01-17 08:00:00,10.2,42.6,75.1,38.0,42.6,38.6,127.0
2023-01-17 09:00:00,10.6,42.4,74.0,38.2,42.8,38.8,126.0
2023-01-17 10:00:00,10.9,42.2,73.1,37.8,42.3,38.5,113.0
2023-01-17 11:00:00,11.3,41.8,72.3,37.8,42.2,38.4,119.0
2023-01-17 12:00:00,12.7,41.0,70.2,37.0,35.2,35.4,71.0
2023-01-17 13:00:00,12.7,40.9,64.4,35.5,31.8,32.0,0.0
2023-01-17 14:00:00,12.6,41.0,53.2,29.5,35.1,29.6,40.0
2023-01-17 15:00:00,12.9,40.8,68.8,36.9,40.7,37.8,158.0
2023-01-17 16:00:00,13.1,40.6,68.4,35.9,39.9,36.8,97.0
2023-01-17 17:00:00,13.1,40.7,68.2,36.0,40.1,36.9,102.0
2023-01-17 18:00:00,13.1,40.6,68.8,36.4,40.5,37.2,105.0
2023-01-17 19:00:00,13.0,41.6,68.3,37.0,41.3,37.7,109.0
2023-01-17 20:00:00,13.3,41.4,67.6,37.4,41.6,38.0,112.0
2023-01-17 21:00:00,13.2,42.9,68.8,38.7,43.4,39.1,127.0
2023-01-17 22:00:00,13.2,42.9,67.7,38.6,38.6,38.7,109.0
2023-01-17 23:00:00,13.2,42.9,56.9,37.2,32.8,33.0,0.0
2023-01-18 00:00:00,13.2,42.9,53.9,35.5,30.7,30.0,0.0
2023-01-18 01:00:00,13.0,43.0,51.3,33.9,27.3,26.7,0.0
2023-01-18 02:00:00,13.1,43.0,48.8,32.6,26.2,25.9,0.0
2023-01-18 03:00:00,13.3,42.8,46.5,31.5,25.9,25.7,0.0
2023-01-18 04:00:00,13.0,43.0,44.4,30.5,25.8,25.4,0.0
2023-01-18 05:00:00,12.9,43.1,42.4,29.6,25.4,25.0,0.0
2023-01-18 06:00:00,13.1,44.0,69.2,34.8,42.7,33.3,108.0
2023-01-18 07:00:00,12.9,44.1,69.4,39.7,44.3,40.1,175.0
2023-01-18 08:00:00,13.2,43.9,68.7,39.4,44.0,39.9,133.0
2023-01-18 09:00:00,14.1,43.5,69.0,39.5,44.3,39.9,132.0
2023-01-18 10:00:00,14.2,43.5,65.6,38.3,33.7,33.9,46.0
2023-01-18 11:00:00,14.7,43.5,61.5,36.2,32.6,32.0,0.0
2023-01-18 12:00:00,14.5,43.5,64.1,35.5,42.5,34.5,89.0
2023-01-18 13:00:00,14.4,40.0,71.3,35.8,39.2,36.7,110.0
2023-01-18 14:00:00,13.9,40.0,70.9,35.7,39.6,36.6,93.0
2023-01-18 15:00:00,14.1,40.0,71.0,35.8,39.9,36.7,95.0
2023-01-18 16:00:00,13.7,40.2,70.9,35.8,39.8,36.8,94.0
2023-01-18 17:00:00,13.8,40.1,71.1,35.9,39.9,36.8,94.0
2023-01-18 18:00:00,13.3,40.6,71.3,36.1,40.5,37.0,96.0
2023-01-18 19:00:00,13.0,41.0,72.9,36.9,41.3,37.7,107.0
2023-01-18 20:00:00,13.5,40.5,71.1,37.1,41.2,37.8,105.0
2023-01-18 21:00:00,14.2,41.0,69.3,36.4,40.3,37.2,94.0
2023-01-18 22:00:00,13.8,41.1,68.5,36.6,36.8,37.0,89.0
2023-01-18 23:00:00,14.4,41.0,64.3,35.4,32.3,32.4,0.0
2023-01-19 00:00:00,14.1,41.0,60.0,33.9,30.6,29.9,0.0
2023-01-19 01:00:00,14.2,41.0,56.1,32.8,27.9,27.1,0.0
2023-01-19 02:00:00,14.0,41.0,52.7,31.7,26.4,26.1,0.0
2023-01-19 03:00:00,14.1,41.0,49.8,30.8,26.2,25.9,0.0
2023-01-19 04:00:00,14.0,41.0,47.2,30.0,26.1,25.8,0.0
2023-01-19 05:00:00,14.0,41.0,32.5,31.7,25.8,25.6,0.0
2023-01-19 06:00:00,13.9,42.0,63.6,33.3,40.3,32.0,92.0
2023-01-19 07:00:00,13.9,42.0,71.8,38.0,42.2,38.8,153.0
2023-01-19 08:00:00,14.2,42.0,71.4,37.4,41.6,38.2,106.0
2023-01-19 09:00:00,13.5,42.2,71.4,37.3,41.4,38.1,106.0
2023-01-19 10:00:00,11.6,43.7,74.4,39.3,44.1,40.1,133.0
2023-01-19 11:00:00,10.8,44.3,74.8,39.4,44.2,40.0,128.0
2023-01-19 12:00:00,12.0,43.4,75.0,39.5,44.1,40.1,126.0
2023-01-19 13:00:00,11.8,43.5,74.0,39.0,43.3,39.6,119.0
2023-01-19 14:00:00,10.9,44.2,76.1,39.5,44.6,40.2,126.0
2023-01-19 15:00:00,11.1,44.0,76.3,39.3,43.7,40.0,123.0
2023-01-19 16:00:00,10.9,44.1,76.7,39.1,43.6,39.7,118.0
2023-01-19 17:00:00,11.0,44.1,77.9,39.2,43.9,39.9,122.0
2023-01-19 18:00:00,10.6,44.4,77.0,39.4,44.3,40.1,123.0
2023-01-19 19:00:00,10.3,44.6,75.6,39.8,44.5,40.5,129.0
2023-01-19 20:00:00,10.5,44.6,75.6,39.8,44.4,40.4,125.0
2023-01-19 21:00:00,10.9,44.1,75.1,39.8,44.5,40.4,127.0
2023-01-19 22:00:00,10.9,44.2,72.9,39.0,34.7,34.9,53.0
2023-01-19 23:00:00,9.7,45.1,67.6,37.2,33.2,32.4,0.0
2023-01-20 00:00:00,10.1,44.8,62.5,35.4,28.8,28.0,0.0
2023-01-20 01:00:00,10.4,44.6,58.2,33.8,27.2,26.5,0.0
2023-01-20 02:00:00,9.5,45.2,54.4,32.5,26.3,25.8,0.0
2023-01-20 03:00:00,9.2,45.4,51.1,31.2,26.0,25.5,0.0
2023-01-20 04:00:00,6.7,47.2,48.2,30.1,25.3,24.8,0.0
2023-01-20 05:00:00,6.3,47.5,45.6,29.1,24.7,24.1,0.0
2023-01-20 06:00:00,6.2,47.6,73.5,39.9,47.5,38.9,177.0
2023-01-20 07:00:00,5.6,48.0,81.6,42.9,48.1,43.3,188.0
2023-01-20 08:00:00,4.0,48.6,82.6,42.4,48.3,42.7,158.0
2023-01-20 09:00:00,2.8,48.8,84.1,43.1,49.2,43.3,173.0
2023-01-20 10:00:00,4.0,44.6,83.7,39.0,44.2,39.7,115.0
2023-01-20 11:00:00,2.6,45.4,85.0,40.1,45.8,40.9,146.0
2023-01-20 12:00:00,3.6,44.9,85.3,40.5,45.3,41.2,129.0
2023-01-20 13:00:00,4.5,44.3,84.6,39.3,44.0,40.1,140.0
2023-01-20 14:00:00,5.4,43.9,83.5,38.8,43.6,39.5,123.0
2023-01-20 15:00:00,5.4,43.9,82.6,39.4,44.1,40.2,133.0
2023-01-20 16:00:00,4.5,44.3,80.8,38.8,43.8,39.5,122.0
2023-01-20 17:00:00,5.1,44.9,83.5,40.3,45.9,40.9,146.0
2023-01-20 18:00:00,5.7,45.2,83.6,40.0,45.0,40.7,135.0
2023-01-20 19:00:00,6.0,45.1,83.9,39.9,45.0,40.6,137.0
2023-01-20 20:00:00,5.4,45.4,82.8,39.9,44.8,40.6,135.0
2023-01-20 21:00:00,5.6,45.4,83.3,40.4,45.8,41.1,142.0
2023-01-20 22:00:00,5.5,45.4,83.2,40.6,45.9,41.1,144.0
2023-01-20 23:00:00,5.2,45.5,76.3,38.8,33.8,33.9,0.0
2023-01-21 00:00:00,4.8,45.6,69.8,36.6,31.6,30.6,0.0
2023-01-21 01:00:00,5.1,45.5,64.1,34.6,27.6,26.9,0.0
2023-01-21 02:00:00,4.1,45.9,59.3,33.0,26.2,25.8,0.0
2023-01-21 03:00:00,3.8,46.1,55.0,31.4,25.4,25.1,0.0
2023-01-21 04:00:00,4.4,45.8,51.3,30.2,24.7,24.4,0.0
2023-01-21 05:00:00,3.9,46.1,48.1,29.1,24.2,24.0,0.0
2023-01-21 06:00:00,3.7,47.0,85.1,36.3,46.6,34.1,138.0
2023-01-21 07:00:00,3.1,47.2,85.4,41.1,46.4,41.6,202.0
2023-01-21 08:00:00,3.8,46.9,84.5,41.1,47.0,41.6,158.0
2023-01-21 09:00:00,4.4,46.8,83.8,41.3,46.9,41.8,159.0
2023-01-21 10:00:00,4.7,46.7,83.8,41.4,47.1,41.8,159.0
2023-01-21 11:00:00,5.2,46.4,82.6,41.3,46.8,41.8,155.0
2023-01-21 12:00:00,4.9,46.6,83.0,41.0,46.5,41.5,151.0
2023-01-21 13:00:00,5.6,46.2,83.2,41.3,46.9,41.9,156.0
2023-01-21 14:00:00,5.0,45.5,81.9,40.6,45.9,41.1,144.0
2023-01-21 15:00:00,5.8,45.1,80.8,40.3,45.3,40.9,142.0
2023-01-21 16:00:00,5.4,45.3,82.0,40.1,45.4,40.7,72.0
2023-01-21 17:00:00,5.4,45.3,81.3,39.8,45.0,40.4,200.0
2023-01-21 18:00:00,5.9,45.0,81.7,40.4,45.7,41.0,145.0
2023-01-21 19:00:00,6.1,44.9,81.5,40.2,45.3,40.8,136.0
2023-01-21 20:00:00,5.7,45.1,81.6,39.9,44.9,40.5,134.0
2023-01-21 21:00:00,5.8,45.1,81.4,39.9,45.0,40.5,136.0
2023-01-21 22:00:00,6.2,45.7,81.5,39.9,45.2,40.6,136.0
2023-01-21 23:00:00,5.7,46.1,72.2,38.5,33.5,33.7,0.0
2023-01-22 00:00:00,5.6,46.1,66.7,36.3,31.7,30.7,0.0
2023-01-22 01:00:00,4.6,46.7,62.0,34.4,27.3,26.4,0.0
2023-01-22 02:00:00,5.8,46.0,57.5,32.8,25.9,25.7,0.0
2023-01-22 03:00:00,5.4,46.3,53.7,31.5,25.6,25.4,0.0
2023-01-22 04:00:00,5.6,46.1,50.1,30.2,25.1,24.9,0.0
2023-01-22 05:00:00,5.0,46.6,47.2,29.1,24.7,24.2,0.0
2023-01-22 06:00:00,5.1,46.5,65.2,27.2,35.4,26.1,48.0
2023-01-22 07:00:00,4.7,46.6,84.3,41.7,47.2,42.0,251.0
2023-01-22 08:00:00,4.6,46.7,83.1,40.6,46.2,41.2,152.0
2023-01-22 09:00:00,4.8,46.6,81.7,41.0,46.4,41.6,159.0
2023-01-22 10:00:00,5.1,46.5,81.9,40.9,46.4,41.4,154.0
2023-01-22 11:00:00,5.9,45.9,76.7,40.5,45.3,40.9,148.0
2023-01-22 12:00:00,5.5,45.2,79.0,40.7,45.8,41.2,151.0
2023-01-22 13:00:00,5.8,45.1,77.1,40.1,45.1,40.6,144.0
2023-01-22 14:00:00,6.7,44.5,77.2,39.9,45.0,40.5,139.0
2023-01-22 15:00:00,7.4,44.1,71.7,39.7,44.0,40.3,138.0
2023-01-22 16:00:00,7.4,44.1,78.2,39.1,44.1,39.8,131.0
2023-01-22 17:00:00,7.1,44.2,80.0,39.4,44.6,40.1,138.0
2023-01-22 18:00:00,6.5,44.6,82.9,39.8,44.6,40.5,141.0
2023-01-22 19:00:00,6.1,44.9,83.0,39.0,44.4,39.9,129.0
2023-01-22 20:00:00,6.2,44.8,82.7,39.4,44.7,40.2,139.0
2023-01-22 21:00:00,5.9,45.0,83.8,39.7,45.0,40.4,138.0
2023-01-22 22:00:00,5.2,45.4,59.0,38.9,33.7,34.0,49.0
2023-01-22 23:00:00,5.4,45.2,56.0,36.5,32.2,31.5,0.0
2023-01-23 00:00:00,5.3,45.4,54.6,34.6,28.4,27.2,0.0
2023-01-23 01:00:00,4.2,45.9,51.8,32.7,26.1,25.6,0.0
2023-01-23 02:00:00,4.3,45.8,49.1,31.2,25.3,25.0,0.0
2023-01-23 03:00:00,4.2,45.9,46.5,29.8,25.0,24.5,0.0
2023-01-23 04:00:00,4.5,45.8,44.1,28.6,24.5,23.9,0.0
2023-01-23 05:00:00,7.1,44.2,26.1,32.0,24.2,23.4,0.0
2023-01-23 06:00:00,7.9,43.7,78.4,32.6,42.1,31.0,99.0
2023-01-23 07:00:00,8.2,43.6,75.1,38.5,43.2,39.2,179.0
2023-01-23 08:00:00,8.3,43.5,75.1,38.1,42.8,38.8,128.0
2023-01-23 09:00:00,8.4,44.2,76.6,39.3,44.5,40.0,147.0
2023-01-23 10:00:00,9.2,43.9,75.1,39.1,44.1,39.7,137.0
2023-01-23 11:00:00,9.6,43.7,74.2,39.0,43.9,39.6,133.0
2023-01-23 12:00:00,9.7,43.7,73.6,38.8,43.6,39.4,131.0
2023-01-23 13:00:00,9.7,43.7,73.5,38.8,43.6,39.4,130.0
2023-01-23 14:00:00,9.5,43.8,73.3,38.9,43.7,39.5,129.0
2023-01-23 15:00:00,8.6,44.1,74.1,38.9,43.8,39.5,130.0
2023-01-23 16:00:00,7.7,44.5,75.5,39.2,44.2,39.8,133.0
2023-01-23 17:00:00,7.5,46.3,78.4,41.4,46.9,41.8,164.0
2023-01-23 18:00:00,7.2,46.5,79.0,41.4,47.1,41.8,157.0
2023-01-23 19:00:00,6.7,46.7,79.2,41.5,47.2,41.9,81.0
2023-01-23 20:00:00,5.7,47.2,80.4,41.4,47.1,41.7,231.0
2023-01-23 21:00:00,5.9,47.1,79.4,42.0,47.6,42.4,163.0
2023-01-23 22:00:00,5.5,47.3,79.8,41.9,42.2,42.2,153.0
2023-01-23 23:00:00,5.7,47.2,73.9,39.9,34.7,34.3,0.0
2023-01-24 00:00:00,4.5,47.7,68.2,37.3,31.2,29.9,0.0
2023-01-24 01:00:00,5.1,47.5,63.0,35.2,27.4,26.5,0.0
2023-01-24 02:00:00,4.8,47.6,58.4,33.3,26.4,25.8,0.0
2023-01-24 03:00:00,5.1,47.5,54.5,31.7,25.9,25.2,0.0
2023-01-24 04:00:00,4.6,47.6,51.1,30.4,25.0,24.4,0.0
2023-01-24 05:00:00,4.8,47.6,48.1,29.2,24.8,23.9,0.0
2023-01-24 06:00:00,5.1,47.6,73.0,33.9,42.5,31.6,95.0
2023-01-24 07:00:00,3.7,47.9,80.4,42.5,48.5,42.7,238.0
2023-01-24 08:00:00,3.8,47.8,84.0,42.3,48.1,42.7,177.0
2023-01-24 09:00:00,4.4,47.7,84.0,42.1,48.0,42.4,171.0
2023-01-24 10:00:00,3.5,47.9,83.9,42.1,48.3,42.5,172.0
2023-01-24 11:00:00,3.1,48.0,82.6,42.1,47.9,42.4,170.0
2023-01-24 12:00:00,4.2,47.7,80.0,41.8,47.3,42.0,164.0
2023-01-24 13:00:00,4.5,46.2,80.3,41.2,46.4,41.6,156.0
2023-01-24 14:00:00,4.2,44.4,79.1,40.2,44.7,40.6,141.0
2023-01-24 15:00:00,5.1,43.9,79.8,38.9,43.9,39.5,125.0
2023-01-24 16:00:00,4.9,44.0,80.0,39.2,44.2,39.8,135.0
2023-01-24 17:00:00,5.0,45.5,81.1,39.3,44.8,39.8,137.0
2023-01-24 18:00:00,4.6,45.7,82.6,40.4,45.9,41.0,156.0
2023-01-24 19:00:00,5.4,45.2,83.1,40.7,45.8,41.2,152.0
2023-01-24 20:00:00,5.1,45.4,83.8,40.3,45.7,40.9,145.0
2023-01-24 21:00:00,5.2,45.3,83.7,40.4,45.8,41.0,146.0
2023-01-24 22:00:00,3.1,46.3,83.5,40.5,45.9,41.0,147.0
2023-01-24 23:00:00,3.6,46.1,75.1,38.7,33.4,33.7,0.0
2023-01-25 00:00:00,4.5,45.6,68.9,36.4,30.5,29.6,0.0
2023-01-25 01:00:00,3.2,46.3,63.5,34.4,27.1,26.5,0.0
2023-01-25 02:00:00,3.8,46.0,58.7,32.7,25.8,25.3,0.0
2023-01-25 03:00:00,5.0,45.5,54.5,31.3,24.8,24.5,0.0
2023-01-25 04:00:00,4.2,45.8,50.8,30.0,24.2,23.8,0.0
2023-01-25 05:00:00,4.9,45.5,32.8,36.0,31.1,23.3,0.0
2023-01-25 06:00:00,4.9,46.5,73.7,37.2,45.4,35.8,150.0
2023-01-25 07:00:00,4.6,46.6,85.2,41.0,46.8,41.5,198.0
2023-01-25 08:00:00,4.6,46.6,85.0,40.9,46.7,41.4,164.0
2023-01-25 09:00:00,3.7,46.9,84.0,40.9,46.6,41.3,162.0
2023-01-25 10:00:00,4.8,46.5,83.9,41.0,46.8,41.5,161.0
2023-01-25 11:00:00,5.0,46.5,80.7,41.0,46.4,41.5,158.0
2023-01-25 12:00:00,4.6,46.6,79.5,40.7,46.2,41.2,151.0
2023-01-25 13:00:00,5.4,46.1,79.1,40.8,46.2,41.3,152.0
2023-01-25 14:00:00,4.7,46.5,79.2,40.8,46.2,41.2,151.0
2023-01-25 15:00:00,5.8,45.9,80.0,40.9,46.4,41.3,152.0
2023-01-25 16:00:00,5.7,45.9,81.1,41.0,46.4,41.5,153.0
2023-01-25 17:00:00,5.5,46.0,83.6,40.7,45.9,41.3,149.0
2023-01-25 18:00:00,4.0,46.8,83.9,40.7,46.4,41.2,150.0
2023-01-25 19:00:00,5.1,46.4,84.0,41.3,46.8,41.8,157.0
2023-01-25 20:00:00,3.8,46.9,84.0,41.1,46.7,41.7,156.0
2023-01-25 21:00:00,4.1,46.8,83.8,41.1,46.6,41.6,152.0
2023-01-25 22:00:00,4.1,46.8,78.9,40.1,34.6,34.8,59.0
2023-01-25 23:00:00,3.4,47.0,72.5,37.7,32.5,31.5,0.0
2023-01-26 00:00:00,4.1,46.8,66.5,35.5,27.6,26.8,0.0
2023-01-26 01:00:00,3.1,47.1,66.0,32.4,32.8,25.1,0.0
2023-01-26 02:00:00,2.8,47.2,64.3,23.7,36.9,24.2,0.0
2023-01-26 03:00:00,3.8,46.9,64.8,23.4,38.5,25.4,0.0
2023-01-26 04:00:00,2.9,47.2,64.6,24.7,39.5,26.2,0.0
2023-01-26 05:00:00,2.9,47.2,64.6,24.7,39.5,26.2,0.0
2023-01-26 06:00:00,2.7,44.0,85.4,39.1,47.5,38.0,193.0
2023-01-26 07:00:00,1.6,44.4,83.5,38.3,44.1,39.0,139.0
2023-01-26 08:00:00,3.0,43.9,85.0,39.1,44.1,39.8,147.0
2023-01-26 09:00:00,3.1,45.3,83.9,40.1,46.1,40.6,158.0
2023-01-26 10:00:00,2.7,45.4,83.8,40.1,45.8,40.6,155.0
2023-01-26 11:00:00,3.7,45.2,83.4,40.2,45.7,40.8,153.0
2023-01-26 12:00:00,3.2,45.3,80.8,39.9,45.1,40.3,148.0
2023-01-26 13:00:00,3.6,45.2,82.5,39.8,45.2,40.4,148.0
2023-01-26 14:00:00,3.5,45.7,80.9,39.9,45.4,40.4,145.0
2023-01-26 15:00:00,3.8,45.6,82.6,40.5,46.0,41.1,157.0
2023-01-26 16:00:00,4.4,45.3,83.2,39.9,45.2,40.5,145.0
2023-01-26 17:00:00,4.2,45.4,83.8,39.9,45.5,40.6,146.0
2023-01-26 18:00:00,3.9,47.3,83.9,40.6,47.1,41.2,151.0
2023-01-26 19:00:00,3.3,47.5,83.8,41.9,47.6,42.3,170.0
2023-01-26 20:00:00,3.1,47.5,83.5,41.8,47.4,42.2,163.0
2023-01-26 21:00:00,3.7,47.3,84.7,42.0,47.7,42.4,164.0
2023-01-26 22:00:00,4.1,47.2,85.7,41.9,47.8,42.5,163.0
2023-01-26 23:00:00,4.1,47.3,59.8,39.9,34.9,34.3,0.0
2023-01-27 00:00:00,3.8,47.3,62.4,36.9,30.9,28.7,0.0
2023-01-27 01:00:00,2.3,47.8,58.6,34.3,27.2,26.5,0.0
2023-01-27 02:00:00,1.5,48.0,54.9,32.4,25.9,25.2,0.0
2023-01-27 03:00:00,1.5,48.0,51.5,30.7,25.1,24.5,0.0
2023-01-27 04:00:00,1.6,48.0,48.4,29.3,24.4,23.8,0.0
2023-01-27 05:00:00,1.3,48.1,29.1,34.3,23.9,23.2,0.0
2023-01-27 06:00:00,1.4,48.4,76.5,34.4,43.6,32.3,103.0
2023-01-27 07:00:00,1.6,49.0,80.0,43.4,50.0,43.2,244.0
2023-01-27 08:00:00,1.8,48.9,87.1,43.1,49.5,43.5,190.0
2023-01-27 09:00:00,1.8,50.3,87.2,43.6,50.5,43.7,189.0
2023-01-27 10:00:00,2.2,50.2,85.9,44.3,50.7,44.3,199.0
2023-01-27 11:00:00,1.8,50.3,84.8,44.0,50.1,44.1,189.0
2023-01-27 12:00:00,2.1,50.2,85.9,44.1,50.7,44.2,192.0
2023-01-27 13:00:00,2.2,50.2,85.3,44.2,50.4,44.4,193.0
2023-01-27 14:00:00,2.5,50.1,85.1,44.0,50.2,44.1,187.0
2023-01-27 15:00:00,2.4,48.5,84.9,42.0,47.9,42.4,159.0
2023-01-27 16:00:00,1.9,48.6,85.5,42.2,48.2,42.5,167.0
2023-01-27 17:00:00,1.6,48.6,86.4,42.3,48.5,42.7,173.0
2023-01-27 18:00:00,1.5,50.0,86.8,42.8,49.8,42.9,177.0
2023-01-27 19:00:00,1.4,50.0,87.0,43.9,50.1,44.0,195.0
2023-01-27 20:00:00,1.5,50.0,86.7,43.6,49.9,43.9,184.0
2023-01-27 21:00:00,1.7,50.0,86.6,43.5,49.8,43.8,182.0
2023-01-27 22:00:00,1.1,50.0,86.2,43.5,44.1,43.8,176.0
2023-01-27 23:00:00,1.8,50.0,78.1,41.1,34.5,34.7,0.0
2023-01-28 00:00:00,0.7,50.0,71.4,38.3,30.9,29.6,0.0
2023-01-28 01:00:00,1.7,50.0,65.8,36.0,26.3,25.5,0.0
2023-01-28 02:00:00,2.3,50.0,60.7,33.9,25.3,24.6,0.0
2023-01-28 03:00:00,1.9,50.0,56.4,32.2,24.9,24.1,0.0
2023-01-28 04:00:00,1.9,50.0,52.5,30.7,24.2,23.3,0.0
2023-01-28 05:00:00,2.3,50.0,49.2,29.4,23.5,22.8,0.0
2023-01-28 06:00:00,1.4,52.3,85.0,39.2,48.4,36.5,180.0
2023-01-28 07:00:00,2.1,52.2,86.6,45.4,52.0,45.5,267.0
2023-01-28 08:00:00,2.2,52.2,86.6,44.9,51.7,44.9,206.0
2023-01-28 09:00:00,2.6,52.2,86.4,45.0,51.7,45.0,206.0
2023-01-28 10:00:00,2.7,52.2,85.9,45.3,52.0,45.2,206.0
2023-01-28 11:00:00,2.8,52.2,85.7,45.5,52.2,45.3,207.0
2023-01-28 12:00:00,3.0,52.2,85.9,45.6,52.3,45.5,207.0
2023-01-28 13:00:00,3.2,50.5,85.3,45.2,51.1,45.4,204.0
2023-01-28 14:00:00,3.3,46.3,85.0,40.1,45.7,40.7,131.0
2023-01-28 15:00:00,2.7,46.8,85.4,40.6,46.5,41.2,157.0
2023-01-28 16:00:00,2.9,46.6,85.4,41.1,46.9,41.7,163.0
2023-01-28 17:00:00,3.0,46.6,85.6,41.2,46.9,41.8,161.0
2023-01-28 18:00:00,3.4,46.2,85.3,41.1,46.6,41.6,156.0
2023-01-28 19:00:00,2.8,46.7,85.3,40.7,46.5,41.2,156.0
2023-01-28 20:00:00,2.5,47.0,86.1,41.3,47.2,41.8,166.0
2023-01-28 21:00:00,3.5,46.2,85.9,40.9,46.4,41.4,156.0
2023-01-28 22:00:00,3.4,46.3,80.4,39.7,34.0,34.2,59.0
2023-01-28 23:00:00,3.3,46.3,73.9,37.3,32.6,31.4,0.0
2023-01-29 00:00:00,3.3,46.3,71.5,32.5,32.6,26.0,0.0
2023-01-29 01:00:00,3.2,46.4,68.0,26.5,31.4,25.0,0.0
2023-01-29 02:00:00,3.2,46.4,65.1,24.4,33.4,24.5,0.0
2023-01-29 03:00:00,3.0,46.6,64.4,23.1,36.5,24.2,0.0
2023-01-29 04:00:00,3.1,46.5,61.0,23.2,29.1,24.6,0.0
2023-01-29 05:00:00,3.1,46.6,57.1,23.4,29.2,24.5,0.0
2023-01-29 06:00:00,2.3,47.1,44.9,27.2,30.7,23.6,0.0
2023-01-29 07:00:00,2.8,46.7,87.4,41.4,47.4,41.9,272.0
2023-01-29 08:00:00,2.5,47.0,85.3,40.6,46.6,41.1,160.0
2023-01-29 09:00:00,2.5,47.0,84.7,41.1,47.0,41.6,175.0
2023-01-29 10:00:00,3.0,46.6,85.2,41.2,47.1,41.7,169.0
2023-01-29 11:00:00,2.6,46.9,85.1,41.2,46.9,41.7,167.0
2023-01-29 12:00:00,1.8,47.5,85.4,41.0,47.2,41.5,164.0
2023-01-29 13:00:00,2.0,47.4,85.4,41.6,47.6,42.0,175.0
2023-01-29 14:00:00,1.8,47.6,85.7,41.7,47.7,42.1,172.0
2023-01-29 15:00:00,2.4,47.0,85.5,41.2,47.1,41.7,164.0
2023-01-29 16:00:00,2.6,46.9,85.9,41.4,47.1,41.8,168.0
2023-01-29 17:00:00,3.1,46.5,85.6,41.0,46.7,41.4,162.0
2023-01-29 18:00:00,2.2,48.5,85.9,41.7,47.8,42.1,169.0
2023-01-29 19:00:00,2.8,47.9,85.5,42.2,48.2,42.6,175.0
2023-01-29 20:00:00,3.1,48.5,86.0,42.3,48.3,42.6,176.0
2023-01-29 21:00:00,3.1,48.4,85.7,42.4,48.4,42.7,174.0
2023-01-29 22:00:00,2.9,48.6,85.4,42.5,42.7,42.9,171.0
2023-01-29 23:00:00,3.2,48.4,78.1,40.3,33.9,34.2,0.0
2023-01-30 00:00:00,3.4,48.2,71.3,37.6,30.5,29.4,0.0
2023-01-30 01:00:00,3.2,48.5,65.5,35.4,26.4,25.7,0.0
2023-01-30 02:00:00,3.1,48.5,60.5,33.4,25.4,24.8,0.0
2023-01-30 03:00:00,3.1,48.6,56.0,31.7,24.6,24.2,0.0
2023-01-30 04:00:00,3.3,48.3,52.1,30.3,24.1,23.4,0.0
2023-01-30 05:00:00,2.7,48.8,41.1,45.2,39.3,25.6,0.0
2023-01-30 06:00:00,2.9,49.4,86.7,39.6,49.7,37.3,158.0
2023-01-30 07:00:00,2.9,49.4,85.1,43.3,50.1,43.3,225.0
2023-01-30 08:00:00,2.1,50.0,86.2,43.3,49.6,43.5,195.0
2023-01-30 09:00:00,2.0,51.1,88.8,43.9,51.3,43.9,200.0
2023-01-30 10:00:00,2.7,51.1,88.2,44.6,51.2,44.8,211.0
2023-01-30 11:00:00,2.5,51.3,87.0,44.3,50.8,44.4,195.0
2023-01-30 12:00:00,2.0,51.5,87.1,44.5,51.5,44.5,202.0
2023-01-30 13:00:00,3.2,50.9,86.0,44.9,51.3,44.9,198.0
2023-01-30 14:00:00,3.4,50.8,86.0,44.6,51.2,44.6,196.0
2023-01-30 15:00:00,3.9,50.5,86.4,44.5,51.0,44.6,202.0
2023-01-30 16:00:00,4.0,50.5,86.7,44.3,50.9,44.4,194.0
2023-01-30 17:00:00,3.1,48.3,87.3,42.8,48.1,43.1,176.0
2023-01-30 18:00:00,3.5,48.3,87.9,41.9,48.1,42.4,164.0
2023-01-30 19:00:00,2.8,48.4,88.3,42.5,48.9,42.8,177.0
2023-01-30 20:00:00,3.3,50.4,88.4,42.9,50.3,43.0,182.0
2023-01-30 21:00:00,3.0,50.4,89.3,44.3,50.8,44.5,201.0
2023-01-30 22:00:00,2.6,50.3,87.7,44.0,44.3,44.3,184.0
2023-01-30 23:00:00,2.9,50.3,67.4,41.5,34.9,34.8,0.0
2023-01-31 00:00:00,2.8,50.3,64.8,38.6,30.6,28.8,0.0
2023-01-31 01:00:00,3.1,50.4,61.0,36.0,26.7,26.0,0.0
2023-01-31 02:00:00,3.1,50.4,57.3,33.8,25.7,25.0,0.0
2023-01-31 03:00:00,2.7,50.3,53.9,31.8,25.3,24.2,0.0
2023-01-31 04:00:00,3.1,50.4,57.4,29.9,27.9,23.3,0.0
2023-01-31 05:00:00,3.5,50.4,27.9,29.8,25.6,24.7,0.0
2023-01-31 06:00:00,2.6,50.3,81.8,31.3,42.6,29.1,84.0
2023-01-31 07:00:00,2.7,52.3,79.8,45.2,52.3,44.2,273.0
2023-01-31 08:00:00,2.9,52.2,89.4,45.8,52.9,45.6,230.0
2023-01-31 09:00:00,2.5,52.3,88.9,45.1,51.7,45.2,205.0
2023-01-31 10:00:00,2.9,52.2,88.5,45.0,51.9,45.0,204.0
2023-01-31 11:00:00,3.1,52.1,88.1,45.7,52.6,45.6,212.0
2023-01-31 12:00:00,3.3,52.0,87.6,45.7,52.5,45.6,206.0
2023-01-31 13:00:00,3.4,49.1,84.3,42.5,47.4,43.0,171.0
2023-01-31 14:00:00,3.55,47.65,83.65,41.85,46.55,42.4,168.5
2023-01-31 15:00:00,3.7,46.2,83.0,41.2,45.7,41.8,168.5
2023-01-31 16:00:00,4.0,46.0,84.8,40.2,45.7,40.8,145.0
2023-01-31 17:00:00,4.5,45.5,84.7,40.3,45.9,40.9,151.0
2023-01-31 18:00:00,4.0,46.0,84.5,40.1,45.7,40.7,150.0
2023-01-31 19:00:00,4.0,46.1,85.1,40.7,46.7,41.2,160.0
2023-01-31 20:00:00,3.8,46.1,84.8,40.7,46.2,41.3,156.0
2023-01-31 21:00:00,4.3,45.8,84.5,40.5,45.9,41.0,152.0
2023-01-31 22:00:00,3.2,46.8,85.4,40.8,46.8,41.3,158.0
2023-01-31 23:00:00,3.7,46.3,78.1,39.1,33.5,33.5,0.0
2023-02-01 00:00:00,4.0,45.9,71.3,36.8,30.8,29.7,0.0
2023-02-01 01:00:00,3.9,46.1,65.5,34.7,26.6,25.8,0.0
2023-02-01 02:00:00,3.7,46.3,60.6,33.0,25.3,24.6,0.0
2023-02-01 03:00:00,3.3,46.7,56.1,31.4,24.6,24.0,0.0
2023-02-01 04:00:00,3.1,46.9,52.3,30.1,24.1,23.5,0.0
2023-02-01 05:00:00,2.5,47.5,49.3,29.4,24.3,22.6,0.0
2023-02-01 06:00:00,3.4,46.6,86.2,40.3,48.8,39.7,213.0
2023-02-01 07:00:00,3.5,46.5,79.5,41.2,48.1,41.0,175.0
2023-02-01 08:00:00,3.6,46.4,85.7,40.7,46.4,41.2,170.0
2023-02-01 09:00:00,4.2,43.9,83.4,38.8,43.8,39.4,140.0
2023-02-01 10:00:00,4.7,43.3,82.7,38.1,43.5,38.9,134.0
2023-02-01 11:00:00,4.8,43.2,80.6,38.0,43.0,38.6,134.0
2023-02-01 12:00:00,5.5,42.8,80.3,37.8,42.9,38.6,131.0
2023-02-01 13:00:00,6.3,42.5,78.8,37.7,42.6,38.4,128.0
2023-02-01 14:00:00,6.8,42.8,78.0,37.5,42.4,38.3,125.0
2023-02-01 15:00:00,7.4,42.6,76.5,37.3,41.9,38.0,123.0
2023-02-01 16:00:00,7.4,42.5,76.9,37.5,42.3,38.2,125.0
2023-02-01 17:00:00,6.8,42.8,77.7,37.9,42.8,38.6,131.0
2023-02-01 18:00:00,5.7,43.2,80.1,38.3,43.4,39.1,134.0
2023-02-01 19:00:00,5.4,46.2,82.8,38.7,44.3,39.4,138.0
2023-02-01 20:00:00,5.1,45.4,83.5,41.1,46.6,41.6,174.0
2023-02-01 21:00:00,4.2,46.2,82.4,39.8,45.5,40.3,141.0
2023-02-01 22:00:00,4.8,45.5,83.1,40.7,46.2,41.2,159.0
2023-02-01 23:00:00,5.4,45.2,76.3,38.7,33.5,33.5,0.0
2023-02-02 00:00:00,4.7,45.7,69.8,36.4,30.7,29.5,0.0
2023-02-02 01:00:00,4.5,45.9,64.3,34.4,26.7,25.9,0.0
2023-02-02 02:00:00,4.2,46.2,59.3,32.6,25.7,24.9,0.0
2023-02-02 03:00:00,4.0,46.4,55.2,31.1,25.0,24.1,0.0
2023-02-02 04:00:00,3.2,47.2,51.6,29.7,24.1,23.4,0.0
2023-02-02 05:00:00,2.4,47.9,48.5,28.4,23.8,22.8,0.0
2023-02-02 06:00:00,2.9,48.6,65.9,30.5,38.9,29.1,91.0
2023-02-02 07:00:00,2.7,48.8,74.4,43.3,49.6,42.7,252.0
2023-02-02 08:00:00,3.9,47.8,86.8,42.1,48.3,42.4,184.0
2023-02-02 09:00:00,4.4,47.4,87.0,41.6,47.6,42.1,174.0
2023-02-02 10:00:00,4.9,46.0,85.5,40.6,46.1,41.1,159.0
2023-02-02 11:00:00,6.3,44.2,83.4,40.0,45.4,40.5,151.0
2023-02-02 12:00:00,7.1,43.0,77.2,37.6,42.3,38.2,114.0
2023-02-02 13:00:00,6.4,43.3,75.2,37.6,42.7,38.3,126.0
2023-02-02 14:00:00,4.8,44.2,79.0,38.8,44.3,39.4,144.0
2023-02-02 15:00:00,3.3,46.3,80.2,40.3,46.5,40.6,157.0
2023-02-02 16:00:00,4.6,44.9,83.5,39.7,44.8,40.4,148.0
2023-02-02 17:00:00,5.4,44.3,83.6,39.1,44.4,39.8,138.0
2023-02-02 18:00:00,5.5,44.2,83.6,39.0,44.2,39.7,137.0
2023-02-02 19:00:00,5.0,44.5,83.2,38.9,44.1,39.6,137.0
2023-02-02 20:00:00,3.9,49.2,84.0,43.2,49.6,43.3,190.0
2023-02-02 21:00:00,3.9,49.2,84.3,43.5,49.4,43.8,184.0
2023-02-02 22:00:00,4.5,48.8,84.4,42.9,43.1,43.2,165.0
2023-02-02 23:00:00,4.5,48.8,77.6,40.6,34.4,34.4,0.0
2023-02-03 00:00:00,3.7,49.2,71.0,38.1,31.4,29.9,0.0
2023-02-03 01:00:00,4.0,49.1,65.9,36.0,26.9,26.0,0.0
2023-02-03 02:00:00,4.5,48.7,60.4,33.8,25.9,25.3,0.0
2023-02-03 03:00:00,4.8,48.6,56.0,32.2,25.2,24.6,0.0
2023-02-03 04:00:00,4.6,48.6,52.2,30.7,24.4,23.8,0.0
2023-02-03 05:00:00,4.1,49.0,52.3,29.6,25.3,24.9,0.0
2023-02-03 06:00:00,4.7,51.6,82.2,32.5,39.4,30.4,88.0
2023-02-03 07:00:00,4.1,51.8,84.4,44.6,52.9,43.5,256.0
2023-02-03 08:00:00,4.8,51.6,84.7,45.2,51.7,45.1,217.0
2023-02-03 09:00:00,5.1,51.3,84.1,45.1,51.6,45.0,205.0
2023-02-03 10:00:00,5.1,51.3,81.7,45.0,51.2,44.9,203.0
2023-02-03 11:00:00,5.1,48.9,80.1,42.4,47.9,42.7,166.0
2023-02-03 12:00:00,4.9,48.0,80.9,42.0,47.8,42.3,167.0
2023-02-03 13:00:00,5.8,45.4,79.7,40.6,44.9,41.2,152.0
2023-02-03 14:00:00,5.8,45.4,78.8,39.9,45.4,40.4,141.0
2023-02-03 15:00:00,6.6,44.9,80.0,40.3,45.4,40.9,150.0
2023-02-03 16:00:00,6.6,44.9,80.0,40.0,45.1,40.6,145.0
2023-02-03 17:00:00,6.6,44.9,79.8,40.0,45.3,40.5,71.0
2023-02-03 18:00:00,5.9,45.4,80.6,40.2,45.4,40.8,220.0
2023-02-03 19:00:00,5.7,45.5,81.7,40.1,45.6,40.7,147.0
2023-02-03 20:00:00,5.8,45.4,81.0,40.5,45.8,41.0,150.0
2023-02-03 21:00:00,6.0,45.3,81.6,40.3,45.7,40.9,147.0
2023-02-03 22:00:00,6.0,45.3,82.3,40.7,41.6,41.2,149.0
2023-02-03 23:00:00,5.9,45.4,68.0,38.7,33.6,33.6,0.0
2023-02-04 00:00:00,6.0,45.3,63.9,36.4,30.8,29.5,0.0
2023-02-04 01:00:00,5.3,45.8,60.4,34.7,27.2,26.5,0.0
2023-02-04 02:00:00,5.1,45.9,56.5,32.9,26.0,25.3,0.0
2023-02-04 03:00:00,4.8,46.1,53.0,31.3,25.0,24.4,0.0
2023-02-04 04:00:00,4.2,46.6,49.7,30.0,24.4,23.9,0.0
2023-02-04 05:00:00,5.2,45.8,46.8,28.9,23.9,23.5,0.0
2023-02-04 06:00:00,4.9,46.0,75.6,35.4,43.1,34.3,136.0
2023-02-04 07:00:00,5.3,45.8,83.7,40.2,45.6,40.7,194.0
2023-02-04 08:00:00,5.6,45.6,83.7,39.8,45.2,40.3,150.0
2023-02-04 09:00:00,5.4,45.7,82.7,40.0,45.5,40.5,151.0
2023-02-04 10:00:00,5.3,45.8,82.7,40.3,45.8,40.8,155.0
2023-02-04 11:00:00,5.8,45.4,82.4,40.3,45.7,40.9,152.0
2023-02-04 12:00:00,5.3,45.8,78.6,40.1,45.1,40.7,147.0
2023-02-04 13:00:00,6.1,44.3,78.3,40.4,45.1,41.0,152.0
2023-02-04 14:00:00,4.2,45.8,83.8,40.5,46.4,40.9,149.0
2023-02-04 15:00:00,3.5,46.4,84.5,40.8,46.4,41.3,158.0
2023-02-04 16:00:00,3.4,46.6,84.7,41.7,47.3,42.1,168.0
2023-02-04 17:00:00,2.7,47.2,86.0,41.3,47.1,41.8,159.0
2023-02-04 18:00:00,1.1,48.9,85.8,41.6,48.1,42.0,164.0
2023-02-04 19:00:00,0.9,48.5,86.1,42.4,48.6,42.8,177.0
2023-02-04 20:00:00,0.0,48.0,86.4,42.4,48.1,42.9,174.0
2023-02-04 21:00:00,-0.3,48.5,86.4,42.1,48.0,42.5,165.0
2023-02-04 22:00:00,-0.8,48.9,85.7,42.0,42.3,42.4,161.0
2023-02-04 23:00:00,0.0,48.0,78.9,39.8,33.9,34.0,0.0
2023-02-05 00:00:00,-1.0,49.1,72.0,37.2,30.6,29.5,0.0
2023-02-05 01:00:00,-1.1,49.2,66.0,34.9,26.7,25.6,0.0
2023-02-05 02:00:00,-1.0,49.1,60.8,33.0,25.4,24.7,0.0
2023-02-05 03:00:00,-1.3,49.4,56.5,31.3,24.8,23.9,0.0
2023-02-05 04:00:00,-2.3,50.5,54.2,29.9,26.0,23.1,0.0
2023-02-05 05:00:00,-2.6,50.8,58.0,22.3,36.7,21.9,0.0
2023-02-05 06:00:00,-2.9,49.3,89.8,34.3,43.0,32.8,138.0
2023-02-05 07:00:00,-3.3,49.7,90.0,43.0,49.4,43.2,259.0
2023-02-05 08:00:00,-2.5,49.0,90.3,42.4,49.1,42.7,191.0
2023-02-05 09:00:00,-2.6,49.1,90.2,42.5,49.1,42.9,191.0
2023-02-05 10:00:00,-2.0,48.6,89.6,42.6,49.1,42.9,189.0
2023-02-05 11:00:00,-2.3,48.9,88.6,42.6,48.7,43.0,186.0
2023-02-05 12:00:00,-2.2,48.7,88.1,42.3,48.6,42.7,180.0
2023-02-05 13:00:00,-1.4,48.2,88.1,42.4,48.7,42.8,183.0
2023-02-05 14:00:00,-1.3,48.2,88.6,42.4,48.8,42.8,183.0
2023-02-05 15:00:00,-0.5,47.4,86.7,42.1,48.1,42.4,176.0
2023-02-05 16:00:00,-1.3,48.1,86.6,41.4,47.4,41.9,166.0
2023-02-05 17:00:00,-0.9,49.0,89.5,42.5,49.1,42.8,185.0
2023-02-05 18:00:00,-1.5,51.0,90.0,43.8,51.2,43.9,197.0
2023-02-05 19:00:00,-1.7,51.3,89.9,44.8,51.7,44.9,210.0
2023-02-05 20:00:00,-1.5,51.1,90.2,44.6,51.2,44.7,201.0
2023-02-05 21:00:00,-1.8,51.4,90.0,44.4,51.0,44.6,199.0
2023-02-05 22:00:00,-1.4,51.0,89.8,44.5,51.1,44.7,196.0
2023-02-05 23:00:00,-0.2,41.5,88.4,36.2,40.0,37.0,83.0
2023-02-06 00:00:00,-1.4,41.8,89.5,36.9,42.0,37.7,126.0
2023-02-06 01:00:00,-2.3,41.9,30.2,35.9,30.5,30.7,0.0
2023-02-06 02:00:00,-2.6,42.0,32.2,35.1,31.6,28.6,0.0
2023-02-06 03:00:00,-2.3,41.9,35.9,51.8,32.6,24.0,0.0
2023-02-06 04:00:00,-1.9,41.9,36.6,55.3,29.5,23.5,0.0
2023-02-06 05:00:00,-2.9,42.1,34.3,45.6,31.6,29.5,0.0
2023-02-06 06:00:00,-2.2,51.8,82.4,41.9,49.8,40.9,204.0
2023-02-06 07:00:00,-3.3,52.9,86.1,46.7,53.8,46.2,256.0
2023-02-06 08:00:00,-2.9,53.4,88.8,46.5,53.9,46.1,227.0
2023-02-06 09:00:00,-3.6,53.9,92.2,47.0,54.0,46.8,238.0
2023-02-06 10:00:00,-3.5,53.8,91.0,46.0,53.1,45.9,220.0
2023-02-06 11:00:00,-3.0,53.4,90.0,46.3,53.3,46.1,225.0
2023-02-06 12:00:00,-2.7,53.2,90.3,46.4,53.7,46.2,225.0
2023-02-06 13:00:00,-2.3,49.6,89.9,42.7,49.3,43.0,173.0
2023-02-06 14:00:00,-1.9,49.1,88.4,43.0,49.3,43.3,188.0
2023-02-06 15:00:00,-2.3,49.6,87.1,42.8,48.9,43.1,182.0
2023-02-06 16:00:00,-2.0,49.3,89.0,42.9,49.3,43.1,185.0
2023-02-06 17:00:00,-2.6,49.9,90.3,43.4,50.1,43.6,193.0
2023-02-06 18:00:00,-2.0,50.8,90.8,44.1,51.0,44.3,200.0
2023-02-06 19:00:00,-0.9,60.0,91.1,43.7,50.6,44.0,194.0
2023-02-06 20:00:00,-0.9,51.8,90.2,46.4,50.5,46.5,241.0
2023-02-06 21:00:00,-0.4,60.0,90.4,50.3,58.6,48.8,257.0
2023-02-06 22:00:00,-0.6,60.0,90.2,50.9,57.9,50.0,265.0
2023-02-06 23:00:00,-0.7,60.0,66.4,48.0,36.6,36.8,60.0
2023-02-07 00:00:00,0.1,50.4,62.1,43.5,33.6,32.3,0.0
2023-02-07 01:00:00,-0.3,60.0,58.3,39.8,27.2,26.2,0.0
2023-02-07 02:00:00,-0.4,60.0,54.8,36.7,25.7,25.2,0.0
2023-02-07 03:00:00,-0.9,60.0,51.4,34.1,24.6,24.1,0.0
2023-02-07 04:00:00,-0.6,60.0,48.3,32.0,23.6,23.0,0.0
2023-02-07 05:00:00,-1.2,51.7,77.2,40.5,47.6,40.3,222.0
2023-02-07 06:00:00,-0.6,51.1,75.5,43.1,49.3,42.1,190.0
2023-02-07 07:00:00,-0.5,51.1,87.0,45.0,51.5,45.0,225.0
2023-02-07 08:00:00,-0.9,51.4,90.4,44.2,51.0,44.4,205.0
2023-02-07 09:00:00,-2.3,52.6,89.3,45.1,52.7,44.9,216.0
2023-02-07 10:00:00,-1.9,52.3,88.2,45.0,51.9,44.9,214.0
2023-02-07 11:00:00,-1.9,52.3,89.1,45.6,52.8,45.4,216.0
2023-02-07 12:00:00,-2.5,52.8,87.2,45.3,52.2,45.2,212.0
2023-02-07 13:00:00,-2.2,52.5,88.8,45.5,52.4,45.3,210.0
2023-02-07 14:00:00,-1.2,51.6,86.7,45.6,52.0,45.6,213.0
2023-02-07 15:00:00,-1.3,51.7,86.8,44.7,51.3,44.6,198.0
2023-02-07 16:00:00,-1.0,51.4,86.7,45.2,52.0,45.2,206.0
2023-02-07 17:00:00,-0.6,51.1,89.3,44.9,51.9,45.0,204.0
2023-02-07 18:00:00,0.0,49.1,90.3,42.4,48.5,42.7,171.0
2023-02-07 19:00:00,-0.8,49.9,90.4,42.7,49.1,43.1,185.0
2023-02-07 20:00:00,-0.3,49.4,90.2,43.4,50.0,43.7,193.0
2023-02-07 21:00:00,0.3,48.7,89.7,43.0,49.3,43.3,187.0
2023-02-07 22:00:00,-0.2,51.2,90.0,43.2,50.6,43.2,186.0
2023-02-07 23:00:00,0.2,50.6,47.9,43.8,40.5,40.8,152.0
2023-02-08 00:00:00,-0.5,51.6,58.8,37.6,33.3,33.2,0.0
2023-02-08 01:00:00,-0.4,51.4,56.2,34.8,29.6,28.2,0.0
2023-02-08 02:00:00,-0.5,51.6,52.3,32.6,25.7,24.9,0.0
2023-02-08 03:00:00,-0.7,51.9,49.0,30.8,24.4,23.8,0.0
2023-02-08 04:00:00,-1.0,52.3,33.4,37.0,31.9,22.9,0.0
2023-02-08 05:00:00,-0.8,51.9,51.0,56.1,48.6,22.0,0.0
2023-02-08 06:00:00,-0.9,52.0,78.0,37.7,46.2,37.6,185.0
2023-02-08 07:00:00,-2.1,53.3,90.4,45.8,53.3,45.5,269.0
2023-02-08 08:00:00,-0.7,50.8,89.8,44.8,51.5,44.7,217.0
2023-02-08 09:00:00,-0.9,51.0,88.3,43.7,50.8,43.7,201.0
2023-02-08 10:00:00,-0.1,50.2,87.1,44.2,50.8,44.1,210.0
2023-02-08 11:00:00,1.0,49.0,86.8,43.4,49.9,43.4,193.0
2023-02-08 12:00:00,0.3,49.7,85.7,42.7,49.1,43.0,186.0
2023-02-08 13:00:00,1.9,48.0,84.4,42.4,48.7,42.6,181.0
2023-02-08 14:00:00,1.8,48.2,83.3,42.6,48.6,42.8,181.0
2023-02-08 15:00:00,1.7,47.9,84.0,41.6,47.4,41.9,168.0
2023-02-08 16:00:00,1.0,48.6,84.7,41.8,48.3,42.1,171.0
2023-02-08 17:00:00,0.3,49.2,87.0,42.8,49.4,42.9,188.0
2023-02-08 18:00:00,-1.6,51.0,87.7,43.4,50.1,43.5,192.0
2023-02-08 19:00:00,-0.3,49.8,88.6,43.6,49.9,43.8,199.0
2023-02-08 20:00:00,-1.6,51.1,89.0,44.0,50.8,44.1,199.0
2023-02-08 21:00:00,-0.3,49.8,90.2,43.7,50.1,43.9,194.0
2023-02-08 22:00:00,-0.5,50.0,90.0,43.3,49.9,43.6,184.0
2023-02-08 23:00:00,-1.0,50.4,90.6,43.4,49.9,43.8,193.0
2023-02-09 00:00:00,-1.9,51.2,89.6,45.0,52.0,45.0,208.0
2023-02-09 01:00:00,-3.1,52.3,89.5,44.2,51.1,44.2,194.0
2023-02-09 02:00:00,-1.5,50.9,90.8,44.6,50.9,44.8,208.0
2023-02-09 03:00:00,-1.9,51.3,90.8,45.1,52.2,45.1,203.0
2023-02-09 04:00:00,-3.9,53.1,90.7,46.5,53.5,46.2,221.0
2023-02-09 05:00:00,-2.6,51.9,90.8,45.8,52.1,45.9,209.0
2023-02-09 06:00:00,-2.4,51.7,94.8,44.9,52.6,45.0,198.0
2023-02-09 07:00:00,-3.6,52.8,94.8,45.6,52.4,45.8,212.0
2023-02-09 08:00:00,-2.9,53.8,94.1,45.5,52.7,45.7,216.0
2023-02-09 09:00:00,-1.4,52.1,92.3,45.4,51.7,45.6,215.0
2023-02-09 10:00:00,-0.8,51.4,90.8,45.5,51.9,45.5,209.0
2023-02-09 11:00:00,0.4,50.0,88.6,44.3,50.7,44.5,190.0
2023-02-09 12:00:00,1.6,48.7,85.7,43.2,43.5,43.5,174.0
2023-02-09 13:00:00,1.9,47.3,82.0,41.0,46.4,41.4,154.0
2023-02-09 14:00:00,2.1,47.1,80.1,41.7,46.9,42.1,164.0
2023-02-09 15:00:00,2.0,47.1,79.1,41.6,47.3,41.9,159.0
2023-02-09 16:00:00,2.0,47.3,80.9,41.9,47.8,42.3,166.0
2023-02-09 17:00:00,1.5,47.8,82.2,42.0,48.2,42.4,168.0
2023-02-09 18:00:00,1.8,47.5,84.9,41.9,47.8,42.3,170.0
2023-02-09 19:00:00,1.5,47.8,84.3,41.5,47.1,42.0,163.0
2023-02-09 20:00:00,0.7,48.8,85.4,41.8,48.3,42.2,168.0
2023-02-09 21:00:00,1.0,48.2,86.7,42.4,48.2,42.7,178.0
2023-02-09 22:00:00,-0.3,49.9,88.5,42.8,50.0,43.0,178.0
2023-02-09 23:00:00,-1.5,52.1,89.1,45.1,51.9,45.2,214.0
2023-02-10 00:00:00,-1.9,48.0,88.9,41.4,47.5,42.0,151.0
2023-02-10 01:00:00,-1.8,44.0,88.4,38.8,42.6,39.5,133.0
2023-02-10 02:00:00,-2.8,40.0,89.0,37.0,39.3,37.6,112.0
2023-02-10 03:00:00,-2.9,40.0,89.3,35.0,39.5,36.1,96.0
2023-02-10 04:00:00,-4.1,40.0,90.3,35.2,39.7,36.2,108.0
2023-02-10 05:00:00,-4.9,40.0,90.1,35.2,39.6,36.1,109.0
2023-02-10 06:00:00,-5.1,40.0,91.3,35.1,39.6,36.1,110.0
2023-02-10 07:00:00,-5.8,56.7,84.2,46.3,53.8,45.5,258.0
2023-02-10 08:00:00,-3.1,56.1,88.1,49.1,56.9,48.0,261.0
2023-02-10 09:00:00,-1.5,54.6,91.8,48.1,55.1,47.9,241.0
2023-02-10 10:00:00,-0.6,53.8,90.7,47.1,54.4,46.8,218.0
2023-02-10 11:00:00,0.1,52.9,88.7,46.4,52.7,46.4,214.0
2023-02-10 12:00:00,1.1,48.6,86.4,42.4,48.0,42.8,161.0
2023-02-10 13:00:00,1.8,47.8,84.6,42.1,48.0,42.6,164.0
2023-02-10 14:00:00,2.5,47.1,83.6,42.0,47.5,42.5,165.0
2023-02-10 15:00:00,1.9,47.7,82.8,41.4,47.1,41.9,157.0
2023-02-10 16:00:00,2.2,47.3,83.4,41.9,47.6,42.3,163.0
2023-02-10 17:00:00,1.5,48.2,84.7,41.8,48.4,42.1,163.0
2023-02-10 18:00:00,1.0,48.8,86.7,42.6,48.6,43.0,177.0
2023-02-10 19:00:00,1.7,47.9,86.3,42.5,48.3,42.9,171.0
2023-02-10 20:00:00,1.6,48.0,86.1,42.5,48.4,42.9,170.0
2023-02-10 21:00:00,1.1,48.6,88.3,42.4,48.4,42.8,168.0
2023-02-10 22:00:00,0.5,49.4,89.3,43.1,49.4,43.5,179.0
2023-02-10 23:00:00,-0.5,50.7,89.7,43.7,50.1,44.0,184.0
2023-02-11 00:00:00,-0.3,50.4,84.3,41.3,50.1,40.4,135.0
2023-02-11 01:00:00,-0.6,50.8,85.5,42.3,35.1,35.2,58.0
2023-02-11 02:00:00,-2.0,52.5,77.1,39.1,32.0,30.7,0.0
2023-02-11 03:00:00,-2.9,47.2,70.1,36.4,27.0,25.8,0.0
2023-02-11 04:00:00,-3.4,47.4,36.9,42.2,27.1,26.7,0.0
2023-02-11 05:00:00,-3.6,54.4,87.0,42.3,52.1,41.0,206.0
2023-02-11 06:00:00,-3.9,53.9,95.9,47.7,54.6,47.6,279.0
2023-02-11 07:00:00,-4.3,54.3,94.1,46.8,54.4,46.6,217.0
2023-02-11 08:00:00,-2.6,52.4,94.3,46.3,52.9,46.4,221.0
2023-02-11 09:00:00,-1.2,53.1,91.6,46.0,53.4,45.9,207.0
2023-02-11 10:00:00,-0.4,52.7,90.1,46.1,52.8,46.0,212.0
2023-02-11 11:00:00,0.6,50.0,86.8,43.3,49.6,43.5,173.0
2023-02-11 12:00:00,1.5,50.0,85.8,43.6,49.6,43.7,184.0
2023-02-11 13:00:00,1.9,46.5,84.1,42.7,48.1,43.1,168.0
2023-02-11 14:00:00,2.7,46.1,83.5,40.2,45.6,40.8,134.0
2023-02-11 15:00:00,3.5,45.7,81.4,40.2,45.4,40.8,146.0
2023-02-11 16:00:00,3.9,45.6,80.2,40.0,45.0,40.6,141.0
2023-02-11 17:00:00,3.4,45.8,80.9,40.0,45.6,40.5,143.0
2023-02-11 18:00:00,1.6,48.0,86.2,42.6,48.5,43.0,186.0
2023-02-11 19:00:00,0.0,48.5,86.3,42.5,48.5,42.9,170.0
2023-02-11 20:00:00,0.7,48.2,86.4,42.6,48.5,43.0,170.0
2023-02-11 21:00:00,1.1,48.1,87.9,42.7,48.5,43.1,171.0
2023-02-11 22:00:00,1.2,48.1,87.8,42.5,48.4,42.8,167.0
2023-02-11 23:00:00,-0.3,48.6,81.3,42.0,39.3,39.6,121.0
2023-02-12 00:00:00,-1.2,48.9,70.2,39.3,33.7,33.7,0.0
2023-02-12 01:00:00,-0.2,48.5,65.3,36.6,28.7,27.9,0.0
2023-02-12 02:00:00,-0.6,48.7,60.7,34.5,26.3,25.8,0.0
2023-02-12 03:00:00,0.2,48.4,56.3,32.5,25.3,24.7,0.0
2023-02-12 04:00:00,0.5,48.3,52.3,30.9,24.3,24.0,0.0
2023-02-12 05:00:00,0.0,48.5,89.0,42.1,50.1,41.9,257.0
2023-02-12 06:00:00,0.6,50.5,88.0,43.1,50.7,42.9,186.0
2023-02-12 07:00:00,0.2,50.9,88.5,44.1,50.4,44.3,203.0
2023-02-12 08:00:00,0.5,50.1,86.3,43.7,49.8,43.9,187.0
2023-02-12 09:00:00,1.1,49.7,86.5,43.4,49.7,43.7,184.0
2023-02-12 10:00:00,1.5,49.4,86.4,43.4,49.6,43.7,186.0
2023-02-12 11:00:00,1.8,49.2,84.1,43.2,49.0,43.4,179.0
2023-02-12 12:00:00,2.1,49.0,85.5,42.9,48.9,43.2,180.0
2023-02-12 13:00:00,2.4,48.8,83.9,43.0,48.8,43.2,177.0
2023-02-12 14:00:00,3.0,47.2,80.8,42.6,48.1,43.0,169.0
2023-02-12 15:00:00,3.4,46.9,83.2,41.2,46.7,41.7,151.0
2023-02-12 16:00:00,3.9,45.7,80.7,40.5,45.8,41.1,145.0
2023-02-12 17:00:00,3.2,46.2,83.5,40.5,46.0,41.1,149.0
2023-02-12 18:00:00,3.9,45.7,83.7,40.8,46.2,41.3,151.0
2023-02-12 19:00:00,3.9,45.7,83.7,40.9,46.3,41.6,151.0
2023-02-12 20:00:00,3.7,46.7,83.8,40.4,45.9,40.9,142.0
2023-02-12 21:00:00,3.5,46.9,84.9,41.6,47.3,42.1,162.0
2023-02-12 22:00:00,2.6,47.4,41.8,41.7,41.8,42.0,148.0
2023-02-12 23:00:00,1.8,47.9,59.6,66.8,56.6,35.1,0.0
2023-02-13 00:00:00,1.5,48.1,56.1,48.2,30.1,29.9,0.0
2023-02-13 01:00:00,1.0,48.4,52.5,42.9,28.9,27.7,0.0
2023-02-13 02:00:00,0.1,48.9,49.0,38.5,25.5,24.7,0.0
2023-02-13 03:00:00,0.1,48.9,46.0,35.1,24.0,23.6,0.0
2023-02-13 04:00:00,-0.3,49.2,43.4,32.5,23.5,22.9,0.0
2023-02-13 05:00:00,-0.3,49.2,38.8,42.4,41.2,22.1,0.0
2023-02-13 06:00:00,-0.3,49.2,75.7,39.6,46.8,39.4,226.0
2023-02-13 07:00:00,-1.3,49.8,84.0,43.5,49.6,43.6,220.0
2023-02-13 08:00:00,-0.4,50.4,90.3,44.7,51.1,44.9,209.0
2023-02-13 09:00:00,1.1,49.1,86.8,42.6,48.3,43.0,174.0
2023-02-13 10:00:00,2.2,48.0,86.2,42.2,48.2,42.5,172.0
2023-02-13 11:00:00,3.3,47.3,83.7,42.1,47.8,42.4,173.0
2023-02-13 12:00:00,4.2,46.6,80.8,41.4,46.6,41.8,161.0
2023-02-13 13:00:00,4.9,44.2,78.7,39.7,44.1,40.3,137.0
2023-02-13 14:00:00,5.5,43.7,78.0,38.3,42.9,38.9,121.0
2023-02-13 15:00:00,5.9,43.6,78.0,38.4,43.2,39.1,129.0
2023-02-13 16:00:00,6.3,43.4,78.0,38.5,43.3,39.2,128.0
2023-02-13 17:00:00,5.7,45.0,77.1,38.3,44.2,38.8,126.0
2023-02-13 18:00:00,4.2,47.6,82.9,41.0,47.2,41.4,170.0
2023-02-13 19:00:00,2.9,48.6,85.4,43.0,49.3,43.2,183.0
2023-02-13 20:00:00,2.8,49.9,86.0,44.0,50.7,44.0,188.0
2023-02-13 21:00:00,2.5,50.1,86.2,43.5,49.9,43.8,179.0
2023-02-13 22:00:00,1.7,50.6,85.8,43.7,43.5,43.7,171.0
2023-02-13 23:00:00,1.1,51.0,75.4,41.1,34.6,34.5,0.0
2023-02-14 00:00:00,1.6,50.7,69.2,38.1,29.6,28.5,0.0
2023-02-14 01:00:00,1.7,50.6,63.8,35.7,26.4,25.8,0.0
2023-02-14 02:00:00,2.7,49.9,59.0,33.6,25.1,24.7,0.0
2023-02-14 03:00:00,2.8,49.9,54.8,31.8,24.3,23.6,0.0
2023-02-14 04:00:00,2.8,49.9,51.0,30.3,23.4,22.9,0.0
2023-02-14 05:00:00,2.2,50.3,33.2,34.4,28.6,22.3,0.0
2023-02-14 06:00:00,2.6,50.0,72.3,32.5,39.4,32.3,108.0
2023-02-14 07:00:00,2.5,50.1,79.3,43.7,51.1,42.8,243.0
2023-02-14 08:00:00,2.9,49.8,86.0,43.7,50.2,43.8,204.0
2023-02-14 09:00:00,3.4,49.5,84.7,43.4,49.9,43.5,191.0
2023-02-14 10:00:00,3.8,47.7,83.8,41.8,47.3,42.2,170.0
2023-02-14 11:00:00,4.7,47.3,80.9,40.9,46.5,41.3,158.0
2023-02-14 12:00:00,5.1,46.9,80.8,41.2,46.8,41.5,164.0
2023-02-14 13:00:00,5.4,46.6,80.2,41.2,46.9,41.6,162.0
2023-02-14 14:00:00,5.2,46.7,79.0,41.1,46.6,41.5,161.0
2023-02-14 15:00:00,5.4,46.6,80.3,41.0,46.6,41.4,158.0
2023-02-14 16:00:00,5.7,46.4,80.2,41.3,46.7,41.7,160.0
2023-02-14 17:00:00,5.4,46.6,81.0,41.5,47.1,41.8,159.0
2023-02-14 18:00:00,5.2,46.8,80.9,41.6,47.3,42.1,163.0
2023-02-14 19:00:00,5.5,46.6,81.9,41.4,46.9,41.8,158.0
2023-02-14 20:00:00,5.7,46.3,80.0,41.3,46.7,41.8,158.0
2023-02-14 21:00:00,5.5,46.6,76.6,40.7,46.0,41.0,148.0
2023-02-14 22:00:00,5.4,46.6,78.7,41.0,43.0,41.3,154.0
2023-02-14 23:00:00,5.4,46.6,72.8,39.1,33.7,33.8,0.0
2023-02-15 00:00:00,5.9,46.3,66.9,37.1,31.1,29.9,0.0
2023-02-15 01:00:00,5.6,46.4,62.1,34.9,26.8,25.9,0.0
2023-02-15 02:00:00,5.4,46.6,57.5,33.1,26.0,25.1,0.0
2023-02-15 03:00:00,5.2,46.7,53.7,31.6,25.5,24.5,0.0
2023-02-15 04:00:00,4.7,47.1,50.4,30.2,24.9,23.9,0.0
2023-02-15 05:00:00,4.3,47.3,47.8,28.8,25.3,23.2,0.0
2023-02-15 06:00:00,4.2,48.4,81.6,38.1,46.3,36.6,173.0
2023-02-15 07:00:00,4.2,48.3,80.9,42.5,48.2,42.7,216.0
2023-02-15 08:00:00,4.4,48.3,79.2,41.8,47.6,42.1,172.0
2023-02-15 09:00:00,4.7,48.1,78.0,42.0,47.6,42.1,175.0
2023-02-15 10:00:00,5.4,46.6,74.7,41.2,46.2,41.4,159.0
2023-02-15 11:00:00,5.7,46.4,73.6,40.5,45.7,40.6,154.0
2023-02-15 12:00:00,5.8,49.3,74.3,43.1,49.1,42.8,182.0
2023-02-15 13:00:00,6.5,48.8,73.3,43.5,49.0,43.3,185.0
2023-02-15 14:00:00,6.7,44.6,77.7,42.6,45.6,43.2,166.0
2023-02-15 15:00:00,6.6,44.6,74.4,39.2,44.4,39.7,113.0
2023-02-15 16:00:00,7.0,44.5,74.3,39.8,44.7,40.3,142.0
2023-02-15 17:00:00,7.1,44.5,72.6,39.2,44.2,39.5,131.0
2023-02-15 18:00:00,5.4,44.9,79.9,40.1,45.5,40.6,116.0
2023-02-15 19:00:00,4.15,45.85,81.45,40.7,46.05,41.2,174.5
2023-02-15 20:00:00,2.9,46.8,83.0,41.3,46.6,41.8,174.5
2023-02-15 21:00:00,2.8,46.9,84.7,40.9,46.1,41.5,156.0
2023-02-15 22:00:00,1.2,48.4,82.5,40.8,37.1,37.1,94.0
2023-02-15 23:00:00,0.8,48.7,75.0,38.3,33.2,32.7,0.0
2023-02-16 00:00:00,-0.2,49.6,68.6,35.7,28.2,27.0,0.0
2023-02-16 01:00:00,0.0,49.5,63.1,33.9,27.1,25.4,0.0
2023-02-16 02:00:00,-0.7,50.2,64.6,29.0,32.3,24.1,0.0
2023-02-16 03:00:00,-1.4,50.8,63.2,22.3,39.2,23.5,0.0
2023-02-16 04:00:00,0.8,48.8,63.6,23.2,37.0,25.4,0.0
2023-02-16 05:00:00,-1.5,50.9,62.3,24.2,41.2,25.4,0.0
2023-02-16 06:00:00,-2.0,51.3,78.0,30.8,41.6,29.1,82.0
2023-02-16 07:00:00,0.1,49.4,90.3,44.2,50.0,44.6,275.0
2023-02-16 08:00:00,0.6,48.9,89.5,42.7,49.2,43.0,175.0
2023-02-16 09:00:00,2.4,47.3,85.7,42.0,47.7,42.4,170.0
2023-02-16 10:00:00,3.6,46.2,84.1,41.2,46.7,41.7,158.0
2023-02-16 11:00:00,4.5,45.4,81.5,40.6,45.6,41.1,151.0
2023-02-16 12:00:00,5.7,44.8,78.5,39.6,44.5,40.3,138.0
2023-02-16 13:00:00,6.7,44.6,75.4,39.1,44.1,39.7,132.0
2023-02-16 14:00:00,7.7,42.8,72.9,38.3,42.6,38.9,123.0
2023-02-16 15:00:00,8.3,42.5,70.6,37.7,41.9,38.4,114.0
2023-02-16 16:00:00,8.8,42.3,70.4,37.4,41.9,38.1,113.0
2023-02-16 17:00:00,8.1,42.6,69.6,37.5,42.1,38.1,116.0
2023-02-16 18:00:00,5.4,45.6,78.9,40.4,45.9,40.9,156.0
2023-02-16 19:00:00,4.2,46.3,80.8,41.0,46.4,41.4,155.0
2023-02-16 20:00:00,6.1,45.2,81.8,40.5,45.8,41.0,147.0
2023-02-16 21:00:00,3.3,47.5,83.6,40.7,46.6,41.2,150.0
2023-02-16 22:00:00,3.1,47.5,82.9,41.9,41.6,41.8,149.0
2023-02-16 23:00:00,2.8,47.6,73.2,39.5,34.3,34.1,0.0
2023-02-17 00:00:00,3.7,47.3,67.9,36.9,29.6,28.3,0.0
2023-02-17 01:00:00,2.5,47.7,62.9,34.6,26.7,25.9,0.0
2023-02-17 02:00:00,0.9,48.2,58.1,32.6,25.7,24.9,0.0
2023-02-17 03:00:00,2.5,47.7,54.3,31.0,24.9,24.1,0.0
2023-02-17 04:00:00,1.7,47.9,50.7,29.6,24.0,23.5,0.0
2023-02-17 05:00:00,1.2,48.1,24.7,39.2,25.4,24.0,0.0
2023-02-17 06:00:00,0.5,49.3,76.2,36.2,43.3,35.4,136.0
2023-02-17 07:00:00,2.0,48.9,84.6,43.4,49.5,43.6,230.0
2023-02-17 08:00:00,2.9,48.6,86.9,42.6,48.8,42.9,182.0
2023-02-17 09:00:00,4.1,48.2,84.4,42.4,48.2,42.7,176.0
2023-02-17 10:00:00,5.4,47.6,82.7,41.9,47.4,42.3,166.0
2023-02-17 11:00:00,6.5,44.2,78.6,39.4,43.4,39.9,134.0
2023-02-17 12:00:00,7.5,43.6,72.9,38.6,43.2,39.2,129.0
2023-02-17 13:00:00,8.9,42.8,68.6,37.9,42.1,38.5,115.0
2023-02-17 14:00:00,9.4,42.5,66.0,37.1,34.4,34.6,68.0
2023-02-17 15:00:00,10.9,41.7,64.6,33.5,30.2,30.2,0.0
2023-02-17 16:00:00,10.9,41.7,67.0,37.9,42.9,38.2,148.0
2023-02-17 17:00:00,10.1,44.3,64.3,37.5,42.9,37.6,112.0
2023-02-17 18:00:00,8.9,47.3,72.7,40.2,45.7,40.6,160.0
2023-02-17 19:00:00,7.1,48.0,75.6,42.9,48.6,42.9,177.0
2023-02-17 20:00:00,7.5,47.8,76.6,42.7,48.4,42.8,171.0
2023-02-17 21:00:00,6.3,48.4,78.1,43.0,48.8,43.0,171.0
2023-02-17 22:00:00,5.6,48.6,78.7,43.2,43.5,43.3,170.0
2023-02-17 23:00:00,5.3,48.8,70.1,40.8,35.4,33.7,0.0
2023-02-18 00:00:00,4.0,49.5,65.6,37.3,30.5,29.0,0.0
2023-02-18 01:00:00,3.1,49.9,61.1,34.9,27.2,26.6,0.0
2023-02-18 02:00:00,3.9,49.5,56.8,32.8,26.5,25.8,0.0
2023-02-18 03:00:00,4.0,49.5,53.0,31.1,25.2,24.5,0.0
2023-02-18 04:00:00,4.1,49.4,49.6,29.6,24.3,23.6,0.0
2023-02-18 05:00:00,3.5,49.7,46.7,28.4,23.8,23.2,0.0
2023-02-18 06:00:00,3.4,50.6,79.5,32.6,41.4,33.0,124.0
2023-02-18 07:00:00,2.4,51.0,86.0,44.8,51.2,44.7,263.0
2023-02-18 08:00:00,3.8,50.4,85.2,44.4,50.9,44.3,195.0
2023-02-18 09:00:00,5.4,49.7,81.1,43.9,49.6,43.9,186.0
2023-02-18 10:00:00,6.7,48.2,78.2,42.7,48.2,42.9,167.0
2023-02-18 11:00:00,7.7,47.8,75.3,41.8,46.9,42.1,159.0
2023-02-18 12:00:00,8.9,47.3,73.5,41.5,46.8,41.8,156.0
2023-02-18 13:00:00,10.4,46.6,71.2,41.2,41.1,41.3,143.0
2023-02-18 14:00:00,11.4,46.1,67.0,39.2,33.9,33.9,0.0
2023-02-18 15:00:00,11.5,46.1,62.3,36.9,29.9,28.8,0.0
2023-02-18 16:00:00,11.6,46.0,58.2,35.1,27.2,26.8,0.0
2023-02-18 17:00:00,11.2,46.2,54.4,33.5,26.1,25.5,0.0
2023-02-18 18:00:00,9.7,46.9,75.7,38.8,46.0,38.6,182.0
2023-02-18 19:00:00,8.7,47.3,76.8,41.8,47.1,42.0,184.0
2023-02-18 20:00:00,8.3,47.5,78.3,41.5,47.1,41.8,159.0
2023-02-18 21:00:00,7.6,47.8,77.0,41.7,47.0,41.9,161.0
2023-02-18 22:00:00,7.0,48.0,74.0,40.6,34.7,34.9,61.0
2023-02-18 23:00:00,7.4,47.9,68.4,38.1,32.7,31.5,0.0
2023-02-19 00:00:00,7.8,47.7,63.1,35.9,27.9,27.1,0.0
2023-02-19 01:00:00,7.5,47.8,58.5,33.9,26.5,26.0,0.0
2023-02-19 02:00:00,7.7,47.8,54.4,32.2,25.7,25.0,0.0
2023-02-19 03:00:00,6.0,48.5,51.0,30.8,24.7,24.0,0.0
2023-02-19 04:00:00,5.7,48.6,47.9,29.5,24.1,23.5,0.0
2023-02-19 05:00:00,6.4,48.3,45.1,28.4,24.0,23.2,0.0
2023-02-19 06:00:00,6.1,45.0,84.0,40.0,46.3,40.6,232.0
2023-02-19 07:00:00,5.0,45.0,82.0,39.2,44.6,39.8,141.0
2023-02-19 08:00:00,6.3,45.0,82.1,39.3,44.8,40.0,145.0
2023-02-19 09:00:00,7.3,45.0,78.3,39.2,44.5,39.8,140.0
2023-02-19 10:00:00,8.4,45.0,76.1,39.4,44.4,40.0,139.0
2023-02-19 11:00:00,9.5,45.0,68.7,39.3,38.0,38.2,107.0
2023-02-19 12:00:00,10.6,45.0,63.1,37.2,33.2,32.6,0.0
2023-02-19 13:00:00,12.1,45.0,59.4,35.3,29.0,27.8,0.0
2023-02-19 14:00:00,13.1,45.0,55.8,33.5,26.5,25.8,0.0
2023-02-19 15:00:00,13.5,45.0,52.6,32.1,25.8,25.2,0.0
2023-02-19 16:00:00,13.5,45.0,49.6,30.8,25.2,24.7,0.0
2023-02-19 17:00:00,13.2,45.0,47.0,29.8,24.8,24.2,0.0
2023-02-19 18:00:00,12.2,45.0,44.7,28.9,24.2,23.8,0.0
2023-02-19 19:00:00,12.2,44.0,72.1,39.4,45.1,39.5,210.0
2023-02-19 20:00:00,11.9,44.0,72.6,39.6,44.4,40.2,139.0
2023-02-19 21:00:00,11.0,44.1,73.3,39.3,44.1,39.9,132.0
2023-02-19 22:00:00,11.4,44.0,72.9,39.2,39.7,39.9,128.0
2023-02-19 23:00:00,11.3,44.1,64.4,37.4,33.6,33.0,0.0
2023-02-20 00:00:00,11.2,44.1,60.6,35.4,30.5,29.3,0.0
2023-02-20 01:00:00,10.4,44.2,56.8,33.6,27.1,26.1,0.0
2023-02-20 02:00:00,9.6,44.3,53.2,32.0,25.7,25.3,0.0
2023-02-20 03:00:00,7.9,44.5,50.0,30.6,25.3,24.7,0.0
2023-02-20 04:00:00,6.7,44.7,47.1,29.3,24.7,24.1,0.0
2023-02-20 05:00:00,8.4,44.5,31.4,31.6,26.2,23.3,0.0
2023-02-20 06:00:00,8.3,44.5,78.8,29.5,40.1,28.6,69.0
2023-02-20 07:00:00,8.0,46.3,79.3,41.3,46.7,41.6,227.0
2023-02-20 08:00:00,8.5,46.1,79.2,41.2,46.5,41.6,159.0
2023-02-20 09:00:00,8.7,45.4,77.4,40.8,45.7,41.3,151.0
2023-02-20 10:00:00,9.3,45.2,76.3,40.2,45.1,40.7,141.0
2023-02-20 11:00:00,9.8,44.1,75.5,39.7,44.6,40.2,133.0
2023-02-20 12:00:00,10.6,43.7,71.9,39.0,37.6,37.9,100.0
2023-02-20 13:00:00,10.9,43.5,66.8,37.0,32.8,32.8,0.0
2023-02-20 14:00:00,10.6,43.7,62.0,35.1,28.7,27.9,0.0
2023-02-20 15:00:00,10.9,43.6,57.6,32.3,39.5,32.5,72.0
2023-02-20 16:00:00,11.0,43.4,73.4,39.4,43.9,39.8,175.0
2023-02-20 17:00:00,10.7,43.6,71.7,38.7,43.2,39.3,121.0
2023-02-20 18:00:00,8.9,45.5,75.6,40.2,46.0,40.6,142.0
2023-02-20 19:00:00,9.0,46.3,79.2,40.9,46.4,41.2,151.0
2023-02-20 20:00:00,8.3,46.7,78.5,41.2,46.5,41.6,151.0
2023-02-20 21:00:00,7.5,47.2,79.9,41.7,47.2,42.1,155.0
2023-02-20 22:00:00,6.6,47.9,80.3,42.2,45.7,42.6,163.0
2023-02-20 23:00:00,5.7,48.5,74.6,40.0,34.5,34.4,0.0
2023-02-21 00:00:00,5.2,48.8,68.7,37.5,31.4,30.0,0.0
2023-02-21 01:00:00,4.9,48.5,63.4,35.2,27.2,26.4,0.0
2023-02-21 02:00:00,4.2,45.0,58.6,33.2,25.9,25.3,0.0
2023-02-21 03:00:00,3.7,42.6,54.4,31.4,25.4,24.5,0.0
2023-02-21 04:00:00,3.5,41.6,51.0,30.0,24.7,23.6,0.0
2023-02-21 05:00:00,2.8,38.2,56.8,25.6,26.9,24.0,0.0
2023-02-21 06:00:00,4.2,50.4,69.0,31.1,39.7,31.9,97.0
2023-02-21 07:00:00,4.2,50.4,80.3,43.8,50.8,42.8,233.0
2023-02-21 08:00:00,5.6,49.5,85.3,44.1,50.2,44.2,201.0
2023-02-21 09:00:00,6.7,47.8,80.8,42.6,48.0,43.0,166.0
2023-02-21 10:00:00,7.7,47.2,78.4,41.7,46.9,42.1,153.0
2023-02-21 11:00:00,9.0,45.3,75.3,41.1,45.9,41.4,147.0
2023-02-21 12:00:00,10.8,43.8,71.4,39.6,35.6,35.8,68.0
2023-02-21 13:00:00,12.1,42.6,66.4,37.4,33.1,32.6,0.0
2023-02-21 14:00:00,13.5,41.4,61.8,35.5,28.0,27.2,0.0
2023-02-21 15:00:00,13.8,41.1,57.5,33.8,26.6,26.1,0.0
2023-02-21 16:00:00,13.5,41.4,53.9,32.4,26.0,25.4,0.0
2023-02-21 17:00:00,13.2,41.7,50.6,31.2,25.3,24.7,0.0
2023-02-21 18:00:00,12.1,44.3,66.8,30.4,36.4,29.2,60.0
2023-02-21 19:00:00,10.9,45.0,72.8,40.5,45.6,40.8,200.0
2023-02-21 20:00:00,10.7,45.2,72.7,40.0,44.8,40.4,137.0
2023-02-21 21:00:00,10.4,45.4,74.7,40.4,45.5,40.6,143.0
2023-02-21 22:00:00,8.3,46.8,76.0,40.8,41.3,41.3,145.0
2023-02-21 23:00:00,7.2,47.5,70.7,38.7,33.8,33.9,0.0
2023-02-22 00:00:00,6.1,48.3,65.0,36.5,30.1,28.8,0.0
2023-02-22 01:00:00,5.0,49.0,60.1,34.3,26.7,26.1,0.0
2023-02-22 02:00:00,4.9,49.0,55.7,32.5,25.9,25.2,0.0
2023-02-22 03:00:00,5.4,48.6,52.1,30.9,24.9,24.3,0.0
2023-02-22 04:00:00,3.8,49.7,48.7,29.6,24.2,23.5,0.0
2023-02-22 05:00:00,2.6,50.3,45.8,28.4,23.5,23.1,0.0
2023-02-22 06:00:00,3.3,50.0,66.3,27.9,33.3,27.0,56.0
2023-02-22 07:00:00,3.3,48.2,78.7,41.9,49.1,41.5,234.0
2023-02-22 08:00:00,5.7,46.6,84.0,41.6,47.0,42.1,174.0
2023-02-22 09:00:00,6.7,46.2,81.1,40.6,45.9,41.1,148.0
2023-02-22 10:00:00,8.1,44.2,79.0,39.8,45.0,40.4,141.0
2023-02-22 11:00:00,9.3,44.0,71.6,38.9,43.5,39.5,126.0
2023-02-22 12:00:00,10.3,43.8,35.7,38.2,35.4,35.4,75.0
2023-02-22 13:00:00,11.5,43.5,35.3,36.7,32.3,31.8,0.0
2023-02-22 14:00:00,12.4,43.3,34.6,34.7,27.6,26.8,0.0
2023-02-22 15:00:00,12.7,43.2,33.8,33.2,25.8,25.2,0.0
2023-02-22 16:00:00,13.0,43.2,32.9,31.8,25.0,24.6,0.0
2023-02-22 17:00:00,12.5,43.3,32.1,30.5,24.4,24.0,0.0
2023-02-22 18:00:00,11.7,44.2,69.1,35.2,41.9,34.3,114.0
2023-02-22 19:00:00,10.5,44.3,71.3,39.9,44.6,40.4,174.0
2023-02-22 20:00:00,9.9,45.3,71.1,40.2,45.5,40.4,140.0
2023-02-22 21:00:00,8.8,45.7,73.3,41.1,46.1,41.4,155.0
2023-02-22 22:00:00,8.4,45.8,73.7,41.0,41.0,41.2,138.0
2023-02-22 23:00:00,8.5,45.8,68.6,38.8,33.8,33.7,0.0
2023-02-23 00:00:00,7.4,46.2,63.1,36.3,29.6,28.4,0.0
2023-02-23 01:00:00,6.3,46.5,58.3,34.3,26.7,26.0,0.0
2023-02-23 02:00:00,6.0,46.6,54.3,32.4,26.1,25.4,0.0
2023-02-23 03:00:00,5.3,46.9,50.7,30.8,25.3,24.7,0.0
2023-02-23 04:00:00,4.6,47.3,47.6,29.4,24.7,24.2,0.0
2023-02-23 05:00:00,4.7,47.2,31.1,33.3,30.3,23.7,0.0
2023-02-23 06:00:00,4.8,49.1,61.2,31.3,37.9,32.0,96.0
2023-02-23 07:00:00,4.5,49.3,78.5,42.7,50.3,41.8,212.0
2023-02-23 08:00:00,6.0,48.3,81.0,43.0,48.6,43.2,189.0
2023-02-23 09:00:00,7.0,47.8,78.1,42.3,48.0,42.5,165.0
2023-02-23 10:00:00,8.1,47.2,74.5,41.5,46.6,41.7,152.0
2023-02-23 11:00:00,9.4,44.6,70.9,40.8,45.2,41.2,143.0
2023-02-23 12:00:00,10.6,43.4,67.2,39.1,37.0,37.1,86.0
2023-02-23 13:00:00,11.3,42.7,62.7,37.1,32.9,32.7,0.0
2023-02-23 14:00:00,12.1,41.9,58.7,35.2,28.5,27.6,0.0
2023-02-23 15:00:00,12.2,41.8,54.8,33.5,26.3,25.8,0.0
2023-02-23 16:00:00,11.8,42.2,51.4,32.1,25.8,25.2,0.0
2023-02-23 17:00:00,11.3,44.4,60.8,32.3,38.2,26.3,0.0
2023-02-23 18:00:00,10.9,44.7,74.6,39.8,46.4,39.6,208.0
2023-02-23 19:00:00,10.5,45.2,75.7,40.2,45.2,40.7,148.0
2023-02-23 20:00:00,9.8,45.1,77.0,40.0,45.1,40.5,138.0
2023-02-23 21:00:00,9.6,45.2,76.9,40.4,45.5,40.8,142.0
2023-02-23 22:00:00,9.3,45.3,76.5,40.5,45.5,41.0,141.0
2023-02-23 23:00:00,9.5,45.2,71.6,38.5,33.9,33.9,0.0
2023-02-24 00:00:00,8.5,45.8,65.9,36.5,31.5,29.5,0.0
2023-02-24 01:00:00,7.9,46.0,61.1,34.3,27.2,26.5,0.0
2023-02-24 02:00:00,7.6,46.2,56.6,32.5,26.3,25.6,0.0
2023-02-24 03:00:00,7.4,46.3,52.9,31.0,25.5,25.0,0.0
2023-02-24 04:00:00,7.8,46.1,49.5,29.7,25.0,24.5,0.0
2023-02-24 05:00:00,7.7,46.1,46.6,28.6,24.5,24.0,0.0
2023-02-24 06:00:00,7.7,48.9,77.8,32.8,42.3,31.5,87.0
2023-02-24 07:00:00,7.3,49.2,83.8,44.2,50.7,44.0,244.0
2023-02-24 08:00:00,7.5,49.0,83.9,43.4,49.2,43.6,174.0
2023-02-24 09:00:00,8.0,48.6,84.1,43.1,48.8,43.5,174.0
2023-02-24 10:00:00,8.6,46.8,81.4,42.5,47.3,43.0,160.0
2023-02-24 11:00:00,10.0,45.5,78.8,40.5,39.5,39.8,109.0
2023-02-24 12:00:00,11.3,44.4,72.5,38.4,33.7,33.5,0.0
2023-02-24 13:00:00,12.4,43.4,67.0,36.4,29.5,28.5,0.0
2023-02-24 14:00:00,13.1,42.8,62.0,34.6,26.8,26.2,0.0
2023-02-24 15:00:00,13.7,42.1,57.7,33.1,26.0,25.3,0.0
2023-02-24 16:00:00,13.5,42.4,54.0,31.8,25.4,24.7,0.0
2023-02-24 17:00:00,13.2,42.7,50.8,30.7,24.8,24.3,0.0
2023-02-24 18:00:00,12.1,44.4,72.5,38.9,45.3,38.8,190.0
2023-02-24 19:00:00,11.9,44.6,68.2,39.5,43.8,39.9,141.0
2023-02-24 20:00:00,11.4,45.0,73.5,40.5,45.8,40.8,145.0
2023-02-24 21:00:00,10.6,45.6,74.2,41.0,46.0,41.3,149.0
2023-02-24 22:00:00,9.1,46.8,74.1,41.1,41.4,41.4,139.0
2023-02-24 23:00:00,9.0,46.8,69.1,38.9,34.6,34.0,0.0
2023-02-25 00:00:00,8.5,47.2,64.0,36.6,30.5,29.3,0.0
2023-02-25 01:00:00,8.8,47.0,59.3,34.5,27.5,26.7,0.0
2023-02-25 02:00:00,8.2,47.5,55.1,32.8,26.1,25.6,0.0
2023-02-25 03:00:00,8.5,47.2,51.6,31.3,25.7,25.2,0.0
2023-02-25 04:00:00,8.9,46.8,48.5,30.0,25.1,24.5,0.0
2023-02-25 05:00:00,9.2,46.7,45.8,29.0,24.5,24.2,0.0
2023-02-25 06:00:00,10.4,44.6,80.9,28.9,39.6,29.7,71.0
2023-02-25 07:00:00,10.4,44.6,74.1,40.1,45.1,40.6,202.0
2023-02-25 08:00:00,11.1,44.2,73.3,39.8,44.5,40.4,134.0
2023-02-25 09:00:00,11.0,44.2,72.3,39.5,44.2,40.1,130.0
2023-02-25 10:00:00,11.7,44.0,71.6,39.4,44.1,39.9,130.0
2023-02-25 11:00:00,12.5,43.6,71.0,39.2,44.0,39.9,127.0
2023-02-25 12:00:00,13.5,43.2,71.1,39.2,43.9,39.7,123.0
2023-02-25 13:00:00,13.8,43.0,66.8,37.6,33.4,33.4,0.0
2023-02-25 14:00:00,13.5,43.2,62.2,35.7,30.9,30.0,0.0
2023-02-25 15:00:00,13.4,43.2,58.0,34.1,27.6,27.0,0.0
2023-02-25 16:00:00,13.8,43.1,54.3,32.7,26.5,25.9,0.0
2023-02-25 17:00:00,14.1,43.0,66.9,34.7,40.9,34.9,113.0
2023-02-25 18:00:00,13.8,43.0,71.1,39.0,43.5,39.6,153.0
2023-02-25 19:00:00,13.9,43.0,68.8,38.3,42.6,38.8,114.0
2023-02-25 20:00:00,13.8,44.0,71.0,39.5,44.5,39.9,129.0
2023-02-25 21:00:00,13.3,44.2,69.7,40.1,44.8,40.5,135.0
2023-02-25 22:00:00,12.7,44.4,67.2,39.5,39.0,39.2,106.0
2023-02-25 23:00:00,13.3,44.2,59.9,37.2,34.6,33.5,0.0
2023-02-26 00:00:00,13.5,44.1,56.2,35.0,30.9,29.8,0.0
2023-02-26 01:00:00,13.2,44.2,53.0,33.4,28.0,27.3,0.0
2023-02-26 02:00:00,13.5,44.1,50.1,32.0,27.0,26.4,0.0
2023-02-26 03:00:00,13.5,44.1,47.7,30.9,26.3,26.0,0.0
2023-02-26 04:00:00,13.7,44.1,45.4,29.9,26.0,25.5,0.0
2023-02-26 05:00:00,13.4,44.1,43.3,29.2,25.3,25.0,0.0
2023-02-26 06:00:00,13.4,44.2,72.2,33.5,41.4,32.5,97.0
2023-02-26 07:00:00,13.2,44.2,71.2,39.9,44.5,40.3,176.0
2023-02-26 08:00:00,13.7,44.1,69.5,39.8,44.4,40.3,131.0
2023-02-26 09:00:00,13.2,44.2,69.5,39.7,44.2,40.2,126.0
2023-02-26 10:00:00,7.3,46.2,72.8,40.7,46.1,40.9,139.0
2023-02-26 11:00:00,5.4,44.8,77.4,41.2,45.0,41.8,150.0
2023-02-26 12:00:00,5.5,44.8,76.1,39.6,44.5,40.2,120.0
2023-02-26 13:00:00,5.1,44.9,77.2,40.4,45.5,40.8,140.0
2023-02-26 14:00:00,4.2,45.8,77.7,40.3,45.2,40.9,138.0
2023-02-26 15:00:00,4.0,45.9,78.1,40.9,46.1,41.5,147.0
2023-02-26 16:00:00,3.4,44.8,79.0,40.0,44.1,40.6,129.0
2023-02-26 17:00:00,3.1,45.2,83.0,40.5,45.5,41.2,141.0
2023-02-26 18:00:00,3.1,46.9,84.0,41.8,47.1,42.4,152.0
2023-02-26 19:00:00,3.9,46.1,83.8,41.2,46.5,41.8,141.0
2023-02-26 20:00:00,3.9,46.0,83.6,41.1,46.1,41.7,142.0
2023-02-26 21:00:00,4.2,45.8,83.9,40.9,46.4,41.5,139.0
2023-02-26 22:00:00,4.4,45.6,82.9,40.2,40.7,40.8,129.0
2023-02-26 23:00:00,4.6,45.3,68.4,38.5,33.6,33.8,0.0
2023-02-27 00:00:00,3.9,46.1,64.1,36.2,31.0,30.2,0.0
2023-02-27 01:00:00,4.4,45.6,60.1,34.3,27.6,27.0,0.0
2023-02-27 02:00:00,3.7,46.3,56.2,32.6,26.5,26.2,0.0
2023-02-27 03:00:00,4.2,45.8,52.6,31.1,25.6,25.2,0.0
2023-02-27 04:00:00,5.2,44.9,49.4,29.9,24.9,24.2,0.0
2023-02-27 05:00:00,3.9,46.1,58.2,26.5,25.8,24.3,0.0
2023-02-27 06:00:00,4.1,48.5,75.3,32.6,40.2,32.5,95.0
2023-02-27 07:00:00,4.2,48.5,78.6,43.2,49.3,43.4,228.0
2023-02-27 08:00:00,3.7,48.9,86.4,43.0,48.7,43.4,174.0
2023-02-27 09:00:00,3.9,45.2,85.5,42.1,45.6,42.8,158.0
2023-02-27 10:00:00,3.1,44.3,80.0,39.9,44.8,40.5,127.0
2023-02-27 11:00:00,4.5,44.0,80.4,38.9,43.6,39.6,124.0
2023-02-27 12:00:00,4.7,43.9,79.9,39.0,44.1,39.6,131.0
2023-02-27 13:00:00,4.8,43.9,78.0,39.4,44.2,40.0,134.0
2023-02-27 14:00:00,4.8,45.0,77.0,39.5,44.8,40.0,132.0
2023-02-27 15:00:00,4.6,45.0,78.2,40.4,45.5,41.1,148.0
2023-02-27 16:00:00,4.8,45.0,79.1,40.4,45.5,40.9,141.0
2023-02-27 17:00:00,4.2,45.0,80.3,40.3,45.5,40.9,140.0
2023-02-27 18:00:00,4.0,45.0,81.9,40.4,45.5,40.9,144.0
2023-02-27 19:00:00,4.4,45.0,81.8,40.2,45.2,40.9,136.0
2023-02-27 20:00:00,4.7,45.0,81.2,40.1,45.1,40.7,138.0
2023-02-27 21:00:00,3.7,45.0,81.7,40.0,45.2,40.6,137.0
2023-02-27 22:00:00,4.2,45.0,76.4,39.2,35.4,35.5,72.0
2023-02-27 23:00:00,4.6,45.0,71.6,37.1,33.1,32.4,0.0
2023-02-28 00:00:00,4.6,45.0,66.0,34.8,28.3,27.2,0.0
2023-02-28 01:00:00,4.6,45.0,61.0,32.9,26.1,25.4,0.0
2023-02-28 02:00:00,4.7,45.0,56.6,31.2,25.8,25.1,0.0
2023-02-28 03:00:00,4.2,45.0,52.9,29.9,25.3,24.6,0.0
2023-02-28 04:00:00,4.3,45.0,49.7,28.7,24.8,23.8,0.0
2023-02-28 05:00:00,4.1,45.0,49.9,27.5,26.5,23.2,0.0
2023-02-28 06:00:00,4.4,45.0,82.7,36.8,45.9,35.9,155.0
2023-02-28 07:00:00,4.0,45.0,81.0,39.8,46.2,40.1,173.0
2023-02-28 08:00:00,5.0,46.2,80.7,39.9,45.0,40.4,150.0
2023-02-28 09:00:00,5.0,46.2,80.9,40.5,46.0,40.9,158.0
2023-02-28 10:00:00,5.1,46.2,82.1,41.0,46.7,41.5,162.0
2023-02-28 11:00:00,5.7,46.1,79.0,40.7,45.8,41.1,154.0
2023-02-28 12:00:00,5.7,44.1,79.1,40.2,45.1,40.7,144.0
2023-02-28 13:00:00,6.0,44.1,77.1,38.7,43.5,39.3,122.0
2023-02-28 14:00:00,5.8,44.1,75.3,38.7,43.5,39.3,131.0
2023-02-28 15:00:00,7.1,44.0,75.1,38.6,43.4,39.2,126.0
2023-02-28 16:00:00,7.7,43.9,75.6,38.6,43.5,39.2,130.0
2023-02-28 17:00:00,7.5,43.9,75.4,39.1,43.8,39.7,133.0
2023-02-28 18:00:00,7.4,45.2,78.4,40.6,45.8,41.0,154.0
2023-02-28 19:00:00,6.2,45.6,78.1,40.5,45.8,41.0,147.0
2023-02-28 20:00:00,6.3,45.5,77.2,40.5,45.4,40.9,144.0
2023-02-28 21:00:00,6.4,45.5,77.4,40.0,45.0,40.6,138.0
2023-02-28 22:00:00,5.8,45.7,76.0,39.7,39.8,39.9,122.0
2023-02-28 23:00:00,6.3,45.5,69.8,37.8,33.4,33.3,0.0
2023-03-01 00:00:00,6.7,45.4,64.7,35.7,30.9,29.7,0.0
2023-03-01 01:00:00,6.7,45.4,60.0,33.9,27.1,26.2,0.0
2023-03-01 02:00:00,6.6,45.4,55.9,32.3,26.0,25.5,0.0
2023-03-01 03:00:00,6.7,45.4,52.2,30.9,25.5,25.1,0.0
2023-03-01 04:00:00,6.6,45.4,49.0,29.6,25.1,24.7,0.0
2023-03-01 05:00:00,6.6,45.4,24.8,32.9,24.8,23.9,0.0
2023-03-01 06:00:00,6.7,47.0,79.1,31.5,42.0,29.8,76.0
2023-03-01 07:00:00,6.2,47.2,79.4,41.9,47.5,42.2,233.0
2023-03-01 08:00:00,6.8,46.9,78.5,41.4,47.0,41.7,160.0
2023-03-01 09:00:00,6.0,47.2,75.3,41.3,46.6,41.5,156.0
2023-03-01 10:00:00,8.0,46.4,73.9,41.1,46.0,41.4,155.0
2023-03-01 11:00:00,8.1,46.4,71.8,41.2,46.3,41.5,151.0
2023-03-01 12:00:00,8.3,44.5,69.8,40.9,45.4,41.1,142.0
2023-03-01 13:00:00,8.7,44.4,69.8,39.2,43.8,39.7,127.0
2023-03-01 14:00:00,8.2,44.6,73.7,39.6,45.0,40.2,136.0
2023-03-01 15:00:00,8.8,44.2,73.3,39.7,44.3,40.3,137.0
2023-03-01 16:00:00,9.1,44.1,73.3,39.4,44.2,40.0,130.0
2023-03-01 17:00:00,9.2,44.5,74.2,39.3,43.9,39.8,128.0
2023-03-01 18:00:00,8.6,45.0,75.5,39.5,44.3,40.1,133.0
2023-03-01 19:00:00,8.5,45.0,78.1,39.8,44.9,40.3,138.0
2023-03-01 20:00:00,8.3,47.0,75.9,40.5,46.8,40.7,142.0
2023-03-01 21:00:00,7.9,45.4,76.9,41.6,45.5,42.1,159.0
2023-03-01 22:00:00,7.3,45.9,75.2,40.4,41.0,41.0,127.0
2023-03-01 23:00:00,8.0,45.3,70.1,38.5,34.0,33.9,0.0
2023-03-02 00:00:00,7.9,45.4,64.8,36.2,31.6,30.7,0.0
2023-03-02 01:00:00,8.1,45.2,60.0,34.4,27.7,26.9,0.0
2023-03-02 02:00:00,7.1,46.0,55.9,32.8,26.4,25.9,0.0
2023-03-02 03:00:00,7.7,45.6,52.3,31.4,26.2,25.5,0.0
2023-03-02 04:00:00,7.7,45.6,49.2,30.2,25.6,25.0,0.0
2023-03-02 05:00:00,7.5,45.7,53.5,36.3,31.8,25.1,0.0
2023-03-02 06:00:00,6.8,48.4,80.0,30.9,41.0,31.1,84.0
2023-03-02 07:00:00,6.8,48.4,80.8,43.3,48.8,43.5,238.0
2023-03-02 08:00:00,6.9,48.3,79.3,42.0,47.6,42.3,161.0
2023-03-02 09:00:00,7.8,44.7,78.3,41.0,45.1,41.6,151.0
2023-03-02 10:00:00,8.7,44.3,74.9,39.0,44.0,39.6,120.0
2023-03-02 11:00:00,8.3,44.5,74.4,39.4,44.1,39.9,135.0
2023-03-02 12:00:00,8.3,44.5,73.9,39.5,44.4,40.0,136.0
2023-03-02 13:00:00,8.6,44.4,77.6,39.7,44.9,40.2,140.0
2023-03-02 14:00:00,8.1,44.6,76.55,40.25,45.25,40.7,135.0
2023-03-02 15:00:00,7.6,44.8,75.5,40.8,45.6,41.2,135.0
2023-03-02 16:00:00,6.8,45.2,78.1,40.3,45.6,40.9,138.0
2023-03-02 17:00:00,7.3,44.9,76.7,39.7,44.4,40.3,130.0
2023-03-02 18:00:00,7.5,44.8,78.6,40.0,45.0,40.6,136.0
2023-03-02 19:00:00,7.1,45.0,79.9,40.3,45.6,40.9,142.0
2023-03-02 20:00:00,7.3,45.0,78.9,39.6,44.5,40.2,129.0
2023-03-02 21:00:00,7.7,44.8,77.6,39.8,44.8,40.4,133.0
2023-03-02 22:00:00,7.7,44.8,77.7,38.8,39.3,39.4,117.0
2023-03-02 23:00:00,7.6,44.8,72.2,37.2,33.1,32.8,0.0
2023-03-03 00:00:00,7.2,45.0,66.6,35.3,31.3,30.5,0.0
2023-03-03 01:00:00,7.6,44.8,61.4,33.6,27.5,26.6,0.0
2023-03-03 02:00:00,7.4,44.9,57.0,32.2,26.3,25.7,0.0
2023-03-03 03:00:00,6.9,45.1,53.2,30.9,26.0,25.4,0.0
2023-03-03 04:00:00,6.9,45.1,49.9,29.8,25.4,24.9,0.0
2023-03-03 05:00:00,6.5,45.3,47.0,28.8,24.8,24.4,0.0
2023-03-03 06:00:00,6.6,45.2,42.2,23.4,24.8,23.7,0.0
2023-03-03 07:00:00,6.6,45.2,83.9,39.1,46.6,39.2,203.0
2023-03-03 08:00:00,6.8,45.2,82.0,39.6,44.5,40.3,149.0
2023-03-03 09:00:00,6.1,45.5,80.6,39.5,44.8,40.2,140.0
2023-03-03 10:00:00,6.9,45.1,80.7,40.0,45.4,40.6,147.0
2023-03-03 11:00:00,6.8,45.2,80.7,40.1,45.4,40.6,146.0
2023-03-03 12:00:00,7.4,44.9,78.8,40.1,45.3,40.7,143.0
2023-03-03 13:00:00,7.8,44.7,78.9,40.1,45.2,40.7,141.0
2023-03-03 14:00:00,7.7,44.8,77.9,39.8,44.7,40.4,136.0
2023-03-03 15:00:00,8.0,44.7,71.6,39.9,44.2,40.6,138.0
2023-03-03 16:00:00,7.3,44.9,76.0,39.6,44.6,40.2,131.0
2023-03-03 17:00:00,7.3,44.9,78.1,40.2,45.5,40.7,141.0
2023-03-03 18:00:00,7.3,45.2,79.0,40.3,45.3,40.8,143.0
2023-03-03 19:00:00,7.1,45.3,79.3,40.3,45.5,40.9,140.0
2023-03-03 20:00:00,7.8,45.1,68.8,39.7,44.1,40.1,131.0
2023-03-03 21:00:00,7.9,45.3,77.5,40.7,45.7,41.2,149.0
2023-03-03 22:00:00,7.1,45.4,71.7,39.8,39.9,40.1,120.0
2023-03-03 23:00:00,7.6,45.3,63.7,38.0,35.2,34.7,0.0
2023-03-04 00:00:00,7.9,45.3,59.6,35.8,29.5,28.5,0.0
2023-03-04 01:00:00,7.9,45.3,55.8,34.0,27.5,27.2,0.0
2023-03-04 02:00:00,7.4,45.4,52.4,32.5,27.0,26.4,0.0
2023-03-04 03:00:00,7.4,45.3,49.3,31.1,26.1,25.7,0.0
2023-03-04 04:00:00,7.0,45.5,46.6,29.9,25.3,24.9,0.0
2023-03-04 05:00:00,7.3,45.4,44.2,28.9,24.7,24.3,0.0
2023-03-04 06:00:00,7.1,46.3,59.8,26.2,28.2,26.2,0.0
2023-03-04 07:00:00,7.2,46.2,77.9,41.5,46.5,41.8,259.0
2023-03-04 08:00:00,6.5,46.4,72.2,40.6,45.8,40.8,145.0
2023-03-04 09:00:00,6.9,46.3,78.8,41.4,47.1,41.7,164.0
2023-03-04 10:00:00,7.2,45.8,73.9,40.9,46.1,41.2,148.0
2023-03-04 11:00:00,7.8,45.4,70.6,40.1,44.6,40.4,137.0
2023-03-04 12:00:00,8.2,45.2,74.1,41.1,46.0,41.4,150.0
2023-03-04 13:00:00,8.9,43.7,60.6,38.6,42.0,39.0,114.0
2023-03-04 14:00:00,8.8,43.8,71.9,39.5,44.1,40.1,135.0
2023-03-04 15:00:00,8.6,44.0,60.1,38.7,42.5,39.1,117.0
2023-03-04 16:00:00,9.6,44.2,71.1,39.4,43.7,39.9,135.0
2023-03-04 17:00:00,9.4,44.3,74.2,40.0,45.2,40.4,134.0
2023-03-04 18:00:00,9.1,44.4,70.9,39.0,44.4,39.5,124.0
2023-03-04 19:00:00,9.2,44.3,78.7,40.0,45.2,40.6,141.0
2023-03-04 20:00:00,9.1,44.4,64.6,39.4,43.9,39.8,122.0
2023-03-04 21:00:00,8.9,46.0,75.7,41.3,46.3,41.8,159.0
2023-03-04 22:00:00,8.6,46.2,72.3,40.4,40.4,40.6,124.0
2023-03-04 23:00:00,8.0,46.5,57.5,38.7,35.3,34.6,0.0
2023-03-05 00:00:00,8.8,46.1,56.1,36.4,29.6,28.4,0.0
2023-03-05 01:00:00,8.5,46.2,53.4,34.4,27.4,26.8,0.0
2023-03-05 02:00:00,8.2,46.4,50.6,32.7,26.7,26.1,0.0
2023-03-05 03:00:00,7.6,46.7,48.0,31.2,25.7,25.1,0.0
2023-03-05 04:00:00,6.6,47.2,45.5,30.0,24.8,24.2,0.0
2023-03-05 05:00:00,6.2,47.4,43.3,28.8,24.3,23.8,0.0
2023-03-05 06:00:00,5.7,48.3,48.5,25.9,23.4,23.7,0.0
2023-03-05 07:00:00,5.7,48.3,85.0,41.8,49.6,40.9,226.0
2023-03-05 08:00:00,6.7,47.0,66.3,41.3,45.3,41.5,162.0
2023-03-05 09:00:00,6.0,47.6,75.7,41.9,46.6,42.1,165.0
2023-03-05 10:00:00,6.4,46.4,79.3,42.3,47.8,42.6,162.0
2023-03-05 11:00:00,7.1,45.9,76.5,40.8,46.6,40.9,137.0
2023-03-05 12:00:00,7.1,45.9,67.3,41.0,45.7,41.3,150.0
2023-03-05 13:00:00,7.1,45.9,75.7,41.3,46.4,41.8,152.0
2023-03-05 14:00:00,7.7,45.5,75.4,40.5,47.0,40.5,134.0
2023-03-05 15:00:00,7.5,45.6,75.4,40.8,45.6,41.2,145.0
2023-03-05 16:00:00,7.7,45.5,73.4,40.3,45.0,40.9,134.0
2023-03-05 17:00:00,7.4,45.7,78.4,40.9,46.5,41.3,145.0
2023-03-05 18:00:00,7.2,45.9,79.5,40.8,45.9,41.3,143.0
2023-03-05 19:00:00,7.2,45.9,80.8,40.5,45.7,41.0,141.0
2023-03-05 20:00:00,5.9,46.8,82.8,40.9,46.4,41.4,147.0
2023-03-05 21:00:00,5.6,46.9,83.4,41.5,47.0,42.0,155.0
2023-03-05 22:00:00,5.1,30.0,81.9,40.9,36.9,37.1,90.0
2023-03-05 23:00:00,3.7,33.2,75.0,38.5,33.9,32.8,0.0
2023-03-06 00:00:00,4.4,31.5,69.7,36.7,32.9,27.8,0.0
2023-03-06 01:00:00,4.1,32.2,67.2,30.1,32.2,25.9,0.0
2023-03-06 02:00:00,4.4,31.5,64.5,25.5,32.7,25.1,0.0
2023-03-06 03:00:00,2.8,35.5,62.3,23.8,34.6,24.3,0.0
2023-03-06 04:00:00,2.6,36.0,62.5,23.1,35.2,24.7,0.0
2023-03-06 05:00:00,3.1,35.0,60.0,23.5,32.2,25.2,0.0
2023-03-06 06:00:00,2.2,49.2,65.4,31.1,35.1,26.8,50.0
2023-03-06 07:00:00,2.5,49.0,78.2,42.4,50.1,41.7,236.0
2023-03-06 08:00:00,4.1,47.8,87.1,42.4,48.5,42.7,186.0
2023-03-06 09:00:00,5.7,46.8,83.6,41.3,46.9,41.8,160.0
2023-03-06 10:00:00,6.4,46.6,80.9,40.8,46.0,41.3,152.0
2023-03-06 11:00:00,7.7,46.4,78.8,40.5,45.9,40.9,148.0
2023-03-06 12:00:00,8.8,46.1,74.6,39.4,36.0,36.0,52.0
2023-03-06 13:00:00,9.8,45.9,68.7,37.1,30.9,29.6,0.0
2023-03-06 14:00:00,10.7,45.7,63.6,35.3,27.3,26.6,0.0
2023-03-06 15:00:00,11.8,45.4,58.9,33.6,26.1,25.3,0.0
2023-03-06 16:00:00,11.8,43.4,72.0,38.9,45.1,39.0,184.0
2023-03-06 17:00:00,11.3,43.6,72.3,38.6,43.3,39.3,131.0
2023-03-06 18:00:00,10.9,43.6,73.6,38.7,43.7,39.2,128.0
2023-03-06 19:00:00,10.7,43.7,72.5,39.1,43.8,39.7,131.0
2023-03-06 20:00:00,10.6,44.3,70.7,39.6,45.2,39.9,133.0
2023-03-06 21:00:00,10.1,44.4,65.4,39.5,43.6,39.9,130.0
2023-03-06 22:00:00,9.8,44.4,74.4,39.7,39.9,40.2,129.0
2023-03-06 23:00:00,9.7,44.4,63.7,37.9,35.1,34.8,0.0
2023-03-07 00:00:00,9.6,44.4,59.9,35.9,30.2,29.1,0.0
2023-03-07 01:00:00,9.1,44.5,56.4,34.2,27.2,26.6,0.0
2023-03-07 02:00:00,9.2,44.5,53.0,32.6,26.4,25.8,0.0
2023-03-07 03:00:00,8.5,44.6,49.9,31.3,25.8,25.3,0.0
2023-03-07 04:00:00,8.3,44.6,47.2,30.1,25.0,24.4,0.0
2023-03-07 05:00:00,8.0,44.6,44.7,29.1,24.2,23.6,0.0
2023-03-07 06:00:00,7.9,44.6,67.7,59.5,43.1,24.0,0.0
2023-03-07 07:00:00,8.1,44.6,79.5,40.1,44.9,40.8,238.0
2023-03-07 08:00:00,9.2,44.5,78.5,39.0,44.0,39.6,131.0
2023-03-07 09:00:00,9.7,43.4,74.0,38.9,43.6,39.5,130.0
2023-03-07 10:00:00,10.4,43.4,73.2,38.4,42.9,39.0,123.0
2023-03-07 11:00:00,11.5,43.2,71.5,38.2,42.7,38.9,121.0
2023-03-07 12:00:00,12.1,43.2,68.1,36.9,35.5,35.1,0.0
2023-03-07 13:00:00,12.3,43.1,63.2,35.1,29.6,28.6,0.0
2023-03-07 14:00:00,12.9,43.1,62.4,32.9,28.0,28.1,0.0
2023-03-07 15:00:00,13.6,43.0,60.5,28.6,32.8,28.7,0.0
2023-03-07 16:00:00,13.9,43.0,57.0,28.0,29.2,27.8,0.0
2023-03-07 17:00:00,13.6,43.0,73.5,31.1,39.4,30.2,69.0
2023-03-07 18:00:00,12.9,43.1,70.0,39.7,43.2,40.3,189.0
2023-03-07 19:00:00,12.2,45.2,73.2,38.5,44.1,39.1,116.0
2023-03-07 20:00:00,12.2,45.2,65.3,40.2,44.8,40.3,142.0
2023-03-07 21:00:00,11.3,45.3,67.2,40.5,44.6,40.9,141.0
2023-03-07 22:00:00,10.4,45.4,67.6,39.5,37.8,37.9,99.0
2023-03-07 23:00:00,10.6,45.3,63.2,37.4,35.2,33.5,0.0
2023-03-08 00:00:00,8.9,45.5,59.9,35.5,29.2,28.1,0.0
2023-03-08 01:00:00,8.2,45.6,56.1,33.5,27.3,26.6,0.0
2023-03-08 02:00:00,8.1,45.6,52.6,31.9,26.4,25.8,0.0
2023-03-08 03:00:00,8.2,45.6,49.4,30.6,25.6,25.1,0.0
2023-03-08 04:00:00,7.5,45.7,46.5,29.4,25.1,24.7,0.0
2023-03-08 05:00:00,5.8,45.9,50.4,36.4,26.9,26.0,0.0
2023-03-08 06:00:00,5.7,48.2,80.0,32.0,41.6,31.3,95.0
2023-03-08 07:00:00,7.2,47.6,82.7,43.9,49.4,44.2,246.0
2023-03-08 08:00:00,7.7,47.4,83.0,41.2,46.8,41.7,146.0
2023-03-08 09:00:00,8.1,46.6,81.1,41.3,46.8,41.8,157.0
2023-03-08 10:00:00,9.0,46.2,81.2,41.3,46.6,41.8,155.0
2023-03-08 11:00:00,9.9,45.8,79.8,41.1,46.4,41.6,149.0
2023-03-08 12:00:00,11.5,45.1,73.6,40.2,36.7,36.9,86.0
2023-03-08 13:00:00,12.5,44.6,68.3,38.0,34.1,32.5,0.0
2023-03-08 14:00:00,13.3,44.3,59.6,31.6,32.9,33.0,44.0
2023-03-08 15:00:00,13.4,44.2,56.2,30.9,29.6,29.0,0.0
2023-03-08 16:00:00,14.0,44.0,53.5,30.1,27.2,26.4,0.0
2023-03-08 17:00:00,13.1,44.4,50.9,29.4,26.5,25.7,0.0
2023-03-08 18:00:00,12.7,44.5,44.5,29.7,25.5,25.5,0.0
2023-03-08 19:00:00,12.5,44.6,78.2,32.9,41.7,31.8,100.0
2023-03-08 20:00:00,11.4,45.1,75.9,40.3,44.3,40.8,195.0
2023-03-08 21:00:00,11.4,45.1,78.8,40.4,45.7,41.0,141.0
2023-03-08 22:00:00,10.4,45.6,72.1,40.1,38.3,38.4,106.0
2023-03-08 23:00:00,9.5,46.0,69.6,35.6,39.4,32.5,0.0
2023-03-09 00:00:00,9.0,46.2,66.6,29.6,36.9,27.9,0.0
2023-03-09 01:00:00,8.2,46.5,65.4,25.9,42.1,27.1,0.0
2023-03-09 02:00:00,8.3,46.5,61.4,26.6,41.7,28.4,0.0
2023-03-09 03:00:00,8.5,46.4,56.5,27.1,40.8,28.2,0.0
2023-03-09 04:00:00,8.6,46.4,54.8,26.8,39.3,27.8,0.0
2023-03-09 05:00:00,9.8,45.8,53.3,26.3,38.0,27.2,0.0
2023-03-09 06:00:00,10.6,45.4,65.4,26.7,34.5,25.9,32.0
2023-03-09 07:00:00,11.0,45.3,79.0,42.0,47.5,42.5,238.0
2023-03-09 08:00:00,11.2,45.2,77.3,39.4,44.4,39.9,126.0
2023-03-09 09:00:00,12.8,44.5,75.6,39.5,44.3,40.1,137.0
2023-03-09 10:00:00,13.1,44.4,72.6,38.8,36.1,36.1,72.0
2023-03-09 11:00:00,14.4,44.0,67.4,36.7,33.1,32.0,0.0
2023-03-09 12:00:00,15.7,44.0,62.7,34.9,28.6,27.5,0.0
2023-03-09 13:00:00,15.8,44.0,58.4,33.3,27.0,26.3,0.0
2023-03-09 14:00:00,15.7,44.0,54.6,32.0,26.1,25.5,0.0
2023-03-09 15:00:00,15.0,44.0,51.4,30.9,25.5,25.0,0.0
2023-03-09 16:00:00,14.7,44.0,48.6,30.0,25.0,24.6,0.0
2023-03-09 17:00:00,14.8,44.0,46.0,29.1,24.6,24.4,0.0
2023-03-09 18:00:00,14.4,43.0,77.5,30.7,31.0,30.8,76.0
2023-03-09 19:00:00,14.0,43.0,71.8,32.8,28.9,28.6,0.0
2023-03-09 20:00:00,13.3,43.3,76.1,40.2,46.4,40.5,195.0
2023-03-09 21:00:00,13.1,43.5,69.8,37.6,41.5,38.3,106.0
2023-03-09 22:00:00,13.1,43.4,67.1,38.3,37.7,37.9,104.0
2023-03-09 23:00:00,13.3,43.3,59.5,36.4,34.5,33.6,0.0
2023-03-10 00:00:00,12.6,43.7,55.9,34.6,29.0,28.2,0.0
2023-03-10 01:00:00,11.3,44.5,52.3,33.1,27.3,26.7,0.0
2023-03-10 02:00:00,10.3,45.1,49.2,31.6,26.6,25.8,0.0
2023-03-10 03:00:00,10.2,45.1,46.5,30.3,25.8,25.2,0.0
2023-03-10 04:00:00,10.4,45.0,44.1,29.2,25.1,24.3,0.0
2023-03-10 05:00:00,10.5,44.9,41.9,28.2,24.3,23.8,0.0
2023-03-10 06:00:00,10.7,44.8,54.9,24.8,31.8,24.6,0.0
2023-03-10 07:00:00,10.8,44.4,69.1,41.1,46.0,41.0,236.0
2023-03-10 08:00:00,11.6,44.0,78.6,39.5,44.1,40.1,135.0
2023-03-10 09:00:00,12.5,43.6,71.6,38.5,42.8,39.2,119.0
2023-03-10 10:00:00,13.2,43.3,75.8,38.7,43.6,39.4,127.0
2023-03-10 11:00:00,12.3,43.7,75.7,38.9,43.5,39.5,126.0
2023-03-10 12:00:00,12.3,42.0,77.3,39.0,42.9,39.8,125.0
2023-03-10 13:00:00,12.1,42.0,78.3,37.1,41.4,38.0,100.0
2023-03-10 14:00:00,12.4,42.0,69.7,36.8,41.4,37.4,102.0
2023-03-10 15:00:00,12.7,42.0,70.5,38.2,42.5,38.9,123.0
2023-03-10 16:00:00,12.7,42.0,64.6,37.1,36.7,35.8,32.0
2023-03-10 17:00:00,12.6,43.0,57.3,34.5,38.6,32.8,50.0
2023-03-10 18:00:00,12.5,43.0,73.9,40.5,44.3,41.1,185.0
2023-03-10 19:00:00,12.3,43.0,71.4,37.8,42.4,38.5,98.0
2023-03-10 20:00:00,12.0,43.0,66.1,38.3,42.6,38.9,116.0
2023-03-10 21:00:00,11.0,43.5,72.3,39.3,43.9,40.0,129.0
2023-03-10 22:00:00,11.3,43.3,72.4,38.8,38.2,38.2,96.0
2023-03-10 23:00:00,11.6,43.2,64.8,37.1,34.9,34.1,0.0
2023-03-11 00:00:00,11.3,43.4,60.6,35.2,29.5,28.4,0.0
2023-03-11 01:00:00,11.3,43.3,56.9,33.8,27.5,26.9,0.0
2023-03-11 02:00:00,11.3,43.4,53.6,32.5,26.9,26.1,0.0
2023-03-11 03:00:00,11.2,43.4,50.4,31.1,26.4,25.4,0.0
2023-03-11 04:00:00,10.9,43.6,47.8,30.1,25.4,24.7,0.0
2023-03-11 05:00:00,10.8,43.6,45.5,29.1,24.9,24.3,0.0
2023-03-11 06:00:00,10.9,43.6,56.4,26.1,32.2,26.1,0.0
2023-03-11 07:00:00,10.8,43.6,77.1,40.6,44.5,41.2,224.0
2023-03-11 08:00:00,11.4,43.3,70.0,37.9,42.2,38.5,104.0
2023-03-11 09:00:00,11.8,43.1,70.1,38.8,43.6,39.3,127.0
2023-03-11 10:00:00,12.7,43.0,65.4,38.1,36.6,36.7,85.0
2023-03-11 11:00:00,12.3,43.0,61.1,36.0,34.8,32.1,0.0
2023-03-11 12:00:00,10.3,43.9,60.1,45.3,31.4,29.7,0.0
2023-03-11 13:00:00,10.0,44.1,62.7,31.5,38.5,31.6,77.0
2023-03-11 14:00:00,7.6,46.2,73.9,38.4,36.0,35.8,101.0
2023-03-11 15:00:00,6.6,46.5,79.1,42.9,49.7,42.5,186.0
2023-03-11 16:00:00,5.9,46.7,62.4,40.5,44.2,40.6,127.0
2023-03-11 17:00:00,6.2,46.7,62.5,39.9,44.2,40.2,115.0
2023-03-11 18:00:00,6.1,46.6,79.8,43.0,47.6,43.3,173.0
2023-03-11 19:00:00,6.8,46.4,77.1,40.7,46.2,41.2,129.0
2023-03-11 20:00:00,6.9,46.4,77.2,41.5,47.0,41.8,152.0
2023-03-11 21:00:00,5.2,46.9,68.2,41.5,45.7,41.8,146.0
2023-03-11 22:00:00,4.6,47.4,78.3,41.6,40.1,40.4,125.0
2023-03-11 23:00:00,5.4,46.8,70.4,39.1,35.4,34.3,0.0
2023-03-12 00:00:00,4.2,47.6,65.6,36.6,29.8,28.5,0.0
2023-03-12 01:00:00,3.1,48.5,61.0,34.5,27.3,26.5,0.0
2023-03-12 02:00:00,3.5,48.2,56.9,32.6,26.0,25.2,0.0
2023-03-12 03:00:00,4.9,47.0,53.2,31.1,25.0,24.5,0.0
2023-03-12 04:00:00,5.6,46.8,50.0,29.8,24.5,24.0,0.0
2023-03-12 05:00:00,3.9,47.8,47.1,28.6,24.2,23.5,0.0
2023-03-12 06:00:00,4.8,47.1,82.4,30.6,39.8,28.5,71.0
2023-03-12 07:00:00,5.2,46.9,83.4,42.3,46.9,42.7,254.0
2023-03-12 08:00:00,5.2,46.9,81.7,41.3,47.1,41.6,153.0
2023-03-12 09:00:00,5.2,46.9,81.6,41.9,47.8,42.2,165.0
2023-03-12 10:00:00,4.8,47.1,71.6,41.8,46.1,42.1,160.0
2023-03-12 11:00:00,5.4,46.8,75.4,41.9,47.0,42.3,159.0
2023-03-12 12:00:00,5.8,46.7,74.8,41.6,47.4,41.4,149.0
2023-03-12 13:00:00,6.5,43.9,68.4,39.1,42.7,39.7,123.0
2023-03-12 14:00:00,6.9,43.6,74.4,39.5,44.7,40.0,131.0
2023-03-12 15:00:00,6.9,43.6,74.3,39.3,44.0,39.9,128.0
2023-03-12 16:00:00,6.0,44.2,71.5,39.2,44.5,39.6,123.0
2023-03-12 17:00:00,5.9,44.3,70.0,39.3,44.2,39.7,128.0
2023-03-12 18:00:00,7.1,44.1,78.9,39.7,44.6,40.4,141.0
2023-03-12 19:00:00,5.2,44.8,82.6,39.7,44.8,40.4,135.0
2023-03-12 20:00:00,3.9,46.1,83.9,40.2,45.9,40.8,144.0
2023-03-12 21:00:00,2.6,47.4,84.5,41.5,47.3,42.0,159.0
2023-03-12 22:00:00,2.0,48.0,84.0,41.8,41.5,41.7,143.0
2023-03-12 23:00:00,0.9,49.1,67.0,39.2,35.5,34.6,0.0
2023-03-13 00:00:00,3.3,46.6,62.6,36.3,29.9,28.3,0.0
2023-03-13 01:00:00,2.5,47.5,58.9,34.1,27.4,26.5,0.0
2023-03-13 02:00:00,0.0,50.0,62.1,31.8,30.1,24.7,0.0
2023-03-13 03:00:00,1.0,49.0,63.4,24.2,33.8,23.7,0.0
2023-03-13 04:00:00,-0.9,51.0,61.1,22.6,33.8,24.2,0.0
2023-03-13 05:00:00,-0.2,50.3,33.7,34.2,30.6,24.4,0.0
2023-03-13 06:00:00,-0.3,51.8,84.3,28.4,38.8,27.4,66.0
2023-03-13 07:00:00,0.3,51.2,83.7,44.7,52.8,43.4,263.0
2023-03-13 08:00:00,1.9,49.7,87.1,43.3,48.9,43.6,199.0
2023-03-13 09:00:00,3.6,48.1,86.1,42.6,48.7,42.9,175.0
2023-03-13 10:00:00,4.2,47.7,83.1,42.3,47.7,42.7,171.0
2023-03-13 11:00:00,6.0,44.5,77.5,39.0,43.8,39.6,123.0
2023-03-13 12:00:00,7.0,44.1,75.2,38.9,43.6,39.6,132.0
2023-03-13 13:00:00,8.0,43.7,74.1,38.9,43.5,39.4,128.0
2023-03-13 14:00:00,9.0,43.2,71.6,38.5,43.1,39.1,124.0
2023-03-13 15:00:00,10.0,42.8,68.6,37.9,42.3,38.6,115.0
2023-03-13 16:00:00,10.1,42.8,67.0,37.8,42.3,38.3,114.0
2023-03-13 17:00:00,10.7,42.5,66.4,38.2,42.7,38.7,120.0
2023-03-13 18:00:00,9.2,43.2,67.6,38.4,42.9,38.8,121.0
2023-03-13 19:00:00,7.8,43.8,74.2,39.4,44.3,39.9,136.0
2023-03-13 20:00:00,6.7,45.4,74.5,39.7,45.9,39.8,134.0
2023-03-13 21:00:00,5.0,46.0,72.9,40.5,44.9,41.0,152.0
2023-03-13 22:00:00,6.7,45.4,77.3,40.9,41.9,41.2,142.0
2023-03-13 23:00:00,6.7,45.4,59.7,39.0,36.3,35.1,0.0
2023-03-14 00:00:00,6.6,45.4,59.0,36.0,30.1,28.6,0.0
2023-03-14 01:00:00,6.7,45.4,55.2,33.9,27.2,26.5,0.0
2023-03-14 02:00:00,5.9,45.7,51.7,32.1,26.2,25.6,0.0
2023-03-14 03:00:00,6.9,45.3,48.7,30.7,25.5,25.0,0.0
2023-03-14 04:00:00,6.4,45.5,46.1,29.5,24.9,24.4,0.0
2023-03-14 05:00:00,6.5,45.4,43.7,28.5,24.4,23.9,0.0
2023-03-14 06:00:00,6.0,45.7,50.1,44.8,32.8,24.0,0.0
2023-03-14 07:00:00,6.1,45.6,78.1,42.2,46.9,42.7,271.0
2023-03-14 08:00:00,7.5,45.1,75.3,39.4,44.4,40.0,130.0
2023-03-14 09:00:00,8.7,44.7,74.5,39.5,44.6,40.0,140.0
2023-03-14 10:00:00,10.0,44.3,70.4,39.3,43.7,39.8,133.0
2023-03-14 11:00:00,11.2,43.9,65.5,38.4,35.9,36.1,78.0
2023-03-14 12:00:00,12.4,43.5,61.3,36.3,33.0,31.9,0.0
2023-03-14 13:00:00,14.1,43.0,57.3,34.6,27.9,27.0,0.0
2023-03-14 14:00:00,14.5,43.0,53.7,33.0,26.5,25.8,0.0
2023-03-14 15:00:00,14.6,43.0,50.5,31.7,25.6,25.1,0.0
2023-03-14 16:00:00,14.6,43.0,47.7,30.6,25.2,24.6,0.0
2023-03-14 17:00:00,14.2,43.0,45.2,29.7,24.7,24.3,0.0
2023-03-14 18:00:00,13.3,42.3,50.4,25.8,30.6,24.4,0.0
2023-03-14 19:00:00,13.2,42.3,61.6,38.2,42.9,37.6,183.0
2023-03-14 20:00:00,12.0,42.8,67.9,39.2,43.6,39.7,142.0
2023-03-14 21:00:00,11.7,43.0,60.8,38.1,41.9,38.4,113.0
2023-03-14 22:00:00,11.2,43.2,71.0,39.5,42.1,39.8,134.0
2023-03-14 23:00:00,11.1,43.2,65.4,37.5,35.5,34.8,0.0
2023-03-15 00:00:00,11.2,43.2,60.7,35.4,30.3,29.1,0.0
2023-03-15 01:00:00,10.6,43.4,56.5,33.7,28.2,26.7,0.0
2023-03-15 02:00:00,10.4,43.6,52.7,32.2,26.4,25.7,0.0
2023-03-15 03:00:00,10.1,43.7,49.5,30.9,25.5,24.9,0.0
2023-03-15 04:00:00,10.2,43.6,46.6,29.7,25.0,24.5,0.0
2023-03-15 05:00:00,10.1,43.7,44.2,28.7,24.5,24.0,0.0
2023-03-15 06:00:00,9.2,45.2,69.0,33.6,40.6,33.2,112.0
2023-03-15 07:00:00,9.8,44.7,77.9,41.0,45.1,41.4,196.0
2023-03-15 08:00:00,10.1,44.6,75.3,39.0,44.1,39.5,122.0
2023-03-15 09:00:00,10.2,43.5,73.0,39.0,43.4,39.6,130.0
2023-03-15 10:00:00,10.3,43.5,73.1,38.5,43.2,39.2,120.0
2023-03-15 11:00:00,10.1,43.6,75.2,39.5,44.6,40.0,136.0
2023-03-15 12:00:00,10.5,43.3,61.4,38.4,37.6,35.9,40.0
2023-03-15 13:00:00,10.3,43.4,58.7,35.6,31.4,29.7,0.0
2023-03-15 14:00:00,10.6,44.5,72.7,37.0,44.3,36.7,123.0
2023-03-15 15:00:00,9.9,44.7,71.9,40.3,44.6,40.7,165.0
2023-03-15 16:00:00,9.5,45.0,78.3,40.1,45.5,40.6,136.0
2023-03-15 17:00:00,8.3,44.8,78.4,40.3,45.4,40.8,140.0
2023-03-15 18:00:00,7.45,45.5,80.85,40.55,45.85,41.1,146.5
2023-03-15 19:00:00,6.6,46.2,83.3,40.8,46.3,41.4,146.5
2023-03-15 20:00:00,5.9,46.6,69.1,40.7,44.8,41.1,143.0
2023-03-15 21:00:00,5.9,46.6,82.6,42.0,47.6,42.4,160.0
2023-03-15 22:00:00,5.6,46.6,77.9,40.5,40.1,40.2,116.0
2023-03-15 23:00:00,4.8,47.1,56.1,38.9,35.2,35.0,0.0
2023-03-16 00:00:00,5.1,46.9,53.6,36.5,29.9,28.9,0.0
2023-03-16 01:00:00,4.8,47.0,51.1,34.4,26.7,26.3,0.0
2023-03-16 02:00:00,4.5,47.4,48.6,32.7,26.1,25.8,0.0
2023-03-16 03:00:00,4.4,47.5,46.1,31.2,25.5,25.2,0.0
2023-03-16 04:00:00,3.3,48.5,43.9,29.9,24.8,24.5,0.0
2023-03-16 05:00:00,3.8,48.0,41.8,28.8,24.3,23.8,0.0
2023-03-16 06:00:00,3.6,47.4,76.6,29.8,38.0,27.7,67.0
2023-03-16 07:00:00,3.7,47.3,85.8,43.1,47.9,43.5,251.0
2023-03-16 08:00:00,2.9,48.1,85.3,41.2,47.2,41.6,150.0
2023-03-16 09:00:00,3.1,47.9,85.1,42.5,48.3,42.8,176.0
2023-03-16 10:00:00,4.2,46.8,83.8,41.9,47.5,42.4,163.0
2023-03-16 11:00:00,5.1,45.9,83.8,41.3,46.8,41.8,154.0
2023-03-16 12:00:00,4.7,46.3,82.7,40.8,46.2,41.3,152.0
2023-03-16 13:00:00,5.1,45.9,81.7,40.3,45.8,40.9,144.0
2023-03-16 14:00:00,5.4,45.7,80.8,40.7,46.1,41.2,151.0
2023-03-16 15:00:00,5.3,45.9,79.9,40.8,46.0,41.3,148.0
2023-03-16 16:00:00,5.8,45.6,78.9,40.5,45.7,40.9,143.0
2023-03-16 17:00:00,6.1,45.5,79.7,40.3,45.5,40.8,143.0
2023-03-16 18:00:00,5.4,45.8,79.7,40.4,45.7,40.9,144.0
2023-03-16 19:00:00,5.8,45.6,82.5,40.7,46.2,41.2,147.0
2023-03-16 20:00:00,5.0,45.9,74.8,40.4,45.1,40.9,141.0
2023-03-16 21:00:00,4.9,46.1,78.5,41.3,46.7,41.6,153.0
2023-03-16 22:00:00,4.8,46.3,75.7,40.6,40.6,40.8,134.0
2023-03-16 23:00:00,4.7,46.3,66.9,38.8,35.1,35.0,0.0
2023-03-17 00:00:00,4.3,46.7,62.0,36.4,30.2,28.5,0.0
2023-03-17 01:00:00,4.5,46.5,58.0,34.4,26.8,26.3,0.0
2023-03-17 02:00:00,4.8,46.1,54.2,32.6,26.0,25.5,0.0
2023-03-17 03:00:00,4.3,46.7,50.8,31.2,25.1,24.6,0.0
2023-03-17 04:00:00,3.6,47.4,47.7,29.8,24.3,23.8,0.0
2023-03-17 05:00:00,3.9,47.1,45.8,29.7,23.7,23.2,0.0
2023-03-17 06:00:00,3.8,47.2,75.7,34.2,41.9,32.8,114.0
2023-03-17 07:00:00,3.3,47.7,83.8,42.6,47.6,43.0,234.0
2023-03-17 08:00:00,3.6,47.4,83.7,40.9,46.7,41.3,153.0
2023-03-17 09:00:00,4.4,46.6,82.7,41.2,46.9,41.6,161.0
2023-03-17 10:00:00,4.9,46.1,80.4,40.6,45.9,41.1,152.0
2023-03-17 11:00:00,5.5,45.8,75.7,40.0,45.0,40.4,141.0
2023-03-17 12:00:00,6.0,45.5,74.9,39.9,44.8,40.3,142.0
2023-03-17 13:00:00,7.4,44.9,74.6,39.8,44.7,40.3,139.0
2023-03-17 14:00:00,7.6,44.8,72.9,39.4,39.2,39.5,120.0
2023-03-17 15:00:00,7.8,44.7,61.2,37.7,34.7,34.0,0.0
2023-03-17 16:00:00,8.9,44.2,57.7,35.6,29.7,28.6,0.0
2023-03-17 17:00:00,8.8,44.3,38.8,37.9,38.6,33.1,86.0
2023-03-17 18:00:00,8.6,44.4,42.0,33.6,35.7,33.9,69.0
2023-03-17 19:00:00,5.9,45.6,78.8,41.6,46.0,42.1,197.0
2023-03-17 20:00:00,5.9,45.6,80.2,39.4,48.3,38.7,107.0
2023-03-17 21:00:00,5.1,45.9,69.1,39.9,44.4,40.5,162.0
2023-03-17 22:00:00,4.5,46.5,76.1,41.2,45.6,41.7,159.0
2023-03-17 23:00:00,4.4,46.6,73.3,39.0,35.3,35.2,0.0
2023-03-18 00:00:00,4.1,46.9,66.9,36.5,29.8,28.5,0.0
2023-03-18 01:00:00,3.4,47.6,61.6,34.3,26.7,26.2,0.0
2023-03-18 02:00:00,3.7,47.3,56.7,32.5,25.8,25.2,0.0
2023-03-18 03:00:00,2.2,48.7,52.9,30.8,24.9,24.4,0.0
2023-03-18 04:00:00,2.2,48.8,49.4,29.5,24.3,23.6,0.0
2023-03-18 05:00:00,1.3,49.6,46.3,28.3,23.3,22.8,0.0
2023-03-18 06:00:00,1.9,47.2,87.0,39.5,49.1,37.7,183.0
2023-03-18 07:00:00,3.4,46.6,81.9,40.7,45.5,41.1,187.0
2023-03-18 08:00:00,5.2,45.9,66.0,37.7,43.8,37.3,112.0
2023-03-18 09:00:00,6.3,45.4,81.0,41.6,48.5,41.5,172.0
2023-03-18 10:00:00,7.1,45.0,51.9,38.7,41.2,39.0,117.0
2023-03-18 11:00:00,8.5,44.4,41.4,37.2,38.5,37.9,116.0
2023-03-18 12:00:00,8.7,44.4,73.8,39.6,46.2,39.5,130.0
2023-03-18 13:00:00,9.3,44.0,65.4,39.1,35.7,35.6,42.0
2023-03-18 14:00:00,9.8,43.8,61.4,36.7,30.6,29.4,0.0
2023-03-18 15:00:00,10.1,43.7,57.5,34.7,27.0,26.4,0.0
2023-03-18 16:00:00,10.3,43.6,53.9,33.0,25.7,25.2,0.0
2023-03-18 17:00:00,9.8,43.8,50.8,31.7,25.0,24.5,0.0
2023-03-18 18:00:00,9.2,44.6,74.6,38.0,45.6,37.0,154.0
2023-03-18 19:00:00,8.8,44.8,70.3,39.5,43.3,40.0,166.0
2023-03-18 20:00:00,8.6,45.0,64.1,38.6,35.8,35.8,79.0
2023-03-18 21:00:00,8.1,44.6,79.2,41.5,46.7,42.1,178.0
2023-03-18 22:00:00,7.8,44.7,57.3,39.7,39.8,39.8,111.0
2023-03-18 23:00:00,7.2,45.0,46.6,37.1,35.4,33.8,0.0
2023-03-19 00:00:00,6.3,45.4,47.5,33.4,29.0,26.9,0.0
2023-03-19 01:00:00,6.4,45.3,45.3,30.5,26.1,25.4,0.0
2023-03-19 02:00:00,6.7,45.2,43.1,28.9,25.7,24.7,0.0
2023-03-19 03:00:00,6.3,45.3,41.3,27.4,24.8,23.7,0.0
2023-03-19 04:00:00,5.0,46.0,39.5,26.3,23.8,22.9,0.0
2023-03-19 05:00:00,4.4,46.2,38.0,25.3,23.1,22.5,0.0
2023-03-19 06:00:00,2.0,47.9,66.5,26.3,34.0,25.6,50.0
2023-03-19 07:00:00,4.5,47.1,84.3,42.6,47.3,43.1,273.0
2023-03-19 08:00:00,5.6,46.6,69.8,40.3,45.2,40.5,143.0
2023-03-19 09:00:00,7.3,44.9,74.7,40.1,45.3,40.5,154.0
2023-03-19 10:00:00,8.8,44.3,69.1,38.2,44.1,38.1,122.0
2023-03-19 11:00:00,9.7,43.9,69.2,39.8,43.3,40.4,157.0
2023-03-19 12:00:00,10.6,43.5,59.4,37.6,35.6,34.5,0.0
2023-03-19 13:00:00,12.0,42.8,55.5,35.1,29.5,28.2,0.0
2023-03-19 14:00:00,12.8,42.5,52.5,33.2,26.9,26.4,0.0
2023-03-19 15:00:00,13.4,42.2,49.7,31.7,26.3,25.7,0.0
2023-03-19 16:00:00,13.6,42.1,47.2,30.4,26.4,25.0,0.0
2023-03-19 17:00:00,13.7,42.1,45.0,29.4,24.9,24.3,0.0
2023-03-19 18:00:00,12.1,42.8,42.9,28.6,24.1,23.7,0.0
2023-03-19 19:00:00,9.6,44.9,74.8,41.4,48.1,40.5,226.0
2023-03-19 20:00:00,10.3,44.8,68.3,39.0,38.7,38.9,118.0
2023-03-19 21:00:00,9.0,45.1,53.5,40.1,43.2,40.2,150.0
2023-03-19 22:00:00,9.3,44.5,70.8,39.7,39.6,39.8,132.0
2023-03-19 23:00:00,8.6,44.8,66.0,37.7,35.1,33.9,0.0
2023-03-20 00:00:00,6.9,45.3,61.1,35.5,29.0,27.7,0.0
2023-03-20 01:00:00,6.4,45.5,56.9,33.5,26.7,26.1,0.0
2023-03-20 02:00:00,6.0,45.6,53.0,31.7,25.9,25.4,0.0
2023-03-20 03:00:00,6.3,45.5,49.5,30.1,25.3,24.7,0.0
2023-03-20 04:00:00,4.9,46.0,46.6,28.8,24.4,24.0,0.0
2023-03-20 05:00:00,4.2,46.3,44.0,27.8,23.7,23.4,0.0
2023-03-20 06:00:00,4.7,49.6,77.7,34.1,42.2,33.1,122.0
2023-03-20 07:00:00,5.8,48.0,85.1,44.4,49.4,44.7,247.0
2023-03-20 08:00:00,7.7,46.9,84.0,40.7,46.3,41.1,141.0
2023-03-20 09:00:00,9.5,45.7,81.7,41.1,46.5,41.6,159.0
2023-03-20 10:00:00,10.7,44.6,78.6,40.2,45.2,40.6,142.0
2023-03-20 11:00:00,11.9,44.0,68.1,38.7,35.8,35.8,43.0
2023-03-20 12:00:00,13.5,43.2,63.6,36.6,31.3,29.9,0.0
2023-03-20 13:00:00,14.6,43.0,64.1,36.4,50.2,27.1,0.0
2023-03-20 14:00:00,15.0,43.0,59.8,34.2,49.5,35.1,0.0
2023-03-20 15:00:00,15.6,43.0,55.7,32.7,48.1,34.9,0.0
2023-03-20 16:00:00,15.6,43.0,52.2,31.6,46.3,34.8,0.0
2023-03-20 17:00:00,14.9,43.0,49.1,30.6,45.0,34.5,0.0
2023-03-20 18:00:00,14.7,43.0,46.4,29.8,43.5,34.3,0.0
2023-03-20 19:00:00,14.2,43.0,44.0,29.1,42.4,34.1,0.0
2023-03-20 20:00:00,14.0,43.0,72.0,36.0,42.8,35.9,150.0
2023-03-20 21:00:00,13.7,43.1,68.7,39.2,43.2,39.7,161.0
2023-03-20 22:00:00,13.5,43.2,50.9,37.7,37.6,37.7,99.0
2023-03-20 23:00:00,13.5,43.2,58.8,34.6,36.0,32.0,0.0
2023-03-21 00:00:00,12.9,43.5,56.1,32.5,29.1,27.7,0.0
2023-03-21 01:00:00,12.6,43.7,52.6,31.1,27.4,26.6,0.0
2023-03-21 02:00:00,12.4,43.8,49.4,29.8,26.3,25.8,0.0
2023-03-21 03:00:00,11.8,44.2,46.6,28.9,25.8,25.1,0.0
2023-03-21 04:00:00,11.5,44.3,44.2,27.9,25.1,24.6,0.0
2023-03-21 05:00:00,10.4,44.8,46.1,25.6,24.7,24.0,0.0
2023-03-21 06:00:00,10.3,44.8,81.7,34.0,43.4,33.1,115.0
2023-03-21 07:00:00,10.8,44.6,80.3,40.2,44.4,40.7,197.0
2023-03-21 08:00:00,10.8,46.2,78.2,40.3,46.1,40.5,146.0
2023-03-21 09:00:00,11.0,46.1,76.3,41.3,46.8,41.5,140.0
2023-03-21 10:00:00,11.8,45.9,67.2,39.3,35.6,35.5,35.0
2023-03-21 11:00:00,12.4,45.8,63.0,36.9,30.4,29.1,0.0
2023-03-21 12:00:00,13.0,45.7,58.9,34.9,27.2,26.7,0.0
2023-03-21 13:00:00,14.1,45.5,55.1,33.2,26.3,25.8,0.0
2023-03-21 14:00:00,14.2,45.5,51.8,31.8,25.7,25.3,0.0
2023-03-21 15:00:00,14.1,45.5,48.9,30.6,25.2,24.8,0.0
2023-03-21 16:00:00,13.5,45.6,46.2,29.6,24.7,24.3,0.0
2023-03-21 17:00:00,13.5,44.1,56.9,29.8,35.6,30.0,74.0
2023-03-21 18:00:00,12.8,44.5,72.1,41.3,46.0,41.5,209.0
2023-03-21 19:00:00,11.8,44.8,70.3,39.0,44.2,39.3,124.0
2023-03-21 20:00:00,12.6,44.5,69.7,40.1,45.4,39.9,142.0
2023-03-21 21:00:00,12.1,44.7,68.1,40.0,44.5,40.5,143.0
2023-03-21 22:00:00,11.6,44.9,71.8,40.2,39.7,39.8,121.0
2023-03-21 23:00:00,11.5,44.9,67.0,38.1,34.9,34.2,0.0
2023-03-22 00:00:00,12.0,44.7,61.9,35.9,29.6,28.6,0.0
2023-03-22 01:00:00,11.0,45.1,57.5,34.1,27.0,26.4,0.0
2023-03-22 02:00:00,10.4,45.4,53.5,32.5,26.1,25.8,0.0
2023-03-22 03:00:00,9.0,45.9,50.2,31.1,25.7,25.3,0.0
2023-03-22 04:00:00,8.5,46.1,47.3,29.9,25.2,24.6,0.0
2023-03-22 05:00:00,9.4,45.7,44.6,28.8,24.7,24.1,0.0
2023-03-22 06:00:00,9.6,44.4,71.5,38.0,46.5,26.3,49.0
2023-03-22 07:00:00,9.4,44.5,77.6,41.0,45.3,41.5,233.0
2023-03-22 08:00:00,11.2,44.3,75.2,38.8,43.5,39.3,122.0
2023-03-22 09:00:00,11.5,44.2,72.8,39.1,43.8,39.6,133.0
2023-03-22 10:00:00,12.1,44.2,66.1,37.9,35.7,35.8,45.0
2023-03-22 11:00:00,13.0,44.1,61.3,35.9,31.9,30.1,0.0
2023-03-22 12:00:00,14.0,44.0,57.2,34.1,27.2,26.7,0.0
2023-03-22 13:00:00,14.3,44.0,53.6,32.6,26.6,26.0,0.0
2023-03-22 14:00:00,13.8,44.0,50.4,31.3,25.9,25.5,0.0
2023-03-22 15:00:00,13.4,44.0,47.5,30.2,25.3,24.9,0.0
2023-03-22 16:00:00,13.6,44.0,44.9,29.3,24.9,24.3,0.0
2023-03-22 17:00:00,13.1,44.1,42.7,28.4,24.5,24.1,0.0
2023-03-22 18:00:00,13.0,44.1,58.5,24.9,31.7,24.6,0.0
2023-03-22 19:00:00,12.5,44.1,71.0,41.1,46.8,40.5,221.0
2023-03-22 20:00:00,11.3,44.3,65.6,38.7,42.9,39.2,125.0
2023-03-22 21:00:00,9.7,43.9,67.2,40.2,44.2,40.6,149.0
2023-03-22 22:00:00,9.4,44.0,66.4,38.6,38.3,38.4,102.0
2023-03-22 23:00:00,8.4,44.2,57.9,35.7,35.4,33.9,0.0
2023-03-23 00:00:00,8.6,44.1,54.7,33.2,28.7,27.6,0.0
2023-03-23 01:00:00,7.8,44.3,51.4,31.6,27.3,26.4,0.0
2023-03-23 02:00:00,7.8,44.3,48.4,30.0,26.4,25.7,0.0
2023-03-23 03:00:00,6.8,44.6,45.8,28.8,25.6,25.1,0.0
2023-03-23 04:00:00,6.1,44.7,43.5,27.8,25.0,24.7,0.0
2023-03-23 05:00:00,5.4,44.9,43.2,29.2,26.7,24.4,0.0
2023-03-23 06:00:00,5.7,44.8,65.9,30.5,37.6,30.2,79.0
2023-03-23 07:00:00,7.7,44.4,79.2,40.7,45.0,41.3,215.0
2023-03-23 08:00:00,9.8,43.9,77.5,38.4,43.3,39.1,122.0
2023-03-23 09:00:00,11.6,43.5,74.2,38.3,42.9,38.9,129.0
2023-03-23 10:00:00,12.3,43.3,67.3,37.2,35.6,36.0,51.0
2023-03-23 11:00:00,12.6,43.3,62.6,35.2,30.9,29.2,0.0
2023-03-23 12:00:00,13.4,43.1,58.6,33.5,27.1,26.4,0.0
2023-03-23 13:00:00,14.6,43.0,54.9,32.0,26.1,25.6,0.0
2023-03-23 14:00:00,15.3,43.0,51.6,30.8,25.4,24.7,0.0
2023-03-23 15:00:00,16.1,43.0,48.8,29.8,25.0,24.4,0.0
2023-03-23 16:00:00,16.6,43.0,46.2,28.9,24.6,24.2,0.0
2023-03-23 17:00:00,16.2,43.0,43.9,28.1,24.4,24.0,0.0
2023-03-23 18:00:00,14.7,43.0,41.8,27.4,24.1,23.9,0.0
2023-03-23 19:00:00,14.4,43.0,39.9,26.9,23.8,23.6,0.0
2023-03-23 20:00:00,13.6,43.0,69.6,34.6,41.8,34.0,124.0
2023-03-23 21:00:00,11.8,43.4,66.7,39.3,43.2,39.8,169.0
2023-03-23 22:00:00,11.8,43.4,65.2,38.6,38.7,38.9,114.0
2023-03-23 23:00:00,10.9,43.6,47.4,36.8,34.8,34.3,0.0
2023-03-24 00:00:00,9.9,43.9,45.4,34.6,29.7,28.7,0.0
2023-03-24 01:00:00,9.3,44.0,43.6,32.7,26.6,26.2,0.0
2023-03-24 02:00:00,9.8,43.9,41.7,31.1,25.9,25.5,0.0
2023-03-24 03:00:00,8.2,44.3,40.0,29.7,25.2,25.0,0.0
2023-03-24 04:00:00,7.7,44.4,38.4,28.6,24.7,24.4,0.0
2023-03-24 05:00:00,7.7,44.3,36.9,27.5,24.2,23.9,0.0
2023-03-24 06:00:00,7.1,44.5,65.2,27.2,34.0,26.4,40.0
2023-03-24 07:00:00,9.0,44.7,77.0,41.7,48.0,41.2,233.0
2023-03-24 08:00:00,11.3,43.9,81.2,39.3,44.2,40.1,136.0
2023-03-24 09:00:00,12.1,44.4,78.7,38.8,43.8,39.5,131.0
2023-03-24 10:00:00,13.2,44.1,62.1,37.3,36.7,35.0,0.0
2023-03-24 11:00:00,14.1,44.0,59.6,34.6,30.1,28.7,0.0
2023-03-24 12:00:00,14.9,44.0,56.1,32.7,27.6,26.7,0.0
2023-03-24 13:00:00,15.9,44.0,52.9,31.2,26.6,25.8,0.0
2023-03-24 14:00:00,16.7,44.0,49.9,30.1,25.6,24.9,0.0
2023-03-24 15:00:00,17.3,44.0,47.4,29.1,25.0,24.6,0.0
2023-03-24 16:00:00,17.6,44.0,45.0,28.2,24.6,24.3,0.0
2023-03-24 17:00:00,17.3,44.0,42.8,27.5,24.4,24.2,0.0
2023-03-24 18:00:00,16.6,44.0,40.8,26.9,24.4,24.1,0.0
2023-03-24 19:00:00,14.3,44.0,39.0,26.4,24.1,24.1,0.0
2023-03-24 20:00:00,14.9,44.0,37.4,25.9,24.0,24.5,0.0
2023-03-24 21:00:00,14.3,44.0,36.0,25.5,24.3,24.5,0.0
2023-03-24 22:00:00,13.7,44.0,34.7,25.1,24.2,24.6,0.0
2023-03-24 23:00:00,11.8,44.4,33.5,24.7,24.3,24.3,0.0
2023-03-25 00:00:00,11.2,44.6,32.4,24.4,24.0,24.1,0.0
2023-03-25 01:00:00,11.2,44.6,31.5,24.0,24.0,24.1,0.0
2023-03-25 02:00:00,9.4,45.0,30.5,23.7,23.9,23.8,0.0
2023-03-25 03:00:00,10.1,44.8,29.7,23.3,23.6,23.5,0.0
2023-03-25 04:00:00,8.3,45.2,29.0,23.1,23.2,23.1,0.0
2023-03-25 05:00:00,10.1,44.8,28.3,22.8,23.0,22.7,0.0
2023-03-25 06:00:00,7.9,44.3,81.3,26.0,36.4,24.3,36.0
2023-03-25 07:00:00,9.8,43.9,75.5,40.4,44.7,40.8,242.0
2023-03-25 08:00:00,11.9,44.4,68.6,37.9,42.9,38.3,117.0
2023-03-25 09:00:00,13.4,44.1,69.2,39.2,37.0,37.1,106.0
2023-03-25 10:00:00,14.1,44.0,63.5,36.8,33.5,32.9,0.0
2023-03-25 11:00:00,15.0,44.0,58.7,34.6,28.2,27.5,0.0
2023-03-25 12:00:00,15.9,44.0,54.6,32.8,26.4,26.2,0.0
2023-03-25 13:00:00,16.5,44.0,51.0,31.3,25.9,25.6,0.0
2023-03-25 14:00:00,16.5,44.0,47.9,30.1,25.4,25.0,0.0
2023-03-25 15:00:00,16.9,44.0,45.2,29.0,24.9,24.6,0.0
2023-03-25 16:00:00,17.0,44.0,42.8,28.2,24.7,24.4,0.0
2023-03-25 17:00:00,16.7,44.0,40.8,27.4,24.2,24.1,0.0
2023-03-25 18:00:00,15.3,44.0,38.9,26.8,24.1,23.9,0.0
2023-03-25 19:00:00,14.1,43.0,64.0,25.8,33.1,25.3,0.0
2023-03-25 20:00:00,12.1,43.6,67.7,40.4,45.5,40.4,217.0
2023-03-25 21:00:00,13.3,43.2,65.3,38.3,42.3,38.8,116.0
2023-03-25 22:00:00,11.5,43.8,61.2,38.3,37.2,37.4,98.0
2023-03-25 23:00:00,11.3,43.9,49.0,36.2,33.9,32.7,0.0
2023-03-26 00:00:00,11.4,43.8,47.1,34.0,28.9,28.2,0.0
2023-03-26 01:00:00,10.7,44.1,45.2,32.3,27.2,26.6,0.0
2023-03-26 02:00:00,10.7,44.1,44.2,31.5,26.55,25.95,0.0
2023-03-26 03:00:00,10.7,44.1,43.2,30.7,25.9,25.3,0.0
2023-03-26 04:00:00,11.0,44.0,41.4,29.3,25.1,24.9,0.0
2023-03-26 05:00:00,10.9,44.0,39.6,28.3,24.8,24.5,0.0
2023-03-26 06:00:00,9.9,44.3,55.3,25.2,31.3,24.9,0.0
2023-03-26 07:00:00,10.1,44.3,74.3,41.3,46.1,41.7,235.0
2023-03-26 08:00:00,9.2,44.6,68.9,38.6,43.1,39.1,117.0
2023-03-26 09:00:00,11.2,43.9,68.5,39.5,44.4,39.7,139.0
2023-03-26 10:00:00,12.3,43.5,66.4,39.2,43.6,39.5,128.0
2023-03-26 11:00:00,12.9,43.3,64.1,37.8,35.4,36.0,50.0
2023-03-26 12:00:00,13.2,43.2,59.6,35.7,31.3,30.1,0.0
2023-03-26 13:00:00,13.9,43.0,55.7,33.8,27.5,26.9,0.0
2023-03-26 14:00:00,14.1,43.0,52.1,32.4,26.2,25.8,0.0
2023-03-26 15:00:00,14.5,43.0,49.0,31.1,25.6,25.1,0.0
2023-03-26 16:00:00,15.3,43.0,46.2,30.0,25.0,24.7,0.0
2023-03-26 17:00:00,15.2,43.0,43.8,29.2,24.9,24.4,0.0
2023-03-26 18:00:00,15.3,43.0,41.7,28.3,24.6,24.1,0.0
2023-03-26 19:00:00,14.1,44.0,73.7,30.2,38.5,29.3,68.0
2023-03-26 20:00:00,14.1,44.0,69.7,40.8,44.9,41.3,204.0
2023-03-26 21:00:00,13.6,44.0,68.4,38.7,44.0,39.0,112.0
2023-03-26 22:00:00,12.8,44.2,69.6,39.6,38.9,39.1,119.0
2023-03-26 23:00:00,12.5,44.3,64.0,37.5,34.6,34.1,0.0
2023-03-27 00:00:00,12.4,44.3,59.0,35.4,29.8,28.5,0.0
2023-03-27 01:00:00,11.6,44.5,54.8,33.5,27.2,26.7,0.0
2023-03-27 02:00:00,11.6,44.5,51.3,32.0,26.6,26.2,0.0
2023-03-27 03:00:00,11.7,44.4,48.1,30.7,26.0,25.6,0.0
2023-03-27 04:00:00,11.5,44.5,45.3,29.5,25.3,24.8,0.0
2023-03-27 05:00:00,11.4,44.5,43.0,28.5,24.7,24.4,0.0
2023-03-27 06:00:00,12.0,45.4,73.2,31.7,40.0,31.1,83.0
2023-03-27 07:00:00,11.7,45.5,79.1,41.9,46.2,42.4,215.0
2023-03-27 08:00:00,12.1,45.4,78.2,39.7,44.8,40.3,126.0
2023-03-27 09:00:00,12.6,44.3,76.5,39.8,44.7,40.3,136.0
2023-03-27 10:00:00,13.0,43.3,70.2,38.0,42.4,38.6,111.0
2023-03-27 11:00:00,8.6,44.7,72.0,39.1,44.2,39.6,131.0
2023-03-27 12:00:00,9.7,44.4,78.9,40.4,45.3,40.9,147.0
2023-03-27 13:00:00,10.3,44.2,77.8,39.4,44.0,40.0,125.0
2023-03-27 14:00:00,10.7,44.7,74.5,39.0,43.9,39.6,123.0
2023-03-27 15:00:00,11.8,44.4,71.1,39.7,44.2,40.1,132.0
2023-03-27 16:00:00,12.2,44.3,54.2,39.2,36.3,36.6,83.0
2023-03-27 17:00:00,8.3,45.2,69.9,32.1,39.7,31.5,35.0
2023-03-27 18:00:00,8.2,45.3,68.0,40.1,45.6,39.9,176.0
2023-03-27 19:00:00,8.9,45.1,79.0,41.4,45.5,42.0,157.0
2023-03-27 20:00:00,10.2,44.8,73.6,39.2,44.1,39.8,114.0
2023-03-27 21:00:00,10.2,44.8,76.7,40.5,45.7,40.9,141.0
2023-03-27 22:00:00,6.9,45.5,71.1,39.6,39.7,39.8,117.0
2023-03-27 23:00:00,6.3,45.7,50.8,38.0,35.0,34.7,0.0
2023-03-28 00:00:00,4.5,46.3,48.7,35.7,29.5,28.8,0.0
2023-03-28 01:00:00,4.3,46.4,46.7,33.8,27.5,27.0,0.0
2023-03-28 02:00:00,4.9,46.1,44.6,32.1,26.5,26.3,0.0
2023-03-28 03:00:00,4.2,46.4,42.5,30.7,25.9,25.5,0.0
2023-03-28 04:00:00,3.6,46.8,40.6,29.5,25.3,25.0,0.0
2023-03-28 05:00:00,4.5,46.2,38.9,28.4,24.8,24.6,0.0
2023-03-28 06:00:00,4.1,46.5,69.1,27.5,35.5,26.6,46.0
2023-03-28 07:00:00,4.6,46.2,80.7,42.9,49.4,42.7,242.0
2023-03-28 08:00:00,4.4,46.3,83.4,40.3,45.5,40.9,142.0
2023-03-28 09:00:00,4.1,46.5,83.6,41.1,46.8,41.5,162.0
2023-03-28 10:00:00,3.7,46.8,83.1,41.3,46.9,41.7,160.0
2023-03-28 11:00:00,4.1,46.5,80.6,40.6,45.8,41.1,150.0
2023-03-28 12:00:00,4.4,46.3,79.8,40.9,46.4,41.4,156.0
2023-03-28 13:00:00,4.6,46.2,79.0,41.0,46.1,41.4,152.0
2023-03-28 14:00:00,4.4,45.4,78.8,40.7,45.7,41.2,147.0
2023-03-28 15:00:00,5.1,44.9,83.4,40.3,46.0,40.7,141.0
2023-03-28 16:00:00,5.0,45.0,79.4,40.2,44.8,40.8,140.0
2023-03-28 17:00:00,3.4,46.1,81.7,39.9,45.6,40.4,134.0
2023-03-28 18:00:00,3.8,45.8,80.4,41.2,46.7,41.6,155.0
2023-03-28 19:00:00,3.4,46.0,85.6,40.6,46.0,41.2,147.0
2023-03-28 20:00:00,4.3,45.4,78.1,40.4,45.1,40.9,139.0
2023-03-28 21:00:00,4.1,45.6,86.2,40.9,47.1,41.4,150.0
2023-03-28 22:00:00,4.6,45.2,70.0,39.7,39.5,39.7,118.0
2023-03-28 23:00:00,3.9,45.7,62.5,37.7,35.3,34.6,0.0
2023-03-29 00:00:00,4.2,45.6,59.1,35.2,29.3,28.3,0.0
2023-03-29 01:00:00,3.8,45.8,55.6,33.2,27.3,26.9,0.0
2023-03-29 02:00:00,3.9,45.7,52.2,31.5,26.6,26.0,0.0
2023-03-29 03:00:00,4.1,45.6,49.2,30.0,25.8,25.2,0.0
2023-03-29 04:00:00,3.8,45.8,46.5,28.9,24.9,24.6,0.0
2023-03-29 05:00:00,3.7,45.9,27.8,29.5,24.2,24.1,0.0
2023-03-29 06:00:00,3.9,45.7,75.7,28.1,37.5,26.6,54.0
2023-03-29 07:00:00,3.8,46.7,86.3,42.5,47.8,42.8,256.0
2023-03-29 08:00:00,3.8,45.8,85.6,40.4,46.2,40.8,148.0
2023-03-29 09:00:00,5.0,44.9,84.2,40.1,45.2,40.6,152.0
2023-03-29 10:00:00,5.9,44.9,83.5,39.5,44.6,40.1,140.0
2023-03-29 11:00:00,5.5,44.9,80.6,39.1,44.4,39.8,137.0
2023-03-29 12:00:00,6.3,44.8,79.1,39.3,44.3,39.9,138.0
2023-03-29 13:00:00,6.8,44.8,78.0,39.2,44.3,39.7,135.0
2023-03-29 14:00:00,7.0,44.7,77.1,39.4,44.3,39.9,135.0
2023-03-29 15:00:00,7.7,44.7,75.3,39.2,43.9,39.7,132.0
2023-03-29 16:00:00,7.8,44.6,74.0,39.3,44.1,39.8,133.0
2023-03-29 17:00:00,8.8,44.5,70.5,39.4,44.2,39.9,131.0
2023-03-29 18:00:00,8.8,44.5,71.6,39.9,44.7,40.3,136.0
2023-03-29 19:00:00,8.7,44.5,76.0,40.0,45.5,40.4,138.0
2023-03-29 20:00:00,7.8,44.6,70.1,39.6,44.7,39.8,131.0
2023-03-29 21:00:00,7.4,44.7,67.7,40.1,44.5,40.6,140.0
2023-03-29 22:00:00,8.1,44.6,75.9,40.2,43.7,40.4,137.0
2023-03-29 23:00:00,8.2,44.6,70.7,38.4,35.4,35.2,0.0
2023-03-30 00:00:00,8.1,44.6,64.6,36.2,30.5,29.2,0.0
2023-03-30 01:00:00,7.7,44.7,59.6,34.3,27.2,26.9,0.0
2023-03-30 02:00:00,7.2,44.7,55.3,32.7,26.5,26.1,0.0
2023-03-30 03:00:00,7.6,44.7,51.7,31.3,25.7,25.4,0.0
2023-03-30 04:00:00,7.1,44.7,48.5,30.1,25.2,24.7,0.0
2023-03-30 05:00:00,7.1,44.7,45.8,29.0,24.8,24.2,0.0
2023-03-30 06:00:00,7.0,46.9,72.3,31.5,39.7,31.2,91.0
2023-03-30 07:00:00,7.5,46.8,84.0,43.3,48.7,43.7,236.0
2023-03-30 08:00:00,7.8,46.7,84.1,40.6,46.2,41.2,140.0
2023-03-30 09:00:00,8.5,44.8,81.5,40.7,45.8,41.1,152.0
2023-03-30 10:00:00,9.4,44.5,80.4,39.2,44.1,39.9,127.0
2023-03-30 11:00:00,9.8,44.4,74.7,38.9,43.5,39.5,127.0
2023-03-30 12:00:00,11.0,44.0,44.9,37.6,35.8,35.0,0.0
2023-03-30 13:00:00,11.4,43.8,53.3,34.2,30.1,28.7,0.0
2023-03-30 14:00:00,12.4,43.5,50.9,32.3,27.6,26.6,0.0
2023-03-30 15:00:00,12.9,43.3,48.5,31.0,26.8,25.8,0.0
2023-03-30 16:00:00,13.4,43.2,46.3,29.7,25.7,25.1,0.0
2023-03-30 17:00:00,13.5,43.1,44.1,29.0,25.1,24.7,0.0
2023-03-30 18:00:00,13.5,43.1,41.9,28.3,25.2,24.3,0.0
2023-03-30 19:00:00,13.0,43.3,45.1,30.6,27.6,25.0,0.0
2023-03-30 20:00:00,12.8,43.4,71.8,39.1,45.9,38.1,178.0
2023-03-30 21:00:00,12.6,43.4,52.2,38.4,40.5,39.0,132.0
2023-03-30 22:00:00,11.9,43.6,45.5,35.0,36.0,34.8,0.0
2023-03-30 23:00:00,11.7,43.7,44.9,32.8,31.2,28.6,0.0
2023-03-31 00:00:00,10.9,44.0,43.2,30.1,27.4,26.6,0.0
2023-03-31 01:00:00,11.1,43.9,41.4,28.9,26.4,25.9,0.0
2023-03-31 02:00:00,11.2,43.9,39.7,28.0,25.6,25.1,0.0
2023-03-31 03:00:00,10.7,44.1,38.2,27.3,25.0,24.6,0.0
2023-03-31 04:00:00,10.8,44.0,36.7,26.6,24.5,24.2,0.0
2023-03-31 05:00:00,10.6,44.1,35.3,26.1,24.0,23.8,0.0
2023-03-31 06:00:00,10.6,44.1,74.0,29.7,36.7,27.3,57.0
2023-03-31 07:00:00,10.7,44.1,75.0,40.2,47.4,39.0,188.0
2023-03-31 08:00:00,10.7,44.1,74.2,38.8,43.3,39.4,140.0
2023-03-31 09:00:00,11.1,43.9,72.6,38.8,43.4,39.3,127.0
2023-03-31 10:00:00,11.8,43.7,72.0,38.6,39.1,39.2,123.0
2023-03-31 11:00:00,12.6,43.4,67.2,36.7,35.1,34.0,0.0
2023-03-31 12:00:00,13.4,43.2,62.3,34.9,29.9,28.5,0.0
2023-03-31 13:00:00,14.0,43.0,58.1,33.3,27.4,26.4,0.0
2023-03-31 14:00:00,14.8,43.0,54.3,31.9,26.1,25.6,0.0
2023-03-31 15:00:00,15.2,43.0,50.9,30.7,25.9,25.3,0.0
2023-03-31 16:00:00,15.6,43.0,48.1,29.8,25.3,25.0,0.0
2023-03-31 17:00:00,16.3,43.0,45.6,28.9,24.9,24.7,0.0
2023-03-31 18:00:00,16.3,43.0,28.2,31.8,26.1,24.4,0.0
2023-03-31 19:00:00,15.7,43.0,36.9,29.5,26.1,24.0,0.0
2023-03-31 20:00:00,15.2,42.0,66.4,29.8,36.2,29.4,69.0
2023-03-31 21:00:00,15.1,42.0,71.6,37.2,44.3,36.0,116.0
2023-03-31 22:00:00,14.9,42.0,67.5,37.6,37.7,37.8,122.0
2023-03-31 23:00:00,14.2,42.0,60.9,36.0,34.1,33.1,0.0
2023-11-01 06:00:00,12.8,44.0,33.2,31.3,32.3,22.9,48599.0
2023-11-01 07:00:00,12.8,44.0,73.9,40.9,46.7,40.9,242.0
2023-11-01 08:00:00,13.3,44.0,72.8,38.6,43.3,39.2,121.0
2023-11-01 09:00:00,13.8,44.0,69.1,37.4,35.0,34.5,53.0
2023-11-01 10:00:00,14.0,44.0,64.0,34.9,35.8,31.1,0.0
2023-11-01 11:00:00,14.1,44.0,61.0,30.0,33.0,27.1,0.0
2023-11-01 12:00:00,14.7,44.0,58.8,26.2,35.8,26.7,0.0
2023-11-01 13:00:00,15.4,44.0,57.4,24.9,36.6,25.1,0.0
2023-11-01 14:00:00,15.6,44.0,57.8,24.2,43.0,25.8,0.0
2023-11-01 15:00:00,15.5,44.0,54.5,25.1,42.3,27.0,0.0
2023-11-01 16:00:00,15.3,44.0,50.8,25.6,41.0,27.1,0.0
2023-11-01 17:00:00,14.6,44.0,49.4,25.5,39.9,26.8,0.0
2023-11-01 18:00:00,13.9,42.0,62.0,28.6,35.3,28.7,44.0
2023-11-01 19:00:00,12.9,42.0,78.4,39.4,43.6,40.2,202.0
2023-11-01 20:00:00,12.8,42.0,80.5,37.0,42.2,37.9,96.0
2023-11-01 21:00:00,12.5,42.0,78.9,37.7,42.5,38.6,121.0
2023-11-01 22:00:00,12.9,42.0,79.3,37.3,37.3,37.5,94.0
2023-11-01 23:00:00,12.6,42.0,74.1,35.1,37.4,32.3,0.0
2023-11-02 00:00:00,12.4,42.0,69.2,32.4,28.5,27.0,0.0
2023-11-02 01:00:00,12.8,42.0,63.9,31.1,27.6,26.9,0.0
2023-11-02 02:00:00,12.9,42.0,59.1,29.8,27.0,26.2,0.0
2023-11-02 03:00:00,12.7,42.0,55.1,28.6,26.6,25.2,0.0
2023-11-02 04:00:00,12.6,42.0,52.1,27.6,26.0,24.5,0.0
2023-11-02 05:00:00,12.2,42.0,49.7,26.7,25.7,24.3,0.0
2023-11-02 06:00:00,11.6,47.1,71.4,33.3,40.9,32.7,97.0
2023-11-02 07:00:00,12.0,46.0,79.7,43.6,48.6,44.1,227.0
2023-11-02 08:00:00,13.1,44.0,77.1,39.8,44.4,40.5,119.0
2023-11-02 09:00:00,13.5,44.0,71.7,38.2,34.5,34.5,36.0
2023-11-02 10:00:00,13.9,44.0,66.1,36.0,31.5,30.4,0.0
2023-11-02 11:00:00,14.7,44.0,60.9,34.3,26.8,26.3,0.0
2023-11-02 12:00:00,15.5,44.0,57.8,42.4,30.4,26.9,0.0
2023-11-02 13:00:00,15.8,44.0,55.6,37.9,29.1,26.8,0.0
2023-11-02 14:00:00,16.7,44.0,51.4,32.2,26.8,25.5,0.0
2023-11-02 15:00:00,16.7,44.0,48.8,30.3,25.2,24.6,0.0
2023-11-02 16:00:00,16.5,44.0,46.3,29.0,24.9,24.5,0.0
2023-11-02 17:00:00,15.3,44.0,44.0,28.0,24.8,24.4,0.0
2023-11-02 18:00:00,14.7,44.0,41.9,27.2,24.7,24.2,0.0
2023-11-02 19:00:00,14.7,44.0,39.9,26.5,24.5,24.1,0.0
2023-11-02 20:00:00,14.5,43.0,72.0,33.2,41.2,32.7,107.0
2023-11-02 21:00:00,15.0,43.0,74.3,39.0,43.2,39.7,174.0
2023-11-02 22:00:00,14.9,43.0,76.3,38.3,38.5,38.7,108.0
2023-11-02 23:00:00,14.8,43.0,70.6,36.5,34.0,33.6,0.0
2023-11-03 00:00:00,14.8,43.0,64.8,34.6,29.1,28.3,0.0
2023-11-03 01:00:00,14.7,43.0,59.7,32.9,27.0,26.6,0.0
2023-11-03 02:00:00,14.0,43.0,55.4,31.5,26.5,26.1,0.0
2023-11-03 03:00:00,14.3,43.0,51.8,30.4,25.9,25.4,0.0
2023-11-03 04:00:00,14.4,43.0,48.6,29.3,25.2,24.8,0.0
2023-11-03 05:00:00,14.6,43.0,45.9,28.5,24.7,24.5,0.0
2023-11-03 06:00:00,14.5,43.0,70.0,35.3,42.5,34.8,121.0
2023-11-03 07:00:00,14.4,43.0,71.6,38.9,42.6,39.6,158.0
2023-11-03 08:00:00,14.9,43.0,71.8,38.0,42.6,38.8,110.0
2023-11-03 09:00:00,15.8,43.0,53.5,37.7,34.5,34.8,65.0
2023-11-03 10:00:00,17.4,43.0,57.4,35.0,33.2,32.0,0.0
2023-11-03 11:00:00,18.7,43.0,54.4,33.1,29.0,28.3,0.0
2023-11-03 12:00:00,18.9,43.0,33.0,35.1,30.5,27.1,0.0
2023-11-03 13:00:00,19.1,43.0,33.7,31.9,28.8,26.1,0.0
2023-11-03 14:00:00,19.6,43.0,34.4,27.1,25.8,25.6,0.0
2023-11-03 15:00:00,18.6,43.0,33.6,26.6,25.4,25.3,0.0
2023-11-03 16:00:00,18.5,43.0,32.7,26.2,25.2,25.3,0.0
2023-11-03 17:00:00,19.0,43.0,32.0,25.9,25.3,25.1,0.0
2023-11-03 18:00:00,17.8,43.0,31.2,25.6,25.1,25.1,0.0
2023-11-03 19:00:00,17.3,43.0,30.5,25.2,25.0,24.9,0.0
2023-11-03 20:00:00,17.2,43.0,59.2,25.9,32.9,25.3,0.0
2023-11-03 21:00:00,16.7,43.0,65.7,39.0,36.0,36.2,166.0
2023-11-03 22:00:00,16.4,43.0,65.7,36.3,33.7,32.4,0.0
2023-11-03 23:00:00,15.8,43.0,63.5,33.7,30.4,27.7,0.0
2023-11-04 00:00:00,16.2,43.0,59.7,31.6,28.3,26.8,0.0
2023-11-04 01:00:00,16.1,43.0,56.3,30.0,28.0,26.4,0.0
2023-11-04 02:00:00,16.1,43.0,53.2,28.7,26.7,25.8,0.0
2023-11-04 03:00:00,16.1,43.0,50.3,27.9,26.1,25.4,0.0
2023-11-04 04:00:00,16.1,43.0,47.6,27.3,25.5,25.2,0.0
2023-11-04 05:00:00,16.1,43.0,45.3,26.8,25.3,25.2,0.0
2023-11-04 06:00:00,16.0,43.0,84.9,30.4,41.0,29.3,65.0
2023-11-04 07:00:00,15.6,43.0,60.1,39.4,35.5,35.8,141.0
2023-11-04 08:00:00,15.7,43.0,92.8,36.2,35.8,36.0,74.0
2023-11-04 09:00:00,14.7,43.0,83.3,34.6,33.6,32.8,0.0
2023-11-04 10:00:00,15.1,43.0,75.3,32.8,30.3,28.5,0.0
2023-11-04 11:00:00,15.2,43.0,73.0,30.4,29.9,26.6,0.0
2023-11-04 12:00:00,15.0,43.0,67.6,28.5,27.4,26.2,0.0
2023-11-04 13:00:00,15.3,43.0,63.3,27.3,27.8,25.8,0.0
2023-11-04 14:00:00,15.0,43.0,59.5,26.4,27.3,25.4,0.0
2023-11-04 15:00:00,15.1,43.0,56.5,25.8,27.6,25.2,0.0
2023-11-04 16:00:00,15.1,43.0,56.0,25.2,29.6,25.1,0.0
2023-11-04 17:00:00,14.2,43.0,56.2,23.8,36.2,24.5,0.0
2023-11-04 18:00:00,13.4,43.0,56.1,23.6,42.5,25.3,0.0
2023-11-04 19:00:00,13.7,44.0,63.7,29.2,36.1,29.0,55.0
2023-11-04 20:00:00,12.7,44.0,99.1,41.3,46.0,42.0,217.0
2023-11-04 21:00:00,11.6,44.4,93.9,38.5,39.7,39.5,109.0
2023-11-04 22:00:00,10.5,45.2,66.3,37.6,37.2,37.6,83.0
2023-11-04 23:00:00,10.9,44.9,51.5,35.8,33.8,33.4,0.0
2023-11-05 00:00:00,11.9,44.0,49.2,33.8,29.4,28.5,0.0
2023-11-05 01:00:00,10.5,45.2,47.1,32.2,27.3,26.8,0.0
2023-11-05 02:00:00,12.0,44.0,45.1,30.8,26.4,26.2,0.0
2023-11-05 03:00:00,11.7,44.2,43.0,29.6,26.0,25.5,0.0
2023-11-05 04:00:00,11.0,44.8,41.2,28.6,25.3,24.8,0.0
2023-11-05 05:00:00,11.1,44.7,39.5,27.7,24.6,24.4,0.0
2023-11-05 06:00:00,12.1,44.0,59.7,25.7,32.7,24.4,0.0
2023-11-05 07:00:00,12.3,44.0,71.9,41.2,45.6,41.6,235.0
2023-11-05 08:00:00,13.8,43.0,67.1,38.2,35.3,35.6,63.0
2023-11-05 09:00:00,14.6,43.0,62.3,36.0,33.3,32.5,0.0
2023-11-05 10:00:00,15.3,43.0,57.9,34.1,29.0,28.5,0.0
2023-11-05 11:00:00,15.8,43.0,54.0,32.5,27.5,27.0,0.0
2023-11-05 12:00:00,16.3,43.0,50.7,31.3,26.7,26.2,0.0
2023-11-05 13:00:00,17.5,43.0,47.8,30.1,25.9,25.8,0.0
2023-11-05 14:00:00,17.8,43.0,45.3,29.2,25.6,25.5,0.0
2023-11-05 15:00:00,17.9,43.0,43.0,28.4,25.4,25.3,0.0
2023-11-05 16:00:00,17.9,43.0,41.0,27.7,25.2,24.9,0.0
2023-11-05 17:00:00,17.9,43.0,39.3,27.1,25.0,24.8,0.0
2023-11-05 18:00:00,17.8,43.0,37.7,26.5,24.8,24.7,0.0
2023-11-05 19:00:00,17.6,43.0,36.4,26.1,24.7,24.6,0.0
2023-11-05 20:00:00,17.1,43.0,35.2,25.7,24.5,24.6,0.0
2023-11-05 21:00:00,16.7,42.0,51.3,37.5,41.1,37.5,168.0
2023-11-05 22:00:00,16.1,42.0,63.2,38.7,38.1,38.2,116.0
2023-11-05 23:00:00,15.8,42.0,63.6,34.7,34.7,33.2,0.0
2023-11-06 00:00:00,15.1,42.0,59.0,32.9,29.5,28.6,0.0
2023-11-06 01:00:00,14.7,42.0,54.8,31.5,28.1,27.6,0.0
2023-11-06 02:00:00,14.2,42.0,51.1,30.3,26.9,26.5,0.0
2023-11-06 03:00:00,14.7,42.0,49.0,29.5,27.7,25.6,0.0
2023-11-06 04:00:00,15.0,42.0,51.1,25.0,33.0,24.7,0.0
2023-11-06 05:00:00,13.2,42.0,47.1,23.2,35.2,24.7,0.0
2023-11-06 06:00:00,12.7,44.0,74.4,30.2,39.1,29.8,73.0
2023-11-06 07:00:00,12.9,44.0,74.0,40.4,44.4,41.0,202.0
2023-11-06 08:00:00,13.9,44.0,65.1,38.3,36.9,37.2,84.0
2023-11-06 09:00:00,15.1,44.0,60.3,35.8,33.8,33.1,0.0
2023-11-06 10:00:00,16.4,44.0,56.5,33.6,28.7,27.6,0.0
2023-11-06 11:00:00,17.5,44.0,53.2,32.0,27.5,26.8,0.0
2023-11-06 12:00:00,18.5,44.0,50.2,30.7,26.8,26.1,0.0
2023-11-06 13:00:00,18.7,44.0,47.6,29.6,26.2,25.6,0.0
2023-11-06 14:00:00,18.8,44.0,47.4,28.6,26.6,25.3,0.0
2023-11-06 15:00:00,18.8,44.0,45.4,27.7,25.7,25.1,0.0
2023-11-06 16:00:00,18.1,44.0,43.3,27.0,25.3,24.9,0.0
2023-11-06 17:00:00,17.1,44.0,41.5,26.5,25.0,24.8,0.0
2023-11-06 18:00:00,16.4,44.0,39.7,26.1,24.9,24.7,0.0
2023-11-06 19:00:00,15.5,44.0,38.1,25.6,24.7,24.5,0.0
2023-11-06 20:00:00,14.1,44.0,60.2,25.9,33.0,25.4,0.0
2023-11-06 21:00:00,14.0,44.0,68.4,41.1,45.3,41.5,231.0
2023-11-06 22:00:00,13.3,44.0,69.3,38.3,38.3,38.5,98.0
2023-11-06 23:00:00,12.8,44.0,63.9,36.4,33.9,33.4,0.0
2023-11-07 00:00:00,12.3,44.0,59.0,34.2,28.6,27.6,0.0
2023-11-07 01:00:00,11.9,44.0,54.8,32.6,27.1,26.7,0.0
2023-11-07 02:00:00,11.7,44.2,51.4,31.0,26.6,26.2,0.0
2023-11-07 03:00:00,10.7,45.1,48.1,29.6,26.0,25.6,0.0
2023-11-07 04:00:00,10.8,45.0,45.4,28.5,25.3,24.8,0.0
2023-11-07 05:00:00,10.1,45.6,43.0,27.5,24.6,24.0,0.0
2023-11-07 06:00:00,9.8,44.5,70.0,43.4,37.6,27.1,53.0
2023-11-07 07:00:00,10.6,43.6,78.6,40.7,44.4,41.3,230.0
2023-11-07 08:00:00,11.3,42.8,77.0,37.8,42.6,38.6,109.0
2023-11-07 09:00:00,12.1,42.0,69.1,37.4,41.7,38.2,111.0
2023-11-07 10:00:00,12.8,42.0,66.0,36.8,35.5,35.8,77.0
2023-11-07 11:00:00,13.9,42.0,61.6,35.1,33.3,32.4,0.0
2023-11-07 12:00:00,14.8,42.0,57.1,33.4,28.5,27.3,0.0
2023-11-07 13:00:00,15.3,42.0,53.5,32.0,27.2,26.3,0.0
2023-11-07 14:00:00,16.0,42.0,50.4,30.8,26.1,25.7,0.0
2023-11-07 15:00:00,16.2,42.0,47.7,29.7,25.5,25.0,0.0
2023-11-07 16:00:00,15.6,42.0,45.2,28.8,25.5,24.7,0.0
2023-11-07 17:00:00,14.8,42.0,43.0,28.0,25.2,24.6,0.0
2023-11-07 18:00:00,15.3,42.0,41.4,27.3,25.0,24.4,0.0
2023-11-07 19:00:00,14.9,42.0,39.6,26.6,24.5,24.1,0.0
2023-11-07 20:00:00,14.8,42.0,38.0,26.1,24.3,24.0,0.0
2023-11-07 21:00:00,14.9,42.0,71.2,39.6,44.8,40.1,209.0
2023-11-07 22:00:00,14.9,42.0,68.3,36.9,35.9,36.0,72.0
2023-11-07 23:00:00,14.5,42.0,62.9,35.1,33.4,32.7,0.0
2023-11-08 00:00:00,14.4,42.0,58.1,33.4,29.1,28.5,0.0
2023-11-08 01:00:00,14.2,42.0,53.9,31.9,27.1,26.5,0.0
2023-11-08 02:00:00,14.1,42.0,50.4,31.2,26.4,26.0,0.0
2023-11-08 03:00:00,14.1,42.0,47.5,29.7,25.8,25.4,0.0
2023-11-08 04:00:00,13.5,42.0,44.9,28.7,25.5,25.1,0.0
2023-11-08 05:00:00,14.0,42.0,42.6,27.9,25.0,24.8,0.0
2023-11-08 06:00:00,13.4,44.0,65.9,32.7,39.1,32.1,91.0
2023-11-08 07:00:00,13.7,44.0,73.4,40.2,44.3,40.8,190.0
2023-11-08 08:00:00,12.8,44.0,73.2,38.7,43.4,39.3,119.0
2023-11-08 09:00:00,12.8,42.0,73.1,39.0,43.1,39.7,129.0
2023-11-08 10:00:00,12.6,42.0,73.3,37.3,41.3,38.0,101.0
2023-11-08 11:00:00,12.8,42.0,73.2,37.2,41.3,38.0,108.0
2023-11-08 12:00:00,13.0,42.0,73.7,37.3,41.6,38.1,107.0
2023-11-08 13:00:00,13.2,42.0,73.2,37.4,41.7,38.3,107.0
2023-11-08 14:00:00,13.2,42.0,73.4,37.5,41.7,38.3,107.0
2023-11-08 15:00:00,13.2,42.0,72.9,37.4,41.6,38.2,107.0
2023-11-08 16:00:00,13.9,42.0,73.1,37.4,41.6,38.2,107.0
2023-11-08 17:00:00,13.2,42.0,73.7,37.5,41.9,38.3,107.0
2023-11-08 18:00:00,12.8,42.0,72.7,37.6,41.8,38.4,107.0
2023-11-08 19:00:00,12.0,42.0,74.5,37.4,41.8,38.2,104.0
2023-11-08 20:00:00,11.8,42.2,65.8,37.6,41.8,38.3,108.0
2023-11-08 21:00:00,11.6,44.3,64.1,39.9,44.8,40.1,134.0
2023-11-08 22:00:00,11.2,44.6,68.2,40.2,42.4,40.8,135.0
2023-11-08 23:00:00,11.5,44.4,63.8,38.3,34.3,34.4,0.0
2023-11-09 00:00:00,11.2,44.6,59.3,36.1,30.5,29.5,0.0
2023-11-09 01:00:00,9.9,45.8,55.3,34.3,27.6,27.4,0.0
2023-11-09 02:00:00,9.2,46.4,51.7,32.6,27.1,26.8,0.0
2023-11-09 03:00:00,8.9,46.6,48.5,31.2,26.4,25.8,0.0
2023-11-09 04:00:00,7.6,47.7,45.8,30.0,25.4,24.9,0.0
2023-11-09 05:00:00,7.4,47.9,43.3,28.9,24.7,24.2,0.0
2023-11-09 06:00:00,8.0,45.8,80.3,28.0,38.1,26.4,39.0
2023-11-09 07:00:00,8.0,45.7,80.5,42.2,46.4,42.8,254.0
2023-11-09 08:00:00,8.4,45.1,79.8,39.7,44.9,40.3,128.0
2023-11-09 09:00:00,8.3,45.2,78.0,40.2,45.1,40.8,143.0
2023-11-09 10:00:00,9.4,43.7,78.0,39.8,44.4,40.5,136.0
2023-11-09 11:00:00,9.1,43.3,77.3,38.5,43.0,39.4,118.0
2023-11-09 12:00:00,10.1,42.1,76.7,38.5,42.9,39.2,120.0
2023-11-09 13:00:00,12.0,40.1,72.8,36.5,39.8,37.5,93.0
2023-11-09 14:00:00,12.4,41.0,68.4,36.1,40.5,37.1,90.0
2023-11-09 15:00:00,12.6,41.0,65.7,36.2,34.3,34.6,42.0
2023-11-09 16:00:00,12.2,41.0,61.2,34.6,31.7,30.9,0.0
2023-11-09 17:00:00,10.8,42.9,77.8,39.8,47.2,38.9,167.0
2023-11-09 18:00:00,11.0,42.8,76.1,37.9,41.7,38.5,111.0
2023-11-09 19:00:00,10.6,44.0,78.8,40.5,46.6,40.6,142.0
2023-11-09 20:00:00,9.2,45.0,67.8,38.7,42.9,39.3,114.0
2023-11-09 21:00:00,9.7,44.7,78.0,40.4,40.1,40.3,127.0
2023-11-09 22:00:00,9.8,44.5,87.7,41.8,42.6,42.6,157.0
2023-11-09 23:00:00,9.8,44.5,79.0,39.6,34.6,34.8,0.0
2023-11-10 00:00:00,9.5,44.7,71.6,37.2,30.4,29.5,0.0
2023-11-10 01:00:00,9.3,44.9,65.5,35.2,27.4,27.0,0.0
2023-11-10 02:00:00,8.3,45.6,60.3,33.3,26.7,26.0,0.0
2023-11-10 03:00:00,8.4,45.5,56.0,31.8,25.6,25.0,0.0
2023-11-10 04:00:00,8.3,45.6,52.3,30.6,25.0,24.6,0.0
2023-11-10 05:00:00,9.5,44.7,64.4,25.9,33.5,25.4,0.0
2023-11-10 06:00:00,9.2,44.9,80.4,41.4,47.0,41.6,230.0
2023-11-10 07:00:00,9.6,44.7,80.7,40.0,45.1,40.6,135.0
2023-11-10 08:00:00,10.2,44.2,78.7,39.6,44.6,40.3,134.0
2023-11-10 09:00:00,10.1,41.9,71.2,37.2,40.5,38.0,100.0
2023-11-10 10:00:00,11.3,40.7,69.0,33.3,40.3,32.5,52.0
2023-11-10 11:00:00,12.3,40.0,47.6,34.2,34.8,34.3,0.0
2023-11-10 12:00:00,12.9,40.0,45.8,31.7,31.8,28.1,0.0
2023-11-10 13:00:00,13.4,40.0,46.2,28.1,29.5,26.8,0.0
2023-11-10 14:00:00,13.8,40.0,49.0,25.6,30.9,25.6,0.0
2023-11-10 15:00:00,13.6,40.0,49.5,24.6,31.1,25.3,0.0
2023-11-10 16:00:00,13.4,40.0,49.7,24.2,30.5,25.2,0.0
2023-11-10 17:00:00,12.5,40.0,49.4,24.0,30.1,24.9,0.0
2023-11-10 18:00:00,12.2,40.0,48.7,23.8,29.5,24.7,0.0
2023-11-10 19:00:00,11.9,40.1,47.3,23.6,28.7,24.7,0.0
2023-11-10 20:00:00,11.9,44.0,58.6,32.5,43.4,27.2,40.0
2023-11-10 21:00:00,11.5,45.2,71.1,42.1,47.8,41.5,220.0
2023-11-10 22:00:00,11.7,44.2,66.4,38.3,39.0,38.9,109.0
2023-11-10 23:00:00,12.0,44.0,61.5,36.6,34.1,33.9,0.0
2023-11-11 00:00:00,11.9,44.0,56.7,34.1,30.8,27.7,0.0
2023-11-11 01:00:00,11.8,44.1,53.3,29.8,29.6,26.7,0.0
2023-11-11 02:00:00,11.7,44.1,50.6,27.4,28.3,25.8,0.0
2023-11-11 03:00:00,11.8,44.1,48.5,26.0,27.8,25.3,0.0
2023-11-11 04:00:00,11.6,44.2,47.1,25.0,27.7,24.8,0.0
2023-11-11 05:00:00,11.2,44.4,46.2,24.2,28.0,24.5,0.0
2023-11-11 06:00:00,11.3,45.3,59.0,26.3,33.2,26.2,33.0
2023-11-11 07:00:00,11.2,45.3,70.5,42.2,47.9,41.6,228.0
2023-11-11 08:00:00,11.6,44.2,65.2,38.6,42.5,39.2,115.0
2023-11-11 09:00:00,12.2,44.0,68.1,40.0,44.8,40.3,136.0
2023-11-11 10:00:00,13.3,44.0,61.2,38.9,35.3,35.4,65.0
2023-11-11 11:00:00,13.1,44.0,51.5,33.0,34.0,34.0,43.0
2023-11-11 12:00:00,12.9,44.0,51.1,31.8,35.6,29.7,0.0
2023-11-11 13:00:00,12.9,42.0,67.2,38.8,44.9,38.1,142.0
2023-11-11 14:00:00,13.4,42.0,63.8,38.2,34.5,34.4,38.0
2023-11-11 15:00:00,13.5,42.0,59.4,36.1,31.1,29.9,0.0
2023-11-11 16:00:00,13.4,42.0,39.0,35.9,37.0,36.3,122.0
2023-11-11 17:00:00,13.0,42.0,68.3,39.5,43.0,40.2,144.0
2023-11-11 18:00:00,12.9,42.0,62.5,36.9,40.9,37.6,89.0
2023-11-11 19:00:00,11.0,42.9,63.5,38.0,42.5,38.5,115.0
2023-11-11 20:00:00,10.1,43.6,60.9,38.9,42.4,39.4,126.0
2023-11-11 21:00:00,10.7,43.2,69.7,39.5,44.0,39.8,126.0
2023-11-11 22:00:00,10.2,44.7,61.4,40.0,40.3,40.4,123.0
2023-11-11 23:00:00,11.1,44.0,58.3,37.8,35.0,34.2,0.0
2023-11-12 00:00:00,9.7,44.9,54.8,35.6,29.9,28.8,0.0
2023-11-12 01:00:00,8.9,45.4,52.7,33.7,27.3,27.0,0.0
2023-11-12 02:00:00,7.3,46.4,49.6,31.9,26.8,26.1,0.0
2023-11-12 03:00:00,7.7,46.2,46.8,30.4,25.7,25.2,0.0
2023-11-12 04:00:00,7.7,46.2,44.4,29.2,25.1,24.8,0.0
2023-11-12 05:00:00,8.5,45.7,42.1,28.1,24.7,24.5,0.0
2023-11-12 06:00:00,8.2,45.4,59.5,26.0,32.7,25.2,0.0
2023-11-12 07:00:00,7.7,45.8,77.3,42.3,46.8,42.7,250.0
2023-11-12 08:00:00,8.4,45.3,72.6,39.5,45.1,39.7,120.0
2023-11-12 09:00:00,8.9,44.8,66.8,40.6,45.0,40.9,151.0
2023-11-12 10:00:00,8.5,45.3,70.3,40.4,45.3,40.7,138.0
2023-11-12 11:00:00,9.5,44.4,63.3,39.8,43.8,40.1,129.0
2023-11-12 12:00:00,10.3,43.8,69.6,39.8,44.4,40.4,135.0
2023-11-12 13:00:00,10.4,43.7,69.2,39.2,44.3,39.5,122.0
2023-11-12 14:00:00,10.9,43.3,64.5,39.0,43.3,39.5,126.0
2023-11-12 15:00:00,10.6,43.5,69.1,39.3,44.0,39.8,126.0
2023-11-12 16:00:00,10.9,43.3,70.0,39.0,43.7,39.5,121.0
2023-11-12 17:00:00,10.9,43.3,70.6,39.1,43.8,39.6,123.0
2023-11-12 18:00:00,10.9,43.3,72.7,39.2,43.9,39.8,125.0
2023-11-12 19:00:00,10.7,43.5,72.4,38.9,44.0,39.4,119.0
2023-11-12 20:00:00,10.1,43.9,71.1,39.4,43.7,40.1,129.0
2023-11-12 21:00:00,9.4,44.6,74.1,39.8,45.1,40.4,130.0
2023-11-12 22:00:00,8.9,44.9,69.8,39.9,40.1,40.1,118.0
2023-11-12 23:00:00,9.4,44.4,65.5,38.0,34.2,34.2,0.0
2023-11-13 00:00:00,9.2,44.7,60.7,35.8,29.1,28.3,0.0
2023-11-13 01:00:00,9.2,44.7,56.5,34.0,27.2,26.8,0.0
2023-11-13 02:00:00,8.6,45.1,52.9,32.5,26.8,26.4,0.0
2023-11-13 03:00:00,9.1,44.7,49.6,31.2,26.2,25.9,0.0
2023-11-13 04:00:00,8.2,45.4,46.8,30.0,25.6,25.1,0.0
2023-11-13 05:00:00,7.5,45.9,44.3,28.9,25.0,24.6,0.0
2023-11-13 06:00:00,7.0,46.4,69.3,27.8,35.4,26.1,38.0
2023-11-13 07:00:00,7.4,46.1,83.2,42.8,47.7,43.3,253.0
2023-11-13 08:00:00,8.0,45.6,81.3,39.8,44.9,40.4,128.0
2023-11-13 09:00:00,8.3,45.4,78.5,39.8,44.8,40.3,138.0
2023-11-13 10:00:00,9.0,44.8,79.0,40.1,45.3,40.7,139.0
2023-11-13 11:00:00,9.8,44.1,77.6,40.0,44.7,40.6,135.0
2023-11-13 12:00:00,10.4,42.5,71.5,37.8,41.5,38.6,103.0
2023-11-13 13:00:00,11.2,41.8,68.6,37.0,34.4,34.6,57.0
2023-11-13 14:00:00,11.9,41.1,63.6,35.3,32.6,31.6,0.0
2023-11-13 15:00:00,12.2,41.0,59.3,34.0,29.1,27.5,0.0
2023-11-13 16:00:00,12.0,42.0,61.2,33.6,37.0,31.5,65.0
2023-11-13 17:00:00,10.9,42.8,73.5,40.1,43.8,40.7,176.0
2023-11-13 18:00:00,9.5,46.1,75.4,39.6,45.6,39.9,123.0
2023-11-13 19:00:00,10.2,45.6,75.5,41.1,46.1,41.6,152.0
2023-11-13 20:00:00,8.5,46.7,66.2,40.6,45.0,40.6,130.0
2023-11-13 21:00:00,8.7,46.6,61.4,41.6,44.9,41.9,153.0
2023-11-13 22:00:00,8.8,46.4,69.6,42.3,42.4,42.7,150.0
2023-11-13 23:00:00,7.4,47.4,60.8,37.3,38.4,34.4,0.0
2023-11-14 00:00:00,7.2,47.5,61.7,32.4,34.8,28.8,0.0
2023-11-14 01:00:00,7.0,47.7,59.8,28.8,31.0,27.6,0.0
2023-11-14 02:00:00,6.8,47.8,57.8,27.0,30.1,26.6,0.0
2023-11-14 03:00:00,6.7,47.9,56.5,25.9,30.1,25.8,0.0
2023-11-14 04:00:00,7.4,47.4,54.4,25.1,28.4,25.3,0.0
2023-11-14 05:00:00,6.3,48.1,54.6,25.0,34.4,24.9,0.0
2023-11-14 06:00:00,6.0,48.3,70.2,34.1,41.5,33.6,109.0
2023-11-14 07:00:00,5.6,48.6,83.7,44.2,48.9,44.5,236.0
2023-11-14 08:00:00,7.8,47.2,80.7,41.3,46.5,41.9,142.0
2023-11-14 09:00:00,9.1,45.6,78.6,41.1,46.1,41.5,146.0
2023-11-14 10:00:00,10.3,44.2,75.2,40.2,44.7,40.8,134.0
2023-11-14 11:00:00,11.3,43.5,71.0,38.3,34.4,34.5,48.0
2023-11-14 12:00:00,13.2,43.0,71.8,31.5,39.6,30.0,0.0
2023-11-14 13:00:00,14.3,43.0,47.7,32.7,34.1,33.1,0.0
2023-11-14 14:00:00,14.7,43.0,46.2,31.7,30.4,28.1,0.0
2023-11-14 15:00:00,14.7,43.0,44.6,29.7,27.5,26.6,0.0
2023-11-14 16:00:00,14.5,43.0,42.8,28.8,26.8,26.2,0.0
2023-11-14 17:00:00,13.8,43.0,82.8,30.6,39.4,27.5,33.0
2023-11-14 18:00:00,13.2,43.0,68.2,40.7,45.2,41.0,202.0
2023-11-14 19:00:00,13.0,43.0,68.7,38.2,42.4,38.8,106.0
2023-11-14 20:00:00,12.4,43.0,64.6,38.0,42.5,38.3,109.0
2023-11-14 21:00:00,11.9,43.0,66.9,38.9,43.4,39.4,127.0
2023-11-14 22:00:00,11.7,43.2,72.2,40.0,41.0,40.9,132.0
2023-11-14 23:00:00,11.2,43.5,67.8,38.0,35.1,34.3,0.0
2023-11-15 00:00:00,11.2,43.6,63.0,35.6,31.2,30.1,0.0
2023-11-15 01:00:00,10.8,43.8,58.9,33.7,28.0,26.9,0.0
2023-11-15 02:00:00,11.5,43.3,55.2,32.1,26.7,26.3,0.0
2023-11-15 03:00:00,12.2,43.0,51.8,30.9,26.3,25.8,0.0
2023-11-15 04:00:00,12.2,43.0,48.9,30.0,25.8,25.5,0.0
2023-11-15 05:00:00,12.1,43.0,53.1,35.2,33.7,25.5,0.0
2023-11-15 06:00:00,12.4,43.0,69.2,32.1,39.9,31.3,80.0
2023-11-15 07:00:00,12.8,43.0,67.6,39.7,43.3,40.3,179.0
2023-11-15 08:00:00,12.4,43.0,67.1,38.0,42.3,38.6,106.0
2023-11-15 09:00:00,12.0,43.0,69.9,38.5,43.1,39.0,118.0
2023-11-15 10:00:00,12.1,43.0,69.1,38.9,43.3,39.5,125.0
2023-11-15 11:00:00,12.3,43.0,70.2,39.0,43.5,39.5,121.0
2023-11-15 12:00:00,12.3,43.0,68.5,39.2,43.4,39.8,120.0
2023-11-15 13:00:00,12.1,43.0,70.2,38.9,43.5,39.5,116.0
2023-11-15 14:00:00,12.7,43.0,68.6,38.8,43.1,39.5,115.0
2023-11-15 15:00:00,12.7,43.0,70.9,38.6,43.2,39.2,115.0
2023-11-15 16:00:00,11.7,43.2,73.0,39.2,43.7,39.9,124.0
2023-11-15 17:00:00,11.9,43.0,71.8,38.9,43.1,39.6,116.0
2023-11-15 18:00:00,11.3,43.5,71.8,38.5,42.7,39.1,112.0
2023-11-15 19:00:00,11.5,43.4,72.3,38.6,42.9,39.4,115.0
2023-11-15 20:00:00,12.0,43.0,69.6,38.0,42.8,38.6,106.0
2023-11-15 21:00:00,11.6,44.2,65.7,39.1,43.6,39.7,122.0
2023-11-15 22:00:00,11.7,44.2,69.4,40.0,40.5,40.5,129.0
2023-11-15 23:00:00,11.2,44.4,64.7,37.9,37.2,34.4,0.0
2023-11-16 00:00:00,11.2,44.4,62.0,35.2,32.9,30.7,0.0
2023-11-16 01:00:00,11.06,44.48,58.68,33.92,31.46,29.62,0.0
2023-11-16 02:00:00,10.92,44.56,55.36,32.64,30.02,28.54,0.0
2023-11-16 03:00:00,10.78,44.64,52.04,31.36,28.58,27.46,0.0
2023-11-16 04:00:00,10.64,44.72,48.72,30.08,27.14,26.38,0.0
2023-11-16 05:00:00,10.5,44.8,45.4,28.8,25.7,25.3,0.0
2023-11-16 06:00:00,9.5,44.1,72.1,43.8,39.0,28.0,51.0
2023-11-16 07:00:00,8.8,44.8,78.4,41.1,45.3,41.7,221.0
2023-11-16 08:00:00,9.6,43.9,77.1,39.0,43.8,39.8,115.0
2023-11-16 09:00:00,10.1,42.9,77.0,39.1,43.5,40.0,124.0
2023-11-16 10:00:00,10.9,42.1,74.5,38.1,42.3,38.9,107.0
2023-11-16 11:00:00,11.9,41.1,68.7,37.0,34.4,34.7,49.0
2023-11-16 12:00:00,12.3,41.0,50.2,33.4,34.2,32.8,49.0
2023-11-16 13:00:00,12.7,41.0,55.2,31.0,35.0,29.9,0.0
2023-11-16 14:00:00,12.8,41.0,56.0,28.4,29.3,29.5,0.0
2023-11-16 15:00:00,12.7,41.0,52.2,28.0,29.1,29.0,0.0
2023-11-16 16:00:00,12.4,42.0,37.9,36.1,38.8,26.8,0.0
2023-11-16 17:00:00,9.6,44.1,73.7,36.7,42.4,37.3,153.0
2023-11-16 18:00:00,10.8,43.0,74.1,40.3,45.3,40.7,150.0
2023-11-16 19:00:00,10.8,45.0,75.0,38.3,42.5,39.1,112.0
2023-11-16 20:00:00,10.2,45.4,63.6,38.9,42.3,39.4,123.0
2023-11-16 21:00:00,10.5,45.2,65.4,38.3,42.4,39.1,114.0
2023-11-16 22:00:00,10.6,45.2,74.0,38.6,39.1,39.2,118.0
2023-11-16 23:00:00,10.3,45.3,51.8,37.0,34.6,34.2,0.0
2023-11-17 00:00:00,10.6,45.2,55.3,34.4,30.2,29.0,0.0
2023-11-17 01:00:00,10.2,45.4,51.9,32.7,27.6,26.7,0.0
2023-11-17 02:00:00,10.3,45.3,49.3,31.0,26.9,25.9,0.0
2023-11-17 03:00:00,9.9,45.5,47.0,29.7,25.9,25.1,0.0
2023-11-17 04:00:00,10.0,45.5,46.4,28.5,26.4,24.3,0.0
2023-11-17 05:00:00,9.8,45.6,36.9,28.1,25.3,25.1,0.0
2023-11-17 06:00:00,10.0,46.0,81.1,27.6,35.6,28.5,53.0
2023-11-17 07:00:00,10.0,46.0,82.2,40.0,46.6,40.3,194.0
2023-11-17 08:00:00,10.2,45.9,81.7,42.2,46.8,42.7,175.0
2023-11-17 09:00:00,11.2,45.1,80.5,39.7,44.7,40.4,125.0
2023-11-17 10:00:00,11.3,45.0,73.7,39.5,44.0,40.1,130.0
2023-11-17 11:00:00,12.4,43.0,64.5,38.3,41.9,39.1,112.0
2023-11-17 12:00:00,12.7,43.0,62.7,36.7,35.1,34.4,0.0
2023-11-17 13:00:00,13.2,43.0,59.0,35.0,30.9,29.4,0.0
2023-11-17 14:00:00,13.3,43.0,55.8,33.3,28.3,26.8,0.0
2023-11-17 15:00:00,11.9,43.0,65.5,31.3,36.6,32.2,73.0
2023-11-17 16:00:00,11.8,43.1,73.9,38.6,44.2,39.1,156.0
2023-11-17 17:00:00,11.7,43.2,73.8,39.7,43.4,40.3,140.0
2023-11-17 18:00:00,11.3,43.5,73.2,38.4,43.0,39.0,111.0
2023-11-17 19:00:00,11.2,43.5,72.9,38.8,43.3,39.5,124.0
2023-11-17 20:00:00,10.3,44.2,61.9,38.7,41.9,39.3,118.0
2023-11-17 21:00:00,10.1,44.3,73.6,38.1,43.0,38.7,110.0
2023-11-17 22:00:00,8.1,45.7,72.3,38.0,42.7,38.6,113.0
2023-11-17 23:00:00,8.8,45.2,61.9,36.6,34.1,34.2,0.0
2023-11-18 00:00:00,8.5,45.5,57.9,34.8,29.6,28.7,0.0
2023-11-18 01:00:00,8.2,45.7,54.2,33.1,27.6,26.9,0.0
2023-11-18 02:00:00,6.9,46.6,51.0,31.8,26.4,25.9,0.0
2023-11-18 03:00:00,7.0,46.6,48.1,30.5,25.8,25.3,0.0
2023-11-18 04:00:00,7.3,46.3,45.5,29.4,25.1,24.7,0.0
2023-11-18 05:00:00,7.0,46.5,43.2,28.5,24.8,24.2,0.0
2023-11-18 06:00:00,7.2,45.3,85.0,27.2,35.9,28.1,52.0
2023-11-18 07:00:00,6.5,46.2,77.4,39.2,45.1,39.6,189.0
2023-11-18 08:00:00,6.0,46.8,78.4,39.6,45.4,39.9,144.0
2023-11-18 09:00:00,5.9,47.2,82.0,42.3,48.2,42.6,176.0
2023-11-18 10:00:00,5.7,45.8,81.9,42.1,47.9,42.4,163.0
2023-11-18 11:00:00,5.4,46.0,81.6,40.4,44.9,40.9,142.0
2023-11-18 12:00:00,5.8,45.7,80.0,40.3,45.5,40.9,144.0
2023-11-18 13:00:00,5.6,45.8,79.2,40.4,45.5,40.9,146.0
2023-11-18 14:00:00,6.1,44.7,76.2,40.2,44.8,40.7,140.0
2023-11-18 15:00:00,6.6,44.3,77.5,39.1,44.2,39.6,124.0
2023-11-18 16:00:00,6.4,44.4,75.7,39.8,44.7,40.4,139.0
2023-11-18 17:00:00,6.5,44.3,71.1,38.7,43.1,39.4,122.0
2023-11-18 18:00:00,5.8,44.8,68.7,39.1,43.4,39.7,128.0
2023-11-18 19:00:00,4.8,45.4,75.7,38.6,43.6,39.1,122.0
2023-11-18 20:00:00,4.4,45.8,73.3,38.5,43.4,39.1,124.0
2023-11-18 21:00:00,5.7,44.8,70.2,39.1,43.5,39.7,127.0
2023-11-18 22:00:00,5.5,45.0,76.5,38.7,43.9,39.3,124.0
2023-11-18 23:00:00,4.8,45.4,73.1,37.7,34.4,34.4,0.0
2023-11-19 00:00:00,4.7,45.5,66.6,35.5,31.3,30.2,0.0
2023-11-19 01:00:00,4.5,45.7,61.2,33.7,27.3,26.6,0.0
2023-11-19 02:00:00,4.8,45.4,56.7,32.1,26.2,25.9,0.0
2023-11-19 03:00:00,5.1,45.2,52.8,30.8,25.6,25.3,0.0
2023-11-19 04:00:00,4.8,45.4,49.4,29.7,25.1,24.7,0.0
2023-11-19 05:00:00,4.3,45.9,46.5,28.6,24.7,24.1,0.0
2023-11-19 06:00:00,4.9,45.3,82.2,30.1,38.0,30.9,91.0
2023-11-19 07:00:00,5.4,45.0,70.3,39.3,44.2,39.8,186.0
2023-11-19 08:00:00,5.7,44.8,79.2,39.9,45.7,40.2,148.0
2023-11-19 09:00:00,6.0,44.7,62.2,39.8,43.4,40.2,146.0
2023-11-19 10:00:00,6.4,44.2,74.1,39.5,44.8,40.0,137.0
2023-11-19 11:00:00,6.8,44.0,67.5,39.2,43.6,39.6,135.0
2023-11-19 12:00:00,7.5,43.5,71.4,39.2,44.1,39.5,131.0
2023-11-19 13:00:00,7.6,43.5,70.3,38.9,43.7,39.2,131.0
2023-11-19 14:00:00,8.4,43.1,69.8,39.1,43.7,39.5,130.0
2023-11-19 15:00:00,8.5,43.0,74.5,38.5,44.0,39.0,123.0
2023-11-19 16:00:00,8.3,43.1,62.3,38.8,42.4,39.2,128.0
2023-11-19 17:00:00,8.4,44.1,72.6,39.7,44.6,40.2,138.0
2023-11-19 18:00:00,8.5,46.0,74.0,39.1,44.2,39.6,126.0
2023-11-19 19:00:00,8.4,46.1,79.0,41.4,47.0,41.8,160.0
2023-11-19 20:00:00,8.5,46.0,79.0,41.8,46.7,42.3,158.0
2023-11-19 21:00:00,8.1,46.3,78.9,40.7,45.8,41.3,138.0
2023-11-19 22:00:00,8.4,46.1,71.3,39.6,39.9,40.1,122.0
2023-11-19 23:00:00,7.7,46.5,66.1,37.7,34.4,34.2,0.0
2023-11-20 00:00:00,8.0,46.3,61.3,35.7,30.4,28.5,0.0
2023-11-20 01:00:00,7.7,46.4,57.3,33.8,27.0,26.3,0.0
2023-11-20 02:00:00,6.5,47.1,53.7,32.1,26.4,26.0,0.0
2023-11-20 03:00:00,6.6,47.1,50.4,30.7,25.8,25.3,0.0
2023-11-20 04:00:00,5.7,47.6,47.4,29.4,25.2,24.7,0.0
2023-11-20 05:00:00,5.5,47.7,40.7,29.0,32.8,23.9,0.0
2023-11-20 06:00:00,5.5,49.6,77.8,27.0,34.5,27.9,49.0
2023-11-20 07:00:00,4.9,50.0,83.2,38.6,45.4,38.9,188.0
2023-11-20 08:00:00,5.5,49.7,87.4,43.6,50.3,43.7,210.0
2023-11-20 09:00:00,6.6,47.9,85.7,43.9,48.9,44.3,190.0
2023-11-20 10:00:00,7.4,47.4,83.9,41.2,46.8,41.7,144.0
2023-11-20 11:00:00,8.4,45.7,81.6,39.9,45.2,40.5,137.0
2023-11-20 12:00:00,8.8,45.6,75.8,39.5,44.3,40.1,136.0
2023-11-20 13:00:00,9.0,45.5,75.2,39.4,44.4,40.0,132.0
2023-11-20 14:00:00,9.8,44.0,73.8,39.3,44.0,39.8,130.0
2023-11-20 15:00:00,9.9,43.8,75.0,39.2,44.1,39.7,132.0
2023-11-20 16:00:00,9.3,44.3,76.3,39.4,44.5,40.0,133.0
2023-11-20 17:00:00,9.3,44.3,78.2,40.1,45.2,40.6,138.0
2023-11-20 18:00:00,8.8,44.7,79.25,40.45,45.7,40.95,145.5
2023-11-20 19:00:00,8.3,45.1,80.3,40.8,46.2,41.3,145.5
2023-11-20 20:00:00,8.5,44.9,68.1,40.3,43.8,40.9,134.0
2023-11-20 21:00:00,7.7,45.6,74.0,38.6,43.5,39.2,114.0
2023-11-20 22:00:00,7.5,45.6,67.4,39.0,39.6,39.8,125.0
2023-11-20 23:00:00,7.1,45.9,59.2,36.6,36.3,34.0,0.0
2023-11-21 00:00:00,6.6,46.3,56.0,33.6,30.5,28.9,0.0
2023-11-21 01:00:00,5.9,46.8,54.4,31.7,29.0,26.5,0.0
2023-11-21 02:00:00,6.4,46.4,51.6,29.8,26.6,25.8,0.0
2023-11-21 03:00:00,5.9,46.8,48.8,28.7,26.3,25.2,0.0
2023-11-21 04:00:00,5.4,47.2,46.3,27.5,25.7,24.8,0.0
2023-11-21 05:00:00,5.7,46.9,44.1,26.7,25.0,24.3,0.0
2023-11-21 06:00:00,5.4,47.2,49.7,25.8,28.7,24.7,0.0
2023-11-21 07:00:00,6.3,46.5,86.4,40.1,47.4,40.3,230.0
2023-11-21 08:00:00,7.7,45.5,84.3,40.9,45.6,41.5,171.0
2023-11-21 09:00:00,8.6,44.9,81.6,39.4,44.4,39.9,131.0
2023-11-21 10:00:00,8.5,44.9,79.6,39.1,44.3,39.8,135.0
2023-11-21 11:00:00,9.1,44.5,78.7,39.9,44.7,40.5,144.0
2023-11-21 12:00:00,9.5,44.2,79.7,39.3,44.4,39.9,134.0
2023-11-21 13:00:00,10.1,43.8,79.7,39.5,44.4,40.1,136.0
2023-11-21 14:00:00,10.0,43.8,73.3,38.7,43.2,39.4,123.0
2023-11-21 15:00:00,9.6,44.1,74.3,38.8,43.7,39.3,125.0
2023-11-21 16:00:00,9.9,43.9,75.1,39.4,44.2,39.9,134.0
2023-11-21 17:00:00,10.0,43.8,75.0,39.6,44.4,40.1,134.0
2023-11-21 18:00:00,10.0,43.8,75.0,39.6,44.4,40.2,131.0
2023-11-21 19:00:00,9.4,44.3,77.7,39.8,44.7,40.4,134.0
2023-11-21 20:00:00,9.8,44.0,65.3,38.9,42.5,39.4,119.0
2023-11-21 21:00:00,9.8,44.0,73.8,38.7,43.7,39.2,120.0
2023-11-21 22:00:00,9.8,44.0,68.5,38.7,38.8,39.0,111.0
2023-11-21 23:00:00,9.6,44.2,64.4,37.0,34.4,33.9,0.0
2023-11-22 00:00:00,9.7,44.1,59.8,35.3,29.5,28.5,0.0
2023-11-22 01:00:00,9.9,43.9,55.9,33.9,27.7,27.0,0.0
2023-11-22 02:00:00,9.9,43.9,52.6,32.4,26.8,26.1,0.0
2023-11-22 03:00:00,9.5,44.2,49.6,31.1,25.9,25.4,0.0
2023-11-22 04:00:00,8.9,44.6,46.9,30.1,25.4,24.9,0.0
2023-11-22 05:00:00,8.9,44.6,51.1,35.1,26.3,25.9,0.0
2023-11-22 06:00:00,8.6,47.5,76.0,27.7,35.3,28.3,52.0
2023-11-22 07:00:00,9.2,47.1,82.7,40.5,47.4,40.6,203.0
2023-11-22 08:00:00,9.2,46.0,81.8,42.3,47.4,42.8,179.0
2023-11-22 09:00:00,9.1,46.0,81.7,40.2,45.4,40.8,134.0
2023-11-22 10:00:00,9.6,45.6,81.6,40.2,45.3,40.7,143.0
2023-11-22 11:00:00,9.3,45.7,80.3,40.3,40.0,40.2,130.0
2023-11-22 12:00:00,9.1,46.0,78.0,42.3,47.1,42.7,176.0
2023-11-22 13:00:00,9.8,45.5,77.9,40.5,45.2,41.0,134.0
2023-11-22 14:00:00,9.2,44.1,75.7,39.4,43.9,40.0,124.0
2023-11-22 15:00:00,9.7,43.8,78.1,39.0,43.7,39.7,123.0
2023-11-22 16:00:00,9.3,44.2,78.1,39.1,44.0,39.8,126.0
2023-11-22 17:00:00,9.5,44.0,73.4,38.2,44.0,38.6,105.0
2023-11-22 18:00:00,9.8,43.7,77.6,39.7,43.4,40.3,142.0
2023-11-22 19:00:00,10.0,43.4,73.2,38.2,42.3,39.0,108.0
2023-11-22 20:00:00,9.9,43.6,72.5,38.3,43.1,38.9,116.0
2023-11-22 21:00:00,9.7,43.8,68.3,39.0,43.4,39.7,124.0
2023-11-22 22:00:00,10.0,43.5,71.2,38.4,38.7,38.7,105.0
2023-11-22 23:00:00,9.7,43.8,66.4,36.9,34.2,34.0,0.0
2023-11-23 00:00:00,9.3,44.1,61.4,35.1,30.5,29.3,0.0
2023-11-23 01:00:00,9.4,44.0,57.2,33.6,27.5,26.9,0.0
2023-11-23 02:00:00,9.2,44.1,53.6,32.3,26.8,26.0,0.0
2023-11-23 03:00:00,8.5,44.8,50.4,31.1,26.2,25.7,0.0
2023-11-23 04:00:00,8.0,45.3,47.7,30.1,25.7,25.3,0.0
2023-11-23 05:00:00,7.0,46.3,52.5,32.1,26.9,26.1,0.0
2023-11-23 06:00:00,6.5,48.3,78.6,37.9,35.5,27.5,47.0
2023-11-23 07:00:00,6.3,45.9,85.4,41.0,48.1,41.0,213.0
2023-11-23 08:00:00,6.1,46.2,84.4,40.5,45.6,41.1,155.0
2023-11-23 09:00:00,6.1,46.2,84.6,40.7,46.2,41.2,151.0
2023-11-23 10:00:00,5.9,46.2,85.0,41.0,46.5,41.5,154.0
2023-11-23 11:00:00,6.3,46.0,84.3,41.0,46.5,41.5,153.0
2023-11-23 12:00:00,6.2,46.2,84.6,41.1,46.6,41.6,153.0
2023-11-23 13:00:00,6.5,45.8,84.7,41.0,46.4,41.6,150.0
2023-11-23 14:00:00,6.6,45.8,83.8,41.0,46.2,41.5,148.0
2023-11-23 15:00:00,6.7,45.7,83.7,40.5,45.6,41.2,141.0
2023-11-23 16:00:00,6.5,45.9,83.3,40.4,45.6,41.2,0.0
2023-11-23 17:00:00,7.3,45.3,84.5,40.5,45.8,41.2,269.0
2023-11-23 18:00:00,7.5,45.1,85.2,40.4,45.7,41.1,141.0
2023-11-23 19:00:00,7.4,45.2,85.2,40.4,45.7,41.0,142.0
2023-11-23 20:00:00,6.9,45.6,83.9,40.5,45.5,41.2,142.0
2023-11-23 21:00:00,7.4,45.1,74.1,39.5,44.4,40.0,124.0
2023-11-23 22:00:00,7.2,45.4,77.6,40.7,41.3,41.3,146.0
2023-11-23 23:00:00,7.5,45.1,72.2,38.8,34.3,34.4,0.0
2023-11-24 00:00:00,7.4,45.2,66.4,36.6,32.2,30.4,0.0
2023-11-24 01:00:00,7.7,45.0,61.8,34.7,28.1,26.9,0.0
2023-11-24 02:00:00,7.4,45.2,57.9,33.0,26.7,26.0,0.0
2023-11-24 03:00:00,7.8,44.9,54.3,31.4,26.1,25.5,0.0
2023-11-24 04:00:00,7.6,45.1,51.1,30.2,25.6,25.1,0.0
2023-11-24 05:00:00,7.7,45.0,48.2,29.1,25.3,24.6,0.0
2023-11-24 06:00:00,7.8,46.8,81.6,25.6,34.4,26.1,32.0
2023-11-24 07:00:00,7.6,46.3,83.8,40.6,47.5,40.8,222.0
2023-11-24 08:00:00,8.1,45.9,83.0,40.9,45.6,41.5,163.0
2023-11-24 09:00:00,8.5,45.5,82.7,39.6,45.0,40.3,136.0
2023-11-24 10:00:00,8.7,45.3,81.3,39.9,45.1,40.4,142.0
2023-11-24 11:00:00,9.2,44.8,80.8,39.9,45.0,40.5,141.0
2023-11-24 12:00:00,9.4,44.6,80.4,39.9,44.9,40.5,139.0
2023-11-24 13:00:00,9.6,44.4,79.7,39.9,44.9,40.6,139.0
2023-11-24 14:00:00,10.1,43.9,77.0,39.6,44.2,40.2,134.0
2023-11-24 15:00:00,10.2,43.8,76.6,39.4,44.2,40.0,128.0
2023-11-24 16:00:00,10.2,43.7,76.8,39.3,44.1,39.9,128.0
2023-11-24 17:00:00,10.5,43.5,76.5,39.4,44.1,40.1,127.0
2023-11-24 18:00:00,10.3,43.7,73.9,38.9,43.1,39.6,120.0
2023-11-24 19:00:00,10.0,44.0,71.1,39.1,43.4,39.8,124.0
2023-11-24 20:00:00,9.6,44.4,61.8,38.9,42.3,39.4,119.0
2023-11-24 21:00:00,9.1,44.9,71.6,39.4,43.9,39.9,127.0
2023-11-24 22:00:00,8.9,45.1,63.6,38.6,39.1,39.1,108.0
2023-11-24 23:00:00,8.5,45.6,64.1,36.6,34.5,34.0,0.0
2023-11-25 00:00:00,8.2,45.8,59.8,34.8,29.1,28.1,0.0
2023-11-25 01:00:00,6.8,47.2,56.0,33.2,27.7,27.1,0.0
2023-11-25 02:00:00,5.7,48.3,52.5,31.8,26.9,26.2,0.0
2023-11-25 03:00:00,5.5,48.5,49.4,30.4,25.9,25.4,0.0
2023-11-25 04:00:00,4.5,49.3,46.7,29.3,25.2,24.5,0.0
2023-11-25 05:00:00,5.0,49.0,44.2,28.2,24.6,24.2,0.0
2023-11-25 06:00:00,4.4,47.5,61.5,25.9,32.6,27.0,36.0
2023-11-25 07:00:00,4.9,47.0,85.7,40.9,48.2,41.2,232.0
2023-11-25 08:00:00,4.7,47.2,77.5,42.1,47.5,42.3,172.0
2023-11-25 09:00:00,5.0,47.0,83.3,42.1,48.0,42.3,167.0
2023-11-25 10:00:00,4.2,47.6,81.8,41.9,47.4,42.3,163.0
2023-11-25 11:00:00,4.5,47.4,82.2,41.7,47.5,42.0,158.0
2023-11-25 12:00:00,4.4,47.5,82.5,42.2,47.9,42.5,166.0
2023-11-25 13:00:00,4.1,47.7,84.1,42.3,48.2,42.7,165.0
2023-11-25 14:00:00,4.1,47.7,85.2,42.4,48.4,42.7,165.0
2023-11-25 15:00:00,2.7,48.8,72.6,41.9,46.4,42.2,153.0
2023-11-25 16:00:00,2.6,48.9,74.9,42.6,47.4,42.8,164.0
2023-11-25 17:00:00,0.8,50.3,75.4,42.2,47.0,42.5,154.0
2023-11-25 18:00:00,1.8,48.2,73.8,42.7,47.0,42.9,166.0
2023-11-25 19:00:00,1.0,49.0,85.2,42.9,49.1,43.2,167.0
2023-11-25 20:00:00,0.7,49.3,75.7,42.6,47.5,42.8,158.0
2023-11-25 21:00:00,1.2,48.8,84.0,42.5,48.7,42.8,163.0
2023-11-25 22:00:00,0.9,49.1,67.7,42.4,43.6,42.8,158.0
2023-11-25 23:00:00,1.1,48.9,66.6,38.8,38.9,34.5,0.0
2023-11-26 00:00:00,0.8,49.2,65.6,33.2,33.2,29.0,0.0
2023-11-26 01:00:00,0.6,49.4,62.8,30.7,29.9,26.6,0.0
2023-11-26 02:00:00,0.4,49.6,59.8,28.4,28.5,25.8,0.0
2023-11-26 03:00:00,0.3,49.7,56.6,26.7,26.5,24.9,0.0
2023-11-26 04:00:00,0.4,49.6,54.3,25.6,26.4,24.2,0.0
2023-11-26 05:00:00,0.3,49.7,55.9,23.6,31.8,23.4,0.0
2023-11-26 06:00:00,0.0,49.5,93.2,31.7,41.3,32.1,112.0
2023-11-26 07:00:00,0.0,49.5,83.2,42.5,48.8,42.4,225.0
2023-11-26 08:00:00,1.1,48.5,85.5,42.4,49.1,42.4,175.0
2023-11-26 09:00:00,0.7,49.8,82.4,42.5,48.9,42.6,180.0
2023-11-26 10:00:00,1.7,48.9,79.6,43.8,49.2,43.8,192.0
2023-11-26 11:00:00,2.3,48.3,85.5,43.4,49.8,43.5,173.0
2023-11-26 12:00:00,2.8,47.9,83.1,42.0,47.2,42.3,162.0
2023-11-26 13:00:00,3.2,47.2,82.4,41.6,47.0,42.0,161.0
2023-11-26 14:00:00,3.4,47.7,82.0,41.6,47.3,42.0,160.0
2023-11-26 15:00:00,3.2,47.9,84.7,41.7,47.0,42.1,163.0
2023-11-26 16:00:00,3.3,47.7,84.6,42.1,48.0,42.4,167.0
2023-11-26 17:00:00,3.1,48.1,83.6,42.9,48.7,43.1,176.0
2023-11-26 18:00:00,3.3,46.7,86.0,42.9,48.6,43.2,173.0
2023-11-26 19:00:00,2.6,47.3,86.3,41.5,47.2,42.0,153.0
2023-11-26 20:00:00,3.7,46.2,81.6,41.5,46.6,42.0,156.0
2023-11-26 21:00:00,3.2,46.8,86.0,41.4,47.0,41.9,154.0
2023-11-26 22:00:00,3.5,46.5,86.0,41.4,46.9,41.9,154.0
2023-11-26 23:00:00,2.6,47.4,81.0,39.7,34.6,34.5,0.0
2023-11-27 00:00:00,2.8,47.2,74.1,37.4,32.2,30.8,0.0
2023-11-27 01:00:00,2.5,47.5,71.2,34.9,36.0,26.2,0.0
2023-11-27 02:00:00,2.5,47.5,69.3,24.6,38.8,24.8,0.0
2023-11-27 03:00:00,2.9,47.2,69.4,23.9,39.5,25.4,0.0
2023-11-27 04:00:00,2.6,47.4,69.7,24.5,38.7,25.8,0.0
2023-11-27 05:00:00,2.8,47.2,23.9,24.5,24.5,24.7,0.0
2023-11-27 06:00:00,2.5,47.4,84.9,24.6,33.4,24.4,0.0
2023-11-27 07:00:00,1.6,48.4,86.4,40.3,47.7,40.3,236.0
2023-11-27 08:00:00,2.3,47.7,88.9,42.4,47.2,42.9,197.0
2023-11-27 09:00:00,3.0,47.0,89.5,41.2,47.3,41.7,160.0
2023-11-27 10:00:00,3.7,47.1,87.0,40.8,46.5,41.3,159.0
2023-11-27 11:00:00,4.1,46.8,86.5,41.5,47.2,41.9,165.0
2023-11-27 12:00:00,5.3,45.8,84.9,41.0,46.2,41.4,156.0
2023-11-27 13:00:00,5.8,45.5,83.5,40.3,45.3,40.9,143.0
2023-11-27 14:00:00,6.0,44.4,78.9,39.6,44.1,40.3,136.0
2023-11-27 15:00:00,6.2,44.3,78.9,38.7,43.7,39.3,112.0
2023-11-27 16:00:00,6.3,44.2,79.7,38.9,44.0,39.6,148.0
2023-11-27 17:00:00,6.4,44.2,79.9,38.8,43.7,39.4,129.0
2023-11-27 18:00:00,6.2,44.3,80.7,39.0,44.1,39.7,135.0
2023-11-27 19:00:00,6.2,44.2,80.3,39.0,44.0,39.7,135.0
2023-11-27 20:00:00,6.3,44.2,70.2,38.5,42.9,39.0,127.0
2023-11-27 21:00:00,6.4,44.2,76.5,39.7,44.8,40.1,143.0
2023-11-27 22:00:00,6.3,44.2,72.3,39.5,40.5,40.0,132.0
2023-11-27 23:00:00,5.4,44.7,65.6,37.7,35.4,34.0,0.0
2023-11-28 00:00:00,5.3,44.8,62.2,35.0,29.7,28.2,0.0
2023-11-28 01:00:00,5.7,44.6,58.3,33.1,27.1,26.1,0.0
2023-11-28 02:00:00,6.0,44.4,54.7,31.5,26.0,25.4,0.0
2023-11-28 03:00:00,5.3,44.8,51.4,30.2,25.4,24.9,0.0
2023-11-28 04:00:00,5.7,44.6,48.4,29.0,25.2,24.2,0.0
2023-11-28 05:00:00,5.2,44.8,45.9,28.0,24.3,23.6,0.0
2023-11-28 06:00:00,5.7,44.6,38.1,31.0,33.0,23.6,0.0
2023-11-28 07:00:00,5.7,44.6,82.3,36.7,44.0,36.8,188.0
2023-11-28 08:00:00,6.0,44.4,82.0,39.9,44.2,40.4,176.0
2023-11-28 09:00:00,6.6,44.1,82.7,38.4,43.4,39.1,130.0
2023-11-28 10:00:00,7.1,43.8,81.0,38.4,43.3,39.1,134.0
2023-11-28 11:00:00,7.8,43.4,80.3,38.3,43.3,39.0,130.0
2023-11-28 12:00:00,8.5,43.0,77.2,38.0,42.6,38.8,128.0
2023-11-28 13:00:00,8.4,43.1,74.4,37.8,42.5,38.4,120.0
2023-11-28 14:00:00,8.7,42.9,74.6,38.0,42.6,38.7,125.0
2023-11-28 15:00:00,9.2,45.3,74.9,39.2,44.2,39.8,140.0
2023-11-28 16:00:00,9.0,45.5,74.8,39.6,44.4,40.0,138.0
2023-11-28 17:00:00,8.0,46.6,79.1,40.1,45.5,40.5,145.0
2023-11-28 18:00:00,8.6,45.8,77.6,40.8,45.9,41.2,152.0
2023-11-28 19:00:00,8.3,46.3,79.0,40.9,46.1,41.2,149.0
2023-11-28 20:00:00,8.1,46.5,70.4,40.6,45.0,41.0,143.0
2023-11-28 21:00:00,8.5,46.1,72.0,39.2,43.6,39.5,122.0
2023-11-28 22:00:00,8.4,46.2,72.8,39.5,40.1,39.9,127.0
2023-11-28 23:00:00,8.1,46.5,64.7,37.8,34.1,34.1,0.0
2023-11-29 00:00:00,7.8,46.8,60.0,35.8,30.1,29.3,0.0
2023-11-29 01:00:00,8.0,46.6,56.2,34.5,27.8,26.2,0.0
2023-11-29 02:00:00,7.2,47.5,53.0,32.1,26.5,25.3,0.0
2023-11-29 03:00:00,6.3,48.5,50.1,30.4,25.5,24.7,0.0
2023-11-29 04:00:00,6.6,48.2,47.3,29.1,24.9,24.3,0.0
2023-11-29 05:00:00,5.9,48.8,44.8,28.0,24.5,23.8,0.0
2023-11-29 06:00:00,5.3,48.8,72.3,24.6,32.2,25.3,0.0
2023-11-29 07:00:00,6.0,48.0,81.3,37.4,44.2,37.7,180.0
2023-11-29 08:00:00,6.1,47.8,84.9,43.4,49.9,43.3,216.0
2023-11-29 09:00:00,5.6,48.5,83.9,39.8,45.8,40.3,136.0
2023-11-29 10:00:00,5.7,48.4,85.3,41.3,47.2,41.7,171.0
2023-11-29 11:00:00,4.9,48.0,81.2,41.3,46.6,41.7,162.0
2023-11-29 12:00:00,4.9,48.1,80.8,41.0,46.5,41.4,157.0
2023-11-29 13:00:00,5.1,47.9,80.7,41.0,46.4,41.5,156.0
2023-11-29 14:00:00,5.4,47.6,80.9,41.3,46.6,41.6,158.0
2023-11-29 15:00:00,5.1,47.9,79.9,41.0,46.4,41.4,152.0
2023-11-29 16:00:00,5.5,47.4,80.7,41.1,46.4,41.5,154.0
2023-11-29 17:00:00,5.2,47.8,80.8,41.3,46.7,41.7,156.0
2023-11-29 18:00:00,6.7,46.4,82.8,41.6,47.1,41.9,158.0
2023-11-29 19:00:00,5.7,47.3,82.9,41.9,47.5,42.3,161.0
2023-11-29 20:00:00,6.0,47.2,69.7,41.5,45.3,41.9,153.0
2023-11-29 21:00:00,5.5,47.5,72.0,40.7,45.3,41.2,143.0
2023-11-29 22:00:00,5.2,47.8,72.9,40.0,40.0,40.2,124.0
2023-11-29 23:00:00,5.7,47.3,65.7,38.0,35.7,34.0,0.0
2023-11-30 00:00:00,5.0,48.0,62.8,34.9,30.6,28.8,0.0
2023-11-30 01:00:00,5.4,47.6,58.8,33.0,26.7,26.1,0.0
2023-11-30 02:00:00,4.0,48.7,55.0,31.5,25.9,25.4,0.0
2023-11-30 03:00:00,3.4,49.0,51.5,30.1,25.5,24.8,0.0
2023-11-30 04:00:00,1.9,50.1,48.6,28.8,25.0,24.0,0.0
2023-11-30 05:00:00,3.2,49.2,26.3,28.6,23.8,23.5,0.0
2023-11-30 06:00:00,2.6,48.9,56.8,23.2,29.7,24.0,0.0
2023-11-30 07:00:00,2.4,49.0,83.0,39.2,46.1,39.2,228.0
2023-11-30 08:00:00,3.4,48.2,86.0,43.9,50.2,43.8,218.0
2023-11-30 09:00:00,4.1,47.7,83.8,42.4,47.9,42.7,174.0
2023-11-30 10:00:00,5.0,47.0,83.6,41.7,47.4,41.9,166.0
2023-11-30 11:00:00,6.0,46.2,79.9,41.2,46.3,41.5,126.0
2023-11-30 12:00:00,6.9,45.5,78.0,40.4,45.5,40.8,172.0
2023-11-30 13:00:00,7.7,44.9,76.2,40.2,45.1,40.6,152.0
2023-11-30 14:00:00,8.0,44.6,75.3,40.1,44.9,40.6,37.0
2023-11-30 15:00:00,8.0,44.6,75.3,40.1,44.9,40.6,0.0
2023-11-30 16:00:00,8.0,44.6,75.3,40.1,44.9,40.6,0.0
2023-11-30 17:00:00,8.0,44.6,75.3,40.1,44.9,40.6,0.0
2023-11-30 18:00:00,8.0,44.6,75.3,40.1,44.9,40.6,0.0
2023-11-30 19:00:00,8.0,44.6,75.3,40.1,44.9,40.6,0.0
2023-11-30 20:00:00,8.0,44.6,75.3,40.1,44.9,40.6,0.0
2023-11-30 21:00:00,8.0,44.6,75.3,40.1,44.9,40.6,0.0
2023-11-30 22:00:00,8.0,44.6,75.3,40.1,44.9,40.6,0.0
2023-11-30 23:00:00,8.0,44.6,75.3,40.1,44.9,40.6,0.0
2023-12-01 00:00:00,8.0,44.6,75.3,40.1,44.9,40.6,0.0
2023-12-01 01:00:00,8.0,44.6,75.3,40.1,44.9,40.6,0.0
2023-12-01 02:00:00,8.0,44.6,75.3,40.1,44.9,40.6,0.0
2023-12-01 03:00:00,8.0,44.6,75.3,40.1,44.9,40.6,0.0
2023-12-01 04:00:00,8.0,44.6,75.3,40.1,44.9,40.6,0.0
2023-12-01 05:00:00,8.0,44.6,75.3,40.1,44.9,40.6,0.0
2023-12-01 06:00:00,8.0,44.6,75.3,40.1,44.9,40.6,0.0
2023-12-01 07:00:00,8.0,44.6,75.3,40.1,44.9,40.6,0.0
2023-12-01 08:00:00,12.2,41.4,70.9,36.7,40.6,37.5,1486.0
2023-12-01 09:00:00,12.8,42.6,69.8,36.8,34.7,34.9,76.0
2023-12-01 10:00:00,13.7,42.1,64.8,35.1,32.8,31.8,0.0
2023-12-01 11:00:00,13.9,42.0,60.2,33.7,27.7,27.0,0.0
2023-12-01 12:00:00,14.3,42.0,56.3,32.4,27.3,27.0,0.0
2023-12-01 13:00:00,15.0,42.0,52.8,31.1,27.2,26.2,0.0
2023-12-01 14:00:00,15.0,42.0,64.2,26.0,27.1,26.4,0.0
2023-12-01 15:00:00,15.4,42.0,55.6,25.9,26.4,26.1,0.0
2023-12-01 16:00:00,15.9,42.0,59.2,32.6,37.1,33.2,106.0
2023-12-01 17:00:00,15.6,42.0,71.6,39.2,44.2,39.6,164.0
2023-12-01 18:00:00,15.8,42.0,70.3,37.5,41.3,38.2,107.0
2023-12-01 19:00:00,15.6,43.0,71.4,37.4,42.1,38.1,109.0
2023-12-01 20:00:00,15.7,43.0,65.0,37.8,41.9,38.4,115.0
2023-12-01 21:00:00,15.8,43.0,64.2,37.8,42.0,38.4,108.0
2023-12-01 22:00:00,15.8,43.0,63.6,37.3,37.6,37.7,97.0
2023-12-01 23:00:00,15.6,43.0,60.1,35.8,34.5,33.6,0.0
2023-12-02 00:00:00,15.7,43.0,56.1,34.3,30.9,28.6,0.0
2023-12-02 01:00:00,15.3,43.0,53.1,32.5,27.6,26.6,0.0
2023-12-02 02:00:00,15.3,43.0,50.3,31.2,26.7,26.1,0.0
2023-12-02 03:00:00,15.4,43.0,47.7,30.3,26.2,25.7,0.0
2023-12-02 04:00:00,15.3,43.0,45.3,29.5,25.6,25.3,0.0
2023-12-02 05:00:00,15.2,43.0,43.1,28.8,25.2,25.0,0.0
2023-12-02 06:00:00,15.0,44.0,70.5,28.1,34.9,28.6,49.0
2023-12-02 07:00:00,14.5,44.0,71.5,38.6,44.1,38.9,170.0
2023-12-02 08:00:00,15.0,44.0,71.6,40.7,45.1,41.1,150.0
2023-12-02 09:00:00,15.3,43.0,69.9,38.1,36.9,37.2,79.0
2023-12-02 10:00:00,15.5,43.0,57.2,36.5,34.2,33.2,0.0
2023-12-02 11:00:00,16.5,43.0,53.9,34.4,29.6,28.6,0.0
2023-12-02 12:00:00,17.0,43.0,51.2,32.9,27.3,26.5,0.0
2023-12-02 13:00:00,16.9,43.0,48.7,31.6,26.4,26.0,0.0
2023-12-02 14:00:00,17.4,43.0,46.4,30.6,25.9,25.7,0.0
2023-12-02 15:00:00,17.5,43.0,44.3,29.7,25.8,25.5,0.0
2023-12-02 16:00:00,17.3,43.0,42.3,28.9,25.5,25.2,0.0
2023-12-02 17:00:00,16.9,43.0,40.6,28.3,25.3,25.1,0.0
2023-12-02 18:00:00,16.5,43.0,39.0,27.7,25.1,24.9,0.0
2023-12-02 19:00:00,16.9,43.0,37.6,27.2,24.9,24.6,0.0
2023-12-02 20:00:00,16.7,42.0,70.9,34.0,40.3,34.5,126.0
2023-12-02 21:00:00,16.4,42.0,65.7,39.1,42.6,39.6,152.0
2023-12-02 22:00:00,16.4,42.0,61.9,37.0,37.3,37.5,85.0
2023-12-02 23:00:00,15.9,42.0,43.5,35.8,34.2,33.4,0.0
2023-12-03 00:00:00,15.8,42.0,46.4,33.2,29.9,28.5,0.0
2023-12-03 01:00:00,15.7,42.0,44.6,31.4,27.3,26.8,0.0
2023-12-03 02:00:00,12.6,42.7,42.8,30.1,26.7,26.1,0.0
2023-12-03 03:00:00,11.1,43.6,41.3,28.9,26.1,25.5,0.0
2023-12-03 04:00:00,9.8,44.3,39.6,28.1,25.4,25.1,0.0
2023-12-03 05:00:00,6.6,46.1,37.9,27.3,25.0,24.7,0.0
2023-12-03 06:00:00,5.4,46.6,57.3,24.4,29.9,25.0,0.0
2023-12-03 07:00:00,5.0,47.0,34.9,26.4,28.0,26.7,0.0
2023-12-03 08:00:00,5.7,47.0,89.8,41.0,48.7,40.9,210.0
2023-12-03 09:00:00,4.8,47.6,72.5,41.5,46.5,41.8,167.0
2023-12-03 10:00:00,4.5,47.8,76.5,43.4,48.1,43.6,185.0
2023-12-03 11:00:00,4.8,47.6,84.9,41.8,48.3,41.9,149.0
2023-12-03 12:00:00,3.4,48.7,81.4,42.5,48.2,42.6,170.0
2023-12-03 13:00:00,3.8,48.4,84.5,43.3,49.3,43.3,174.0
2023-12-03 14:00:00,3.8,48.3,71.1,41.6,45.6,41.9,144.0
2023-12-03 15:00:00,4.2,46.7,83.2,41.7,47.7,42.0,150.0
2023-12-03 16:00:00,4.8,46.1,83.6,42.1,47.0,42.7,159.0
2023-12-03 17:00:00,4.4,46.5,84.2,41.0,46.2,41.5,139.0
2023-12-03 18:00:00,4.1,46.8,84.2,41.1,46.1,41.6,145.0
2023-12-03 19:00:00,5.2,46.8,83.9,41.1,46.3,41.6,147.0
2023-12-03 20:00:00,5.0,46.9,84.8,41.8,47.4,42.2,154.0
2023-12-03 21:00:00,4.9,47.1,84.3,42.1,47.6,42.5,156.0
2023-12-03 22:00:00,4.4,47.4,84.9,42.0,42.0,42.3,146.0
2023-12-03 23:00:00,4.1,47.7,68.7,39.7,35.8,34.5,0.0
2023-12-04 00:00:00,4.3,47.5,63.7,36.5,31.2,30.1,0.0
2023-12-04 01:00:00,4.2,47.6,60.5,33.8,28.0,26.6,0.0
2023-12-04 02:00:00,4.2,47.6,57.1,31.8,26.4,25.5,0.0
2023-12-04 03:00:00,3.9,47.8,53.7,30.2,25.5,24.8,0.0
2023-12-04 04:00:00,3.8,47.8,50.5,28.9,24.8,24.4,0.0
2023-12-04 05:00:00,2.7,48.8,31.9,34.2,27.3,24.3,0.0
2023-12-04 06:00:00,2.9,48.7,73.1,29.1,36.0,29.7,71.0
2023-12-04 07:00:00,2.8,48.7,87.6,41.1,48.3,40.9,209.0
2023-12-04 08:00:00,2.6,48.9,87.7,43.9,49.3,44.1,208.0
2023-12-04 09:00:00,3.1,48.5,86.4,42.3,48.4,42.6,164.0
2023-12-04 10:00:00,3.5,48.2,85.4,42.9,48.8,43.2,177.0
2023-12-04 11:00:00,4.2,47.6,84.6,42.4,48.0,42.7,163.0
2023-12-04 12:00:00,4.5,47.4,83.9,42.2,47.8,42.5,161.0
2023-12-04 13:00:00,5.1,46.9,83.5,42.1,47.6,42.4,158.0
2023-12-04 14:00:00,5.0,47.0,82.6,42.1,47.3,42.5,156.0
2023-12-04 15:00:00,5.7,46.6,81.6,41.8,47.0,42.2,152.0
2023-12-04 16:00:00,5.0,46.9,83.6,41.7,47.0,42.1,151.0
2023-12-04 17:00:00,3.5,48.6,85.2,41.8,47.3,42.2,156.0
2023-12-04 18:00:00,3.5,48.6,86.6,43.3,49.3,43.5,178.0
2023-12-04 19:00:00,4.0,48.2,86.0,43.3,48.8,43.5,172.0
2023-12-04 20:00:00,2.3,49.5,89.7,43.4,49.6,43.7,171.0
2023-12-04 21:00:00,2.5,48.8,82.9,42.4,48.4,42.6,152.0
2023-12-04 22:00:00,2.4,48.9,82.2,43.1,48.7,43.3,172.0
2023-12-04 23:00:00,1.5,49.4,65.9,40.3,34.9,34.7,0.0
2023-12-05 00:00:00,2.0,49.1,60.8,37.4,31.8,30.0,0.0
2023-12-05 01:00:00,2.7,48.7,56.9,34.8,28.0,26.4,0.0
2023-12-05 02:00:00,3.0,48.6,53.6,32.4,27.3,25.3,0.0
2023-12-05 03:00:00,3.1,48.5,53.8,29.0,28.0,24.6,0.0
2023-12-05 04:00:00,3.1,48.5,51.5,26.3,27.2,24.0,0.0
2023-12-05 05:00:00,3.6,48.2,34.6,38.0,29.5,24.3,0.0
2023-12-05 06:00:00,3.9,49.2,80.9,26.4,35.0,26.7,46.0
2023-12-05 07:00:00,3.9,49.2,85.9,40.1,47.5,39.9,208.0
2023-12-05 08:00:00,3.7,49.3,87.9,44.6,50.5,44.6,221.0
2023-12-05 09:00:00,4.5,48.8,86.9,42.9,48.7,43.2,171.0
2023-12-05 10:00:00,5.4,48.2,85.9,42.5,48.1,42.8,173.0
2023-12-05 11:00:00,5.6,46.6,83.8,41.6,46.9,42.0,161.0
2023-12-05 12:00:00,6.8,46.0,79.2,40.2,45.6,40.6,141.0
2023-12-05 13:00:00,7.1,45.8,78.8,40.4,45.6,40.8,152.0
2023-12-05 14:00:00,7.3,45.7,78.5,40.4,45.5,40.9,146.0
2023-12-05 15:00:00,7.6,45.5,78.3,40.4,45.4,40.9,145.0
2023-12-05 16:00:00,7.3,45.7,79.0,40.6,45.7,41.0,146.0
2023-12-05 17:00:00,7.2,45.8,80.6,40.9,46.3,41.3,152.0
2023-12-05 18:00:00,6.7,46.6,80.6,41.1,46.3,41.5,152.0
2023-12-05 19:00:00,6.5,46.8,83.3,41.6,47.0,41.9,158.0
2023-12-05 20:00:00,6.0,47.2,74.4,41.7,45.9,42.1,158.0
2023-12-05 21:00:00,6.0,47.2,76.6,40.7,45.8,40.9,138.0
2023-12-05 22:00:00,5.7,47.4,77.6,40.4,40.5,40.6,132.0
2023-12-05 23:00:00,6.2,47.0,71.8,38.5,34.1,34.1,0.0
2023-12-06 00:00:00,6.5,46.8,65.6,36.4,30.5,28.7,0.0
2023-12-06 01:00:00,6.8,46.6,60.9,34.5,27.5,26.1,0.0
2023-12-06 02:00:00,6.8,46.6,57.1,32.5,26.1,25.3,0.0
2023-12-06 03:00:00,6.4,46.9,53.5,30.9,25.5,24.6,0.0
2023-12-06 04:00:00,6.0,47.2,50.3,29.7,25.0,24.2,0.0
2023-12-06 05:00:00,5.2,47.7,47.5,28.6,24.4,23.7,0.0
2023-12-06 06:00:00,5.7,47.4,59.2,26.2,29.7,24.1,0.0
2023-12-06 07:00:00,5.6,47.4,63.2,36.6,41.0,37.0,181.0
2023-12-06 08:00:00,5.4,47.6,82.0,40.4,47.0,40.3,164.0
2023-12-06 09:00:00,5.6,47.4,84.4,43.4,48.6,43.6,197.0
2023-12-06 10:00:00,6.0,47.2,83.8,41.0,46.4,41.5,148.0
2023-12-06 11:00:00,6.1,46.6,82.9,41.1,46.5,41.5,159.0
2023-12-06 12:00:00,6.3,46.5,82.8,41.3,46.7,41.7,157.0
2023-12-06 13:00:00,6.3,46.5,82.0,41.4,46.7,41.8,157.0
2023-12-06 14:00:00,6.4,46.5,79.2,40.8,45.9,41.3,149.0
2023-12-06 15:00:00,5.9,46.8,77.0,40.7,45.8,41.0,146.0
2023-12-06 16:00:00,6.6,46.3,80.7,41.6,47.2,41.8,161.0
2023-12-06 17:00:00,7.2,45.8,78.0,41.3,46.4,41.6,151.0
2023-12-06 18:00:00,6.8,46.1,79.0,41.3,46.6,41.5,152.0
2023-12-06 19:00:00,4.0,47.5,79.9,41.8,47.2,42.1,159.0
2023-12-06 20:00:00,4.8,46.8,77.7,41.6,46.4,41.8,153.0
2023-12-06 21:00:00,5.1,46.5,78.5,41.3,46.6,41.6,150.0
2023-12-06 22:00:00,5.7,46.0,77.0,41.1,41.1,41.2,136.0
2023-12-06 23:00:00,5.4,46.3,71.0,39.0,34.1,34.1,0.0
2023-12-07 00:00:00,4.8,46.8,65.2,36.7,30.4,29.1,0.0
2023-12-07 01:00:00,4.8,46.8,60.5,34.7,26.9,26.1,0.0
2023-12-07 02:00:00,5.1,46.5,56.4,32.9,25.8,25.2,0.0
2023-12-07 03:00:00,4.9,46.7,52.6,31.3,25.3,24.8,0.0
2023-12-07 04:00:00,4.9,46.7,49.5,30.0,24.9,24.4,0.0
2023-12-07 05:00:00,4.5,47.0,46.6,28.9,24.4,24.0,0.0
2023-12-07 06:00:00,4.2,47.4,65.1,29.0,32.5,26.4,41.0
2023-12-07 07:00:00,3.9,47.5,80.2,38.0,44.8,38.0,183.0
2023-12-07 08:00:00,4.4,47.1,85.9,43.0,48.1,43.3,209.0
2023-12-07 09:00:00,3.7,47.7,87.0,41.1,46.9,41.5,153.0
2023-12-07 10:00:00,4.0,47.5,87.3,41.6,47.2,41.9,166.0
2023-12-07 11:00:00,4.4,47.1,85.4,41.6,47.2,41.9,165.0
2023-12-07 12:00:00,4.6,47.0,83.8,41.5,46.9,41.8,158.0
2023-12-07 13:00:00,5.0,46.6,83.6,41.4,46.7,41.8,158.0
2023-12-07 14:00:00,4.9,46.7,83.6,41.3,46.8,41.7,155.0
2023-12-07 15:00:00,4.8,46.8,83.7,41.4,46.8,41.8,156.0
2023-12-07 16:00:00,5.4,46.3,83.3,41.5,46.8,41.9,157.0
2023-12-07 17:00:00,5.6,46.1,84.7,41.2,46.7,41.6,155.0
2023-12-07 18:00:00,5.4,46.3,83.2,41.2,46.5,41.5,154.0
2023-12-07 19:00:00,5.2,46.5,82.9,41.0,46.3,41.5,154.0
2023-12-07 20:00:00,5.4,46.3,73.3,40.7,45.1,41.1,144.0
2023-12-07 21:00:00,5.2,46.5,76.3,40.9,45.8,41.2,150.0
2023-12-07 22:00:00,6.0,45.8,77.8,40.8,41.4,41.3,147.0
2023-12-07 23:00:00,6.0,45.8,72.3,38.8,34.2,34.3,0.0
2023-12-08 00:00:00,5.9,45.9,66.3,36.5,30.6,29.5,0.0
2023-12-08 01:00:00,5.6,46.1,61.1,34.5,27.0,26.1,0.0
2023-12-08 02:00:00,5.8,46.0,56.9,32.9,26.0,25.3,0.0
2023-12-08 03:00:00,5.2,46.5,53.2,31.4,25.4,24.8,0.0
2023-12-08 04:00:00,5.4,46.3,49.9,30.1,24.8,24.4,0.0
2023-12-08 05:00:00,5.4,46.4,49.2,29.6,24.3,23.7,0.0
2023-12-08 06:00:00,4.8,48.1,69.8,27.6,34.1,27.9,56.0
2023-12-08 07:00:00,5.1,47.9,76.4,37.9,44.1,37.9,174.0
2023-12-08 08:00:00,5.3,48.3,87.1,43.7,49.8,43.7,216.0
2023-12-08 09:00:00,5.1,48.4,86.6,41.8,47.7,42.1,164.0
2023-12-08 10:00:00,5.4,48.0,83.8,42.0,47.8,42.1,169.0
2023-12-08 11:00:00,5.7,47.8,83.4,42.2,47.8,42.4,171.0
2023-12-08 12:00:00,5.6,46.5,81.2,41.3,46.5,41.6,158.0
2023-12-08 13:00:00,5.1,45.9,81.5,40.8,46.4,41.2,153.0
2023-12-08 14:00:00,5.5,45.7,80.7,41.0,46.3,41.3,43.0
2023-12-08 15:00:00,5.7,46.2,82.6,40.5,45.9,41.0,266.0
2023-12-08 16:00:00,5.3,46.5,83.2,40.6,45.8,41.0,153.0
2023-12-08 17:00:00,5.5,46.4,82.9,40.9,46.4,41.4,157.0
2023-12-08 18:00:00,5.9,46.0,83.2,41.2,46.7,41.5,157.0
2023-12-08 19:00:00,6.5,46.5,83.4,40.9,46.3,41.4,152.0
2023-12-08 20:00:00,6.3,46.8,78.5,40.9,46.1,41.4,152.0
2023-12-08 21:00:00,6.1,46.9,77.9,41.0,46.1,41.2,149.0
2023-12-08 22:00:00,6.0,47.0,73.6,41.2,46.1,41.4,152.0
2023-12-08 23:00:00,6.1,46.9,72.8,39.2,34.4,34.3,0.0
2023-12-09 00:00:00,5.8,47.1,66.6,37.1,31.8,29.6,0.0
2023-12-09 01:00:00,4.9,47.9,62.6,34.3,28.7,26.0,0.0
2023-12-09 02:00:00,4.3,48.3,58.8,31.8,26.1,25.3,0.0
2023-12-09 03:00:00,4.2,48.4,54.9,30.3,25.4,24.5,0.0
2023-12-09 04:00:00,3.3,49.2,51.4,29.0,24.7,24.0,0.0
2023-12-09 05:00:00,3.1,49.3,55.4,28.3,35.7,23.2,0.0
2023-12-09 06:00:00,4.1,48.5,85.7,38.8,46.1,38.9,215.0
2023-12-09 07:00:00,3.9,48.7,86.6,43.6,50.2,43.4,211.0
2023-12-09 08:00:00,3.8,48.8,85.5,42.9,48.7,43.1,184.0
2023-12-09 09:00:00,4.2,48.4,85.9,42.5,48.2,42.7,174.0
2023-12-09 10:00:00,4.4,48.2,83.5,42.2,47.8,42.3,168.0
2023-12-09 11:00:00,5.2,47.6,83.1,42.0,47.5,42.2,168.0
2023-12-09 12:00:00,6.0,46.9,78.7,41.5,46.6,41.8,162.0
2023-12-09 13:00:00,6.5,46.4,76.5,41.1,46.1,41.3,151.0
2023-12-09 14:00:00,6.7,46.3,73.9,40.9,45.6,41.1,151.0
2023-12-09 15:00:00,6.6,46.4,80.9,41.3,47.1,41.5,158.0
2023-12-09 16:00:00,6.2,46.8,76.1,41.8,46.7,41.9,160.0
2023-12-09 17:00:00,6.0,47.0,80.2,41.1,46.9,41.2,156.0
2023-12-09 18:00:00,6.3,46.7,71.3,42.1,46.3,42.3,165.0
2023-12-09 19:00:00,6.3,46.7,81.3,41.4,47.3,41.4,149.0
2023-12-09 20:00:00,6.2,46.8,82.4,41.2,47.4,41.3,155.0
2023-12-09 21:00:00,6.3,46.7,69.4,41.5,45.5,41.8,155.0
2023-12-09 22:00:00,5.6,47.3,80.2,41.8,41.4,41.8,145.0
2023-12-09 23:00:00,5.7,47.2,70.2,39.9,34.9,34.2,0.0
2023-12-10 00:00:00,5.7,47.2,65.9,37.2,30.8,29.1,0.0
2023-12-10 01:00:00,5.8,47.1,61.7,34.5,27.4,26.3,0.0
2023-12-10 02:00:00,5.5,47.4,57.8,32.6,26.1,25.3,0.0
2023-12-10 03:00:00,5.6,47.3,54.2,31.0,25.3,24.7,0.0
2023-12-10 04:00:00,5.3,47.5,50.9,29.7,24.8,24.1,0.0
2023-12-10 05:00:00,5.0,47.8,48.0,28.6,24.3,23.6,0.0
2023-12-10 06:00:00,5.3,47.5,83.4,28.8,50.8,28.9,70.0
2023-12-10 07:00:00,5.5,47.4,85.2,41.9,48.7,41.7,234.0
2023-12-10 08:00:00,4.5,48.2,85.6,42.4,49.1,42.1,179.0
2023-12-10 09:00:00,5.4,47.4,81.5,42.1,47.0,42.3,175.0
2023-12-10 10:00:00,6.3,46.7,80.6,40.9,46.3,41.2,153.0
2023-12-10 11:00:00,6.9,46.2,78.2,40.7,45.9,41.1,151.0
2023-12-10 12:00:00,7.6,45.6,76.6,40.4,45.3,40.6,147.0
2023-12-10 13:00:00,7.9,45.3,75.7,40.2,45.3,40.3,142.0
2023-12-10 14:00:00,8.1,45.1,58.9,40.3,43.0,40.7,143.0
2023-12-10 15:00:00,8.3,45.0,77.5,40.5,45.9,40.9,148.0
2023-12-10 16:00:00,8.3,44.9,75.7,40.4,45.3,40.8,145.0
2023-12-10 17:00:00,8.4,44.9,79.0,40.4,45.4,40.8,144.0
2023-12-10 18:00:00,8.0,45.2,80.4,40.2,45.5,40.6,142.0
2023-12-10 19:00:00,7.6,45.6,80.7,40.5,45.6,40.9,145.0
2023-12-10 20:00:00,7.4,45.6,80.7,40.6,45.8,41.0,149.0
2023-12-10 21:00:00,7.7,45.5,83.1,40.8,46.3,41.3,148.0
2023-12-10 22:00:00,7.1,46.0,79.5,40.3,36.1,36.3,79.0
2023-12-10 23:00:00,6.9,46.2,73.0,38.1,33.9,32.4,0.0
2023-12-11 00:00:00,6.8,46.3,67.2,35.9,28.6,27.4,0.0
2023-12-11 01:00:00,6.9,46.1,62.1,34.0,26.6,25.8,0.0
2023-12-11 02:00:00,7.1,46.0,57.6,32.3,26.0,25.0,0.0
2023-12-11 03:00:00,7.1,46.0,58.3,30.7,30.5,24.3,0.0
2023-12-11 04:00:00,6.4,46.5,58.6,22.9,36.7,23.3,0.0
2023-12-11 05:00:00,6.7,46.3,60.5,22.7,38.6,24.7,0.0
2023-12-11 06:00:00,6.7,46.3,63.5,33.7,38.4,33.6,116.0
2023-12-11 07:00:00,6.5,46.4,79.1,40.1,46.5,40.2,180.0
2023-12-11 08:00:00,6.4,44.7,82.8,41.8,46.1,42.2,178.0
2023-12-11 09:00:00,6.1,44.9,82.3,38.8,44.1,39.4,122.0
2023-12-11 10:00:00,7.0,44.3,80.5,39.3,44.2,39.8,141.0
2023-12-11 11:00:00,6.9,44.4,79.0,39.2,44.1,39.8,137.0
2023-12-11 12:00:00,7.8,43.8,78.8,39.2,44.1,39.9,135.0
2023-12-11 13:00:00,8.6,43.3,76.9,38.8,38.8,39.2,118.0
2023-12-11 14:00:00,9.2,43.0,71.4,37.2,34.0,33.7,0.0
2023-12-11 15:00:00,9.4,42.8,63.4,34.1,34.3,28.2,0.0
2023-12-11 16:00:00,8.9,46.3,72.2,31.8,35.1,29.0,43.0
2023-12-11 17:00:00,8.1,46.9,79.3,37.7,43.9,37.9,162.0
2023-12-11 18:00:00,7.4,47.7,80.4,41.9,47.8,42.0,181.0
2023-12-11 19:00:00,6.8,48.3,82.3,42.9,48.8,43.0,176.0
2023-12-11 20:00:00,5.6,49.4,69.2,42.7,46.7,42.7,167.0
2023-12-11 21:00:00,6.8,48.2,81.7,42.9,48.6,42.9,169.0
2023-12-11 22:00:00,7.4,47.7,78.3,41.9,42.0,42.1,146.0
2023-12-11 23:00:00,7.0,48.1,63.5,39.7,36.0,34.4,0.0
2023-12-12 00:00:00,7.7,47.4,60.5,36.1,30.9,29.4,0.0
2023-12-12 01:00:00,7.2,47.9,56.8,33.9,27.1,26.3,0.0
2023-12-12 02:00:00,7.4,47.7,53.2,32.1,26.3,25.5,0.0
2023-12-12 03:00:00,7.4,47.7,50.2,30.7,25.6,25.1,0.0
2023-12-12 04:00:00,7.5,47.6,47.5,29.5,25.1,24.7,0.0
2023-12-12 05:00:00,7.4,48.2,55.0,33.5,28.9,25.3,0.0
2023-12-12 06:00:00,7.7,48.0,71.0,33.8,39.8,26.5,41.0
2023-12-12 07:00:00,7.5,48.1,83.4,38.9,46.0,38.7,186.0
2023-12-12 08:00:00,7.7,48.0,82.9,43.9,49.5,43.8,207.0
2023-12-12 09:00:00,8.0,47.8,78.9,42.0,46.9,42.3,158.0
2023-12-12 10:00:00,8.6,47.4,77.8,41.8,47.2,41.9,158.0
2023-12-12 11:00:00,9.1,46.3,77.2,41.8,47.1,41.9,157.0
2023-12-12 12:00:00,10.2,44.8,73.0,40.9,45.3,41.1,142.0
2023-12-12 13:00:00,11.0,44.0,74.3,40.1,44.6,40.5,132.0
2023-12-12 14:00:00,11.0,44.0,73.4,39.3,43.8,39.8,124.0
2023-12-12 15:00:00,11.5,43.5,72.3,39.2,43.5,39.6,125.0
2023-12-12 16:00:00,10.7,44.3,74.0,39.2,43.9,39.7,127.0
2023-12-12 17:00:00,9.2,45.8,77.1,40.2,45.6,40.6,139.0
2023-12-12 18:00:00,9.5,45.5,78.5,41.4,46.3,41.7,154.0
2023-12-12 19:00:00,9.6,45.4,78.1,40.7,45.6,41.0,139.0
2023-12-12 20:00:00,8.7,46.3,69.5,40.7,45.1,41.1,139.0
2023-12-12 21:00:00,9.4,45.6,77.3,40.9,46.3,41.1,140.0
2023-12-12 22:00:00,9.1,45.9,69.3,40.2,40.4,40.6,125.0
2023-12-12 23:00:00,8.0,47.0,65.3,38.3,35.0,34.3,0.0
2023-12-13 00:00:00,9.2,45.8,60.9,36.3,30.4,29.1,0.0
2023-12-13 01:00:00,9.2,45.7,57.0,34.4,27.5,26.7,0.0
2023-12-13 02:00:00,9.4,45.6,53.6,32.8,26.6,25.9,0.0
2023-12-13 03:00:00,9.2,45.8,50.6,31.5,25.9,25.1,0.0
2023-12-13 04:00:00,9.2,45.8,47.8,30.3,25.2,24.7,0.0
2023-12-13 05:00:00,9.4,45.5,31.4,33.4,30.8,24.0,0.0
2023-12-13 06:00:00,9.7,45.3,76.8,26.8,34.6,26.9,38.0
2023-12-13 07:00:00,9.7,45.3,77.2,40.3,46.1,40.2,202.0
2023-12-13 08:00:00,9.7,45.3,77.1,40.9,45.5,41.3,160.0
2023-12-13 09:00:00,10.3,44.7,75.3,39.6,44.2,40.0,129.0
2023-12-13 10:00:00,11.0,44.0,73.1,39.2,43.7,39.8,129.0
2023-12-13 11:00:00,11.5,43.5,72.2,39.0,43.5,39.5,125.0
2023-12-13 12:00:00,11.7,43.2,71.4,38.7,43.2,39.2,121.0
2023-12-13 13:00:00,12.2,42.8,52.2,37.9,34.3,34.6,42.0
2023-12-13 14:00:00,12.5,42.4,70.7,35.1,40.7,35.1,80.0
2023-12-13 15:00:00,12.9,42.1,72.0,35.8,41.7,36.0,93.0
2023-12-13 16:00:00,13.0,42.0,71.8,39.2,42.7,39.7,143.0
2023-12-13 17:00:00,13.5,44.6,71.1,37.4,42.1,37.9,101.0
2023-12-13 18:00:00,13.2,44.9,72.4,39.0,43.7,39.4,130.0
2023-12-13 19:00:00,12.9,45.3,72.3,39.5,44.0,40.0,128.0
2023-12-13 20:00:00,12.2,46.2,64.7,39.4,39.8,39.9,120.0
2023-12-13 21:00:00,12.3,46.2,60.3,39.6,43.1,39.9,121.0
2023-12-13 22:00:00,11.8,46.5,72.0,40.2,40.2,40.3,121.0
2023-12-13 23:00:00,12.6,45.7,67.5,38.4,34.7,34.3,0.0
2023-12-14 00:00:00,12.4,45.9,62.5,36.4,30.0,28.8,0.0
2023-12-14 01:00:00,11.8,46.6,59.4,34.8,30.8,27.6,0.0
2023-12-14 02:00:00,11.5,47.0,55.5,33.1,27.3,26.4,0.0
2023-12-14 03:00:00,11.3,47.3,52.2,31.8,26.1,25.4,0.0
2023-12-14 04:00:00,11.2,47.4,49.2,30.7,25.5,25.1,0.0
2023-12-14 05:00:00,10.9,47.7,46.5,29.6,25.3,24.9,0.0
2023-12-14 06:00:00,10.5,45.6,63.5,33.8,39.2,34.5,117.0
2023-12-14 07:00:00,9.8,47.0,74.6,40.3,45.9,40.3,167.0
2023-12-14 08:00:00,9.5,45.0,75.3,42.2,47.5,42.2,165.0
2023-12-14 09:00:00,9.2,44.1,75.0,39.9,44.1,40.5,131.0
2023-12-14 10:00:00,8.9,44.2,77.5,39.2,43.9,39.8,123.0
2023-12-14 11:00:00,9.8,43.8,78.1,39.2,43.9,39.8,127.0
2023-12-14 12:00:00,9.8,43.9,78.0,39.3,44.0,39.9,127.0
2023-12-14 13:00:00,9.3,45.1,77.8,39.3,43.9,39.9,126.0
2023-12-14 14:00:00,9.8,44.8,78.1,39.8,44.5,40.3,134.0
2023-12-14 15:00:00,9.4,46.5,78.2,40.6,45.9,40.9,138.0
2023-12-14 16:00:00,9.2,46.7,78.4,41.7,47.0,42.0,153.0
2023-12-14 17:00:00,8.5,47.2,78.7,42.1,47.2,42.4,150.0
2023-12-14 18:00:00,9.4,46.5,79.2,42.1,47.1,42.4,151.0
2023-12-14 19:00:00,9.4,46.6,79.0,42.0,47.0,42.4,76.0
2023-12-14 20:00:00,9.4,46.6,79.0,42.0,47.0,42.4,0.0
2023-12-14 21:00:00,9.4,46.6,79.0,42.0,47.0,42.4,0.0
2023-12-14 22:00:00,9.4,46.6,79.0,42.0,47.0,42.4,0.0
2023-12-14 23:00:00,9.4,46.6,79.0,42.0,47.0,42.4,0.0
2023-12-15 00:00:00,9.4,46.6,79.0,42.0,47.0,42.4,0.0
2023-12-15 01:00:00,9.4,46.6,79.0,42.0,47.0,42.4,0.0
2023-12-15 02:00:00,8.3,47.4,30.9,31.5,25.3,24.9,0.0
2023-12-15 03:00:00,8.4,47.3,30.4,30.2,24.8,24.5,0.0
2023-12-15 04:00:00,8.6,47.2,29.9,29.1,24.6,24.2,0.0
2023-12-15 05:00:00,6.9,48.5,29.4,28.2,24.2,24.0,0.0
2023-12-15 06:00:00,6.6,49.4,59.1,35.0,35.4,31.1,85.0
2023-12-15 07:00:00,6.2,49.8,76.4,37.7,43.4,37.9,151.0
2023-12-15 08:00:00,5.9,50.1,85.4,43.6,50.0,43.4,205.0
2023-12-15 09:00:00,6.1,50.0,84.6,45.1,51.1,44.8,200.0
2023-12-15 10:00:00,6.5,49.4,83.9,44.0,49.4,44.0,180.0
2023-12-15 11:00:00,6.8,49.2,82.2,40.7,43.9,41.1,133.0
2023-12-15 12:00:00,6.1,49.9,83.8,41.2,46.9,41.5,155.0
2023-12-15 13:00:00,6.6,44.4,82.8,41.6,47.0,42.0,158.0
2023-12-15 14:00:00,6.6,44.4,78.3,39.3,43.4,39.8,123.0
2023-12-15 15:00:00,6.3,44.5,78.8,39.4,44.2,39.9,131.0
2023-12-15 16:00:00,6.2,44.6,79.4,39.6,44.5,40.2,133.0
2023-12-15 17:00:00,6.8,44.4,77.7,39.4,44.0,39.9,128.0
2023-12-15 18:00:00,6.4,44.5,78.1,39.3,44.0,40.0,128.0
2023-12-15 19:00:00,7.1,44.3,79.4,39.5,44.3,40.0,130.0
2023-12-15 20:00:00,7.0,44.3,72.0,39.0,43.4,39.5,122.0
2023-12-15 21:00:00,6.3,44.5,73.3,40.1,44.6,40.6,136.0
2023-12-15 22:00:00,7.1,44.3,73.4,39.5,39.7,40.0,115.0
2023-12-15 23:00:00,6.9,44.4,61.3,37.6,35.6,34.1,0.0
2023-12-16 00:00:00,6.6,44.4,57.3,34.8,29.7,28.4,0.0
2023-12-16 01:00:00,6.5,44.5,56.8,32.5,28.2,26.7,0.0
2023-12-16 02:00:00,6.3,44.5,53.4,30.8,26.6,25.7,0.0
2023-12-16 03:00:00,6.9,44.3,50.4,29.6,26.0,25.2,0.0
2023-12-16 04:00:00,6.6,44.4,47.6,28.5,25.4,24.6,0.0
2023-12-16 05:00:00,6.6,44.4,45.1,27.6,24.6,24.1,0.0
2023-12-16 06:00:00,6.6,47.1,83.2,34.0,41.6,34.3,126.0
2023-12-16 07:00:00,5.7,47.5,69.0,41.9,46.5,42.1,201.0
2023-12-16 08:00:00,5.7,47.5,83.9,43.4,49.2,43.4,183.0
2023-12-16 09:00:00,4.0,48.6,83.8,41.8,47.3,42.1,159.0
2023-12-16 10:00:00,2.4,49.9,85.2,42.0,47.9,42.2,167.0
2023-12-16 11:00:00,2.4,49.9,83.4,42.5,48.2,42.7,170.0
2023-12-16 12:00:00,3.0,49.4,83.7,42.6,48.3,42.8,169.0
2023-12-16 13:00:00,3.7,48.7,81.0,42.7,47.9,42.8,166.0
2023-12-16 14:00:00,1.7,50.5,83.2,42.0,47.6,42.2,154.0
2023-12-16 15:00:00,1.9,49.1,81.3,41.7,47.3,41.9,157.0
2023-12-16 16:00:00,3.1,48.5,80.7,41.7,47.0,41.9,156.0
2023-12-16 17:00:00,3.0,48.6,83.5,43.2,48.7,43.4,178.0
2023-12-16 18:00:00,2.9,48.7,85.0,42.9,48.7,43.2,165.0
2023-12-16 19:00:00,2.1,49.0,83.4,43.1,48.6,43.3,165.0
2023-12-16 20:00:00,3.9,48.2,80.5,43.0,48.2,43.3,170.0
2023-12-16 21:00:00,3.4,48.4,85.1,42.8,48.7,43.0,165.0
2023-12-16 22:00:00,4.3,48.0,77.4,42.5,40.7,40.8,128.0
2023-12-16 23:00:00,4.1,48.1,70.1,40.1,34.4,34.5,0.0
2023-12-17 00:00:00,3.1,48.5,64.6,37.5,30.5,29.6,0.0
2023-12-17 01:00:00,2.2,48.9,59.5,35.3,27.1,26.5,0.0
2023-12-17 02:00:00,2.5,48.8,55.5,33.4,26.0,25.6,0.0
2023-12-17 03:00:00,2.3,48.9,51.9,31.7,25.4,24.9,0.0
2023-12-17 04:00:00,3.1,48.5,48.6,30.4,24.9,24.2,0.0
2023-12-17 05:00:00,3.7,48.3,46.0,29.3,24.4,23.6,0.0
2023-12-17 06:00:00,4.2,48.1,61.1,24.6,30.4,25.0,0.0
2023-12-17 07:00:00,4.5,48.0,86.0,40.1,47.0,40.2,216.0
2023-12-17 08:00:00,4.4,48.0,82.9,43.3,49.3,43.2,199.0
2023-12-17 09:00:00,4.5,48.0,82.7,42.5,47.9,42.7,171.0
2023-12-17 10:00:00,4.8,47.8,80.5,42.0,47.5,42.2,163.0
2023-12-17 11:00:00,5.0,47.8,75.4,42.3,47.2,42.4,166.0
2023-12-17 12:00:00,5.7,47.5,80.3,42.6,48.0,42.6,168.0
2023-12-17 13:00:00,5.8,47.4,80.3,41.8,47.4,41.9,158.0
2023-12-17 14:00:00,5.3,47.6,81.7,42.6,48.2,42.4,167.0
2023-12-17 15:00:00,5.9,47.4,79.4,42.4,47.8,42.5,160.0
2023-12-17 16:00:00,5.4,47.6,82.3,42.4,48.1,42.5,163.0
2023-12-17 17:00:00,3.3,48.4,84.4,43.1,48.8,43.1,171.0
2023-12-17 18:00:00,2.5,48.8,77.2,42.9,48.0,42.9,163.0
2023-12-17 19:00:00,2.3,48.9,87.5,43.9,49.5,44.2,184.0
2023-12-17 20:00:00,1.7,48.3,87.0,42.3,47.7,42.7,157.0
2023-12-17 21:00:00,1.2,48.4,87.2,42.2,47.7,42.5,162.0
2023-12-17 22:00:00,1.1,48.4,87.0,42.3,43.0,42.6,163.0
2023-12-17 23:00:00,0.8,48.5,79.7,39.9,34.2,34.4,0.0
2023-12-18 00:00:00,0.7,48.5,72.7,37.4,31.2,30.2,0.0
2023-12-18 01:00:00,0.1,48.7,66.4,35.1,27.1,26.2,0.0
2023-12-18 02:00:00,0.2,48.7,67.6,31.3,36.7,24.8,0.0
2023-12-18 03:00:00,0.2,48.7,66.6,23.0,41.6,24.8,0.0
2023-12-18 04:00:00,1.2,48.4,70.0,24.7,42.9,26.7,0.0
2023-12-18 05:00:00,0.8,48.5,69.1,25.8,24.6,24.7,0.0
2023-12-18 06:00:00,0.0,51.7,71.6,43.3,35.7,26.3,40.0
2023-12-18 07:00:00,0.3,51.5,77.6,37.2,43.1,37.4,174.0
2023-12-18 08:00:00,0.3,51.5,84.1,42.3,49.0,41.9,198.0
2023-12-18 09:00:00,1.3,50.8,90.7,46.0,52.6,45.7,232.0
2023-12-18 10:00:00,2.4,50.1,87.0,43.7,49.4,43.9,183.0
2023-12-18 11:00:00,3.4,49.5,85.3,43.1,49.0,43.2,179.0
2023-12-18 12:00:00,3.9,49.1,83.8,43.1,48.7,43.2,177.0
2023-12-18 13:00:00,4.8,48.6,82.7,42.9,48.6,43.1,173.0
2023-12-18 14:00:00,5.2,48.3,81.2,42.6,48.0,42.7,166.0
2023-12-18 15:00:00,5.7,46.2,79.8,40.8,45.7,41.2,143.0
2023-12-18 16:00:00,4.9,46.5,80.8,40.6,45.9,41.0,148.0
2023-12-18 17:00:00,3.3,47.9,83.2,41.5,47.0,41.8,162.0
2023-12-18 18:00:00,4.3,47.1,84.4,42.3,47.6,42.5,169.0
2023-12-18 19:00:00,3.9,47.4,85.5,42.0,47.6,42.3,162.0
2023-12-18 20:00:00,2.1,50.0,86.6,42.5,48.7,42.7,167.0
2023-12-18 21:00:00,1.6,50.3,84.3,42.5,48.4,42.6,167.0
2023-12-18 22:00:00,1.5,50.4,76.5,42.7,42.8,42.9,164.0
2023-12-18 23:00:00,3.2,49.2,71.7,40.3,34.2,34.3,0.0
2023-12-19 00:00:00,1.0,50.8,66.1,37.6,30.2,29.3,0.0
2023-12-19 01:00:00,1.3,50.5,61.0,35.2,26.8,26.0,0.0
2023-12-19 02:00:00,0.8,50.9,57.3,33.4,26.9,24.8,0.0
2023-12-19 03:00:00,1.3,50.5,61.4,26.9,34.9,23.6,0.0
2023-12-19 04:00:00,0.1,51.4,61.0,21.8,38.2,23.4,0.0
2023-12-19 05:00:00,1.8,50.2,22.7,24.9,24.0,24.3,0.0
2023-12-19 06:00:00,0.0,50.5,68.7,44.2,38.8,23.5,0.0
2023-12-19 07:00:00,0.0,50.5,88.4,39.0,46.5,38.9,229.0
2023-12-19 08:00:00,1.4,48.8,89.1,44.4,50.5,44.4,228.0
2023-12-19 09:00:00,1.9,48.5,86.9,42.0,47.6,42.4,168.0
2023-12-19 10:00:00,3.1,48.0,85.4,42.0,47.8,42.4,172.0
2023-12-19 11:00:00,4.1,47.4,83.7,41.9,47.4,42.2,169.0
2023-12-19 12:00:00,4.9,47.0,80.6,41.7,47.0,41.9,162.0
2023-12-19 13:00:00,5.8,46.3,78.8,41.2,46.1,41.5,153.0
2023-12-19 14:00:00,6.3,45.9,78.3,40.9,45.9,41.2,150.0
2023-12-19 15:00:00,6.4,45.8,78.3,40.7,45.7,41.0,145.0
2023-12-19 16:00:00,6.2,46.1,78.4,40.7,45.8,41.0,146.0
2023-12-19 17:00:00,3.8,47.6,82.9,41.6,47.2,41.8,159.0
2023-12-19 18:00:00,3.1,47.9,84.2,42.4,48.2,42.5,168.0
2023-12-19 19:00:00,2.9,48.0,73.7,42.0,46.7,42.2,159.0
2023-12-19 20:00:00,3.6,47.7,85.1,43.1,48.8,43.2,179.0
2023-12-19 21:00:00,2.2,48.4,86.1,42.8,48.5,43.0,165.0
2023-12-19 22:00:00,1.1,48.9,83.7,41.8,39.2,39.1,114.0
2023-12-19 23:00:00,0.8,49.0,78.4,36.0,40.5,32.9,0.0
2023-12-20 00:00:00,1.5,48.7,75.9,29.4,38.6,27.5,0.0
2023-12-20 01:00:00,0.5,49.2,71.9,26.2,32.7,26.6,0.0
2023-12-20 02:00:00,0.0,49.5,66.6,25.8,27.5,26.1,0.0
2023-12-20 03:00:00,0.0,49.5,61.5,25.7,26.8,25.3,0.0
2023-12-20 04:00:00,0.3,49.3,57.0,25.4,25.7,24.4,0.0
2023-12-20 05:00:00,0.1,49.4,53.7,24.9,27.4,23.5,0.0
2023-12-20 06:00:00,0.5,48.3,60.0,31.6,36.5,32.3,112.0
2023-12-20 07:00:00,1.3,48.0,72.3,36.9,42.4,37.0,141.0
2023-12-20 08:00:00,1.6,48.0,87.3,42.8,49.7,42.6,204.0
2023-12-20 09:00:00,2.5,47.7,86.5,42.1,47.6,42.4,179.0
2023-12-20 10:00:00,3.9,47.3,83.7,41.2,46.8,41.5,158.0
2023-12-20 11:00:00,4.3,47.2,82.8,41.3,46.7,41.7,162.0
2023-12-20 12:00:00,4.9,47.0,80.9,41.0,46.1,41.3,157.0
2023-12-20 13:00:00,5.4,46.6,80.3,41.3,46.6,41.5,159.0
2023-12-20 14:00:00,6.0,46.1,79.1,41.1,46.3,41.4,154.0
2023-12-20 15:00:00,6.6,45.7,77.9,41.1,46.2,41.4,152.0
2023-12-20 16:00:00,6.6,45.7,78.3,41.1,46.2,41.3,150.0
2023-12-20 17:00:00,5.6,46.5,80.8,41.4,46.6,41.7,156.0
2023-12-20 18:00:00,4.6,47.1,84.0,42.2,47.6,42.4,165.0
2023-12-20 19:00:00,3.8,47.3,84.1,42.2,47.8,42.5,162.0
2023-12-20 20:00:00,4.7,47.0,88.2,42.2,48.2,42.6,163.0
2023-12-20 21:00:00,4.9,47.0,81.9,41.4,47.2,41.6,145.0
2023-12-20 22:00:00,5.7,46.4,75.2,41.4,41.9,41.8,150.0
2023-12-20 23:00:00,5.5,46.6,53.0,39.5,34.4,34.3,0.0
2023-12-21 00:00:00,5.2,46.8,54.7,36.9,31.0,29.5,0.0
2023-12-21 01:00:00,5.4,46.6,52.3,34.6,26.9,25.9,0.0
2023-12-21 02:00:00,5.5,46.6,49.8,32.6,25.6,25.1,0.0
2023-12-21 03:00:00,5.9,46.3,47.3,31.1,25.2,24.6,0.0
2023-12-21 04:00:00,5.9,46.3,45.6,29.6,25.0,24.2,0.0
2023-12-21 05:00:00,5.6,46.5,52.9,31.5,35.5,23.8,0.0
2023-12-21 06:00:00,5.3,49.1,68.9,26.8,33.3,27.1,49.0
2023-12-21 07:00:00,5.1,49.3,80.0,37.9,44.7,38.1,180.0
2023-12-21 08:00:00,5.2,48.8,87.3,44.6,51.3,44.0,221.0
2023-12-21 09:00:00,5.5,48.5,86.4,42.4,47.9,42.7,167.0
2023-12-21 10:00:00,6.3,47.7,85.1,42.0,47.5,42.3,164.0
2023-12-21 11:00:00,6.5,47.6,80.1,41.6,46.8,41.9,157.0
2023-12-21 12:00:00,6.9,47.1,78.0,41.6,46.8,41.8,157.0
2023-12-21 13:00:00,6.9,47.1,78.8,41.7,46.8,41.8,157.0
2023-12-21 14:00:00,7.4,46.6,78.7,41.8,47.0,41.9,156.0
2023-12-21 15:00:00,7.7,46.3,78.6,41.8,47.1,42.1,155.0
2023-12-21 16:00:00,6.9,47.1,79.3,41.7,47.0,41.9,153.0
2023-12-21 17:00:00,4.9,49.0,83.2,42.4,48.1,42.5,162.0
2023-12-21 18:00:00,5.4,47.6,83.7,42.8,48.0,43.0,168.0
2023-12-21 19:00:00,5.8,47.2,84.1,42.0,47.3,42.3,151.0
2023-12-21 20:00:00,3.4,49.7,84.9,43.0,48.9,43.0,169.0
2023-12-21 21:00:00,4.0,49.3,82.5,43.0,48.5,43.1,166.0
2023-12-21 22:00:00,5.0,48.6,81.8,43.4,43.9,43.4,169.0
2023-12-21 23:00:00,4.0,49.3,75.7,41.0,34.7,34.8,0.0
2023-12-22 00:00:00,4.7,48.8,69.2,38.4,31.6,30.5,0.0
2023-12-22 01:00:00,4.0,49.3,63.8,36.0,27.3,26.4,0.0
2023-12-22 02:00:00,4.8,48.8,59.1,34.1,26.0,25.5,0.0
2023-12-22 03:00:00,4.9,48.7,55.0,32.4,25.6,25.0,0.0
2023-12-22 04:00:00,4.8,48.8,51.4,31.0,24.9,24.3,0.0
2023-12-22 05:00:00,5.0,48.7,32.8,32.9,34.8,23.5,0.0
2023-12-22 06:00:00,5.5,48.2,70.8,25.8,31.3,24.1,0.0
2023-12-22 07:00:00,5.7,48.0,83.7,39.7,46.8,39.5,218.0
2023-12-22 08:00:00,6.1,47.6,82.5,43.3,48.6,43.5,204.0
2023-12-22 09:00:00,5.9,47.7,80.9,41.4,46.7,41.7,152.0
2023-12-22 10:00:00,6.8,46.9,80.7,41.9,47.4,42.0,164.0
2023-12-22 11:00:00,7.1,45.3,79.0,41.4,46.0,41.8,157.0
2023-12-22 12:00:00,7.4,45.1,78.9,39.7,44.4,40.2,132.0
2023-12-22 13:00:00,7.3,45.2,78.8,40.0,45.1,40.4,143.0
2023-12-22 14:00:00,7.9,44.7,78.6,40.0,45.2,40.5,142.0
2023-12-22 15:00:00,7.8,44.8,78.8,40.3,45.3,40.6,143.0
2023-12-22 16:00:00,6.6,45.6,78.1,40.4,45.4,40.8,144.0
2023-12-22 17:00:00,7.3,45.1,80.3,40.6,45.7,41.0,145.0
2023-12-22 18:00:00,7.5,44.9,80.7,40.4,45.3,40.9,141.0
2023-12-22 19:00:00,7.7,44.9,74.3,40.1,39.5,39.8,118.0
2023-12-22 20:00:00,7.1,45.3,87.9,35.9,43.7,35.7,68.0
2023-12-22 21:00:00,7.0,46.8,83.0,42.7,49.1,42.3,186.0
2023-12-22 22:00:00,6.7,47.0,55.4,40.8,38.9,39.2,112.0
2023-12-22 23:00:00,6.8,47.0,52.8,38.6,34.0,33.6,0.0
2023-12-23 00:00:00,6.5,47.1,49.9,36.4,29.6,28.2,0.0
2023-12-23 01:00:00,6.3,47.2,47.6,34.1,27.3,26.1,0.0
2023-12-23 02:00:00,6.1,47.4,45.6,31.7,26.4,25.2,0.0
2023-12-23 03:00:00,6.5,47.1,43.8,29.6,25.7,24.6,0.0
2023-12-23 04:00:00,6.3,47.2,42.2,28.1,25.0,24.0,0.0
2023-12-23 05:00:00,6.3,47.2,40.7,26.8,24.7,23.4,0.0
2023-12-23 06:00:00,6.4,47.2,81.9,35.6,42.9,35.4,153.0
2023-12-23 07:00:00,6.3,47.2,78.1,43.1,48.5,42.7,210.0
2023-12-23 08:00:00,7.1,46.8,77.1,41.5,46.4,41.8,158.0
2023-12-23 09:00:00,6.0,47.4,73.6,40.6,45.3,40.9,146.0
2023-12-23 10:00:00,5.6,47.6,78.2,41.1,46.3,41.3,155.0
2023-12-23 11:00:00,6.6,47.1,80.7,41.7,47.2,41.8,162.0
2023-12-23 12:00:00,5.9,47.5,77.7,41.7,47.0,41.9,158.0
2023-12-23 13:00:00,5.5,47.6,79.5,42.1,47.4,42.1,163.0
2023-12-23 14:00:00,4.2,48.5,76.6,42.1,46.8,42.3,161.0
2023-12-23 15:00:00,6.2,47.3,84.7,43.9,49.8,43.8,179.0
2023-12-23 16:00:00,6.7,47.0,83.6,41.2,46.6,41.5,141.0
2023-12-23 17:00:00,6.9,46.9,76.1,41.1,46.1,41.4,147.0
2023-12-23 18:00:00,6.0,47.4,79.7,42.0,47.1,42.3,163.0
2023-12-23 19:00:00,5.2,47.8,82.7,42.1,47.5,42.4,158.0
2023-12-23 20:00:00,5.4,47.7,85.2,42.2,47.7,42.4,159.0
2023-12-23 21:00:00,5.9,47.5,82.5,42.2,47.6,42.5,158.0
2023-12-23 22:00:00,6.0,47.4,79.9,41.9,43.1,42.3,152.0
2023-12-23 23:00:00,5.5,47.6,72.1,39.9,34.3,34.4,0.0
2023-12-24 00:00:00,5.3,47.8,66.7,37.6,30.7,29.8,0.0
2023-12-24 01:00:00,5.6,47.6,61.6,35.6,27.4,26.9,0.0
2023-12-24 02:00:00,6.0,47.4,57.0,33.8,26.3,25.8,0.0
2023-12-24 03:00:00,5.6,47.7,53.1,32.3,25.5,25.2,0.0
2023-12-24 04:00:00,6.5,47.2,49.7,31.0,24.8,24.4,0.0
2023-12-24 05:00:00,6.0,47.4,46.8,29.8,24.5,24.1,0.0
2023-12-24 06:00:00,5.4,47.7,63.6,26.2,31.5,26.1,33.0
2023-12-24 07:00:00,5.2,47.8,87.0,41.5,48.6,41.1,233.0
2023-12-24 08:00:00,6.2,47.3,83.6,42.0,47.0,42.3,177.0
2023-12-24 09:00:00,6.5,47.1,83.3,40.9,46.3,41.3,155.0
2023-12-24 10:00:00,7.4,46.6,81.2,40.8,46.2,41.2,150.0
2023-12-24 11:00:00,8.3,45.5,77.5,41.1,46.0,41.5,153.0
2023-12-24 12:00:00,9.1,45.1,70.2,40.3,40.5,40.6,133.0
2023-12-24 13:00:00,9.8,44.8,66.0,38.5,34.1,34.3,0.0
2023-12-24 14:00:00,10.5,44.5,72.9,37.0,42.7,37.2,124.0
2023-12-24 15:00:00,10.6,44.5,64.7,39.8,43.7,40.1,146.0
2023-12-24 16:00:00,10.3,44.6,73.1,39.9,45.0,40.1,133.0
2023-12-24 17:00:00,9.6,44.9,81.5,41.2,47.2,41.1,152.0
2023-12-24 18:00:00,9.4,45.0,81.5,40.0,44.4,40.6,131.0
2023-12-24 19:00:00,8.9,45.2,83.1,39.8,45.0,40.5,131.0
2023-12-24 20:00:00,7.3,45.9,83.3,40.4,45.5,41.0,140.0
2023-12-24 21:00:00,6.0,46.5,84.7,41.2,46.3,41.6,147.0
2023-12-24 22:00:00,6.6,46.2,85.5,41.4,44.3,41.8,145.0
2023-12-24 23:00:00,6.8,46.2,77.4,39.5,34.3,34.6,0.0
2023-12-25 00:00:00,6.8,46.2,71.1,37.1,30.5,29.4,0.0
2023-12-25 01:00:00,6.2,46.4,65.7,35.4,28.3,27.0,0.0
2023-12-25 02:00:00,5.3,46.8,65.5,31.9,31.8,25.7,0.0
2023-12-25 03:00:00,5.7,46.6,64.8,23.9,39.7,24.8,0.0
2023-12-25 04:00:00,5.4,46.8,67.3,24.5,41.7,26.7,0.0
2023-12-25 05:00:00,6.1,46.5,51.8,45.1,32.3,27.9,46.0
2023-12-25 06:00:00,5.8,47.5,66.5,39.0,43.2,39.4,184.0
2023-12-25 07:00:00,6.4,47.2,80.9,40.4,46.4,40.4,149.0
2023-12-25 08:00:00,6.5,47.1,86.0,42.8,47.3,43.3,188.0
2023-12-25 09:00:00,7.3,46.7,84.3,40.8,46.0,41.2,140.0
2023-12-25 10:00:00,8.5,46.0,81.9,40.8,45.8,41.2,149.0
2023-12-25 11:00:00,10.0,45.2,79.8,40.6,45.4,41.0,140.0
2023-12-25 12:00:00,11.1,44.6,66.8,39.8,36.2,36.5,79.0
2023-12-25 13:00:00,11.7,44.2,55.6,38.1,33.7,32.9,0.0
2023-12-25 14:00:00,12.6,43.7,52.6,36.2,28.5,27.9,0.0
2023-12-25 15:00:00,12.0,44.1,50.4,34.5,26.5,26.0,0.0
2023-12-25 16:00:00,12.3,43.9,62.6,30.6,35.2,31.3,61.0
2023-12-25 17:00:00,11.0,44.6,75.7,39.2,45.0,39.0,164.0
2023-12-25 18:00:00,9.8,45.3,75.3,41.3,45.6,41.8,162.0
2023-12-25 19:00:00,8.5,46.0,78.1,40.2,45.4,40.6,135.0
2023-12-25 20:00:00,9.5,45.5,73.5,40.3,45.1,40.6,136.0
2023-12-25 21:00:00,8.2,46.2,77.8,40.9,46.1,41.1,144.0
2023-12-25 22:00:00,7.6,45.8,71.0,40.9,40.9,41.1,136.0
2023-12-25 23:00:00,6.9,46.1,65.6,38.9,36.6,34.4,0.0
2023-12-26 00:00:00,6.3,46.4,60.7,36.4,32.3,30.0,0.0
2023-12-26 01:00:00,6.4,46.3,56.7,33.6,28.0,26.7,0.0
2023-12-26 02:00:00,6.3,46.4,53.2,31.7,26.5,25.9,0.0
2023-12-26 03:00:00,6.3,46.4,52.9,31.6,26.5,25.9,0.0
2023-12-26 04:00:00,5.6,46.7,49.6,30.0,26.1,25.4,0.0
2023-12-26 05:00:00,5.6,46.7,49.6,30.0,26.1,25.4,0.0
2023-12-26 06:00:00,4.9,47.0,58.0,24.3,29.9,24.4,0.0
2023-12-26 07:00:00,4.6,47.3,71.1,35.8,41.1,36.3,188.0
2023-12-26 08:00:00,5.0,47.0,88.3,42.1,49.3,41.8,190.0
2023-12-26 09:00:00,6.0,46.5,85.3,40.6,45.7,41.1,217.0
2023-12-26 10:00:00,7.2,46.0,82.9,40.4,45.4,40.9,123.0
2023-12-26 11:00:00,8.2,45.5,78.0,39.9,45.1,40.3,158.0
2023-12-26 12:00:00,8.6,45.4,77.2,40.4,45.5,40.7,52.0
2023-12-26 13:00:00,10.6,44.5,72.5,40.1,39.8,40.0,213.0
2023-12-26 14:00:00,11.5,44.1,61.7,38.6,34.2,33.9,0.0
2023-12-26 15:00:00,11.8,43.9,60.1,38.4,33.9,33.4,0.0
2023-12-26 16:00:00,11.6,44.0,55.5,35.0,28.3,26.8,0.0
2023-12-26 17:00:00,10.7,44.4,56.7,29.7,34.0,30.4,55.0
2023-12-26 18:00:00,10.3,44.6,74.9,39.6,45.1,39.8,176.0
2023-12-26 19:00:00,9.4,45.0,69.1,39.7,44.1,40.1,133.0
2023-12-26 20:00:00,8.6,45.3,78.4,39.3,45.4,39.5,124.0
2023-12-26 21:00:00,7.5,45.8,64.2,41.6,44.7,41.7,159.0
2023-12-26 22:00:00,7.8,45.8,77.3,41.4,39.8,40.0,114.0
2023-12-26 23:00:00,6.6,46.2,58.1,39.5,34.1,34.0,0.0
2023-12-27 00:00:00,5.5,46.7,53.1,37.2,29.9,29.0,0.0
2023-12-27 01:00:00,5.1,46.9,50.9,34.9,26.9,26.4,0.0
2023-12-27 02:00:00,4.9,47.0,48.3,33.0,26.0,25.6,0.0
2023-12-27 03:00:00,6.3,46.4,45.8,31.5,25.3,25.2,0.0
2023-12-27 04:00:00,6.0,46.5,43.6,30.1,24.9,24.7,0.0
2023-12-27 05:00:00,4.7,47.2,41.6,29.0,24.9,24.3,0.0
2023-12-27 06:00:00,3.8,47.9,84.1,34.4,41.7,34.8,138.0
2023-12-27 07:00:00,4.0,47.8,75.5,38.2,43.8,38.4,144.0
2023-12-27 08:00:00,5.0,48.0,87.5,44.0,50.8,43.6,201.0
2023-12-27 09:00:00,6.0,47.5,86.5,41.6,46.8,42.1,151.0
2023-12-27 10:00:00,6.7,47.0,84.8,41.4,46.8,41.8,151.0
2023-12-27 11:00:00,7.7,46.5,79.2,40.9,45.8,41.3,146.0
2023-12-27 12:00:00,8.6,46.0,78.2,40.7,45.6,41.1,142.0
2023-12-27 13:00:00,9.5,45.4,73.5,40.3,44.7,40.6,134.0
2023-12-27 14:00:00,10.2,43.3,73.6,40.1,44.5,40.5,130.0
2023-12-27 15:00:00,10.5,43.1,73.4,39.0,43.3,39.6,115.0
2023-12-27 16:00:00,10.3,43.2,74.0,38.6,43.0,39.2,120.0
2023-12-27 17:00:00,9.2,44.2,77.0,39.1,44.0,39.7,126.0
2023-12-27 18:00:00,7.5,45.8,79.0,40.3,45.2,40.6,139.0
2023-12-27 19:00:00,7.0,46.2,79.8,40.9,46.1,41.2,146.0
2023-12-27 20:00:00,6.9,46.3,75.5,41.2,45.7,41.5,147.0
2023-12-27 21:00:00,5.5,47.5,78.0,40.7,45.8,41.1,137.0
2023-12-27 22:00:00,5.1,47.9,75.1,42.2,46.4,42.4,162.0
2023-12-27 23:00:00,4.8,48.1,52.3,40.3,34.3,34.6,0.0
2023-12-28 00:00:00,4.0,48.7,47.1,38.1,30.8,30.1,0.0
2023-12-28 01:00:00,3.6,48.9,44.6,35.7,27.3,26.5,0.0
2023-12-28 02:00:00,3.0,49.4,42.9,33.6,25.9,25.5,0.0
2023-12-28 03:00:00,3.4,49.1,41.2,31.9,25.2,24.7,0.0
2023-12-28 04:00:00,2.7,49.6,39.6,30.4,24.4,24.1,0.0
2023-12-28 05:00:00,2.8,49.5,52.6,23.9,29.0,24.6,0.0
2023-12-28 06:00:00,3.1,49.4,73.2,38.7,44.0,38.9,198.0
2023-12-28 07:00:00,1.9,50.1,78.7,39.3,45.2,39.5,138.0
2023-12-28 08:00:00,3.6,48.9,86.8,44.6,51.1,44.2,213.0
2023-12-28 09:00:00,4.2,48.5,84.8,42.8,48.0,43.0,170.0
2023-12-28 10:00:00,6.0,47.0,82.6,41.6,46.7,41.9,152.0
2023-12-28 11:00:00,7.0,46.3,80.5,41.0,46.0,41.3,151.0
2023-12-28 12:00:00,8.2,45.1,77.9,40.5,45.4,40.9,141.0
2023-12-28 13:00:00,9.5,44.0,73.5,39.9,44.2,40.3,130.0
2023-12-28 14:00:00,10.0,43.5,70.8,39.0,37.5,37.6,94.0
2023-12-28 15:00:00,10.2,43.3,60.1,37.5,33.9,33.3,0.0
2023-12-28 16:00:00,9.8,43.7,72.8,35.5,41.2,35.7,110.0
2023-12-28 17:00:00,8.9,44.5,77.4,41.1,45.8,41.3,173.0
2023-12-28 18:00:00,7.7,45.6,78.0,39.9,44.8,40.3,130.0
2023-12-28 19:00:00,7.7,45.6,78.3,40.6,45.8,40.9,145.0
2023-12-28 20:00:00,5.8,47.2,75.3,40.5,45.1,40.8,143.0
2023-12-28 21:00:00,5.9,47.2,82.4,41.3,46.8,41.5,150.0
2023-12-28 22:00:00,5.5,47.5,79.0,41.0,46.2,41.2,145.0
2023-12-28 23:00:00,5.5,47.5,73.9,37.3,36.6,34.5,0.0
2023-12-29 00:00:00,4.2,48.5,68.6,34.5,34.2,29.6,0.0
2023-12-29 01:00:00,3.3,49.1,66.9,29.6,35.0,26.4,0.0
2023-12-29 02:00:00,4.0,48.7,64.7,25.0,35.1,25.6,0.0
2023-12-29 03:00:00,2.3,49.8,60.8,24.5,29.9,25.8,0.0
2023-12-29 04:00:00,2.8,49.5,56.4,24.6,27.0,25.4,0.0
2023-12-29 05:00:00,1.9,50.1,52.6,24.4,27.3,24.7,0.0
2023-12-29 06:00:00,1.9,48.7,70.2,32.5,38.1,33.3,111.0
2023-12-29 07:00:00,1.9,48.7,79.0,39.0,45.2,38.8,160.0
2023-12-29 08:00:00,2.0,48.7,90.1,44.5,50.7,44.5,217.0
2023-12-29 09:00:00,4.0,46.9,86.9,40.9,45.9,41.4,142.0
2023-12-29 10:00:00,5.1,45.9,86.5,40.5,45.8,41.0,149.0
2023-12-29 11:00:00,6.1,45.2,84.1,40.3,45.5,40.8,146.0
2023-12-29 12:00:00,7.1,44.6,79.9,40.0,44.7,40.4,142.0
2023-12-29 13:00:00,8.0,43.9,75.4,39.0,43.5,39.5,126.0
2023-12-29 14:00:00,8.6,43.6,71.8,38.6,42.8,39.2,121.0
2023-12-29 15:00:00,8.8,43.4,74.1,38.5,43.2,39.0,121.0
2023-12-29 16:00:00,9.1,43.2,73.9,38.7,43.1,39.2,124.0
2023-12-29 17:00:00,7.6,44.2,78.4,39.4,44.3,39.9,133.0
2023-12-29 18:00:00,6.4,45.0,71.3,40.0,44.1,40.5,137.0
2023-12-29 19:00:00,5.6,45.6,69.6,38.6,42.9,39.1,115.0
2023-12-29 20:00:00,5.4,45.7,78.7,40.4,45.7,40.6,140.0
2023-12-29 21:00:00,4.2,46.7,81.2,41.4,46.7,41.7,156.0
2023-12-29 22:00:00,4.7,46.1,79.1,40.8,40.9,41.2,133.0
2023-12-29 23:00:00,3.3,46.7,68.3,39.0,34.2,34.3,0.0
2023-12-30 00:00:00,3.5,46.6,62.6,36.7,30.4,29.4,0.0
2023-12-30 01:00:00,2.2,47.1,58.4,34.6,26.9,26.4,0.0
2023-12-30 02:00:00,2.6,46.9,54.5,32.8,25.8,25.5,0.0
2023-12-30 03:00:00,1.4,47.4,51.1,31.2,25.4,24.9,0.0
2023-12-30 04:00:00,3.4,46.6,48.0,29.8,24.8,24.5,0.0
2023-12-30 05:00:00,2.8,46.8,45.3,28.7,24.3,23.8,0.0
2023-12-30 06:00:00,3.8,46.4,84.9,29.3,37.2,28.6,72.0
2023-12-30 07:00:00,2.7,46.8,86.0,43.0,49.2,42.7,239.0
2023-12-30 08:00:00,2.7,46.9,82.4,40.5,46.3,40.8,145.0
2023-12-30 09:00:00,4.2,46.3,78.0,41.6,46.6,41.8,165.0
2023-12-30 10:00:00,5.6,45.6,68.3,40.9,44.9,41.2,148.0
2023-12-30 11:00:00,6.6,44.9,78.1,39.8,45.2,40.1,139.0
2023-12-30 12:00:00,7.5,44.3,70.7,40.2,44.4,40.4,142.0
2023-12-30 13:00:00,8.0,44.0,74.7,37.7,42.9,38.0,107.0
2023-12-30 14:00:00,9.5,43.0,69.1,39.5,43.6,39.7,142.0
2023-12-30 15:00:00,9.6,43.0,74.6,38.7,43.8,39.1,118.0
2023-12-30 16:00:00,8.6,43.6,67.9,39.0,43.0,39.3,130.0
2023-12-30 17:00:00,7.2,46.9,77.0,40.2,45.5,40.5,144.0
2023-12-30 18:00:00,7.7,46.4,69.9,40.7,44.9,40.9,142.0
2023-12-30 19:00:00,7.2,46.7,77.3,40.5,45.6,40.7,140.0
2023-12-30 20:00:00,7.5,46.5,77.5,40.4,45.4,40.6,137.0
2023-12-30 21:00:00,7.6,46.5,74.0,40.8,45.5,41.1,142.0
2023-12-30 22:00:00,7.6,46.3,77.6,40.6,45.5,40.9,140.0
2023-12-30 23:00:00,7.1,46.9,62.9,39.2,34.1,34.4,0.0
2023-12-31 00:00:00,6.9,47.1,56.9,36.8,29.1,28.3,0.0
2023-12-31 01:00:00,5.2,47.9,53.8,34.8,26.7,26.2,0.0
2023-12-31 02:00:00,5.3,47.8,50.7,33.0,25.8,25.2,0.0
2023-12-31 03:00:00,6.3,47.3,47.9,31.5,24.7,24.3,0.0
2023-12-31 04:00:00,4.3,48.3,45.3,30.1,24.4,23.9,0.0
2023-12-31 05:00:00,3.5,48.7,43.0,28.9,24.0,23.6,0.0
2023-12-31 06:00:00,4.5,48.2,83.1,27.8,35.9,27.7,54.0
2023-12-31 07:00:00,2.7,49.1,85.1,41.8,48.5,41.4,227.0
2023-12-31 08:00:00,2.7,49.1,82.8,43.5,49.6,43.1,191.0
2023-12-31 09:00:00,4.6,48.2,73.2,42.9,47.2,43.0,178.0
2023-12-31 10:00:00,5.8,47.6,80.9,42.6,48.2,42.5,163.0
2023-12-31 11:00:00,6.6,47.2,78.4,42.5,47.3,42.2,152.0
2023-12-31 12:00:00,7.7,46.2,73.0,41.2,46.0,41.2,143.0
2023-12-31 13:00:00,8.4,44.8,70.3,41.0,45.4,41.0,143.0
2023-12-31 14:00:00,8.9,44.3,71.1,39.6,44.4,39.8,123.0
2023-12-31 15:00:00,9.3,44.0,63.3,40.5,44.2,40.6,138.0
2023-12-31 16:00:00,8.9,44.3,71.3,40.0,44.6,40.2,129.0
2023-12-31 17:00:00,7.1,46.0,67.7,40.8,44.7,41.2,140.0
2023-12-31 18:00:00,6.0,46.5,75.3,41.3,46.4,41.5,146.0
2023-12-31 19:00:00,6.9,46.0,76.2,41.0,45.5,41.3,141.0
2023-12-31 20:00:00,4.5,47.4,81.8,41.4,47.1,41.5,145.0
2023-12-31 21:00:00,6.8,44.8,72.5,41.0,44.6,41.4,145.0
2023-12-31 22:00:00,6.5,45.8,82.1,40.5,46.2,40.9,132.0
2023-12-31 23:00:00,6.8,45.6,78.9,41.0,46.3,41.2,142.0
2024-01-01 00:00:00,7.0,45.4,78.5,41.2,46.0,41.5,145.0
2024-01-01 01:00:00,6.8,0.0,79.5,40.4,42.2,41.0,136.0
2024-01-01 02:00:00,5.7,0.0,74.1,38.6,34.5,34.5,0.0
2024-01-01 03:00:00,5.5,0.0,67.8,36.5,31.5,30.3,0.0
2024-01-01 04:00:00,5.4,0.0,62.2,34.7,27.5,26.7,0.0
2024-01-01 05:00:00,5.9,0.0,57.5,33.1,26.2,25.8,0.0
2024-01-01 06:00:00,5.4,40.0,71.5,28.3,34.2,29.2,47.0
2024-01-01 07:00:00,5.1,44.9,77.1,36.8,42.3,37.3,147.0
2024-01-01 08:00:00,5.7,44.6,76.4,39.4,44.2,39.8,150.0
2024-01-01 09:00:00,6.4,44.2,77.1,39.9,44.8,40.3,139.0
2024-01-01 10:00:00,7.8,43.5,71.5,38.9,43.3,39.3,121.0
2024-01-01 11:00:00,8.6,43.0,68.4,39.0,42.9,39.4,124.0
2024-01-01 12:00:00,9.3,42.6,54.3,37.0,39.6,37.6,98.0
2024-01-01 13:00:00,10.6,41.8,72.1,37.1,41.9,37.7,104.0
2024-01-01 14:00:00,11.4,41.3,60.3,36.8,31.9,32.0,0.0
2024-01-01 15:00:00,11.5,41.3,51.4,35.4,27.9,28.2,0.0
2024-01-01 16:00:00,11.5,42.1,59.6,29.9,35.2,30.5,49.0
2024-01-01 17:00:00,10.3,42.6,64.0,39.7,43.4,40.0,178.0
2024-01-01 18:00:00,9.2,45.2,74.5,39.3,44.6,39.4,124.0
2024-01-01 19:00:00,8.9,45.4,72.9,40.8,45.5,40.9,146.0
2024-01-01 20:00:00,8.5,45.6,74.8,41.0,46.2,41.2,141.0
2024-01-01 21:00:00,8.4,45.8,72.9,41.7,46.1,41.7,147.0
2024-01-01 22:00:00,8.2,45.8,69.8,40.9,45.5,41.2,135.0
2024-01-01 23:00:00,9.0,45.3,70.7,41.0,45.1,41.2,141.0
2024-01-02 00:00:00,8.1,45.9,66.0,41.3,44.7,41.5,140.0
2024-01-02 01:00:00,7.9,46.0,72.0,41.4,45.7,41.6,144.0
2024-01-02 02:00:00,8.4,45.7,77.0,41.0,46.3,41.2,133.0
2024-01-02 03:00:00,8.3,45.8,77.3,41.2,46.5,41.3,140.0
2024-01-02 04:00:00,8.1,43.3,67.7,38.6,42.0,39.3,106.0
2024-01-02 05:00:00,8.1,43.3,75.2,38.6,43.6,39.2,114.0
2024-01-02 06:00:00,8.0,44.6,71.9,39.6,43.8,40.1,129.0
2024-01-02 07:00:00,8.0,45.3,71.9,40.9,45.3,41.3,140.0
2024-01-02 08:00:00,7.3,45.7,77.9,40.5,45.7,40.9,131.0
2024-01-02 09:00:00,8.0,45.3,72.5,40.0,44.6,40.4,127.0
2024-01-02 10:00:00,7.7,45.5,76.9,41.0,46.0,41.3,144.0
2024-01-02 11:00:00,8.8,44.8,76.0,40.0,44.9,40.2,125.0
2024-01-02 12:00:00,8.7,45.0,64.7,39.6,43.1,40.0,123.0
2024-01-02 13:00:00,9.2,44.6,74.6,39.9,44.6,40.2,128.0
2024-01-02 14:00:00,9.2,44.7,68.4,39.6,43.6,39.9,122.0
2024-01-02 15:00:00,9.9,44.2,68.8,39.9,44.1,40.2,125.0
2024-01-02 16:00:00,9.5,44.4,67.7,39.7,43.7,40.1,120.0
2024-01-02 17:00:00,7.6,45.5,75.8,40.5,45.3,40.8,133.0
2024-01-02 18:00:00,7.1,45.8,61.4,39.2,42.6,39.6,116.0
2024-01-02 19:00:00,7.7,45.5,75.4,37.9,43.2,38.4,106.0
2024-01-02 20:00:00,5.5,46.7,66.5,41.0,44.2,41.1,147.0
2024-01-02 21:00:00,5.7,46.6,52.1,39.4,41.4,39.8,112.0
2024-01-02 22:00:00,6.0,46.4,73.5,39.0,43.7,39.4,121.0
2024-01-02 23:00:00,5.2,46.8,76.1,39.1,44.3,39.6,120.0
2024-01-03 00:00:00,5.8,46.5,60.8,38.7,37.7,37.8,92.0
2024-01-03 01:00:00,5.0,46.9,58.9,36.0,30.4,30.5,0.0
2024-01-03 02:00:00,5.4,46.7,57.9,31.4,27.5,27.7,0.0
2024-01-03 03:00:00,6.3,46.2,54.2,30.1,26.0,26.3,0.0
2024-01-03 04:00:00,5.3,46.8,51.1,28.8,25.2,25.4,0.0
2024-01-03 05:00:00,6.3,46.2,48.9,27.7,24.6,25.0,0.0
2024-01-03 06:00:00,6.7,47.0,81.5,34.4,41.8,34.3,121.0
2024-01-03 07:00:00,6.7,47.0,81.2,43.5,49.4,43.1,208.0
2024-01-03 08:00:00,7.2,46.7,78.0,41.2,45.8,41.6,133.0
2024-01-03 09:00:00,7.7,46.5,72.1,41.1,45.2,41.3,146.0
2024-01-03 10:00:00,8.2,46.2,77.4,41.5,46.4,41.6,148.0
2024-01-03 11:00:00,8.8,45.8,67.9,41.2,44.9,41.3,138.0
2024-01-03 12:00:00,9.2,45.7,68.3,40.6,44.8,41.0,135.0
2024-01-03 13:00:00,9.6,45.4,73.6,40.9,45.7,41.1,137.0
2024-01-03 14:00:00,10.1,45.1,57.9,39.2,41.7,39.5,113.0
2024-01-03 15:00:00,10.0,45.2,67.6,37.6,41.8,38.0,92.0
2024-01-03 16:00:00,10.1,45.1,57.8,38.0,40.9,38.4,109.0
2024-01-03 17:00:00,10.4,45.0,58.7,38.3,41.3,38.6,110.0
2024-01-03 18:00:00,10.5,44.9,58.4,38.4,41.3,38.7,109.0
2024-01-03 19:00:00,10.2,45.0,61.5,38.2,41.4,38.6,108.0
2024-01-03 20:00:00,10.4,45.0,72.0,38.4,43.0,38.6,107.0
2024-01-03 21:00:00,10.2,45.1,66.5,38.4,42.9,38.8,108.0
2024-01-03 22:00:00,10.0,45.2,71.8,38.4,43.0,38.7,110.0
2024-01-03 23:00:00,9.4,45.6,46.4,36.9,35.9,36.0,72.0
2024-01-04 00:00:00,8.4,46.0,45.4,34.6,29.5,29.9,0.0
2024-01-04 01:00:00,7.4,46.6,43.9,31.1,27.1,27.4,0.0
2024-01-04 02:00:00,7.6,46.5,42.4,29.2,25.9,26.1,0.0
2024-01-04 03:00:00,7.1,46.8,40.9,27.9,25.1,25.3,0.0
2024-01-04 04:00:00,6.9,46.9,39.5,27.1,24.6,24.8,0.0
2024-01-04 05:00:00,6.1,47.3,38.2,26.3,24.2,24.4,0.0
2024-01-04 06:00:00,6.8,47.0,77.7,26.7,33.7,26.1,35.0
2024-01-04 07:00:00,7.4,46.6,83.3,41.6,48.3,41.3,225.0
2024-01-04 08:00:00,7.1,46.0,80.5,41.5,46.2,41.8,161.0
2024-01-04 09:00:00,7.9,45.7,76.1,40.4,44.8,40.7,132.0
2024-01-04 10:00:00,9.5,45.4,77.3,40.2,44.9,40.6,134.0
2024-01-04 11:00:00,10.8,45.1,68.9,39.9,44.0,40.3,125.0
2024-01-04 12:00:00,11.8,44.7,70.6,40.3,44.6,40.5,130.0
2024-01-04 13:00:00,10.0,44.8,71.4,40.1,44.5,40.4,126.0
2024-01-04 14:00:00,9.8,42.4,64.2,37.9,41.0,38.5,101.0
2024-01-04 15:00:00,10.4,42.2,70.6,37.4,42.1,37.9,101.0
2024-01-04 16:00:00,10.9,42.0,58.4,37.5,40.6,37.9,101.0
2024-01-04 17:00:00,10.6,42.1,71.5,37.1,40.9,37.7,95.0
2024-01-04 18:00:00,10.1,42.3,62.4,37.4,40.9,37.9,104.0
2024-01-04 19:00:00,10.0,42.3,58.4,37.4,40.8,38.0,103.0
2024-01-04 20:00:00,9.8,42.3,61.2,37.6,40.7,38.0,105.0
2024-01-04 21:00:00,8.5,42.8,69.1,37.5,41.8,37.8,103.0
2024-01-04 22:00:00,9.1,44.2,58.9,37.5,40.8,38.1,104.0
2024-01-04 23:00:00,8.4,44.8,50.9,36.8,38.8,37.4,52.0
2024-01-05 00:00:00,8.3,44.7,49.7,35.2,31.7,29.9,0.0
2024-01-05 01:00:00,6.8,45.8,48.3,33.3,29.0,27.4,0.0
2024-01-05 02:00:00,6.1,46.2,47.2,30.4,28.0,26.2,0.0
2024-01-05 03:00:00,4.9,47.0,45.2,28.3,26.4,25.2,0.0
2024-01-05 04:00:00,5.7,46.4,43.7,26.8,26.1,24.4,0.0
2024-01-05 05:00:00,4.3,47.4,42.6,25.6,25.8,23.9,0.0
2024-01-05 06:00:00,3.7,47.9,84.9,47.3,29.4,26.7,0.0
2024-01-05 07:00:00,4.7,47.0,66.2,36.0,39.9,36.4,160.0
2024-01-05 08:00:00,4.8,47.0,65.3,37.2,40.9,37.7,122.0
2024-01-05 09:00:00,5.9,46.4,72.7,37.5,42.3,38.0,119.0
2024-01-05 10:00:00,7.1,45.6,63.8,37.3,40.9,37.7,113.0
2024-01-05 11:00:00,7.8,45.1,70.8,36.6,41.4,37.1,103.0
2024-01-05 12:00:00,9.3,44.1,43.1,35.6,35.0,34.0,0.0
2024-01-05 13:00:00,10.0,43.6,44.9,33.8,29.6,27.9,0.0
2024-01-05 14:00:00,10.1,43.6,46.5,30.7,28.2,26.2,0.0
2024-01-05 15:00:00,10.3,43.4,45.6,27.1,28.7,25.3,0.0
2024-01-05 16:00:00,10.0,43.6,34.3,30.0,25.2,24.3,0.0
2024-01-05 17:00:00,10.1,43.6,57.3,25.1,30.4,25.5,0.0
2024-01-05 18:00:00,9.9,45.1,76.3,37.0,42.9,36.8,171.0
2024-01-05 19:00:00,9.8,45.2,75.5,41.5,46.7,41.5,174.0
2024-01-05 20:00:00,9.7,45.3,73.3,40.9,45.3,41.0,141.0
2024-01-05 21:00:00,8.8,46.2,77.2,41.0,45.9,41.2,145.0
2024-01-05 22:00:00,9.2,45.8,73.3,41.1,41.4,41.2,141.0
2024-01-05 23:00:00,9.5,45.5,61.6,39.3,34.1,34.5,0.0
2024-01-06 00:00:00,9.8,45.2,56.4,37.0,29.4,28.8,0.0
2024-01-06 01:00:00,9.8,45.2,53.4,35.0,26.7,26.5,0.0
2024-01-06 02:00:00,9.5,45.5,50.5,33.2,26.1,25.9,0.0
2024-01-06 03:00:00,7.7,47.3,47.8,31.6,25.5,24.8,0.0
2024-01-06 04:00:00,8.4,46.6,45.4,30.3,24.8,24.2,0.0
2024-01-06 05:00:00,8.7,46.3,43.3,29.2,24.4,23.8,0.0
2024-01-06 06:00:00,7.6,45.3,80.7,39.0,46.4,37.4,167.0
2024-01-06 07:00:00,7.9,45.0,74.7,40.0,43.8,40.5,166.0
2024-01-06 08:00:00,7.7,45.2,78.3,40.5,45.8,40.5,141.0
2024-01-06 09:00:00,8.6,44.6,66.5,39.6,43.2,40.0,135.0
2024-01-06 10:00:00,9.4,44.0,72.3,39.4,43.9,39.7,130.0
2024-01-06 11:00:00,9.8,43.7,70.4,39.5,43.8,39.8,132.0
2024-01-06 12:00:00,10.4,43.4,70.7,39.0,43.5,39.3,123.0
2024-01-06 13:00:00,11.8,42.4,63.3,38.7,38.2,38.4,104.0
2024-01-06 14:00:00,12.1,42.2,42.3,37.2,33.8,33.7,0.0
2024-01-06 15:00:00,12.1,42.2,40.9,35.3,29.4,28.4,0.0
2024-01-06 16:00:00,11.6,42.6,52.7,35.5,34.4,29.4,44.0
2024-01-06 17:00:00,10.3,45.8,77.3,40.7,47.5,39.2,182.0
2024-01-06 18:00:00,10.3,45.8,71.6,40.5,44.3,40.8,155.0
2024-01-06 19:00:00,10.8,45.7,74.3,41.4,46.6,41.2,141.0
2024-01-06 20:00:00,10.1,45.8,76.2,41.1,46.3,41.1,141.0
2024-01-06 21:00:00,10.4,45.8,74.8,41.7,46.5,41.8,145.0
2024-01-06 22:00:00,10.2,45.8,74.2,41.0,46.0,41.1,132.0
2024-01-06 23:00:00,10.2,43.6,71.5,39.4,43.4,39.9,119.0
2024-01-07 00:00:00,9.7,43.8,68.5,39.0,43.5,39.3,115.0
2024-01-07 01:00:00,10.3,43.6,75.0,39.7,38.9,39.2,109.0
2024-01-07 02:00:00,9.9,43.7,56.5,38.2,34.1,34.1,0.0
2024-01-07 03:00:00,9.9,43.8,53.4,36.2,29.9,29.2,0.0
2024-01-07 04:00:00,10.0,43.7,51.1,34.5,27.3,26.7,0.0
2024-01-07 05:00:00,10.4,43.6,48.7,33.0,26.2,25.9,0.0
2024-01-07 06:00:00,10.6,46.2,70.0,31.2,37.8,29.9,64.0
2024-01-07 07:00:00,9.5,46.9,82.4,43.2,47.7,43.5,237.0
2024-01-07 08:00:00,9.5,47.0,80.6,41.4,46.9,41.5,134.0
2024-01-07 09:00:00,9.6,46.8,78.5,42.4,47.2,42.5,160.0
2024-01-07 10:00:00,9.5,47.0,76.3,42.0,46.5,42.1,143.0
2024-01-07 11:00:00,10.0,46.6,76.8,41.9,46.6,41.9,148.0
2024-01-07 12:00:00,10.7,46.2,75.7,42.1,46.4,42.2,148.0
2024-01-07 13:00:00,11.3,45.8,67.8,40.6,44.7,40.6,125.0
2024-01-07 14:00:00,11.8,45.4,68.7,41.3,39.7,39.8,113.0
2024-01-07 15:00:00,11.9,44.7,68.4,33.4,39.5,32.2,0.0
2024-01-07 16:00:00,11.5,44.8,72.2,35.6,42.5,35.0,68.0
2024-01-07 17:00:00,10.3,45.2,69.1,41.4,44.9,41.9,181.0
2024-01-07 18:00:00,10.0,45.3,77.2,40.1,44.8,40.5,122.0
2024-01-07 19:00:00,10.4,45.2,78.1,40.3,45.1,40.7,132.0
2024-01-07 20:00:00,10.0,44.8,78.5,40.4,45.1,40.8,131.0
2024-01-07 21:00:00,10.0,44.7,77.9,40.4,45.0,40.8,130.0
2024-01-07 22:00:00,9.6,44.9,78.0,40.3,45.0,40.8,130.0
2024-01-07 23:00:00,9.7,44.9,77.8,40.4,45.1,40.9,129.0
2024-01-08 00:00:00,8.3,45.5,76.7,40.1,39.2,39.4,104.0
2024-01-08 01:00:00,6.5,46.3,56.8,38.7,34.9,33.6,0.0
2024-01-08 02:00:00,5.5,46.7,52.2,36.7,28.5,27.8,0.0
2024-01-08 03:00:00,4.3,47.5,50.4,34.8,27.2,26.8,0.0
2024-01-08 04:00:00,3.6,48.1,48.2,33.1,25.9,25.3,0.0
2024-01-08 05:00:00,3.4,48.2,58.9,44.0,39.7,24.2,0.0
2024-01-08 06:00:00,3.0,47.6,84.7,44.2,51.4,42.2,250.0
2024-01-08 07:00:00,3.4,47.4,84.4,41.4,46.6,41.7,158.0
2024-01-08 08:00:00,4.1,47.3,84.9,41.7,47.1,42.0,155.0
2024-01-08 09:00:00,3.3,47.5,85.0,42.0,47.3,42.4,157.0
2024-01-08 10:00:00,3.3,47.5,85.0,42.0,47.3,42.3,156.0
2024-01-08 11:00:00,3.1,47.5,84.6,42.0,47.2,42.3,155.0
2024-01-08 12:00:00,2.9,47.6,84.5,41.9,47.4,42.1,152.0
2024-01-08 13:00:00,2.4,47.7,84.5,42.6,48.0,42.8,162.0
2024-01-08 14:00:00,3.5,47.4,85.0,42.7,48.2,42.8,158.0
2024-01-08 15:00:00,2.7,47.6,85.8,42.8,48.2,43.0,164.0
2024-01-08 16:00:00,3.2,47.5,85.9,42.6,47.7,42.9,156.0
2024-01-08 17:00:00,1.9,47.9,87.0,42.7,47.9,42.9,157.0
2024-01-08 18:00:00,1.8,47.9,86.9,42.7,48.0,42.9,157.0
2024-01-08 19:00:00,1.8,47.9,87.0,42.6,48.0,42.9,153.0
2024-01-08 20:00:00,1.4,48.0,86.4,42.6,48.0,42.8,160.0
2024-01-08 21:00:00,1.8,47.9,86.3,42.5,47.9,42.8,157.0
2024-01-08 22:00:00,2.0,47.9,87.0,42.4,47.6,42.6,155.0
2024-01-08 23:00:00,1.3,48.1,86.5,42.5,47.9,42.8,157.0
2024-01-09 00:00:00,1.7,47.9,81.4,40.9,34.7,34.9,36.0
2024-01-09 01:00:00,1.6,47.9,74.1,38.3,31.7,30.4,0.0
2024-01-09 02:00:00,1.2,48.1,67.9,35.9,28.4,27.0,0.0
2024-01-09 03:00:00,0.1,48.4,69.1,28.2,36.8,25.2,0.0
2024-01-09 04:00:00,0.0,65.0,66.7,23.5,38.5,24.8,0.0
2024-01-09 05:00:00,0.3,49.3,61.1,31.7,37.0,31.3,81.0
2024-01-09 06:00:00,-0.8,49.9,75.8,42.1,47.7,40.9,198.0
2024-01-09 07:00:00,-0.4,49.7,87.7,45.0,50.5,45.0,215.0
2024-01-09 08:00:00,-0.6,49.8,90.8,43.8,49.8,43.9,176.0
2024-01-09 09:00:00,-0.7,49.8,90.6,43.3,49.1,43.5,176.0
2024-01-09 10:00:00,-0.4,49.7,90.1,43.8,49.8,43.8,181.0
2024-01-09 11:00:00,0.1,49.4,89.3,43.9,49.7,43.8,180.0
2024-01-09 12:00:00,0.2,49.3,89.5,43.1,49.0,43.2,170.0
2024-01-09 13:00:00,0.1,49.4,89.5,43.9,49.7,43.9,180.0
2024-01-09 14:00:00,0.2,49.4,89.3,44.0,49.8,44.1,180.0
2024-01-09 15:00:00,-0.6,48.9,86.1,42.9,48.2,43.2,163.0
2024-01-09 16:00:00,-0.9,49.2,87.3,42.9,48.8,42.9,167.0
2024-01-09 17:00:00,0.0,48.5,88.7,43.4,49.1,43.4,176.0
2024-01-09 18:00:00,-0.7,49.0,89.3,43.3,49.1,43.4,173.0
2024-01-09 19:00:00,1.0,47.8,88.7,42.6,48.0,42.9,164.0
2024-01-09 20:00:00,-0.9,49.2,88.8,42.5,48.3,42.8,162.0
2024-01-09 21:00:00,-2.2,50.1,89.5,43.9,50.0,43.9,183.0
2024-01-09 22:00:00,-0.4,48.9,90.4,44.4,50.1,44.5,185.0
2024-01-09 23:00:00,-0.5,42.0,86.3,36.8,40.6,37.6,78.0
2024-01-10 00:00:00,-0.1,42.0,84.8,36.9,41.6,37.7,112.0
2024-01-10 01:00:00,0.8,42.0,85.0,37.8,42.6,38.6,125.0
2024-01-10 02:00:00,0.0,42.0,87.7,37.9,42.4,38.7,121.0
2024-01-10 03:00:00,0.0,42.0,86.4,37.5,42.1,38.3,118.0
2024-01-10 04:00:00,-0.8,42.0,86.5,37.3,41.9,38.2,116.0
2024-01-10 05:00:00,-1.1,48.1,85.8,40.2,46.6,40.3,150.0
2024-01-10 06:00:00,0.4,47.2,91.9,42.6,47.9,43.0,188.0
2024-01-10 07:00:00,-0.6,47.8,92.1,41.4,47.3,41.8,152.0
2024-01-10 08:00:00,-1.4,48.2,93.3,42.1,48.1,42.5,170.0
2024-01-10 09:00:00,0.1,47.4,92.3,42.4,48.0,42.8,169.0
2024-01-10 10:00:00,0.4,47.3,92.0,41.8,47.4,42.3,159.0
2024-01-10 11:00:00,1.0,47.0,90.7,41.4,46.7,41.9,155.0
2024-01-10 12:00:00,0.3,47.3,89.5,41.1,46.8,41.4,152.0
2024-01-10 13:00:00,0.8,47.1,89.7,41.8,47.4,42.2,164.0
2024-01-10 14:00:00,0.9,47.0,89.1,41.6,46.8,42.0,157.0
2024-01-10 15:00:00,1.1,46.9,87.7,41.5,46.8,41.9,153.0
2024-01-10 16:00:00,0.8,47.1,89.4,41.8,47.3,42.1,159.0
2024-01-10 17:00:00,-0.1,47.6,90.5,41.8,47.5,42.1,159.0
2024-01-10 18:00:00,0.0,47.5,89.3,42.1,47.6,42.4,165.0
2024-01-10 19:00:00,0.4,47.3,90.3,41.7,47.2,42.2,159.0
2024-01-10 20:00:00,0.7,48.2,91.9,42.1,47.9,42.4,165.0
2024-01-10 21:00:00,-1.3,48.9,84.6,42.4,47.6,42.7,168.0
2024-01-10 22:00:00,-1.5,48.9,90.1,43.5,49.5,43.5,181.0
2024-01-10 23:00:00,-1.0,44.5,90.9,41.4,45.1,41.9,152.0
2024-01-11 00:00:00,-2.8,43.8,88.6,38.2,43.1,39.0,111.0
2024-01-11 01:00:00,-2.6,43.9,91.2,38.8,43.9,39.5,137.0
2024-01-11 02:00:00,-3.0,43.7,91.9,38.9,44.2,39.7,138.0
2024-01-11 03:00:00,-3.1,43.7,93.1,39.0,44.1,39.8,140.0
2024-01-11 04:00:00,-3.0,43.7,94.0,38.3,43.4,39.1,129.0
2024-01-11 05:00:00,-3.5,43.5,92.9,38.4,43.6,39.2,134.0
2024-01-11 06:00:00,-4.7,56.8,94.5,43.8,51.1,43.6,203.0
2024-01-11 07:00:00,-4.4,51.5,86.2,45.9,51.5,45.7,221.0
2024-01-11 08:00:00,-3.0,50.2,87.0,44.0,50.0,43.9,180.0
2024-01-11 09:00:00,-1.8,49.3,85.0,43.8,49.6,43.7,184.0
2024-01-11 10:00:00,-1.0,48.4,84.3,43.4,48.8,43.3,178.0
2024-01-11 11:00:00,-0.1,47.5,83.5,42.9,48.3,42.9,172.0
2024-01-11 12:00:00,0.1,47.4,81.1,42.3,47.4,42.4,164.0
2024-01-11 13:00:00,0.6,46.9,79.8,42.0,47.0,42.0,163.0
2024-01-11 14:00:00,1.0,46.6,79.9,41.8,46.9,41.9,158.0
2024-01-11 15:00:00,1.3,46.9,80.5,41.7,46.9,41.7,158.0
2024-01-11 16:00:00,0.9,47.1,80.1,41.6,46.7,41.7,158.0
2024-01-11 17:00:00,1.5,46.8,81.2,41.8,47.2,41.9,161.0
2024-01-11 18:00:00,-0.5,48.4,82.2,42.1,47.8,42.1,165.0
2024-01-11 19:00:00,-0.4,48.4,83.4,43.0,48.6,42.9,179.0
2024-01-11 20:00:00,-1.2,51.2,83.9,43.6,49.3,43.4,182.0
2024-01-11 21:00:00,-1.9,51.4,84.7,43.8,49.5,43.6,182.0
2024-01-11 22:00:00,-2.9,51.6,84.8,44.1,49.9,43.8,185.0
2024-01-11 23:00:00,-1.5,51.3,85.4,44.1,50.0,43.9,185.0
2024-01-12 00:00:00,-1.8,44.0,84.4,39.0,42.6,39.5,120.0
2024-01-12 01:00:00,-1.7,44.0,85.2,39.0,44.5,39.6,133.0
2024-01-12 02:00:00,-0.9,44.0,84.4,39.3,44.3,39.9,140.0
2024-01-12 03:00:00,-1.1,44.0,84.5,39.2,44.1,39.8,136.0
2024-01-12 04:00:00,-0.8,44.0,84.1,39.2,44.0,39.8,139.0
2024-01-12 05:00:00,-1.0,53.8,90.6,40.3,47.1,40.0,144.0
2024-01-12 06:00:00,-0.8,53.7,91.0,44.9,51.5,44.5,216.0
2024-01-12 07:00:00,-0.8,51.0,84.0,45.3,50.8,44.9,200.0
2024-01-12 08:00:00,-2.0,49.9,84.1,43.7,49.3,43.6,178.0
2024-01-12 09:00:00,-0.6,48.9,83.5,43.5,49.0,43.3,176.0
2024-01-12 10:00:00,-0.1,48.6,81.7,43.2,48.4,43.0,176.0
2024-01-12 11:00:00,-0.4,49.4,82.2,43.0,48.6,42.8,173.0
2024-01-12 12:00:00,-0.9,49.8,88.4,44.3,49.9,44.3,199.0
2024-01-12 13:00:00,0.0,49.0,86.5,43.0,48.8,43.1,171.0
2024-01-12 14:00:00,0.5,48.6,87.2,43.1,48.9,43.1,179.0
2024-01-12 15:00:00,-0.6,49.5,86.7,43.2,49.0,43.1,177.0
2024-01-12 16:00:00,-0.3,49.3,88.7,43.8,49.8,43.8,182.0
2024-01-12 17:00:00,0.6,48.5,87.8,43.0,48.4,43.1,175.0
2024-01-12 18:00:00,-0.2,49.2,87.8,42.8,48.5,42.8,172.0
2024-01-12 19:00:00,-0.2,49.2,88.3,43.6,49.6,43.5,185.0
2024-01-12 20:00:00,0.2,48.8,88.2,43.6,49.4,43.6,180.0
2024-01-12 21:00:00,0.7,48.4,87.9,42.8,48.4,43.0,170.0
2024-01-12 22:00:00,0.9,48.2,87.9,42.6,48.2,42.8,169.0
2024-01-12 23:00:00,1.0,42.4,86.8,40.5,44.2,41.0,146.0
2024-01-13 00:00:00,0.1,42.4,86.3,36.8,40.8,37.6,96.0
2024-01-13 01:00:00,0.5,42.4,87.6,37.6,42.8,38.3,125.0
2024-01-13 02:00:00,0.7,42.4,87.3,37.9,42.5,38.6,127.0
2024-01-13 03:00:00,0.8,42.4,88.3,37.6,42.3,38.4,122.0
2024-01-13 04:00:00,0.8,42.4,87.3,37.5,42.2,38.3,121.0
2024-01-13 05:00:00,1.2,42.3,86.6,37.3,42.1,38.0,119.0
2024-01-13 06:00:00,0.4,47.8,89.4,41.3,48.3,41.2,163.0
2024-01-13 07:00:00,0.9,47.6,88.0,42.2,47.4,42.5,180.0
2024-01-13 08:00:00,0.5,47.8,88.3,41.7,47.5,41.9,161.0
2024-01-13 09:00:00,1.0,47.6,86.2,42.1,47.6,42.3,169.0
2024-01-13 10:00:00,1.3,47.4,86.1,42.0,47.6,42.1,163.0
2024-01-13 11:00:00,1.6,46.7,86.6,41.8,47.1,42.1,162.0
2024-01-13 12:00:00,2.3,46.3,85.1,41.0,46.2,41.3,151.0
2024-01-13 13:00:00,1.3,46.8,85.7,40.9,46.7,41.1,153.0
2024-01-13 14:00:00,0.9,47.0,84.5,41.4,46.7,41.5,157.0
2024-01-13 15:00:00,1.5,46.7,85.5,41.7,47.4,42.0,161.0
2024-01-13 16:00:00,2.1,46.4,81.9,41.5,46.3,41.8,155.0
2024-01-13 17:00:00,2.2,46.4,84.0,41.3,46.6,41.6,153.0
2024-01-13 18:00:00,-0.5,47.8,83.1,41.4,46.8,41.6,153.0
2024-01-13 19:00:00,-0.3,47.7,86.8,42.5,48.0,42.8,170.0
2024-01-13 20:00:00,-0.7,47.9,84.6,42.1,47.7,42.2,160.0
2024-01-13 21:00:00,-0.4,47.7,87.8,42.8,48.5,42.8,172.0
2024-01-13 22:00:00,-1.2,48.1,89.5,42.4,48.3,42.5,165.0
2024-01-13 23:00:00,-1.9,48.5,93.7,42.8,49.2,43.0,174.0
2024-01-14 00:00:00,-2.7,48.9,92.3,43.2,49.1,43.3,180.0
2024-01-14 01:00:00,-3.1,49.1,93.3,43.4,49.5,43.5,180.0
2024-01-14 02:00:00,-3.1,43.3,89.3,41.0,44.8,41.5,150.0
2024-01-14 03:00:00,-3.9,43.2,89.3,37.3,41.5,38.1,101.0
2024-01-14 04:00:00,-3.4,43.2,88.4,38.0,43.1,38.8,128.0
2024-01-14 05:00:00,-4.2,43.1,93.0,38.6,43.3,39.3,136.0
2024-01-14 06:00:00,-2.6,50.3,93.6,40.5,48.1,40.3,151.0
2024-01-14 07:00:00,-4.9,55.0,94.1,46.0,52.8,45.6,229.0
2024-01-14 08:00:00,-3.7,54.1,93.8,47.1,53.9,46.7,221.0
2024-01-14 09:00:00,-1.6,52.6,91.7,47.0,53.4,46.5,213.0
2024-01-14 10:00:00,-0.2,51.6,89.9,46.1,52.0,45.8,202.0
2024-01-14 11:00:00,0.8,50.9,83.6,44.9,50.3,44.7,185.0
2024-01-14 12:00:00,1.7,50.3,84.7,44.1,50.1,43.8,176.0
2024-01-14 13:00:00,2.2,47.6,79.8,43.8,48.7,43.6,174.0
2024-01-14 14:00:00,3.1,47.1,77.8,41.6,46.4,41.7,146.0
2024-01-14 15:00:00,3.8,46.7,83.1,42.1,47.3,42.2,159.0
2024-01-14 16:00:00,3.4,46.9,83.1,41.6,46.9,41.8,154.0
2024-01-14 17:00:00,1.3,48.2,86.7,42.0,47.7,42.2,162.0
2024-01-14 18:00:00,1.1,48.3,86.9,42.9,48.7,43.0,172.0
2024-01-14 19:00:00,1.1,48.4,86.4,43.4,49.0,43.4,174.0
2024-01-14 20:00:00,0.4,48.7,88.0,43.0,48.7,43.2,168.0
2024-01-14 21:00:00,0.1,48.9,88.9,43.0,48.8,43.2,169.0
2024-01-14 22:00:00,0.8,40.0,89.9,43.0,47.3,43.3,172.0
2024-01-14 23:00:00,-0.4,40.0,87.2,34.9,39.1,35.9,56.0
2024-01-15 00:00:00,-0.8,40.0,80.7,35.1,39.4,36.1,96.0
2024-01-15 01:00:00,-0.8,40.0,85.7,36.4,40.7,37.4,114.0
2024-01-15 02:00:00,-1.1,40.0,85.3,36.4,40.6,37.3,0.0
2024-01-15 03:00:00,-1.3,40.0,84.3,35.9,40.1,36.9,202.0
2024-01-15 04:00:00,-0.6,40.0,83.4,35.8,39.9,36.7,104.0
2024-01-15 05:00:00,-1.4,48.2,90.4,37.9,45.1,37.8,126.0
2024-01-15 06:00:00,-1.1,49.9,90.2,44.1,50.4,43.9,215.0
2024-01-15 07:00:00,0.1,48.9,88.0,43.3,48.4,43.4,177.0
2024-01-15 08:00:00,1.6,47.7,86.9,42.6,48.2,42.8,165.0
2024-01-15 09:00:00,2.2,47.2,85.5,42.4,47.8,42.6,166.0
2024-01-15 10:00:00,2.9,46.7,85.1,41.5,46.8,41.8,154.0
2024-01-15 11:00:00,3.8,45.9,83.7,41.2,46.2,41.5,151.0
2024-01-15 12:00:00,4.4,45.4,80.6,40.9,45.7,41.3,148.0
2024-01-15 13:00:00,5.2,44.8,79.2,40.4,45.1,40.7,142.0
2024-01-15 14:00:00,5.8,44.5,78.3,40.0,44.7,40.4,137.0
2024-01-15 15:00:00,5.4,44.7,79.5,39.8,44.8,40.2,133.0
2024-01-15 16:00:00,5.1,44.9,80.7,40.1,45.0,40.6,141.0
2024-01-15 17:00:00,5.6,44.6,80.6,40.4,45.3,40.7,141.0
2024-01-15 18:00:00,5.5,46.6,80.8,40.5,45.8,40.9,141.0
2024-01-15 19:00:00,4.7,47.1,82.0,41.6,47.0,41.6,157.0
2024-01-15 20:00:00,5.4,46.6,75.7,41.8,46.1,42.1,158.0
2024-01-15 21:00:00,5.5,46.6,75.4,41.7,46.4,41.8,147.0
2024-01-15 22:00:00,5.3,46.7,77.3,41.5,40.3,40.4,122.0
2024-01-15 23:00:00,6.1,46.1,54.8,39.6,34.1,34.1,0.0
2024-01-16 00:00:00,5.8,46.3,52.3,37.4,29.5,28.5,0.0
2024-01-16 01:00:00,4.6,47.2,50.0,35.4,27.0,26.3,0.0
2024-01-16 02:00:00,2.9,48.2,48.1,33.7,25.9,25.4,0.0
2024-01-16 03:00:00,2.3,48.6,45.9,32.1,25.1,24.6,0.0
2024-01-16 04:00:00,2.9,48.2,23.7,34.2,24.2,24.1,0.0
2024-01-16 05:00:00,3.0,48.2,36.0,39.9,35.2,23.5,0.0
2024-01-16 06:00:00,2.4,48.5,81.3,42.1,49.8,40.8,230.0
2024-01-16 07:00:00,2.4,48.5,85.6,42.6,47.9,42.8,196.0
2024-01-16 08:00:00,2.7,48.3,85.7,42.3,48.2,42.5,170.0
2024-01-16 09:00:00,3.4,47.9,84.7,42.3,47.8,42.5,169.0
2024-01-16 10:00:00,4.0,47.6,83.9,42.3,48.0,42.5,168.0
2024-01-16 11:00:00,4.0,47.5,83.2,42.2,47.7,42.4,165.0
2024-01-16 12:00:00,3.9,47.6,82.4,41.9,47.3,42.1,161.0
2024-01-16 13:00:00,4.5,47.3,80.7,41.7,46.9,41.8,156.0
2024-01-16 14:00:00,5.4,46.6,80.9,41.7,47.1,42.0,157.0
2024-01-16 15:00:00,4.6,45.3,79.4,41.5,46.4,41.8,151.0
2024-01-16 16:00:00,5.1,44.9,79.4,39.9,44.8,40.3,133.0
2024-01-16 17:00:00,3.5,46.2,83.9,40.3,45.8,40.6,141.0
2024-01-16 18:00:00,3.2,46.4,84.6,41.1,46.6,41.5,159.0
2024-01-16 19:00:00,2.5,47.0,86.0,41.5,47.0,41.8,159.0
2024-01-16 20:00:00,2.9,46.7,84.0,41.0,46.7,41.5,149.0
2024-01-16 21:00:00,2.5,47.0,84.8,41.8,47.3,42.1,162.0
2024-01-16 22:00:00,3.3,47.1,80.3,41.2,46.4,41.5,151.0
2024-01-16 23:00:00,1.4,48.5,85.7,42.8,42.8,43.0,166.0
2024-01-17 00:00:00,2.3,47.8,57.5,40.6,34.3,34.6,0.0
2024-01-17 01:00:00,0.0,49.4,53.3,38.0,31.1,30.0,0.0
2024-01-17 02:00:00,2.2,47.9,50.6,35.6,27.2,26.4,0.0
2024-01-17 03:00:00,2.4,47.8,48.0,33.6,25.7,25.3,0.0
2024-01-17 04:00:00,2.1,48.0,45.7,31.8,25.1,24.7,0.0
2024-01-17 05:00:00,2.4,50.6,35.5,34.7,36.0,24.4,0.0
2024-01-17 06:00:00,2.3,49.2,73.9,38.3,44.9,37.5,186.0
2024-01-17 07:00:00,2.5,49.1,82.9,45.1,50.7,44.9,239.0
2024-01-17 08:00:00,3.0,48.8,89.7,42.7,48.7,43.0,172.0
2024-01-17 09:00:00,3.4,48.6,89.1,42.3,48.3,42.6,173.0
2024-01-17 10:00:00,4.0,48.1,87.6,42.3,48.0,42.6,171.0
2024-01-17 11:00:00,5.1,47.4,84.6,42.0,47.5,42.3,166.0
2024-01-17 12:00:00,6.5,46.2,81.8,41.4,46.6,41.8,156.0
2024-01-17 13:00:00,7.5,45.5,80.5,40.8,46.0,41.2,148.0
2024-01-17 14:00:00,8.0,41.9,76.6,37.5,41.3,38.2,105.0
2024-01-17 15:00:00,8.5,41.8,73.5,36.5,41.0,37.3,101.0
2024-01-17 16:00:00,8.8,44.3,74.5,39.3,45.0,39.4,138.0
2024-01-17 17:00:00,9.0,44.2,75.3,40.0,44.7,40.3,146.0
2024-01-17 18:00:00,8.6,44.4,75.5,39.8,44.5,40.1,137.0
2024-01-17 19:00:00,9.4,44.0,71.6,39.7,43.8,40.2,136.0
2024-01-17 20:00:00,9.4,44.0,72.8,39.1,43.5,39.6,124.0
2024-01-17 21:00:00,9.5,44.0,72.3,39.2,44.0,39.5,124.0
2024-01-17 22:00:00,10.0,43.7,73.8,39.2,43.9,39.7,129.0
2024-01-17 23:00:00,9.2,44.1,53.5,37.8,34.2,34.2,0.0
2024-01-18 00:00:00,8.8,44.3,50.7,35.9,30.6,29.6,0.0
2024-01-18 01:00:00,8.9,44.2,48.3,34.2,27.0,26.4,0.0
2024-01-18 02:00:00,8.8,44.3,46.3,32.9,26.1,25.6,0.0
2024-01-18 03:00:00,8.4,44.4,44.3,31.6,25.6,25.3,0.0
2024-01-18 04:00:00,8.8,44.3,42.3,30.5,25.2,24.8,0.0
2024-01-18 05:00:00,9.4,45.0,27.3,30.8,24.9,24.4,0.0
2024-01-18 06:00:00,9.5,45.0,68.3,34.1,40.6,33.3,112.0
2024-01-18 07:00:00,9.7,44.9,79.1,41.2,45.2,41.6,199.0
2024-01-18 08:00:00,10.0,44.7,79.0,39.2,44.1,39.8,125.0
2024-01-18 09:00:00,10.4,44.6,78.3,39.3,44.1,39.8,135.0
2024-01-18 10:00:00,11.7,44.0,77.9,39.3,44.2,39.8,133.0
2024-01-18 11:00:00,12.4,43.7,69.9,38.9,38.2,38.5,104.0
2024-01-18 12:00:00,13.2,43.3,48.2,37.2,33.8,33.6,0.0
2024-01-18 13:00:00,12.9,43.4,46.0,35.3,29.3,28.5,0.0
2024-01-18 14:00:00,13.0,43.4,44.0,33.8,26.9,26.4,0.0
2024-01-18 15:00:00,13.3,43.3,42.3,32.4,26.0,25.5,0.0
2024-01-18 16:00:00,13.3,43.3,68.3,29.0,40.4,27.8,46.0
2024-01-18 17:00:00,13.1,44.3,76.3,41.4,46.6,41.5,217.0
2024-01-18 18:00:00,12.8,44.4,76.2,39.1,43.7,39.7,120.0
2024-01-18 19:00:00,12.3,44.6,76.4,39.3,44.0,39.9,128.0
2024-01-18 20:00:00,12.5,44.5,63.8,39.3,42.8,39.6,124.0
2024-01-18 21:00:00,12.4,44.5,76.4,40.2,45.5,40.3,136.0
2024-01-18 22:00:00,12.3,44.5,70.5,39.7,39.8,40.1,123.0
2024-01-18 23:00:00,12.4,44.5,52.3,38.4,34.2,34.3,0.0
2024-01-19 00:00:00,11.8,44.7,49.0,36.5,30.9,30.0,0.0
2024-01-19 01:00:00,11.9,44.7,47.2,34.7,27.5,26.9,0.0
2024-01-19 02:00:00,11.1,44.9,46.0,33.4,26.4,26.0,0.0
2024-01-19 03:00:00,11.3,44.9,44.1,32.0,25.8,25.3,0.0
2024-01-19 04:00:00,11.2,44.9,42.2,30.9,25.3,24.8,0.0
2024-01-19 05:00:00,11.3,44.9,51.1,32.7,26.9,25.8,0.0
2024-01-19 06:00:00,11.5,44.8,66.2,32.6,39.2,31.8,86.0
2024-01-19 07:00:00,11.5,44.8,72.5,41.6,45.7,42.0,207.0
2024-01-19 08:00:00,11.9,44.7,72.3,39.4,44.0,39.9,120.0
2024-01-19 09:00:00,12.4,44.5,71.9,39.6,44.2,40.0,130.0
2024-01-19 10:00:00,12.8,44.4,71.9,39.5,44.1,39.9,127.0
2024-01-19 11:00:00,13.5,44.1,59.7,38.8,34.5,34.8,58.0
2024-01-19 12:00:00,14.8,44.0,52.2,37.0,33.0,32.5,0.0
2024-01-19 13:00:00,14.9,44.0,51.6,35.2,29.2,28.3,0.0
2024-01-19 14:00:00,15.1,44.0,59.7,51.3,26.6,26.7,0.0
2024-01-19 15:00:00,7.2,45.6,63.3,33.1,38.8,32.5,82.0
2024-01-19 16:00:00,4.9,47.0,81.3,43.8,49.1,43.9,222.0
2024-01-19 17:00:00,3.7,48.1,83.9,42.1,47.9,42.3,149.0
2024-01-19 18:00:00,2.6,49.2,84.5,42.8,48.6,43.0,90.0
2024-01-19 19:00:00,1.9,49.7,85.7,43.8,49.5,43.8,259.0
2024-01-19 20:00:00,2.9,48.8,80.9,43.4,48.1,43.7,169.0
2024-01-19 21:00:00,4.0,47.9,81.3,42.4,47.5,42.7,151.0
2024-01-19 22:00:00,3.1,48.7,82.7,43.1,48.7,43.3,166.0
2024-01-19 23:00:00,4.0,47.9,57.0,40.9,34.4,34.6,0.0
2024-01-20 00:00:00,3.4,48.4,53.9,38.1,32.3,31.6,0.0
2024-01-20 01:00:00,3.4,48.4,51.1,35.8,28.2,27.4,0.0
2024-01-20 02:00:00,2.5,49.2,48.5,33.8,26.5,25.9,0.0
2024-01-20 03:00:00,2.6,49.2,46.1,32.1,25.7,25.4,0.0
2024-01-20 04:00:00,2.4,49.3,43.8,30.6,25.2,24.8,0.0
2024-01-20 05:00:00,2.8,48.9,41.8,29.3,24.6,24.1,0.0
2024-01-20 06:00:00,1.9,50.4,88.0,44.1,52.4,42.4,260.0
2024-01-20 07:00:00,2.4,49.9,85.7,43.5,49.1,43.7,194.0
2024-01-20 08:00:00,2.3,49.9,86.3,43.7,49.8,43.7,182.0
2024-01-20 09:00:00,2.2,50.0,85.1,44.2,50.3,44.1,187.0
2024-01-20 10:00:00,1.4,50.8,86.7,44.7,50.9,44.5,194.0
2024-01-20 11:00:00,0.7,51.7,84.8,45.5,51.6,45.1,199.0
2024-01-20 12:00:00,0.0,51.6,84.0,46.5,52.7,45.9,209.0
2024-01-20 13:00:00,0.0,50.6,83.0,45.0,50.3,45.0,191.0
2024-01-20 14:00:00,0.3,50.2,86.0,44.1,50.0,44.1,176.0
2024-01-20 15:00:00,0.3,50.1,86.2,44.2,50.3,44.2,182.0
2024-01-20 16:00:00,0.6,48.9,85.1,44.1,49.8,44.1,182.0
2024-01-20 17:00:00,0.0,49.5,86.2,43.4,49.3,43.4,170.0
2024-01-20 18:00:00,-0.3,49.7,87.2,43.8,49.9,43.8,177.0
2024-01-20 19:00:00,0.0,49.5,71.6,43.2,47.5,43.5,170.0
2024-01-20 20:00:00,0.5,49.0,87.3,44.1,49.8,44.2,184.0
2024-01-20 21:00:00,0.3,49.2,86.2,42.8,48.3,43.1,163.0
2024-01-20 22:00:00,1.8,47.8,86.9,43.6,49.4,43.7,181.0
2024-01-20 23:00:00,1.1,48.4,86.5,42.0,42.5,42.4,152.0
2024-01-21 00:00:00,0.0,49.5,69.8,40.1,34.0,34.5,0.0
2024-01-21 01:00:00,-0.1,49.7,63.8,37.5,31.4,30.4,0.0
2024-01-21 02:00:00,-1.0,50.4,59.8,35.2,27.1,26.5,0.0
2024-01-21 03:00:00,-0.5,50.0,56.1,33.2,25.8,25.4,0.0
2024-01-21 04:00:00,-1.3,50.7,52.7,31.4,25.2,24.7,0.0
2024-01-21 05:00:00,-1.3,50.4,63.9,36.5,41.3,36.7,166.0
2024-01-21 06:00:00,-0.9,50.0,79.9,42.8,50.0,41.8,192.0
2024-01-21 07:00:00,-0.4,49.4,91.8,43.8,49.0,44.1,210.0
2024-01-21 08:00:00,0.3,48.6,88.2,42.5,48.3,42.8,166.0
2024-01-21 09:00:00,-0.4,49.4,88.0,43.2,49.1,43.4,181.0
2024-01-21 10:00:00,-0.1,49.3,87.0,43.2,49.2,43.3,179.0
2024-01-21 11:00:00,-0.4,49.5,86.3,43.2,49.1,43.3,178.0
2024-01-21 12:00:00,0.0,49.0,85.7,43.3,49.2,43.4,177.0
2024-01-21 13:00:00,0.5,48.5,84.7,42.6,48.0,42.9,166.0
2024-01-21 14:00:00,1.0,47.4,84.0,42.2,47.4,42.6,161.0
2024-01-21 15:00:00,1.2,47.1,84.9,41.8,47.1,42.2,154.0
2024-01-21 16:00:00,1.9,46.4,85.2,41.4,46.5,41.9,155.0
2024-01-21 17:00:00,0.7,47.7,85.8,41.0,46.6,41.4,150.0
2024-01-21 18:00:00,0.2,48.2,88.5,42.5,48.6,42.8,175.0
2024-01-21 19:00:00,1.2,47.2,88.2,42.2,47.8,42.6,166.0
2024-01-21 20:00:00,0.5,48.0,88.5,42.5,48.6,42.8,168.0
2024-01-21 21:00:00,-1.5,50.2,89.7,43.0,49.4,43.2,176.0
2024-01-21 22:00:00,-2.9,51.8,90.6,45.0,51.8,44.8,201.0
2024-01-21 23:00:00,-3.1,42.1,91.7,45.6,51.9,45.5,204.0
2024-01-22 00:00:00,-3.6,42.1,89.4,36.3,40.3,37.2,66.0
2024-01-22 01:00:00,-4.5,42.0,90.3,37.4,42.6,38.2,122.0
2024-01-22 02:00:00,-4.0,42.0,90.5,37.6,42.6,38.5,125.0
2024-01-22 03:00:00,-3.8,42.1,90.5,37.6,42.6,38.5,124.0
2024-01-22 04:00:00,-4.2,42.0,90.2,37.5,42.2,38.3,124.0
2024-01-22 05:00:00,-2.7,42.2,87.7,37.4,41.9,38.2,123.0
2024-01-22 06:00:00,-0.8,49.3,91.0,42.7,49.8,42.6,193.0
2024-01-22 07:00:00,-0.9,50.6,90.6,45.0,51.1,44.9,212.0
2024-01-22 08:00:00,-1.0,50.6,90.6,44.3,50.7,44.3,193.0
2024-01-22 09:00:00,-0.1,50.1,89.8,44.1,50.4,44.1,193.0
2024-01-22 10:00:00,0.0,50.0,88.3,43.9,50.0,43.9,188.0
2024-01-22 11:00:00,-0.1,50.1,86.9,43.8,49.9,43.8,186.0
2024-01-22 12:00:00,0.6,49.6,86.5,44.1,49.8,44.2,183.0
2024-01-22 13:00:00,0.6,49.6,87.0,43.8,49.7,43.8,179.0
2024-01-22 14:00:00,0.8,49.5,87.0,43.8,49.6,43.9,178.0
2024-01-22 15:00:00,1.7,48.9,86.2,43.8,49.5,43.9,178.0
2024-01-22 16:00:00,1.3,49.2,86.9,43.2,49.0,43.5,172.0
2024-01-22 17:00:00,0.6,48.0,87.0,42.9,48.7,43.1,170.0
2024-01-22 18:00:00,-1.1,49.4,89.1,43.0,48.9,43.3,176.0
2024-01-22 19:00:00,-1.9,49.9,90.4,43.5,50.0,43.8,182.0
2024-01-22 20:00:00,-2.1,50.0,90.5,43.8,49.7,43.9,184.0
2024-01-22 21:00:00,-1.3,47.9,91.4,42.7,48.5,43.1,169.0
2024-01-22 22:00:00,-2.0,46.8,90.9,42.3,47.8,42.7,164.0
2024-01-22 23:00:00,-2.3,46.9,87.5,40.9,41.2,41.5,140.0
2024-01-23 00:00:00,-2.4,47.0,61.2,38.8,34.0,34.2,0.0
2024-01-23 01:00:00,-1.3,46.5,57.3,36.3,29.2,28.5,0.0
2024-01-23 02:00:00,-0.6,46.2,53.9,34.2,26.6,26.3,0.0
2024-01-23 03:00:00,-0.3,46.1,50.5,32.4,25.3,24.9,0.0
2024-01-23 04:00:00,-1.5,46.6,47.5,30.8,24.4,23.9,0.0
2024-01-23 05:00:00,-1.7,46.7,67.6,38.7,43.7,38.5,210.0
2024-01-23 06:00:00,-1.8,60.0,90.2,43.9,52.0,42.8,200.0
2024-01-23 07:00:00,-3.1,51.3,82.8,44.8,50.4,44.7,213.0
2024-01-23 08:00:00,-2.2,50.6,90.5,44.8,51.1,44.8,202.0
2024-01-23 09:00:00,0.0,48.5,89.0,43.2,48.9,43.6,180.0
2024-01-23 10:00:00,1.3,47.4,86.6,41.9,47.4,42.2,160.0
2024-01-23 11:00:00,1.2,47.4,86.5,41.5,47.3,41.8,162.0
2024-01-23 12:00:00,2.4,46.3,85.7,41.3,46.7,41.8,161.0
2024-01-23 13:00:00,2.8,45.9,84.1,40.9,46.2,41.3,84.0
2024-01-23 14:00:00,3.2,45.5,80.6,39.9,44.8,40.4,206.0
2024-01-23 15:00:00,2.5,47.2,83.8,38.9,45.5,39.3,132.0
2024-01-23 16:00:00,2.8,46.9,84.7,42.8,48.2,43.0,193.0
2024-01-23 17:00:00,3.1,47.7,84.7,41.9,47.5,42.1,158.0
2024-01-23 18:00:00,3.5,47.3,84.7,41.9,47.4,42.2,166.0
2024-01-23 19:00:00,3.8,47.0,84.6,41.7,47.3,42.0,161.0
2024-01-23 20:00:00,3.5,47.3,80.1,41.6,46.5,42.1,160.0
2024-01-23 21:00:00,3.4,47.3,79.7,41.8,47.1,42.1,159.0
2024-01-23 22:00:00,3.6,47.2,77.7,41.8,46.6,42.0,160.0
2024-01-23 23:00:00,3.8,47.0,66.3,40.0,34.3,34.5,0.0
2024-01-24 00:00:00,3.0,47.7,59.6,37.5,31.1,30.0,0.0
2024-01-24 01:00:00,3.4,47.4,56.2,35.2,26.8,26.3,0.0
2024-01-24 02:00:00,3.5,47.3,52.8,33.3,25.8,25.3,0.0
2024-01-24 03:00:00,3.2,47.5,49.8,31.7,25.1,24.5,0.0
2024-01-24 04:00:00,3.4,47.4,47.3,30.4,25.0,23.8,0.0
2024-01-24 05:00:00,2.9,47.8,23.3,32.9,24.1,23.6,0.0
2024-01-24 06:00:00,2.6,49.3,67.4,35.3,41.3,34.7,144.0
2024-01-24 07:00:00,2.7,49.2,80.4,44.7,51.5,43.5,233.0
2024-01-24 08:00:00,2.9,48.2,88.4,41.9,46.7,42.4,177.0
2024-01-24 09:00:00,3.0,48.2,86.4,42.0,48.0,42.3,172.0
2024-01-24 10:00:00,4.3,47.0,86.6,42.0,47.6,42.3,174.0
2024-01-24 11:00:00,5.0,46.5,85.5,41.5,47.0,41.8,164.0
2024-01-24 12:00:00,5.4,46.2,80.6,40.9,46.0,41.2,157.0
2024-01-24 13:00:00,5.7,46.1,77.5,41.1,48.3,39.8,130.0
2024-01-24 14:00:00,5.8,45.1,77.0,39.7,43.8,40.2,154.0
2024-01-24 15:00:00,6.8,44.8,77.4,39.5,44.6,40.0,132.0
2024-01-24 16:00:00,6.8,44.8,78.3,39.8,44.9,40.3,145.0
2024-01-24 17:00:00,6.4,44.9,78.8,40.1,45.3,40.5,146.0
2024-01-24 18:00:00,5.8,45.1,80.6,40.2,45.4,40.6,147.0
2024-01-24 19:00:00,5.6,45.2,80.2,40.3,45.5,40.7,145.0
2024-01-24 20:00:00,5.2,45.4,75.6,40.2,44.8,40.7,142.0
2024-01-24 21:00:00,5.3,45.3,79.0,40.4,45.8,40.7,147.0
2024-01-24 22:00:00,4.4,46.0,84.2,40.6,42.2,40.9,146.0
2024-01-24 23:00:00,5.3,45.3,59.6,39.1,34.0,34.2,0.0
2024-01-25 00:00:00,5.3,45.3,57.0,36.9,30.4,29.6,0.0
2024-01-25 01:00:00,4.5,45.9,54.3,34.8,27.0,26.3,0.0
2024-01-25 02:00:00,5.2,45.4,51.6,32.9,25.6,25.2,0.0
2024-01-25 03:00:00,5.4,45.3,48.9,31.4,24.9,24.4,0.0
2024-01-25 04:00:00,4.4,45.9,46.4,30.1,24.4,23.8,0.0
2024-01-25 05:00:00,4.0,46.4,23.5,33.0,24.0,23.6,0.0
2024-01-25 06:00:00,4.3,46.1,79.0,30.3,39.1,28.8,79.0
2024-01-25 07:00:00,4.0,46.4,83.8,43.0,47.8,43.2,249.0
2024-01-25 08:00:00,4.7,45.7,83.6,40.1,45.4,40.6,143.0
2024-01-25 09:00:00,5.3,45.3,82.8,39.9,45.0,40.4,148.0
2024-01-25 10:00:00,5.6,45.2,80.6,39.7,44.9,40.2,145.0
2024-01-25 11:00:00,6.8,44.8,77.9,39.5,44.4,40.1,141.0
2024-01-25 12:00:00,8.1,42.6,77.1,38.5,42.9,39.1,129.0
2024-01-25 13:00:00,8.6,42.4,72.6,37.5,41.6,38.1,116.0
2024-01-25 14:00:00,8.6,43.6,74.5,38.5,43.4,39.1,131.0
2024-01-25 15:00:00,7.7,44.2,75.8,39.0,43.8,39.5,136.0
2024-01-25 16:00:00,8.3,43.8,76.2,39.5,44.5,40.0,140.0
2024-01-25 17:00:00,7.7,44.2,77.8,39.5,44.4,40.0,138.0
2024-01-25 18:00:00,7.9,44.0,79.0,39.5,44.4,40.1,138.0
2024-01-25 19:00:00,7.2,44.4,77.6,39.4,44.2,39.9,135.0
2024-01-25 20:00:00,7.3,45.2,77.4,39.8,45.1,40.2,140.0
2024-01-25 21:00:00,7.1,45.3,79.7,40.9,46.2,41.2,154.0
2024-01-25 22:00:00,6.9,45.4,79.3,40.1,40.0,40.4,128.0
2024-01-25 23:00:00,7.0,45.4,51.2,38.4,34.0,33.9,0.0
2024-01-26 00:00:00,6.8,45.6,48.5,36.2,30.0,29.0,0.0
2024-01-26 01:00:00,6.7,45.6,48.4,34.9,27.8,25.9,0.0
2024-01-26 02:00:00,5.4,46.6,45.3,32.9,25.8,25.2,0.0
2024-01-26 03:00:00,5.7,46.4,43.6,31.3,25.1,24.6,0.0
2024-01-26 04:00:00,6.7,45.6,41.8,30.0,24.7,24.1,0.0
2024-01-26 05:00:00,6.7,45.6,40.3,28.9,24.2,23.6,0.0
2024-01-26 06:00:00,6.7,45.7,66.3,53.2,38.4,30.6,88.0
2024-01-26 07:00:00,6.7,45.6,81.1,42.6,48.0,42.5,232.0
2024-01-26 08:00:00,7.0,45.4,80.6,39.5,44.7,39.9,135.0
2024-01-26 09:00:00,7.1,45.3,78.8,39.8,44.9,40.2,150.0
2024-01-26 10:00:00,7.1,45.3,78.0,39.8,45.0,40.2,148.0
2024-01-26 11:00:00,7.1,45.3,77.3,40.0,45.0,40.3,147.0
2024-01-26 12:00:00,6.6,45.7,78.0,40.0,45.1,40.4,147.0
2024-01-26 13:00:00,7.2,43.7,78.0,40.1,45.0,40.6,143.0
2024-01-26 14:00:00,7.1,43.8,77.9,38.7,43.3,39.3,128.0
2024-01-26 15:00:00,7.7,43.5,78.1,38.4,43.0,39.0,127.0
2024-01-26 16:00:00,7.9,43.4,78.1,38.4,43.3,39.2,128.0
2024-01-26 17:00:00,7.8,44.1,78.2,38.4,43.4,39.0,129.0
2024-01-26 18:00:00,7.1,44.6,80.8,39.4,44.5,40.0,142.0
2024-01-26 19:00:00,7.3,44.4,80.5,39.7,44.7,40.3,143.0
2024-01-26 20:00:00,5.6,45.6,78.1,39.9,45.8,40.1,139.0
2024-01-26 21:00:00,5.8,45.4,78.0,40.8,45.3,41.3,159.0
2024-01-26 22:00:00,3.2,49.1,80.6,42.7,48.9,42.4,167.0
2024-01-26 23:00:00,2.9,49.4,77.2,40.7,34.5,34.6,0.0
2024-01-27 00:00:00,1.5,50.4,70.3,38.0,30.5,29.6,0.0
2024-01-27 01:00:00,2.9,49.4,64.4,35.7,27.4,26.8,0.0
2024-01-27 02:00:00,4.5,48.3,59.6,34.0,26.9,25.7,0.0
2024-01-27 03:00:00,3.9,48.7,58.4,32.3,28.5,24.8,0.0
2024-01-27 04:00:00,3.3,49.1,60.5,24.6,34.4,23.6,0.0
2024-01-27 05:00:00,4.0,48.7,58.2,22.5,34.5,24.0,0.0
2024-01-27 06:00:00,3.9,48.7,78.8,37.5,45.0,36.8,161.0
2024-01-27 07:00:00,3.7,48.9,87.7,43.9,48.9,44.1,232.0
2024-01-27 08:00:00,3.8,48.8,87.7,42.6,49.0,42.8,171.0
2024-01-27 09:00:00,5.4,46.6,85.0,42.0,46.9,42.4,170.0
2024-01-27 10:00:00,5.5,46.6,83.1,40.6,46.4,40.9,147.0
2024-01-27 11:00:00,5.5,46.6,81.0,41.1,46.5,41.4,160.0
2024-01-27 12:00:00,5.4,46.6,79.6,41.0,46.4,41.3,152.0
2024-01-27 13:00:00,6.7,45.2,78.4,40.8,45.7,41.0,155.0
2024-01-27 14:00:00,7.0,45.0,77.4,40.2,45.1,40.5,143.0
2024-01-27 15:00:00,6.4,45.5,76.3,40.2,44.8,40.5,143.0
2024-01-27 16:00:00,6.1,45.9,78.3,40.6,46.2,40.7,145.0
2024-01-27 17:00:00,6.7,45.3,79.8,41.2,46.4,41.5,154.0
2024-01-27 18:00:00,6.6,45.4,77.7,40.4,45.4,40.8,143.0
2024-01-27 19:00:00,6.4,47.4,77.6,40.5,45.5,40.8,148.0
2024-01-27 20:00:00,6.4,47.4,78.4,42.5,47.9,42.6,172.0
2024-01-27 21:00:00,6.0,49.0,77.8,42.8,48.0,42.7,165.0
2024-01-27 22:00:00,4.9,49.7,83.2,44.2,46.7,44.0,188.0
2024-01-27 23:00:00,5.9,49.0,58.9,42.0,34.9,35.2,0.0
2024-01-28 00:00:00,4.2,50.1,55.3,39.3,31.7,30.9,0.0
2024-01-28 01:00:00,5.1,49.5,53.0,37.0,27.7,27.0,0.0
2024-01-28 02:00:00,3.8,50.3,50.2,34.9,26.5,26.0,0.0
2024-01-28 03:00:00,3.6,50.4,47.7,33.1,25.9,25.6,0.0
2024-01-28 04:00:00,4.8,49.8,45.3,31.6,25.3,25.0,0.0
2024-01-28 05:00:00,4.6,49.9,43.1,30.3,24.7,24.4,0.0
2024-01-28 06:00:00,5.1,49.6,85.5,38.6,47.3,37.3,176.0
2024-01-28 07:00:00,4.3,50.1,82.2,44.6,49.7,44.6,241.0
2024-01-28 08:00:00,2.5,51.0,85.2,44.0,50.6,43.8,181.0
2024-01-28 09:00:00,3.3,50.6,83.7,44.7,50.8,44.4,198.0
2024-01-28 10:00:00,4.0,50.2,80.6,44.7,50.5,44.5,194.0
2024-01-28 11:00:00,3.4,50.4,82.2,44.3,50.3,44.0,185.0
2024-01-28 12:00:00,4.6,49.9,80.5,44.3,50.0,44.2,188.0
2024-01-28 13:00:00,4.8,49.8,82.5,43.9,49.8,43.7,183.0
2024-01-28 14:00:00,5.0,46.0,78.7,40.7,45.2,41.2,145.0
2024-01-28 15:00:00,4.8,46.1,80.8,40.6,46.1,41.0,148.0
2024-01-28 16:00:00,3.9,46.9,83.8,42.3,48.2,42.6,167.0
2024-01-28 17:00:00,4.2,46.7,83.8,41.7,47.1,42.0,155.0
2024-01-28 18:00:00,4.6,46.3,83.7,40.9,46.1,41.5,150.0
2024-01-28 19:00:00,4.7,46.2,83.7,40.9,46.1,41.3,148.0
2024-01-28 20:00:00,4.8,46.1,83.8,41.0,46.4,41.4,153.0
2024-01-28 21:00:00,4.8,46.1,83.7,41.1,46.4,41.4,153.0
2024-01-28 22:00:00,5.4,45.8,82.9,40.9,41.1,41.2,142.0
2024-01-28 23:00:00,4.7,46.2,62.5,39.3,34.0,34.0,0.0
2024-01-29 00:00:00,5.5,45.8,58.7,37.0,30.4,29.3,0.0
2024-01-29 01:00:00,4.8,46.1,56.1,35.1,26.9,26.3,0.0
2024-01-29 02:00:00,4.4,46.5,53.0,33.4,25.8,25.3,0.0
2024-01-29 03:00:00,4.5,46.4,50.1,31.9,25.2,24.7,0.0
2024-01-29 04:00:00,3.9,46.9,47.4,30.6,24.6,24.3,0.0
2024-01-29 05:00:00,3.8,46.9,38.0,44.0,35.7,24.5,0.0
2024-01-29 06:00:00,3.2,47.6,80.5,36.8,45.0,35.7,145.0
2024-01-29 07:00:00,3.0,47.8,87.0,42.7,47.7,43.1,226.0
2024-01-29 08:00:00,2.6,48.1,86.7,41.2,47.4,41.6,156.0
2024-01-29 09:00:00,3.3,47.5,86.3,42.4,48.4,42.6,179.0
2024-01-29 10:00:00,3.4,47.5,82.8,41.7,47.1,42.0,166.0
2024-01-29 11:00:00,3.9,47.0,81.3,41.2,46.8,41.5,156.0
2024-01-29 12:00:00,4.2,45.7,80.1,41.2,46.3,41.6,159.0
2024-01-29 13:00:00,4.6,45.3,79.8,40.7,45.9,41.1,148.0
2024-01-29 14:00:00,4.6,46.3,79.7,40.3,45.7,40.8,144.0
2024-01-29 15:00:00,5.6,45.8,80.9,40.8,46.3,41.2,153.0
2024-01-29 16:00:00,6.0,46.2,80.9,41.0,46.3,41.4,157.0
2024-01-29 17:00:00,5.9,46.2,80.7,41.0,46.3,41.4,155.0
2024-01-29 18:00:00,5.4,46.3,81.9,41.2,46.7,41.5,156.0
2024-01-29 19:00:00,5.1,46.2,82.9,41.4,46.8,41.7,158.0
2024-01-29 20:00:00,5.0,47.5,86.5,41.9,48.0,42.1,165.0
2024-01-29 21:00:00,6.2,46.9,78.7,41.3,46.6,41.5,152.0
2024-01-29 22:00:00,5.4,47.3,79.7,42.0,47.4,42.1,163.0
2024-01-29 23:00:00,5.1,47.4,64.7,40.5,34.3,34.5,35.0
2024-01-30 00:00:00,5.0,47.5,60.8,37.9,31.9,30.8,0.0
2024-01-30 01:00:00,4.4,47.9,57.9,35.8,27.7,26.6,0.0
2024-01-30 02:00:00,4.9,47.5,55.6,34.0,26.9,25.3,0.0
2024-01-30 03:00:00,3.1,48.9,55.4,31.8,27.1,24.5,0.0
2024-01-30 04:00:00,3.4,48.7,58.2,27.2,32.2,23.5,0.0
2024-01-30 05:00:00,3.1,48.9,33.6,36.3,31.4,24.8,0.0
2024-01-30 06:00:00,2.1,49.6,69.7,35.5,41.9,34.9,140.0
2024-01-30 07:00:00,0.2,51.1,81.4,44.5,51.6,43.2,230.0
2024-01-30 08:00:00,2.2,48.8,90.1,42.8,48.0,43.1,195.0
2024-01-30 09:00:00,3.3,47.9,89.9,42.0,48.1,42.4,171.0
2024-01-30 10:00:00,4.2,46.7,86.9,41.8,47.1,42.2,168.0
2024-01-30 11:00:00,4.8,46.1,83.6,40.5,45.7,41.0,151.0
2024-01-30 12:00:00,5.2,45.9,82.9,40.4,45.7,40.9,149.0
2024-01-30 13:00:00,5.7,45.8,80.6,40.4,45.4,40.9,148.0
2024-01-30 14:00:00,5.5,45.8,79.2,40.3,45.2,40.7,145.0
2024-01-30 15:00:00,5.9,45.7,79.1,40.1,45.2,40.5,141.0
2024-01-30 16:00:00,5.4,45.8,78.8,40.1,45.2,40.5,142.0
2024-01-30 17:00:00,5.7,45.8,80.9,40.4,45.7,40.8,148.0
2024-01-30 18:00:00,4.8,46.2,83.9,41.0,46.6,41.4,157.0
2024-01-30 19:00:00,4.6,48.3,84.7,41.9,47.8,42.1,167.0
2024-01-30 20:00:00,4.0,48.7,84.5,43.1,48.9,43.3,181.0
2024-01-30 21:00:00,2.7,49.6,85.8,43.2,49.2,43.3,172.0
2024-01-30 22:00:00,2.2,49.9,86.5,44.5,50.5,44.5,190.0
2024-01-30 23:00:00,0.8,51.0,86.3,44.0,44.2,43.9,173.0
2024-01-31 00:00:00,0.4,51.2,70.7,42.0,35.3,35.0,0.0
2024-01-31 01:00:00,-0.6,51.9,61.9,39.1,30.7,29.7,0.0
2024-01-31 02:00:00,-0.2,51.7,58.5,36.4,26.9,26.0,0.0
2024-01-31 03:00:00,-0.6,51.9,55.2,34.2,25.5,24.9,0.0
2024-01-31 04:00:00,-1.8,52.8,52.1,32.2,24.7,24.0,0.0
2024-01-31 05:00:00,-2.1,49.4,36.2,38.3,36.5,23.8,0.0
2024-01-31 06:00:00,-2.0,49.4,83.5,38.6,47.1,37.4,170.0
2024-01-31 07:00:00,-2.3,51.0,91.4,44.2,50.3,44.4,243.0
2024-01-31 08:00:00,-0.5,50.2,91.0,43.5,49.8,43.6,191.0
2024-01-31 09:00:00,0.9,49.6,89.3,43.6,49.8,43.8,189.0
2024-01-31 10:00:00,1.7,49.3,87.3,43.4,49.5,43.7,184.0
2024-01-31 11:00:00,2.8,48.9,86.8,43.1,49.0,43.3,178.0
2024-01-31 12:00:00,3.6,48.5,86.6,43.1,48.6,43.4,180.0
2024-01-31 13:00:00,4.7,48.1,94.6,42.7,48.7,43.1,172.0
2024-01-31 14:00:00,5.4,45.8,98.1,40.9,46.1,41.6,148.0
2024-01-31 15:00:00,5.9,45.7,98.5,40.1,45.5,40.8,140.0
2024-01-31 16:00:00,6.0,45.7,78.6,38.8,43.4,39.5,123.0
2024-01-31 17:00:00,5.1,45.9,80.3,41.2,46.6,41.5,159.0
2024-01-31 18:00:00,2.6,47.4,84.5,41.9,47.4,42.2,162.0
2024-01-31 19:00:00,3.0,47.1,85.9,42.2,47.9,42.6,165.0
2024-01-31 20:00:00,1.7,47.9,83.8,41.4,47.4,41.6,152.0
2024-01-31 21:00:00,0.3,48.7,83.4,43.0,48.6,43.2,179.0
2024-01-31 22:00:00,1.0,48.4,84.0,43.4,49.0,43.4,173.0
2024-01-31 23:00:00,0.2,48.8,79.3,41.3,34.7,34.8,0.0
2024-02-01 00:00:00,-0.4,49.3,72.2,38.6,31.8,30.7,0.0
2024-02-01 01:00:00,-1.6,50.0,71.1,31.8,34.2,26.1,0.0
2024-02-01 02:00:00,-1.8,50.2,67.1,25.7,32.1,25.3,0.0
2024-02-01 03:00:00,-0.8,49.5,64.1,24.3,30.4,24.1,0.0
2024-02-01 04:00:00,-2.1,50.3,60.9,23.5,28.7,23.9,0.0
2024-02-01 05:00:00,-2.3,50.4,36.3,41.1,34.1,24.1,0.0
2024-02-01 06:00:00,-1.7,50.0,74.8,34.6,41.8,33.4,123.0
2024-02-01 07:00:00,-2.9,50.8,84.0,45.4,52.8,44.1,253.0
2024-02-01 08:00:00,-0.7,49.4,87.9,43.9,49.9,43.9,203.0
2024-02-01 09:00:00,0.6,48.6,89.7,43.1,49.4,43.3,184.0
2024-02-01 10:00:00,1.7,47.3,86.4,42.4,48.0,42.8,178.0
2024-02-01 11:00:00,2.6,46.6,85.1,41.3,46.7,41.8,161.0
2024-02-01 12:00:00,3.8,45.8,83.4,40.7,46.2,41.2,154.0
2024-02-01 13:00:00,4.7,45.2,80.4,40.2,45.3,40.7,147.0
2024-02-01 14:00:00,5.5,44.9,78.6,39.6,44.7,40.2,138.0
2024-02-01 15:00:00,6.1,44.8,78.3,39.7,44.6,40.2,140.0
2024-02-01 16:00:00,6.5,44.7,77.4,39.5,44.3,40.1,134.0
2024-02-01 17:00:00,6.1,44.8,79.1,39.5,44.6,40.0,136.0
2024-02-01 18:00:00,4.7,45.2,80.5,40.0,45.2,40.5,144.0
2024-02-01 19:00:00,4.5,45.3,83.0,40.5,45.6,41.0,150.0
2024-02-01 20:00:00,4.2,45.5,79.4,40.2,44.9,40.8,142.0
2024-02-01 21:00:00,3.0,46.4,79.6,40.7,45.9,41.1,148.0
2024-02-01 22:00:00,2.4,46.8,66.4,40.2,34.9,35.2,70.0
2024-02-01 23:00:00,3.1,46.3,51.6,38.2,32.8,32.2,0.0
2024-02-02 00:00:00,2.7,46.6,50.1,35.9,27.6,26.8,0.0
2024-02-02 01:00:00,3.1,46.3,47.8,33.8,25.8,25.4,0.0
2024-02-02 02:00:00,3.8,45.8,45.7,32.2,24.7,24.4,0.0
2024-02-02 03:00:00,4.1,45.7,43.7,30.7,24.1,23.8,0.0
2024-02-02 04:00:00,3.8,45.8,41.7,29.4,23.5,23.3,0.0
2024-02-02 05:00:00,4.4,45.4,39.9,28.4,23.2,22.8,0.0
2024-02-02 06:00:00,4.2,45.6,84.1,32.8,42.0,32.6,119.0
2024-02-02 07:00:00,3.9,45.7,73.7,42.5,48.3,41.3,216.0
2024-02-02 08:00:00,4.3,45.4,83.3,39.7,44.6,40.3,151.0
2024-02-02 09:00:00,5.0,45.0,83.8,39.6,45.1,40.2,149.0
2024-02-02 10:00:00,4.4,45.3,80.5,39.4,44.7,40.0,143.0
2024-02-02 11:00:00,5.4,44.9,79.6,39.5,44.6,40.1,145.0
2024-02-02 12:00:00,5.6,44.9,78.8,39.5,44.5,39.9,144.0
2024-02-02 13:00:00,6.5,44.7,77.8,39.2,44.1,39.8,138.0
2024-02-02 14:00:00,5.9,44.8,76.7,39.4,44.1,39.9,140.0
2024-02-02 15:00:00,5.7,44.9,74.9,39.5,44.1,39.9,140.0
2024-02-02 16:00:00,5.8,45.3,77.2,39.7,45.1,40.1,142.0
2024-02-02 17:00:00,5.7,45.3,78.0,40.4,45.6,40.7,151.0
2024-02-02 18:00:00,6.1,45.2,79.7,40.6,46.0,40.9,153.0
2024-02-02 19:00:00,4.3,48.1,82.0,42.0,47.9,42.1,166.0
2024-02-02 20:00:00,3.4,48.6,78.8,42.6,47.8,42.7,171.0
2024-02-02 21:00:00,2.4,49.4,84.9,44.1,50.2,43.8,187.0
2024-02-02 22:00:00,3.1,48.9,83.6,43.8,49.6,43.9,179.0
2024-02-02 23:00:00,3.3,48.7,56.1,41.9,34.4,34.5,0.0
2024-02-03 00:00:00,1.9,49.8,52.8,38.9,31.8,31.0,0.0
2024-02-03 01:00:00,1.4,50.2,50.1,36.3,27.4,26.5,0.0
2024-02-03 02:00:00,1.0,50.5,47.6,34.1,25.8,25.3,0.0
2024-02-03 03:00:00,1.7,49.9,45.3,32.3,25.2,24.5,0.0
2024-02-03 04:00:00,2.4,49.4,43.3,30.7,24.5,23.9,0.0
2024-02-03 05:00:00,1.6,50.0,41.4,29.4,23.8,23.3,0.0
2024-02-03 06:00:00,1.6,50.0,87.9,42.1,50.8,40.7,232.0
2024-02-03 07:00:00,2.0,49.7,82.7,43.5,48.4,43.7,216.0
2024-02-03 08:00:00,3.2,47.6,85.2,42.3,48.3,42.5,170.0
2024-02-03 09:00:00,3.0,47.8,82.7,41.7,47.7,41.9,163.0
2024-02-03 10:00:00,4.4,46.5,82.8,41.7,47.3,41.9,167.0
2024-02-03 11:00:00,4.9,46.0,71.4,40.7,44.9,41.0,150.0
2024-02-03 12:00:00,5.6,45.3,78.4,40.5,45.7,40.8,150.0
2024-02-03 13:00:00,6.7,45.8,76.1,40.3,45.7,40.6,141.0
2024-02-03 14:00:00,7.8,45.5,67.8,40.2,44.6,40.5,140.0
2024-02-03 15:00:00,8.8,45.1,74.3,40.5,45.6,40.6,143.0
2024-02-03 16:00:00,10.0,44.7,73.6,40.5,45.4,40.8,140.0
2024-02-03 17:00:00,9.1,45.0,76.7,40.3,45.8,40.5,139.0
2024-02-03 18:00:00,6.7,47.1,79.4,40.6,45.8,40.9,148.0
2024-02-03 19:00:00,6.0,49.1,74.8,42.0,47.1,42.3,165.0
2024-02-03 20:00:00,5.7,50.0,83.4,44.2,50.0,44.1,190.0
2024-02-03 21:00:00,5.6,50.1,84.3,44.4,50.4,44.4,183.0
2024-02-03 22:00:00,4.3,50.8,84.2,44.7,50.7,44.7,185.0
2024-02-03 23:00:00,4.2,50.8,66.5,42.6,35.3,35.7,0.0
2024-02-04 00:00:00,4.1,50.9,59.2,40.0,30.3,29.2,0.0
2024-02-04 01:00:00,3.2,51.3,56.9,37.3,27.3,26.9,0.0
2024-02-04 02:00:00,3.4,51.2,53.9,35.0,26.3,25.7,0.0
2024-02-04 03:00:00,4.7,50.6,51.1,33.1,25.3,24.7,0.0
2024-02-04 04:00:00,4.4,50.7,48.5,31.5,24.7,24.0,0.0
2024-02-04 05:00:00,4.2,50.8,46.2,30.1,24.2,23.7,0.0
2024-02-04 06:00:00,4.2,50.8,70.6,28.9,37.5,27.1,54.0
2024-02-04 07:00:00,4.5,50.7,84.2,46.2,53.6,44.9,288.0
2024-02-04 08:00:00,5.1,50.4,83.1,43.8,50.1,43.6,184.0
2024-02-04 09:00:00,5.4,50.2,79.3,44.1,49.9,43.8,187.0
2024-02-04 10:00:00,6.0,49.9,78.5,44.7,50.4,44.3,190.0
2024-02-04 11:00:00,6.4,49.7,73.8,44.3,49.4,44.0,181.0
2024-02-04 12:00:00,7.4,47.7,75.3,43.0,48.0,42.9,167.0
2024-02-04 13:00:00,8.1,46.7,72.0,41.5,46.7,41.3,142.0
2024-02-04 14:00:00,9.4,45.1,66.9,41.2,36.1,36.4,84.0
2024-02-04 15:00:00,9.8,44.6,53.6,39.4,33.6,32.9,0.0
2024-02-04 16:00:00,9.9,44.5,50.8,37.2,29.0,28.0,0.0
2024-02-04 17:00:00,9.0,45.6,50.5,35.5,26.6,26.1,0.0
2024-02-04 18:00:00,8.1,46.6,69.3,39.7,45.4,39.2,187.0
2024-02-04 19:00:00,7.1,47.9,79.9,42.9,48.2,42.8,192.0
2024-02-04 20:00:00,6.6,48.5,81.1,42.7,48.2,42.8,167.0
2024-02-04 21:00:00,5.7,49.6,81.0,43.3,49.2,43.3,173.0
2024-02-04 22:00:00,4.9,50.5,81.8,44.1,43.3,43.6,165.0
2024-02-04 23:00:00,5.2,50.2,54.1,41.7,34.3,34.5,0.0
2024-02-05 00:00:00,4.6,50.6,51.1,38.7,31.0,30.0,0.0
2024-02-05 01:00:00,5.3,50.1,48.6,36.3,27.3,26.5,0.0
2024-02-05 02:00:00,4.3,50.8,46.2,34.2,25.8,25.5,0.0
2024-02-05 03:00:00,4.4,50.7,44.0,32.5,25.2,24.9,0.0
2024-02-05 04:00:00,3.1,51.3,41.8,31.0,24.7,24.1,0.0
2024-02-05 05:00:00,2.9,47.1,33.4,36.5,26.8,24.3,0.0
2024-02-05 06:00:00,3.3,46.7,70.1,30.7,38.3,29.9,78.0
2024-02-05 07:00:00,3.4,46.6,85.3,43.7,49.8,43.8,249.0
2024-02-05 08:00:00,3.9,46.1,85.2,39.9,45.2,40.5,134.0
2024-02-05 09:00:00,5.2,44.9,83.5,40.4,45.5,41.1,154.0
2024-02-05 10:00:00,6.1,44.5,78.9,39.4,44.1,40.0,137.0
2024-02-05 11:00:00,7.1,44.1,78.8,38.9,43.8,39.5,133.0
2024-02-05 12:00:00,8.3,43.5,74.4,38.6,39.0,39.1,119.0
2024-02-05 13:00:00,10.0,42.8,54.5,37.4,33.8,33.7,0.0
2024-02-05 14:00:00,11.1,42.3,50.2,35.6,29.4,28.4,0.0
2024-02-05 15:00:00,11.3,42.3,48.3,34.0,26.4,26.1,0.0
2024-02-05 16:00:00,12.3,42.0,46.5,32.5,25.8,25.4,0.0
2024-02-05 17:00:00,12.2,43.0,68.3,30.7,37.7,30.0,62.0
2024-02-05 18:00:00,11.3,44.1,73.6,40.2,44.7,40.6,203.0
2024-02-05 19:00:00,9.8,44.3,75.6,39.1,43.9,39.6,129.0
2024-02-05 20:00:00,8.0,44.5,79.4,39.9,45.2,40.3,144.0
2024-02-05 21:00:00,7.9,46.1,75.7,40.4,45.5,40.7,143.0
2024-02-05 22:00:00,6.7,46.5,74.9,41.7,46.7,41.9,159.0
2024-02-05 23:00:00,6.9,46.4,50.4,40.4,34.4,34.5,0.0
2024-02-06 00:00:00,5.5,46.8,47.0,37.7,31.4,30.7,0.0
2024-02-06 01:00:00,4.6,47.3,45.2,35.4,27.3,26.7,0.0
2024-02-06 02:00:00,3.8,47.8,43.3,33.5,26.0,25.5,0.0
2024-02-06 03:00:00,4.1,47.7,41.4,31.7,25.1,24.6,0.0
2024-02-06 04:00:00,4.7,47.2,39.6,30.2,24.4,23.9,0.0
2024-02-06 05:00:00,4.9,47.0,52.8,24.9,25.6,23.8,0.0
2024-02-06 06:00:00,2.6,48.1,64.7,31.3,33.9,25.3,33.0
2024-02-06 07:00:00,2.4,48.4,73.1,40.1,45.9,39.6,231.0
2024-02-06 08:00:00,3.7,47.1,85.7,43.1,47.9,43.6,207.0
2024-02-06 09:00:00,5.8,47.5,84.0,41.5,47.3,41.8,154.0
2024-02-06 10:00:00,7.4,46.6,79.1,41.6,46.8,41.9,161.0
2024-02-06 11:00:00,8.6,45.9,75.3,41.2,46.1,41.5,150.0
2024-02-06 12:00:00,10.6,44.8,63.1,39.9,34.4,34.6,55.0
2024-02-06 13:00:00,12.7,44.0,51.7,38.0,32.5,31.7,0.0
2024-02-06 14:00:00,13.7,44.0,56.0,36.1,29.1,27.1,0.0
2024-02-06 15:00:00,14.3,44.0,52.6,33.8,26.8,25.6,0.0
2024-02-06 16:00:00,13.8,44.0,50.0,31.9,25.8,25.0,0.0
2024-02-06 17:00:00,12.9,44.0,64.6,26.9,33.7,26.9,34.0
2024-02-06 18:00:00,10.9,45.4,73.4,38.8,45.3,38.0,170.0
2024-02-06 19:00:00,10.0,45.8,75.3,41.3,45.6,41.6,176.0
2024-02-06 20:00:00,9.2,46.2,70.0,40.5,45.0,40.9,139.0
2024-02-06 21:00:00,9.3,46.1,76.5,41.4,46.6,41.7,154.0
2024-02-06 22:00:00,8.9,46.3,77.4,41.2,41.8,41.5,143.0
2024-02-06 23:00:00,6.9,47.1,64.9,39.4,34.3,34.4,0.0
2024-02-07 00:00:00,6.8,47.2,57.2,37.2,30.5,29.7,0.0
2024-02-07 01:00:00,6.6,47.3,53.8,35.1,27.0,26.5,0.0
2024-02-07 02:00:00,6.2,47.4,50.7,33.2,25.8,25.6,0.0
2024-02-07 03:00:00,5.3,47.8,47.7,31.5,25.1,24.9,0.0
2024-02-07 04:00:00,5.3,47.8,45.1,30.3,24.7,24.2,0.0
2024-02-07 05:00:00,4.5,48.3,52.3,26.4,32.0,23.4,0.0
2024-02-07 06:00:00,3.8,49.6,67.3,32.8,39.5,32.3,105.0
2024-02-07 07:00:00,4.2,48.5,80.9,43.9,50.9,42.6,222.0
2024-02-07 08:00:00,5.7,47.7,87.5,42.5,47.8,42.9,181.0
2024-02-07 09:00:00,6.6,47.3,84.9,41.2,46.6,41.6,152.0
2024-02-07 10:00:00,7.7,44.4,79.2,41.1,46.0,41.5,153.0
2024-02-07 11:00:00,9.1,43.6,75.4,39.0,43.2,39.6,122.0
2024-02-07 12:00:00,10.3,42.9,63.9,37.6,34.4,34.5,47.0
2024-02-07 13:00:00,11.8,42.1,50.9,36.2,32.0,31.2,0.0
2024-02-07 14:00:00,12.1,42.0,48.8,34.5,27.2,26.7,0.0
2024-02-07 15:00:00,12.3,42.0,47.1,33.0,25.9,25.7,0.0
2024-02-07 16:00:00,12.6,42.0,45.3,33.2,25.3,25.1,0.0
2024-02-07 17:00:00,11.8,42.1,30.3,33.3,28.3,24.3,0.0
2024-02-07 18:00:00,11.8,42.1,56.9,28.8,34.2,28.6,56.0
2024-02-07 19:00:00,11.3,42.4,72.9,39.7,43.6,40.3,196.0
2024-02-07 20:00:00,10.2,43.0,73.3,37.4,42.5,37.8,105.0
2024-02-07 21:00:00,9.4,43.5,72.1,39.3,43.7,39.9,144.0
2024-02-07 22:00:00,8.9,43.7,75.1,38.9,37.9,38.2,104.0
2024-02-07 23:00:00,8.3,44.1,52.0,37.1,33.5,33.4,0.0
2024-02-08 00:00:00,8.5,44.0,49.6,35.0,29.4,28.4,0.0
2024-02-08 01:00:00,7.1,44.8,48.2,33.3,26.5,25.9,0.0
2024-02-08 02:00:00,6.9,44.9,46.0,31.7,25.8,25.4,0.0
2024-02-08 03:00:00,5.9,45.4,44.0,30.3,25.3,24.8,0.0
2024-02-08 04:00:00,5.1,45.9,42.0,29.1,24.7,24.5,0.0
2024-02-08 05:00:00,5.8,45.4,40.2,28.1,24.3,23.9,0.0
2024-02-08 06:00:00,5.1,45.9,64.6,26.6,33.6,25.9,41.0
2024-02-08 07:00:00,5.2,45.8,80.6,42.4,50.0,40.9,227.0
2024-02-08 08:00:00,6.4,46.0,83.4,40.0,44.9,40.5,153.0
2024-02-08 09:00:00,7.6,45.0,79.6,39.7,44.7,40.2,144.0
2024-02-08 10:00:00,8.8,44.2,77.9,39.3,44.1,39.8,135.0
2024-02-08 11:00:00,10.3,43.2,63.1,38.1,34.5,34.3,0.0
2024-02-08 12:00:00,11.8,42.1,51.9,36.3,30.0,29.0,0.0
2024-02-08 13:00:00,12.9,42.0,49.9,34.4,26.5,26.0,0.0
2024-02-08 14:00:00,13.4,42.0,47.9,32.8,25.8,25.4,0.0
2024-02-08 15:00:00,13.3,42.0,45.8,31.5,25.2,24.8,0.0
2024-02-08 16:00:00,13.6,42.0,43.9,30.4,24.7,24.3,0.0
2024-02-08 17:00:00,13.4,44.0,52.6,25.3,30.6,24.8,0.0
2024-02-08 18:00:00,13.1,44.0,72.0,41.3,47.3,40.4,222.0
2024-02-08 19:00:00,11.8,44.1,72.5,38.9,43.1,39.5,128.0
2024-02-08 20:00:00,10.9,44.5,73.1,39.1,43.8,39.6,133.0
2024-02-08 21:00:00,9.6,46.3,77.0,41.0,47.1,40.9,148.0
2024-02-08 22:00:00,8.0,46.5,74.3,42.0,46.5,42.2,168.0
2024-02-08 23:00:00,8.3,46.5,64.4,40.0,34.2,34.3,0.0
2024-02-09 00:00:00,7.8,46.6,57.5,37.6,30.7,29.8,0.0
2024-02-09 01:00:00,7.8,46.6,54.0,35.3,27.3,26.7,0.0
2024-02-09 02:00:00,6.8,46.7,51.4,33.4,26.3,25.6,0.0
2024-02-09 03:00:00,7.4,46.6,48.6,31.7,25.2,24.9,0.0
2024-02-09 04:00:00,7.4,46.6,46.0,30.3,24.6,24.2,0.0
2024-02-09 05:00:00,6.8,46.7,51.8,30.0,27.3,23.6,0.0
2024-02-09 06:00:00,5.7,46.8,72.9,31.9,39.2,31.0,89.0
2024-02-09 07:00:00,5.5,46.8,83.6,42.7,47.8,43.2,239.0
2024-02-09 08:00:00,7.5,46.6,83.1,40.6,45.9,41.1,142.0
2024-02-09 09:00:00,8.3,46.5,78.3,40.6,45.7,41.0,149.0
2024-02-09 10:00:00,10.6,46.1,75.5,40.6,45.6,40.8,146.0
2024-02-09 11:00:00,11.6,46.0,71.8,40.6,45.4,40.9,142.0
2024-02-09 12:00:00,12.5,46.0,71.0,40.5,40.5,40.6,131.0
2024-02-09 13:00:00,13.7,46.0,55.6,39.0,34.1,34.2,0.0
2024-02-09 14:00:00,14.0,46.0,50.6,37.0,29.0,28.5,0.0
2024-02-09 15:00:00,14.3,46.0,48.6,35.0,26.7,26.3,0.0
2024-02-09 16:00:00,14.2,46.0,47.2,33.4,26.3,25.7,0.0
2024-02-09 17:00:00,13.9,45.0,72.3,40.0,46.0,39.2,189.0
2024-02-09 18:00:00,13.3,45.0,71.8,40.7,45.1,41.0,159.0
2024-02-09 19:00:00,13.0,45.0,71.9,39.7,44.4,40.1,129.0
2024-02-09 20:00:00,13.0,45.0,69.6,39.8,44.2,40.2,132.0
2024-02-09 21:00:00,12.9,45.0,72.2,40.8,45.9,40.7,137.0
2024-02-09 22:00:00,12.9,45.0,70.4,40.1,39.8,40.0,119.0
2024-02-09 23:00:00,12.9,45.0,53.7,38.5,34.1,34.2,0.0
2024-02-10 00:00:00,12.6,45.0,52.5,36.4,31.0,29.8,0.0
2024-02-10 01:00:00,11.0,45.3,49.4,34.7,27.4,26.7,0.0
2024-02-10 02:00:00,10.8,45.4,47.0,33.1,26.1,25.5,0.0
2024-02-10 03:00:00,10.1,45.7,44.8,31.7,25.2,24.9,0.0
2024-02-10 04:00:00,10.4,45.5,42.6,30.4,24.9,24.4,0.0
2024-02-10 05:00:00,10.3,45.6,48.7,26.9,24.2,23.9,0.0
2024-02-10 06:00:00,10.5,45.5,80.1,38.3,46.1,37.3,161.0
2024-02-10 07:00:00,11.0,45.3,79.8,40.6,45.0,41.1,173.0
2024-02-10 08:00:00,12.0,45.0,70.3,39.6,43.8,40.1,126.0
2024-02-10 09:00:00,12.4,45.0,71.1,39.9,44.5,40.1,133.0
2024-02-10 10:00:00,12.9,45.0,70.5,40.3,44.8,40.5,136.0
2024-02-10 11:00:00,13.3,45.0,62.5,40.0,38.4,38.5,103.0
2024-02-10 12:00:00,13.7,45.0,47.9,38.1,33.8,33.6,0.0
2024-02-10 13:00:00,13.9,45.0,46.0,36.1,29.2,28.5,0.0
2024-02-10 14:00:00,14.1,45.0,44.3,34.3,27.1,26.8,0.0
2024-02-10 15:00:00,14.1,45.0,42.6,32.8,26.5,25.9,0.0
2024-02-10 16:00:00,14.0,45.0,41.1,31.6,25.6,25.1,0.0
2024-02-10 17:00:00,13.6,45.0,39.6,30.5,25.0,24.7,0.0
2024-02-10 18:00:00,13.9,45.0,72.4,34.7,41.6,33.9,110.0
2024-02-10 19:00:00,13.9,45.0,69.3,41.8,45.8,42.0,193.0
2024-02-10 20:00:00,13.3,45.0,71.4,39.9,45.0,40.0,121.0
2024-02-10 21:00:00,13.5,45.0,65.2,40.9,41.6,41.2,144.0
2024-02-10 22:00:00,13.6,45.0,66.4,39.3,36.9,37.2,69.0
2024-02-10 23:00:00,13.5,45.0,61.7,37.3,33.8,33.4,0.0
2024-02-11 00:00:00,13.2,45.0,57.3,35.7,29.9,28.9,0.0
2024-02-11 01:00:00,13.9,45.0,54.0,33.9,27.5,26.7,0.0
2024-02-11 02:00:00,13.9,45.0,50.9,32.4,26.4,26.0,0.0
2024-02-11 03:00:00,13.8,45.0,48.0,31.1,26.1,25.5,0.0
2024-02-11 04:00:00,13.9,45.0,45.6,30.1,25.8,25.0,0.0
2024-02-11 05:00:00,14.0,45.0,43.4,29.2,25.3,24.8,0.0
2024-02-11 06:00:00,14.1,45.0,52.0,28.4,32.8,28.0,47.0
2024-02-11 07:00:00,14.3,45.0,71.7,42.3,47.6,41.6,215.0
2024-02-11 08:00:00,14.4,45.0,65.5,37.4,39.9,36.3,74.0
2024-02-11 09:00:00,14.9,45.0,73.1,37.2,37.1,37.4,90.0
2024-02-11 10:00:00,15.3,45.0,49.9,35.8,33.7,33.5,0.0
2024-02-11 11:00:00,15.8,45.0,47.1,34.1,29.2,28.7,0.0
2024-02-11 12:00:00,15.7,45.0,45.3,32.5,27.1,26.8,0.0
2024-02-11 13:00:00,15.4,45.0,43.4,31.2,26.5,26.1,0.0
2024-02-11 14:00:00,15.2,45.0,41.8,30.1,25.9,25.5,0.0
2024-02-11 15:00:00,15.0,45.0,40.3,29.2,25.4,25.0,0.0
2024-02-11 16:00:00,14.1,43.2,39.9,29.1,25.1,24.8,0.0
2024-02-11 17:00:00,14.2,43.2,72.3,40.1,46.4,39.2,191.0
2024-02-11 18:00:00,14.3,43.2,66.7,38.3,42.1,38.9,119.0
2024-02-11 19:00:00,14.3,43.2,71.1,39.0,44.1,39.3,120.0
2024-02-11 20:00:00,14.2,43.2,64.3,38.6,42.4,39.1,117.0
2024-02-11 21:00:00,13.8,43.2,63.2,39.2,42.8,39.6,121.0
2024-02-11 22:00:00,13.0,43.2,70.8,39.0,40.2,39.4,118.0
2024-02-11 23:00:00,12.2,43.2,55.7,37.4,34.1,34.2,0.0
2024-02-12 00:00:00,13.0,43.2,52.2,35.5,30.4,29.6,0.0
2024-02-12 01:00:00,12.7,43.2,49.5,33.9,27.4,26.9,0.0
2024-02-12 02:00:00,11.9,43.2,48.6,33.1,27.1,26.1,0.0
2024-02-12 03:00:00,11.7,43.3,45.3,31.2,25.8,25.6,0.0
2024-02-12 04:00:00,11.5,43.5,43.2,30.1,25.4,24.9,0.0
2024-02-12 05:00:00,11.5,43.5,28.6,32.7,28.2,24.2,0.0
2024-02-12 06:00:00,11.0,43.8,75.4,27.1,35.7,26.1,34.0
2024-02-12 07:00:00,11.0,45.5,78.7,42.8,47.9,43.1,241.0
2024-02-12 08:00:00,11.4,45.4,76.3,39.8,44.6,40.3,119.0
2024-02-12 09:00:00,11.6,45.3,74.1,41.1,45.9,41.5,146.0
2024-02-12 10:00:00,12.1,45.2,72.0,40.7,45.1,40.9,131.0
2024-02-12 11:00:00,12.1,45.2,72.5,40.5,45.0,40.8,130.0
2024-02-12 12:00:00,11.9,45.2,72.6,40.4,45.0,40.8,131.0
2024-02-12 13:00:00,12.7,43.0,72.2,38.6,42.5,39.2,109.0
2024-02-12 14:00:00,13.3,43.0,70.0,37.8,36.6,36.8,75.0
2024-02-12 15:00:00,13.2,43.0,59.6,34.5,34.8,35.1,45.0
2024-02-12 16:00:00,13.4,43.0,72.7,41.1,45.1,41.5,169.0
2024-02-12 17:00:00,12.6,43.0,71.9,38.0,42.2,38.8,94.0
2024-02-12 18:00:00,12.2,46.0,76.4,38.7,43.5,39.3,119.0
2024-02-12 19:00:00,11.7,46.1,75.4,41.8,46.9,42.1,154.0
2024-02-12 20:00:00,11.5,46.2,68.0,41.5,45.7,41.8,137.0
2024-02-12 21:00:00,11.5,45.7,76.2,41.3,46.2,41.6,138.0
2024-02-12 22:00:00,10.4,46.5,76.8,41.5,41.7,41.8,133.0
2024-02-12 23:00:00,10.8,46.2,63.0,39.7,34.7,34.6,0.0
2024-02-13 00:00:00,10.8,46.2,58.3,37.6,31.6,30.8,0.0
2024-02-13 01:00:00,10.7,46.3,54.7,35.6,28.3,27.7,0.0
2024-02-13 02:00:00,9.3,47.2,51.5,33.9,27.1,26.6,0.0
2024-02-13 03:00:00,10.3,46.5,48.6,32.5,26.3,25.7,0.0
2024-02-13 04:00:00,9.8,46.9,46.0,31.2,25.3,25.0,0.0
2024-02-13 05:00:00,10.1,46.7,32.6,30.0,25.1,24.9,0.0
2024-02-13 06:00:00,9.7,47.3,71.9,32.7,39.8,32.2,87.0
2024-02-13 07:00:00,9.5,47.3,82.5,44.3,49.2,44.5,233.0
2024-02-13 08:00:00,9.6,47.3,81.6,41.3,46.6,41.6,131.0
2024-02-13 09:00:00,10.2,46.3,80.8,41.7,46.9,42.1,152.0
2024-02-13 10:00:00,10.6,46.0,79.7,41.4,46.3,41.7,146.0
2024-02-13 11:00:00,10.5,44.4,77.0,40.7,45.0,41.1,136.0
2024-02-13 12:00:00,11.1,44.2,74.7,39.3,43.6,39.9,118.0
2024-02-13 13:00:00,10.6,44.4,73.3,39.1,43.7,39.8,118.0
2024-02-13 14:00:00,10.6,44.4,75.2,39.6,44.1,40.2,127.0
2024-02-13 15:00:00,9.3,44.8,75.2,39.8,44.5,40.3,127.0
2024-02-13 16:00:00,9.6,44.6,77.8,40.3,45.2,40.8,134.0
2024-02-13 17:00:00,9.8,44.6,78.0,40.4,45.1,40.9,132.0
2024-02-13 18:00:00,9.1,44.8,78.6,40.3,45.0,40.9,131.0
2024-02-13 19:00:00,8.9,44.9,79.0,40.5,45.2,41.0,133.0
2024-02-13 20:00:00,8.9,44.8,72.4,40.1,44.3,40.6,125.0
2024-02-13 21:00:00,8.9,44.8,75.0,40.0,45.0,40.4,126.0
2024-02-13 22:00:00,8.6,45.0,75.2,40.1,38.9,39.1,104.0
2024-02-13 23:00:00,8.2,45.0,64.1,38.5,34.3,34.3,0.0
2024-02-14 00:00:00,8.4,45.0,58.0,36.6,29.1,28.3,0.0
2024-02-14 01:00:00,8.0,45.1,55.1,34.8,27.3,27.0,0.0
2024-02-14 02:00:00,8.2,45.0,51.9,33.2,26.7,26.2,0.0
2024-02-14 03:00:00,7.8,45.2,49.0,31.9,25.7,25.3,0.0
2024-02-14 04:00:00,7.6,45.2,46.3,30.7,25.2,24.8,0.0
2024-02-14 05:00:00,8.0,45.1,44.0,29.6,24.9,24.6,0.0
2024-02-14 06:00:00,6.9,45.4,66.7,50.7,38.3,27.1,45.0
2024-02-14 07:00:00,6.9,45.4,81.2,42.4,48.2,42.4,229.0
2024-02-14 08:00:00,6.0,45.7,80.6,39.8,44.8,40.4,130.0
2024-02-14 09:00:00,6.3,45.6,79.5,40.2,45.3,40.7,143.0
2024-02-14 10:00:00,6.6,45.5,79.0,40.3,45.2,40.8,141.0
2024-02-14 11:00:00,6.8,45.4,78.3,40.2,45.1,40.6,138.0
2024-02-14 12:00:00,7.2,45.3,77.7,40.1,44.9,40.6,136.0
2024-02-14 13:00:00,7.8,45.1,76.9,40.1,44.8,40.6,134.0
2024-02-14 14:00:00,8.0,45.1,75.2,40.0,44.6,40.4,131.0
2024-02-14 15:00:00,7.8,45.2,76.8,39.9,44.8,40.4,131.0
2024-02-14 16:00:00,8.0,45.1,76.6,39.9,44.7,40.4,129.0
2024-02-14 17:00:00,7.7,45.2,76.0,39.8,44.7,40.3,132.0
2024-02-14 18:00:00,7.6,45.2,79.1,40.9,46.0,41.3,144.0
2024-02-14 19:00:00,8.5,45.0,79.9,40.7,45.5,41.3,137.0
2024-02-14 20:00:00,7.5,45.2,70.2,40.6,44.3,41.2,136.0
2024-02-14 21:00:00,7.4,45.2,76.1,39.9,45.0,40.2,126.0
2024-02-14 22:00:00,7.1,46.0,76.9,41.5,42.1,42.0,154.0
2024-02-14 23:00:00,6.5,46.0,48.7,39.9,34.3,34.6,0.0
2024-02-15 00:00:00,6.0,46.0,45.5,37.4,31.3,30.4,0.0
2024-02-15 01:00:00,5.4,46.0,44.6,35.1,27.6,27.1,0.0
2024-02-15 02:00:00,5.0,46.0,42.8,33.2,26.6,26.5,0.0
2024-02-15 03:00:00,4.3,46.6,41.1,31.5,26.1,25.6,0.0
2024-02-15 04:00:00,4.6,46.3,39.5,30.1,25.0,24.5,0.0
2024-02-15 05:00:00,3.1,47.7,37.8,28.8,24.1,23.9,0.0
2024-02-15 06:00:00,3.6,49.1,79.1,30.3,38.7,29.3,75.0
2024-02-15 07:00:00,2.1,50.1,86.4,45.5,51.2,45.4,281.0
2024-02-15 08:00:00,3.8,49.0,83.6,42.8,48.9,42.8,163.0
2024-02-15 09:00:00,4.7,48.4,80.6,43.1,48.0,43.3,181.0
2024-02-15 10:00:00,5.6,48.0,79.8,42.6,48.2,42.7,162.0
2024-02-15 11:00:00,6.1,47.9,79.9,42.4,48.2,42.5,162.0
2024-02-15 12:00:00,6.8,47.7,76.4,42.3,47.9,42.1,155.0
2024-02-15 13:00:00,7.4,47.5,71.6,42.6,47.0,42.7,159.0
2024-02-15 14:00:00,8.0,47.3,75.3,42.8,48.3,42.8,153.0
2024-02-15 15:00:00,8.8,47.1,70.2,42.5,47.0,42.7,148.0
2024-02-15 16:00:00,8.8,47.1,66.4,42.0,46.2,42.0,143.0
2024-02-15 17:00:00,8.5,47.2,72.9,42.5,47.5,42.4,154.0
2024-02-15 18:00:00,8.0,47.3,72.0,42.6,47.2,42.7,157.0
2024-02-15 19:00:00,8.2,47.3,73.4,42.4,47.0,42.7,150.0
2024-02-15 20:00:00,6.9,47.6,82.1,42.9,48.6,43.0,160.0
2024-02-15 21:00:00,7.0,47.6,81.5,42.4,47.5,42.7,151.0
2024-02-15 22:00:00,5.4,48.0,83.4,42.1,48.0,42.3,149.0
2024-02-15 23:00:00,5.4,48.0,54.9,40.3,34.4,34.6,0.0
2024-02-16 00:00:00,3.4,49.2,51.9,37.7,31.4,30.4,0.0
2024-02-16 01:00:00,2.7,49.6,49.4,35.3,27.8,27.0,0.0
2024-02-16 02:00:00,3.3,49.3,47.2,33.4,26.3,25.6,0.0
2024-02-16 03:00:00,3.6,49.1,45.9,31.6,25.6,24.7,0.0
2024-02-16 04:00:00,2.4,49.9,44.2,30.1,24.6,23.8,0.0
2024-02-16 05:00:00,2.3,50.0,42.6,28.6,23.8,23.3,0.0
2024-02-16 06:00:00,1.8,50.3,84.3,30.8,40.3,29.6,81.0
2024-02-16 07:00:00,1.1,50.9,89.2,46.4,52.5,46.3,291.0
2024-02-16 08:00:00,3.4,49.2,85.8,42.9,49.2,43.0,159.0
2024-02-16 09:00:00,4.3,48.6,76.7,43.5,48.1,43.7,176.0
2024-02-16 10:00:00,5.4,48.0,77.5,42.7,47.8,42.9,161.0
2024-02-16 11:00:00,6.4,47.8,77.3,42.2,47.5,42.3,156.0
2024-02-16 12:00:00,7.4,44.9,75.3,40.9,45.7,41.2,143.0
2024-02-16 13:00:00,8.3,43.9,54.8,39.5,34.5,34.7,0.0
2024-02-16 14:00:00,9.2,43.0,46.9,37.5,31.5,30.5,0.0
2024-02-16 15:00:00,9.6,42.6,45.2,35.4,27.6,26.8,0.0
2024-02-16 16:00:00,9.9,42.3,43.7,33.6,26.1,25.8,0.0
2024-02-16 17:00:00,9.5,42.7,42.4,32.2,25.5,25.0,0.0
2024-02-16 18:00:00,8.5,47.5,79.1,40.4,47.9,39.5,192.0
2024-02-16 19:00:00,7.2,48.4,74.4,43.1,47.7,43.1,196.0
2024-02-16 20:00:00,6.2,49.1,77.9,43.7,49.3,43.6,177.0
2024-02-16 21:00:00,5.0,50.0,81.3,44.1,49.8,44.0,179.0
2024-02-16 22:00:00,4.5,50.2,77.8,43.3,38.3,38.4,101.0
2024-02-16 23:00:00,3.4,50.8,63.0,40.7,34.2,33.4,0.0
2024-02-17 00:00:00,4.9,50.0,59.3,37.8,28.7,28.1,0.0
2024-02-17 01:00:00,3.8,50.6,55.7,35.2,26.6,26.2,0.0
2024-02-17 02:00:00,1.8,51.6,52.3,33.1,25.5,25.1,0.0
2024-02-17 03:00:00,1.8,51.6,49.3,31.3,24.8,24.3,0.0
2024-02-17 04:00:00,2.5,51.2,46.5,29.8,24.4,23.8,0.0
2024-02-17 05:00:00,1.5,51.7,44.1,28.5,23.8,23.2,0.0
2024-02-17 06:00:00,2.5,48.2,84.5,30.4,38.4,26.4,51.0
2024-02-17 07:00:00,0.6,49.2,86.9,44.7,50.1,44.8,291.0
2024-02-17 08:00:00,2.7,48.1,79.2,41.4,46.9,41.5,150.0
2024-02-17 09:00:00,4.0,47.5,82.7,42.4,48.0,42.6,178.0
2024-02-17 10:00:00,5.6,46.4,78.5,41.3,46.6,41.5,150.0
2024-02-17 11:00:00,6.8,45.2,74.3,40.7,45.4,41.1,146.0
2024-02-17 12:00:00,8.0,44.0,73.5,39.6,44.2,39.9,127.0
2024-02-17 13:00:00,8.9,43.1,57.2,38.4,34.4,34.5,0.0
2024-02-17 14:00:00,9.7,42.3,48.9,36.6,30.9,30.2,0.0
2024-02-17 15:00:00,10.6,41.4,47.0,34.7,27.4,26.6,0.0
2024-02-17 16:00:00,10.9,41.2,45.4,33.1,25.7,25.4,0.0
2024-02-17 17:00:00,10.7,45.3,56.7,26.6,31.8,25.5,0.0
2024-02-17 18:00:00,9.1,45.8,75.9,42.7,48.5,42.1,240.0
2024-02-17 19:00:00,7.6,46.2,72.1,40.2,44.9,40.4,135.0
2024-02-17 20:00:00,6.5,46.5,72.0,41.8,46.1,42.1,165.0
2024-02-17 21:00:00,7.0,47.1,79.3,41.8,47.7,41.8,150.0
2024-02-17 22:00:00,5.7,47.3,80.6,42.0,47.7,42.2,159.0
2024-02-17 23:00:00,4.8,47.4,50.8,40.0,34.3,34.5,0.0
2024-02-18 00:00:00,5.02,47.37,52.01,40.13,35.18,35.06,86.69
2024-02-18 01:00:00,5.23,47.34,53.22,40.26,36.07,35.62,86.69
2024-02-18 02:00:00,5.45,47.31,54.42,40.39,36.95,36.18,86.69
2024-02-18 03:00:00,5.66,47.28,55.63,40.52,37.84,36.75,86.69
2024-02-18 04:00:00,5.88,47.25,56.84,40.65,38.72,37.31,86.69
2024-02-18 05:00:00,6.09,47.22,58.05,40.78,39.61,37.87,86.69
2024-02-18 06:00:00,6.31,47.18,59.25,40.92,40.49,38.43,86.69
2024-02-18 07:00:00,6.52,47.15,60.46,41.05,41.38,38.99,86.69
2024-02-18 08:00:00,6.74,47.12,61.67,41.18,42.26,39.55,86.69
2024-02-18 09:00:00,6.95,47.09,62.88,41.31,43.15,40.12,86.69
2024-02-18 10:00:00,7.17,47.06,64.08,41.44,44.03,40.68,86.69
2024-02-18 11:00:00,7.38,47.03,65.29,41.57,44.92,41.24,86.69
2024-02-18 12:00:00,7.6,47.0,66.5,41.7,45.8,41.8,86.69
2024-02-18 13:00:00,8.9,46.8,69.5,41.7,46.2,41.7,154.0
2024-02-18 14:00:00,9.7,46.1,72.0,41.5,46.6,41.4,146.0
2024-02-18 15:00:00,9.9,46.0,71.8,41.8,46.7,41.8,149.0
2024-02-18 16:00:00,9.9,46.0,65.6,41.0,45.2,41.1,138.0
2024-02-18 17:00:00,10.0,46.0,71.1,41.8,46.3,42.0,152.0
2024-02-18 18:00:00,9.9,46.0,80.9,41.9,46.8,42.3,153.0
2024-02-18 19:00:00,8.9,46.3,81.9,41.2,46.3,41.7,141.0
2024-02-18 20:00:00,8.3,46.5,83.1,41.2,46.4,41.6,145.0
2024-02-18 21:00:00,8.2,46.5,82.7,41.3,46.5,41.8,145.0
2024-02-18 22:00:00,8.1,46.5,84.2,41.5,46.8,42.0,147.0
2024-02-18 23:00:00,7.7,46.6,63.6,39.9,34.5,34.7,0.0
2024-02-19 00:00:00,7.7,46.6,59.9,37.5,31.0,30.3,0.0
2024-02-19 01:00:00,6.1,47.0,56.7,35.3,27.7,27.3,0.0
2024-02-19 02:00:00,5.1,47.3,53.3,33.5,26.6,26.0,0.0
2024-02-19 03:00:00,4.6,47.5,50.2,32.0,25.7,25.3,0.0
2024-02-19 04:00:00,5.7,47.2,47.2,30.6,24.8,24.5,0.0
2024-02-19 05:00:00,6.0,47.1,45.0,29.3,24.3,24.2,0.0
2024-02-19 06:00:00,6.0,49.3,67.9,33.0,39.3,32.5,103.0
2024-02-19 07:00:00,5.9,49.3,79.8,44.9,51.8,43.6,232.0
2024-02-19 08:00:00,6.7,48.7,84.7,42.8,47.8,43.1,172.0
2024-02-19 09:00:00,6.8,48.7,83.9,42.3,47.8,42.6,162.0
2024-02-19 10:00:00,7.2,48.4,80.1,42.3,47.8,42.5,162.0
2024-02-19 11:00:00,8.2,47.2,78.8,42.5,47.9,42.7,164.0
2024-02-19 12:00:00,9.0,44.7,74.5,41.1,45.5,41.6,142.0
2024-02-19 13:00:00,9.6,44.6,37.0,39.7,36.7,34.4,0.0
2024-02-19 14:00:00,10.7,44.3,73.0,41.9,47.2,41.2,180.0
2024-02-19 15:00:00,10.9,44.2,72.2,39.4,43.5,40.0,120.0
2024-02-19 16:00:00,10.1,44.5,71.6,39.3,43.8,39.8,122.0
2024-02-19 17:00:00,9.6,44.6,71.6,39.5,44.1,40.0,128.0
2024-02-19 18:00:00,8.8,44.7,78.3,40.6,45.5,41.0,144.0
2024-02-19 19:00:00,9.2,44.7,78.1,40.2,44.9,40.7,133.0
2024-02-19 20:00:00,8.7,44.8,72.0,39.6,43.6,40.0,122.0
2024-02-19 21:00:00,7.9,45.0,76.0,40.4,45.4,40.8,142.0
2024-02-19 22:00:00,7.0,45.2,77.9,40.3,40.6,40.6,126.0
2024-02-19 23:00:00,6.5,45.3,67.7,38.5,34.0,34.3,0.0
2024-02-20 00:00:00,5.9,45.5,61.8,36.3,30.3,29.6,0.0
2024-02-20 01:00:00,5.3,45.6,57.7,34.3,27.3,26.8,0.0
2024-02-20 02:00:00,5.0,45.7,54.0,32.5,26.4,25.9,0.0
2024-02-20 03:00:00,4.4,45.9,50.6,31.0,25.6,25.3,0.0
2024-02-20 04:00:00,3.8,46.0,47.5,29.7,25.0,24.6,0.0
2024-02-20 05:00:00,3.5,46.1,44.8,28.5,24.5,24.1,0.0
2024-02-20 06:00:00,3.2,46.8,67.1,26.3,33.4,25.2,0.0
2024-02-20 07:00:00,3.3,46.7,75.8,41.5,48.3,40.6,223.0
2024-02-20 08:00:00,4.4,45.6,89.1,40.9,45.8,41.5,168.0
2024-02-20 09:00:00,4.8,45.2,85.0,39.2,44.2,39.9,129.0
2024-02-20 10:00:00,5.4,44.9,80.3,39.2,44.1,39.8,135.0
2024-02-20 11:00:00,6.3,45.6,79.4,39.4,44.4,40.0,137.0
2024-02-20 12:00:00,7.2,45.3,77.8,40.5,45.5,40.9,151.0
2024-02-20 13:00:00,7.9,45.1,75.5,40.2,44.9,40.6,138.0
2024-02-20 14:00:00,7.4,45.3,78.5,40.2,45.4,40.6,138.0
2024-02-20 15:00:00,7.7,45.2,78.3,40.7,45.8,41.1,147.0
2024-02-20 16:00:00,8.3,45.0,79.0,40.7,45.7,41.2,143.0
2024-02-20 17:00:00,8.3,45.0,78.3,40.5,45.4,41.0,140.0
2024-02-20 18:00:00,8.3,45.0,80.3,40.6,45.7,41.1,143.0
2024-02-20 19:00:00,7.5,45.2,80.0,40.5,45.5,40.9,140.0
2024-02-20 20:00:00,7.4,45.3,84.7,40.4,46.0,40.8,140.0
2024-02-20 21:00:00,7.7,45.2,79.6,40.4,46.3,40.7,133.0
2024-02-20 22:00:00,8.0,45.1,71.3,40.6,42.9,41.0,139.0
2024-02-20 23:00:00,7.7,45.2,51.3,38.9,34.2,34.5,0.0
2024-02-21 00:00:00,7.1,45.4,48.4,36.6,29.8,29.2,0.0
2024-02-21 01:00:00,7.2,45.3,47.7,34.6,27.5,27.0,0.0
2024-02-21 02:00:00,7.3,45.3,45.5,32.8,26.5,25.9,0.0
2024-02-21 03:00:00,7.1,45.4,43.5,31.4,25.5,25.1,0.0
2024-02-21 04:00:00,6.9,45.4,41.6,30.0,24.9,24.6,0.0
2024-02-21 05:00:00,7.2,45.3,31.3,34.7,30.7,23.8,0.0
2024-02-21 06:00:00,7.2,45.3,72.1,32.4,40.4,31.8,94.0
2024-02-21 07:00:00,7.1,45.4,80.9,41.3,45.6,41.8,216.0
2024-02-21 08:00:00,6.9,45.4,80.6,39.6,44.9,40.2,134.0
2024-02-21 09:00:00,7.1,45.4,79.0,39.9,44.9,40.4,144.0
2024-02-21 10:00:00,8.0,45.1,78.9,39.8,44.8,40.3,141.0
2024-02-21 11:00:00,8.5,45.0,77.3,39.6,44.6,40.1,136.0
2024-02-21 12:00:00,8.9,44.8,75.2,39.6,44.4,40.0,134.0
2024-02-21 13:00:00,9.3,44.7,74.4,39.7,44.6,40.2,135.0
2024-02-21 14:00:00,9.4,44.7,73.3,39.5,44.0,40.0,130.0
2024-02-21 15:00:00,7.6,45.2,75.1,39.5,44.4,40.0,133.0
2024-02-21 16:00:00,8.8,44.9,79.1,40.6,45.7,41.0,147.0
2024-02-21 17:00:00,8.8,44.9,78.2,40.2,44.8,40.7,136.0
2024-02-21 18:00:00,8.6,44.9,78.9,40.0,45.0,40.5,136.0
2024-02-21 19:00:00,7.7,47.0,79.4,41.8,47.2,41.9,158.0
2024-02-21 20:00:00,5.8,48.3,77.9,42.9,48.1,42.9,170.0
2024-02-21 21:00:00,5.5,47.2,81.9,41.9,47.7,42.0,151.0
2024-02-21 22:00:00,4.9,47.5,77.6,42.3,44.2,42.6,159.0
2024-02-21 23:00:00,5.5,47.2,66.0,40.2,34.3,34.6,0.0
2024-02-22 00:00:00,5.7,47.1,61.5,37.6,30.4,29.5,0.0
2024-02-22 01:00:00,5.5,47.2,57.4,35.3,27.5,27.1,0.0
2024-02-22 02:00:00,3.8,48.4,53.7,33.4,26.4,25.9,0.0
2024-02-22 03:00:00,3.9,48.3,50.4,31.7,25.5,25.0,0.0
2024-02-22 04:00:00,3.5,48.6,47.3,30.2,25.0,24.6,0.0
2024-02-22 05:00:00,4.1,48.1,24.9,31.2,24.1,23.8,0.0
2024-02-22 06:00:00,3.1,49.7,69.8,31.9,38.7,31.2,89.0
2024-02-22 07:00:00,3.4,49.5,77.6,43.8,50.2,42.5,225.0
2024-02-22 08:00:00,4.6,48.6,88.7,43.2,48.7,43.5,193.0
2024-02-22 09:00:00,5.4,47.3,86.1,41.4,46.6,41.8,152.0
2024-02-22 10:00:00,5.8,47.1,86.7,41.3,46.9,41.8,157.0
2024-02-22 11:00:00,5.7,47.1,85.2,41.6,47.2,42.0,158.0
2024-02-22 12:00:00,7.4,45.9,79.7,41.0,45.9,41.3,147.0
2024-02-22 13:00:00,8.9,45.3,74.4,40.1,40.1,40.3,123.0
2024-02-22 14:00:00,10.3,44.7,54.7,38.6,34.0,34.1,0.0
2024-02-22 15:00:00,10.7,44.5,71.3,31.2,38.6,30.5,46.0
2024-02-22 16:00:00,11.1,44.3,43.3,31.9,32.4,31.9,0.0
2024-02-22 17:00:00,11.1,44.3,65.0,36.1,41.8,35.9,115.0
2024-02-22 18:00:00,11.0,44.4,73.4,40.9,44.7,41.3,175.0
2024-02-22 19:00:00,10.9,44.4,63.9,38.7,42.6,39.1,113.0
2024-02-22 20:00:00,11.0,44.4,70.7,40.3,44.7,40.6,145.0
2024-02-22 21:00:00,10.1,44.8,71.0,40.0,44.6,40.4,132.0
2024-02-22 22:00:00,9.7,44.9,74.0,40.0,39.9,40.3,125.0
2024-02-22 23:00:00,8.4,45.5,52.8,38.2,34.0,34.1,0.0
2024-02-23 00:00:00,7.6,45.8,49.9,36.0,29.6,28.6,0.0
2024-02-23 01:00:00,6.8,46.2,47.4,34.1,27.1,26.5,0.0
2024-02-23 02:00:00,7.1,46.0,45.1,32.4,26.0,25.6,0.0
2024-02-23 03:00:00,7.0,46.1,43.0,31.0,25.3,24.9,0.0
2024-02-23 04:00:00,7.1,46.1,41.0,29.7,25.0,24.7,0.0
2024-02-23 05:00:00,6.7,46.2,39.4,28.7,24.7,24.2,0.0
2024-02-23 06:00:00,7.1,44.8,61.1,29.6,35.4,29.1,66.0
2024-02-23 07:00:00,7.5,44.7,80.1,42.0,48.1,41.5,214.0
2024-02-23 08:00:00,8.7,44.5,78.7,39.0,43.6,39.7,124.0
2024-02-23 09:00:00,10.6,44.2,73.9,38.9,43.2,39.4,129.0
2024-02-23 10:00:00,11.4,44.1,71.5,39.2,43.9,39.5,131.0
2024-02-23 11:00:00,12.0,44.0,60.8,38.2,34.5,34.4,37.0
2024-02-23 12:00:00,12.8,44.0,53.5,36.4,31.0,29.9,0.0
2024-02-23 13:00:00,13.4,44.0,50.4,34.6,27.1,26.8,0.0
2024-02-23 14:00:00,13.5,44.0,48.1,33.1,26.4,25.9,0.0
2024-02-23 15:00:00,13.8,44.0,45.8,31.7,25.4,25.0,0.0
2024-02-23 16:00:00,13.9,44.0,43.6,30.7,24.6,24.4,0.0
2024-02-23 17:00:00,13.6,44.0,72.0,33.3,39.9,33.1,106.0
2024-02-23 18:00:00,13.1,44.0,72.0,40.8,44.7,41.2,190.0
2024-02-23 19:00:00,13.2,44.0,71.2,38.8,43.4,39.1,116.0
2024-02-23 20:00:00,13.1,44.0,67.3,39.3,43.2,39.8,132.0
2024-02-23 21:00:00,12.7,44.0,69.8,39.4,44.3,39.6,123.0
2024-02-23 22:00:00,13.0,44.0,63.5,39.7,40.0,40.1,127.0
2024-02-23 23:00:00,12.5,44.0,46.2,38.3,34.1,34.2,0.0
2024-02-24 00:00:00,12.1,44.0,43.3,36.3,29.4,28.6,0.0
2024-02-24 01:00:00,12.3,44.0,41.9,34.4,26.7,26.5,0.0
2024-02-24 02:00:00,12.3,44.0,40.5,32.7,26.2,25.8,0.0
2024-02-24 03:00:00,12.0,44.0,39.3,31.4,25.5,25.2,0.0
2024-02-24 04:00:00,12.3,44.0,37.8,30.3,25.0,24.6,0.0
2024-02-24 05:00:00,12.1,44.0,36.5,29.3,24.6,24.1,0.0
2024-02-24 06:00:00,11.8,44.0,68.0,31.3,37.8,30.5,81.0
2024-02-24 07:00:00,12.0,44.0,73.6,41.0,44.9,41.5,199.0
2024-02-24 08:00:00,12.1,44.0,73.2,38.8,43.3,39.4,113.0
2024-02-24 09:00:00,12.4,44.0,72.0,39.0,43.6,39.4,124.0
2024-02-24 10:00:00,12.4,44.0,69.8,39.1,43.6,39.6,125.0
2024-02-24 11:00:00,12.75,44.0,70.65,39.1,43.6,39.55,123.0
2024-02-24 12:00:00,13.1,44.0,71.5,39.1,43.6,39.5,123.0
2024-02-24 13:00:00,13.4,44.0,70.5,39.3,39.3,39.6,115.0
2024-02-24 14:00:00,14.0,44.0,51.8,38.0,34.1,34.0,0.0
2024-02-24 15:00:00,14.1,44.0,47.2,36.2,29.4,28.8,0.0
2024-02-24 16:00:00,13.9,44.0,45.5,34.6,27.1,26.8,0.0
2024-02-24 17:00:00,13.9,42.0,60.0,27.5,32.6,26.1,0.0
2024-02-24 18:00:00,13.0,42.0,72.2,40.1,44.2,40.6,201.0
2024-02-24 19:00:00,13.3,42.0,63.7,36.8,40.2,37.5,89.0
2024-02-24 20:00:00,13.2,43.0,62.6,38.2,42.0,38.7,119.0
2024-02-24 21:00:00,12.9,43.0,72.2,39.3,43.7,39.8,129.0
2024-02-24 22:00:00,12.7,43.0,64.8,38.5,38.4,38.6,101.0
2024-02-24 23:00:00,12.9,43.0,59.4,37.0,34.1,33.9,0.0
2024-02-25 00:00:00,13.3,43.0,54.6,35.4,29.7,28.8,0.0
2024-02-25 01:00:00,13.2,43.0,51.3,33.9,27.6,27.2,0.0
2024-02-25 02:00:00,13.2,43.0,48.5,32.5,26.8,26.3,0.0
2024-02-25 03:00:00,12.6,43.0,45.9,31.3,25.9,25.6,0.0
2024-02-25 04:00:00,12.5,43.0,43.5,30.3,25.3,24.8,0.0
2024-02-25 05:00:00,12.3,43.0,41.3,29.4,24.7,24.4,0.0
2024-02-25 06:00:00,11.9,43.0,39.3,28.6,24.3,24.2,0.0
2024-02-25 07:00:00,11.6,45.0,76.0,40.5,47.2,39.3,199.0
2024-02-25 08:00:00,11.9,45.0,68.5,40.0,43.8,40.5,145.0
2024-02-25 09:00:00,12.7,42.0,63.8,38.4,41.8,39.0,111.0
2024-02-25 10:00:00,13.0,42.0,63.4,37.3,34.4,34.6,34.0
2024-02-25 11:00:00,14.1,42.0,53.8,35.7,31.2,30.5,0.0
2024-02-25 12:00:00,14.8,42.0,51.5,34.0,27.6,27.0,0.0
2024-02-25 13:00:00,15.1,42.0,51.4,32.6,27.0,25.9,0.0
2024-02-25 14:00:00,15.7,42.0,48.6,31.3,26.0,25.3,0.0
2024-02-25 15:00:00,15.9,42.0,46.8,29.7,26.3,24.9,0.0
2024-02-25 16:00:00,16.1,42.0,44.9,28.6,25.3,24.6,0.0
2024-02-25 17:00:00,16.1,42.0,46.7,34.5,24.9,25.2,0.0
2024-02-25 18:00:00,15.4,42.0,42.0,30.4,28.5,25.2,0.0
2024-02-25 19:00:00,14.8,45.0,71.9,35.1,42.1,34.6,125.0
2024-02-25 20:00:00,13.5,45.0,72.6,42.1,46.4,42.4,193.0
2024-02-25 21:00:00,13.6,45.0,72.5,39.7,44.4,40.2,119.0
2024-02-25 22:00:00,12.4,45.0,70.7,39.2,36.2,36.4,78.0
2024-02-25 23:00:00,13.0,45.0,65.4,37.0,33.4,32.7,0.0
2024-02-26 00:00:00,12.1,45.0,60.5,35.2,29.6,28.2,0.0
2024-02-26 01:00:00,11.3,45.3,56.5,33.5,27.6,26.8,0.0
2024-02-26 02:00:00,11.5,45.2,53.0,31.8,26.5,25.9,0.0
2024-02-26 03:00:00,11.3,45.3,49.8,30.4,25.9,25.3,0.0
2024-02-26 04:00:00,11.7,45.1,46.9,29.3,25.2,24.9,0.0
2024-02-26 05:00:00,11.5,45.2,44.5,28.4,24.9,24.6,0.0
2024-02-26 06:00:00,11.3,45.3,78.8,36.1,43.5,35.3,135.0
2024-02-26 07:00:00,11.3,45.3,75.4,42.3,46.5,42.7,192.0
2024-02-26 08:00:00,12.0,45.0,74.1,39.7,44.3,40.2,119.0
2024-02-26 09:00:00,12.4,45.0,72.6,39.8,44.4,40.2,130.0
2024-02-26 10:00:00,13.1,45.0,70.4,39.4,38.3,38.3,102.0
2024-02-26 11:00:00,13.8,45.0,64.4,37.7,33.9,33.4,0.0
2024-02-26 12:00:00,14.6,45.0,59.9,35.7,29.0,28.2,0.0
2024-02-26 13:00:00,15.0,45.0,57.6,34.2,30.0,26.7,0.0
2024-02-26 14:00:00,15.3,45.0,53.8,32.5,26.6,25.8,0.0
2024-02-26 15:00:00,15.5,45.0,50.8,31.1,25.9,25.1,0.0
2024-02-26 16:00:00,15.8,45.0,48.0,29.9,25.4,24.7,0.0
2024-02-26 17:00:00,15.3,45.0,45.5,29.0,25.1,24.6,0.0
2024-02-26 18:00:00,15.0,44.0,71.1,32.4,39.5,31.7,86.0
2024-02-26 19:00:00,14.2,44.0,68.1,40.8,44.4,41.3,191.0
2024-02-26 20:00:00,14.1,44.0,67.5,38.8,43.4,39.3,107.0
2024-02-26 21:00:00,13.7,44.0,64.9,40.2,43.8,40.6,136.0
2024-02-26 22:00:00,13.0,44.0,67.9,39.0,39.2,39.2,103.0
2024-02-26 23:00:00,13.0,44.0,50.6,37.5,34.1,34.0,0.0
2024-02-27 00:00:00,12.8,44.0,55.6,34.5,29.5,28.5,0.0
2024-02-27 01:00:00,12.7,44.0,52.1,32.7,27.8,27.4,0.0
2024-02-27 02:00:00,12.3,44.0,49.1,31.3,27.3,26.8,0.0
2024-02-27 03:00:00,11.8,44.1,46.3,30.1,26.5,26.0,0.0
2024-02-27 04:00:00,11.8,44.1,43.8,29.0,25.8,25.1,0.0
2024-02-27 05:00:00,11.8,44.1,41.8,28.2,25.1,24.7,0.0
2024-02-27 06:00:00,11.3,44.4,67.0,28.3,38.0,26.9,42.0
2024-02-27 07:00:00,11.0,44.5,75.7,41.8,46.4,42.2,222.0
2024-02-27 08:00:00,11.8,44.1,77.5,39.2,43.6,39.8,118.0
2024-02-27 09:00:00,12.4,43.0,72.5,38.6,42.9,39.3,119.0
2024-02-27 10:00:00,13.9,43.0,70.5,37.9,34.5,34.6,62.0
2024-02-27 11:00:00,15.1,43.0,65.4,36.0,32.5,31.4,0.0
2024-02-27 12:00:00,15.8,43.0,60.7,34.4,28.7,27.4,0.0
2024-02-27 13:00:00,16.4,43.0,56.8,32.9,27.0,26.4,0.0
2024-02-27 14:00:00,16.8,43.0,53.4,31.6,26.5,25.8,0.0
2024-02-27 15:00:00,16.6,43.0,50.4,30.5,25.9,25.4,0.0
2024-02-27 16:00:00,16.1,43.0,47.6,29.6,25.4,24.8,0.0
2024-02-27 17:00:00,15.9,43.0,45.1,28.8,25.1,24.7,0.0
2024-02-27 18:00:00,14.7,43.0,72.2,32.9,39.2,32.0,90.0
2024-02-27 19:00:00,13.9,43.0,72.9,40.8,45.3,41.2,183.0
2024-02-27 20:00:00,13.7,43.0,71.5,37.9,42.1,38.6,99.0
2024-02-27 21:00:00,12.9,44.5,70.9,39.5,44.9,39.5,128.0
2024-02-27 22:00:00,12.6,44.5,69.6,40.3,44.3,40.7,139.0
2024-02-27 23:00:00,12.4,44.5,56.7,38.5,34.4,34.4,0.0
2024-02-28 00:00:00,12.4,44.5,48.8,36.8,31.3,30.5,0.0
2024-02-28 01:00:00,12.3,44.5,46.8,34.6,28.1,27.5,0.0
2024-02-28 02:00:00,12.3,44.5,45.4,33.1,26.9,26.6,0.0
2024-02-28 03:00:00,12.1,44.5,43.4,31.6,26.3,26.0,0.0
2024-02-28 04:00:00,11.8,44.6,41.5,30.3,25.7,25.5,0.0
2024-02-28 05:00:00,11.2,44.9,24.6,32.8,25.4,25.0,0.0
2024-02-28 06:00:00,11.6,44.7,34.0,34.4,35.9,24.7,0.0
2024-02-28 07:00:00,11.3,44.8,75.3,42.0,48.3,40.9,215.0
2024-02-28 08:00:00,11.8,44.6,74.7,39.8,43.9,40.3,131.0
2024-02-28 09:00:00,12.7,44.5,73.1,39.4,43.9,39.9,123.0
2024-02-28 10:00:00,13.5,44.5,71.7,39.4,43.8,39.8,125.0
2024-02-28 11:00:00,14.5,44.5,60.5,38.5,37.0,37.2,72.0
2024-02-28 12:00:00,15.2,44.5,47.1,36.8,33.8,33.3,0.0
2024-02-28 13:00:00,15.7,44.5,44.8,35.2,29.7,28.9,0.0
2024-02-28 14:00:00,16.8,44.5,43.0,33.6,27.5,27.0,0.0
2024-02-28 15:00:00,16.5,44.5,41.4,32.2,26.4,26.2,0.0
2024-02-28 16:00:00,16.3,44.5,39.9,31.1,25.8,25.5,0.0
2024-02-28 17:00:00,15.9,44.5,38.5,30.1,25.3,25.1,0.0
2024-02-28 18:00:00,15.3,44.5,58.9,26.3,32.1,25.6,0.0
2024-02-28 19:00:00,14.8,44.5,72.1,42.0,47.6,41.2,217.0
2024-02-28 20:00:00,14.3,44.5,67.7,38.5,42.8,39.1,103.0
2024-02-28 21:00:00,13.8,44.5,70.9,40.3,45.2,40.6,141.0
2024-02-28 22:00:00,13.2,44.5,66.1,39.6,36.2,36.5,75.0
2024-02-28 23:00:00,12.7,44.5,59.9,37.5,33.4,32.7,0.0
2024-02-29 00:00:00,12.4,44.5,55.8,35.3,29.0,28.2,0.0
2024-02-29 01:00:00,12.1,44.5,52.2,33.5,27.4,26.8,0.0
2024-02-29 02:00:00,11.6,44.7,49.0,32.0,26.7,26.0,0.0
2024-02-29 03:00:00,11.7,44.6,46.3,30.7,26.0,25.4,0.0
2024-02-29 04:00:00,10.2,45.4,43.9,29.5,25.4,24.9,0.0
2024-02-29 05:00:00,10.8,45.1,41.7,28.4,25.1,24.5,0.0
2024-02-29 06:00:00,10.5,45.3,76.0,32.4,40.4,32.5,100.0
2024-02-29 07:00:00,10.3,45.3,77.4,41.4,48.8,40.7,178.0
2024-02-29 08:00:00,11.1,44.9,77.5,39.7,44.1,40.4,137.0
2024-02-29 09:00:00,12.4,44.0,72.4,38.9,43.2,39.6,121.0
2024-02-29 10:00:00,12.7,44.0,72.1,38.8,43.4,39.4,124.0
2024-02-29 11:00:00,13.5,44.0,67.2,37.2,35.8,34.3,0.0
2024-02-29 12:00:00,14.3,44.0,62.4,35.4,31.0,28.4,0.0
2024-02-29 13:00:00,14.9,44.0,58.8,33.2,27.9,26.4,0.0
2024-02-29 14:00:00,15.3,44.0,55.5,31.3,27.2,25.8,0.0
2024-02-29 15:00:00,15.4,44.0,52.4,29.6,26.8,25.3,0.0
2024-02-29 16:00:00,15.6,44.0,52.4,27.6,30.7,24.9,0.0
2024-02-29 17:00:00,15.1,44.0,51.7,23.8,35.3,24.6,0.0
2024-02-29 18:00:00,14.8,44.0,61.5,28.6,34.7,29.0,52.0
2024-02-29 19:00:00,14.0,44.0,71.6,39.7,45.2,39.8,178.0
2024-02-29 20:00:00,14.3,44.0,67.7,39.7,44.2,40.1,137.0
2024-02-29 21:00:00,14.1,44.0,66.9,39.3,43.7,39.7,122.0
2024-02-29 22:00:00,14.4,44.0,66.8,39.0,39.4,39.4,112.0
2024-02-29 23:00:00,13.9,44.0,62.8,37.2,34.3,34.1,0.0
2024-03-01 00:00:00,13.2,44.0,58.4,35.4,32.3,29.4,0.0
2024-03-01 01:00:00,12.9,44.0,55.0,33.8,28.3,27.5,0.0
2024-03-01 02:00:00,13.0,44.0,51.6,32.0,27.5,26.8,0.0
2024-03-01 03:00:00,12.7,44.0,48.7,30.8,26.7,26.1,0.0
2024-03-01 04:00:00,12.8,44.0,46.0,29.7,25.9,25.4,0.0
2024-03-01 05:00:00,12.6,44.0,43.7,28.7,25.4,25.0,0.0
2024-03-01 06:00:00,12.3,44.0,66.0,31.5,38.5,31.1,77.0
2024-03-01 07:00:00,12.5,44.0,73.3,41.0,45.1,41.6,197.0
2024-03-01 08:00:00,12.8,44.0,72.2,38.7,43.3,39.4,110.0
2024-03-01 09:00:00,13.2,43.0,71.7,39.0,43.5,39.7,126.0
2024-03-01 10:00:00,14.4,43.0,68.3,38.0,34.4,34.6,52.0
2024-03-01 11:00:00,15.1,43.0,63.4,36.0,32.3,30.9,0.0
2024-03-01 12:00:00,15.5,43.0,59.1,34.3,29.4,28.7,0.0
2024-03-01 13:00:00,15.6,43.0,55.3,32.9,28.0,26.6,0.0
2024-03-01 14:00:00,15.7,43.0,52.1,31.6,25.7,25.0,0.0
2024-03-01 15:00:00,15.4,43.0,49.2,30.5,25.4,25.0,0.0
2024-03-01 16:00:00,14.8,43.0,46.7,29.5,25.2,24.9,0.0
2024-03-01 17:00:00,14.5,43.0,72.6,33.7,41.6,33.4,106.0
2024-03-01 18:00:00,14.3,43.0,71.8,39.4,43.3,40.0,171.0
2024-03-01 19:00:00,12.9,43.0,71.6,37.9,42.3,38.6,109.0
2024-03-01 20:00:00,13.5,43.0,72.6,38.1,42.7,38.8,118.0
2024-03-01 21:00:00,12.0,43.0,64.9,38.2,42.1,38.7,113.0
2024-03-01 22:00:00,12.5,45.0,68.9,40.7,45.5,40.8,147.0
2024-03-01 23:00:00,12.6,45.0,62.3,38.9,34.3,34.6,0.0
2024-03-02 00:00:00,11.9,45.0,58.2,36.6,31.3,30.2,0.0
2024-03-02 01:00:00,11.7,45.1,54.4,34.7,28.7,27.8,0.0
2024-03-02 02:00:00,10.4,45.6,51.1,33.0,27.0,26.2,0.0
2024-03-02 03:00:00,10.9,45.4,48.2,31.4,26.4,25.8,0.0
2024-03-02 04:00:00,10.6,45.6,45.6,30.2,25.9,25.5,0.0
2024-03-02 05:00:00,10.8,45.5,43.4,29.1,25.5,25.1,0.0
2024-03-02 06:00:00,10.0,45.8,54.6,30.4,35.2,30.7,74.0
2024-03-02 07:00:00,10.5,45.6,76.0,42.3,46.5,42.8,221.0
2024-03-02 08:00:00,10.5,45.6,69.4,40.0,44.8,40.3,122.0
2024-03-02 09:00:00,10.9,45.4,69.7,40.7,45.2,41.1,147.0
2024-03-02 10:00:00,10.9,45.5,65.2,41.0,45.0,41.4,141.0
2024-03-02 11:00:00,11.6,45.2,61.9,40.3,43.9,40.5,130.0
2024-03-02 12:00:00,12.4,45.0,71.1,40.5,45.8,40.7,135.0
2024-03-02 13:00:00,12.7,45.0,68.0,40.3,45.2,40.5,131.0
2024-03-02 14:00:00,12.7,45.0,61.7,38.5,34.3,34.5,0.0
2024-03-02 15:00:00,13.0,45.0,57.5,36.4,31.3,29.9,0.0
2024-03-02 16:00:00,12.8,45.0,53.8,34.6,28.1,27.4,0.0
2024-03-02 17:00:00,13.0,45.0,50.7,33.1,27.1,26.5,0.0
2024-03-02 18:00:00,11.8,45.0,47.9,31.6,26.3,25.7,0.0
2024-03-02 19:00:00,10.1,45.8,75.7,40.3,47.5,39.5,185.0
2024-03-02 20:00:00,10.0,45.8,66.2,40.6,44.0,41.0,152.0
2024-03-02 21:00:00,9.2,46.2,77.9,41.5,47.7,41.8,145.0
2024-03-02 22:00:00,7.8,46.7,68.3,40.8,38.0,38.2,93.0
2024-03-02 23:00:00,7.6,46.8,62.9,38.2,34.2,33.9,0.0
2024-03-03 00:00:00,7.3,47.0,58.7,35.8,30.1,29.3,0.0
2024-03-03 01:00:00,7.5,46.9,54.9,33.8,27.7,26.9,0.0
2024-03-03 02:00:00,7.3,47.0,51.5,32.2,26.6,26.1,0.0
2024-03-03 03:00:00,6.7,47.2,48.5,30.8,25.9,25.5,0.0
2024-03-03 04:00:00,6.6,47.3,45.8,29.5,25.4,24.9,0.0
2024-03-03 05:00:00,6.6,47.3,43.4,28.5,24.8,24.3,0.0
2024-03-03 06:00:00,7.4,46.9,81.8,34.8,43.8,34.3,124.0
2024-03-03 07:00:00,7.2,47.0,80.3,42.7,47.2,43.2,215.0
2024-03-03 08:00:00,8.1,46.6,65.9,40.9,45.0,41.3,129.0
2024-03-03 09:00:00,8.9,46.2,67.6,41.6,45.4,42.0,153.0
2024-03-03 10:00:00,9.5,46.0,72.2,41.1,46.4,41.2,135.0
2024-03-03 11:00:00,10.9,45.4,53.0,39.8,37.5,37.6,86.0
2024-03-03 12:00:00,11.9,45.0,43.5,37.8,33.7,33.1,0.0
2024-03-03 13:00:00,12.9,45.0,45.6,35.3,28.9,27.5,0.0
2024-03-03 14:00:00,13.7,45.0,43.5,33.2,26.9,26.3,0.0
2024-03-03 15:00:00,14.2,45.0,41.9,31.5,26.1,25.6,0.0
2024-03-03 16:00:00,14.4,45.0,40.3,30.2,25.6,25.1,0.0
2024-03-03 17:00:00,14.2,45.0,38.9,29.2,25.2,24.6,0.0
2024-03-03 18:00:00,13.7,44.0,41.3,25.5,28.3,25.1,0.0
2024-03-03 19:00:00,13.4,44.0,72.2,41.2,46.7,41.1,219.0
2024-03-03 20:00:00,13.1,44.0,65.2,38.7,42.6,39.3,112.0
2024-03-03 21:00:00,12.5,44.0,64.4,39.2,43.5,39.6,124.0
2024-03-03 22:00:00,12.5,44.0,73.8,40.0,40.2,40.4,126.0
2024-03-03 23:00:00,12.2,44.0,53.0,37.9,34.3,34.2,0.0
2024-03-04 00:00:00,11.9,44.0,50.8,35.8,28.8,27.8,0.0
2024-03-04 01:00:00,11.9,44.0,48.5,33.9,27.0,26.7,0.0
2024-03-04 02:00:00,11.0,44.5,46.7,32.3,26.4,25.9,0.0
2024-03-04 03:00:00,10.7,44.7,44.6,30.9,25.7,25.1,0.0
2024-03-04 04:00:00,10.4,44.9,42.7,29.7,25.0,24.6,0.0
2024-03-04 05:00:00,10.2,45.0,40.9,28.7,24.4,24.1,0.0
2024-03-04 06:00:00,10.0,47.2,67.2,28.6,36.4,28.2,54.0
2024-03-04 07:00:00,9.8,47.2,80.4,43.6,50.7,42.8,234.0
2024-03-04 08:00:00,10.4,46.8,80.5,41.1,45.9,41.6,143.0
2024-03-04 09:00:00,11.8,46.1,77.6,40.5,45.3,41.1,139.0
2024-03-04 10:00:00,12.8,43.0,72.5,40.5,45.1,40.9,136.0
2024-03-04 11:00:00,13.2,43.0,69.0,38.7,34.7,34.8,53.0
2024-03-04 12:00:00,14.4,43.0,64.0,36.6,33.0,31.6,0.0
2024-03-04 13:00:00,14.6,43.0,59.6,34.9,28.7,27.3,0.0
2024-03-04 14:00:00,15.2,43.0,55.9,33.4,27.7,26.9,0.0
2024-03-04 15:00:00,15.2,43.0,52.7,32.0,26.7,25.9,0.0
2024-03-04 16:00:00,15.2,43.0,49.8,30.8,25.5,25.0,0.0
2024-03-04 17:00:00,14.5,43.0,47.2,29.8,25.0,24.7,0.0
2024-03-04 18:00:00,13.8,43.0,72.1,34.6,42.4,34.3,117.0
2024-03-04 19:00:00,12.7,43.0,72.4,39.1,42.8,39.7,165.0
2024-03-04 20:00:00,12.2,43.0,71.0,37.9,42.2,38.7,109.0
2024-03-04 21:00:00,12.1,45.0,70.7,39.0,44.3,39.3,124.0
2024-03-04 22:00:00,11.8,45.1,73.9,41.0,41.9,41.5,148.0
2024-03-04 23:00:00,11.7,45.2,64.4,39.2,34.3,34.5,0.0
2024-03-05 00:00:00,11.3,45.5,58.3,37.1,30.2,29.1,0.0
2024-03-05 01:00:00,11.2,45.5,54.8,35.1,27.1,26.9,0.0
2024-03-05 02:00:00,11.6,45.2,51.6,33.4,26.6,26.2,0.0
2024-03-05 03:00:00,11.2,45.5,48.7,32.1,26.0,25.6,0.0
2024-03-05 04:00:00,11.0,45.7,46.0,30.9,25.4,25.1,0.0
2024-03-05 05:00:00,11.1,45.6,31.2,34.3,26.7,24.7,0.0
2024-03-05 06:00:00,9.6,46.7,75.8,32.9,42.0,32.4,96.0
2024-03-05 07:00:00,9.7,46.6,78.1,42.3,46.8,42.7,222.0
2024-03-05 08:00:00,9.8,46.5,76.9,40.8,45.9,41.2,138.0
2024-03-05 09:00:00,10.3,46.2,74.9,40.8,45.8,41.3,143.0
2024-03-05 10:00:00,11.2,45.5,73.4,40.7,45.6,41.1,140.0
2024-03-05 11:00:00,11.8,45.1,70.0,39.9,36.6,36.8,81.0
2024-03-05 12:00:00,11.5,45.3,65.0,37.7,33.6,32.6,0.0
2024-03-05 13:00:00,12.4,45.0,60.3,35.7,28.3,27.0,0.0
2024-03-05 14:00:00,13.0,45.0,56.3,34.0,27.2,26.3,0.0
2024-03-05 15:00:00,12.6,45.0,52.9,32.5,26.4,26.0,0.0
2024-03-05 16:00:00,12.2,45.0,49.8,31.2,25.9,25.4,0.0
2024-03-05 17:00:00,12.3,45.0,47.0,30.1,25.5,24.9,0.0
2024-03-05 18:00:00,11.3,45.5,75.1,33.0,40.9,32.7,97.0
2024-03-05 19:00:00,10.7,45.9,74.3,42.3,46.7,42.7,207.0
2024-03-05 20:00:00,11.2,45.5,72.7,39.9,45.4,40.1,119.0
2024-03-05 21:00:00,10.6,44.4,68.6,40.4,44.6,41.0,145.0
2024-03-05 22:00:00,9.9,45.1,71.9,39.9,40.5,40.5,125.0
2024-03-05 23:00:00,9.2,45.8,67.6,38.0,34.3,34.3,0.0
2024-03-06 00:00:00,9.2,45.8,62.5,35.6,29.4,27.6,0.0
2024-03-06 01:00:00,9.2,45.8,58.8,34.0,27.1,26.3,0.0
2024-03-06 02:00:00,8.8,46.2,54.9,32.0,26.0,25.3,0.0
2024-03-06 03:00:00,8.1,46.8,51.5,30.5,25.1,24.4,0.0
2024-03-06 04:00:00,8.2,46.8,48.4,29.2,24.4,23.8,0.0
2024-03-06 05:00:00,7.1,47.9,45.7,28.1,23.8,23.5,0.0
2024-03-06 06:00:00,7.9,47.1,64.8,34.9,40.7,35.2,132.0
2024-03-06 07:00:00,8.3,46.7,76.6,43.3,49.6,42.8,202.0
2024-03-06 08:00:00,8.5,46.5,79.9,40.5,45.6,41.1,140.0
2024-03-06 09:00:00,9.1,44.2,78.8,39.7,44.5,40.3,135.0
2024-03-06 10:00:00,9.2,44.2,76.7,39.0,43.6,39.7,124.0
2024-03-06 11:00:00,9.5,44.0,71.0,38.6,38.9,37.8,98.0
2024-03-06 12:00:00,10.5,43.6,74.2,40.3,43.8,40.8,167.0
2024-03-06 13:00:00,11.6,43.2,70.7,38.2,40.1,38.9,103.0
2024-03-06 14:00:00,12.4,43.0,65.2,36.8,34.2,34.3,0.0
2024-03-06 15:00:00,12.6,43.0,69.6,30.4,37.7,30.2,36.0
2024-03-06 16:00:00,12.7,43.0,58.5,35.8,35.1,35.1,68.0
2024-03-06 17:00:00,12.7,42.0,70.2,31.0,38.8,30.8,42.0
2024-03-06 18:00:00,12.5,43.0,73.7,40.1,43.9,40.8,178.0
2024-03-06 19:00:00,12.4,44.0,73.1,38.5,43.4,39.2,110.0
2024-03-06 20:00:00,11.8,44.1,67.4,39.1,43.3,39.7,126.0
2024-03-06 21:00:00,11.0,44.2,72.3,39.8,44.8,40.3,131.0
2024-03-06 22:00:00,10.5,44.4,70.8,40.0,40.4,40.5,127.0
2024-03-06 23:00:00,10.8,44.3,66.1,38.1,34.4,34.2,0.0
2024-03-07 00:00:00,10.9,44.3,61.5,36.0,29.4,28.3,0.0
2024-03-07 01:00:00,10.6,44.4,57.3,34.3,27.2,26.7,0.0
2024-03-07 02:00:00,10.3,44.4,53.7,32.7,26.7,26.2,0.0
2024-03-07 03:00:00,10.5,44.4,50.5,31.3,26.1,25.6,0.0
2024-03-07 04:00:00,9.7,44.6,47.6,30.1,25.4,24.8,0.0
2024-03-07 05:00:00,10.1,44.5,45.1,29.1,24.6,24.2,0.0
2024-03-07 06:00:00,10.2,46.5,66.7,31.3,38.3,31.2,80.0
2024-03-07 07:00:00,9.8,46.6,82.2,43.4,48.6,43.8,229.0
2024-03-07 08:00:00,9.5,46.7,82.1,40.6,46.1,41.1,130.0
2024-03-07 09:00:00,10.0,45.9,76.2,41.0,45.6,41.4,147.0
2024-03-07 10:00:00,10.8,45.5,74.8,40.2,45.1,40.6,135.0
2024-03-07 11:00:00,10.1,44.2,71.9,39.6,44.1,40.2,127.0
2024-03-07 12:00:00,10.8,43.8,72.4,39.3,44.0,39.8,124.0
2024-03-07 13:00:00,9.8,44.5,72.4,39.4,44.0,40.0,126.0
2024-03-07 14:00:00,9.5,44.8,71.8,39.5,44.2,40.2,129.0
2024-03-07 15:00:00,8.0,45.8,73.7,40.5,45.5,40.8,141.0
2024-03-07 16:00:00,8.7,45.3,74.8,40.9,45.7,41.3,144.0
2024-03-07 17:00:00,7.1,46.4,77.9,41.1,46.3,41.5,146.0
2024-03-07 18:00:00,8.0,45.9,79.1,41.4,46.6,41.8,148.0
2024-03-07 19:00:00,8.5,45.5,80.1,41.0,46.2,41.6,143.0
2024-03-07 20:00:00,8.3,45.7,78.6,40.7,45.7,41.2,139.0
2024-03-07 21:00:00,8.4,46.5,64.8,40.2,44.0,40.6,127.0
2024-03-07 22:00:00,8.2,46.6,77.3,41.9,42.3,42.3,152.0
2024-03-07 23:00:00,8.4,46.5,72.1,39.8,35.0,34.8,0.0
2024-03-08 00:00:00,8.6,46.4,66.3,37.4,31.5,28.7,0.0
2024-03-08 01:00:00,8.4,46.5,61.8,35.2,28.5,26.9,0.0
2024-03-08 02:00:00,8.5,46.5,58.3,32.8,27.0,26.0,0.0
2024-03-08 03:00:00,8.3,46.5,54.6,31.2,25.9,25.5,0.0
2024-03-08 04:00:00,8.4,46.5,51.2,29.9,25.4,24.9,0.0
2024-03-08 05:00:00,7.7,46.8,29.6,35.3,25.4,25.0,0.0
2024-03-08 06:00:00,7.5,46.9,80.0,34.6,43.6,33.7,112.0
2024-03-08 07:00:00,7.5,46.9,80.1,42.5,47.2,42.9,220.0
2024-03-08 08:00:00,7.1,47.1,79.0,40.9,46.4,41.4,141.0
2024-03-08 09:00:00,8.1,46.6,78.3,41.5,46.7,41.9,157.0
2024-03-08 10:00:00,7.1,47.1,77.7,41.5,46.7,41.9,151.0
2024-03-08 11:00:00,7.7,46.8,77.2,41.4,46.5,41.8,150.0
2024-03-08 12:00:00,8.5,46.5,73.6,41.1,45.9,41.5,142.0
2024-03-08 13:00:00,8.7,43.9,73.9,41.0,45.6,41.3,144.0
2024-03-08 14:00:00,9.4,43.7,72.2,38.9,43.1,39.7,113.0
2024-03-08 15:00:00,8.9,43.8,73.0,38.8,43.4,39.5,119.0
2024-03-08 16:00:00,7.5,44.3,74.0,39.2,44.0,39.8,125.0
2024-03-08 17:00:00,8.9,43.8,76.4,39.6,44.5,40.3,131.0
2024-03-08 18:00:00,8.8,43.9,78.1,39.5,44.3,40.2,128.0
2024-03-08 19:00:00,8.3,44.0,80.0,39.6,44.3,40.3,130.0
2024-03-08 20:00:00,6.8,44.4,79.4,39.1,44.8,39.7,121.0
2024-03-08 21:00:00,6.8,44.4,75.5,40.0,44.2,40.6,138.0
2024-03-08 22:00:00,6.0,44.7,79.8,39.2,38.0,38.1,94.0
2024-03-08 23:00:00,5.3,44.9,73.2,37.1,33.9,33.2,0.0
2024-03-09 00:00:00,4.8,45.2,66.8,35.1,28.1,26.8,0.0
2024-03-09 01:00:00,4.5,45.5,61.8,33.3,27.3,26.2,0.0
2024-03-09 02:00:00,4.8,45.2,57.6,31.7,26.5,25.7,0.0
2024-03-09 03:00:00,4.4,45.7,53.9,30.2,25.6,25.0,0.0
2024-03-09 04:00:00,5.9,44.7,50.5,28.9,25.0,24.5,0.0
2024-03-09 05:00:00,6.4,44.6,47.6,27.9,24.6,24.1,0.0
2024-03-09 06:00:00,6.2,44.6,84.4,33.3,42.4,32.8,115.0
2024-03-09 07:00:00,6.0,44.7,83.5,40.0,44.2,40.7,196.0
2024-03-09 08:00:00,6.1,44.6,79.1,38.9,44.7,39.5,127.0
2024-03-09 09:00:00,7.2,44.4,73.0,39.7,43.9,40.3,144.0
2024-03-09 10:00:00,8.4,44.0,71.9,38.8,43.8,39.4,123.0
2024-03-09 11:00:00,9.4,43.7,65.7,38.9,43.2,39.5,128.0
2024-03-09 12:00:00,10.2,43.5,68.9,38.7,43.4,39.2,124.0
2024-03-09 13:00:00,11.5,43.1,64.6,39.1,43.4,39.7,126.0
2024-03-09 14:00:00,11.9,43.0,63.2,37.6,34.1,34.3,0.0
2024-03-09 15:00:00,12.3,43.0,58.9,35.7,30.6,29.7,0.0
2024-03-09 16:00:00,12.7,43.0,55.1,34.1,27.6,26.8,0.0
2024-03-09 17:00:00,12.5,43.0,51.8,32.7,26.2,25.7,0.0
2024-03-09 18:00:00,12.2,43.0,72.7,33.0,40.6,32.4,89.0
2024-03-09 19:00:00,11.3,43.2,71.6,39.4,43.2,40.1,178.0
2024-03-09 20:00:00,11.0,43.2,74.5,38.3,43.7,38.9,114.0
2024-03-09 21:00:00,10.9,43.3,70.3,38.7,43.0,39.3,126.0
2024-03-09 22:00:00,10.6,43.4,73.1,39.0,39.6,39.6,119.0
2024-03-09 23:00:00,10.3,43.4,56.6,37.5,35.4,34.1,0.0
2024-03-10 00:00:00,10.0,43.5,59.7,33.8,29.6,27.9,0.0
2024-03-10 01:00:00,9.6,43.6,55.6,32.1,27.2,26.3,0.0
2024-03-10 02:00:00,10.1,43.5,52.2,30.5,27.2,25.7,0.0
2024-03-10 03:00:00,9.6,43.6,49.6,29.3,25.9,25.0,0.0
2024-03-10 04:00:00,9.5,43.7,47.0,28.2,25.3,24.4,0.0
2024-03-10 05:00:00,9.5,43.7,44.8,27.5,24.7,24.0,0.0
2024-03-10 06:00:00,9.7,44.3,62.7,26.3,31.9,24.4,0.0
2024-03-10 07:00:00,9.6,44.3,77.9,41.5,46.2,42.1,246.0
2024-03-10 08:00:00,10.5,44.2,65.3,38.3,42.1,38.9,108.0
2024-03-10 09:00:00,11.9,42.1,71.4,39.2,44.5,39.5,135.0
2024-03-10 10:00:00,12.3,42.0,70.2,38.1,42.6,38.9,115.0
2024-03-10 11:00:00,13.2,42.0,65.9,37.3,41.6,38.0,104.0
2024-03-10 12:00:00,14.1,42.0,62.3,37.4,37.4,37.5,96.0
2024-03-10 13:00:00,14.6,42.0,50.4,36.4,33.7,33.0,0.0
2024-03-10 14:00:00,15.2,42.0,43.0,35.0,28.4,27.6,0.0
2024-03-10 15:00:00,15.6,42.0,41.7,33.4,26.8,26.4,0.0
2024-03-10 16:00:00,15.9,42.0,42.0,32.2,26.1,25.6,0.0
2024-03-10 17:00:00,15.6,42.0,40.6,31.0,25.4,25.0,0.0
2024-03-10 18:00:00,15.0,42.0,83.9,29.7,39.5,28.1,49.0
2024-03-10 19:00:00,15.0,42.0,71.3,39.4,43.1,40.1,192.0
2024-03-10 20:00:00,14.7,44.0,67.5,37.1,41.9,37.7,93.0
2024-03-10 21:00:00,14.5,44.0,69.9,40.1,45.3,40.2,142.0
2024-03-10 22:00:00,14.1,44.0,64.4,39.2,39.7,39.8,118.0
2024-03-10 23:00:00,13.7,44.0,60.6,37.5,34.2,34.3,0.0
2024-03-11 00:00:00,13.5,44.0,56.4,35.5,30.5,29.5,0.0
2024-03-11 01:00:00,13.0,44.0,52.9,33.9,27.5,26.9,0.0
2024-03-11 02:00:00,12.4,44.0,49.7,32.4,26.7,26.1,0.0
2024-03-11 03:00:00,12.6,44.0,46.9,31.3,26.0,25.6,0.0
2024-03-11 04:00:00,12.5,44.0,44.4,30.1,25.5,25.0,0.0
2024-03-11 05:00:00,12.4,44.0,30.2,33.0,28.1,24.4,0.0
2024-03-11 06:00:00,12.1,44.0,74.1,27.6,36.7,27.0,43.0
2024-03-11 07:00:00,12.4,44.0,73.6,41.0,45.0,41.5,220.0
2024-03-11 08:00:00,12.4,44.0,59.7,38.2,41.8,38.7,101.0
2024-03-11 09:00:00,13.1,44.0,72.5,41.1,45.8,41.5,152.0
2024-03-11 10:00:00,13.5,44.0,71.5,39.4,43.6,40.0,119.0
2024-03-11 11:00:00,14.2,44.0,69.8,38.5,35.7,36.0,69.0
2024-03-11 12:00:00,15.6,44.0,65.0,36.6,33.6,32.7,0.0
2024-03-11 13:00:00,16.2,44.0,60.4,35.1,29.6,27.9,0.0
2024-03-11 14:00:00,16.0,44.0,58.7,31.7,27.2,26.7,0.0
2024-03-11 15:00:00,15.9,44.0,54.8,30.7,26.8,26.3,0.0
2024-03-11 16:00:00,16.1,44.0,51.5,29.8,26.2,25.7,0.0
2024-03-11 17:00:00,15.7,44.0,70.9,30.0,38.0,29.0,53.0
2024-03-11 18:00:00,12.0,44.0,74.2,41.5,46.0,41.9,209.0
2024-03-11 19:00:00,12.1,44.0,76.6,38.8,43.3,39.5,110.0
2024-03-11 20:00:00,10.6,45.2,73.6,39.9,45.4,40.1,131.0
2024-03-11 21:00:00,11.8,44.1,66.7,39.6,43.4,40.2,130.0
2024-03-11 22:00:00,10.5,45.2,68.1,40.0,44.9,40.3,126.0
2024-03-11 23:00:00,11.8,44.1,56.6,39.0,35.0,34.7,0.0
2024-03-12 00:00:00,11.3,44.6,57.8,36.5,32.4,31.0,0.0
2024-03-12 01:00:00,11.2,44.6,54.7,34.3,28.5,27.6,0.0
2024-03-12 02:00:00,10.3,45.4,52.8,32.5,28.4,26.7,0.0
2024-03-12 03:00:00,10.3,45.4,49.9,31.0,26.5,25.7,0.0
2024-03-12 04:00:00,9.7,45.9,47.3,29.8,25.5,25.0,0.0
2024-03-12 05:00:00,9.2,46.4,45.0,28.8,25.0,24.7,0.0
2024-03-12 06:00:00,9.7,45.9,65.8,34.3,39.8,34.6,116.0
2024-03-12 07:00:00,10.2,45.5,78.9,42.9,48.8,42.9,196.0
2024-03-12 08:00:00,11.2,44.6,76.9,39.5,44.0,40.2,116.0
2024-03-12 09:00:00,12.4,44.0,74.2,38.8,43.3,39.5,118.0
2024-03-12 10:00:00,13.0,44.0,52.8,38.1,34.5,34.6,53.0
2024-03-12 11:00:00,13.2,44.0,57.8,35.6,32.6,31.0,0.0
2024-03-12 12:00:00,13.8,44.0,55.0,33.6,28.8,27.3,0.0
2024-03-12 13:00:00,14.3,44.0,52.9,31.8,27.8,26.5,0.0
2024-03-12 14:00:00,14.4,44.0,50.5,30.4,26.5,25.7,0.0
2024-03-12 15:00:00,13.6,44.0,48.0,29.3,26.0,25.1,0.0
2024-03-12 16:00:00,11.3,44.6,65.3,26.8,34.2,26.7,32.0
2024-03-12 17:00:00,12.0,44.0,76.1,41.3,48.1,40.7,199.0
2024-03-12 18:00:00,12.5,44.0,74.1,38.9,43.2,39.6,121.0
2024-03-12 19:00:00,11.8,44.0,75.4,39.1,43.8,39.8,124.0
2024-03-12 20:00:00,12.0,44.0,69.6,39.5,43.5,40.2,125.0
2024-03-12 21:00:00,11.3,44.5,67.5,39.8,44.2,40.1,121.0
2024-03-12 22:00:00,11.5,44.4,72.2,39.9,40.1,40.3,123.0
2024-03-12 23:00:00,11.2,44.7,55.9,38.0,35.1,34.5,0.0
2024-03-13 00:00:00,10.6,45.2,53.9,35.5,30.4,29.1,0.0
2024-03-13 01:00:00,10.7,45.1,52.1,33.6,28.6,26.6,0.0
2024-03-13 02:00:00,10.57,45.2,49.47,32.23,27.87,26.23,0.0
2024-03-13 03:00:00,10.43,45.3,46.83,30.87,27.13,25.87,0.0
2024-03-13 04:00:00,10.3,45.4,44.2,29.5,26.4,25.5,0.0
2024-03-13 05:00:00,10.2,45.5,42.2,28.6,25.5,25.2,0.0
2024-03-13 06:00:00,10.1,46.3,69.5,30.7,38.4,30.6,78.0
2024-03-13 07:00:00,10.0,46.5,81.0,43.0,47.5,43.5,229.0
2024-03-13 08:00:00,9.4,46.8,80.3,40.6,46.0,41.1,132.0
2024-03-13 09:00:00,11.0,45.7,79.2,41.2,46.3,41.8,150.0
2024-03-13 10:00:00,11.2,45.5,75.2,40.3,45.1,40.8,131.0
2024-03-13 11:00:00,10.4,43.9,76.0,39.9,44.3,40.6,133.0
2024-03-13 12:00:00,10.9,43.6,74.2,38.9,43.4,39.5,115.0
2024-03-13 13:00:00,10.3,43.9,73.8,38.8,43.5,39.6,120.0
2024-03-13 14:00:00,9.3,44.6,74.4,39.2,44.2,39.8,124.0
2024-03-13 15:00:00,10.2,44.0,74.8,39.8,43.9,40.4,132.0
2024-03-13 16:00:00,10.4,43.9,77.0,39.2,43.8,39.9,118.0
2024-03-13 17:00:00,10.5,43.8,77.2,39.6,44.3,40.3,126.0
2024-03-13 18:00:00,10.3,43.9,78.5,39.6,44.4,40.3,127.0
2024-03-13 19:00:00,10.8,43.7,78.2,39.6,44.1,40.3,124.0
2024-03-13 20:00:00,10.9,45.7,76.9,39.7,44.8,40.3,125.0
2024-03-13 21:00:00,10.9,45.7,70.5,41.1,45.9,41.4,141.0
2024-03-13 22:00:00,10.3,46.2,72.5,40.8,45.4,41.2,135.0
2024-03-13 23:00:00,10.8,45.8,66.1,39.0,34.6,34.6,0.0
2024-03-14 00:00:00,10.6,46.0,61.6,36.9,31.0,29.6,0.0
2024-03-14 01:00:00,10.2,46.2,57.6,35.0,27.8,27.1,0.0
2024-03-14 02:00:00,10.5,46.0,54.2,33.2,27.3,26.5,0.0
2024-03-14 03:00:00,10.6,46.0,51.2,31.8,26.3,25.6,0.0
2024-03-14 04:00:00,10.2,46.2,48.4,30.5,25.8,25.0,0.0
2024-03-14 05:00:00,10.4,46.1,32.1,33.6,31.1,24.6,0.0
2024-03-14 06:00:00,10.3,46.2,78.7,34.8,43.7,34.0,107.0
2024-03-14 07:00:00,10.0,46.4,78.1,42.1,46.7,42.5,207.0
2024-03-14 08:00:00,9.1,47.0,78.1,41.4,46.9,41.8,142.0
2024-03-14 09:00:00,8.7,47.3,79.2,42.0,47.5,42.5,155.0
2024-03-14 10:00:00,8.6,47.4,79.8,42.2,47.6,42.5,153.0
2024-03-14 11:00:00,8.8,44.9,79.0,41.7,45.7,42.3,149.0
2024-03-14 12:00:00,9.0,44.8,78.5,39.4,44.2,40.1,113.0
2024-03-14 13:00:00,9.7,44.6,77.5,39.6,44.3,40.3,127.0
2024-03-14 14:00:00,10.3,44.4,78.3,39.9,44.8,40.5,129.0
2024-03-14 15:00:00,10.4,44.4,74.3,39.7,44.0,40.3,126.0
2024-03-14 16:00:00,10.5,44.4,75.5,39.4,43.9,40.1,120.0
2024-03-14 17:00:00,10.9,44.3,74.7,39.4,43.9,40.1,122.0
2024-03-14 18:00:00,10.9,44.3,76.5,39.6,44.3,40.2,124.0
2024-03-14 19:00:00,10.3,44.4,75.7,40.0,44.6,40.5,129.0
2024-03-14 20:00:00,10.3,44.4,66.7,39.3,43.5,39.8,116.0
2024-03-14 21:00:00,10.1,44.5,67.5,39.9,44.4,40.4,128.0
2024-03-14 22:00:00,9.6,44.6,44.4,38.8,37.7,38.0,84.0
2024-03-14 23:00:00,8.6,44.9,57.2,33.2,39.6,33.1,0.0
2024-03-15 00:00:00,7.9,45.1,64.1,29.4,34.5,27.8,0.0
2024-03-15 01:00:00,8.4,45.0,64.2,26.8,33.5,27.4,0.0
2024-03-15 02:00:00,8.3,45.0,63.2,26.3,33.4,26.6,0.0
2024-03-15 03:00:00,8.5,45.0,61.4,25.6,32.0,26.1,0.0
2024-03-15 04:00:00,8.1,45.1,59.4,25.1,32.0,25.8,0.0
2024-03-15 05:00:00,8.6,44.9,57.6,24.6,32.1,25.4,0.0
2024-03-15 06:00:00,8.8,44.8,80.5,33.3,41.8,33.3,106.0
2024-03-15 07:00:00,8.6,44.9,79.4,42.3,46.8,42.9,201.0
2024-03-15 08:00:00,8.8,44.9,78.8,39.3,44.4,40.0,117.0
2024-03-15 09:00:00,9.3,44.1,76.4,39.4,44.1,40.0,133.0
2024-03-15 10:00:00,10.0,43.8,75.1,38.9,43.5,39.5,124.0
2024-03-15 11:00:00,10.6,43.6,70.0,38.0,34.5,34.6,51.0
2024-03-15 12:00:00,11.2,43.3,64.8,36.1,32.2,31.6,0.0
2024-03-15 13:00:00,12.2,43.0,60.1,34.6,28.6,26.7,0.0
2024-03-15 14:00:00,12.7,43.0,56.4,33.0,26.8,25.7,0.0
2024-03-15 15:00:00,12.9,43.0,53.1,31.6,26.0,25.3,0.0
2024-03-15 16:00:00,13.1,43.0,50.1,30.4,25.4,24.9,0.0
2024-03-15 17:00:00,13.1,43.0,47.5,29.5,25.1,24.4,0.0
2024-03-15 18:00:00,12.5,43.0,62.8,33.6,39.7,33.6,105.0
2024-03-15 19:00:00,11.9,43.0,73.3,39.6,43.2,40.2,176.0
2024-03-15 20:00:00,11.4,45.2,64.8,40.0,44.1,40.4,134.0
2024-03-15 21:00:00,10.7,45.5,73.5,41.1,46.4,41.3,147.0
2024-03-15 22:00:00,10.2,45.7,72.6,40.4,40.5,40.7,133.0
2024-03-15 23:00:00,10.3,45.7,62.3,38.5,35.7,34.3,0.0
2024-03-16 00:00:00,9.9,45.9,59.3,35.6,30.2,28.8,0.0
2024-03-16 01:00:00,9.7,45.9,56.0,33.3,28.1,26.8,0.0
2024-03-16 02:00:00,9.9,45.9,52.9,31.6,26.9,26.1,0.0
2024-03-16 03:00:00,9.6,46.0,50.0,30.3,26.2,25.4,0.0
2024-03-16 04:00:00,9.8,45.9,47.4,29.2,25.6,25.0,0.0
2024-03-16 05:00:00,8.9,46.3,45.0,28.3,25.3,24.7,0.0
2024-03-16 06:00:00,9.1,46.5,80.5,30.8,40.1,30.0,74.0
2024-03-16 07:00:00,9.4,46.3,78.0,42.7,47.2,43.0,236.0
2024-03-16 08:00:00,10.6,45.7,72.2,39.9,44.9,40.3,124.0
2024-03-16 09:00:00,11.8,45.1,70.6,40.9,45.2,41.2,147.0
2024-03-16 10:00:00,12.4,44.0,65.7,39.4,43.6,39.9,119.0
2024-03-16 11:00:00,12.8,43.0,63.1,38.7,34.4,34.6,56.0
2024-03-16 12:00:00,13.6,43.0,60.8,36.7,33.5,31.2,0.0
2024-03-16 13:00:00,14.2,43.0,57.7,34.5,28.1,27.1,0.0
2024-03-16 14:00:00,14.7,43.0,54.5,32.8,27.2,25.9,0.0
2024-03-16 15:00:00,14.6,43.0,51.6,31.4,26.4,25.4,0.0
2024-03-16 16:00:00,15.0,43.0,48.9,30.3,25.8,25.0,0.0
2024-03-16 17:00:00,13.3,43.0,46.5,29.2,25.4,24.6,0.0
2024-03-16 18:00:00,13.1,44.0,82.9,29.7,39.4,28.7,57.0
2024-03-16 19:00:00,13.0,44.0,72.9,41.2,45.4,41.7,212.0
2024-03-16 20:00:00,12.4,44.0,68.0,38.4,42.9,39.0,107.0
2024-03-16 21:00:00,12.3,45.0,72.9,40.0,45.1,40.5,139.0
2024-03-16 22:00:00,11.1,45.4,73.6,40.5,41.2,40.8,137.0
2024-03-16 23:00:00,10.6,45.7,68.7,38.4,34.7,34.3,0.0
2024-03-17 00:00:00,9.7,46.1,63.4,36.1,29.9,28.7,0.0
2024-03-17 01:00:00,9.5,46.2,58.8,34.2,27.7,26.5,0.0
2024-03-17 02:00:00,8.9,46.6,55.2,32.4,26.3,25.5,0.0
2024-03-17 03:00:00,8.6,46.7,51.9,30.8,25.3,24.7,0.0
2024-03-17 04:00:00,8.6,46.7,48.8,29.5,24.5,23.8,0.0
2024-03-17 05:00:00,9.0,46.5,46.1,28.5,24.0,23.5,0.0
2024-03-17 06:00:00,8.9,46.5,75.9,30.5,39.0,29.9,76.0
2024-03-17 07:00:00,9.2,46.4,78.3,42.7,47.5,43.0,237.0
2024-03-17 08:00:00,9.4,46.3,71.5,40.2,45.1,40.6,131.0
2024-03-17 09:00:00,9.8,46.1,78.1,41.7,47.3,42.0,160.0
2024-03-17 10:00:00,9.8,46.1,76.2,40.8,46.5,41.1,137.0
2024-03-17 11:00:00,10.5,45.7,75.4,41.0,46.1,41.2,146.0
2024-03-17 12:00:00,11.1,45.4,65.7,40.1,44.7,40.3,133.0
2024-03-17 13:00:00,11.3,43.5,67.1,40.8,44.7,41.2,145.0
2024-03-17 14:00:00,12.1,43.0,65.8,38.3,42.5,38.8,106.0
2024-03-17 15:00:00,11.8,43.1,66.7,38.4,42.8,38.9,116.0
2024-03-17 16:00:00,12.1,43.0,68.2,39.2,43.6,39.6,127.0
2024-03-17 17:00:00,12.1,43.0,67.9,38.5,42.9,39.1,113.0
2024-03-17 18:00:00,11.3,43.5,64.1,38.9,42.6,39.3,121.0
2024-03-17 19:00:00,10.2,44.4,73.6,39.8,44.7,40.2,135.0
2024-03-17 20:00:00,8.9,45.4,76.4,40.7,45.8,41.3,141.0
2024-03-17 21:00:00,8.5,45.7,76.8,40.3,45.7,40.7,130.0
2024-03-17 22:00:00,9.8,44.8,67.8,40.3,40.1,40.6,125.0
2024-03-17 23:00:00,7.7,46.3,63.5,37.2,36.7,34.1,0.0
2024-03-18 00:00:00,7.5,46.4,60.0,34.4,29.8,28.7,0.0
2024-03-18 01:00:00,7.3,46.6,56.3,32.7,27.8,27.3,0.0
2024-03-18 02:00:00,7.7,46.4,52.8,31.2,27.3,26.6,0.0
2024-03-18 03:00:00,7.6,46.4,49.8,30.1,26.2,25.7,0.0
2024-03-18 04:00:00,7.7,46.3,47.1,29.0,25.5,24.8,0.0
2024-03-18 05:00:00,6.5,47.3,40.1,32.6,25.1,24.6,0.0
2024-03-18 06:00:00,7.4,44.3,74.1,32.1,40.6,31.7,90.0
2024-03-18 07:00:00,7.6,44.2,80.5,40.3,44.4,40.9,198.0
2024-03-18 08:00:00,7.9,45.9,78.8,38.6,43.8,39.3,117.0
2024-03-18 09:00:00,9.5,44.7,78.0,40.4,45.4,40.9,150.0
2024-03-18 10:00:00,10.5,44.0,75.2,39.7,44.3,40.3,130.0
2024-03-18 11:00:00,11.5,43.3,71.9,38.9,36.6,37.0,85.0
2024-03-18 12:00:00,12.8,43.0,66.1,36.9,33.7,32.9,0.0
2024-03-18 13:00:00,12.7,43.0,61.7,35.3,29.0,27.1,0.0
2024-03-18 14:00:00,13.1,43.0,58.1,33.4,27.5,26.5,0.0
2024-03-18 15:00:00,13.6,43.0,54.5,32.0,26.4,25.6,0.0
2024-03-18 16:00:00,13.7,43.0,51.4,30.5,26.2,25.0,0.0
2024-03-18 17:00:00,13.2,43.0,48.7,29.6,25.2,24.7,0.0
2024-03-18 18:00:00,13.4,43.0,69.0,34.1,40.2,34.2,113.0
2024-03-18 19:00:00,12.9,43.0,72.5,39.9,43.5,40.4,166.0
2024-03-18 20:00:00,12.9,44.0,72.4,37.9,42.9,38.6,106.0
2024-03-18 21:00:00,12.4,44.0,71.8,40.0,44.8,40.5,139.0
2024-03-18 22:00:00,12.6,44.0,69.0,39.1,40.2,39.5,118.0
2024-03-18 23:00:00,12.3,44.0,60.5,37.3,36.3,34.1,0.0
2024-03-19 00:00:00,11.3,44.4,57.4,34.5,29.6,28.4,0.0
2024-03-19 01:00:00,10.9,44.6,53.9,32.8,28.1,26.8,0.0
2024-03-19 02:00:00,10.9,44.6,51.0,31.3,26.8,26.1,0.0
2024-03-19 03:00:00,9.9,45.2,48.2,30.0,25.9,25.2,0.0
2024-03-19 04:00:00,10.3,44.9,45.8,28.9,25.2,24.6,0.0
2024-03-19 05:00:00,10.3,44.9,50.3,36.4,29.7,26.3,0.0
2024-03-19 06:00:00,9.8,46.5,74.2,31.0,39.0,30.3,78.0
2024-03-19 07:00:00,9.1,47.0,82.3,43.0,47.7,43.3,233.0
2024-03-19 08:00:00,9.8,46.5,81.6,40.9,46.1,41.5,138.0
2024-03-19 09:00:00,9.8,46.5,80.2,41.1,46.7,41.6,148.0
2024-03-19 10:00:00,10.6,46.0,78.7,41.6,46.7,42.1,153.0
2024-03-19 11:00:00,10.8,41.7,69.5,38.5,41.5,39.2,104.0
2024-03-19 12:00:00,10.6,42.0,75.4,37.4,41.7,38.2,101.0
2024-03-19 13:00:00,10.3,42.4,69.6,37.8,41.3,38.5,109.0
2024-03-19 14:00:00,9.6,43.4,70.5,37.7,42.4,38.4,107.0
2024-03-19 15:00:00,9.7,43.2,71.6,38.7,43.1,39.3,124.0
2024-03-19 16:00:00,8.9,44.5,71.3,38.8,43.3,39.4,120.0
2024-03-19 17:00:00,8.2,45.4,71.6,40.8,45.7,41.2,143.0
2024-03-19 18:00:00,8.1,45.7,76.1,41.2,46.4,41.7,145.0
2024-03-19 19:00:00,7.3,46.7,78.6,41.1,46.1,41.5,143.0
2024-03-19 20:00:00,8.8,46.2,78.9,41.0,46.0,41.5,141.0
2024-03-19 21:00:00,7.1,47.4,77.7,42.1,48.1,42.2,150.0
2024-03-19 22:00:00,5.6,48.5,77.3,42.6,42.1,42.4,142.0
2024-03-19 23:00:00,5.4,48.7,62.1,40.1,36.0,34.5,0.0
2024-03-20 00:00:00,7.0,47.5,59.0,36.2,31.2,29.9,0.0
2024-03-20 01:00:00,6.8,47.7,56.0,33.9,28.0,27.3,0.0
2024-03-20 02:00:00,6.9,47.6,52.4,32.2,27.0,26.5,0.0
2024-03-20 03:00:00,5.6,48.5,49.2,30.8,26.3,25.8,0.0
2024-03-20 04:00:00,5.4,48.7,46.3,29.5,25.6,25.1,0.0
2024-03-20 05:00:00,5.2,48.8,28.8,35.4,25.1,24.7,0.0
2024-03-20 06:00:00,4.9,47.0,80.5,32.3,41.0,32.1,98.0
2024-03-20 07:00:00,4.3,47.5,84.7,43.0,47.6,43.4,239.0
2024-03-20 08:00:00,6.5,46.4,81.5,40.6,45.9,41.1,138.0
2024-03-20 09:00:00,6.6,46.3,80.2,40.6,45.8,41.2,148.0
2024-03-20 10:00:00,7.4,45.9,77.1,40.2,45.4,40.8,140.0
2024-03-20 11:00:00,7.8,45.8,75.6,40.2,45.2,40.7,139.0
2024-03-20 12:00:00,8.9,45.3,73.4,40.1,44.9,40.6,138.0
2024-03-20 13:00:00,9.3,44.5,72.1,40.0,44.7,40.5,133.0
2024-03-20 14:00:00,10.2,43.9,71.1,39.8,44.4,40.3,130.0
2024-03-20 15:00:00,10.5,43.9,71.8,39.7,44.3,40.2,129.0
2024-03-20 16:00:00,10.9,43.6,68.9,39.3,43.6,39.8,123.0
2024-03-20 17:00:00,11.1,43.5,69.3,38.9,43.2,39.5,119.0
2024-03-20 18:00:00,10.8,43.6,70.1,38.8,43.3,39.5,121.0
2024-03-20 19:00:00,10.9,43.6,75.3,39.6,44.3,40.3,131.0
2024-03-20 20:00:00,9.4,45.1,67.0,39.4,43.5,39.9,123.0
2024-03-20 21:00:00,8.1,45.6,79.2,41.3,46.7,41.6,150.0
2024-03-20 22:00:00,6.9,46.1,78.6,40.6,41.0,40.9,127.0
2024-03-20 23:00:00,6.7,46.2,71.5,38.7,34.4,34.4,0.0
2024-03-21 00:00:00,5.4,46.8,65.6,36.4,29.7,28.5,0.0
2024-03-21 01:00:00,5.7,46.7,60.7,34.4,26.8,26.5,0.0
2024-03-21 02:00:00,4.5,47.4,56.4,32.7,26.4,25.9,0.0
2024-03-21 03:00:00,4.0,47.7,52.6,31.2,25.6,25.0,0.0
2024-03-21 04:00:00,2.9,48.6,49.3,29.9,24.9,24.4,0.0
2024-03-21 05:00:00,4.5,47.4,46.4,28.7,24.4,24.0,0.0
2024-03-21 06:00:00,3.9,47.8,67.3,31.8,38.9,31.4,95.0
2024-03-21 07:00:00,4.5,47.4,82.2,43.8,49.7,43.9,240.0
2024-03-21 08:00:00,6.4,46.4,85.9,40.5,45.6,41.1,139.0
2024-03-21 09:00:00,7.8,44.8,80.7,40.2,45.3,40.8,144.0
2024-03-21 10:00:00,8.9,44.3,75.0,39.2,43.6,39.8,128.0
2024-03-21 11:00:00,9.4,44.1,73.0,38.9,43.6,39.4,124.0
2024-03-21 12:00:00,11.0,43.4,71.5,38.8,43.5,39.4,124.0
2024-03-21 13:00:00,12.2,43.0,67.0,37.9,34.6,34.7,39.0
2024-03-21 14:00:00,12.9,43.0,62.3,35.9,31.5,30.3,0.0
2024-03-21 15:00:00,13.0,43.0,58.1,34.4,28.4,26.6,0.0
2024-03-21 16:00:00,13.2,43.0,54.6,32.8,26.6,25.7,0.0
2024-03-21 17:00:00,13.3,43.0,51.5,31.4,26.0,25.1,0.0
2024-03-21 18:00:00,13.1,43.0,71.5,30.5,37.8,30.3,67.0
2024-03-21 19:00:00,12.0,43.0,70.9,40.5,45.3,40.9,189.0
2024-03-21 20:00:00,11.5,43.3,71.6,38.1,42.6,38.7,108.0
2024-03-21 21:00:00,11.2,43.5,71.8,39.2,44.5,39.5,130.0
2024-03-21 22:00:00,10.9,43.7,69.3,39.1,43.2,39.7,128.0
2024-03-21 23:00:00,10.6,44.0,65.5,37.4,34.2,34.4,0.0
2024-03-22 00:00:00,9.1,45.0,60.7,35.4,30.4,29.4,0.0
2024-03-22 01:00:00,8.6,45.4,56.5,33.7,27.3,26.6,0.0
2024-03-22 02:00:00,7.7,46.0,52.8,32.1,26.1,25.6,0.0
2024-03-22 03:00:00,7.1,46.5,49.6,30.7,25.6,25.1,0.0
2024-03-22 04:00:00,7.0,46.5,46.7,29.5,24.9,24.6,0.0
2024-03-22 05:00:00,5.7,47.5,44.1,28.4,24.5,24.2,0.0
2024-03-22 06:00:00,6.9,48.3,70.3,31.6,39.5,31.4,89.0
2024-03-22 07:00:00,7.6,47.8,85.3,44.2,50.8,44.1,246.0
2024-03-22 08:00:00,9.1,46.4,82.8,40.7,45.7,41.2,139.0
2024-03-22 09:00:00,10.2,45.0,77.3,40.3,44.9,40.9,145.0
2024-03-22 10:00:00,11.0,44.5,68.8,39.2,40.3,39.7,124.0
2024-03-22 11:00:00,12.1,44.0,60.7,37.7,34.1,33.9,0.0
2024-03-22 12:00:00,12.7,44.0,55.9,35.8,28.1,27.3,0.0
2024-03-22 13:00:00,13.4,44.0,55.8,34.9,29.1,25.8,0.0
2024-03-22 14:00:00,14.1,44.0,52.4,32.8,25.8,25.1,0.0
2024-03-22 15:00:00,14.4,44.0,49.2,31.5,25.0,24.6,0.0
2024-03-22 16:00:00,14.5,44.0,46.5,30.0,24.9,24.3,0.0
2024-03-22 17:00:00,14.4,44.0,44.3,29.0,24.7,24.2,0.0
2024-03-22 18:00:00,13.5,44.0,51.9,46.3,34.0,25.6,0.0
2024-03-22 19:00:00,13.0,44.0,73.0,35.0,42.2,34.6,159.0
2024-03-22 20:00:00,11.1,44.5,72.9,40.4,44.6,40.9,179.0
2024-03-22 21:00:00,10.0,45.2,72.1,39.4,45.1,39.6,123.0
2024-03-22 22:00:00,8.9,45.7,74.8,40.6,40.6,40.7,140.0
2024-03-22 23:00:00,9.1,45.6,61.5,38.5,35.0,33.8,0.0
2024-03-23 00:00:00,8.6,45.9,58.9,35.5,28.3,27.0,0.0
2024-03-23 01:00:00,8.6,45.9,55.9,33.1,26.5,25.8,0.0
2024-03-23 02:00:00,6.9,46.9,52.5,31.5,25.5,24.8,0.0
2024-03-23 03:00:00,5.7,47.6,49.4,29.8,25.1,24.0,0.0
2024-03-23 04:00:00,5.6,47.6,46.9,28.5,24.1,23.4,0.0
2024-03-23 05:00:00,7.0,46.8,44.4,27.5,23.5,23.0,0.0
2024-03-23 06:00:00,5.2,46.9,84.3,35.4,44.6,34.8,136.0
2024-03-23 07:00:00,6.9,46.1,83.0,41.5,46.2,42.0,212.0
2024-03-23 08:00:00,9.6,45.0,75.2,39.6,44.8,40.2,129.0
2024-03-23 09:00:00,11.0,44.3,71.6,39.9,44.4,40.3,139.0
2024-03-23 10:00:00,11.7,44.1,69.0,39.1,43.9,39.7,125.0
2024-03-23 11:00:00,12.5,44.0,65.8,39.8,43.9,40.3,134.0
2024-03-23 12:00:00,14.4,44.0,41.7,38.4,34.2,34.2,0.0
2024-03-23 13:00:00,15.2,44.0,50.6,35.4,30.7,27.9,0.0
2024-03-23 14:00:00,15.5,44.0,47.9,31.6,27.6,26.3,0.0
2024-03-23 15:00:00,16.0,44.0,46.0,29.6,26.6,25.6,0.0
2024-03-23 16:00:00,15.8,44.0,44.1,28.5,25.9,25.1,0.0
2024-03-23 17:00:00,15.9,44.0,42.5,27.6,25.4,24.8,0.0
2024-03-23 18:00:00,15.3,44.0,40.8,27.1,24.8,24.5,0.0
2024-03-23 19:00:00,15.0,44.0,39.2,26.7,24.4,24.3,0.0
2024-03-23 20:00:00,14.5,44.0,72.3,37.5,44.5,37.0,155.0
2024-03-23 21:00:00,14.4,44.0,64.9,39.5,43.1,40.1,155.0
2024-03-23 22:00:00,13.8,44.0,64.2,38.6,38.4,38.7,104.0
2024-03-23 23:00:00,12.8,44.0,60.4,36.7,34.3,33.7,0.0
2024-03-24 00:00:00,12.7,44.0,56.1,34.8,30.2,28.1,0.0
2024-03-24 01:00:00,12.3,44.0,52.6,32.8,27.3,26.5,0.0
2024-03-24 02:00:00,12.1,44.0,49.6,30.9,26.5,25.6,0.0
2024-03-24 03:00:00,11.6,44.1,46.9,29.9,25.6,25.1,0.0
2024-03-24 04:00:00,11.3,44.3,44.4,28.8,25.6,24.7,0.0
2024-03-24 05:00:00,10.7,44.5,42.3,27.8,24.9,24.3,0.0
2024-03-24 06:00:00,10.6,44.6,76.0,33.8,41.8,33.3,111.0
2024-03-24 07:00:00,11.2,44.3,75.0,40.7,44.6,41.2,191.0
2024-03-24 08:00:00,10.6,44.6,66.9,39.2,43.8,39.6,119.0
2024-03-24 09:00:00,12.4,44.0,72.5,39.6,44.7,40.0,136.0
2024-03-24 10:00:00,13.2,44.0,45.0,38.3,34.3,34.5,0.0
2024-03-24 11:00:00,14.7,44.0,51.3,35.7,31.3,29.9,0.0
2024-03-24 12:00:00,10.9,44.4,52.5,32.3,35.3,30.4,47.0
2024-03-24 13:00:00,10.1,44.8,72.8,41.7,45.9,42.1,209.0
2024-03-24 14:00:00,10.2,44.7,68.5,39.2,43.9,39.7,113.0
2024-03-24 15:00:00,8.2,45.1,73.1,40.6,45.8,41.0,142.0
2024-03-24 16:00:00,7.1,45.8,66.6,40.6,44.8,41.0,135.0
2024-03-24 17:00:00,6.5,46.2,78.9,41.8,46.8,42.2,154.0
2024-03-24 18:00:00,7.8,45.8,79.1,40.3,45.8,40.7,128.0
2024-03-24 19:00:00,8.5,45.5,77.9,40.8,46.0,41.2,143.0
2024-03-24 20:00:00,7.2,46.7,74.2,41.0,45.5,41.5,140.0
2024-03-24 21:00:00,7.9,46.3,79.1,41.2,46.8,41.6,143.0
2024-03-24 22:00:00,8.1,46.2,82.4,42.0,45.5,42.4,154.0
2024-03-24 23:00:00,8.0,46.2,75.4,39.9,34.9,34.9,0.0
2024-03-25 00:00:00,7.4,46.6,68.8,37.5,32.6,30.4,0.0
2024-03-25 01:00:00,6.1,47.3,63.6,35.2,28.7,27.4,0.0
2024-03-25 02:00:00,7.8,46.4,59.3,33.1,27.2,26.2,0.0
2024-03-25 03:00:00,7.3,46.6,55.3,31.5,26.3,25.5,0.0
2024-03-25 04:00:00,6.9,46.9,51.8,30.0,25.9,25.1,0.0
2024-03-25 05:00:00,7.3,46.6,52.7,28.5,29.7,24.7,0.0
2024-03-25 06:00:00,6.9,48.6,69.1,31.8,46.4,31.7,87.0
2024-03-25 07:00:00,7.3,48.3,83.5,44.4,52.3,43.2,228.0
2024-03-25 08:00:00,7.1,48.5,84.1,42.0,47.3,42.5,160.0
2024-03-25 09:00:00,7.5,47.5,82.9,41.9,47.3,42.4,158.0
2024-03-25 10:00:00,7.4,47.6,83.3,42.0,47.6,42.4,159.0
2024-03-25 11:00:00,7.5,47.4,81.7,42.1,47.5,42.4,156.0
2024-03-25 12:00:00,8.1,46.2,81.0,41.4,46.6,41.9,145.0
2024-03-25 13:00:00,8.9,43.5,74.7,38.8,42.3,39.5,113.0
2024-03-25 14:00:00,9.7,42.6,75.0,38.1,42.8,38.8,108.0
2024-03-25 15:00:00,9.9,42.4,73.4,38.4,42.7,39.2,115.0
2024-03-25 16:00:00,10.5,41.7,71.3,38.0,42.0,38.6,106.0
2024-03-25 17:00:00,10.6,41.4,71.4,37.3,41.3,38.0,95.0
2024-03-25 18:00:00,10.6,41.6,71.5,37.1,41.1,38.0,102.0
2024-03-25 19:00:00,8.6,45.9,78.4,39.1,45.2,39.4,125.0
2024-03-25 20:00:00,7.6,45.9,75.5,41.2,45.3,41.7,155.0
2024-03-25 21:00:00,6.5,46.3,80.8,41.2,46.8,41.7,143.0
2024-03-25 22:00:00,6.0,46.5,76.5,40.8,41.2,41.4,134.0
2024-03-25 23:00:00,6.6,46.3,66.5,38.5,36.4,34.3,0.0
2024-03-26 00:00:00,6.8,46.2,62.5,35.3,31.9,28.7,0.0
2024-03-26 01:00:00,4.9,47.0,58.5,33.1,28.0,26.8,0.0
2024-03-26 02:00:00,4.2,47.6,55.0,31.3,26.7,25.9,0.0
2024-03-26 03:00:00,5.5,46.7,51.8,30.0,25.8,25.0,0.0
2024-03-26 04:00:00,4.7,47.2,48.8,28.8,25.0,24.4,0.0
2024-03-26 05:00:00,5.1,46.9,31.9,33.7,29.1,23.7,0.0
2024-03-26 06:00:00,3.9,47.8,74.9,33.2,40.7,32.1,98.0
2024-03-26 07:00:00,5.7,46.7,85.5,43.1,47.7,43.6,232.0
2024-03-26 08:00:00,7.5,45.8,83.6,40.1,45.3,40.7,131.0
2024-03-26 09:00:00,8.9,45.3,73.5,39.7,44.2,40.3,135.0
2024-03-26 10:00:00,9.8,44.9,76.2,39.9,44.9,40.5,136.0
2024-03-26 11:00:00,10.7,44.5,71.7,39.6,43.9,40.2,128.0
2024-03-26 12:00:00,11.6,44.1,71.3,39.2,40.0,39.8,121.0
2024-03-26 13:00:00,12.3,44.0,61.7,37.6,34.6,34.3,0.0
2024-03-26 14:00:00,12.7,44.0,58.2,35.8,29.6,28.0,0.0
2024-03-26 15:00:00,12.2,44.0,58.4,31.9,37.4,32.1,65.0
2024-03-26 16:00:00,12.7,44.0,72.8,41.1,45.1,41.7,191.0
2024-03-26 17:00:00,12.0,44.0,72.7,38.8,43.4,39.4,110.0
2024-03-26 18:00:00,11.3,44.3,75.4,39.4,44.2,40.0,128.0
2024-03-26 19:00:00,10.4,44.6,75.8,40.0,44.7,40.6,133.0
2024-03-26 20:00:00,10.6,44.6,70.7,39.3,43.9,39.8,120.0
2024-03-26 21:00:00,10.0,44.8,73.5,40.5,45.3,40.9,139.0
2024-03-26 22:00:00,9.8,43.5,71.7,38.9,38.8,39.1,100.0
2024-03-26 23:00:00,9.4,43.8,66.3,37.3,34.1,34.1,0.0
2024-03-27 00:00:00,9.3,43.9,61.4,35.5,30.7,29.8,0.0
2024-03-27 01:00:00,9.3,43.9,57.1,33.9,27.9,27.3,0.0
2024-03-27 02:00:00,9.2,44.0,53.4,32.5,26.5,26.1,0.0
2024-03-27 03:00:00,9.4,43.8,50.1,31.2,25.9,25.7,0.0
2024-03-27 04:00:00,9.6,43.6,47.2,30.1,25.5,25.2,0.0
2024-03-27 05:00:00,9.6,43.7,44.7,29.2,25.3,24.8,0.0
2024-03-27 06:00:00,9.4,44.4,68.9,31.6,39.2,31.1,83.0
2024-03-27 07:00:00,10.1,44.0,78.0,40.6,44.5,41.2,201.0
2024-03-27 08:00:00,10.8,43.6,73.5,38.4,43.0,39.1,111.0
2024-03-27 09:00:00,11.7,43.1,72.0,38.6,43.0,39.2,122.0
2024-03-27 10:00:00,12.9,43.0,68.6,37.6,34.6,34.6,45.0
2024-03-27 11:00:00,13.8,43.0,63.9,35.8,31.4,30.1,0.0
2024-03-27 12:00:00,14.7,43.0,59.5,34.2,27.0,26.6,0.0
2024-03-27 13:00:00,15.6,43.0,55.5,32.8,26.4,26.1,0.0
2024-03-27 14:00:00,15.7,43.0,52.1,31.6,25.9,25.4,0.0
2024-03-27 15:00:00,15.8,43.0,49.1,30.6,25.4,25.1,0.0
2024-03-27 16:00:00,15.6,43.0,46.5,29.8,25.2,24.8,0.0
2024-03-27 17:00:00,15.4,43.0,44.1,29.0,25.0,24.7,0.0
2024-03-27 18:00:00,14.8,43.0,42.1,28.4,24.8,24.5,0.0
2024-03-27 19:00:00,14.2,43.0,40.2,27.8,24.5,24.2,0.0
2024-03-27 20:00:00,13.7,43.0,71.9,33.0,40.4,32.6,100.0
2024-03-27 21:00:00,13.5,43.0,70.3,39.6,43.3,40.3,175.0
2024-03-27 22:00:00,13.2,43.0,67.1,37.5,37.6,37.9,88.0
2024-03-27 23:00:00,13.2,43.0,62.5,35.9,33.8,33.4,0.0
2024-03-28 00:00:00,13.4,43.0,58.0,34.2,29.7,28.4,0.0
2024-03-28 01:00:00,13.6,43.0,54.2,32.8,27.4,26.8,0.0
2024-03-28 02:00:00,13.2,43.0,50.8,31.5,26.5,26.1,0.0
2024-03-28 03:00:00,13.2,43.0,47.8,30.4,25.8,25.4,0.0
2024-03-28 04:00:00,13.4,43.0,45.2,29.5,25.3,25.0,0.0
2024-03-28 05:00:00,12.7,43.0,42.9,28.7,25.1,24.8,0.0
2024-03-28 06:00:00,12.2,45.0,66.6,31.4,38.6,31.1,81.0
2024-03-28 07:00:00,12.5,45.0,72.8,41.8,45.6,42.1,205.0
2024-03-28 08:00:00,14.3,45.0,72.5,39.6,44.5,40.1,118.0
2024-03-28 09:00:00,15.0,45.0,68.1,38.3,34.6,34.6,0.0
2024-03-28 10:00:00,15.6,45.0,63.2,36.1,31.0,29.9,0.0
2024-03-28 11:00:00,15.8,45.0,58.8,34.3,27.5,26.9,0.0
2024-03-28 12:00:00,16.4,45.0,54.9,32.9,26.5,26.1,0.0
2024-03-28 13:00:00,16.9,45.0,55.0,32.5,25.6,25.7,0.0
2024-03-28 14:00:00,17.5,45.0,42.1,31.0,26.5,26.2,0.0
2024-03-28 15:00:00,17.5,45.0,40.2,29.8,26.2,26.0,0.0
2024-03-28 16:00:00,17.1,45.0,38.9,28.9,25.9,25.6,0.0
2024-03-28 17:00:00,16.8,45.0,37.7,28.1,25.6,25.3,0.0
2024-03-28 18:00:00,16.1,45.0,36.6,27.5,25.2,24.9,0.0
2024-03-28 19:00:00,15.8,45.0,35.4,26.9,24.8,24.7,0.0
2024-03-28 20:00:00,15.3,44.0,72.2,37.8,44.8,37.3,164.0
2024-03-28 21:00:00,14.5,44.0,69.4,39.6,43.3,40.2,150.0
2024-03-28 22:00:00,14.6,44.0,68.8,39.0,39.4,39.6,114.0
2024-03-28 23:00:00,14.5,44.0,56.6,37.2,35.2,34.2,0.0
2024-03-29 00:00:00,14.4,44.0,53.8,35.0,30.1,28.8,0.0
2024-03-29 01:00:00,14.6,44.0,51.1,33.1,28.2,27.4,0.0
2024-03-29 02:00:00,14.2,44.0,48.7,31.5,27.3,26.5,0.0
2024-03-29 03:00:00,12.9,44.0,46.6,30.1,26.3,25.7,0.0
2024-03-29 04:00:00,12.0,44.0,44.5,29.2,25.7,25.1,0.0
2024-03-29 05:00:00,11.9,44.0,31.3,34.7,30.6,24.8,0.0
2024-03-29 06:00:00,11.4,44.5,76.4,32.7,41.1,32.1,91.0
2024-03-29 07:00:00,12.2,44.0,73.3,40.3,44.2,40.8,188.0
2024-03-29 08:00:00,14.3,44.0,73.0,38.8,42.7,39.5,115.0
2024-03-29 09:00:00,15.3,44.0,67.8,37.0,34.2,34.2,0.0
2024-03-29 10:00:00,16.8,44.0,62.7,35.0,29.9,28.3,0.0
2024-03-29 11:00:00,17.2,44.0,58.5,33.6,27.7,26.8,0.0
2024-03-29 12:00:00,17.7,44.0,54.9,32.2,26.6,26.1,0.0
2024-03-29 13:00:00,18.1,44.0,51.7,30.9,26.0,25.4,0.0
2024-03-29 14:00:00,18.9,44.0,48.8,29.9,25.8,25.3,0.0
2024-03-29 15:00:00,18.8,44.0,46.1,29.0,25.5,25.2,0.0
2024-03-29 16:00:00,19.1,44.0,43.8,28.3,25.4,25.0,0.0
2024-03-29 17:00:00,18.7,44.0,41.9,27.6,25.4,25.0,0.0
2024-03-29 18:00:00,17.8,44.0,40.1,27.1,25.0,25.0,0.0
2024-03-29 19:00:00,17.6,44.0,38.6,26.7,25.1,24.7,0.0
2024-03-29 20:00:00,16.9,44.0,37.1,26.3,24.8,24.7,0.0
2024-03-29 21:00:00,15.5,44.0,35.8,25.9,24.8,24.5,0.0
2024-03-29 22:00:00,15.5,44.0,34.6,25.6,24.5,24.4,0.0
2024-03-29 23:00:00,14.7,44.0,33.5,25.2,24.3,24.1,0.0
2024-03-30 00:00:00,13.5,44.0,32.5,24.9,24.1,24.0,0.0
2024-03-30 01:00:00,13.7,44.0,31.6,24.6,24.0,23.8,0.0
2024-03-30 02:00:00,12.8,44.0,30.7,24.3,23.6,23.6,0.0
2024-03-30 03:00:00,12.4,44.0,29.9,24.0,23.5,23.4,0.0
2024-03-30 04:00:00,13.0,44.0,29.2,23.7,23.4,23.1,0.0
2024-03-30 05:00:00,12.9,44.0,28.6,23.5,23.0,22.8,0.0
2024-03-30 06:00:00,13.1,44.0,28.0,23.2,22.8,22.7,0.0
2024-03-30 07:00:00,13.3,44.0,27.4,23.1,22.8,22.7,0.0
2024-03-30 08:00:00,15.3,44.0,65.1,30.3,31.2,31.2,86.0
2024-03-30 09:00:00,17.7,44.0,60.0,29.1,30.5,30.6,0.0
2024-03-30 10:00:00,18.4,44.0,55.5,28.1,30.2,30.3,0.0
2024-03-30 11:00:00,19.7,44.0,51.6,27.3,30.0,30.2,0.0
2024-03-30 12:00:00,20.7,44.0,48.4,26.7,29.9,30.1,0.0
2024-03-30 13:00:00,21.5,44.0,45.7,26.3,29.7,29.9,0.0
2024-03-30 14:00:00,21.9,44.0,43.4,25.8,29.4,29.8,0.0
2024-03-30 15:00:00,22.5,44.0,41.4,25.5,29.1,29.7,0.0
2024-03-30 16:00:00,22.3,44.0,39.6,25.1,28.7,29.6,0.0
2024-03-30 17:00:00,21.9,44.0,38.0,24.8,28.4,29.2,0.0
2024-03-30 18:00:00,20.5,44.0,36.5,24.6,28.2,29.0,0.0
2024-03-30 19:00:00,20.2,44.0,35.3,24.4,27.8,28.8,0.0
2024-03-30 20:00:00,20.1,44.0,34.1,24.2,27.5,28.8,0.0
2024-03-30 21:00:00,19.3,44.0,33.0,24.0,27.3,28.6,0.0
2024-03-30 22:00:00,18.5,44.0,32.1,23.9,27.2,28.5,0.0
2024-03-30 23:00:00,18.3,44.0,31.3,23.7,27.0,28.4,0.0
2024-03-31 00:00:00,17.5,44.0,30.5,23.6,26.8,28.2,0.0
2024-03-31 01:00:00,16.9,44.0,29.8,23.4,26.6,28.0,0.0
2024-03-31 02:00:00,16.55,44.0,29.45,23.35,26.55,27.9,0.0
2024-03-31 03:00:00,16.2,44.0,29.1,23.3,26.5,27.8,0.0
2024-03-31 04:00:00,15.6,44.0,28.5,23.2,26.3,27.7,0.0
2024-03-31 05:00:00,14.7,44.0,28.0,23.0,26.1,27.7,0.0
2024-03-31 06:00:00,14.1,44.0,27.5,22.8,25.8,27.5,0.0
2024-03-31 07:00:00,14.5,44.0,27.0,22.7,25.7,27.4,0.0
2024-03-31 08:00:00,15.6,44.0,26.5,22.6,25.6,27.2,0.0
2024-03-31 09:00:00,16.4,44.0,26.2,22.5,25.4,27.0,0.0
2024-03-31 10:00:00,17.0,44.0,25.8,22.4,25.2,26.9,0.0
2024-03-31 11:00:00,18.3,44.0,25.5,22.4,25.2,26.8,0.0
2024-03-31 12:00:00,18.4,44.0,25.2,22.3,25.0,26.7,0.0
2024-03-31 13:00:00,18.8,44.0,25.0,22.3,24.9,26.6,0.0
2024-03-31 14:00:00,20.2,44.0,24.7,22.2,24.7,26.4,0.0
2024-03-31 15:00:00,21.2,44.0,24.5,22.1,24.8,26.3,0.0
2024-03-31 16:00:00,21.9,44.0,24.3,22.1,24.6,26.2,0.0
2024-03-31 17:00:00,21.5,44.0,24.1,22.0,24.4,26.2,0.0
2024-03-31 18:00:00,20.5,44.0,23.9,22.0,24.4,26.2,0.0
2024-03-31 19:00:00,20.1,44.0,23.7,21.9,24.3,26.0,0.0
2024-03-31 20:00:00,19.0,44.0,23.6,21.9,24.2,25.9,0.0
2024-03-31 21:00:00,18.5,44.0,23.4,21.8,24.1,25.7,0.0
2024-03-31 22:00:00,18.5,44.0,23.3,21.8,24.0,25.6,0.0
2024-03-31 23:00:00,17.6,44.0,23.3,21.8,23.9,25.5,0.0
