datetime,t_amb,t_ref,t_sup_prim,t_ret_prim,t_sup_sec,t_ret_sec,delta_e
2021-11-01 07:00:00,7.9,47.1,83.2,42.3,47.7,40.3,230.0
2021-11-01 08:00:00,8.6,46.7,78.5,41.8,46.6,41.0,170.0
2021-11-01 09:00:00,9.5,45.8,77.0,41.1,45.7,40.5,150.0
2021-11-01 10:00:00,10.9,45.2,74.0,40.6,45.1,40.3,150.0
2021-11-01 11:00:00,12.6,44.5,68.0,39.7,39.8,39.3,110.0
2021-11-01 12:00:00,14.6,44.0,35.2,38.5,35.5,34.3,0.0
2021-11-01 13:00:00,16.3,44.0,32.6,37.6,31.5,31.5,0.0
2021-11-01 14:00:00,16.8,44.0,30.4,36.5,27.7,29.5,0.0
2021-11-01 15:00:00,16.9,44.0,29.8,35.8,29.4,27.7,0.0
2021-11-01 16:00:00,16.6,44.0,29.8,34.8,29.7,26.7,0.0
2021-11-01 17:00:00,14.8,44.0,28.6,34.2,29.2,26.1,0.0
2021-11-01 18:00:00,13.8,44.0,74.7,33.1,38.2,29.9,80.0
2021-11-01 19:00:00,12.8,44.4,71.0,40.3,44.7,38.7,180.0
2021-11-01 20:00:00,12.1,44.8,70.0,40.7,45.1,40.0,150.0
2021-11-01 21:00:00,11.9,44.8,72.9,40.6,45.1,40.1,150.0
2021-11-01 22:00:00,11.4,45.0,72.3,40.4,41.6,39.9,140.0
2021-11-01 23:00:00,11.1,45.1,35.6,38.9,36.0,34.4,0.0
2021-11-02 00:00:00,10.8,45.2,33.4,37.9,32.9,32.8,0.0
2021-11-02 01:00:00,11.6,45.0,30.5,36.8,28.0,28.1,0.0
2021-11-02 02:00:00,11.9,44.8,30.3,36.0,30.6,27.3,0.0
2021-11-02 03:00:00,12.6,44.6,30.2,35.2,30.7,26.8,0.0
2021-11-02 04:00:00,13.3,44.2,29.8,35.2,30.7,26.1,0.0
2021-11-02 05:00:00,13.3,44.2,29.9,35.3,30.2,25.7,0.0
2021-11-02 06:00:00,13.5,45.1,72.8,30.3,35.3,27.2,0.0
2021-11-02 07:00:00,13.9,45.0,74.3,40.7,45.3,38.4,210.0
2021-11-02 08:00:00,13.5,45.1,74.9,40.9,45.3,40.4,150.0
2021-11-02 09:00:00,12.9,45.3,73.0,40.5,45.0,39.9,140.0
2021-11-02 10:00:00,13.0,45.3,72.7,41.1,45.6,40.4,150.0
2021-11-02 11:00:00,13.6,45.1,71.4,41.0,45.4,40.4,150.0
2021-11-02 12:00:00,14.0,45.0,71.3,40.8,45.2,40.3,140.0
2021-11-02 13:00:00,14.4,45.0,56.0,39.0,35.8,34.0,0.0
2021-11-02 14:00:00,15.1,45.0,51.0,37.2,40.4,37.4,120.0
2021-11-02 15:00:00,15.5,45.0,42.6,34.4,37.2,35.4,70.0
2021-11-02 16:00:00,15.4,45.0,59.9,35.4,39.0,34.3,60.0
2021-11-02 17:00:00,15.2,45.0,60.3,37.7,41.4,37.4,130.0
2021-11-02 18:00:00,15.1,45.0,71.4,41.3,45.5,40.5,160.0
2021-11-02 19:00:00,14.9,45.0,71.6,41.0,45.2,40.5,140.0
2021-11-02 20:00:00,14.6,45.0,73.4,41.0,45.6,40.6,140.0
2021-11-02 21:00:00,14.4,45.0,72.8,41.0,45.4,40.7,140.0
2021-11-02 22:00:00,13.1,45.2,40.7,40.0,37.5,35.3,0.0
2021-11-02 23:00:00,12.3,45.4,34.6,38.8,34.6,33.7,0.0
2021-11-03 00:00:00,11.7,45.6,31.6,37.7,29.0,29.4,0.0
2021-11-03 01:00:00,11.3,45.8,29.9,35.4,27.3,28.1,0.0
2021-11-03 02:00:00,10.6,45.9,29.7,35.7,30.3,27.5,0.0
2021-11-03 03:00:00,10.1,46.1,28.8,34.2,27.0,26.7,0.0
2021-11-03 04:00:00,10.0,46.1,28.6,34.0,28.9,26.0,0.0
2021-11-03 05:00:00,10.1,46.0,28.0,33.2,28.0,25.5,0.0
2021-11-03 06:00:00,9.6,46.3,50.0,30.2,38.1,27.2,40.0
2021-11-03 07:00:00,9.6,46.2,74.8,39.8,44.5,37.2,180.0
2021-11-03 08:00:00,10.9,45.9,78.6,41.7,46.5,40.9,180.0
2021-11-03 09:00:00,12.9,45.3,74.8,41.2,45.7,40.5,140.0
2021-11-03 10:00:00,14.0,45.0,35.5,39.8,37.4,35.1,50.0
2021-11-03 11:00:00,15.0,45.0,34.3,38.7,34.5,33.6,0.0
2021-11-03 12:00:00,16.4,45.0,31.3,37.7,29.2,29.1,0.0
2021-11-03 13:00:00,17.7,45.0,30.5,36.8,28.4,27.6,0.0
2021-11-03 14:00:00,18.7,45.0,30.4,36.0,31.1,26.9,0.0
2021-11-03 15:00:00,18.7,45.0,30.3,35.4,30.2,26.3,0.0
2021-11-03 16:00:00,18.0,45.0,29.9,35.1,29.9,26.1,0.0
2021-11-03 17:00:00,16.9,45.0,29.5,34.8,29.6,25.6,0.0
2021-11-03 18:00:00,16.8,45.0,29.7,35.0,30.0,25.4,0.0
2021-11-03 19:00:00,16.2,43.0,64.9,29.6,33.6,27.2,40.0
2021-11-03 20:00:00,16.5,43.0,71.2,39.4,43.7,38.3,190.0
2021-11-03 21:00:00,16.2,43.0,70.5,38.7,43.0,38.7,130.0
2021-11-03 22:00:00,16.0,43.0,67.2,38.1,38.9,38.4,100.0
2021-11-03 23:00:00,16.1,43.0,34.8,37.1,35.3,34.0,0.0
2021-11-04 00:00:00,16.5,43.0,31.9,36.1,30.4,30.7,0.0
2021-11-04 01:00:00,17.2,43.0,29.4,35.1,27.9,28.9,0.0
2021-11-04 02:00:00,16.5,43.0,29.7,34.4,30.4,27.6,0.0
2021-11-04 03:00:00,15.9,43.0,29.4,33.6,30.0,27.0,0.0
2021-11-04 04:00:00,15.8,43.0,28.6,33.0,29.4,26.6,0.0
2021-11-04 05:00:00,16.0,43.0,28.7,32.8,29.6,26.1,0.0
2021-11-04 06:00:00,15.7,43.0,59.8,27.8,31.6,26.9,0.0
2021-11-04 07:00:00,15.7,43.0,72.7,39.3,43.8,38.1,200.0
2021-11-04 08:00:00,17.8,43.0,69.8,38.5,39.2,38.5,120.0
2021-11-04 09:00:00,19.4,43.0,35.4,37.4,35.7,34.1,0.0
2021-11-04 10:00:00,21.7,43.0,32.3,36.4,31.0,31.2,0.0
2021-11-04 11:00:00,22.6,43.0,29.6,35.5,28.2,28.1,0.0
2021-11-04 12:00:00,23.8,43.0,30.2,34.7,31.3,27.5,0.0
2021-11-04 13:00:00,24.4,43.0,29.9,34.0,30.8,27.2,0.0
2021-11-04 14:00:00,24.2,43.0,29.5,33.3,30.3,26.7,0.0
2021-11-04 15:00:00,24.0,43.0,29.1,33.0,30.0,26.3,0.0
2021-11-04 16:00:00,23.3,43.0,29.0,32.8,29.8,26.1,0.0
2021-11-04 17:00:00,22.4,43.0,29.3,33.1,30.3,26.0,0.0
2021-11-04 18:00:00,21.5,43.0,29.1,32.9,30.2,25.9,0.0
2021-11-04 19:00:00,20.5,43.0,28.9,32.6,29.7,25.8,0.0
2021-11-04 20:00:00,20.1,43.0,28.7,32.3,29.8,25.9,0.0
2021-11-04 21:00:00,19.8,43.0,28.5,32.0,29.4,25.8,0.0
2021-11-04 22:00:00,19.2,43.0,28.2,31.6,29.2,25.6,0.0
2021-11-04 23:00:00,18.6,43.0,28.1,31.4,29.2,25.5,0.0
2021-11-05 00:00:00,17.9,43.0,27.9,31.0,29.0,25.5,0.0
2021-11-05 01:00:00,17.4,43.0,27.6,30.7,28.7,25.4,0.0
2021-11-05 02:00:00,16.6,43.0,27.3,30.3,28.5,25.4,0.0
2021-11-05 03:00:00,15.9,43.0,27.0,30.0,28.1,25.2,0.0
2021-11-05 04:00:00,16.0,43.0,26.7,29.6,27.8,25.0,0.0
2021-11-05 05:00:00,15.7,43.0,26.3,29.2,27.5,24.9,0.0
2021-11-05 06:00:00,15.3,43.0,43.3,36.9,33.9,24.7,0.0
2021-11-05 07:00:00,15.7,45.0,65.8,36.8,41.1,34.7,160.0
2021-11-05 08:00:00,17.0,45.0,68.6,40.6,40.4,39.7,150.0
2021-11-05 09:00:00,19.0,45.0,35.8,39.1,35.8,34.0,0.0
2021-11-05 10:00:00,19.5,45.0,32.8,38.0,31.2,30.8,0.0
2021-11-05 11:00:00,21.3,45.0,30.4,37.0,29.1,28.4,0.0
2021-11-05 12:00:00,22.3,45.0,30.8,36.2,30.2,27.5,0.0
2021-11-05 13:00:00,22.9,45.0,30.2,35.6,31.0,26.9,0.0
2021-11-05 14:00:00,23.2,45.0,30.6,35.2,31.1,26.5,0.0
2021-11-05 15:00:00,23.4,45.0,30.3,34.9,30.8,26.4,0.0
2021-11-05 16:00:00,21.6,45.0,30.2,34.9,30.7,26.3,0.0
2021-11-05 17:00:00,20.4,45.0,30.1,34.9,30.6,26.2,0.0
2021-11-05 18:00:00,19.8,45.0,29.0,33.3,30.2,26.1,0.0
2021-11-05 19:00:00,19.1,45.0,51.6,31.5,33.1,26.7,0.0
2021-11-05 20:00:00,19.2,45.0,70.2,40.0,44.3,38.1,190.0
2021-11-05 21:00:00,18.5,45.0,71.1,41.0,45.4,40.1,150.0
2021-11-05 22:00:00,16.9,45.0,36.2,39.5,36.3,34.4,0.0
2021-11-05 23:00:00,15.6,45.0,33.2,38.3,32.6,32.8,0.0
2021-11-06 00:00:00,14.8,45.0,30.8,37.2,29.1,28.5,0.0
2021-11-06 01:00:00,14.5,45.0,30.7,36.4,30.5,27.4,0.0
2021-11-06 02:00:00,14.6,45.0,30.1,35.7,29.1,26.8,0.0
2021-11-06 03:00:00,14.2,45.0,30.2,35.3,31.0,26.4,0.0
2021-11-06 04:00:00,13.9,45.0,30.0,35.0,30.3,26.0,0.0
2021-11-06 05:00:00,13.8,45.0,29.8,35.0,30.1,25.6,0.0
2021-11-06 06:00:00,13.3,45.1,29.2,29.0,31.6,25.3,0.0
2021-11-06 07:00:00,13.1,45.2,76.4,40.1,44.7,37.8,200.0
2021-11-06 08:00:00,13.7,45.0,74.6,40.9,45.4,40.3,160.0
2021-11-06 09:00:00,14.1,45.0,72.7,40.2,44.6,39.9,140.0
2021-11-06 10:00:00,14.5,45.0,73.3,40.1,44.6,39.7,130.0
2021-11-06 11:00:00,14.6,45.0,71.5,39.8,40.3,39.5,130.0
2021-11-06 12:00:00,15.4,45.0,37.8,39.1,36.3,36.1,80.0
2021-11-06 13:00:00,15.8,45.0,34.2,37.3,33.3,33.5,0.0
2021-11-06 14:00:00,15.6,45.0,31.6,35.4,29.7,31.0,0.0
2021-11-06 15:00:00,15.2,45.0,29.0,34.0,27.2,27.7,0.0
2021-11-06 16:00:00,14.7,44.0,73.9,37.0,41.7,34.8,130.0
2021-11-06 17:00:00,13.9,44.0,72.2,39.9,44.2,39.6,160.0
2021-11-06 18:00:00,13.6,44.2,72.1,39.7,44.1,39.5,130.0
2021-11-06 19:00:00,13.5,44.2,73.9,39.8,44.3,39.5,130.0
2021-11-06 20:00:00,9.9,43.1,75.3,39.2,43.6,39.5,130.0
2021-11-06 21:00:00,9.6,43.3,73.0,38.5,42.9,38.6,110.0
2021-11-06 22:00:00,9.7,43.4,71.9,39.2,39.7,39.1,110.0
2021-11-06 23:00:00,9.8,43.2,35.4,38.0,35.7,34.2,0.0
2021-11-07 00:00:00,9.6,43.4,33.1,36.9,31.9,32.7,0.0
2021-11-07 01:00:00,9.5,43.4,30.1,35.9,28.4,28.5,0.0
2021-11-07 02:00:00,9.3,43.7,30.2,35.0,30.9,27.7,0.0
2021-11-07 03:00:00,9.2,43.6,29.7,34.3,30.5,27.2,0.0
2021-11-07 04:00:00,8.9,43.8,29.3,33.9,29.5,26.4,0.0
2021-11-07 05:00:00,8.9,43.9,29.1,33.9,29.4,25.9,0.0
2021-11-07 06:00:00,9.1,43.8,64.0,35.3,35.8,25.8,0.0
2021-11-07 07:00:00,9.3,43.8,77.2,40.0,44.7,38.6,210.0
2021-11-07 08:00:00,9.7,43.4,72.7,38.7,43.2,38.8,130.0
2021-11-07 09:00:00,10.8,42.4,70.0,38.2,42.5,38.4,120.0
2021-11-07 10:00:00,12.3,41.3,39.3,37.2,36.5,34.7,40.0
2021-11-07 11:00:00,13.3,40.6,33.2,36.2,33.5,33.2,0.0
2021-11-07 12:00:00,14.2,40.0,30.3,35.2,28.4,28.9,0.0
2021-11-07 13:00:00,14.2,40.0,29.0,34.4,28.5,28.4,0.0
2021-11-07 14:00:00,14.0,40.0,29.4,33.7,30.0,27.0,0.0
2021-11-07 15:00:00,14.7,40.0,29.0,33.1,29.3,26.5,0.0
2021-11-07 16:00:00,13.6,40.3,28.7,33.0,28.6,26.0,0.0
2021-11-07 17:00:00,12.6,41.0,67.9,33.5,37.8,30.8,90.0
2021-11-07 18:00:00,11.8,41.7,72.3,38.4,42.6,37.4,140.0
2021-11-07 19:00:00,11.3,42.1,68.2,37.1,41.1,37.6,110.0
2021-11-07 20:00:00,11.0,42.4,70.4,37.6,42.0,37.9,120.0
2021-11-07 21:00:00,11.4,42.0,71.6,38.1,42.4,38.3,120.0
2021-11-07 22:00:00,10.7,42.4,69.9,37.9,42.3,38.3,110.0
2021-11-07 23:00:00,10.3,42.8,35.5,36.7,35.5,34.1,0.0
2021-11-08 00:00:00,10.1,43.0,32.0,35.8,31.4,32.5,0.0
2021-11-08 01:00:00,9.6,43.2,29.7,34.8,28.5,29.0,0.0
2021-11-08 02:00:00,10.3,42.8,29.1,34.0,28.3,27.6,0.0
2021-11-08 03:00:00,10.5,42.8,28.5,33.3,28.3,26.7,0.0
2021-11-08 04:00:00,10.4,42.8,28.4,32.7,28.4,26.4,0.0
2021-11-08 05:00:00,10.5,44.5,61.9,36.6,37.4,26.4,0.0
2021-11-08 06:00:00,10.3,44.6,74.7,39.5,44.3,37.5,190.0
2021-11-08 07:00:00,10.4,44.5,74.5,40.6,45.1,40.2,160.0
2021-11-08 08:00:00,11.4,44.2,72.9,39.9,44.4,39.7,130.0
2021-11-08 09:00:00,10.7,44.5,73.5,39.6,44.0,39.4,130.0
2021-11-08 10:00:00,11.1,44.3,72.4,39.5,43.8,39.4,130.0
2021-11-08 11:00:00,10.7,44.4,73.6,39.5,44.0,39.4,130.0
2021-11-08 12:00:00,10.6,44.5,73.5,39.8,44.3,39.7,130.0
2021-11-08 13:00:00,10.7,44.4,74.5,39.8,44.3,39.6,130.0
2021-11-08 14:00:00,10.6,44.5,73.5,39.7,44.2,39.6,130.0
2021-11-08 15:00:00,10.4,44.6,78.5,39.5,44.2,39.4,130.0
2021-11-08 16:00:00,10.3,44.6,74.7,40.2,44.7,39.9,130.0
2021-11-08 17:00:00,9.8,44.8,74.5,39.7,44.2,39.6,120.0
2021-11-08 18:00:00,9.8,44.8,75.9,40.4,45.0,40.3,130.0
2021-11-08 19:00:00,9.8,44.9,75.2,40.5,44.9,40.5,140.0
2021-11-08 20:00:00,9.6,45.0,76.5,40.5,45.1,40.4,130.0
2021-11-08 21:00:00,9.4,45.0,75.3,40.7,45.2,40.6,140.0
2021-11-08 22:00:00,9.3,45.1,41.0,39.5,37.2,35.1,40.0
2021-11-08 23:00:00,9.2,45.1,34.1,38.4,34.2,33.6,0.0
2021-11-09 00:00:00,9.1,45.0,31.7,37.2,29.6,30.1,0.0
2021-11-09 01:00:00,9.0,45.1,29.3,36.3,28.6,28.4,0.0
2021-11-09 02:00:00,8.9,45.3,30.1,35.5,29.2,27.3,0.0
2021-11-09 03:00:00,8.8,45.3,29.8,34.9,29.9,26.7,0.0
2021-11-09 04:00:00,8.8,45.3,29.2,34.3,29.1,26.3,0.0
2021-11-09 05:00:00,8.7,45.3,29.3,34.1,29.7,25.8,0.0
2021-11-09 06:00:00,8.7,45.3,57.8,28.7,32.2,26.7,0.0
2021-11-09 07:00:00,8.7,45.4,71.3,41.3,45.6,39.0,210.0
2021-11-09 08:00:00,8.9,45.2,77.6,40.8,45.5,40.4,150.0
2021-11-09 09:00:00,8.6,45.3,77.5,40.6,45.1,40.1,140.0
2021-11-09 10:00:00,8.6,45.4,77.2,40.4,45.2,40.1,150.0
2021-11-09 11:00:00,8.7,45.3,78.4,40.7,45.5,40.3,140.0
2021-11-09 12:00:00,8.0,45.7,77.4,40.6,45.3,40.3,140.0
2021-11-09 13:00:00,7.9,45.7,78.3,40.8,45.5,40.3,150.0
2021-11-09 14:00:00,7.8,45.3,78.2,40.9,45.6,40.5,140.0
2021-11-09 15:00:00,8.0,45.2,77.4,40.6,45.3,40.4,140.0
2021-11-09 16:00:00,8.1,45.3,77.2,40.5,45.3,40.3,140.0
2021-11-09 17:00:00,8.1,45.3,76.6,40.2,44.9,40.2,130.0
2021-11-09 18:00:00,8.2,45.2,77.1,40.2,44.8,40.2,140.0
2021-11-09 19:00:00,8.1,45.3,76.6,40.2,44.7,40.1,130.0
2021-11-09 20:00:00,8.2,45.2,75.3,40.3,44.8,40.2,130.0
2021-11-09 21:00:00,8.2,45.2,74.6,40.1,44.6,40.1,140.0
2021-11-09 22:00:00,8.1,45.3,73.8,40.5,40.8,40.3,120.0
2021-11-09 23:00:00,7.8,45.3,35.8,39.2,36.3,34.6,0.0
2021-11-10 00:00:00,6.3,46.2,33.3,38.1,32.4,32.8,0.0
2021-11-10 01:00:00,5.0,46.9,30.1,36.9,28.4,28.8,0.0
2021-11-10 02:00:00,4.5,47.3,30.5,36.2,29.4,27.6,0.0
2021-11-10 03:00:00,4.0,47.8,30.0,35.5,29.9,26.7,0.0
2021-11-10 04:00:00,3.5,48.4,29.6,35.0,29.8,26.0,0.0
2021-11-10 05:00:00,3.1,48.8,29.2,34.7,29.0,25.2,0.0
2021-11-10 06:00:00,3.0,48.7,32.8,32.6,35.9,26.4,0.0
2021-11-10 07:00:00,3.6,48.1,83.6,42.7,47.9,39.2,230.0
2021-11-10 08:00:00,4.4,47.6,82.3,43.1,48.0,42.0,190.0
2021-11-10 09:00:00,5.6,46.7,80.1,41.8,46.6,41.3,150.0
2021-11-10 10:00:00,6.4,46.1,79.2,41.1,45.9,40.7,150.0
2021-11-10 11:00:00,6.4,46.2,78.2,40.9,45.7,40.5,150.0
2021-11-10 12:00:00,7.3,43.9,77.6,40.6,45.1,40.3,140.0
2021-11-10 13:00:00,8.3,43.5,74.4,38.6,43.1,38.8,110.0
2021-11-10 14:00:00,9.3,43.1,73.2,38.8,43.2,38.9,130.0
2021-11-10 15:00:00,9.1,43.2,72.6,38.5,43.0,38.8,120.0
2021-11-10 16:00:00,9.1,43.2,73.3,38.5,43.0,38.7,120.0
2021-11-10 17:00:00,9.1,43.2,73.9,38.6,43.0,38.9,130.0
2021-11-10 18:00:00,8.8,43.2,75.0,38.7,43.3,38.9,120.0
2021-11-10 19:00:00,8.4,43.4,75.8,39.2,43.7,39.3,130.0
2021-11-10 20:00:00,7.9,43.6,74.8,39.2,43.7,39.5,130.0
2021-11-10 21:00:00,8.1,43.6,75.4,39.1,43.5,39.4,120.0
2021-11-10 22:00:00,7.9,43.7,74.4,39.0,39.9,39.1,130.0
2021-11-10 23:00:00,7.7,43.7,35.4,37.7,35.9,34.2,0.0
2021-11-11 00:00:00,7.3,43.9,32.6,36.7,31.4,31.6,0.0
2021-11-11 01:00:00,6.9,44.2,29.6,35.8,28.3,29.0,0.0
2021-11-11 02:00:00,6.6,44.2,30.0,35.0,29.9,27.5,0.0
2021-11-11 03:00:00,6.4,44.4,29.6,34.3,30.1,26.7,0.0
2021-11-11 04:00:00,6.1,44.5,29.4,34.2,29.7,26.1,0.0
2021-11-11 05:00:00,5.6,44.6,29.1,34.0,29.4,25.5,0.0
2021-11-11 06:00:00,5.4,44.7,84.0,37.2,42.1,32.9,110.0
2021-11-11 07:00:00,5.1,44.9,78.1,40.6,45.3,40.0,190.0
2021-11-11 08:00:00,5.8,44.6,79.0,40.4,45.2,39.9,150.0
2021-11-11 09:00:00,7.1,44.0,76.0,39.7,44.3,39.6,130.0
2021-11-11 10:00:00,8.1,43.6,75.6,39.0,43.6,39.1,130.0
2021-11-11 11:00:00,8.9,43.2,72.7,38.5,43.0,38.6,130.0
2021-11-11 12:00:00,10.2,42.7,71.0,37.9,42.2,38.3,120.0
2021-11-11 13:00:00,11.8,42.0,68.2,37.9,42.0,38.2,110.0
2021-11-11 14:00:00,11.8,46.1,34.8,36.8,35.9,34.6,0.0
2021-11-11 15:00:00,11.1,46.5,32.6,35.9,32.1,32.7,0.0
2021-11-11 16:00:00,10.4,46.8,29.4,35.0,28.4,28.3,0.0
2021-11-11 17:00:00,9.5,47.5,49.1,34.9,38.1,34.5,110.0
2021-11-11 18:00:00,9.1,47.7,76.7,42.2,47.1,40.5,180.0
2021-11-11 19:00:00,8.8,47.7,76.8,43.6,48.3,42.1,180.0
2021-11-11 20:00:00,8.3,48.1,77.8,43.6,48.4,42.3,170.0
2021-11-11 21:00:00,8.1,48.2,75.3,43.7,48.1,42.4,170.0
2021-11-11 22:00:00,7.8,48.4,78.5,44.1,48.8,42.9,170.0
2021-11-11 23:00:00,6.2,49.3,38.0,42.7,38.6,35.7,0.0
2021-11-12 00:00:00,5.1,49.9,35.4,41.3,34.4,34.1,0.0
2021-11-12 01:00:00,4.9,50.1,32.1,39.5,28.5,29.0,0.0
2021-11-12 02:00:00,4.2,50.4,30.6,38.0,27.6,27.8,0.0
2021-11-12 03:00:00,3.9,50.6,29.6,33.3,27.3,26.8,0.0
2021-11-12 04:00:00,3.5,50.9,31.8,24.3,31.7,26.1,0.0
2021-11-12 05:00:00,3.0,51.2,37.2,23.1,35.8,25.2,0.0
2021-11-12 06:00:00,2.7,51.4,84.2,36.8,42.3,33.0,130.0
2021-11-12 07:00:00,2.7,51.3,83.1,44.4,49.6,41.7,210.0
2021-11-12 08:00:00,3.8,50.6,84.3,46.1,51.3,43.8,220.0
2021-11-12 09:00:00,5.0,49.8,80.3,45.0,49.9,43.6,180.0
2021-11-12 10:00:00,7.1,48.8,78.6,43.9,48.6,42.6,170.0
2021-11-12 11:00:00,7.9,48.3,76.7,43.2,47.8,42.2,170.0
2021-11-12 12:00:00,8.9,47.7,74.1,43.4,47.8,42.1,160.0
2021-11-12 13:00:00,9.7,47.3,68.2,42.2,40.6,40.3,120.0
2021-11-12 14:00:00,10.6,46.8,36.5,41.0,36.3,34.8,0.0
2021-11-12 15:00:00,10.9,44.1,47.0,34.7,34.7,33.8,60.0
2021-11-12 16:00:00,10.2,44.5,73.4,38.5,42.7,36.4,110.0
2021-11-12 17:00:00,9.2,45.3,74.2,40.8,45.2,40.4,160.0
2021-11-12 18:00:00,8.0,46.1,76.9,41.1,45.7,40.7,150.0
2021-11-12 19:00:00,6.8,46.8,77.6,41.7,46.4,40.9,150.0
2021-11-12 20:00:00,6.1,47.4,79.3,42.6,47.4,41.8,170.0
2021-11-12 21:00:00,5.2,47.8,79.2,42.9,47.7,42.0,160.0
2021-11-12 22:00:00,4.7,48.2,76.7,42.9,42.8,41.9,160.0
2021-11-12 23:00:00,3.8,48.8,36.8,41.5,36.9,34.9,0.0
2021-11-13 00:00:00,3.4,49.2,34.0,40.2,32.3,32.9,0.0
2021-11-13 01:00:00,3.0,49.6,30.8,38.8,27.8,28.8,0.0
2021-11-13 02:00:00,2.4,50.1,30.9,38.1,28.7,27.4,0.0
2021-11-13 03:00:00,2.0,50.4,30.0,37.2,28.6,26.4,0.0
2021-11-13 04:00:00,1.7,50.5,29.6,36.5,29.6,25.4,0.0
2021-11-13 05:00:00,1.0,51.0,29.4,36.1,29.1,24.6,0.0
2021-11-13 06:00:00,1.0,51.2,69.3,27.8,31.6,24.9,0.0
2021-11-13 07:00:00,0.8,48.4,80.7,41.3,46.2,38.4,220.0
2021-11-13 08:00:00,1.8,47.9,84.9,43.3,48.4,42.1,200.0
2021-11-13 09:00:00,2.8,47.2,83.3,42.2,47.4,41.6,170.0
2021-11-13 10:00:00,4.4,46.4,78.8,41.2,45.9,40.8,150.0
2021-11-13 11:00:00,6.1,45.5,77.2,40.5,45.2,40.2,150.0
2021-11-13 12:00:00,8.0,44.6,72.5,39.6,40.3,39.6,120.0
2021-11-13 13:00:00,9.3,44.1,36.0,38.5,35.8,34.5,0.0
2021-11-13 14:00:00,9.9,43.7,32.8,37.5,31.1,31.6,0.0
2021-11-13 15:00:00,10.3,43.6,29.8,36.5,28.0,28.2,0.0
2021-11-13 16:00:00,8.9,44.2,30.0,35.7,29.7,27.2,0.0
2021-11-13 17:00:00,7.2,44.9,78.8,38.9,43.9,35.7,160.0
2021-11-13 18:00:00,6.5,45.2,77.1,41.1,45.9,40.5,180.0
2021-11-13 19:00:00,6.0,45.5,76.6,41.1,45.7,40.5,150.0
2021-11-13 20:00:00,5.6,45.7,78.0,41.2,45.9,40.8,150.0
2021-11-13 21:00:00,5.2,45.9,78.4,41.4,46.1,40.8,150.0
2021-11-13 22:00:00,4.8,46.0,78.0,41.2,43.3,40.7,150.0
2021-11-13 23:00:00,4.3,46.4,35.6,39.7,35.7,34.5,0.0
2021-11-14 00:00:00,3.7,46.7,33.7,38.7,33.8,32.9,0.0
2021-11-14 01:00:00,3.4,47.0,30.8,37.7,30.0,28.2,0.0
2021-11-14 02:00:00,2.7,47.3,31.6,37.4,31.3,27.3,0.0
2021-11-14 03:00:00,2.3,47.5,31.6,37.5,31.1,26.5,0.0
2021-11-14 04:00:00,1.8,47.9,31.2,37.3,30.5,26.0,0.0
2021-11-14 05:00:00,1.5,48.1,31.1,36.9,30.4,25.7,0.0
2021-11-14 06:00:00,1.6,47.4,68.5,27.3,32.1,25.1,0.0
2021-11-14 07:00:00,1.6,47.4,85.6,42.2,47.6,39.7,250.0
2021-11-14 08:00:00,2.6,47.0,81.0,41.6,46.5,41.0,170.0
2021-11-14 09:00:00,4.2,46.3,79.3,41.7,46.4,41.2,160.0
2021-11-14 10:00:00,6.5,45.1,75.9,40.7,45.2,40.2,150.0
2021-11-14 11:00:00,7.5,44.2,73.3,39.8,44.2,39.6,140.0
2021-11-14 12:00:00,8.1,43.7,72.4,39.5,43.9,39.4,70.0
2021-11-14 13:00:00,9.7,42.9,70.3,38.7,42.9,38.7,180.0
2021-11-14 14:00:00,10.0,42.6,34.7,37.4,35.7,34.5,0.0
2021-11-14 15:00:00,9.8,42.7,32.6,36.5,31.6,31.5,0.0
2021-11-14 16:00:00,8.5,43.6,29.8,35.6,28.9,28.2,0.0
2021-11-14 17:00:00,7.8,44.0,77.4,38.5,40.7,31.7,90.0
2021-11-14 18:00:00,7.5,44.4,75.4,40.0,44.5,39.6,190.0
2021-11-14 19:00:00,7.1,46.2,77.8,42.2,46.8,40.6,160.0
2021-11-14 20:00:00,6.7,46.4,76.7,41.5,46.0,40.9,150.0
2021-11-14 21:00:00,5.8,46.7,79.7,42.2,47.2,40.7,160.0
2021-11-14 22:00:00,5.4,46.9,78.9,42.2,42.4,41.5,150.0
2021-11-14 23:00:00,5.0,46.9,36.2,40.7,36.3,34.6,0.0
2021-11-15 00:00:00,5.1,46.9,33.8,39.6,32.6,33.1,0.0
2021-11-15 01:00:00,4.4,47.4,31.3,38.6,30.0,28.2,0.0
2021-11-15 02:00:00,4.0,47.8,32.0,38.8,31.6,26.9,0.0
2021-11-15 03:00:00,3.3,48.4,32.4,38.9,31.8,26.5,0.0
2021-11-15 04:00:00,2.7,48.9,32.1,38.8,31.4,25.8,0.0
2021-11-15 05:00:00,2.3,48.3,37.5,39.1,39.5,25.8,0.0
2021-11-15 06:00:00,2.5,48.3,84.4,34.6,40.1,30.7,70.0
2021-11-15 07:00:00,4.0,46.8,84.4,42.5,47.5,41.2,240.0
2021-11-15 08:00:00,5.7,45.8,79.6,40.7,45.4,40.3,150.0
2021-11-15 09:00:00,6.5,45.6,78.3,40.8,45.5,40.3,150.0
2021-11-15 10:00:00,7.2,45.5,77.5,40.5,45.2,40.2,150.0
2021-11-15 11:00:00,7.6,45.4,76.5,40.5,45.2,40.1,140.0
2021-11-15 12:00:00,7.5,45.4,76.4,40.5,45.0,40.1,40.0
2021-11-15 13:00:00,8.1,45.2,74.5,40.8,45.2,40.5,260.0
2021-11-15 14:00:00,8.2,45.2,68.0,39.6,38.3,38.2,100.0
2021-11-15 15:00:00,8.5,45.2,35.2,38.5,36.0,34.1,0.0
2021-11-15 16:00:00,7.5,45.4,61.3,36.2,40.2,35.6,120.0
2021-11-15 17:00:00,6.6,45.6,78.7,41.4,46.2,40.6,180.0
2021-11-15 18:00:00,5.9,45.8,79.6,41.3,45.9,40.8,150.0
2021-11-15 19:00:00,5.3,45.9,79.9,40.9,45.7,40.6,150.0
2021-11-15 20:00:00,5.0,45.9,78.5,40.6,45.3,40.5,140.0
2021-11-15 21:00:00,7.0,45.5,77.9,41.3,45.9,40.7,150.0
2021-11-15 22:00:00,6.5,45.6,76.5,40.6,41.0,40.4,130.0
2021-11-15 23:00:00,5.2,45.9,35.7,39.2,36.3,34.3,0.0
2021-11-16 00:00:00,4.2,46.6,33.3,38.2,32.9,32.9,0.0
2021-11-16 01:00:00,3.6,47.4,31.0,37.4,30.4,28.6,0.0
2021-11-16 02:00:00,3.0,47.7,31.4,37.0,30.9,27.2,0.0
2021-11-16 03:00:00,2.9,47.8,31.2,36.8,30.7,26.2,0.0
2021-11-16 04:00:00,5.3,45.9,30.8,36.5,30.2,25.8,0.0
2021-11-16 05:00:00,6.1,45.7,30.8,36.2,30.3,25.7,0.0
2021-11-16 06:00:00,6.4,45.6,42.2,38.6,41.0,26.4,0.0
2021-11-16 07:00:00,6.4,45.6,79.8,40.9,45.9,38.5,220.0
2021-11-16 08:00:00,8.1,45.2,77.3,41.0,45.7,40.3,170.0
2021-11-16 09:00:00,8.5,45.2,76.1,40.7,45.2,40.1,140.0
2021-11-16 10:00:00,9.9,44.9,74.3,39.9,44.3,39.7,140.0
2021-11-16 11:00:00,10.6,44.7,72.5,41.5,45.0,35.6,90.0
2021-11-16 12:00:00,11.1,43.6,71.9,39.8,44.2,39.4,160.0
2021-11-16 13:00:00,11.1,43.6,71.8,39.7,44.0,39.4,140.0
2021-11-16 14:00:00,10.9,43.6,71.8,39.7,44.0,39.4,130.0
2021-11-16 15:00:00,10.3,43.8,72.7,39.8,44.3,39.5,140.0
2021-11-16 16:00:00,9.6,43.9,74.7,40.1,44.6,39.8,140.0
2021-11-16 17:00:00,9.2,44.0,75.1,39.8,44.3,39.7,130.0
2021-11-16 18:00:00,9.4,44.0,75.4,40.1,44.7,39.9,140.0
2021-11-16 19:00:00,9.4,44.0,74.4,39.3,43.8,39.4,130.0
2021-11-16 20:00:00,9.1,44.0,74.7,39.1,43.7,39.2,130.0
2021-11-16 21:00:00,9.4,44.0,73.9,39.3,43.6,39.2,130.0
2021-11-16 22:00:00,9.2,44.0,72.5,39.3,40.0,39.5,120.0
2021-11-16 23:00:00,8.9,44.1,35.7,38.1,36.0,34.5,0.0
2021-11-17 00:00:00,8.4,44.2,32.9,37.1,32.3,32.7,0.0
2021-11-17 01:00:00,8.0,44.2,30.3,36.2,29.9,28.4,0.0
2021-11-17 02:00:00,7.8,44.3,30.8,36.2,30.8,27.4,0.0
2021-11-17 03:00:00,7.9,44.3,30.9,36.3,30.6,26.7,0.0
2021-11-17 04:00:00,8.0,44.3,30.6,36.2,30.2,26.1,0.0
2021-11-17 05:00:00,8.2,44.3,30.7,30.8,31.0,25.7,0.0
2021-11-17 06:00:00,8.3,44.2,77.4,39.6,44.5,37.4,190.0
2021-11-17 07:00:00,8.5,44.2,77.6,40.0,44.7,39.7,160.0
2021-11-17 08:00:00,8.7,44.1,76.1,39.6,44.1,39.5,140.0
2021-11-17 09:00:00,9.4,44.0,74.6,39.1,43.6,39.1,130.0
2021-11-17 10:00:00,10.2,43.8,74.5,39.0,43.6,39.0,120.0
2021-11-17 11:00:00,10.9,43.6,72.6,39.0,43.4,39.1,130.0
2021-11-17 12:00:00,11.9,43.4,71.8,38.7,42.9,38.9,120.0
2021-11-17 13:00:00,11.5,43.5,71.1,38.9,43.2,38.9,130.0
2021-11-17 14:00:00,11.6,43.5,36.6,38.0,36.1,34.8,0.0
2021-11-17 15:00:00,10.9,43.6,33.6,36.9,33.7,33.3,0.0
2021-11-17 16:00:00,10.3,43.8,68.6,29.8,34.0,28.5,0.0
2021-11-17 17:00:00,9.5,45.2,75.5,41.4,45.9,39.1,200.0
2021-11-17 18:00:00,9.0,45.4,76.1,41.2,45.8,40.6,160.0
2021-11-17 19:00:00,8.6,45.6,77.4,41.4,46.2,40.9,150.0
2021-11-17 20:00:00,7.8,45.9,78.3,41.5,46.2,40.9,150.0
2021-11-17 21:00:00,6.6,46.3,79.5,42.0,46.7,41.3,150.0
2021-11-17 22:00:00,6.4,46.4,73.3,41.8,41.5,40.9,140.0
2021-11-17 23:00:00,6.8,46.2,36.2,40.3,36.5,34.5,0.0
2021-11-18 00:00:00,7.2,46.1,33.6,39.2,32.7,32.8,0.0
2021-11-18 01:00:00,6.7,46.3,31.4,38.3,30.7,28.6,0.0
2021-11-18 02:00:00,6.3,46.5,32.1,38.1,31.6,27.3,0.0
2021-11-18 03:00:00,6.7,46.3,31.8,38.0,31.2,26.7,0.0
2021-11-18 04:00:00,6.9,46.3,31.6,37.6,31.1,26.1,0.0
2021-11-18 05:00:00,6.8,46.3,31.7,30.7,33.9,26.1,0.0
2021-11-18 06:00:00,7.1,46.2,79.0,35.2,40.3,31.1,90.0
2021-11-18 07:00:00,7.0,46.2,78.8,42.1,47.0,40.3,200.0
2021-11-18 08:00:00,7.5,46.1,78.5,41.5,46.2,40.6,160.0
2021-11-18 09:00:00,7.4,46.0,78.4,41.1,45.9,40.6,150.0
2021-11-18 10:00:00,7.6,45.9,78.6,41.1,45.8,40.6,160.0
2021-11-18 11:00:00,8.2,45.7,77.7,41.2,45.9,40.7,150.0
2021-11-18 12:00:00,8.8,45.4,76.1,40.8,45.5,40.6,150.0
2021-11-18 13:00:00,8.7,45.5,76.4,40.7,45.5,40.3,140.0
2021-11-18 14:00:00,8.2,45.7,76.8,40.7,45.3,40.3,140.0
2021-11-18 15:00:00,7.7,45.9,77.4,40.8,45.4,40.3,150.0
2021-11-18 16:00:00,7.2,46.1,78.3,41.0,45.9,40.4,150.0
2021-11-18 17:00:00,7.0,46.1,78.8,41.2,45.9,40.7,150.0
2021-11-18 18:00:00,6.9,46.2,78.8,41.3,46.0,40.9,150.0
2021-11-18 19:00:00,7.1,46.1,78.9,41.4,46.1,40.9,150.0
2021-11-18 20:00:00,7.3,46.1,76.7,41.3,45.8,40.9,140.0
2021-11-18 21:00:00,7.2,46.1,76.6,41.1,45.8,40.8,140.0
2021-11-18 22:00:00,7.1,46.1,75.0,40.8,41.2,40.6,130.0
2021-11-18 23:00:00,7.2,46.1,35.9,39.5,36.4,34.7,0.0
2021-11-19 00:00:00,7.1,46.1,33.5,38.4,33.2,33.3,0.0
2021-11-19 01:00:00,7.2,46.1,31.5,37.5,31.2,29.0,0.0
2021-11-19 02:00:00,7.2,46.2,31.5,36.8,31.1,27.5,0.0
2021-11-19 03:00:00,7.2,46.2,31.3,36.6,30.9,26.8,0.0
2021-11-19 04:00:00,7.0,46.1,30.9,36.3,30.4,26.6,0.0
2021-11-19 05:00:00,7.0,46.2,30.7,35.9,30.4,26.2,0.0
2021-11-19 06:00:00,7.0,45.1,50.1,27.5,30.8,27.2,0.0
2021-11-19 07:00:00,7.2,45.0,78.7,40.9,45.8,39.2,230.0
2021-11-19 08:00:00,7.4,44.8,77.6,40.4,45.0,39.9,140.0
2021-11-19 09:00:00,7.7,44.8,78.1,40.4,45.1,40.1,150.0
2021-11-19 10:00:00,8.1,44.5,77.2,40.3,45.0,40.0,140.0
2021-11-19 11:00:00,8.8,44.3,76.1,40.1,44.8,39.9,140.0
2021-11-19 12:00:00,9.1,44.2,73.9,39.6,44.0,39.4,140.0
2021-11-19 13:00:00,9.6,43.9,73.7,39.3,43.8,39.3,130.0
2021-11-19 14:00:00,9.4,44.0,74.1,38.9,43.4,38.9,120.0
2021-11-19 15:00:00,9.4,44.0,74.1,38.9,43.4,38.9,0.0
2021-11-19 16:00:00,9.1,44.0,74.6,39.8,44.2,39.7,270.0
2021-11-19 17:00:00,8.5,44.4,77.3,40.3,44.9,39.9,140.0
2021-11-19 18:00:00,8.4,44.5,76.6,40.1,44.7,40.1,130.0
2021-11-19 19:00:00,8.3,44.4,75.4,39.5,44.0,39.8,130.0
2021-11-19 20:00:00,8.3,44.4,75.2,40.0,44.5,39.9,130.0
2021-11-19 21:00:00,8.5,44.4,75.1,40.2,44.8,40.2,140.0
2021-11-19 22:00:00,8.4,44.5,43.1,39.3,36.9,35.3,40.0
2021-11-19 23:00:00,8.7,44.4,34.5,38.1,34.8,33.8,0.0
2021-11-20 00:00:00,8.6,44.3,32.1,37.2,31.2,30.6,0.0
2021-11-20 01:00:00,8.7,44.4,31.3,36.3,31.3,28.3,0.0
2021-11-20 02:00:00,8.6,44.3,31.4,36.1,31.6,27.4,0.0
2021-11-20 03:00:00,8.4,44.4,31.1,35.9,31.2,26.8,0.0
2021-11-20 04:00:00,8.8,44.3,30.9,35.7,30.9,26.3,0.0
2021-11-20 05:00:00,9.0,44.2,30.6,35.3,30.8,26.2,0.0
2021-11-20 06:00:00,8.5,44.4,30.3,34.9,30.6,26.0,0.0
2021-11-20 07:00:00,8.3,44.4,78.6,39.2,44.3,36.5,180.0
2021-11-20 08:00:00,8.7,44.4,77.2,39.8,44.4,39.7,160.0
2021-11-20 09:00:00,9.0,44.1,76.2,39.1,43.6,39.1,120.0
2021-11-20 10:00:00,10.2,43.6,74.2,38.7,43.1,38.7,130.0
2021-11-20 11:00:00,11.1,43.2,73.3,38.3,42.8,38.5,120.0
2021-11-20 12:00:00,12.2,42.8,73.3,38.4,43.0,38.2,120.0
2021-11-20 13:00:00,12.7,42.5,42.0,36.9,36.5,34.4,0.0
2021-11-20 14:00:00,12.8,42.5,33.9,36.2,35.5,33.0,0.0
2021-11-20 15:00:00,12.2,42.8,32.2,34.8,27.8,28.3,0.0
2021-11-20 16:00:00,11.9,44.4,72.5,36.4,40.7,33.8,100.0
2021-11-20 17:00:00,10.8,44.7,71.8,40.8,45.2,39.9,180.0
2021-11-20 18:00:00,9.8,45.9,74.4,41.3,45.9,40.4,150.0
2021-11-20 19:00:00,8.8,46.1,75.8,42.0,46.6,41.1,160.0
2021-11-20 20:00:00,7.8,46.3,77.7,41.7,46.4,41.2,150.0
2021-11-20 21:00:00,7.5,45.0,76.5,40.7,45.0,40.9,150.0
2021-11-20 22:00:00,8.2,44.9,74.4,40.0,40.8,39.9,120.0
2021-11-20 23:00:00,8.5,44.9,36.4,38.7,36.2,34.4,0.0
2021-11-21 00:00:00,8.4,44.9,33.2,37.7,33.1,33.1,0.0
2021-11-21 01:00:00,6.9,45.1,30.7,36.6,29.8,29.0,0.0
2021-11-21 02:00:00,6.3,45.3,30.7,36.0,30.6,27.5,0.0
2021-11-21 03:00:00,5.6,45.3,31.3,36.5,31.2,26.8,0.0
2021-11-21 04:00:00,4.7,45.8,30.9,36.4,30.5,26.3,0.0
2021-11-21 05:00:00,4.3,46.4,30.7,36.3,30.3,25.8,0.0
2021-11-21 06:00:00,3.2,47.1,30.6,29.8,32.9,25.6,0.0
2021-11-21 07:00:00,2.9,48.2,84.8,41.9,47.2,39.2,230.0
2021-11-21 08:00:00,3.8,47.6,81.9,42.7,47.5,41.9,180.0
2021-11-21 09:00:00,4.5,47.0,81.3,42.1,46.9,41.2,160.0
2021-11-21 10:00:00,4.6,45.7,76.7,40.8,45.4,40.5,150.0
2021-11-21 11:00:00,5.7,45.2,75.7,40.4,45.0,39.9,140.0
2021-11-21 12:00:00,7.8,44.9,71.4,40.1,44.4,39.7,130.0
2021-11-21 13:00:00,9.5,44.7,49.7,39.8,38.8,38.4,110.0
2021-11-21 14:00:00,11.0,44.4,35.4,33.1,36.0,34.3,0.0
2021-11-21 15:00:00,11.6,44.3,37.4,28.3,33.9,31.4,0.0
2021-11-21 16:00:00,11.1,44.4,45.2,25.4,32.6,28.3,0.0
2021-11-21 17:00:00,9.0,44.7,52.7,35.0,38.4,35.3,140.0
2021-11-21 18:00:00,7.7,44.9,73.3,41.2,45.8,39.8,170.0
2021-11-21 19:00:00,6.8,45.1,72.8,41.1,45.4,40.3,150.0
2021-11-21 20:00:00,6.4,45.1,74.3,41.3,45.8,40.6,150.0
2021-11-21 21:00:00,5.8,45.2,76.3,41.2,45.8,40.7,140.0
2021-11-21 22:00:00,5.3,45.3,74.9,41.0,41.7,40.7,150.0
2021-11-21 23:00:00,5.1,45.4,36.2,39.5,36.2,34.5,0.0
2021-11-22 00:00:00,4.5,45.7,33.6,38.6,33.2,33.1,0.0
2021-11-22 01:00:00,4.3,46.2,31.3,37.7,30.0,28.6,0.0
2021-11-22 02:00:00,3.9,46.3,31.3,37.2,31.1,27.6,0.0
2021-11-22 03:00:00,3.6,46.7,31.8,37.6,31.5,26.6,0.0
2021-11-22 04:00:00,3.4,46.7,31.5,37.5,31.0,26.1,0.0
2021-11-22 05:00:00,3.6,46.7,31.2,37.2,30.7,25.8,0.0
2021-11-22 06:00:00,3.5,47.0,51.4,26.9,30.5,27.0,0.0
2021-11-22 07:00:00,4.8,45.4,78.3,40.9,45.8,38.8,230.0
2021-11-22 08:00:00,5.5,45.3,77.1,41.0,45.5,40.2,160.0
2021-11-22 09:00:00,7.8,44.9,73.6,40.4,44.8,39.9,140.0
2021-11-22 10:00:00,9.1,44.7,70.9,40.0,44.4,39.4,130.0
2021-11-22 11:00:00,9.9,44.6,68.5,40.0,44.1,39.4,140.0
2021-11-22 12:00:00,10.8,44.4,67.2,39.8,43.7,39.4,130.0
2021-11-22 13:00:00,11.9,44.3,66.5,40.1,44.0,39.5,130.0
2021-11-22 14:00:00,11.9,44.3,66.3,40.1,44.1,39.7,140.0
2021-11-22 15:00:00,11.6,44.3,67.3,40.2,44.2,39.7,130.0
2021-11-22 16:00:00,11.0,44.4,70.0,40.8,45.0,40.0,140.0
2021-11-22 17:00:00,10.7,44.4,70.0,40.6,44.9,40.2,140.0
2021-11-22 18:00:00,10.2,44.6,70.9,40.2,44.5,40.0,130.0
2021-11-22 19:00:00,10.1,44.5,70.9,39.9,44.1,39.8,130.0
2021-11-22 20:00:00,9.9,44.6,68.2,39.9,44.0,39.8,130.0
2021-11-22 21:00:00,9.8,44.6,70.1,40.0,44.2,39.8,130.0
2021-11-22 22:00:00,10.0,44.6,68.7,40.0,40.5,39.8,120.0
2021-11-22 23:00:00,9.9,44.6,35.8,38.7,36.2,34.6,0.0
2021-11-23 00:00:00,9.0,44.7,33.1,37.7,32.6,33.1,0.0
2021-11-23 01:00:00,8.5,44.8,30.7,36.7,29.8,29.3,0.0
2021-11-23 02:00:00,8.1,44.9,30.8,35.7,28.7,28.0,0.0
2021-11-23 03:00:00,7.7,44.9,30.6,35.3,30.9,27.1,0.0
2021-11-23 04:00:00,7.8,44.9,30.5,35.2,30.7,26.6,0.0
2021-11-23 05:00:00,7.5,45.0,30.4,30.3,31.9,26.1,0.0
2021-11-23 06:00:00,7.4,45.0,75.3,39.6,44.5,36.9,190.0
2021-11-23 07:00:00,7.2,45.0,74.7,40.8,45.2,40.2,170.0
2021-11-23 08:00:00,7.2,45.0,74.3,40.3,44.8,39.9,130.0
2021-11-23 09:00:00,7.3,45.0,74.1,40.1,44.7,39.9,140.0
2021-11-23 10:00:00,7.3,45.0,74.4,40.2,44.7,39.8,140.0
2021-11-23 11:00:00,7.4,45.0,74.3,40.0,44.5,39.7,130.0
2021-11-23 12:00:00,7.2,45.0,74.5,40.1,44.5,39.7,140.0
2021-11-23 13:00:00,7.2,45.0,74.4,40.1,44.5,39.7,130.0
2021-11-23 14:00:00,7.3,45.0,74.2,40.2,44.7,39.8,140.0
2021-11-23 15:00:00,7.5,45.0,74.4,40.4,44.9,40.0,130.0
2021-11-23 16:00:00,7.3,45.0,74.6,40.4,45.0,40.1,140.0
2021-11-23 17:00:00,6.8,45.1,74.6,40.5,44.9,40.3,140.0
2021-11-23 18:00:00,6.6,45.1,75.8,40.7,45.2,40.3,140.0
2021-11-23 19:00:00,6.9,45.1,74.1,40.6,45.0,40.5,130.0
2021-11-23 20:00:00,7.0,45.0,73.5,40.1,44.5,39.9,130.0
2021-11-23 21:00:00,6.8,45.1,72.8,40.4,44.8,39.9,140.0
2021-11-23 22:00:00,6.7,45.1,71.8,40.3,41.2,40.1,130.0
2021-11-23 23:00:00,6.7,45.1,36.1,38.9,36.1,34.5,0.0
2021-11-24 00:00:00,5.8,45.2,33.1,37.9,32.5,33.0,0.0
2021-11-24 01:00:00,5.1,45.3,30.5,36.9,29.6,28.6,0.0
2021-11-24 02:00:00,4.7,45.5,30.7,36.3,30.6,27.3,0.0
2021-11-24 03:00:00,4.3,46.1,30.8,36.3,30.6,26.4,0.0
2021-11-24 04:00:00,3.8,46.2,30.5,36.2,30.2,26.1,0.0
2021-11-24 05:00:00,3.7,46.7,30.8,32.7,31.7,25.7,0.0
2021-11-24 06:00:00,3.5,46.9,78.5,33.5,38.3,29.6,60.0
2021-11-24 07:00:00,2.8,47.8,81.8,43.0,48.2,40.4,230.0
2021-11-24 08:00:00,2.9,46.7,80.9,41.9,46.8,41.1,160.0
2021-11-24 09:00:00,3.5,46.2,79.8,41.3,46.2,40.7,150.0
2021-11-24 10:00:00,4.5,45.4,77.5,40.9,45.5,40.4,150.0
2021-11-24 11:00:00,5.1,45.0,76.0,40.7,45.3,40.3,140.0
2021-11-24 12:00:00,5.8,45.7,74.5,41.0,45.7,40.0,140.0
2021-11-24 13:00:00,6.0,44.8,73.8,40.9,45.2,40.9,150.0
2021-11-24 14:00:00,6.7,44.8,76.9,40.2,44.9,39.9,130.0
2021-11-24 15:00:00,6.5,44.8,76.3,40.6,45.2,40.3,140.0
2021-11-24 16:00:00,6.7,44.8,78.3,40.8,45.6,40.6,150.0
2021-11-24 17:00:00,6.7,44.8,78.0,40.2,44.8,40.1,130.0
2021-11-24 18:00:00,6.6,44.8,78.3,40.1,44.8,40.1,130.0
2021-11-24 19:00:00,6.9,48.7,77.9,41.8,46.5,40.1,150.0
2021-11-24 20:00:00,6.7,48.7,77.3,44.5,49.1,42.7,190.0
2021-11-24 21:00:00,7.0,45.2,77.0,39.7,44.0,41.2,130.0
2021-11-24 22:00:00,6.8,45.2,77.7,41.3,46.0,40.6,140.0
2021-11-24 23:00:00,6.6,45.2,36.6,39.9,36.8,34.7,0.0
2021-11-25 00:00:00,6.7,45.2,34.6,38.9,34.3,33.6,0.0
2021-11-25 01:00:00,6.6,45.2,30.9,37.7,29.9,28.9,0.0
2021-11-25 02:00:00,7.0,45.0,32.1,37.6,32.3,27.9,0.0
2021-11-25 03:00:00,7.5,44.8,32.1,37.6,31.9,27.1,0.0
2021-11-25 04:00:00,6.9,45.2,31.6,37.5,31.0,26.5,0.0
2021-11-25 05:00:00,6.5,45.4,31.2,37.2,30.8,26.1,0.0
2021-11-25 06:00:00,6.4,45.3,79.0,33.1,38.5,29.9,70.0
2021-11-25 07:00:00,7.1,44.9,78.2,41.0,45.8,39.9,200.0
2021-11-25 08:00:00,7.9,44.7,77.3,40.3,44.9,40.0,140.0
2021-11-25 09:00:00,8.2,44.6,77.2,40.0,44.7,39.8,140.0
2021-11-25 10:00:00,8.5,44.4,76.3,39.6,44.2,39.6,130.0
2021-11-25 11:00:00,9.2,44.1,74.5,39.1,43.5,39.2,130.0
2021-11-25 12:00:00,9.9,43.9,73.0,39.2,43.6,39.2,130.0
2021-11-25 13:00:00,10.3,43.7,72.4,39.2,43.6,39.3,120.0
2021-11-25 14:00:00,10.4,42.4,72.5,37.8,42.1,38.4,110.0
2021-11-25 15:00:00,10.1,42.6,72.7,37.8,42.3,38.2,120.0
2021-11-25 16:00:00,9.1,43.2,74.4,38.2,42.8,38.4,120.0
2021-11-25 17:00:00,8.2,43.7,76.3,38.8,43.3,38.9,120.0
2021-11-25 18:00:00,7.7,44.1,77.0,39.3,44.0,39.3,130.0
2021-11-25 19:00:00,7.5,44.4,77.7,39.9,44.6,39.9,130.0
2021-11-25 20:00:00,7.1,44.5,77.6,39.7,44.3,39.7,130.0
2021-11-25 21:00:00,6.9,45.6,76.5,40.6,45.3,40.0,140.0
2021-11-25 22:00:00,6.8,45.6,77.1,41.2,41.6,40.9,140.0
2021-11-25 23:00:00,6.5,45.7,35.9,39.8,36.5,34.6,0.0
2021-11-26 00:00:00,6.2,46.1,33.6,38.7,32.8,33.1,0.0
2021-11-26 01:00:00,6.1,45.9,31.1,37.6,29.4,28.9,0.0
2021-11-26 02:00:00,6.0,46.2,30.9,36.9,30.8,27.8,0.0
2021-11-26 03:00:00,5.8,46.3,32.2,38.8,32.5,26.9,0.0
2021-11-26 04:00:00,5.8,46.4,32.3,39.3,32.0,26.4,0.0
2021-11-26 05:00:00,5.8,46.4,69.4,29.0,33.0,26.2,0.0
2021-11-26 06:00:00,5.7,46.3,79.9,42.0,46.9,39.6,230.0
2021-11-26 07:00:00,6.3,46.0,79.6,41.5,46.2,40.9,160.0
2021-11-26 08:00:00,6.9,45.5,78.3,40.9,45.5,40.5,140.0
2021-11-26 09:00:00,6.9,45.4,77.0,40.3,45.0,40.1,140.0
2021-11-26 10:00:00,6.2,45.9,78.0,41.0,45.7,40.6,150.0
2021-11-26 11:00:00,6.0,46.1,79.8,41.3,46.1,40.6,150.0
2021-11-26 12:00:00,6.4,45.9,79.3,41.7,46.5,41.1,150.0
2021-11-26 13:00:00,6.8,45.4,77.8,40.6,45.1,40.4,150.0
2021-11-26 14:00:00,7.4,45.2,78.3,40.4,44.9,40.2,130.0
2021-11-26 15:00:00,7.5,44.9,75.5,40.1,44.6,40.2,140.0
2021-11-26 16:00:00,7.5,45.1,77.3,40.1,44.6,40.0,140.0
2021-11-26 17:00:00,8.4,44.4,77.5,40.2,44.8,40.3,130.0
2021-11-26 18:00:00,8.1,44.4,77.1,40.1,44.7,40.0,130.0
2021-11-26 19:00:00,8.2,44.4,74.8,39.8,44.2,39.8,130.0
2021-11-26 20:00:00,7.6,44.9,74.7,39.8,44.3,39.7,130.0
2021-11-26 21:00:00,7.5,45.0,76.4,40.7,45.3,40.4,140.0
2021-11-26 22:00:00,8.0,44.7,73.4,40.4,40.7,40.1,120.0
2021-11-26 23:00:00,8.8,44.1,35.9,39.2,36.4,34.5,0.0
2021-11-27 00:00:00,9.3,43.7,33.6,38.2,33.1,33.0,0.0
2021-11-27 01:00:00,9.8,43.2,31.5,36.8,28.7,29.0,0.0
2021-11-27 02:00:00,9.8,43.2,31.1,36.3,31.3,27.7,0.0
2021-11-27 03:00:00,9.3,43.5,31.3,36.3,31.4,27.2,0.0
2021-11-27 04:00:00,10.0,43.1,31.0,36.1,30.8,26.7,0.0
2021-11-27 05:00:00,9.7,43.2,30.9,36.1,31.1,26.4,0.0
2021-11-27 06:00:00,9.8,43.1,66.3,27.7,31.2,26.2,0.0
2021-11-27 07:00:00,10.3,46.0,74.4,40.1,44.7,38.0,200.0
2021-11-27 08:00:00,11.0,45.8,73.2,42.1,46.5,40.9,170.0
2021-11-27 09:00:00,11.8,45.7,71.8,41.0,45.3,40.4,140.0
2021-11-27 10:00:00,12.6,45.5,34.4,40.1,36.6,36.2,70.0
2021-11-27 11:00:00,13.4,45.3,33.9,32.0,34.5,33.7,0.0
2021-11-27 12:00:00,13.5,45.4,56.0,31.3,30.8,30.2,0.0
2021-11-27 13:00:00,13.8,45.3,31.7,35.6,32.0,29.5,0.0
2021-11-27 14:00:00,13.5,45.3,31.4,38.2,29.7,29.0,0.0
2021-11-27 15:00:00,14.0,45.3,31.6,38.8,29.8,27.1,0.0
2021-11-27 16:00:00,13.3,45.4,31.1,36.8,31.1,26.2,0.0
2021-11-27 17:00:00,12.2,45.6,29.9,34.6,30.4,25.9,0.0
2021-11-27 18:00:00,11.0,45.8,73.9,36.9,41.5,34.4,150.0
2021-11-27 19:00:00,10.7,45.9,74.0,42.1,46.5,40.5,190.0
2021-11-27 20:00:00,10.2,46.0,73.2,42.2,46.6,41.1,150.0
2021-11-27 21:00:00,9.7,46.1,73.9,42.1,46.5,41.1,150.0
2021-11-27 22:00:00,9.9,46.0,36.9,40.6,37.5,34.9,0.0
2021-11-27 23:00:00,10.2,46.0,34.5,39.2,33.4,33.5,0.0
2021-11-28 00:00:00,10.3,45.9,32.2,38.0,29.3,29.8,0.0
2021-11-28 01:00:00,10.2,46.0,30.6,37.0,28.7,28.1,0.0
2021-11-28 02:00:00,9.6,46.1,30.1,36.1,29.7,27.1,0.0
2021-11-28 03:00:00,9.3,46.1,29.9,35.3,30.2,26.8,0.0
2021-11-28 04:00:00,9.1,46.2,29.1,34.5,28.0,26.2,0.0
2021-11-28 05:00:00,9.0,46.2,27.9,32.6,25.4,25.8,0.0
2021-11-28 06:00:00,8.9,46.2,27.6,27.6,27.1,25.4,0.0
2021-11-28 07:00:00,10.1,46.0,75.8,39.5,43.8,36.4,180.0
2021-11-28 08:00:00,10.9,45.9,68.7,42.3,46.3,40.7,170.0
2021-11-28 09:00:00,11.5,45.7,71.3,41.9,46.2,41.0,160.0
2021-11-28 10:00:00,12.8,45.5,69.6,41.6,45.8,41.0,140.0
2021-11-28 11:00:00,13.2,45.4,52.1,38.3,41.4,38.5,100.0
2021-11-28 12:00:00,14.5,45.3,35.1,37.6,35.5,34.2,0.0
2021-11-28 13:00:00,14.5,45.3,32.5,36.1,32.0,32.6,0.0
2021-11-28 14:00:00,14.6,45.3,29.8,34.9,28.1,28.4,0.0
2021-11-28 15:00:00,14.8,45.3,27.9,34.0,27.9,27.5,0.0
2021-11-28 16:00:00,14.3,43.0,81.0,30.8,36.2,28.2,40.0
2021-11-28 17:00:00,14.4,43.0,69.8,39.3,43.5,38.2,180.0
2021-11-28 18:00:00,13.2,43.3,67.9,38.6,42.7,38.3,120.0
2021-11-28 19:00:00,12.3,43.7,71.0,39.9,44.3,39.5,130.0
2021-11-28 20:00:00,12.5,43.7,69.2,40.1,44.2,39.7,130.0
2021-11-28 21:00:00,12.4,43.7,68.5,38.8,43.0,39.1,110.0
2021-11-28 22:00:00,12.2,43.8,66.5,38.9,39.7,39.1,120.0
2021-11-28 23:00:00,12.2,43.7,34.4,37.7,35.8,34.3,0.0
2021-11-29 00:00:00,11.8,44.0,32.0,36.8,32.5,32.5,0.0
2021-11-29 01:00:00,12.1,43.9,29.6,36.3,29.5,28.7,0.0
2021-11-29 02:00:00,11.6,43.9,29.6,35.1,30.4,27.6,0.0
2021-11-29 03:00:00,11.3,44.2,29.9,35.6,31.1,26.9,0.0
2021-11-29 04:00:00,10.9,44.4,29.7,35.4,30.5,26.5,0.0
2021-11-29 05:00:00,8.7,45.4,29.8,35.3,30.2,26.0,0.0
2021-11-29 06:00:00,8.6,45.4,74.4,31.1,35.5,27.2,0.0
2021-11-29 07:00:00,8.0,45.6,78.4,41.7,46.5,39.7,230.0
2021-11-29 08:00:00,8.4,45.4,77.8,40.6,45.2,40.3,140.0
2021-11-29 09:00:00,8.6,45.3,77.6,40.6,45.3,40.2,140.0
2021-11-29 10:00:00,9.0,45.1,77.2,40.4,45.0,40.2,130.0
2021-11-29 11:00:00,9.6,44.9,77.2,40.4,45.1,40.0,140.0
2021-11-29 12:00:00,9.7,44.9,76.0,40.2,44.7,40.1,130.0
2021-11-29 13:00:00,9.6,45.0,74.2,39.9,44.5,39.6,130.0
2021-11-29 14:00:00,8.3,45.4,77.2,40.9,45.5,40.3,140.0
2021-11-29 15:00:00,7.5,45.9,79.1,41.6,46.4,41.1,150.0
2021-11-29 16:00:00,7.4,45.8,76.5,40.7,45.3,40.6,140.0
2021-11-29 17:00:00,7.4,45.9,74.4,40.8,45.4,40.4,130.0
2021-11-29 18:00:00,7.4,45.9,74.7,41.0,45.6,40.5,140.0
2021-11-29 19:00:00,7.0,46.1,75.9,41.5,46.1,40.9,150.0
2021-11-29 20:00:00,4.9,46.9,77.4,41.9,46.5,41.0,140.0
2021-11-29 21:00:00,4.9,47.0,78.6,43.0,47.7,42.0,160.0
2021-11-29 22:00:00,4.7,47.2,78.2,42.3,46.6,41.6,150.0
2021-11-29 23:00:00,4.3,47.5,36.5,40.6,37.0,34.8,0.0
2021-11-30 00:00:00,3.5,48.1,33.7,39.5,33.6,33.3,0.0
2021-11-30 01:00:00,2.9,48.5,31.3,38.5,30.7,29.0,0.0
2021-11-30 02:00:00,2.2,48.9,31.3,37.7,31.0,27.4,0.0
2021-11-30 03:00:00,1.4,49.4,31.4,37.4,31.1,26.5,0.0
2021-11-30 04:00:00,1.0,49.7,31.1,37.2,30.8,25.9,0.0
2021-11-30 05:00:00,1.2,49.5,34.4,37.0,36.2,25.5,0.0
2021-11-30 06:00:00,1.4,49.2,75.5,33.6,38.4,30.2,80.0
2021-11-30 07:00:00,1.6,49.0,84.7,44.2,49.5,40.9,240.0
2021-11-30 08:00:00,1.7,48.9,84.9,44.1,49.2,42.5,180.0
2021-11-30 09:00:00,2.1,48.8,84.8,44.0,49.2,42.4,180.0
2021-11-30 10:00:00,2.5,48.6,83.7,43.4,48.4,42.5,170.0
2021-11-30 11:00:00,2.6,48.5,83.5,43.1,48.2,41.8,170.0
2021-11-30 12:00:00,3.0,48.3,83.2,43.2,48.3,41.9,170.0
2021-11-30 13:00:00,3.4,46.9,83.1,42.7,47.7,42.1,170.0
2021-11-30 14:00:00,3.3,46.9,82.8,41.4,46.3,40.7,140.0
2021-11-30 15:00:00,3.4,47.0,83.0,41.8,46.8,40.9,160.0
2021-11-30 16:00:00,3.4,46.9,82.3,41.8,46.7,41.0,150.0
2021-11-30 17:00:00,2.7,47.3,83.3,41.9,47.1,41.0,160.0
2021-11-30 18:00:00,2.8,47.2,84.0,42.3,47.4,41.7,160.0
2021-11-30 19:00:00,1.9,47.9,84.2,42.4,47.4,41.5,150.0
2021-11-30 20:00:00,1.6,48.1,84.2,42.6,47.7,41.8,160.0
2021-11-30 21:00:00,0.9,48.3,84.9,42.9,47.9,42.2,170.0
2021-11-30 22:00:00,0.5,48.7,44.7,41.9,36.3,36.3,60.0
2021-11-30 23:00:00,0.8,48.6,35.1,40.6,35.2,33.8,0.0
2021-12-01 00:00:00,0.3,48.8,31.7,39.5,30.5,29.3,0.0
2021-12-01 01:00:00,0.6,48.7,31.5,38.4,30.9,28.3,0.0
2021-12-01 02:00:00,0.7,48.5,30.5,37.7,27.8,26.7,0.0
2021-12-01 03:00:00,1.0,48.3,29.7,23.9,31.7,26.0,0.0
2021-12-01 04:00:00,1.4,48.2,31.4,23.7,32.6,25.2,0.0
2021-12-01 05:00:00,1.7,48.0,53.1,22.6,42.8,24.8,0.0
2021-12-01 06:00:00,1.8,47.8,42.4,28.2,31.1,28.4,50.0
2021-12-01 07:00:00,2.4,47.6,83.4,41.3,46.9,38.0,190.0
2021-12-01 08:00:00,2.7,46.1,83.0,41.7,46.6,41.1,200.0
2021-12-01 09:00:00,4.1,45.5,82.2,40.1,45.1,39.9,130.0
2021-12-01 10:00:00,4.2,45.3,79.8,40.0,44.8,39.7,150.0
2021-12-01 11:00:00,5.2,44.9,78.0,39.6,44.3,39.4,140.0
2021-12-01 12:00:00,6.1,44.6,77.0,39.5,44.2,39.3,140.0
2021-12-01 13:00:00,7.2,44.2,74.3,39.2,43.8,39.4,130.0
2021-12-01 14:00:00,7.8,44.0,72.8,39.1,43.5,39.1,120.0
2021-12-01 15:00:00,7.8,44.0,72.4,38.9,43.4,39.0,130.0
2021-12-01 16:00:00,7.1,44.2,74.4,39.9,44.5,39.5,140.0
2021-12-01 17:00:00,6.7,44.3,77.2,40.1,44.7,40.0,140.0
2021-12-01 18:00:00,6.2,44.5,77.4,40.1,44.8,39.8,130.0
2021-12-01 19:00:00,6.3,45.3,77.3,40.1,44.8,39.9,140.0
2021-12-01 20:00:00,6.0,45.5,75.8,40.5,45.0,40.0,140.0
2021-12-01 21:00:00,5.9,45.5,76.2,40.7,45.3,40.3,140.0
2021-12-01 22:00:00,5.8,45.6,75.9,40.7,41.3,40.4,130.0
2021-12-01 23:00:00,5.6,45.8,35.9,39.3,37.1,34.5,0.0
2021-12-02 00:00:00,4.7,46.0,33.2,38.3,33.7,32.8,0.0
2021-12-02 01:00:00,3.6,46.5,31.6,37.7,31.5,28.4,0.0
2021-12-02 02:00:00,3.3,46.7,31.4,37.2,31.4,27.2,0.0
2021-12-02 03:00:00,3.2,46.7,30.9,36.9,30.8,26.4,0.0
2021-12-02 04:00:00,2.6,46.9,30.4,36.3,30.3,26.0,0.0
2021-12-02 05:00:00,2.1,47.2,69.1,27.8,32.7,25.4,0.0
2021-12-02 06:00:00,1.8,47.3,84.7,42.5,47.8,40.1,240.0
2021-12-02 07:00:00,2.0,47.1,84.1,42.4,47.4,41.4,170.0
2021-12-02 08:00:00,2.4,47.0,84.1,42.4,47.5,41.6,170.0
2021-12-02 09:00:00,4.9,46.0,79.6,41.6,46.3,41.2,150.0
2021-12-02 10:00:00,6.9,45.2,77.3,40.6,45.3,40.5,140.0
2021-12-02 11:00:00,8.9,44.2,72.7,39.7,44.1,39.7,140.0
2021-12-02 12:00:00,10.1,43.6,70.7,38.8,39.5,39.0,110.0
2021-12-02 13:00:00,10.8,43.4,34.7,37.1,36.6,34.0,0.0
2021-12-02 14:00:00,10.6,43.5,32.1,36.5,31.4,30.7,0.0
2021-12-02 15:00:00,10.1,43.7,71.7,38.1,42.8,36.5,150.0
2021-12-02 16:00:00,9.1,45.1,73.6,41.1,45.7,40.6,170.0
2021-12-02 17:00:00,9.3,46.0,75.0,41.3,45.9,40.6,140.0
2021-12-02 18:00:00,9.2,46.0,74.5,41.3,45.7,40.7,150.0
2021-12-02 19:00:00,9.0,46.1,75.6,41.4,46.0,40.6,140.0
2021-12-02 20:00:00,9.0,46.1,74.3,41.3,45.9,40.7,150.0
2021-12-02 21:00:00,9.4,46.0,73.9,41.1,45.7,40.8,140.0
2021-12-02 22:00:00,9.7,45.9,73.2,41.3,46.1,41.0,150.0
2021-12-02 23:00:00,8.4,46.2,35.6,39.5,36.5,34.9,0.0
2021-12-03 00:00:00,9.7,45.9,33.5,38.3,34.1,33.3,0.0
2021-12-03 01:00:00,10.4,45.8,30.6,37.2,30.1,29.1,0.0
2021-12-03 02:00:00,11.0,45.6,30.2,36.2,30.2,28.2,0.0
2021-12-03 03:00:00,11.1,45.6,30.5,35.9,31.3,27.1,0.0
2021-12-03 04:00:00,10.7,45.7,30.5,35.7,30.9,26.5,0.0
2021-12-03 05:00:00,9.8,45.8,30.3,29.8,33.0,26.1,0.0
2021-12-03 06:00:00,9.8,45.9,73.7,30.9,35.9,28.1,40.0
2021-12-03 07:00:00,9.6,46.0,74.6,40.8,45.7,39.2,200.0
2021-12-03 08:00:00,9.6,46.0,74.5,41.8,46.6,41.0,170.0
2021-12-03 09:00:00,10.2,45.8,73.9,41.7,46.5,41.1,160.0
2021-12-03 10:00:00,10.5,45.8,73.4,41.6,46.2,41.0,150.0
2021-12-03 11:00:00,6.0,46.7,79.3,41.9,47.2,40.9,150.0
2021-12-03 12:00:00,4.9,47.0,81.1,42.0,47.2,41.5,170.0
2021-12-03 13:00:00,3.4,47.4,82.5,42.2,47.5,41.5,160.0
2021-12-03 14:00:00,3.7,47.3,82.8,42.6,47.8,42.0,160.0
2021-12-03 15:00:00,3.4,47.4,83.5,42.9,48.1,42.5,160.0
2021-12-03 16:00:00,3.4,47.5,80.3,41.9,46.9,41.7,160.0
2021-12-03 17:00:00,3.1,47.5,81.0,42.4,47.6,41.7,150.0
2021-12-03 18:00:00,3.0,47.6,84.0,42.9,48.1,42.4,170.0
2021-12-03 19:00:00,3.5,47.4,82.6,42.4,47.6,42.0,150.0
2021-12-03 20:00:00,3.6,47.3,82.5,42.2,47.3,42.0,160.0
2021-12-03 21:00:00,3.7,47.4,81.8,42.0,47.1,41.8,150.0
2021-12-03 22:00:00,3.8,47.3,82.1,41.7,46.9,41.5,150.0
2021-12-03 23:00:00,3.7,47.3,36.1,39.9,37.6,35.1,0.0
2021-12-04 00:00:00,4.0,47.3,33.7,38.9,34.5,33.5,0.0
2021-12-04 01:00:00,3.7,47.4,31.3,38.1,31.4,29.5,0.0
2021-12-04 02:00:00,3.8,47.4,32.7,39.0,33.0,28.1,0.0
2021-12-04 03:00:00,3.7,47.4,32.3,38.7,32.3,27.2,0.0
2021-12-04 04:00:00,3.5,47.4,31.9,38.3,31.7,26.5,0.0
2021-12-04 05:00:00,3.2,47.5,31.5,37.9,31.4,26.1,0.0
2021-12-04 06:00:00,3.3,47.4,84.4,35.5,40.7,31.6,90.0
2021-12-04 07:00:00,3.3,47.4,82.3,42.7,48.0,41.7,200.0
2021-12-04 08:00:00,3.0,47.6,82.7,42.3,47.7,42.0,160.0
2021-12-04 09:00:00,3.9,47.3,82.5,42.5,48.0,42.1,160.0
2021-12-04 10:00:00,4.5,47.1,80.4,42.0,47.3,41.9,150.0
2021-12-04 11:00:00,4.9,47.0,80.1,42.0,47.2,41.9,150.0
2021-12-04 12:00:00,5.8,46.8,79.1,41.7,46.7,41.5,150.0
2021-12-04 13:00:00,5.9,45.5,77.8,41.0,46.2,41.2,140.0
2021-12-04 14:00:00,6.1,45.2,76.9,40.3,45.3,41.0,130.0
2021-12-04 15:00:00,5.6,45.5,77.3,40.0,45.1,40.5,120.0
2021-12-04 16:00:00,5.0,45.8,79.3,41.2,46.5,41.3,140.0
2021-12-04 17:00:00,4.6,46.2,78.7,41.5,46.5,41.7,130.0
2021-12-04 18:00:00,3.9,46.4,80.1,41.7,46.8,41.8,140.0
2021-12-04 19:00:00,3.9,46.4,81.1,41.8,46.7,42.0,130.0
2021-12-04 20:00:00,3.1,46.8,81.3,41.6,46.8,41.7,130.0
2021-12-04 21:00:00,2.5,47.0,82.2,41.9,47.0,42.1,130.0
2021-12-04 22:00:00,1.8,47.3,81.7,41.4,43.1,42.1,130.0
2021-12-04 23:00:00,1.5,47.4,36.9,39.7,37.2,34.8,0.0
2021-12-05 00:00:00,1.0,47.6,34.7,38.6,34.0,33.0,0.0
2021-12-05 01:00:00,0.8,47.7,32.2,37.8,32.0,28.6,0.0
2021-12-05 02:00:00,0.9,47.6,32.8,37.6,32.6,29.1,0.0
2021-12-05 03:00:00,0.4,47.8,32.3,37.4,32.0,27.2,0.0
2021-12-05 04:00:00,0.4,47.8,31.8,36.9,31.4,26.3,0.0
2021-12-05 05:00:00,0.3,47.8,31.4,36.5,31.1,25.8,0.0
2021-12-05 06:00:00,0.3,47.9,72.5,28.3,32.9,25.4,0.0
2021-12-05 07:00:00,0.2,47.9,86.3,43.1,48.4,42.4,220.0
2021-12-05 08:00:00,1.1,47.5,83.6,42.1,47.4,42.1,140.0
2021-12-05 09:00:00,2.1,47.1,81.8,41.6,46.8,41.7,130.0
2021-12-05 10:00:00,4.2,46.2,80.3,41.2,46.2,41.5,130.0
2021-12-05 11:00:00,6.1,45.3,75.1,40.4,45.0,41.0,120.0
2021-12-05 12:00:00,7.6,44.2,72.2,42.4,37.4,40.1,70.0
2021-12-05 13:00:00,8.5,46.2,71.7,40.0,44.5,39.7,160.0
2021-12-05 14:00:00,9.2,46.0,72.0,41.9,46.4,40.8,160.0
2021-12-05 15:00:00,9.1,46.0,71.6,38.2,43.1,37.3,80.0
2021-12-05 16:00:00,8.8,46.1,73.0,41.5,46.0,40.1,120.0
2021-12-05 17:00:00,8.2,46.3,40.8,39.1,37.6,34.1,0.0
2021-12-05 18:00:00,7.9,46.3,77.5,41.8,46.5,39.8,210.0
2021-12-05 19:00:00,7.6,46.4,76.3,42.3,47.0,41.3,170.0
2021-12-05 20:00:00,7.8,46.3,76.0,40.6,45.1,39.7,130.0
2021-12-05 21:00:00,8.2,46.3,76.6,42.2,46.8,41.5,170.0
2021-12-05 22:00:00,8.0,46.3,75.9,41.2,43.3,40.6,140.0
2021-12-05 23:00:00,8.0,46.3,36.5,39.4,36.6,34.6,0.0
2021-12-06 00:00:00,7.8,46.3,33.4,38.2,32.9,33.1,0.0
2021-12-06 01:00:00,7.9,46.4,31.5,37.4,30.9,28.9,0.0
2021-12-06 02:00:00,8.2,46.2,31.5,36.9,31.1,27.6,0.0
2021-12-06 03:00:00,8.0,46.2,31.4,36.7,31.1,26.9,0.0
2021-12-06 04:00:00,8.1,46.3,31.1,36.3,30.8,26.4,0.0
2021-12-06 05:00:00,7.5,46.4,34.1,36.2,35.3,26.1,0.0
2021-12-06 06:00:00,3.9,48.6,78.9,34.8,33.4,27.1,60.0
2021-12-06 07:00:00,3.8,48.6,80.3,42.6,45.4,37.8,230.0
2021-12-06 08:00:00,3.8,48.6,79.8,45.1,46.9,40.1,200.0
2021-12-06 09:00:00,4.1,48.6,78.7,45.3,47.1,40.7,190.0
2021-12-06 10:00:00,4.3,48.5,78.7,45.6,47.1,41.1,180.0
2021-12-06 11:00:00,4.1,48.6,78.9,45.4,46.8,41.0,190.0
2021-12-06 12:00:00,3.1,48.8,80.7,45.8,47.2,40.9,190.0
2021-12-06 13:00:00,2.5,48.8,80.6,46.3,47.4,41.3,190.0
2021-12-06 14:00:00,1.8,48.9,82.9,46.9,47.8,41.3,200.0
2021-12-06 15:00:00,1.0,49.0,83.6,47.3,48.1,41.8,200.0
2021-12-06 16:00:00,1.2,49.0,83.2,47.0,48.0,42.4,200.0
2021-12-06 17:00:00,1.1,49.0,83.5,47.5,48.1,42.4,200.0
2021-12-06 18:00:00,0.9,49.1,83.4,47.1,47.9,42.2,200.0
2021-12-06 19:00:00,0.9,49.1,83.5,47.3,48.0,42.6,200.0
2021-12-06 20:00:00,0.1,49.2,83.7,47.7,48.2,42.5,200.0
2021-12-06 21:00:00,-0.1,49.2,83.4,47.3,47.8,42.3,200.0
2021-12-06 22:00:00,-0.4,49.3,37.6,45.8,35.7,35.4,60.0
2021-12-06 23:00:00,-0.2,49.3,37.4,44.5,34.2,33.0,0.0
2021-12-07 00:00:00,-0.5,49.3,33.8,40.9,30.3,28.1,0.0
2021-12-07 01:00:00,-0.7,49.4,33.1,39.4,30.0,26.2,0.0
2021-12-07 02:00:00,-0.6,49.3,32.5,38.7,29.3,24.9,0.0
2021-12-07 03:00:00,-0.9,49.3,32.1,38.2,29.1,24.1,0.0
2021-12-07 04:00:00,-0.8,49.3,31.8,37.7,28.5,23.7,0.0
2021-12-07 05:00:00,-1.0,49.4,31.4,37.3,28.2,23.5,0.0
2021-12-07 06:00:00,-1.0,49.4,64.3,29.3,30.6,24.3,40.0
2021-12-07 07:00:00,-1.1,49.4,76.6,42.0,43.8,36.4,220.0
2021-12-07 08:00:00,-1.1,49.4,85.7,45.9,47.9,40.3,220.0
2021-12-07 09:00:00,-1.1,48.8,87.2,47.5,49.0,42.0,220.0
2021-12-07 10:00:00,-0.9,48.8,85.4,47.9,49.5,42.8,220.0
2021-12-07 11:00:00,-0.9,48.8,85.1,47.2,49.0,42.3,210.0
2021-12-07 12:00:00,-1.1,48.8,85.0,46.4,48.5,41.6,190.0
2021-12-07 13:00:00,-1.3,48.9,85.0,46.0,48.0,41.4,190.0
2021-12-07 14:00:00,-1.2,48.9,85.9,47.4,49.5,42.0,210.0
2021-12-07 15:00:00,-1.6,46.3,85.0,43.1,45.2,40.7,170.0
2021-12-07 16:00:00,-1.8,46.4,85.6,43.8,46.3,39.9,160.0
2021-12-07 17:00:00,-1.8,46.3,96.9,44.2,47.0,40.3,180.0
2021-12-07 18:00:00,-2.1,46.4,100.9,43.0,45.9,40.0,170.0
2021-12-07 19:00:00,-2.0,46.4,98.1,42.8,45.9,39.8,160.0
2021-12-07 20:00:00,-2.2,46.4,99.3,42.8,45.8,39.7,170.0
2021-12-07 21:00:00,-2.1,46.4,98.5,42.9,45.8,39.8,170.0
2021-12-07 22:00:00,-2.1,46.4,99.2,43.5,46.7,40.1,170.0
2021-12-07 23:00:00,-1.9,46.4,38.0,41.6,36.5,33.4,0.0
2021-12-08 00:00:00,-1.5,46.3,34.9,39.8,32.7,30.1,0.0
2021-12-08 01:00:00,-1.5,46.3,32.6,38.0,30.4,26.1,0.0
2021-12-08 02:00:00,-1.8,46.4,32.2,37.7,29.7,24.9,0.0
2021-12-08 03:00:00,-1.4,46.3,31.7,37.3,29.0,24.1,0.0
2021-12-08 04:00:00,-1.5,46.3,31.2,36.9,28.5,23.6,0.0
2021-12-08 05:00:00,-1.6,46.3,74.7,33.3,35.8,28.3,80.0
2021-12-08 06:00:00,-1.5,48.6,85.3,45.6,48.2,39.7,260.0
2021-12-08 07:00:00,-1.3,48.6,92.5,46.4,49.1,41.4,200.0
2021-12-08 08:00:00,-1.0,48.4,90.1,45.4,48.2,41.4,200.0
2021-12-08 09:00:00,-0.7,48.2,81.7,45.8,47.9,41.0,190.0
2021-12-08 10:00:00,-0.3,48.2,79.1,45.5,47.6,40.9,190.0
2021-12-08 11:00:00,0.7,47.7,86.4,45.9,48.6,41.0,190.0
2021-12-08 12:00:00,0.4,47.8,81.7,44.9,47.1,40.8,180.0
2021-12-08 13:00:00,-0.3,48.1,78.8,45.4,47.5,40.8,190.0
2021-12-08 14:00:00,-0.1,48.0,83.2,45.1,47.2,41.0,180.0
2021-12-08 15:00:00,0.2,47.9,82.0,46.1,48.3,41.6,200.0
2021-12-08 16:00:00,-0.4,48.2,83.6,46.0,48.4,41.6,190.0
2021-12-08 17:00:00,-1.2,48.6,84.8,46.5,48.8,41.9,190.0
2021-12-08 18:00:00,-1.3,48.6,85.2,46.0,48.3,42.0,200.0
2021-12-08 19:00:00,-1.9,48.7,86.1,45.9,48.5,41.5,190.0
2021-12-08 20:00:00,-2.1,48.8,85.5,45.8,48.2,41.5,190.0
2021-12-08 21:00:00,-2.2,48.9,85.3,45.8,48.3,41.9,180.0
2021-12-08 22:00:00,-2.5,48.9,85.7,46.4,48.8,41.9,200.0
2021-12-08 23:00:00,-2.3,49.0,39.3,44.5,36.6,34.1,0.0
2021-12-09 00:00:00,-2.5,49.0,36.2,43.1,32.5,31.2,0.0
2021-12-09 01:00:00,-2.4,49.0,33.1,41.0,29.7,26.5,0.0
2021-12-09 02:00:00,-2.4,49.0,32.8,38.8,29.8,25.4,0.0
2021-12-09 03:00:00,-2.05,49.18,45.52,37.7,31.52,25.85,0.0
2021-12-09 04:00:00,-1.7,49.35,58.25,36.6,33.25,26.3,0.0
2021-12-09 05:00:00,-1.35,49.53,70.97,35.5,34.98,26.75,0.0
2021-12-09 06:00:00,-1.0,49.7,83.7,34.4,36.7,27.2,0.0
2021-12-09 07:00:00,-1.4,49.9,85.5,44.9,47.2,38.8,240.0
2021-12-09 08:00:00,-0.6,49.4,86.9,46.6,49.3,41.6,230.0
2021-12-09 09:00:00,0.0,49.0,85.8,46.5,49.0,41.9,210.0
2021-12-09 10:00:00,1.2,48.3,85.2,46.7,49.1,41.8,200.0
2021-12-09 11:00:00,2.9,47.2,78.7,44.7,46.7,40.9,180.0
2021-12-09 12:00:00,3.9,46.6,76.5,44.3,46.0,40.2,170.0
2021-12-09 13:00:00,4.3,47.3,63.4,42.7,37.3,37.1,120.0
2021-12-09 14:00:00,4.4,47.2,64.4,36.8,38.3,33.2,60.0
2021-12-09 15:00:00,4.3,47.3,78.4,42.8,45.0,38.1,180.0
2021-12-09 16:00:00,4.2,47.4,78.1,44.6,46.8,40.2,190.0
2021-12-09 17:00:00,3.8,47.5,78.8,45.4,47.4,40.8,190.0
2021-12-09 18:00:00,4.4,47.3,78.9,45.8,47.9,41.2,190.0
2021-12-09 19:00:00,4.3,47.3,77.4,44.6,46.6,40.5,170.0
2021-12-09 20:00:00,4.4,47.2,77.7,45.2,47.2,40.9,180.0
2021-12-09 21:00:00,4.1,47.5,77.3,45.5,47.3,41.2,180.0
2021-12-09 22:00:00,3.7,47.8,77.6,41.4,41.0,34.8,60.0
2021-12-09 23:00:00,3.1,47.9,75.4,34.5,42.1,32.9,0.0
2021-12-10 00:00:00,3.0,48.0,57.6,26.5,40.3,27.5,0.0
2021-12-10 01:00:00,3.1,48.0,46.9,27.0,36.9,26.9,0.0
2021-12-10 02:00:00,3.3,47.8,52.3,26.5,37.1,26.6,0.0
2021-12-10 03:00:00,3.0,47.9,53.8,25.8,35.0,26.2,0.0
2021-12-10 04:00:00,3.5,47.8,52.8,25.5,35.5,25.8,0.0
2021-12-10 05:00:00,3.1,48.0,51.4,25.2,34.0,25.8,0.0
2021-12-10 06:00:00,2.3,48.3,38.3,30.9,33.2,25.1,0.0
2021-12-10 07:00:00,2.5,48.2,79.4,41.2,43.3,35.4,200.0
2021-12-10 08:00:00,2.0,48.4,80.7,44.5,46.7,39.8,200.0
2021-12-10 09:00:00,2.4,48.4,80.7,45.6,47.9,40.8,200.0
2021-12-10 10:00:00,3.1,48.0,79.6,45.5,47.5,41.0,190.0
2021-12-10 11:00:00,3.1,48.0,80.2,45.5,47.6,41.0,0.0
2021-12-10 12:00:00,4.9,46.2,77.2,43.9,45.9,40.0,320.0
2021-12-10 13:00:00,4.9,46.0,76.7,44.7,46.5,40.4,180.0
2021-12-10 14:00:00,5.6,45.8,74.6,42.4,44.3,40.0,160.0
2021-12-10 15:00:00,5.2,45.8,74.5,43.9,45.6,39.8,170.0
2021-12-10 16:00:00,5.2,45.9,76.5,44.2,46.2,40.4,170.0
2021-12-10 17:00:00,4.3,46.8,78.4,44.3,46.4,40.2,170.0
2021-12-10 18:00:00,3.6,47.9,78.5,45.5,47.5,41.2,190.0
2021-12-10 19:00:00,2.9,48.6,79.8,46.1,48.0,41.7,190.0
2021-12-10 20:00:00,2.1,46.3,79.8,43.6,45.8,40.0,150.0
2021-12-10 21:00:00,1.9,46.6,79.7,44.2,46.2,40.1,170.0
2021-12-10 22:00:00,1.0,47.0,81.5,44.8,41.8,41.1,180.0
2021-12-10 23:00:00,1.7,46.7,38.5,43.1,36.0,33.9,0.0
2021-12-11 00:00:00,1.0,46.9,35.0,41.7,30.9,30.6,0.0
2021-12-11 01:00:00,0.1,47.3,33.1,40.3,29.9,27.2,0.0
2021-12-11 02:00:00,0.5,47.2,32.7,38.9,29.6,25.4,0.0
2021-12-11 03:00:00,0.3,47.4,32.5,38.7,29.3,24.5,0.0
2021-12-11 04:00:00,2.1,46.4,32.1,38.3,28.8,24.0,0.0
2021-12-11 05:00:00,2.3,46.3,31.7,37.8,28.5,23.7,0.0
2021-12-11 06:00:00,1.6,46.7,71.8,29.5,30.8,23.7,0.0
2021-12-11 07:00:00,1.5,46.8,82.3,43.0,45.4,37.7,240.0
2021-12-11 08:00:00,2.0,47.2,85.2,45.2,47.8,40.7,210.0
2021-12-11 09:00:00,2.4,47.0,84.4,44.8,47.2,40.8,180.0
2021-12-11 10:00:00,2.8,46.8,84.4,44.9,47.3,40.7,180.0
2021-12-11 11:00:00,3.0,46.7,83.2,44.5,46.8,40.7,190.0
2021-12-11 12:00:00,3.4,46.6,82.9,44.0,46.2,40.4,170.0
2021-12-11 13:00:00,4.0,46.4,81.5,43.8,46.0,40.0,170.0
2021-12-11 14:00:00,3.4,46.5,81.2,43.8,45.8,40.1,170.0
2021-12-11 15:00:00,3.1,46.8,81.6,43.9,46.2,40.4,170.0
2021-12-11 16:00:00,2.9,46.8,83.4,44.1,46.4,40.4,170.0
2021-12-11 17:00:00,2.9,46.8,82.6,44.2,46.4,40.5,180.0
2021-12-11 18:00:00,2.8,46.8,83.0,44.4,46.7,40.8,170.0
2021-12-11 19:00:00,2.9,46.9,82.8,44.3,46.6,40.5,170.0
2021-12-11 20:00:00,2.8,46.9,83.5,44.4,46.7,40.6,170.0
2021-12-11 21:00:00,1.9,47.2,82.3,44.5,46.9,40.6,170.0
2021-12-11 22:00:00,1.6,47.3,79.2,45.2,42.2,41.3,170.0
2021-12-11 23:00:00,0.9,47.6,39.1,43.4,36.3,33.9,0.0
2021-12-12 00:00:00,0.7,47.6,35.4,41.1,32.0,31.0,0.0
2021-12-12 01:00:00,0.6,47.8,33.1,38.7,30.2,27.5,0.0
2021-12-12 02:00:00,0.4,47.8,32.8,38.0,30.2,25.9,0.0
2021-12-12 03:00:00,0.3,47.8,32.1,37.5,29.3,24.9,0.0
2021-12-12 04:00:00,0.2,48.0,31.6,36.9,28.8,24.0,0.0
2021-12-12 05:00:00,-0.2,48.1,31.2,36.4,28.4,23.6,0.0
2021-12-12 06:00:00,-0.2,48.1,31.0,31.2,30.5,23.5,0.0
2021-12-12 07:00:00,0.0,49.1,87.1,43.5,45.8,37.2,240.0
2021-12-12 08:00:00,0.0,48.8,83.6,46.9,49.1,41.5,220.0
2021-12-12 09:00:00,0.1,48.8,83.2,47.1,49.5,42.0,200.0
2021-12-12 10:00:00,0.4,47.7,82.7,47.0,49.1,42.0,200.0
2021-12-12 11:00:00,1.1,47.2,81.8,44.5,46.8,40.5,170.0
2021-12-12 12:00:00,0.8,47.4,82.0,44.7,46.9,40.6,180.0
2021-12-12 13:00:00,0.6,47.7,82.2,44.9,47.1,40.4,180.0
2021-12-12 14:00:00,0.1,48.0,82.0,45.1,47.4,40.7,190.0
2021-12-12 15:00:00,-0.2,48.1,83.3,45.3,47.7,40.9,180.0
2021-12-12 16:00:00,-0.2,48.2,84.1,45.5,47.8,41.0,180.0
2021-12-12 17:00:00,-0.2,48.1,83.5,45.7,47.9,41.2,190.0
2021-12-12 18:00:00,-0.3,48.1,84.8,46.1,48.6,41.4,190.0
2021-12-12 19:00:00,-0.5,48.3,84.2,45.8,48.1,41.9,190.0
2021-12-12 20:00:00,-0.5,48.3,84.2,45.3,47.7,41.3,180.0
2021-12-12 21:00:00,-0.3,48.2,83.9,45.3,47.7,41.3,0.0
2021-12-12 22:00:00,-0.5,48.4,49.3,45.2,37.8,37.6,280.0
2021-12-12 23:00:00,-0.6,48.4,37.8,43.5,35.0,33.1,0.0
2021-12-13 00:00:00,-0.8,48.4,34.2,42.0,30.1,28.5,0.0
2021-12-13 01:00:00,-0.8,48.4,32.9,39.0,30.0,26.1,0.0
2021-12-13 02:00:00,-0.9,48.5,32.6,38.3,29.7,25.2,0.0
2021-12-13 03:00:00,-0.9,48.6,32.2,38.0,29.1,24.3,0.0
2021-12-13 04:00:00,-0.9,48.6,31.6,37.5,28.4,23.7,0.0
2021-12-13 05:00:00,-1.0,48.6,31.2,36.8,28.2,23.2,0.0
2021-12-13 06:00:00,-1.0,48.7,71.7,28.7,31.4,24.1,0.0
2021-12-13 07:00:00,-1.1,48.6,77.5,42.6,44.7,36.9,230.0
2021-12-13 08:00:00,-1.1,48.7,85.4,45.7,48.3,40.9,220.0
2021-12-13 09:00:00,-1.4,48.9,85.5,46.1,48.6,41.4,200.0
2021-12-13 10:00:00,-1.0,48.6,85.1,46.3,48.8,41.5,200.0
2021-12-13 11:00:00,-0.6,48.3,85.0,46.5,48.7,41.6,210.0
2021-12-13 12:00:00,-0.2,48.2,83.5,46.1,48.4,41.3,190.0
2021-12-13 13:00:00,0.0,48.0,83.3,45.6,47.9,41.1,190.0
2021-12-13 14:00:00,-0.1,48.2,83.2,45.5,47.9,40.9,180.0
2021-12-13 15:00:00,-0.5,48.4,84.0,46.6,48.9,42.0,200.0
2021-12-13 16:00:00,-0.8,48.5,84.7,45.9,48.3,41.4,190.0
2021-12-13 17:00:00,-0.8,48.6,84.8,45.7,48.0,41.4,190.0
2021-12-13 18:00:00,-0.9,48.6,85.0,45.9,48.3,41.5,180.0
2021-12-13 19:00:00,-1.2,48.6,86.0,46.6,49.0,41.8,200.0
2021-12-13 20:00:00,-1.0,48.7,85.1,46.6,49.1,41.9,200.0
2021-12-13 21:00:00,-1.3,48.7,85.1,46.7,49.1,42.0,200.0
2021-12-13 22:00:00,-1.5,49.0,84.8,46.7,48.9,42.1,190.0
2021-12-13 23:00:00,-1.4,48.8,39.8,44.8,37.4,34.1,0.0
2021-12-14 00:00:00,-1.2,48.8,36.3,43.4,31.6,32.4,0.0
2021-12-14 01:00:00,-1.2,48.8,35.0,41.7,28.0,26.6,0.0
2021-12-14 02:00:00,-1.1,48.7,33.8,39.2,31.7,25.2,0.0
2021-12-14 03:00:00,-1.2,48.7,33.9,40.1,31.6,24.1,0.0
2021-12-14 04:00:00,-0.9,48.6,33.9,39.8,31.6,23.6,0.0
2021-12-14 05:00:00,-1.1,48.7,45.8,26.1,26.2,23.6,0.0
2021-12-14 06:00:00,-1.0,48.6,85.7,42.6,45.5,36.2,230.0
2021-12-14 07:00:00,-0.9,48.4,85.4,46.3,48.8,40.9,220.0
2021-12-14 08:00:00,-0.8,47.4,84.9,45.4,47.7,41.3,210.0
2021-12-14 09:00:00,-0.6,47.2,84.6,44.4,46.9,40.2,170.0
2021-12-14 10:00:00,-0.6,47.2,83.9,44.4,46.9,40.2,190.0
2021-12-14 11:00:00,-0.2,47.1,84.4,44.5,46.8,40.4,180.0
2021-12-14 12:00:00,0.1,47.0,83.4,44.5,47.0,40.3,190.0
2021-12-14 13:00:00,0.3,46.8,83.4,44.6,47.0,40.5,180.0
2021-12-14 14:00:00,0.3,47.4,83.3,44.6,46.8,40.6,180.0
2021-12-14 15:00:00,0.0,48.0,83.6,45.6,47.9,41.2,190.0
2021-12-14 16:00:00,-0.1,48.0,84.3,46.3,48.6,41.8,200.0
2021-12-14 17:00:00,-0.3,48.1,83.9,45.3,47.5,41.4,190.0
2021-12-14 18:00:00,-0.3,48.2,84.3,45.8,48.1,41.4,190.0
2021-12-14 19:00:00,-0.6,48.2,84.6,46.0,48.2,41.4,190.0
2021-12-14 20:00:00,-0.5,48.2,83.9,46.0,48.3,41.5,190.0
2021-12-14 21:00:00,-0.6,48.3,84.5,46.0,48.3,41.5,200.0
2021-12-14 22:00:00,-0.8,48.3,84.7,46.0,48.3,41.6,190.0
2021-12-14 23:00:00,-0.8,48.3,39.2,44.2,36.8,33.9,0.0
2021-12-15 00:00:00,-0.7,48.3,36.2,42.7,32.1,31.7,0.0
2021-12-15 01:00:00,-0.9,48.4,33.4,41.0,30.1,27.5,0.0
2021-12-15 02:00:00,-1.2,48.5,32.5,38.4,29.2,25.6,0.0
2021-12-15 03:00:00,-1.1,48.4,32.0,38.2,28.9,24.3,0.0
2021-12-15 04:00:00,-1.1,48.4,31.6,37.7,28.3,23.4,0.0
2021-12-15 05:00:00,-1.1,48.5,31.1,28.7,31.0,23.2,0.0
2021-12-15 06:00:00,-1.2,49.1,77.4,33.3,35.2,27.4,80.0
2021-12-15 07:00:00,-1.1,49.0,82.5,43.5,46.2,38.8,230.0
2021-12-15 08:00:00,-0.8,48.9,85.2,46.5,48.9,41.2,220.0
2021-12-15 09:00:00,-0.4,49.8,84.3,46.9,49.1,41.9,210.0
2021-12-15 10:00:00,-0.5,49.9,84.8,46.9,49.3,41.9,210.0
2021-12-15 11:00:00,-0.6,50.1,84.9,47.3,49.6,42.0,210.0
2021-12-15 12:00:00,-0.5,49.9,84.7,47.5,49.7,42.5,210.0
2021-12-15 13:00:00,0.0,49.8,83.7,47.3,49.7,42.1,210.0
2021-12-15 14:00:00,0.0,49.6,83.5,47.0,49.1,42.3,210.0
2021-12-15 15:00:00,-0.3,48.9,83.8,46.5,48.7,41.8,200.0
2021-12-15 16:00:00,-0.8,49.4,84.9,46.9,49.2,42.0,200.0
2021-12-15 17:00:00,-0.9,49.5,85.1,47.2,49.5,42.0,200.0
2021-12-15 18:00:00,-0.7,49.3,85.3,47.1,49.5,42.3,100.0
2021-12-15 19:00:00,-0.73,49.32,85.24,46.82,49.25,42.0,108.46
2021-12-15 20:00:00,-0.76,49.33,85.18,46.55,48.99,41.7,108.46
2021-12-15 21:00:00,-0.79,49.35,85.12,46.27,48.74,41.4,108.46
2021-12-15 22:00:00,-0.82,49.36,85.05,45.99,48.48,41.1,108.46
2021-12-15 23:00:00,-0.85,49.38,84.99,45.72,48.23,40.8,108.46
2021-12-16 00:00:00,-0.88,49.39,84.93,45.44,47.98,40.5,108.46
2021-12-16 01:00:00,-0.92,49.41,84.87,45.16,47.72,40.2,108.46
2021-12-16 02:00:00,-0.95,49.42,84.81,44.88,47.47,39.9,108.46
2021-12-16 03:00:00,-0.98,49.44,84.75,44.61,47.22,39.6,108.46
2021-12-16 04:00:00,-1.01,49.45,84.68,44.33,46.96,39.3,108.46
2021-12-16 05:00:00,-1.04,49.47,84.62,44.05,46.71,39.0,108.46
2021-12-16 06:00:00,-1.07,49.48,84.56,43.78,46.45,38.7,108.46
2021-12-16 07:00:00,-1.1,49.5,84.5,43.5,46.2,38.4,108.46
2021-12-16 08:00:00,-0.9,49.5,89.6,47.5,50.2,41.7,230.0
2021-12-16 09:00:00,-0.6,49.3,88.8,47.2,49.8,42.4,200.0
2021-12-16 10:00:00,-0.4,49.2,89.4,46.4,49.0,42.2,190.0
2021-12-16 11:00:00,-0.1,48.9,84.4,45.7,48.3,41.7,210.0
2021-12-16 12:00:00,0.0,48.9,84.2,46.5,48.7,41.7,200.0
2021-12-16 13:00:00,0.1,48.7,84.1,46.7,48.9,42.0,200.0
2021-12-16 14:00:00,0.3,46.3,83.3,43.6,46.0,40.0,160.0
2021-12-16 15:00:00,0.1,46.4,83.4,44.2,46.5,40.2,180.0
2021-12-16 16:00:00,0.5,46.3,83.2,44.4,46.7,40.5,170.0
2021-12-16 17:00:00,0.6,46.3,82.8,44.5,46.8,40.6,180.0
2021-12-16 18:00:00,0.8,46.2,82.8,44.5,46.7,40.7,180.0
2021-12-16 19:00:00,0.9,48.2,82.5,45.5,47.8,40.9,180.0
2021-12-16 20:00:00,0.9,48.2,82.7,46.7,48.9,42.0,200.0
2021-12-16 21:00:00,1.1,48.2,81.4,45.7,47.8,41.7,190.0
2021-12-16 22:00:00,1.0,48.1,80.8,45.9,42.7,41.6,180.0
2021-12-16 23:00:00,1.1,48.1,38.9,44.3,36.2,33.9,0.0
2021-12-17 00:00:00,1.4,48.1,35.5,42.7,31.2,31.3,0.0
2021-12-17 01:00:00,1.4,48.1,33.5,41.0,30.1,28.0,0.0
2021-12-17 02:00:00,1.5,48.1,32.7,38.3,29.7,25.5,0.0
2021-12-17 03:00:00,1.0,48.2,32.2,38.0,29.1,24.4,0.0
2021-12-17 04:00:00,0.8,48.2,31.7,37.8,28.6,23.7,0.0
2021-12-17 05:00:00,1.2,47.5,74.1,32.4,34.0,26.2,50.0
2021-12-17 06:00:00,1.3,47.5,70.6,41.8,43.3,37.4,220.0
2021-12-17 07:00:00,1.4,47.3,83.1,44.8,47.1,39.7,190.0
2021-12-17 08:00:00,1.6,47.4,82.8,45.7,47.8,41.0,200.0
2021-12-17 09:00:00,1.8,47.3,82.5,45.2,47.4,41.1,180.0
2021-12-17 10:00:00,1.9,47.2,82.2,44.6,47.0,40.6,180.0
2021-12-17 11:00:00,2.4,47.0,81.8,44.4,46.8,40.6,180.0
2021-12-17 12:00:00,2.8,46.9,79.1,44.4,46.5,39.6,180.0
2021-12-17 13:00:00,2.2,47.0,80.4,45.1,47.2,40.5,180.0
2021-12-17 14:00:00,1.4,47.5,82.5,45.4,47.7,40.9,190.0
2021-12-17 15:00:00,0.9,49.4,83.3,46.1,48.4,41.7,200.0
2021-12-17 16:00:00,0.8,49.4,83.3,46.7,49.1,41.6,200.0
2021-12-17 17:00:00,0.4,49.8,83.3,47.2,49.3,42.0,200.0
2021-12-17 18:00:00,0.7,49.7,83.4,47.2,49.4,42.1,200.0
2021-12-17 19:00:00,0.2,49.8,83.2,47.4,49.5,42.8,200.0
2021-12-17 20:00:00,0.0,50.1,83.8,47.3,49.7,42.4,200.0
2021-12-17 21:00:00,0.0,50.1,83.6,47.7,49.8,43.0,210.0
2021-12-17 22:00:00,-0.2,50.0,84.2,47.9,46.2,42.9,200.0
2021-12-17 23:00:00,0.0,49.8,40.1,45.9,37.1,34.5,0.0
2021-12-18 00:00:00,-0.2,50.1,36.9,44.3,32.8,32.1,0.0
2021-12-18 01:00:00,-0.5,50.3,34.3,42.3,31.1,28.6,0.0
2021-12-18 02:00:00,-0.7,50.5,33.2,39.5,30.0,26.1,0.0
2021-12-18 03:00:00,-0.8,50.6,32.7,39.2,29.5,25.0,0.0
2021-12-18 04:00:00,-0.9,50.4,32.3,38.7,29.1,24.6,0.0
2021-12-18 05:00:00,-1.1,50.6,31.7,38.1,28.5,23.8,0.0
2021-12-18 06:00:00,-1.2,50.9,85.8,38.8,41.6,30.9,130.0
2021-12-18 07:00:00,-1.4,50.9,87.7,46.2,48.9,39.8,240.0
2021-12-18 08:00:00,-1.3,50.9,83.7,47.1,49.3,41.8,210.0
2021-12-18 09:00:00,-0.7,50.4,84.9,47.5,49.9,42.3,210.0
2021-12-18 10:00:00,0.0,49.0,93.2,47.2,50.1,41.7,210.0
2021-12-18 11:00:00,0.0,49.0,83.6,46.7,49.1,41.4,200.0
2021-12-18 12:00:00,0.5,48.6,83.7,47.0,49.2,42.0,200.0
2021-12-18 13:00:00,0.5,49.3,83.2,47.1,49.3,42.1,210.0
2021-12-18 14:00:00,0.1,49.4,83.4,47.0,49.2,42.0,200.0
2021-12-18 15:00:00,-0.6,49.8,83.3,47.0,49.2,41.9,200.0
2021-12-18 16:00:00,-1.1,50.0,84.5,47.4,49.7,42.3,210.0
2021-12-18 17:00:00,-1.4,50.1,84.8,47.8,50.1,42.9,210.0
2021-12-18 18:00:00,-1.1,50.0,85.0,48.0,50.2,42.7,210.0
2021-12-18 19:00:00,-0.6,49.9,84.1,47.6,49.7,42.8,200.0
2021-12-18 20:00:00,-0.2,49.7,84.0,47.4,49.6,42.5,210.0
2021-12-18 21:00:00,-0.5,49.8,84.0,47.2,49.5,42.3,200.0
2021-12-18 22:00:00,-0.5,49.8,43.5,46.0,37.4,37.3,100.0
2021-12-18 23:00:00,-0.9,49.9,38.1,44.2,35.1,33.0,0.0
2021-12-19 00:00:00,-1.4,50.2,34.5,42.8,29.9,28.4,0.0
2021-12-19 01:00:00,-1.5,50.4,33.9,40.2,30.9,27.2,0.0
2021-12-19 02:00:00,-1.6,50.3,33.1,39.4,30.1,25.3,0.0
2021-12-19 03:00:00,-1.1,50.1,32.7,39.2,29.4,24.3,0.0
2021-12-19 04:00:00,-0.7,50.0,32.4,38.6,29.3,24.0,0.0
2021-12-19 05:00:00,-0.8,50.0,31.9,38.0,28.9,23.7,0.0
2021-12-19 06:00:00,-0.9,49.9,32.8,31.2,31.2,23.4,0.0
2021-12-19 07:00:00,-0.7,49.8,84.9,42.3,45.0,36.8,250.0
2021-12-19 08:00:00,-0.3,49.6,84.0,46.0,48.3,41.0,220.0
2021-12-19 09:00:00,-0.1,49.5,84.1,46.8,49.2,41.6,210.0
2021-12-19 10:00:00,0.2,49.4,83.4,46.9,49.1,41.8,200.0
2021-12-19 11:00:00,0.6,49.2,83.1,46.9,49.0,42.0,210.0
2021-12-19 12:00:00,0.7,49.1,82.8,47.0,49.1,42.1,210.0
2021-12-19 13:00:00,0.8,49.0,83.1,46.9,49.1,41.9,200.0
2021-12-19 14:00:00,0.8,49.0,82.6,47.1,49.2,42.4,200.0
2021-12-19 15:00:00,0.9,49.1,83.1,47.2,49.3,42.3,200.0
2021-12-19 16:00:00,0.7,49.0,82.8,46.9,49.0,42.4,200.0
2021-12-19 17:00:00,-0.1,49.6,83.4,46.7,48.9,42.1,200.0
2021-12-19 18:00:00,-1.1,50.1,85.3,47.6,49.9,42.7,200.0
2021-12-19 19:00:00,-1.5,50.2,85.9,48.2,50.5,43.0,220.0
2021-12-19 20:00:00,-2.1,50.5,86.2,48.4,50.7,43.3,210.0
2021-12-19 21:00:00,-2.0,50.6,85.8,48.3,50.4,43.3,210.0
2021-12-19 22:00:00,-2.0,50.4,45.7,47.1,37.9,37.9,110.0
2021-12-19 23:00:00,-1.6,50.4,38.7,45.3,35.9,33.6,0.0
2021-12-20 00:00:00,-1.6,50.3,35.0,43.7,30.5,29.2,0.0
2021-12-20 01:00:00,-1.3,50.1,34.3,40.8,31.2,26.6,0.0
2021-12-20 02:00:00,-1.0,50.0,33.6,40.2,30.3,25.5,0.0
2021-12-20 03:00:00,-0.8,50.0,33.3,39.8,30.4,24.8,0.0
2021-12-20 04:00:00,-0.8,49.9,32.9,39.3,29.7,24.2,0.0
2021-12-20 05:00:00,-0.5,49.8,39.9,41.8,39.2,23.9,0.0
2021-12-20 06:00:00,0.0,49.5,78.3,36.9,39.1,30.4,120.0
2021-12-20 07:00:00,0.5,49.1,83.7,44.9,47.3,39.5,230.0
2021-12-20 08:00:00,0.4,49.3,83.3,45.9,48.1,41.0,210.0
2021-12-20 09:00:00,0.5,49.2,83.8,46.6,49.0,41.7,200.0
2021-12-20 10:00:00,0.6,49.2,83.9,46.7,49.0,41.8,210.0
2021-12-20 11:00:00,0.9,49.0,85.5,46.5,48.8,42.1,210.0
2021-12-20 12:00:00,0.5,49.3,86.8,47.0,49.5,42.1,200.0
2021-12-20 13:00:00,1.6,47.2,82.0,44.8,46.9,41.3,180.0
2021-12-20 14:00:00,1.9,47.3,80.3,44.5,46.7,40.4,180.0
2021-12-20 15:00:00,1.1,47.5,80.3,45.0,47.1,40.6,180.0
2021-12-20 16:00:00,0.3,47.8,82.7,45.5,47.8,40.9,190.0
2021-12-20 17:00:00,-0.5,48.2,84.4,45.9,48.3,41.3,190.0
2021-12-20 18:00:00,-0.8,48.4,84.8,46.5,48.8,41.9,200.0
2021-12-20 19:00:00,-1.4,48.6,85.4,46.6,49.1,42.1,200.0
2021-12-20 20:00:00,-1.1,48.4,84.8,46.0,48.4,41.8,190.0
2021-12-20 21:00:00,-0.7,48.2,83.6,45.4,47.6,41.4,180.0
2021-12-20 22:00:00,-0.6,48.2,82.7,45.6,47.9,41.2,180.0
2021-12-20 23:00:00,-0.1,48.0,38.9,43.7,36.3,34.1,0.0
2021-12-21 00:00:00,-0.5,48.2,35.6,42.3,31.3,30.9,0.0
2021-12-21 01:00:00,-0.4,48.2,33.2,40.7,29.8,26.6,0.0
2021-12-21 02:00:00,-0.5,48.2,32.6,38.5,29.5,25.3,0.0
2021-12-21 03:00:00,-0.6,48.2,32.1,38.1,28.9,24.4,0.0
2021-12-21 04:00:00,-0.7,48.3,31.8,37.8,28.6,23.6,0.0
2021-12-21 05:00:00,-1.1,48.4,31.3,29.4,31.1,23.3,0.0
2021-12-21 06:00:00,-0.8,48.4,76.0,37.0,38.3,30.3,120.0
2021-12-21 07:00:00,-1.0,48.4,85.0,44.8,47.4,38.8,230.0
2021-12-21 08:00:00,-0.9,48.3,85.0,45.7,48.0,40.8,200.0
2021-12-21 09:00:00,-1.5,48.6,85.1,45.6,48.0,40.9,200.0
2021-12-21 10:00:00,-1.0,48.5,84.7,45.6,48.0,41.2,200.0
2021-12-21 11:00:00,-0.6,48.2,84.0,45.7,47.8,41.0,190.0
2021-12-21 12:00:00,0.0,48.0,83.3,46.2,48.2,41.3,200.0
2021-12-21 13:00:00,-0.1,48.0,83.4,46.7,48.4,41.2,200.0
2021-12-21 14:00:00,-1.3,50.6,84.1,47.3,48.8,41.8,210.0
2021-12-21 15:00:00,-1.7,51.0,84.8,47.7,49.0,42.5,210.0
2021-12-21 16:00:00,-2.2,51.6,85.8,48.1,49.4,42.6,210.0
2021-12-21 17:00:00,-3.0,52.2,86.3,48.5,49.3,43.0,210.0
2021-12-21 18:00:00,-3.5,52.6,87.6,48.7,49.7,43.0,210.0
2021-12-21 19:00:00,-3.9,53.1,87.4,48.3,49.9,43.3,220.0
2021-12-21 20:00:00,-4.6,53.8,88.9,49.2,50.9,43.9,220.0
2021-12-21 21:00:00,-4.7,53.7,88.8,49.5,49.1,43.8,220.0
2021-12-21 22:00:00,-5.1,54.1,88.9,49.6,49.2,44.1,230.0
2021-12-21 23:00:00,-5.7,46.0,88.0,42.5,44.7,40.1,150.0
2021-12-22 00:00:00,-6.3,46.0,88.8,44.4,46.5,40.6,180.0
2021-12-22 01:00:00,-6.2,46.0,35.2,42.6,32.3,32.2,0.0
2021-12-22 02:00:00,-6.8,46.0,28.5,41.2,27.5,27.6,0.0
2021-12-22 03:00:00,-7.1,46.0,25.6,37.5,25.6,25.5,0.0
2021-12-22 04:00:00,-7.7,46.0,24.5,36.2,24.6,24.4,0.0
2021-12-22 05:00:00,-7.8,46.0,30.3,27.6,26.7,25.1,0.0
2021-12-22 06:00:00,-7.6,55.1,78.9,40.7,42.1,34.6,180.0
2021-12-22 07:00:00,-7.8,55.1,83.6,45.9,47.4,39.8,210.0
2021-12-22 08:00:00,-7.6,55.1,89.5,55.8,51.4,41.9,250.0
2021-12-22 09:00:00,-6.0,54.5,87.9,57.5,52.1,46.6,290.0
2021-12-22 10:00:00,-4.9,53.9,85.3,58.9,52.3,47.8,320.0
2021-12-22 11:00:00,-3.9,52.2,85.1,58.0,51.8,47.5,300.0
2021-12-22 12:00:00,-4.1,52.5,85.5,58.3,52.0,47.5,300.0
2021-12-22 13:00:00,-3.9,52.2,85.0,57.9,51.8,47.7,290.0
2021-12-22 14:00:00,-0.3,49.7,84.5,50.1,49.4,44.9,220.0
2021-12-22 15:00:00,0.1,49.4,83.2,48.5,48.7,43.3,200.0
2021-12-22 16:00:00,-0.1,49.7,84.2,49.0,48.9,43.4,220.0
2021-12-22 17:00:00,-0.9,50.1,84.9,50.4,49.5,44.1,230.0
2021-12-22 18:00:00,-1.4,50.4,85.2,51.1,49.8,44.5,230.0
2021-12-22 19:00:00,-1.6,50.7,89.0,53.3,50.6,45.8,260.0
2021-12-22 20:00:00,-2.4,58.0,83.3,58.0,51.6,47.3,300.0
2021-12-22 21:00:00,-2.7,50.6,82.5,56.4,51.0,46.8,270.0
2021-12-22 22:00:00,-2.9,50.7,83.9,56.1,51.1,46.6,270.0
2021-12-22 23:00:00,-3.4,49.3,83.1,53.2,50.2,46.9,260.0
2021-12-23 00:00:00,-3.7,49.5,83.5,49.2,49.1,43.6,190.0
2021-12-23 01:00:00,-3.9,49.6,52.8,48.3,37.9,38.0,110.0
2021-12-23 02:00:00,-4.4,49.8,31.8,46.4,30.0,30.0,0.0
2021-12-23 03:00:00,-4.5,49.9,27.6,44.7,27.0,26.9,0.0
2021-12-23 04:00:00,-4.9,49.9,25.4,25.5,25.3,25.3,0.0
2021-12-23 05:00:00,-5.2,50.3,30.7,47.0,29.7,27.4,0.0
2021-12-23 06:00:00,-5.4,54.4,85.5,49.1,48.8,38.7,200.0
2021-12-23 07:00:00,-5.5,54.4,86.4,56.7,51.2,46.4,320.0
2021-12-23 08:00:00,-4.9,54.0,85.7,58.9,51.7,47.2,320.0
2021-12-23 09:00:00,-4.4,53.6,84.6,60.5,51.9,47.3,320.0
2021-12-23 10:00:00,-3.5,54.6,84.8,59.4,51.7,47.3,310.0
2021-12-23 11:00:00,-2.7,53.8,84.0,60.5,52.0,47.8,310.0
2021-12-23 12:00:00,-1.5,52.6,83.3,60.3,51.7,48.0,310.0
2021-12-23 13:00:00,-0.9,52.1,83.3,60.3,51.6,47.7,310.0
2021-12-23 14:00:00,-0.1,51.3,83.8,60.5,51.9,47.8,310.0
2021-12-23 15:00:00,0.2,50.9,83.5,58.4,51.4,47.5,290.0
2021-12-23 16:00:00,0.6,50.5,83.6,55.8,50.7,46.9,260.0
2021-12-23 17:00:00,0.8,50.0,83.6,55.2,50.5,46.5,260.0
2021-12-23 18:00:00,1.0,50.2,83.8,54.9,50.5,46.4,260.0
2021-12-23 19:00:00,0.9,49.9,83.6,54.6,50.3,46.3,260.0
2021-12-23 20:00:00,1.3,49.6,83.4,54.7,50.3,46.3,250.0
2021-12-23 21:00:00,1.8,49.2,82.8,53.1,49.7,45.9,240.0
2021-12-23 22:00:00,1.8,49.1,80.7,51.5,46.4,45.7,220.0
2021-12-23 23:00:00,1.5,49.6,42.3,49.8,38.1,36.5,0.0
2021-12-24 00:00:00,1.1,49.9,38.8,48.0,32.3,33.0,0.0
2021-12-24 01:00:00,0.6,50.3,36.3,46.4,30.4,28.6,0.0
2021-12-24 02:00:00,1.1,50.0,34.9,43.6,30.3,26.4,0.0
2021-12-24 03:00:00,0.4,50.7,32.5,39.7,29.1,25.3,0.0
2021-12-24 04:00:00,0.2,50.7,32.2,39.3,28.8,24.4,0.0
2021-12-24 05:00:00,0.1,50.8,75.5,40.6,40.5,27.5,70.0
2021-12-24 06:00:00,0.0,48.0,88.0,48.9,50.0,44.9,330.0
2021-12-24 07:00:00,0.7,47.6,86.2,45.6,47.9,41.0,150.0
2021-12-24 08:00:00,1.2,47.5,85.3,45.9,48.0,41.6,200.0
2021-12-24 09:00:00,1.7,47.3,84.8,45.0,47.3,41.1,180.0
2021-12-24 10:00:00,3.2,46.8,83.0,44.5,46.1,40.6,170.0
2021-12-24 11:00:00,4.8,46.0,79.5,44.5,45.9,40.6,180.0
2021-12-24 12:00:00,6.1,43.4,77.4,42.4,43.8,39.9,160.0
2021-12-24 13:00:00,7.3,42.9,74.3,40.6,42.1,37.9,120.0
2021-12-24 14:00:00,7.7,43.0,73.5,40.95,42.55,37.9,135.0
2021-12-24 15:00:00,8.1,43.1,72.7,41.3,43.0,37.9,135.0
2021-12-24 16:00:00,7.6,43.2,74.5,42.0,43.6,38.7,150.0
2021-12-24 17:00:00,6.4,43.5,78.2,42.1,44.0,38.8,150.0
2021-12-24 18:00:00,6.2,47.4,78.7,45.3,46.6,40.1,180.0
2021-12-24 19:00:00,6.6,47.2,78.6,47.7,47.8,42.5,210.0
2021-12-24 20:00:00,6.8,48.9,78.0,47.7,47.8,42.3,190.0
2021-12-24 21:00:00,7.1,48.4,77.5,50.9,49.0,44.1,230.0
2021-12-24 22:00:00,7.2,48.4,77.4,50.2,45.4,44.4,210.0
2021-12-24 23:00:00,7.3,48.4,41.8,48.7,37.5,35.9,0.0
2021-12-25 00:00:00,6.8,48.6,38.6,45.8,30.4,31.7,0.0
2021-12-25 01:00:00,6.9,48.6,35.5,45.2,31.1,28.2,0.0
2021-12-25 02:00:00,7.1,48.6,35.5,43.8,30.8,27.0,0.0
2021-12-25 03:00:00,8.0,48.0,34.0,41.6,29.0,25.8,0.0
2021-12-25 04:00:00,8.3,47.8,32.1,38.0,28.9,25.0,0.0
2021-12-25 05:00:00,8.7,47.6,30.7,36.0,28.1,24.6,0.0
2021-12-25 06:00:00,8.9,47.3,74.8,51.0,43.2,26.4,60.0
2021-12-25 07:00:00,9.1,47.2,74.6,46.4,47.7,43.2,300.0
2021-12-25 08:00:00,9.1,47.1,74.7,45.4,47.0,40.7,160.0
2021-12-25 09:00:00,9.1,47.2,75.0,45.7,47.3,41.2,190.0
2021-12-25 10:00:00,10.0,46.6,74.4,45.4,46.9,41.4,180.0
2021-12-25 11:00:00,10.8,46.1,71.5,44.0,45.5,40.2,160.0
2021-12-25 12:00:00,12.7,43.2,70.6,41.7,43.1,38.9,140.0
2021-12-25 13:00:00,13.2,42.6,63.6,40.5,37.8,37.2,100.0
2021-12-25 14:00:00,13.0,43.0,37.4,38.9,33.9,33.5,0.0
2021-12-25 15:00:00,12.3,44.4,71.7,43.8,45.0,41.2,240.0
2021-12-25 16:00:00,11.4,44.9,70.5,43.2,44.5,39.2,140.0
2021-12-25 17:00:00,10.6,46.5,74.1,45.5,47.1,40.9,180.0
2021-12-25 18:00:00,10.1,46.7,74.1,45.6,47.1,41.3,170.0
2021-12-25 19:00:00,9.4,47.3,73.5,45.2,46.8,41.0,170.0
2021-12-25 20:00:00,9.4,47.3,74.3,45.2,46.9,41.1,170.0
2021-12-25 21:00:00,10.2,46.8,74.3,45.2,46.8,41.0,160.0
2021-12-25 22:00:00,10.2,46.7,69.8,44.7,41.5,40.7,150.0
2021-12-25 23:00:00,9.3,47.2,38.8,43.0,35.9,34.2,0.0
2021-12-26 00:00:00,9.0,47.4,35.3,41.5,30.8,31.1,0.0
2021-12-26 01:00:00,9.3,47.3,33.0,40.2,29.1,27.5,0.0
2021-12-26 02:00:00,10.0,47.0,32.8,37.9,28.9,26.5,0.0
2021-12-26 03:00:00,9.0,47.5,31.8,36.6,28.9,25.5,0.0
2021-12-26 04:00:00,8.8,47.6,31.0,36.3,28.2,24.9,0.0
2021-12-26 05:00:00,8.6,47.6,30.9,36.1,28.1,24.5,0.0
2021-12-26 06:00:00,8.8,45.3,79.6,43.0,42.6,28.2,90.0
2021-12-26 07:00:00,8.8,45.4,77.2,42.3,44.1,39.5,230.0
2021-12-26 08:00:00,8.9,45.3,76.7,43.6,45.5,39.4,160.0
2021-12-26 09:00:00,9.7,45.2,75.5,43.9,45.5,40.1,170.0
2021-12-26 10:00:00,9.9,45.1,74.2,42.8,44.5,39.5,150.0
2021-12-26 11:00:00,10.8,45.0,72.2,42.8,44.4,39.2,150.0
2021-12-26 12:00:00,11.6,44.9,72.0,43.3,44.9,39.4,150.0
2021-12-26 13:00:00,12.2,44.7,69.4,43.2,44.5,39.5,150.0
2021-12-26 14:00:00,12.0,43.3,69.1,41.0,42.5,38.4,130.0
2021-12-26 15:00:00,12.3,43.1,68.4,41.5,42.6,38.3,140.0
2021-12-26 16:00:00,12.2,43.2,70.6,41.7,43.0,38.5,130.0
2021-12-26 17:00:00,11.1,43.5,71.5,41.8,43.3,38.5,140.0
2021-12-26 18:00:00,11.1,43.5,71.9,42.4,43.8,39.1,150.0
2021-12-26 19:00:00,11.0,44.3,70.9,42.4,43.8,39.1,140.0
2021-12-26 20:00:00,10.4,44.5,72.2,42.7,44.0,39.2,150.0
2021-12-26 21:00:00,10.0,44.5,74.1,43.5,44.7,39.8,150.0
2021-12-26 22:00:00,10.0,44.5,71.4,43.5,40.9,40.0,150.0
2021-12-26 23:00:00,9.4,44.7,38.1,42.1,35.8,34.2,0.0
2021-12-27 00:00:00,9.7,44.7,35.0,40.7,31.2,30.8,0.0
2021-12-27 01:00:00,9.1,44.8,32.7,39.2,29.5,27.7,0.0
2021-12-27 02:00:00,9.2,44.8,31.6,36.2,29.0,26.4,0.0
2021-12-27 03:00:00,9.3,44.7,31.1,35.4,28.4,25.5,0.0
2021-12-27 04:00:00,9.3,44.7,30.8,35.1,28.0,25.0,0.0
2021-12-27 05:00:00,9.2,44.8,34.0,32.3,34.0,24.6,0.0
2021-12-27 06:00:00,9.3,47.7,81.2,48.0,48.9,35.9,180.0
2021-12-27 07:00:00,9.2,47.9,80.8,44.7,46.9,41.2,210.0
2021-12-27 08:00:00,8.7,48.2,74.0,45.7,47.2,41.4,180.0
2021-12-27 09:00:00,8.8,48.1,74.0,46.7,48.0,41.7,180.0
2021-12-27 10:00:00,8.6,48.3,81.7,47.4,49.1,42.3,190.0
2021-12-27 11:00:00,8.5,48.1,82.4,46.5,48.4,42.2,190.0
2021-12-27 12:00:00,8.8,48.0,81.3,46.2,47.9,42.1,180.0
2021-12-27 13:00:00,9.2,48.0,81.3,49.7,48.0,43.3,200.0
2021-12-27 14:00:00,9.4,43.6,81.0,44.6,44.8,42.9,180.0
2021-12-27 15:00:00,9.8,45.5,80.0,42.6,44.4,38.2,110.0
2021-12-27 16:00:00,8.1,47.3,82.6,48.0,47.5,42.5,210.0
2021-12-27 17:00:00,6.8,48.6,84.2,49.6,48.0,43.3,210.0
2021-12-27 18:00:00,5.8,49.8,85.7,54.8,49.5,45.4,260.0
2021-12-27 19:00:00,5.1,46.3,85.4,52.5,49.0,46.0,260.0
2021-12-27 20:00:00,5.3,46.3,85.4,47.1,46.0,41.2,130.0
2021-12-27 21:00:00,5.1,46.4,86.4,50.2,47.0,43.4,230.0
2021-12-27 22:00:00,5.2,46.2,83.8,48.6,44.2,43.3,190.0
2021-12-27 23:00:00,5.3,46.2,41.1,46.8,38.1,35.6,0.0
2021-12-28 00:00:00,5.3,46.1,37.7,45.4,33.7,33.7,0.0
2021-12-28 01:00:00,5.6,46.1,35.1,41.4,31.4,28.7,0.0
2021-12-28 02:00:00,5.4,46.3,32.8,37.6,30.3,26.7,0.0
2021-12-28 03:00:00,5.3,46.3,32.4,37.1,29.9,26.1,0.0
2021-12-28 04:00:00,5.3,46.2,31.6,36.7,28.8,25.3,0.0
2021-12-28 05:00:00,5.2,46.3,31.0,36.1,28.3,24.8,0.0
2021-12-28 06:00:00,5.4,47.6,79.5,40.3,41.0,29.0,80.0
2021-12-28 07:00:00,5.4,47.6,83.2,50.7,50.0,45.9,340.0
2021-12-28 08:00:00,5.5,47.6,80.5,46.2,47.3,41.2,140.0
2021-12-28 09:00:00,5.4,47.6,80.3,47.3,47.0,42.2,200.0
2021-12-28 10:00:00,6.3,46.8,80.2,48.0,47.0,42.4,200.0
2021-12-28 11:00:00,6.8,46.5,79.0,47.7,46.8,42.4,190.0
2021-12-28 12:00:00,6.6,46.5,80.4,48.0,47.0,42.3,200.0
2021-12-28 13:00:00,7.2,46.2,79.8,48.1,46.8,42.6,200.0
2021-12-28 14:00:00,7.2,46.2,78.8,47.5,46.6,42.4,190.0
2021-12-28 15:00:00,7.0,46.3,77.8,46.6,46.2,41.9,180.0
2021-12-28 16:00:00,6.5,46.8,78.1,46.7,46.3,42.0,180.0
2021-12-28 17:00:00,6.3,46.9,77.8,47.5,46.6,42.1,190.0
2021-12-28 18:00:00,6.1,47.1,78.7,48.2,46.9,42.7,190.0
2021-12-28 19:00:00,6.1,47.2,78.0,48.0,46.8,42.5,190.0
2021-12-28 20:00:00,6.1,47.1,78.3,48.1,46.7,42.7,190.0
2021-12-28 21:00:00,5.9,47.2,78.5,48.5,46.9,42.7,200.0
2021-12-28 22:00:00,5.8,47.5,76.6,48.3,43.9,43.0,180.0
2021-12-28 23:00:00,4.6,48.2,40.7,46.5,37.2,35.1,0.0
2021-12-29 00:00:00,4.3,48.3,37.6,44.9,32.1,31.9,0.0
2021-12-29 01:00:00,3.9,48.7,34.9,43.3,30.3,29.1,0.0
2021-12-29 02:00:00,3.8,48.9,33.9,39.9,30.5,27.0,0.0
2021-12-29 03:00:00,3.6,49.0,32.3,38.4,29.3,25.8,0.0
2021-12-29 04:00:00,3.6,49.0,32.1,38.2,29.0,24.9,0.0
2021-12-29 05:00:00,3.9,47.4,77.6,43.8,43.3,29.9,110.0
2021-12-29 06:00:00,4.0,47.1,74.7,55.1,48.8,43.4,290.0
2021-12-29 07:00:00,4.4,46.8,85.3,47.0,46.9,43.1,200.0
2021-12-29 08:00:00,4.5,46.8,82.4,45.6,46.3,41.4,170.0
2021-12-29 09:00:00,4.8,46.5,82.5,46.0,46.6,41.7,180.0
2021-12-29 10:00:00,5.5,46.2,80.5,45.9,46.5,41.7,180.0
2021-12-29 11:00:00,5.9,45.9,80.3,45.5,46.2,41.4,170.0
2021-12-29 12:00:00,7.0,45.1,78.4,44.0,45.2,40.7,170.0
2021-12-29 13:00:00,6.9,45.2,77.7,42.9,44.5,39.6,150.0
2021-12-29 14:00:00,6.6,45.2,78.5,43.9,45.4,40.2,160.0
2021-12-29 15:00:00,6.5,45.2,78.0,44.0,45.4,40.1,160.0
2021-12-29 16:00:00,6.3,46.2,76.6,45.4,45.9,40.9,170.0
2021-12-29 17:00:00,6.1,46.5,77.0,46.0,46.4,41.3,180.0
2021-12-29 18:00:00,6.0,46.7,78.0,46.3,46.6,41.4,180.0
2021-12-29 19:00:00,6.1,46.6,76.8,46.6,46.5,41.7,190.0
2021-12-29 20:00:00,5.8,46.8,77.4,46.4,46.6,41.9,180.0
2021-12-29 21:00:00,5.8,46.7,77.7,46.4,46.5,41.6,180.0
2021-12-29 22:00:00,6.0,46.8,75.7,46.2,42.7,42.0,170.0
2021-12-29 23:00:00,5.9,46.8,39.1,44.4,36.3,34.3,0.0
2021-12-30 00:00:00,5.7,46.8,36.0,43.1,31.8,31.9,0.0
2021-12-30 01:00:00,5.9,46.8,33.4,41.7,28.9,27.5,0.0
2021-12-30 02:00:00,6.0,46.5,32.9,38.9,29.7,26.2,0.0
2021-12-30 03:00:00,6.1,46.5,31.6,36.9,28.6,25.2,0.0
2021-12-30 04:00:00,6.2,46.4,31.4,36.8,28.4,24.5,0.0
2021-12-30 05:00:00,6.2,46.6,35.0,37.1,34.2,24.3,0.0
2021-12-30 06:00:00,6.4,46.4,33.6,30.0,30.4,25.9,0.0
2021-12-30 07:00:00,6.2,46.5,81.4,53.6,49.1,43.7,360.0
2021-12-30 08:00:00,6.2,46.5,80.3,44.9,45.8,40.6,150.0
2021-12-30 09:00:00,6.2,46.4,80.4,46.3,46.4,41.2,190.0
2021-12-30 10:00:00,6.8,46.0,79.6,46.5,46.5,41.7,190.0
2021-12-30 11:00:00,6.6,46.2,79.7,46.4,46.3,41.5,180.0
2021-12-30 12:00:00,6.8,46.0,79.6,46.4,46.1,41.5,190.0
2021-12-30 13:00:00,7.4,45.5,78.7,46.3,46.0,41.5,190.0
2021-12-30 14:00:00,7.5,45.5,76.8,44.8,45.2,40.8,160.0
2021-12-30 15:00:00,7.0,45.9,76.2,44.7,45.1,40.2,170.0
2021-12-30 16:00:00,6.4,46.3,77.7,45.7,45.6,41.2,180.0
2021-12-30 17:00:00,6.6,46.1,77.8,46.1,45.8,41.3,180.0
2021-12-30 18:00:00,6.5,46.2,79.5,46.3,46.1,41.4,170.0
2021-12-30 19:00:00,6.5,46.0,77.8,46.0,45.8,41.6,180.0
2021-12-30 20:00:00,6.5,46.2,75.8,45.7,45.6,41.3,170.0
2021-12-30 21:00:00,6.6,46.1,75.7,46.0,45.7,41.2,170.0
2021-12-30 22:00:00,5.7,47.0,79.7,47.6,44.9,42.0,190.0
2021-12-30 23:00:00,4.6,47.6,39.9,45.5,36.9,34.6,0.0
2021-12-31 00:00:00,4.3,48.0,36.6,43.9,31.9,31.9,0.0
2021-12-31 01:00:00,3.2,48.6,33.9,42.5,29.6,27.7,0.0
2021-12-31 02:00:00,3.7,48.2,33.3,38.9,29.7,26.1,0.0
2021-12-31 03:00:00,3.3,48.6,31.4,36.6,28.5,25.2,0.0
2021-12-31 04:00:00,2.9,48.8,31.1,36.5,28.3,24.4,0.0
2021-12-31 05:00:00,3.0,48.9,30.8,36.1,27.7,24.0,0.0
2021-12-31 06:00:00,3.2,48.7,79.3,42.8,42.4,28.9,100.0
2021-12-31 07:00:00,3.0,48.9,69.1,48.4,46.8,40.5,250.0
2021-12-31 08:00:00,3.2,48.6,85.4,56.4,49.7,45.5,300.0
2021-12-31 09:00:00,4.4,47.8,83.2,51.8,48.4,44.6,230.0
2021-12-31 10:00:00,5.5,44.8,79.5,44.6,44.6,42.5,180.0
2021-12-31 11:00:00,6.3,44.1,79.7,42.9,44.4,39.1,130.0
2021-12-31 12:00:00,7.1,43.8,78.5,42.9,44.2,39.5,160.0
2021-12-31 13:00:00,7.5,43.6,78.0,42.1,43.5,39.1,150.0
2021-12-31 14:00:00,7.9,45.3,77.6,46.3,45.9,41.0,190.0
2021-12-31 15:00:00,7.3,45.9,76.3,45.6,45.6,41.4,180.0
2021-12-31 16:00:00,7.3,45.9,74.0,45.4,45.4,40.7,170.0
2021-12-31 17:00:00,6.5,46.6,75.4,46.5,45.9,41.1,180.0
2021-12-31 18:00:00,5.8,47.4,77.2,48.9,46.8,42.5,210.0
2021-12-31 19:00:00,5.3,47.8,77.4,49.5,47.1,43.1,210.0
2021-12-31 20:00:00,4.6,48.1,79.2,52.3,48.0,44.0,230.0
2021-12-31 21:00:00,4.3,48.5,80.5,53.4,47.9,44.5,240.0
2021-12-31 22:00:00,3.9,48.5,80.3,54.0,48.1,44.8,250.0
2021-12-31 23:00:00,3.4,49.0,81.4,54.8,48.5,45.1,240.0
2022-01-01 00:00:00,2.7,49.2,81.8,56.3,48.8,45.2,270.0
2022-01-01 01:00:00,2.9,49.3,48.0,55.2,40.9,40.8,120.0
2022-01-01 02:00:00,2.9,49.2,43.4,52.4,35.9,36.4,0.0
2022-01-01 03:00:00,3.2,49.2,37.6,48.5,29.1,30.1,0.0
2022-01-01 04:00:00,3.3,49.0,36.2,48.6,30.7,27.8,0.0
2022-01-01 05:00:00,2.9,49.2,35.1,46.3,28.3,26.7,0.0
2022-01-01 06:00:00,2.7,49.4,32.5,43.1,25.0,25.7,0.0
2022-01-01 07:00:00,2.7,49.2,78.9,53.1,47.8,39.8,260.0
2022-01-01 08:00:00,2.8,49.3,78.4,57.5,49.1,45.2,300.0
2022-01-01 09:00:00,3.9,48.4,77.6,57.4,48.9,45.5,270.0
2022-01-01 10:00:00,4.6,48.1,75.7,56.7,48.6,45.4,260.0
2022-01-01 11:00:00,5.4,47.8,74.8,56.1,48.4,44.9,250.0
2022-01-01 12:00:00,5.7,47.2,75.2,53.3,47.7,44.4,240.0
2022-01-01 13:00:00,6.0,47.2,74.7,52.5,47.4,43.9,220.0
2022-01-01 14:00:00,6.3,46.7,72.5,51.9,47.4,43.8,220.0
2022-01-01 15:00:00,6.4,46.5,73.1,51.3,47.2,43.8,220.0
2022-01-01 16:00:00,6.8,46.4,73.7,51.0,47.0,43.7,210.0
2022-01-01 17:00:00,6.8,46.2,73.3,50.3,46.8,43.4,200.0
2022-01-01 18:00:00,7.0,46.3,73.4,49.5,46.7,43.2,200.0
2022-01-01 19:00:00,7.3,46.1,72.0,48.6,46.3,42.6,180.0
2022-01-01 20:00:00,7.6,45.7,72.5,48.3,46.2,42.6,190.0
2022-01-01 21:00:00,7.7,45.5,70.5,47.5,45.9,42.2,170.0
2022-01-01 22:00:00,8.1,45.0,71.0,47.1,45.6,42.0,180.0
2022-01-01 23:00:00,8.0,45.2,72.3,46.8,45.7,42.0,170.0
2022-01-02 00:00:00,8.1,44.6,71.3,44.8,44.7,41.2,160.0
2022-01-02 01:00:00,8.3,44.5,73.0,43.5,44.1,40.0,130.0
2022-01-02 02:00:00,8.4,44.4,38.3,42.0,36.1,34.8,0.0
2022-01-02 03:00:00,8.5,44.3,35.8,40.6,32.5,32.9,0.0
2022-01-02 04:00:00,8.3,44.5,32.6,39.4,28.8,28.1,0.0
2022-01-02 05:00:00,8.4,44.4,32.4,37.5,29.3,27.5,0.0
2022-01-02 06:00:00,8.6,44.3,76.9,48.3,46.9,37.1,190.0
2022-01-02 07:00:00,8.4,44.2,75.1,42.1,43.5,39.0,130.0
2022-01-02 08:00:00,8.4,44.4,74.6,42.9,44.1,39.2,150.0
2022-01-02 09:00:00,8.0,44.5,74.5,43.5,44.4,40.0,160.0
2022-01-02 10:00:00,9.0,43.9,76.3,43.7,44.7,40.0,150.0
2022-01-02 11:00:00,9.8,44.8,72.0,44.1,44.5,40.0,160.0
2022-01-02 12:00:00,10.7,42.4,68.9,41.7,42.6,39.3,130.0
2022-01-02 13:00:00,11.1,42.2,66.8,40.4,41.6,37.6,120.0
2022-01-02 14:00:00,11.4,42.1,68.4,40.7,41.9,37.9,120.0
2022-01-02 15:00:00,11.6,42.1,68.6,40.8,42.0,37.8,130.0
2022-01-02 16:00:00,10.8,42.4,70.2,41.1,42.4,38.2,120.0
2022-01-02 17:00:00,9.6,50.0,72.1,43.1,44.1,38.5,140.0
2022-01-02 18:00:00,9.4,46.0,78.4,56.8,48.8,44.9,300.0
2022-01-02 19:00:00,8.4,46.8,77.2,47.1,46.0,42.4,150.0
2022-01-02 20:00:00,7.7,47.5,78.8,49.0,46.9,42.7,190.0
2022-01-02 21:00:00,7.1,47.9,79.3,52.1,47.7,44.0,230.0
2022-01-02 22:00:00,7.4,45.6,80.0,51.9,47.8,44.6,230.0
2022-01-02 23:00:00,7.5,45.6,75.0,44.2,43.7,40.9,120.0
2022-01-03 00:00:00,6.1,46.4,39.0,42.4,36.1,34.6,0.0
2022-01-03 01:00:00,5.4,46.8,35.3,40.9,31.9,32.2,0.0
2022-01-03 02:00:00,5.0,47.0,32.8,39.6,29.2,28.3,0.0
2022-01-03 03:00:00,4.9,47.1,32.1,36.9,28.8,26.6,0.0
2022-01-03 04:00:00,4.7,47.2,30.4,34.5,27.7,25.7,0.0
2022-01-03 05:00:00,4.1,47.6,30.1,34.2,27.6,24.9,0.0
2022-01-03 06:00:00,3.4,47.9,59.5,41.2,40.9,32.5,120.0
2022-01-03 07:00:00,3.0,48.4,81.9,45.5,47.3,42.1,250.0
2022-01-03 08:00:00,3.2,48.4,81.7,46.9,48.5,42.1,190.0
2022-01-03 09:00:00,5.0,47.0,79.8,45.8,47.5,41.8,180.0
2022-01-03 10:00:00,5.9,46.3,75.0,43.9,45.7,40.5,150.0
2022-01-03 11:00:00,7.3,45.6,73.1,43.8,45.3,40.0,160.0
2022-01-03 12:00:00,9.6,44.3,69.5,43.1,44.3,39.7,150.0
2022-01-03 13:00:00,10.7,43.8,55.2,41.5,36.2,36.1,80.0
2022-01-03 14:00:00,11.3,43.5,38.1,40.3,33.9,33.5,0.0
2022-01-03 15:00:00,10.9,44.3,69.1,45.8,46.8,41.0,230.0
2022-01-03 16:00:00,9.5,44.9,70.9,43.5,44.8,39.2,130.0
2022-01-03 17:00:00,10.2,44.6,72.0,43.4,44.5,40.1,150.0
2022-01-03 18:00:00,10.1,44.8,71.4,43.0,44.0,39.6,150.0
2022-01-03 19:00:00,8.6,46.4,74.5,47.7,46.3,41.7,190.0
2022-01-03 20:00:00,8.3,46.5,74.1,49.7,46.8,43.1,200.0
2022-01-03 21:00:00,7.3,46.9,77.3,50.2,46.8,43.4,210.0
2022-01-03 22:00:00,6.6,47.3,72.2,50.0,44.1,43.2,180.0
2022-01-03 23:00:00,6.1,47.5,41.4,48.1,37.9,35.8,0.0
2022-01-04 00:00:00,5.2,48.0,37.7,46.5,31.0,31.0,0.0
2022-01-04 01:00:00,4.9,48.1,36.4,44.9,31.9,29.1,0.0
2022-01-04 02:00:00,3.8,48.6,34.8,41.6,30.9,26.8,0.0
2022-01-04 03:00:00,3.4,49.0,32.0,37.4,28.7,25.6,0.0
2022-01-04 04:00:00,3.0,49.1,31.4,36.8,28.5,24.7,0.0
2022-01-04 05:00:00,2.5,49.5,31.1,36.3,28.2,24.4,0.0
2022-01-04 06:00:00,2.3,49.6,64.2,34.9,35.1,24.6,40.0
2022-01-04 07:00:00,2.2,49.7,86.4,57.3,49.3,44.5,370.0
2022-01-04 08:00:00,2.7,49.3,85.9,60.1,49.3,45.9,320.0
2022-01-04 09:00:00,3.6,48.9,84.1,59.6,49.1,46.1,290.0
2022-01-04 10:00:00,4.4,48.4,84.1,59.6,48.9,45.8,280.0
2022-01-04 11:00:00,5.5,47.7,79.4,57.5,48.5,45.2,270.0
2022-01-04 12:00:00,7.4,46.9,78.4,53.7,47.5,44.6,240.0
2022-01-04 13:00:00,9.4,46.0,74.0,50.4,46.6,43.6,190.0
2022-01-04 14:00:00,11.1,45.3,67.1,46.7,45.1,41.7,160.0
2022-01-04 15:00:00,11.1,45.2,66.3,45.6,44.6,41.1,160.0
2022-01-04 16:00:00,10.8,45.4,72.0,47.3,45.6,41.8,180.0
2022-01-04 17:00:00,10.3,45.6,72.1,47.8,45.7,42.3,170.0
2022-01-04 18:00:00,10.1,45.7,72.5,48.0,45.9,42.5,190.0
2022-01-04 19:00:00,10.2,45.7,72.7,48.1,45.9,42.2,180.0
2022-01-04 20:00:00,9.9,45.8,71.8,47.8,45.8,42.3,180.0
2022-01-04 21:00:00,9.6,46.0,73.6,48.1,45.9,42.3,180.0
2022-01-04 22:00:00,9.5,45.9,71.3,47.5,43.3,42.5,160.0
2022-01-04 23:00:00,9.3,46.1,40.4,46.2,37.0,35.3,0.0
2022-01-05 00:00:00,8.5,46.4,37.6,44.7,32.5,32.9,0.0
2022-01-05 01:00:00,7.2,47.0,34.8,43.2,29.8,28.4,0.0
2022-01-05 02:00:00,6.4,47.4,34.3,41.4,30.1,27.2,0.0
2022-01-05 03:00:00,6.3,47.5,32.1,37.0,28.3,26.1,0.0
2022-01-05 04:00:00,8.6,46.4,30.9,35.6,27.9,25.3,0.0
2022-01-05 05:00:00,8.7,46.4,30.0,30.7,29.8,24.9,0.0
2022-01-05 06:00:00,7.1,48.4,83.6,52.4,47.3,38.6,240.0
2022-01-05 07:00:00,6.1,49.1,84.7,59.0,48.9,45.5,330.0
2022-01-05 08:00:00,5.9,49.2,84.8,59.6,49.1,46.1,290.0
2022-01-05 09:00:00,7.8,48.2,83.3,59.3,49.1,46.1,280.0
2022-01-05 10:00:00,10.5,45.2,77.8,50.1,46.6,44.7,210.0
2022-01-05 11:00:00,12.0,43.8,70.9,42.7,43.4,39.5,90.0
2022-01-05 12:00:00,12.6,43.0,40.1,41.6,36.1,34.7,0.0
2022-01-05 13:00:00,13.3,42.6,36.0,40.2,32.5,33.1,0.0
2022-01-05 14:00:00,13.8,42.1,32.7,39.0,29.3,29.0,0.0
2022-01-05 15:00:00,13.1,42.6,32.6,37.5,29.6,27.6,0.0
2022-01-05 16:00:00,13.4,42.6,31.2,35.1,28.2,26.4,0.0
2022-01-05 17:00:00,13.5,42.6,30.6,34.7,28.2,25.6,0.0
2022-01-05 18:00:00,12.7,43.2,30.6,34.5,28.3,25.1,0.0
2022-01-05 19:00:00,11.3,45.7,71.1,50.5,49.0,40.0,250.0
2022-01-05 20:00:00,11.3,45.7,68.6,43.6,44.8,39.8,150.0
2022-01-05 21:00:00,10.6,46.2,71.1,46.2,47.1,40.9,170.0
2022-01-05 22:00:00,11.0,45.9,68.4,44.6,41.6,40.8,140.0
2022-01-05 23:00:00,10.7,46.1,38.8,43.1,35.8,34.1,0.0
2022-01-06 00:00:00,9.7,46.9,35.5,41.8,31.0,31.0,0.0
2022-01-06 01:00:00,8.6,47.6,33.0,40.5,28.9,28.1,0.0
2022-01-06 02:00:00,8.0,48.0,32.9,39.3,29.0,26.7,0.0
2022-01-06 03:00:00,7.5,48.3,31.9,37.4,28.9,25.8,0.0
2022-01-06 04:00:00,7.5,48.4,30.6,35.2,28.0,25.1,0.0
2022-01-06 05:00:00,7.6,48.3,30.3,35.0,27.9,24.4,0.0
2022-01-06 06:00:00,7.6,47.2,88.7,43.2,42.9,25.9,60.0
2022-01-06 07:00:00,7.2,45.9,74.2,43.8,45.1,41.2,270.0
2022-01-06 08:00:00,8.4,44.9,74.0,44.0,45.6,40.4,150.0
2022-01-06 09:00:00,7.5,45.6,73.7,43.4,45.1,39.3,150.0
2022-01-06 10:00:00,7.1,46.0,76.7,44.7,46.5,40.3,170.0
2022-01-06 11:00:00,6.2,47.0,77.0,44.3,46.1,40.2,160.0
2022-01-06 12:00:00,5.3,47.8,77.5,45.8,47.6,41.2,180.0
2022-01-06 13:00:00,5.1,47.8,79.2,46.3,48.2,41.5,180.0
2022-01-06 14:00:00,4.7,48.0,78.7,46.4,48.3,42.0,190.0
2022-01-06 15:00:00,4.7,48.1,80.2,46.6,48.6,42.1,180.0
2022-01-06 16:00:00,4.7,48.3,79.9,46.0,47.9,41.9,170.0
2022-01-06 17:00:00,4.0,48.6,80.6,46.2,48.1,41.7,180.0
2022-01-06 18:00:00,4.4,48.4,79.8,47.1,48.9,42.5,190.0
2022-01-06 19:00:00,4.3,48.6,80.2,46.8,48.8,42.2,180.0
2022-01-06 20:00:00,4.2,48.7,80.0,47.0,48.8,42.5,180.0
2022-01-06 21:00:00,4.0,48.9,81.1,47.1,49.1,42.5,180.0
2022-01-06 22:00:00,3.5,49.2,80.7,47.2,49.1,42.7,190.0
2022-01-06 23:00:00,3.7,46.0,79.0,43.3,45.3,40.3,130.0
2022-01-07 00:00:00,3.9,46.0,47.4,42.5,35.4,35.4,70.0
2022-01-07 01:00:00,3.8,46.0,36.5,41.0,33.6,33.0,0.0
2022-01-07 02:00:00,3.8,46.0,33.0,39.6,29.8,28.2,0.0
2022-01-07 03:00:00,3.8,46.0,32.0,36.4,29.1,27.1,0.0
2022-01-07 04:00:00,3.7,46.0,31.1,35.5,28.9,25.6,0.0
2022-01-07 05:00:00,3.9,46.0,30.7,35.3,28.3,24.8,0.0
2022-01-07 06:00:00,3.9,46.0,82.0,43.4,43.2,28.0,80.0
2022-01-07 07:00:00,3.4,46.0,82.9,42.6,44.9,39.7,240.0
2022-01-07 08:00:00,3.4,46.8,84.3,45.0,47.3,41.1,180.0
2022-01-07 09:00:00,3.6,46.6,83.0,44.2,46.5,40.5,170.0
2022-01-07 10:00:00,4.4,46.3,82.1,43.5,45.6,39.9,160.0
2022-01-07 11:00:00,4.7,46.1,81.4,44.1,46.2,40.4,160.0
2022-01-07 12:00:00,5.3,45.8,79.3,43.9,45.9,40.2,170.0
2022-01-07 13:00:00,5.4,45.9,78.7,43.2,45.3,39.8,160.0
2022-01-07 14:00:00,5.5,45.7,76.7,44.0,45.9,40.0,160.0
2022-01-07 15:00:00,5.1,47.0,76.8,45.0,46.8,40.6,170.0
2022-01-07 16:00:00,4.8,47.0,79.4,45.8,47.7,41.3,180.0
2022-01-07 17:00:00,4.5,47.2,78.6,45.3,47.3,41.5,170.0
2022-01-07 18:00:00,4.3,47.2,78.2,45.0,46.9,41.1,170.0
2022-01-07 19:00:00,3.4,47.6,79.9,45.3,47.4,41.2,170.0
2022-01-07 20:00:00,3.4,47.7,80.7,46.0,48.0,41.6,180.0
2022-01-07 21:00:00,3.3,47.6,80.8,46.3,48.2,41.9,180.0
2022-01-07 22:00:00,3.7,47.5,69.6,45.2,46.5,41.7,180.0
2022-01-07 23:00:00,3.8,47.5,39.9,43.8,35.6,34.2,0.0
2022-01-08 00:00:00,3.9,47.4,36.1,42.1,31.0,31.8,0.0
2022-01-08 01:00:00,3.4,47.6,33.1,40.7,29.1,27.5,0.0
2022-01-08 02:00:00,3.1,47.7,33.0,39.9,29.0,26.1,0.0
2022-01-08 03:00:00,3.0,47.7,32.1,38.1,28.7,25.2,0.0
2022-01-08 04:00:00,3.1,47.8,30.5,35.7,27.5,24.3,0.0
2022-01-08 05:00:00,2.9,47.7,30.5,35.8,27.6,23.6,0.0
2022-01-08 06:00:00,3.1,47.6,84.1,42.4,41.7,25.7,60.0
2022-01-08 07:00:00,3.1,47.8,83.9,50.0,48.6,44.2,350.0
2022-01-08 08:00:00,2.8,47.8,82.5,46.9,47.2,41.9,180.0
2022-01-08 09:00:00,3.7,47.6,82.3,47.8,47.4,42.5,200.0
2022-01-08 10:00:00,4.3,47.2,80.7,47.6,47.2,42.4,200.0
2022-01-08 11:00:00,5.1,46.8,80.2,47.6,47.3,42.4,200.0
2022-01-08 12:00:00,5.6,46.4,80.1,46.9,47.1,42.0,190.0
2022-01-08 13:00:00,5.9,46.3,79.5,45.7,46.4,41.4,180.0
2022-01-08 14:00:00,6.2,46.1,78.7,44.9,45.9,40.9,160.0
2022-01-08 15:00:00,5.8,46.2,78.3,44.9,45.9,40.6,180.0
2022-01-08 16:00:00,5.7,46.5,78.6,44.9,45.9,40.9,170.0
2022-01-08 17:00:00,5.6,46.6,80.2,45.7,46.4,41.3,170.0
2022-01-08 18:00:00,5.4,46.7,79.1,45.8,46.5,41.4,180.0
2022-01-08 19:00:00,5.3,46.6,78.6,45.8,46.6,41.5,170.0
2022-01-08 20:00:00,5.2,46.9,79.7,46.0,46.4,41.5,180.0
2022-01-08 21:00:00,4.9,47.0,80.2,45.8,46.4,41.4,170.0
2022-01-08 22:00:00,4.0,47.4,80.8,46.9,44.0,42.1,190.0
2022-01-08 23:00:00,3.8,47.5,38.3,44.8,35.2,34.4,0.0
2022-01-09 00:00:00,3.0,47.7,36.5,43.5,32.0,32.1,0.0
2022-01-09 01:00:00,2.5,48.0,33.4,42.0,28.8,27.7,0.0
2022-01-09 02:00:00,2.3,48.0,33.2,39.9,29.5,26.1,0.0
2022-01-09 03:00:00,2.3,48.0,31.0,36.6,27.6,24.8,0.0
2022-01-09 04:00:00,2.0,48.2,29.5,35.6,25.5,24.0,0.0
2022-01-09 05:00:00,1.9,48.2,29.0,23.7,28.0,23.5,0.0
2022-01-09 06:00:00,1.8,48.2,86.2,52.5,49.0,38.1,240.0
2022-01-09 07:00:00,2.1,48.1,86.4,52.0,49.0,44.8,280.0
2022-01-09 08:00:00,2.3,48.1,85.5,49.0,47.9,43.5,200.0
2022-01-09 09:00:00,2.2,48.1,85.2,48.5,47.7,42.8,200.0
2022-01-09 10:00:00,2.5,48.0,85.1,48.6,47.7,43.2,210.0
2022-01-09 11:00:00,2.9,47.8,84.2,48.4,47.7,43.0,210.0
2022-01-09 12:00:00,3.2,47.6,84.5,48.4,47.6,43.0,210.0
2022-01-09 13:00:00,3.5,47.5,83.8,48.2,47.4,42.9,200.0
2022-01-09 14:00:00,3.6,47.6,83.9,47.6,47.3,42.6,190.0
2022-01-09 15:00:00,3.2,47.6,84.4,47.8,47.4,42.6,210.0
2022-01-09 16:00:00,3.1,47.7,85.1,48.0,47.5,43.0,200.0
2022-01-09 17:00:00,2.9,47.8,85.1,47.8,47.4,42.9,200.0
2022-01-09 18:00:00,2.9,47.8,85.4,47.6,47.3,42.6,190.0
2022-01-09 19:00:00,2.9,47.8,85.0,47.5,47.1,42.6,190.0
2022-01-09 20:00:00,2.8,47.8,85.1,48.5,47.6,43.0,210.0
2022-01-09 21:00:00,2.3,48.1,85.4,48.8,47.5,43.2,210.0
2022-01-09 22:00:00,1.9,48.2,85.6,49.0,47.7,43.5,200.0
2022-01-09 23:00:00,1.7,48.3,41.7,68.8,39.9,36.2,0.0
2022-01-10 00:00:00,1.2,48.4,49.0,72.2,45.3,40.0,0.0
2022-01-10 01:00:00,0.8,48.6,44.1,41.9,34.5,34.1,0.0
2022-01-10 02:00:00,0.5,48.7,40.4,37.6,29.6,31.1,0.0
2022-01-10 03:00:00,0.4,48.8,37.5,33.5,26.0,27.2,0.0
2022-01-10 04:00:00,0.1,48.9,35.7,29.7,25.0,25.4,0.0
2022-01-10 05:00:00,0.0,49.0,50.5,55.3,47.3,25.2,0.0
2022-01-10 06:00:00,0.0,48.4,86.0,51.0,48.6,39.6,250.0
2022-01-10 07:00:00,0.1,48.4,87.6,53.2,48.9,45.5,310.0
2022-01-10 08:00:00,0.0,48.5,87.3,50.9,48.2,44.3,220.0
2022-01-10 09:00:00,0.2,48.4,86.4,50.7,48.0,43.8,220.0
2022-01-10 10:00:00,0.3,48.3,86.2,50.8,47.9,44.0,230.0
2022-01-10 11:00:00,0.3,48.4,86.4,51.1,47.9,44.0,230.0
2022-01-10 12:00:00,0.3,48.3,86.3,51.1,48.1,44.4,240.0
2022-01-10 13:00:00,0.1,48.4,87.3,50.8,47.8,43.9,230.0
2022-01-10 14:00:00,0.0,48.5,87.2,51.5,48.0,44.0,240.0
2022-01-10 15:00:00,0.0,48.5,87.3,51.8,48.3,44.2,240.0
2022-01-10 16:00:00,-0.5,48.6,87.1,52.0,48.4,44.5,240.0
2022-01-10 17:00:00,-0.8,48.7,87.8,52.4,48.5,44.4,240.0
2022-01-10 18:00:00,-0.8,48.7,88.8,52.8,48.6,44.8,250.0
2022-01-10 19:00:00,-0.8,48.8,88.5,53.1,48.6,44.7,250.0
2022-01-10 20:00:00,-0.9,48.7,88.3,53.5,48.9,45.1,250.0
2022-01-10 21:00:00,-1.2,48.8,88.8,53.6,48.9,45.3,250.0
2022-01-10 22:00:00,-1.2,48.9,88.9,53.9,48.9,45.3,250.0
2022-01-10 23:00:00,-1.3,48.9,43.8,51.4,40.0,36.8,0.0
2022-01-11 00:00:00,-1.4,48.9,39.8,49.6,33.8,34.0,0.0
2022-01-11 01:00:00,-1.3,48.8,36.4,44.3,32.6,28.5,0.0
2022-01-11 02:00:00,-1.3,48.8,33.7,39.5,30.7,26.5,0.0
2022-01-11 03:00:00,-1.1,48.8,33.1,38.8,30.4,25.4,0.0
2022-01-11 04:00:00,-1.0,48.8,32.5,38.1,29.7,24.6,0.0
2022-01-11 05:00:00,-0.8,48.8,27.6,40.8,26.4,24.3,0.0
2022-01-11 06:00:00,-0.8,50.2,85.7,45.3,47.1,34.3,150.0
2022-01-11 07:00:00,-0.5,50.1,81.4,55.4,52.7,46.0,320.0
2022-01-11 08:00:00,-0.4,50.0,89.7,47.0,49.3,42.7,180.0
2022-01-11 09:00:00,0.0,49.6,89.5,47.6,49.5,42.6,210.0
2022-01-11 10:00:00,0.2,49.5,88.9,47.4,49.3,42.8,210.0
2022-01-11 11:00:00,0.8,49.3,84.1,47.1,48.9,42.3,200.0
2022-01-11 12:00:00,1.2,49.0,83.9,47.3,48.9,42.5,200.0
2022-01-11 13:00:00,1.1,49.2,83.7,46.9,48.6,42.0,190.0
2022-01-11 14:00:00,0.5,49.4,86.0,47.6,49.4,42.3,210.0
2022-01-11 15:00:00,0.2,49.5,85.9,48.8,50.0,43.3,220.0
2022-01-11 16:00:00,0.0,49.7,86.8,49.3,50.3,43.5,210.0
2022-01-11 17:00:00,-0.1,49.7,86.0,48.5,49.7,43.8,220.0
2022-01-11 18:00:00,0.0,49.7,86.2,48.1,49.5,43.4,200.0
2022-01-11 19:00:00,-0.3,49.9,88.0,48.2,49.7,43.3,210.0
2022-01-11 20:00:00,-0.3,49.9,87.7,48.4,49.8,43.3,210.0
2022-01-11 21:00:00,-0.7,50.1,88.0,48.6,50.0,43.7,210.0
2022-01-11 22:00:00,-1.0,50.3,86.9,48.3,45.1,43.5,200.0
2022-01-11 23:00:00,-0.8,50.3,40.5,46.5,37.9,34.8,0.0
2022-01-12 00:00:00,-0.6,50.0,36.7,44.9,32.4,31.0,0.0
2022-01-12 01:00:00,-0.7,50.2,34.5,42.1,31.0,28.3,0.0
2022-01-12 02:00:00,-0.8,50.2,33.2,39.5,30.0,25.7,0.0
2022-01-12 03:00:00,-1.0,50.3,32.8,39.2,29.7,25.0,0.0
2022-01-12 04:00:00,-0.9,50.3,32.4,38.6,29.4,24.4,0.0
2022-01-12 05:00:00,-0.8,50.3,31.8,30.4,31.9,24.1,0.0
2022-01-12 06:00:00,-1.0,50.4,80.7,37.7,38.7,24.6,0.0
2022-01-12 07:00:00,-0.9,48.4,86.1,52.3,51.8,42.7,340.0
2022-01-12 08:00:00,-0.6,48.2,85.8,44.8,47.2,41.3,200.0
2022-01-12 09:00:00,0.0,48.0,86.0,46.4,48.4,41.4,200.0
2022-01-12 10:00:00,0.2,47.9,85.0,46.4,48.3,41.8,200.0
2022-01-12 11:00:00,0.3,47.8,85.0,46.2,48.1,41.5,190.0
2022-01-12 12:00:00,-0.3,48.2,85.3,49.4,48.0,42.7,230.0
2022-01-12 13:00:00,-0.8,48.3,86.8,57.6,47.9,44.2,290.0
2022-01-12 14:00:00,-0.9,48.4,87.3,59.7,48.3,44.9,320.0
2022-01-12 15:00:00,-1.1,48.5,87.7,60.3,48.3,45.1,310.0
2022-01-12 16:00:00,-1.9,48.8,89.9,61.1,48.5,45.0,310.0
2022-01-12 17:00:00,-2.2,48.9,90.6,61.8,48.4,45.2,160.0
2022-01-12 18:00:00,-2.9,49.1,91.7,62.8,48.7,45.3,390.0
2022-01-12 19:00:00,-2.82,48.68,91.26,61.6,48.44,45.22,344.0
2022-01-12 20:00:00,-2.74,48.26,90.82,60.4,48.18,45.14,344.0
2022-01-12 21:00:00,-2.66,47.84,90.38,59.2,47.92,45.06,344.0
2022-01-12 22:00:00,-2.58,47.42,89.94,58.0,47.66,44.98,344.0
2022-01-12 23:00:00,-2.5,47.0,89.5,56.8,47.4,44.9,344.0
2022-01-13 00:00:00,-2.6,47.0,89.0,54.5,47.1,44.1,250.0
2022-01-13 01:00:00,-2.8,47.2,67.1,53.2,42.1,41.7,160.0
2022-01-13 02:00:00,-2.9,47.2,42.8,51.2,38.0,36.2,0.0
2022-01-13 03:00:00,-2.7,47.1,37.7,49.2,31.5,30.0,0.0
2022-01-13 04:00:00,-2.8,47.0,34.8,40.3,30.9,27.5,0.0
2022-01-13 05:00:00,-2.5,47.0,91.1,57.7,47.7,40.1,250.0
2022-01-13 06:00:00,-2.7,47.1,86.7,53.1,47.0,42.3,220.0
2022-01-13 07:00:00,-2.7,47.0,88.6,55.7,47.8,45.0,320.0
2022-01-13 08:00:00,-2.4,50.2,90.6,62.1,48.9,44.8,300.0
2022-01-13 09:00:00,-1.8,49.6,90.4,64.3,49.2,46.1,360.0
2022-01-13 10:00:00,-1.8,49.7,88.5,63.7,49.0,45.9,330.0
2022-01-13 11:00:00,-1.4,49.5,89.6,64.0,49.1,45.9,350.0
2022-01-13 12:00:00,-0.7,49.2,86.9,61.8,48.6,45.5,310.0
2022-01-13 13:00:00,-1.6,49.6,88.4,63.2,48.8,45.8,340.0
2022-01-13 14:00:00,-1.3,49.5,87.3,46.4,49.0,41.5,130.0
2022-01-13 15:00:00,-1.1,49.4,87.4,47.6,49.9,43.0,210.0
2022-01-13 16:00:00,-1.2,49.5,87.4,47.3,49.4,43.2,190.0
2022-01-13 17:00:00,-1.2,49.6,88.4,47.4,49.7,42.9,200.0
2022-01-13 18:00:00,-2.2,49.9,89.6,47.7,49.9,42.9,200.0
2022-01-13 19:00:00,-3.2,50.5,91.0,48.1,50.3,43.4,210.0
2022-01-13 20:00:00,-3.6,50.7,90.6,48.1,50.3,43.6,210.0
2022-01-13 21:00:00,-4.3,51.1,91.5,48.4,50.5,43.6,210.0
2022-01-13 22:00:00,-4.6,51.3,92.9,48.7,50.9,43.8,210.0
2022-01-13 23:00:00,-5.0,48.0,90.1,44.7,46.8,42.8,190.0
2022-01-14 00:00:00,-5.6,48.7,84.8,45.7,47.9,41.8,180.0
2022-01-14 01:00:00,-5.7,48.7,35.8,43.7,32.5,32.7,0.0
2022-01-14 02:00:00,-5.9,49.2,62.0,41.0,43.4,29.5,80.0
2022-01-14 03:00:00,-6.3,49.4,35.1,46.3,31.0,31.0,40.0
2022-01-14 04:00:00,-6.6,49.9,27.9,44.6,26.9,27.0,0.0
2022-01-14 05:00:00,-5.7,49.0,52.5,36.8,35.2,29.3,90.0
2022-01-14 06:00:00,-5.1,48.3,66.1,49.1,50.0,42.6,290.0
2022-01-14 07:00:00,-4.9,48.2,82.4,46.8,48.6,41.9,200.0
2022-01-14 08:00:00,-4.6,47.9,85.0,45.8,48.0,41.6,190.0
2022-01-14 09:00:00,-4.3,49.7,91.6,48.3,50.5,42.5,220.0
2022-01-14 10:00:00,-3.4,49.3,88.7,46.7,49.0,42.4,200.0
2022-01-14 11:00:00,-3.2,49.2,87.9,46.4,48.8,41.8,200.0
2022-01-14 12:00:00,-2.6,49.0,87.1,46.4,48.8,41.7,200.0
2022-01-14 13:00:00,-1.8,48.7,84.8,46.1,48.4,41.7,200.0
2022-01-14 14:00:00,-0.8,48.4,84.2,45.9,48.1,41.4,190.0
2022-01-14 15:00:00,-0.9,48.3,83.7,45.9,47.9,41.4,190.0
2022-01-14 16:00:00,-0.9,48.4,85.6,46.3,48.4,41.9,190.0
2022-01-14 17:00:00,-1.6,48.6,84.6,46.8,48.9,42.3,200.0
2022-01-14 18:00:00,-2.2,48.9,86.5,47.3,49.3,42.5,210.0
2022-01-14 19:00:00,-2.6,49.0,86.5,46.7,48.9,42.4,190.0
2022-01-14 20:00:00,-2.5,49.0,86.7,46.5,48.6,42.3,200.0
2022-01-14 21:00:00,-3.1,49.2,87.6,46.6,48.8,42.1,190.0
2022-01-14 22:00:00,-3.4,49.3,87.3,46.8,49.1,42.3,200.0
2022-01-14 23:00:00,-2.2,48.9,49.5,45.8,38.1,38.0,120.0
2022-01-15 00:00:00,-1.7,48.6,38.3,44.3,35.8,33.3,0.0
2022-01-15 01:00:00,-2.4,48.9,34.6,42.6,30.5,28.7,0.0
2022-01-15 02:00:00,-3.0,49.2,33.9,39.8,31.0,26.6,0.0
2022-01-15 03:00:00,-3.3,49.4,33.3,39.4,30.3,25.4,0.0
2022-01-15 04:00:00,-2.4,49.0,32.7,38.9,29.5,24.5,0.0
2022-01-15 05:00:00,-0.6,48.2,35.4,35.4,35.1,24.0,0.0
2022-01-15 06:00:00,0.4,47.7,85.1,48.1,50.3,43.5,350.0
2022-01-15 07:00:00,2.2,47.2,83.9,45.3,47.7,40.3,160.0
2022-01-15 08:00:00,2.3,47.0,81.2,44.5,46.8,40.3,180.0
2022-01-15 09:00:00,2.7,50.0,83.8,48.7,50.7,42.8,240.0
2022-01-15 10:00:00,3.4,50.0,82.9,47.6,49.7,42.3,200.0
2022-01-15 11:00:00,3.4,50.0,82.2,47.6,49.2,42.2,210.0
2022-01-15 12:00:00,3.9,50.0,81.3,48.5,50.3,42.8,220.0
2022-01-15 13:00:00,3.8,48.2,80.2,47.5,49.2,42.8,200.0
2022-01-15 14:00:00,3.7,48.2,79.9,45.6,47.4,41.4,180.0
2022-01-15 15:00:00,3.5,48.2,80.1,46.0,47.9,41.6,190.0
2022-01-15 16:00:00,3.4,48.3,83.1,46.7,48.6,41.6,200.0
2022-01-15 17:00:00,2.1,48.5,84.0,46.5,48.6,42.0,200.0
2022-01-15 18:00:00,1.6,48.7,85.0,46.2,48.5,41.7,190.0
2022-01-15 19:00:00,1.0,48.7,85.1,46.2,48.5,41.7,200.0
2022-01-15 20:00:00,0.4,48.9,85.9,46.5,48.8,42.0,190.0
2022-01-15 21:00:00,1.2,48.7,86.0,46.6,48.9,42.1,200.0
2022-01-15 22:00:00,1.0,48.8,85.1,46.5,44.0,42.1,180.0
2022-01-15 23:00:00,0.7,48.8,39.2,44.6,36.2,33.9,0.0
2022-01-16 00:00:00,1.2,48.7,36.2,43.2,32.3,31.5,0.0
2022-01-16 01:00:00,1.2,48.7,34.0,40.9,30.5,28.2,0.0
2022-01-16 02:00:00,1.2,48.7,33.3,39.9,29.9,25.8,0.0
2022-01-16 03:00:00,1.1,48.8,32.6,39.5,29.1,24.6,0.0
2022-01-16 04:00:00,1.1,48.7,32.1,39.0,28.5,23.7,0.0
2022-01-16 05:00:00,0.9,48.8,31.7,28.6,31.4,23.4,0.0
2022-01-16 06:00:00,0.6,48.8,87.6,57.8,47.1,42.2,350.0
2022-01-16 07:00:00,0.7,48.8,86.6,62.0,48.0,44.8,360.0
2022-01-16 08:00:00,0.9,48.8,86.9,62.5,48.0,45.0,330.0
2022-01-16 09:00:00,0.8,48.8,86.8,62.6,47.8,44.8,330.0
2022-01-16 10:00:00,1.1,48.7,87.1,63.0,47.9,44.8,320.0
2022-01-16 11:00:00,1.4,48.7,85.3,62.2,47.8,44.8,330.0
2022-01-16 12:00:00,2.1,48.5,84.0,61.4,47.5,44.4,310.0
2022-01-16 13:00:00,2.6,48.4,83.1,60.8,47.1,44.5,310.0
2022-01-16 14:00:00,3.2,48.4,81.1,59.5,46.9,44.2,290.0
2022-01-16 15:00:00,3.5,48.2,81.1,59.5,47.1,44.1,290.0
2022-01-16 16:00:00,3.2,48.3,81.8,60.0,46.9,44.2,290.0
2022-01-16 17:00:00,2.1,48.6,84.6,61.4,47.3,44.5,310.0
2022-01-16 18:00:00,1.1,48.8,86.2,62.7,47.5,44.5,320.0
2022-01-16 19:00:00,1.1,48.7,87.0,60.2,49.2,46.4,310.0
2022-01-16 20:00:00,0.3,48.9,86.3,62.8,47.1,44.4,320.0
2022-01-16 21:00:00,-0.1,49.0,88.1,63.8,47.3,44.5,330.0
2022-01-16 22:00:00,-0.5,49.1,87.3,63.2,47.0,44.8,330.0
2022-01-16 23:00:00,-1.0,49.2,49.4,61.2,42.2,40.2,0.0
2022-01-17 00:00:00,-1.2,49.3,44.5,58.5,33.7,34.2,0.0
2022-01-17 01:00:00,-1.5,49.3,42.0,56.0,33.7,30.4,0.0
2022-01-17 02:00:00,-1.9,49.4,39.0,49.5,32.6,27.8,0.0
2022-01-17 03:00:00,-2.0,49.4,34.9,43.5,30.4,26.5,0.0
2022-01-17 04:00:00,-2.4,49.4,32.7,41.2,29.3,25.6,0.0
2022-01-17 05:00:00,-1.8,49.4,31.7,46.3,33.5,25.5,0.0
2022-01-17 06:00:00,-2.1,49.4,76.1,43.8,44.7,33.8,130.0
2022-01-17 07:00:00,-0.7,49.1,87.2,55.9,52.7,45.4,330.0
2022-01-17 08:00:00,-0.8,49.1,85.6,47.1,48.7,41.8,160.0
2022-01-17 09:00:00,-0.2,49.0,85.5,48.2,49.4,43.1,220.0
2022-01-17 10:00:00,0.9,45.0,84.4,42.0,44.3,38.8,140.0
2022-01-17 11:00:00,2.1,44.5,82.1,43.1,45.0,39.6,160.0
2022-01-17 12:00:00,2.1,44.5,82.8,41.9,44.0,38.9,150.0
2022-01-17 13:00:00,2.6,44.2,80.1,41.8,43.7,38.8,150.0
2022-01-17 14:00:00,3.7,44.5,80.1,42.7,44.5,39.9,180.0
2022-01-17 15:00:00,4.4,44.2,78.5,42.1,44.1,38.9,140.0
2022-01-17 16:00:00,4.3,44.2,78.4,42.4,44.1,39.2,150.0
2022-01-17 17:00:00,3.7,44.5,79.4,42.7,44.4,39.3,160.0
2022-01-17 18:00:00,2.8,44.8,83.0,43.2,45.1,39.8,160.0
2022-01-17 19:00:00,2.9,46.0,79.3,49.6,38.6,37.7,120.0
2022-01-17 20:00:00,3.9,45.5,81.6,42.9,44.6,40.3,200.0
2022-01-17 21:00:00,5.8,44.6,79.0,42.6,44.5,39.1,150.0
2022-01-17 22:00:00,3.7,45.6,81.3,43.8,41.1,39.8,160.0
2022-01-17 23:00:00,3.9,45.6,38.2,41.9,35.8,33.8,0.0
2022-01-18 00:00:00,4.1,45.4,35.7,40.4,32.0,30.5,0.0
2022-01-18 01:00:00,4.0,45.5,33.5,39.2,30.8,26.3,0.0
2022-01-18 02:00:00,3.2,45.9,33.6,38.7,31.4,25.2,0.0
2022-01-18 03:00:00,2.6,46.1,33.4,38.6,31.2,24.5,0.0
2022-01-18 04:00:00,2.3,46.3,32.7,38.0,30.6,23.9,0.0
2022-01-18 05:00:00,2.4,46.2,30.6,31.6,30.2,23.5,0.0
2022-01-18 06:00:00,2.6,48.2,79.7,43.1,43.4,30.3,140.0
2022-01-18 07:00:00,2.3,48.3,82.7,54.3,50.7,44.2,320.0
2022-01-18 08:00:00,2.3,48.3,85.0,46.1,47.5,42.5,200.0
2022-01-18 09:00:00,2.4,47.0,85.0,46.0,47.3,42.0,200.0
2022-01-18 10:00:00,3.5,46.6,83.3,44.8,46.5,40.6,180.0
2022-01-18 11:00:00,4.0,45.6,83.3,44.0,45.9,39.8,170.0
2022-01-18 12:00:00,4.3,45.4,82.5,43.7,45.6,39.7,180.0
2022-01-18 13:00:00,4.2,45.3,82.4,43.4,45.3,39.4,160.0
2022-01-18 14:00:00,3.6,45.8,82.4,43.8,45.8,39.4,180.0
2022-01-18 15:00:00,3.3,45.9,83.3,44.9,46.5,40.4,180.0
2022-01-18 16:00:00,2.6,46.2,82.9,43.8,45.7,40.1,170.0
2022-01-18 17:00:00,2.0,46.4,84.4,44.6,46.3,40.4,180.0
2022-01-18 18:00:00,1.8,46.5,84.4,45.1,46.8,40.7,190.0
2022-01-18 19:00:00,1.4,46.9,84.9,45.3,46.8,40.8,180.0
2022-01-18 20:00:00,1.0,46.9,85.6,46.1,47.3,41.7,190.0
2022-01-18 21:00:00,1.3,46.9,85.8,46.3,47.5,41.6,200.0
2022-01-18 22:00:00,0.9,47.1,86.2,46.5,47.5,41.7,200.0
2022-01-18 23:00:00,0.7,47.2,39.4,44.5,36.8,34.2,0.0
2022-01-19 00:00:00,0.3,47.3,36.3,43.0,32.0,31.9,0.0
2022-01-19 01:00:00,-0.2,47.6,33.6,41.4,30.1,27.7,0.0
2022-01-19 02:00:00,-0.2,47.7,33.6,39.8,30.5,25.8,0.0
2022-01-19 03:00:00,-0.7,47.9,32.9,39.5,29.6,24.5,0.0
2022-01-19 04:00:00,-0.5,47.8,32.7,39.0,29.4,23.9,0.0
2022-01-19 05:00:00,-0.1,47.7,38.4,40.0,37.5,23.4,0.0
2022-01-19 06:00:00,0.0,47.4,83.1,42.1,42.6,29.5,110.0
2022-01-19 07:00:00,0.3,47.3,84.6,52.4,50.2,44.5,330.0
2022-01-19 08:00:00,0.4,47.2,86.3,44.9,46.7,40.6,170.0
2022-01-19 09:00:00,1.1,46.4,86.3,45.6,47.2,41.2,190.0
2022-01-19 10:00:00,1.3,46.2,84.7,43.9,45.9,40.3,180.0
2022-01-19 11:00:00,2.4,45.6,84.9,43.6,45.6,39.8,180.0
2022-01-19 12:00:00,2.5,45.3,83.0,43.1,45.1,39.5,160.0
2022-01-19 13:00:00,3.1,45.1,82.4,42.9,44.9,39.2,170.0
2022-01-19 14:00:00,3.2,45.1,80.2,43.0,45.0,39.0,170.0
2022-01-19 15:00:00,3.0,45.2,80.3,43.6,45.4,39.6,180.0
2022-01-19 16:00:00,2.6,45.3,82.5,44.3,45.9,40.0,170.0
2022-01-19 17:00:00,1.7,46.1,83.6,44.7,46.3,40.7,190.0
2022-01-19 18:00:00,1.3,46.3,85.4,45.2,46.6,40.7,190.0
2022-01-19 19:00:00,0.8,46.5,86.5,45.6,47.0,41.2,190.0
2022-01-19 20:00:00,0.4,46.8,85.7,45.5,46.8,41.3,190.0
2022-01-19 21:00:00,-0.2,47.1,87.8,45.7,47.0,41.4,190.0
2022-01-19 22:00:00,-0.2,47.1,86.9,46.0,47.1,41.4,190.0
2022-01-19 23:00:00,-0.3,47.2,39.3,44.2,36.9,34.3,0.0
2022-01-20 00:00:00,-0.6,47.5,36.3,42.7,32.3,32.0,0.0
2022-01-20 01:00:00,-0.9,47.6,33.3,41.1,29.9,26.9,0.0
2022-01-20 02:00:00,-1.2,47.7,33.4,39.6,30.4,25.5,0.0
2022-01-20 03:00:00,-2.0,48.3,32.7,39.3,29.4,24.3,0.0
2022-01-20 04:00:00,-2.6,48.6,32.1,38.9,28.8,23.4,0.0
2022-01-20 05:00:00,-3.0,48.8,35.5,38.7,33.2,23.0,0.0
2022-01-20 06:00:00,-3.6,49.1,73.5,46.2,46.5,35.2,210.0
2022-01-20 07:00:00,-3.5,49.2,73.9,53.3,49.6,44.9,320.0
2022-01-20 08:00:00,-3.1,46.4,83.8,44.6,45.6,43.1,220.0
2022-01-20 09:00:00,-2.0,46.1,86.6,44.5,46.2,40.4,170.0
2022-01-20 10:00:00,-0.9,45.6,83.9,44.3,45.9,40.3,180.0
2022-01-20 11:00:00,1.0,45.2,81.3,44.0,45.6,39.8,180.0
2022-01-20 12:00:00,2.3,44.7,78.5,43.1,44.9,39.5,170.0
2022-01-20 13:00:00,4.9,44.0,75.4,42.5,44.2,38.9,160.0
2022-01-20 14:00:00,6.1,43.6,71.8,41.4,43.0,38.2,150.0
2022-01-20 15:00:00,6.4,43.3,72.9,41.5,43.1,37.7,140.0
2022-01-20 16:00:00,6.5,43.4,73.2,42.3,43.7,38.4,170.0
2022-01-20 17:00:00,5.7,43.6,75.1,42.7,44.3,38.6,160.0
2022-01-20 18:00:00,5.8,43.6,74.5,42.1,43.6,38.6,150.0
2022-01-20 19:00:00,5.9,44.4,74.9,43.1,44.7,38.8,170.0
2022-01-20 20:00:00,6.3,44.2,74.3,42.9,44.4,39.0,160.0
2022-01-20 21:00:00,6.2,44.2,73.4,42.8,44.2,38.9,160.0
2022-01-20 22:00:00,5.2,44.8,76.7,43.2,44.8,39.3,160.0
2022-01-20 23:00:00,5.0,45.0,38.0,41.4,35.7,33.6,0.0
2022-01-21 00:00:00,4.6,45.1,34.4,39.9,30.8,30.7,0.0
2022-01-21 01:00:00,3.9,45.2,32.1,38.7,28.6,26.6,0.0
2022-01-21 02:00:00,3.0,45.4,31.7,36.8,28.7,25.2,0.0
2022-01-21 03:00:00,2.4,45.5,31.2,36.4,28.3,24.4,0.0
2022-01-21 04:00:00,2.0,45.6,30.8,36.1,28.0,23.7,0.0
2022-01-21 05:00:00,1.7,45.6,34.8,36.2,34.1,23.2,0.0
2022-01-21 06:00:00,1.8,47.9,81.3,40.4,41.6,28.0,100.0
2022-01-21 07:00:00,1.8,47.9,77.5,51.2,49.2,42.4,310.0
2022-01-21 08:00:00,1.7,47.9,86.0,48.7,48.4,44.7,260.0
2022-01-21 09:00:00,2.1,47.2,85.7,46.3,47.4,41.5,180.0
2022-01-21 10:00:00,2.8,46.8,84.3,46.2,47.2,41.5,200.0
2022-01-21 11:00:00,3.3,45.9,83.3,45.1,46.5,41.0,190.0
2022-01-21 12:00:00,3.9,45.4,82.0,43.6,45.3,40.0,160.0
2022-01-21 13:00:00,4.2,45.4,82.5,43.1,45.0,39.5,170.0
2022-01-21 14:00:00,4.0,45.5,81.0,43.0,44.9,39.1,160.0
2022-01-21 15:00:00,3.2,45.8,83.3,43.9,45.7,39.7,180.0
2022-01-21 16:00:00,2.2,46.4,84.4,44.5,46.0,40.2,190.0
2022-01-21 17:00:00,1.2,46.8,85.2,44.8,46.2,40.4,180.0
2022-01-21 18:00:00,0.6,47.2,85.8,45.8,46.9,41.2,200.0
2022-01-21 19:00:00,0.5,47.3,86.4,46.2,47.1,41.9,190.0
2022-01-21 20:00:00,0.6,47.1,86.1,46.2,47.1,41.7,200.0
2022-01-21 21:00:00,0.2,47.3,85.6,45.9,47.0,41.6,190.0
2022-01-21 22:00:00,0.2,47.5,87.8,46.2,47.2,41.6,200.0
2022-01-21 23:00:00,-0.3,47.7,39.2,44.4,37.0,34.1,0.0
2022-01-22 00:00:00,-0.9,47.9,36.1,42.9,32.4,32.3,0.0
2022-01-22 01:00:00,-1.1,48.0,33.4,41.0,30.0,27.5,0.0
2022-01-22 02:00:00,-1.8,48.4,32.8,38.6,29.9,25.6,0.0
2022-01-22 03:00:00,-1.7,48.4,32.1,38.3,29.0,24.4,0.0
2022-01-22 04:00:00,-0.7,47.9,31.8,37.9,28.7,23.7,0.0
2022-01-22 05:00:00,-0.9,48.0,31.3,37.4,28.2,23.4,0.0
2022-01-22 06:00:00,-0.9,48.0,86.6,48.2,46.8,30.5,160.0
2022-01-22 07:00:00,-1.0,48.0,86.9,48.1,47.9,43.6,310.0
2022-01-22 08:00:00,-1.3,48.2,87.7,48.4,48.1,42.2,210.0
2022-01-22 09:00:00,0.0,47.5,85.1,48.8,48.2,42.7,230.0
2022-01-22 10:00:00,0.7,47.2,84.2,47.7,47.6,42.3,210.0
2022-01-22 11:00:00,1.8,46.7,82.4,46.1,46.6,41.6,190.0
2022-01-22 12:00:00,1.6,46.6,82.9,45.2,46.2,40.7,190.0
2022-01-22 13:00:00,2.0,46.4,83.0,44.8,45.9,40.5,180.0
2022-01-22 14:00:00,1.2,46.9,84.5,46.2,46.8,41.0,200.0
2022-01-22 15:00:00,1.0,46.9,84.1,46.8,47.0,41.8,210.0
2022-01-22 16:00:00,0.7,47.1,84.0,47.0,47.0,41.8,200.0
2022-01-22 17:00:00,0.6,47.1,84.4,47.2,47.0,42.0,210.0
2022-01-22 18:00:00,0.2,47.3,85.4,47.4,46.8,42.2,200.0
2022-01-22 19:00:00,-0.6,47.8,85.4,48.3,47.2,42.4,210.0
2022-01-22 20:00:00,-0.8,48.0,87.4,49.8,47.7,43.2,230.0
2022-01-22 21:00:00,-1.0,48.0,86.2,50.0,47.7,43.7,230.0
2022-01-22 22:00:00,-1.3,48.1,87.3,50.9,47.8,43.6,230.0
2022-01-22 23:00:00,-1.5,48.2,53.3,50.0,39.2,39.1,120.0
2022-01-23 00:00:00,-1.6,48.4,39.8,47.8,36.0,33.3,0.0
2022-01-23 01:00:00,-2.1,48.6,36.1,46.1,30.0,28.7,0.0
2022-01-23 02:00:00,-2.2,48.5,34.4,42.0,30.6,26.0,0.0
2022-01-23 03:00:00,-1.9,48.4,32.8,39.4,29.6,24.7,0.0
2022-01-23 04:00:00,-2.1,48.5,32.6,39.1,29.4,23.9,0.0
2022-01-23 05:00:00,-2.6,48.7,32.2,38.6,29.0,23.3,0.0
2022-01-23 06:00:00,-2.3,48.7,82.6,44.5,42.6,26.6,120.0
2022-01-23 07:00:00,-1.8,48.5,88.2,60.9,49.3,45.2,420.0
2022-01-23 08:00:00,-1.7,48.3,82.1,56.5,48.1,45.5,300.0
2022-01-23 09:00:00,-1.2,48.1,88.2,57.5,48.5,44.8,290.0
2022-01-23 10:00:00,-1.1,48.1,86.2,57.8,48.3,45.1,300.0
2022-01-23 11:00:00,-0.6,47.8,86.2,57.6,48.1,44.6,300.0
2022-01-23 12:00:00,-0.4,47.7,84.9,57.2,48.0,44.6,290.0
2022-01-23 13:00:00,0.6,47.1,85.3,55.7,47.8,44.7,280.0
2022-01-23 14:00:00,0.7,47.1,84.9,54.6,47.5,44.1,260.0
2022-01-23 15:00:00,0.0,47.6,85.6,54.3,47.5,44.0,270.0
2022-01-23 16:00:00,-0.5,47.7,86.0,54.5,47.6,44.3,270.0
2022-01-23 17:00:00,-1.2,50.5,87.8,56.3,48.0,44.2,270.0
2022-01-23 18:00:00,-1.3,50.5,88.3,62.5,49.0,45.6,350.0
2022-01-23 19:00:00,-1.2,50.5,88.0,63.2,49.1,45.8,340.0
2022-01-23 20:00:00,-1.5,50.6,88.1,63.4,49.1,46.0,330.0
2022-01-23 21:00:00,-1.6,50.6,88.2,63.6,49.1,46.0,340.0
2022-01-23 22:00:00,-1.8,50.7,50.1,56.1,45.6,44.6,240.0
2022-01-23 23:00:00,-2.1,50.8,40.4,63.6,39.0,36.5,0.0
2022-01-24 00:00:00,-2.2,51.0,39.1,36.3,36.0,34.7,0.0
2022-01-24 01:00:00,-2.3,51.0,51.9,33.3,40.9,32.7,0.0
2022-01-24 02:00:00,-2.2,50.9,73.5,27.5,44.9,28.7,0.0
2022-01-24 03:00:00,-2.3,51.0,78.7,26.8,44.0,27.4,0.0
2022-01-24 04:00:00,-2.4,51.0,86.2,51.4,46.9,36.6,220.0
2022-01-24 05:00:00,-2.7,51.0,72.7,53.1,47.1,43.6,290.0
2022-01-24 06:00:00,-2.7,51.1,84.7,58.6,48.4,44.8,290.0
2022-01-24 07:00:00,-3.3,51.3,90.7,63.9,49.5,46.0,360.0
2022-01-24 08:00:00,-3.3,51.3,90.5,64.5,49.4,46.0,360.0
2022-01-24 09:00:00,-2.8,51.2,89.6,64.3,49.3,46.2,350.0
2022-01-24 10:00:00,-2.8,51.1,89.3,64.1,49.3,45.9,340.0
2022-01-24 11:00:00,-1.5,50.6,86.2,62.4,48.9,45.8,330.0
2022-01-24 12:00:00,-1.5,50.6,86.1,62.6,48.9,45.9,340.0
2022-01-24 13:00:00,-1.3,50.5,86.3,62.3,48.8,45.8,320.0
2022-01-24 14:00:00,-1.2,50.5,85.2,62.0,48.7,45.8,320.0
2022-01-24 15:00:00,-1.3,50.6,86.0,62.5,49.0,45.8,330.0
2022-01-24 16:00:00,-2.2,50.9,66.8,51.6,46.1,43.3,200.0
2022-01-24 17:00:00,-2.7,51.2,89.9,63.3,48.9,45.4,340.0
2022-01-24 18:00:00,-3.3,51.3,90.5,65.0,49.2,46.1,360.0
2022-01-24 19:00:00,-3.7,51.5,92.3,65.8,49.3,46.1,360.0
2022-01-24 20:00:00,-4.4,49.7,93.2,66.0,49.5,46.4,360.0
2022-01-24 21:00:00,-4.6,49.8,92.6,66.1,49.4,46.3,350.0
2022-01-24 22:00:00,-4.6,45.9,89.0,51.0,46.3,44.8,240.0
2022-01-24 23:00:00,-5.2,46.1,88.9,47.8,45.6,42.0,160.0
2022-01-25 00:00:00,-5.1,46.5,89.1,49.1,46.1,42.9,210.0
2022-01-25 01:00:00,-5.6,46.9,36.8,46.8,33.9,34.1,0.0
2022-01-25 02:00:00,-6.1,47.8,29.9,45.2,28.9,28.9,0.0
2022-01-25 03:00:00,-5.5,47.1,27.0,43.4,26.6,26.8,0.0
2022-01-25 04:00:00,-5.3,46.8,32.5,31.7,31.3,29.6,0.0
2022-01-25 05:00:00,-5.9,47.4,86.5,54.6,47.4,42.6,310.0
2022-01-25 06:00:00,-6.9,50.2,92.4,62.4,49.2,45.5,360.0
2022-01-25 07:00:00,-7.7,52.7,88.3,61.9,49.1,46.0,340.0
2022-01-25 08:00:00,-7.5,52.5,91.7,64.1,49.1,45.9,340.0
2022-01-25 09:00:00,-6.4,51.4,90.6,64.9,49.4,46.1,360.0
2022-01-25 10:00:00,-5.9,50.9,89.0,63.9,49.2,45.9,340.0
2022-01-25 11:00:00,-4.3,49.6,87.8,63.0,49.0,45.7,340.0
2022-01-25 12:00:00,-3.7,49.4,87.6,62.4,48.8,45.7,330.0
2022-01-25 13:00:00,-3.1,49.2,83.4,61.2,48.6,45.7,320.0
2022-01-25 14:00:00,-2.4,48.8,81.4,59.7,48.0,45.0,290.0
2022-01-25 15:00:00,-2.4,48.7,83.5,60.4,48.2,45.1,310.0
2022-01-25 16:00:00,-2.5,48.9,84.2,60.6,48.3,45.2,300.0
2022-01-25 17:00:00,-3.1,49.1,85.4,61.5,48.5,45.6,320.0
2022-01-25 18:00:00,-3.6,45.0,85.7,54.0,47.1,45.1,280.0
2022-01-25 19:00:00,-4.3,44.0,85.4,43.5,44.1,40.3,100.0
2022-01-25 20:00:00,-5.2,44.4,87.0,45.0,44.7,40.7,180.0
2022-01-25 21:00:00,-4.2,44.0,85.6,43.9,44.2,40.6,160.0
2022-01-25 22:00:00,-3.9,44.0,85.4,43.4,44.0,39.9,160.0
2022-01-25 23:00:00,-3.5,42.5,84.2,40.1,41.8,38.2,120.0
2022-01-26 00:00:00,-3.3,42.5,81.7,40.2,38.2,37.6,120.0
2022-01-26 01:00:00,-3.4,42.5,31.8,38.6,30.0,30.1,0.0
2022-01-26 02:00:00,-3.1,42.4,27.4,37.3,26.8,26.9,0.0
2022-01-26 03:00:00,-3.2,42.4,25.5,37.0,25.3,25.2,0.0
2022-01-26 04:00:00,-2.9,40.8,75.2,39.6,39.1,27.9,70.0
2022-01-26 05:00:00,-2.9,40.8,75.1,38.9,40.0,37.8,210.0
2022-01-26 06:00:00,-2.8,46.0,85.0,47.0,45.6,38.0,170.0
2022-01-26 07:00:00,-2.8,48.0,84.9,56.9,48.2,44.5,320.0
2022-01-26 08:00:00,-2.4,46.5,84.9,54.7,47.9,44.9,290.0
2022-01-26 09:00:00,-1.9,45.5,82.4,46.7,45.6,42.3,170.0
2022-01-26 10:00:00,-1.6,45.4,82.2,45.0,45.0,40.7,180.0
2022-01-26 11:00:00,-1.5,46.4,82.0,50.6,46.7,42.4,230.0
2022-01-26 12:00:00,-1.1,48.5,82.3,58.1,48.2,44.3,280.0
2022-01-26 13:00:00,-1.0,48.2,82.8,59.8,48.5,45.1,320.0
2022-01-26 14:00:00,-0.8,48.1,81.9,59.7,48.5,45.2,300.0
2022-01-26 15:00:00,-0.8,44.6,80.5,43.7,43.7,42.0,160.0
2022-01-26 16:00:00,-0.8,44.6,81.4,45.6,44.9,40.6,170.0
2022-01-26 17:00:00,-0.8,44.7,81.4,46.0,45.1,41.2,200.0
2022-01-26 18:00:00,-0.6,44.4,81.1,45.6,44.9,40.8,180.0
2022-01-26 19:00:00,-0.2,44.2,80.5,44.8,44.5,40.6,170.0
2022-01-26 20:00:00,-0.4,44.2,80.4,44.5,44.6,40.2,170.0
2022-01-26 21:00:00,-0.2,44.2,80.3,44.3,44.4,40.2,170.0
2022-01-26 22:00:00,0.0,44.1,80.6,44.2,44.4,40.0,170.0
2022-01-26 23:00:00,0.0,44.0,49.2,43.0,36.1,35.9,90.0
2022-01-27 00:00:00,0.1,43.8,36.5,41.5,34.4,32.8,0.0
2022-01-27 01:00:00,0.5,43.7,33.2,40.2,28.9,28.0,0.0
2022-01-27 02:00:00,0.4,43.7,32.4,38.7,29.5,26.1,0.0
2022-01-27 03:00:00,0.5,43.4,32.2,37.6,29.4,25.2,0.0
2022-01-27 04:00:00,0.6,43.4,31.8,37.5,28.8,24.4,0.0
2022-01-27 05:00:00,1.0,43.3,35.7,37.6,34.3,23.8,0.0
2022-01-27 06:00:00,1.0,43.0,80.1,40.0,40.1,27.2,90.0
2022-01-27 07:00:00,1.2,46.1,85.7,54.5,47.8,43.1,340.0
2022-01-27 08:00:00,1.5,46.0,86.5,49.2,46.5,43.9,270.0
2022-01-27 09:00:00,1.8,46.0,86.4,46.2,45.4,41.2,170.0
2022-01-27 10:00:00,2.0,45.8,85.5,46.7,45.4,41.4,210.0
2022-01-27 11:00:00,2.8,45.6,78.1,45.8,44.9,41.0,190.0
2022-01-27 12:00:00,3.6,45.4,77.0,46.2,45.0,40.9,190.0
2022-01-27 13:00:00,4.1,45.3,76.1,45.9,44.9,40.9,190.0
2022-01-27 14:00:00,3.8,47.6,76.1,46.3,44.9,40.6,180.0
2022-01-27 15:00:00,4.1,47.4,77.1,56.1,47.3,43.8,290.0
2022-01-27 16:00:00,3.7,47.5,77.5,56.7,47.5,44.3,280.0
2022-01-27 17:00:00,2.9,48.1,78.3,57.5,47.6,44.5,280.0
2022-01-27 18:00:00,1.6,48.7,81.2,59.4,47.9,44.9,300.0
2022-01-27 19:00:00,1.1,48.9,81.2,59.6,48.0,44.6,290.0
2022-01-27 20:00:00,0.2,49.3,84.2,60.9,48.1,45.0,310.0
2022-01-27 21:00:00,-0.2,49.6,83.9,60.9,48.2,45.1,310.0
2022-01-27 22:00:00,-0.5,47.7,79.7,58.9,48.1,45.0,300.0
2022-01-27 23:00:00,-1.1,48.0,46.6,57.1,40.2,38.4,0.0
2022-01-28 00:00:00,-1.2,48.1,42.6,54.9,32.9,33.9,0.0
2022-01-28 01:00:00,-1.8,48.3,39.6,52.5,29.4,29.9,0.0
2022-01-28 02:00:00,-2.0,48.5,37.8,50.8,30.7,27.3,0.0
2022-01-28 03:00:00,-1.9,48.5,36.5,47.6,29.7,26.0,0.0
2022-01-28 04:00:00,-2.2,48.7,34.8,43.3,28.8,25.0,0.0
2022-01-28 05:00:00,-2.8,48.9,32.2,39.8,24.3,24.3,0.0
2022-01-28 06:00:00,-3.3,49.1,78.0,45.5,44.4,33.1,160.0
2022-01-28 07:00:00,-3.2,49.3,81.6,54.3,46.9,42.5,290.0
2022-01-28 08:00:00,-2.6,48.8,88.1,61.9,48.7,45.2,360.0
2022-01-28 09:00:00,-1.2,48.1,86.8,62.2,48.6,45.6,340.0
2022-01-28 10:00:00,0.8,47.1,85.8,57.1,47.6,44.8,290.0
2022-01-28 11:00:00,1.9,46.6,83.3,53.7,46.9,43.8,250.0
2022-01-28 12:00:00,2.7,46.1,82.9,53.2,46.8,43.4,240.0
2022-01-28 13:00:00,2.9,46.0,82.0,52.9,46.5,43.4,240.0
2022-01-28 14:00:00,3.5,45.8,81.7,52.3,46.5,43.3,240.0
2022-01-28 15:00:00,3.3,47.4,81.2,55.5,47.1,43.8,270.0
2022-01-28 16:00:00,3.0,47.5,82.0,56.5,47.3,44.3,270.0
2022-01-28 17:00:00,2.6,47.7,83.7,57.0,47.3,44.2,270.0
2022-01-28 18:00:00,2.1,47.8,85.1,57.9,47.6,44.6,290.0
2022-01-28 19:00:00,2.1,47.9,85.0,58.5,47.7,44.6,290.0
2022-01-28 20:00:00,1.4,48.1,85.4,59.2,47.7,44.7,290.0
2022-01-28 21:00:00,1.5,48.0,85.8,59.1,47.7,44.8,290.0
2022-01-28 22:00:00,1.8,47.9,86.1,59.1,47.7,44.7,290.0
2022-01-28 23:00:00,2.2,47.8,46.6,56.1,40.8,38.7,0.0
2022-01-29 00:00:00,2.3,47.8,42.7,54.0,34.6,35.2,0.0
2022-01-29 01:00:00,2.3,47.8,40.0,52.1,32.7,30.4,0.0
2022-01-29 02:00:00,2.8,47.7,37.9,46.3,32.7,27.9,0.0
2022-01-29 03:00:00,2.9,47.6,33.8,40.2,30.3,26.6,0.0
2022-01-29 04:00:00,3.0,47.6,32.5,38.4,29.3,25.5,0.0
2022-01-29 05:00:00,2.9,47.6,31.7,37.0,28.7,24.9,0.0
2022-01-29 06:00:00,2.9,47.6,59.7,42.6,41.9,34.0,160.0
2022-01-29 07:00:00,2.7,46.1,86.3,49.0,47.0,44.4,320.0
2022-01-29 08:00:00,2.7,46.1,83.3,45.3,45.5,40.6,150.0
2022-01-29 09:00:00,3.2,45.1,84.0,45.4,45.6,41.2,190.0
2022-01-29 10:00:00,3.2,45.0,82.7,44.1,45.0,39.5,170.0
2022-01-29 11:00:00,3.3,45.1,83.5,43.9,44.8,40.0,170.0
2022-01-29 12:00:00,3.4,44.9,83.5,43.7,44.5,39.7,170.0
2022-01-29 13:00:00,3.4,44.9,83.3,43.4,45.3,39.9,170.0
2022-01-29 14:00:00,3.3,45.0,82.2,43.4,44.5,39.4,160.0
2022-01-29 15:00:00,3.4,44.9,83.0,44.1,44.6,40.2,170.0
2022-01-29 16:00:00,2.9,45.3,83.3,44.2,44.8,40.3,170.0
2022-01-29 17:00:00,1.9,45.9,85.0,45.3,45.5,40.5,180.0
2022-01-29 18:00:00,0.9,46.5,85.7,46.5,45.9,41.4,200.0
2022-01-29 19:00:00,0.3,46.7,88.3,48.2,46.6,42.3,210.0
2022-01-29 20:00:00,0.3,46.9,88.2,49.0,46.8,42.8,220.0
2022-01-29 21:00:00,-0.3,47.2,88.0,49.2,46.8,43.2,220.0
2022-01-29 22:00:00,-0.5,48.7,88.1,49.8,46.7,43.4,210.0
2022-01-29 23:00:00,-1.0,48.8,42.0,48.4,38.7,35.6,0.0
2022-01-30 00:00:00,-1.5,49.0,38.2,46.1,34.1,33.5,0.0
2022-01-30 01:00:00,-2.1,49.1,35.6,43.0,31.8,28.4,0.0
2022-01-30 02:00:00,-2.1,49.1,34.0,39.7,30.9,26.8,0.0
2022-01-30 03:00:00,-1.5,49.0,33.4,39.3,30.5,25.7,0.0
2022-01-30 04:00:00,-1.5,48.9,32.7,38.6,29.7,24.8,0.0
2022-01-30 05:00:00,-1.2,48.8,32.0,37.8,29.2,24.2,0.0
2022-01-30 06:00:00,-1.0,48.8,89.0,48.8,46.3,30.6,150.0
2022-01-30 07:00:00,-1.0,48.7,89.7,58.0,49.6,45.6,400.0
2022-01-30 08:00:00,-0.7,48.6,88.4,56.7,49.1,45.6,290.0
2022-01-30 09:00:00,0.3,48.3,86.5,56.3,48.8,45.1,280.0
2022-01-30 10:00:00,0.8,48.2,86.3,55.9,48.7,45.1,270.0
2022-01-30 11:00:00,2.7,45.5,84.1,45.9,45.5,43.4,200.0
2022-01-30 12:00:00,3.4,44.9,83.6,44.2,45.0,39.7,150.0
2022-01-30 13:00:00,2.6,45.4,83.6,46.1,45.6,41.0,200.0
2022-01-30 14:00:00,3.9,44.6,81.6,44.7,45.0,40.8,180.0
2022-01-30 15:00:00,3.8,44.6,82.4,43.5,44.5,39.9,160.0
2022-01-30 16:00:00,4.1,44.5,80.5,43.6,44.5,39.9,170.0
2022-01-30 17:00:00,3.8,44.7,83.4,43.3,44.4,39.6,160.0
2022-01-30 18:00:00,3.5,44.9,83.2,43.6,44.6,40.0,170.0
2022-01-30 19:00:00,3.1,45.2,84.5,44.0,44.7,40.1,170.0
2022-01-30 20:00:00,2.6,45.5,84.6,44.5,44.9,40.4,170.0
2022-01-30 21:00:00,2.6,45.5,85.0,44.8,45.1,40.7,180.0
2022-01-30 22:00:00,2.0,45.9,84.1,44.9,44.2,40.8,170.0
2022-01-30 23:00:00,1.6,46.1,38.6,42.9,36.3,34.0,0.0
2022-01-31 00:00:00,1.4,46.1,35.2,41.4,31.9,31.5,0.0
2022-01-31 01:00:00,2.9,45.2,33.4,40.1,30.1,26.9,0.0
2022-01-31 02:00:00,2.3,45.5,33.2,39.7,29.9,25.6,0.0
2022-01-31 03:00:00,2.1,45.8,32.6,39.4,29.0,24.8,0.0
2022-01-31 04:00:00,2.2,45.6,32.1,38.7,28.6,24.2,0.0
2022-01-31 05:00:00,2.5,45.5,35.9,38.1,34.6,23.8,0.0
2022-01-31 06:00:00,2.2,45.6,84.8,38.8,39.4,25.2,50.0
2022-01-31 07:00:00,1.3,46.2,85.2,53.8,48.2,42.9,360.0
2022-01-31 08:00:00,1.2,46.2,86.5,48.5,46.6,44.0,250.0
2022-01-31 09:00:00,2.3,45.5,84.5,44.5,44.9,40.7,160.0
2022-01-31 10:00:00,3.6,44.9,82.4,44.0,44.6,40.0,170.0
2022-01-31 11:00:00,4.5,44.3,79.8,43.0,43.9,39.3,170.0
2022-01-31 12:00:00,4.9,44.0,79.5,42.5,43.7,38.7,150.0
2022-01-31 13:00:00,5.5,43.7,78.6,42.2,43.3,38.7,160.0
2022-01-31 14:00:00,5.8,43.6,77.4,41.9,43.2,38.5,150.0
2022-01-31 15:00:00,6.1,43.4,77.6,41.8,43.1,38.3,150.0
2022-01-31 16:00:00,5.9,44.6,78.1,42.8,43.6,38.2,150.0
2022-01-31 17:00:00,5.3,44.7,80.6,45.4,45.1,40.3,200.0
2022-01-31 18:00:00,5.1,44.8,80.7,46.3,45.5,41.3,190.0
2022-01-31 19:00:00,4.9,45.1,80.4,46.6,45.5,41.5,200.0
2022-01-31 20:00:00,4.6,45.2,81.8,46.9,45.6,41.8,200.0
2022-01-31 21:00:00,4.6,45.2,78.3,45.9,45.1,41.2,180.0
2022-01-31 22:00:00,4.6,45.2,78.3,45.2,44.8,40.9,180.0
2022-01-31 23:00:00,4.3,45.4,39.0,43.2,36.0,34.1,0.0
2022-02-01 00:00:00,4.1,45.3,35.6,41.8,31.5,31.6,0.0
2022-02-01 01:00:00,4.1,45.4,32.7,40.5,28.9,27.3,0.0
2022-02-01 02:00:00,4.2,45.4,32.7,39.1,29.7,26.2,0.0
2022-02-01 03:00:00,4.0,45.4,32.2,38.7,29.3,25.0,0.0
2022-02-01 04:00:00,3.7,45.5,32.0,38.5,28.8,24.3,0.0
2022-02-01 05:00:00,3.2,46.0,35.9,38.2,33.3,23.7,0.0
2022-02-01 06:00:00,2.6,46.1,78.0,40.9,40.4,29.0,110.0
2022-02-01 07:00:00,2.5,46.3,84.0,53.8,48.1,42.8,320.0
2022-02-01 08:00:00,2.5,45.6,83.2,46.6,45.8,43.5,230.0
2022-02-01 09:00:00,2.4,44.9,84.8,44.9,45.1,41.4,190.0
2022-02-01 10:00:00,2.9,44.8,84.8,43.2,44.2,39.5,150.0
2022-02-01 11:00:00,3.3,44.6,84.1,43.4,44.3,39.4,170.0
2022-02-01 12:00:00,3.6,44.3,83.3,43.2,44.1,39.3,160.0
2022-02-01 13:00:00,3.8,44.4,83.3,43.0,44.1,39.3,170.0
2022-02-01 14:00:00,3.6,44.5,83.3,43.0,44.1,39.3,170.0
2022-02-01 15:00:00,3.3,44.5,83.3,43.1,44.1,39.2,160.0
2022-02-01 16:00:00,3.0,44.7,84.1,44.0,44.5,39.9,180.0
2022-02-01 17:00:00,2.6,44.8,84.1,44.2,44.4,40.1,170.0
2022-02-01 18:00:00,2.5,44.9,85.2,44.5,44.5,40.2,180.0
2022-02-01 19:00:00,2.5,44.8,83.8,44.6,44.7,40.3,180.0
2022-02-01 20:00:00,2.4,45.0,85.2,44.7,44.8,40.3,180.0
2022-02-01 21:00:00,2.6,44.9,84.4,45.0,45.0,40.6,180.0
2022-02-01 22:00:00,2.3,44.9,84.8,44.8,44.9,40.7,180.0
2022-02-01 23:00:00,2.5,44.8,38.4,42.9,36.2,33.9,0.0
2022-02-02 00:00:00,2.4,44.9,35.5,41.4,32.0,32.0,0.0
2022-02-02 01:00:00,2.5,44.8,33.0,40.1,29.7,26.9,0.0
2022-02-02 02:00:00,2.5,44.8,33.5,40.5,30.3,25.5,0.0
2022-02-02 03:00:00,2.6,44.9,33.1,40.3,29.7,24.3,0.0
2022-02-02 04:00:00,2.5,44.8,32.6,39.8,29.2,24.0,0.0
2022-02-02 05:00:00,2.1,45.1,37.3,40.9,36.2,23.8,0.0
2022-02-02 06:00:00,1.5,45.3,63.0,42.5,42.5,34.4,180.0
2022-02-02 07:00:00,1.5,45.4,85.6,53.3,47.7,42.9,280.0
2022-02-02 08:00:00,1.2,45.4,86.1,44.8,44.6,41.4,190.0
2022-02-02 09:00:00,2.1,45.0,85.2,44.6,44.8,40.4,180.0
2022-02-02 10:00:00,3.0,46.2,85.0,50.9,46.7,42.3,240.0
2022-02-02 11:00:00,4.3,45.5,82.0,49.2,46.1,42.4,230.0
2022-02-02 12:00:00,5.1,45.0,79.7,46.9,45.3,41.6,200.0
2022-02-02 13:00:00,5.5,44.9,78.7,45.9,44.8,41.1,190.0
2022-02-02 14:00:00,5.3,44.9,80.3,45.9,44.9,40.7,190.0
2022-02-02 15:00:00,5.0,45.2,80.6,46.4,45.0,41.0,200.0
2022-02-02 16:00:00,4.9,45.2,81.1,46.7,45.1,41.3,190.0
2022-02-02 17:00:00,4.7,45.3,78.8,46.4,45.0,41.2,200.0
2022-02-02 18:00:00,4.3,45.4,78.7,45.8,44.8,41.1,180.0
2022-02-02 19:00:00,4.3,45.6,80.5,46.9,45.6,41.4,200.0
2022-02-02 20:00:00,3.4,46.0,80.1,47.4,45.7,41.8,200.0
2022-02-02 21:00:00,3.5,46.0,81.6,47.7,45.9,41.9,200.0
2022-02-02 22:00:00,3.3,46.1,83.5,48.4,46.0,42.3,210.0
2022-02-02 23:00:00,3.0,46.2,40.1,46.3,36.9,34.5,0.0
2022-02-03 00:00:00,2.8,46.3,37.1,44.6,32.6,31.6,0.0
2022-02-03 01:00:00,3.0,46.2,34.6,42.9,28.3,27.3,0.0
2022-02-03 02:00:00,3.3,46.1,33.5,39.6,30.2,26.1,0.0
2022-02-03 03:00:00,3.2,46.1,32.7,38.8,29.7,24.9,0.0
2022-02-03 04:00:00,3.3,46.0,32.3,38.4,29.1,24.2,0.0
2022-02-03 05:00:00,3.0,46.3,32.0,38.0,28.9,24.0,0.0
2022-02-03 06:00:00,3.2,46.1,80.8,38.3,38.6,25.2,70.0
2022-02-03 07:00:00,3.5,46.0,81.5,56.1,48.0,43.2,370.0
2022-02-03 08:00:00,3.6,46.0,80.8,48.3,46.0,42.2,200.0
2022-02-03 09:00:00,3.8,48.1,84.0,53.6,46.7,41.7,220.0
2022-02-03 10:00:00,3.8,48.1,84.4,60.5,48.3,44.8,350.0
2022-02-03 11:00:00,4.3,47.6,84.5,60.9,48.2,45.1,310.0
2022-02-03 12:00:00,4.6,47.5,83.3,59.3,48.0,45.0,300.0
2022-02-03 13:00:00,4.2,47.8,83.2,58.9,47.9,44.8,290.0
2022-02-03 14:00:00,4.5,47.6,83.6,58.5,47.8,44.7,290.0
2022-02-03 15:00:00,4.0,47.8,84.0,59.0,47.7,44.6,290.0
2022-02-03 16:00:00,4.3,45.7,83.9,57.3,47.5,44.7,290.0
2022-02-03 17:00:00,4.0,45.9,80.9,50.3,44.9,41.8,180.0
2022-02-03 18:00:00,2.9,46.9,82.8,56.8,46.2,43.1,280.0
2022-02-03 19:00:00,2.0,47.1,90.3,61.0,47.1,44.0,300.0
2022-02-03 20:00:00,1.1,47.6,84.6,60.6,46.9,44.1,310.0
2022-02-03 21:00:00,0.5,48.0,85.3,61.9,47.2,44.3,320.0
2022-02-03 22:00:00,0.4,46.3,84.1,59.4,46.4,44.1,300.0
2022-02-03 23:00:00,-0.2,46.5,47.7,57.6,40.7,38.7,0.0
2022-02-04 00:00:00,-0.5,46.7,42.2,54.9,32.8,34.1,0.0
2022-02-04 01:00:00,-1.0,46.8,38.2,52.7,30.2,29.4,0.0
2022-02-04 02:00:00,-1.0,46.8,36.1,49.4,27.0,27.0,0.0
2022-02-04 03:00:00,-1.0,46.8,34.4,42.4,26.8,25.6,0.0
2022-02-04 04:00:00,-1.0,46.8,36.5,25.3,34.4,24.8,0.0
2022-02-04 05:00:00,-1.0,46.8,45.7,37.6,39.2,24.2,0.0
2022-02-04 06:00:00,-1.5,47.0,78.1,41.6,42.4,29.8,120.0
2022-02-04 07:00:00,-1.8,46.7,80.1,48.7,49.7,43.1,290.0
2022-02-04 08:00:00,-0.8,46.3,87.2,43.9,46.4,40.0,140.0
2022-02-04 09:00:00,0.0,46.0,84.2,43.8,46.1,40.1,180.0
2022-02-04 10:00:00,1.3,45.5,82.6,43.5,45.7,39.9,170.0
2022-02-04 11:00:00,2.8,46.4,81.0,48.2,44.4,39.7,180.0
2022-02-04 12:00:00,4.5,46.1,77.3,56.6,46.0,42.9,310.0
2022-02-04 13:00:00,5.7,45.4,78.3,56.6,45.9,42.9,270.0
2022-02-04 14:00:00,7.0,44.6,73.4,53.4,45.2,42.6,230.0
2022-02-04 15:00:00,7.8,44.2,72.7,51.0,44.6,41.9,210.0
2022-02-04 16:00:00,7.5,44.4,73.2,50.7,44.6,41.7,210.0
2022-02-04 17:00:00,6.4,45.1,75.8,51.3,44.9,41.6,220.0
2022-02-04 18:00:00,4.5,44.2,79.5,50.1,44.5,42.0,220.0
2022-02-04 19:00:00,3.8,44.4,80.8,49.8,44.6,41.8,200.0
2022-02-04 20:00:00,2.8,44.9,81.2,50.1,44.6,41.7,220.0
2022-02-04 21:00:00,1.9,45.2,84.5,50.8,44.7,41.9,220.0
2022-02-04 22:00:00,1.3,45.4,85.2,51.5,44.9,42.1,230.0
2022-02-04 23:00:00,1.0,45.6,43.5,49.7,37.8,37.1,70.0
2022-02-05 00:00:00,0.5,45.8,39.5,47.9,35.2,34.7,0.0
2022-02-05 01:00:00,0.0,46.0,36.4,46.1,31.6,28.9,0.0
2022-02-05 02:00:00,-0.2,46.1,34.4,40.0,31.0,27.0,0.0
2022-02-05 03:00:00,-0.3,46.2,32.6,38.0,29.7,26.0,0.0
2022-02-05 04:00:00,-0.1,46.1,32.3,37.5,29.3,25.3,0.0
2022-02-05 05:00:00,-0.6,46.2,31.7,36.8,28.7,24.6,0.0
2022-02-05 06:00:00,-0.7,46.2,88.1,53.8,45.2,37.8,240.0
2022-02-05 07:00:00,-0.9,46.4,88.5,62.2,46.7,43.7,380.0
2022-02-05 08:00:00,-0.2,46.0,86.0,62.1,46.5,43.5,330.0
2022-02-05 09:00:00,2.2,45.0,81.4,56.7,45.6,43.1,280.0
2022-02-05 10:00:00,3.3,44.6,80.3,54.6,45.0,42.4,240.0
2022-02-05 11:00:00,4.1,44.3,80.3,53.5,44.8,42.1,250.0
2022-02-05 12:00:00,5.0,44.0,79.3,52.6,44.5,42.0,230.0
2022-02-05 13:00:00,6.1,43.6,76.8,49.9,44.1,41.3,210.0
2022-02-05 14:00:00,7.0,43.1,77.9,49.1,43.7,40.9,200.0
2022-02-05 15:00:00,6.7,43.1,77.8,49.0,43.7,41.0,210.0
2022-02-05 16:00:00,6.3,43.3,79.5,49.1,43.9,41.1,210.0
2022-02-05 17:00:00,6.1,43.6,80.6,49.2,43.9,41.2,200.0
2022-02-05 18:00:00,6.0,43.6,79.9,49.4,43.9,41.2,220.0
2022-02-05 19:00:00,5.7,43.7,80.6,49.2,43.9,41.1,200.0
2022-02-05 20:00:00,5.2,43.8,79.9,49.7,43.9,41.2,220.0
2022-02-05 21:00:00,5.1,44.0,82.0,49.3,43.7,41.2,210.0
2022-02-05 22:00:00,5.0,44.0,41.6,47.5,38.0,36.2,40.0
2022-02-05 23:00:00,4.7,44.1,38.5,45.9,34.4,33.8,0.0
2022-02-06 00:00:00,4.2,44.3,34.8,44.2,29.8,28.5,0.0
2022-02-06 01:00:00,3.4,44.5,34.2,40.3,30.4,27.0,0.0
2022-02-06 02:00:00,3.3,44.7,32.6,38.0,29.8,25.8,0.0
2022-02-06 03:00:00,2.4,45.1,32.3,37.7,29.4,25.2,0.0
2022-02-06 04:00:00,1.6,45.4,31.8,37.0,28.9,24.9,0.0
2022-02-06 05:00:00,1.2,45.5,31.3,36.3,28.4,24.5,0.0
2022-02-06 06:00:00,0.5,45.8,31.4,30.5,30.5,24.1,0.0
2022-02-06 07:00:00,0.0,46.0,89.1,60.0,46.2,42.5,440.0
2022-02-06 08:00:00,0.7,45.6,86.6,60.8,46.4,43.5,340.0
2022-02-06 09:00:00,2.1,45.2,85.4,58.7,45.7,43.0,300.0
2022-02-06 10:00:00,3.0,44.8,83.7,56.2,45.2,42.3,270.0
2022-02-06 11:00:00,4.6,44.2,81.4,53.5,44.6,41.9,240.0
2022-02-06 12:00:00,6.0,43.6,78.6,50.9,44.2,41.7,230.0
2022-02-06 13:00:00,6.8,45.4,75.1,48.8,43.7,40.9,190.0
2022-02-06 14:00:00,7.7,45.0,73.2,54.1,44.7,41.8,250.0
2022-02-06 15:00:00,8.0,44.5,72.0,54.1,44.5,41.9,250.0
2022-02-06 16:00:00,8.3,44.3,71.6,53.5,44.3,41.6,220.0
2022-02-06 17:00:00,7.4,45.0,75.6,54.8,44.3,41.3,230.0
2022-02-06 18:00:00,5.2,47.0,81.0,58.4,45.2,42.3,290.0
2022-02-06 19:00:00,4.2,47.5,82.3,60.0,45.3,42.7,300.0
2022-02-06 20:00:00,3.6,47.1,82.3,60.7,45.6,42.7,300.0
2022-02-06 21:00:00,3.3,47.6,83.2,61.7,45.7,43.2,300.0
2022-02-06 22:00:00,3.2,47.7,81.2,60.3,43.9,43.0,270.0
2022-02-06 23:00:00,3.5,47.3,47.7,58.4,40.4,38.7,0.0
2022-02-07 00:00:00,4.1,46.9,43.2,56.1,33.0,33.5,0.0
2022-02-07 01:00:00,3.4,47.5,39.5,52.6,29.2,30.1,0.0
2022-02-07 02:00:00,3.9,46.9,36.0,48.8,27.5,28.4,0.0
2022-02-07 03:00:00,4.6,46.4,33.7,42.8,26.3,27.2,0.0
2022-02-07 04:00:00,4.4,46.4,37.4,30.0,33.9,26.1,0.0
2022-02-07 05:00:00,4.4,46.7,51.0,27.6,25.2,24.9,0.0
2022-02-07 06:00:00,4.4,46.4,82.7,37.0,38.8,24.8,0.0
2022-02-07 07:00:00,5.1,45.8,84.4,56.4,45.7,41.7,370.0
2022-02-07 08:00:00,7.1,44.7,81.2,54.4,45.2,42.8,280.0
2022-02-07 09:00:00,8.2,43.9,78.4,51.8,44.5,41.7,210.0
2022-02-07 10:00:00,8.6,43.5,79.9,50.6,44.0,41.6,220.0
2022-02-07 11:00:00,9.0,43.3,79.5,48.7,43.8,41.4,190.0
2022-02-07 12:00:00,9.3,43.1,79.7,47.5,43.4,40.9,180.0
2022-02-07 13:00:00,8.8,43.4,79.8,47.4,43.3,40.7,190.0
2022-02-07 14:00:00,8.7,43.5,80.7,47.4,43.4,40.8,180.0
2022-02-07 15:00:00,3.6,47.0,81.6,51.3,44.4,40.7,130.0
2022-02-07 16:00:00,3.7,47.0,87.9,63.3,46.4,43.6,480.0
2022-02-07 17:00:00,3.9,45.3,87.5,62.1,46.1,43.5,310.0
2022-02-07 18:00:00,3.7,45.5,87.4,58.0,45.3,42.9,270.0
2022-02-07 19:00:00,3.7,45.3,86.6,57.6,45.2,42.6,260.0
2022-02-07 20:00:00,4.1,44.7,87.1,57.5,45.1,42.6,270.0
2022-02-07 21:00:00,4.4,44.5,86.4,57.2,45.2,42.7,260.0
2022-02-07 22:00:00,4.1,44.8,84.4,56.4,45.0,42.2,270.0
2022-02-07 23:00:00,4.1,44.9,45.5,53.9,40.0,38.1,0.0
2022-02-08 00:00:00,3.9,45.1,41.2,51.8,34.2,33.6,0.0
2022-02-08 01:00:00,3.4,45.6,39.1,49.0,33.3,30.4,0.0
2022-02-08 02:00:00,3.0,46.3,35.7,40.9,32.0,28.1,0.0
2022-02-08 03:00:00,3.2,46.2,33.6,38.4,30.9,27.2,0.0
2022-02-08 04:00:00,2.7,46.6,32.9,37.3,30.4,26.7,0.0
2022-02-08 05:00:00,2.4,46.7,56.7,49.0,32.7,26.0,0.0
2022-02-08 06:00:00,1.8,47.4,72.9,56.3,45.5,43.0,410.0
2022-02-08 07:00:00,1.7,47.6,86.1,58.4,46.2,42.7,260.0
2022-02-08 08:00:00,1.9,47.5,90.7,64.2,46.9,44.0,360.0
2022-02-08 09:00:00,2.5,43.9,87.3,48.1,43.7,42.1,200.0
2022-02-08 10:00:00,3.2,43.4,86.9,44.4,42.9,39.7,140.0
2022-02-08 11:00:00,3.7,42.9,86.4,44.8,43.0,39.8,170.0
2022-02-08 12:00:00,4.8,42.1,84.8,43.2,42.4,39.3,150.0
2022-02-08 13:00:00,5.2,41.9,84.0,41.4,41.6,38.2,130.0
2022-02-08 14:00:00,5.6,41.8,83.8,41.2,41.5,38.3,50.0
2022-02-08 15:00:00,5.2,44.9,85.2,48.7,44.0,39.0,260.0
2022-02-08 16:00:00,5.5,44.7,85.4,54.4,45.5,42.4,290.0
2022-02-08 17:00:00,4.7,41.0,80.6,44.8,41.3,41.0,160.0
2022-02-08 18:00:00,4.2,41.6,85.9,41.3,41.7,37.8,100.0
2022-02-08 19:00:00,3.5,42.1,85.8,43.5,42.6,39.2,160.0
2022-02-08 20:00:00,3.1,42.6,83.8,44.2,42.7,39.8,170.0
2022-02-08 21:00:00,2.7,43.1,84.0,43.9,42.6,39.7,160.0
2022-02-08 22:00:00,2.1,43.7,43.4,43.4,35.4,34.8,50.0
2022-02-08 23:00:00,1.6,43.8,36.4,41.5,33.4,33.0,0.0
2022-02-09 00:00:00,1.9,43.7,33.3,40.1,29.2,28.5,0.0
2022-02-09 01:00:00,2.6,43.0,32.6,38.7,27.6,27.2,0.0
2022-02-09 02:00:00,2.4,43.1,31.7,37.1,27.7,26.9,0.0
2022-02-09 03:00:00,2.7,43.1,31.2,25.9,30.5,25.6,0.0
2022-02-09 04:00:00,3.5,42.3,41.5,24.1,29.1,24.4,0.0
2022-02-09 05:00:00,3.7,42.0,39.5,24.0,23.9,24.5,0.0
2022-02-09 06:00:00,3.8,42.0,47.7,30.5,31.4,23.8,0.0
2022-02-09 07:00:00,4.1,41.9,68.3,47.3,43.6,39.4,290.0
2022-02-09 08:00:00,5.0,41.0,82.0,41.1,41.6,38.9,160.0
2022-02-09 09:00:00,5.6,40.9,79.8,39.0,40.3,36.3,110.0
2022-02-09 10:00:00,6.1,40.8,79.2,39.4,40.7,36.6,130.0
2022-02-09 11:00:00,6.5,40.8,79.0,39.4,40.4,36.5,140.0
2022-02-09 12:00:00,6.9,40.7,78.0,39.3,40.3,36.3,120.0
2022-02-09 13:00:00,6.5,40.8,78.0,39.1,40.1,36.5,130.0
2022-02-09 14:00:00,6.3,40.8,80.0,39.3,40.3,36.5,130.0
2022-02-09 15:00:00,6.7,40.8,79.0,39.4,40.4,36.5,130.0
2022-02-09 16:00:00,6.6,40.8,79.2,39.4,40.5,36.8,120.0
2022-02-09 17:00:00,6.4,42.6,78.2,39.3,40.2,36.8,130.0
2022-02-09 18:00:00,6.1,42.6,80.0,44.0,42.5,38.2,100.0
2022-02-09 19:00:00,5.3,42.1,80.32,43.02,41.62,38.28,212.5
2022-02-09 20:00:00,4.5,41.6,80.65,42.05,40.75,38.35,212.5
2022-02-09 21:00:00,3.7,41.1,80.97,41.08,39.88,38.42,212.5
2022-02-09 22:00:00,2.9,40.6,81.3,40.1,39.0,38.5,212.5
2022-02-09 23:00:00,2.8,40.6,38.5,39.5,35.1,33.7,0.0
2022-02-10 00:00:00,1.9,40.9,33.9,39.6,30.5,29.6,0.0
2022-02-10 01:00:00,1.5,41.1,32.7,39.6,29.4,27.2,0.0
2022-02-10 02:00:00,1.2,41.1,32.8,39.0,30.1,25.8,0.0
2022-02-10 03:00:00,0.7,41.2,32.3,38.5,29.5,25.0,0.0
2022-02-10 04:00:00,0.8,41.2,31.3,37.9,26.9,24.4,0.0
2022-02-10 05:00:00,0.3,41.4,30.4,24.7,29.4,24.1,0.0
2022-02-10 06:00:00,0.1,48.9,41.9,38.8,36.0,24.3,0.0
2022-02-10 07:00:00,-0.1,49.0,86.6,54.0,44.9,41.0,360.0
2022-02-10 08:00:00,0.5,48.6,87.6,62.1,46.2,43.0,360.0
2022-02-10 09:00:00,1.8,44.6,86.0,57.4,45.2,42.7,300.0
2022-02-10 10:00:00,3.2,43.5,83.1,53.2,44.6,42.0,240.0
2022-02-10 11:00:00,4.8,42.1,80.2,44.8,42.4,40.1,150.0
2022-02-10 12:00:00,6.0,43.5,78.6,43.8,42.1,38.7,150.0
2022-02-10 13:00:00,7.6,42.8,72.9,47.7,42.8,40.3,210.0
2022-02-10 14:00:00,9.2,41.0,70.5,46.2,42.4,40.0,170.0
2022-02-10 15:00:00,10.1,40.8,63.8,41.0,38.1,37.5,100.0
2022-02-10 16:00:00,10.7,40.7,36.7,39.7,34.8,33.8,0.0
2022-02-10 17:00:00,9.3,41.0,51.4,36.6,36.6,31.2,60.0
2022-02-10 18:00:00,6.7,41.6,75.2,46.5,43.1,40.5,240.0
2022-02-10 19:00:00,5.8,41.8,75.8,41.4,41.2,37.9,110.0
2022-02-10 20:00:00,4.8,42.0,76.9,42.4,41.6,38.4,160.0
2022-02-10 21:00:00,5.0,41.9,77.7,43.0,41.8,38.7,150.0
2022-02-10 22:00:00,4.9,42.2,77.1,43.1,41.7,38.9,160.0
2022-02-10 23:00:00,3.7,43.1,38.2,41.3,35.8,33.9,0.0
2022-02-11 00:00:00,3.0,43.6,34.4,39.9,30.8,30.3,0.0
2022-02-11 01:00:00,2.5,44.0,32.4,38.6,29.4,26.9,0.0
2022-02-11 02:00:00,2.2,44.3,31.8,36.3,29.0,27.0,0.0
2022-02-11 03:00:00,1.6,44.7,31.3,36.0,28.8,25.2,0.0
2022-02-11 04:00:00,1.0,45.1,30.9,35.7,28.1,24.5,0.0
2022-02-11 05:00:00,1.0,45.1,71.2,39.0,38.1,25.1,60.0
2022-02-11 06:00:00,1.0,44.1,80.9,49.4,44.7,42.3,340.0
2022-02-11 07:00:00,0.7,44.4,85.1,48.9,44.7,40.8,180.0
2022-02-11 08:00:00,1.4,43.8,84.8,48.7,44.4,41.7,240.0
2022-02-11 09:00:00,3.0,42.2,81.1,43.7,42.6,39.8,150.0
2022-02-11 10:00:00,4.8,40.8,78.1,41.0,41.4,38.3,140.0
2022-02-11 11:00:00,6.3,40.4,75.8,38.8,40.0,36.8,110.0
2022-02-11 12:00:00,8.1,40.3,72.7,38.6,39.9,36.0,120.0
2022-02-11 13:00:00,9.1,40.2,69.7,38.6,39.6,36.1,110.0
2022-02-11 14:00:00,10.0,40.2,36.7,37.6,35.8,34.3,50.0
2022-02-11 15:00:00,10.8,40.1,33.3,36.3,30.5,31.5,0.0
2022-02-11 16:00:00,11.1,40.1,30.5,35.3,27.9,27.7,0.0
2022-02-11 17:00:00,10.2,40.2,30.7,35.0,28.0,26.4,0.0
2022-02-11 18:00:00,7.3,40.3,78.8,43.5,42.5,37.4,210.0
2022-02-11 19:00:00,6.0,40.4,76.6,38.5,39.9,35.9,100.0
2022-02-11 20:00:00,5.3,40.4,77.4,39.0,40.2,36.3,130.0
2022-02-11 21:00:00,4.7,40.6,79.5,39.5,40.6,36.7,130.0
2022-02-11 22:00:00,4.6,40.7,45.7,38.6,35.2,33.8,50.0
2022-02-11 23:00:00,4.4,40.8,33.8,37.2,31.2,31.4,0.0
2022-02-12 00:00:00,4.0,41.3,30.7,36.0,28.1,26.6,0.0
2022-02-12 01:00:00,3.6,41.8,31.9,37.4,29.8,26.3,0.0
2022-02-12 02:00:00,5.7,40.4,32.6,38.8,30.0,24.8,0.0
2022-02-12 03:00:00,6.4,40.4,32.1,38.5,29.0,24.0,0.0
2022-02-12 04:00:00,6.0,40.4,31.6,37.8,28.8,23.8,0.0
2022-02-12 05:00:00,6.1,40.4,30.8,36.9,27.7,23.7,0.0
2022-02-12 06:00:00,5.7,40.4,29.5,32.4,25.7,23.4,0.0
2022-02-12 07:00:00,5.7,40.4,80.8,43.8,42.3,37.9,250.0
2022-02-12 08:00:00,5.6,40.4,79.7,38.5,39.7,35.8,110.0
2022-02-12 09:00:00,6.2,40.4,79.0,39.0,40.1,36.0,130.0
2022-02-12 10:00:00,6.5,40.4,78.8,39.2,40.1,36.1,130.0
2022-02-12 11:00:00,6.9,40.3,78.1,39.1,39.8,36.2,130.0
2022-02-12 12:00:00,7.3,40.3,77.1,38.8,39.8,35.9,130.0
2022-02-12 13:00:00,8.1,40.3,76.2,39.0,39.8,36.0,130.0
2022-02-12 14:00:00,8.0,44.7,77.3,55.3,44.4,41.2,300.0
2022-02-12 15:00:00,8.3,43.2,77.6,51.8,43.9,41.4,250.0
2022-02-12 16:00:00,7.9,43.3,78.6,50.6,43.7,40.7,210.0
2022-02-12 17:00:00,7.3,43.4,79.0,50.3,43.6,40.7,220.0
2022-02-12 18:00:00,6.7,43.6,79.9,50.8,43.6,40.7,230.0
2022-02-12 19:00:00,6.2,44.6,79.8,53.5,44.2,41.3,240.0
2022-02-12 20:00:00,5.9,44.7,80.4,54.3,44.1,41.6,250.0
2022-02-12 21:00:00,5.4,44.8,79.8,54.4,44.1,41.5,250.0
2022-02-12 22:00:00,5.8,44.7,79.2,52.5,42.4,41.5,230.0
2022-02-12 23:00:00,5.3,44.9,43.3,51.6,38.6,36.6,0.0
2022-02-13 00:00:00,5.2,44.9,39.6,49.7,32.1,32.1,0.0
2022-02-13 01:00:00,4.8,45.2,36.5,47.9,30.4,28.1,0.0
2022-02-13 02:00:00,4.6,45.3,35.9,44.3,30.4,26.6,0.0
2022-02-13 03:00:00,4.2,45.5,32.8,39.1,29.0,25.5,0.0
2022-02-13 04:00:00,4.8,45.2,31.8,38.1,28.7,24.9,0.0
2022-02-13 05:00:00,4.7,45.3,31.5,37.3,28.3,24.4,0.0
2022-02-13 06:00:00,5.9,47.4,66.1,35.6,35.8,23.7,0.0
2022-02-13 07:00:00,6.0,47.3,81.1,57.4,45.7,42.6,410.0
2022-02-13 08:00:00,6.0,45.5,80.5,58.7,46.0,43.0,300.0
2022-02-13 09:00:00,5.9,45.5,81.0,58.8,45.8,42.9,290.0
2022-02-13 10:00:00,6.4,45.4,79.2,58.2,45.5,42.6,290.0
2022-02-13 11:00:00,7.2,43.4,79.0,55.4,45.0,42.7,270.0
2022-02-13 12:00:00,7.4,43.4,77.8,47.3,43.3,40.8,160.0
2022-02-13 13:00:00,8.3,42.6,75.0,45.5,42.6,40.1,170.0
2022-02-13 14:00:00,7.8,42.7,77.5,45.1,42.6,39.7,170.0
2022-02-13 15:00:00,7.8,42.6,77.3,45.3,42.6,39.8,180.0
2022-02-13 16:00:00,7.2,42.7,78.0,45.1,42.7,39.7,170.0
2022-02-13 17:00:00,6.7,42.8,76.5,45.2,42.5,39.6,170.0
2022-02-13 18:00:00,6.1,42.8,79.9,44.5,42.4,39.4,160.0
2022-02-13 19:00:00,6.1,42.8,80.3,45.5,42.9,40.0,180.0
2022-02-13 20:00:00,6.5,42.8,80.2,45.7,42.8,40.0,180.0
2022-02-13 21:00:00,6.1,42.8,79.5,46.1,43.0,40.2,180.0
2022-02-13 22:00:00,6.2,42.8,79.4,46.3,41.7,40.1,180.0
2022-02-13 23:00:00,5.5,42.9,39.4,44.3,36.5,34.5,0.0
2022-02-14 00:00:00,5.8,42.9,36.3,42.7,32.0,32.6,0.0
2022-02-14 01:00:00,5.5,42.9,33.6,41.1,29.9,27.4,0.0
2022-02-14 02:00:00,5.2,42.9,32.8,38.1,29.6,26.9,0.0
2022-02-14 03:00:00,5.2,42.9,32.2,37.7,29.2,25.5,0.0
2022-02-14 04:00:00,5.6,42.9,32.0,37.3,28.9,24.9,0.0
2022-02-14 05:00:00,5.2,42.9,37.3,39.5,36.3,24.4,0.0
2022-02-14 06:00:00,4.8,45.0,84.2,49.6,44.7,37.8,220.0
2022-02-14 07:00:00,4.9,44.1,83.9,53.9,45.2,42.6,320.0
2022-02-14 08:00:00,5.0,42.9,83.5,48.1,43.5,40.8,190.0
2022-02-14 09:00:00,5.5,42.9,80.4,46.9,43.0,40.2,190.0
2022-02-14 10:00:00,6.6,42.8,78.6,45.9,42.4,39.9,180.0
2022-02-14 11:00:00,7.2,42.7,77.5,45.2,42.3,39.6,170.0
2022-02-14 12:00:00,8.5,42.6,74.8,44.6,41.9,39.3,170.0
2022-02-14 13:00:00,9.4,42.5,38.6,42.7,36.2,34.3,0.0
2022-02-14 14:00:00,9.7,42.4,34.8,41.3,30.3,30.4,0.0
2022-02-14 15:00:00,10.8,42.3,32.4,40.0,28.6,27.9,0.0
2022-02-14 16:00:00,10.5,42.3,32.0,37.6,28.5,25.9,0.0
2022-02-14 17:00:00,9.9,42.4,74.6,48.4,45.1,36.0,180.0
2022-02-14 18:00:00,9.4,42.5,76.0,44.3,42.8,40.3,220.0
2022-02-14 19:00:00,9.0,42.5,76.4,43.1,42.2,38.6,140.0
2022-02-14 20:00:00,8.7,42.5,76.7,43.6,42.5,39.1,160.0
2022-02-14 21:00:00,8.6,42.6,77.1,44.2,42.1,39.2,170.0
2022-02-14 22:00:00,8.2,42.6,38.7,42.5,36.1,34.3,0.0
2022-02-14 23:00:00,7.8,42.6,35.2,41.0,31.2,31.5,0.0
2022-02-15 00:00:00,7.6,42.7,32.5,39.7,29.1,27.5,0.0
2022-02-15 01:00:00,6.8,42.7,32.6,38.6,29.6,25.9,0.0
2022-02-15 02:00:00,6.9,42.7,32.2,38.3,29.2,25.2,0.0
2022-02-15 03:00:00,6.9,42.7,31.9,38.1,28.8,24.5,0.0
2022-02-15 04:00:00,6.9,42.8,31.6,37.6,28.4,24.3,0.0
2022-02-15 05:00:00,7.1,42.7,31.3,36.9,28.2,24.1,0.0
2022-02-15 06:00:00,7.2,42.7,30.7,36.2,27.7,23.7,0.0
2022-02-15 07:00:00,7.2,42.7,80.2,52.5,43.9,40.2,320.0
2022-02-15 08:00:00,7.2,42.7,80.2,52.5,43.9,40.2,0.0
2022-02-15 09:00:00,8.8,42.5,77.9,45.4,42.4,39.4,380.0
2022-02-15 10:00:00,9.5,42.5,74.3,44.6,41.8,39.1,170.0
2022-02-15 11:00:00,10.5,42.3,66.7,43.9,38.6,38.3,130.0
2022-02-15 12:00:00,12.5,42.1,37.5,42.3,34.9,33.4,0.0
2022-02-15 13:00:00,13.4,42.0,33.5,41.0,28.5,28.4,0.0
2022-02-15 14:00:00,12.7,42.1,32.4,39.7,28.2,26.6,0.0
2022-02-15 15:00:00,12.3,42.1,32.0,37.8,28.7,25.9,0.0
2022-02-15 16:00:00,12.1,42.1,31.0,36.1,28.2,24.8,0.0
2022-02-15 17:00:00,11.7,42.2,30.9,36.1,27.9,24.3,0.0
2022-02-15 18:00:00,11.2,44.9,74.0,49.2,42.7,37.1,210.0
2022-02-15 19:00:00,11.3,44.9,73.0,54.3,44.0,41.3,290.0
2022-02-15 20:00:00,11.3,44.9,74.7,55.1,43.8,41.1,260.0
2022-02-15 21:00:00,10.8,42.6,68.7,48.7,42.7,40.7,200.0
2022-02-15 22:00:00,10.4,42.7,68.0,46.8,40.2,39.4,150.0
2022-02-15 23:00:00,10.3,42.8,39.8,45.1,36.3,34.2,0.0
2022-02-16 00:00:00,10.3,42.8,36.3,43.5,31.1,31.4,0.0
2022-02-16 01:00:00,10.4,42.8,33.6,41.3,29.4,27.4,0.0
2022-02-16 02:00:00,10.0,42.8,32.3,36.5,29.0,26.5,0.0
2022-02-16 03:00:00,9.8,42.9,30.6,34.3,27.7,25.4,0.0
2022-02-16 04:00:00,9.9,42.9,30.1,33.9,27.9,24.8,0.0
2022-02-16 05:00:00,9.4,43.0,29.8,33.3,27.6,24.6,0.0
2022-02-16 06:00:00,8.8,44.2,47.0,30.9,30.2,24.0,0.0
2022-02-16 07:00:00,8.5,44.4,75.9,54.4,44.2,40.8,370.0
2022-02-16 08:00:00,8.5,44.5,79.5,57.8,44.7,42.0,290.0
2022-02-16 09:00:00,8.8,43.7,78.5,55.4,44.1,41.9,270.0
2022-02-16 10:00:00,8.8,43.7,77.2,54.0,43.8,41.2,240.0
2022-02-16 11:00:00,9.4,40.5,77.2,49.5,42.8,40.9,220.0
2022-02-16 12:00:00,10.7,40.3,48.0,43.2,36.7,35.5,0.0
2022-02-16 13:00:00,11.8,40.2,48.6,36.7,34.3,32.8,40.0
2022-02-16 14:00:00,12.0,40.2,34.7,40.1,31.7,31.6,0.0
2022-02-16 15:00:00,12.1,40.2,32.4,39.1,28.2,27.8,0.0
2022-02-16 16:00:00,11.5,40.2,31.9,37.4,28.8,26.6,0.0
2022-02-16 17:00:00,10.4,40.4,31.0,35.3,28.5,25.8,0.0
2022-02-16 18:00:00,8.9,40.5,29.3,31.8,26.8,24.9,0.0
2022-02-16 19:00:00,8.8,40.5,79.9,47.4,44.1,32.7,150.0
2022-02-16 20:00:00,8.2,40.6,77.4,37.9,39.3,36.2,130.0
2022-02-16 21:00:00,8.4,40.6,74.7,39.3,40.5,36.5,130.0
2022-02-16 22:00:00,7.5,40.7,74.7,39.8,38.1,37.0,130.0
2022-02-16 23:00:00,7.6,40.7,36.4,38.2,34.5,33.2,0.0
2022-02-17 00:00:00,7.1,40.7,32.5,37.0,29.6,29.0,0.0
2022-02-17 01:00:00,7.6,40.7,30.9,35.9,28.4,27.6,0.0
2022-02-17 02:00:00,7.3,40.7,30.5,34.4,28.0,25.6,0.0
2022-02-17 03:00:00,7.7,40.7,30.1,34.0,27.6,24.7,0.0
2022-02-17 04:00:00,7.5,40.7,29.8,33.8,27.4,24.1,0.0
2022-02-17 05:00:00,6.5,40.8,29.4,32.9,29.2,23.9,0.0
2022-02-17 06:00:00,6.1,40.8,72.2,35.8,36.3,24.4,0.0
2022-02-17 07:00:00,5.1,40.9,82.6,46.0,43.4,41.2,320.0
2022-02-17 08:00:00,5.8,40.9,82.0,38.2,40.0,35.9,80.0
2022-02-17 09:00:00,7.6,40.7,82.7,40.6,41.2,37.5,150.0
2022-02-17 10:00:00,10.0,40.4,79.9,40.0,40.8,37.1,130.0
2022-02-17 11:00:00,12.6,40.1,76.1,39.3,40.3,36.8,130.0
2022-02-17 12:00:00,13.4,40.0,75.0,38.4,39.6,36.2,110.0
2022-02-17 13:00:00,14.1,40.0,36.8,37.1,34.7,33.4,0.0
2022-02-17 14:00:00,14.0,40.0,32.0,35.9,29.1,28.5,0.0
2022-02-17 15:00:00,14.1,40.0,30.4,34.8,28.1,26.4,0.0
2022-02-17 16:00:00,13.3,40.0,29.6,33.2,27.5,25.1,0.0
2022-02-17 17:00:00,12.5,40.1,29.4,33.0,27.2,24.3,0.0
2022-02-17 18:00:00,11.6,40.2,78.8,47.0,43.2,34.4,160.0
2022-02-17 19:00:00,11.3,40.2,71.5,38.3,39.3,36.5,140.0
2022-02-17 20:00:00,10.4,43.2,41.8,40.9,36.0,33.9,70.0
2022-02-17 21:00:00,8.7,43.7,73.5,46.6,40.5,38.5,170.0
2022-02-17 22:00:00,7.9,44.0,40.0,46.3,36.2,33.5,0.0
2022-02-17 23:00:00,7.9,44.1,36.3,44.3,29.6,29.7,0.0
2022-02-18 00:00:00,7.7,44.1,33.9,43.2,28.5,26.5,0.0
2022-02-18 01:00:00,8.3,43.9,33.7,42.1,29.4,25.5,0.0
2022-02-18 02:00:00,9.4,43.5,31.7,40.2,26.5,24.6,0.0
2022-02-18 03:00:00,9.3,43.5,29.6,37.2,23.6,23.9,0.0
2022-02-18 04:00:00,7.4,44.1,30.1,29.1,26.7,23.2,0.0
2022-02-18 05:00:00,7.2,44.3,29.5,23.0,28.2,22.9,0.0
2022-02-18 06:00:00,6.8,42.4,45.6,30.7,29.3,23.4,0.0
2022-02-18 07:00:00,5.9,42.6,75.2,48.9,44.4,38.8,280.0
2022-02-18 08:00:00,6.3,40.8,78.3,43.2,40.6,40.0,190.0
2022-02-18 09:00:00,7.5,40.7,78.6,39.5,40.8,36.1,100.0
2022-02-18 10:00:00,8.5,40.6,77.5,40.7,41.3,37.5,150.0
2022-02-18 11:00:00,9.9,40.4,73.5,39.4,37.4,36.7,110.0
2022-02-18 12:00:00,10.4,40.4,35.8,38.0,34.8,33.1,0.0
2022-02-18 13:00:00,11.2,40.3,32.9,36.8,28.9,28.5,0.0
2022-02-18 14:00:00,12.0,40.2,31.1,35.8,28.8,26.0,0.0
2022-02-18 15:00:00,11.9,40.2,31.8,36.2,30.0,25.7,0.0
2022-02-18 16:00:00,11.5,40.2,31.4,36.0,29.5,24.8,0.0
2022-02-18 17:00:00,10.6,40.3,31.2,35.9,29.5,23.9,0.0
2022-02-18 18:00:00,8.6,45.0,77.6,51.2,44.6,38.8,270.0
2022-02-18 19:00:00,8.0,44.0,75.7,51.9,44.7,42.1,280.0
2022-02-18 20:00:00,7.2,43.4,76.5,49.4,43.8,41.0,200.0
2022-02-18 21:00:00,6.2,43.7,77.5,49.2,43.6,41.0,210.0
2022-02-18 22:00:00,6.3,43.7,78.3,49.2,41.9,41.0,200.0
2022-02-18 23:00:00,5.5,43.8,40.9,47.5,37.2,34.9,0.0
2022-02-19 00:00:00,5.5,43.9,37.5,45.8,31.7,31.4,0.0
2022-02-19 01:00:00,4.9,44.0,34.8,44.2,29.6,27.5,0.0
2022-02-19 02:00:00,4.4,44.3,33.6,40.0,29.5,25.8,0.0
2022-02-19 03:00:00,4.1,44.8,31.4,37.0,28.3,24.7,0.0
2022-02-19 04:00:00,3.2,45.5,31.2,36.7,28.3,23.9,0.0
2022-02-19 05:00:00,2.9,45.7,31.0,36.1,28.0,23.6,0.0
2022-02-19 06:00:00,3.4,43.2,81.7,40.9,39.8,24.7,60.0
2022-02-19 07:00:00,2.9,43.6,81.3,52.9,44.5,41.7,360.0
2022-02-19 08:00:00,4.9,42.0,79.9,45.5,42.7,40.3,190.0
2022-02-19 09:00:00,7.4,42.0,74.0,42.1,41.4,38.0,130.0
2022-02-19 10:00:00,9.2,42.0,70.3,42.6,41.4,38.1,150.0
2022-02-19 11:00:00,11.6,42.0,67.0,42.8,41.4,38.2,150.0
2022-02-19 12:00:00,13.4,42.0,39.3,41.5,38.3,34.0,0.0
2022-02-19 13:00:00,14.2,42.0,34.2,37.7,31.0,31.2,0.0
2022-02-19 14:00:00,15.1,42.0,31.3,36.7,28.3,26.9,0.0
2022-02-19 15:00:00,15.8,42.0,31.0,35.8,28.1,26.2,0.0
2022-02-19 16:00:00,15.5,42.0,30.5,36.2,27.4,25.0,0.0
2022-02-19 17:00:00,14.3,42.0,30.1,36.3,27.0,24.3,0.0
2022-02-19 18:00:00,12.8,42.0,82.3,40.1,39.1,24.0,0.0
2022-02-19 19:00:00,10.5,42.0,69.8,40.6,41.6,37.6,240.0
2022-02-19 20:00:00,9.8,42.0,70.1,42.0,41.2,37.1,140.0
2022-02-19 21:00:00,9.1,42.0,72.8,45.5,42.3,39.2,190.0
2022-02-19 22:00:00,8.8,42.0,71.9,45.8,40.5,39.7,170.0
2022-02-19 23:00:00,9.5,42.0,38.8,44.2,35.9,33.9,0.0
2022-02-20 00:00:00,8.9,42.0,35.9,42.8,31.1,30.6,0.0
2022-02-20 01:00:00,8.6,42.0,33.2,41.3,28.7,26.9,0.0
2022-02-20 02:00:00,8.3,42.0,32.9,38.8,29.8,25.7,0.0
2022-02-20 03:00:00,8.1,42.0,31.1,35.6,28.2,24.9,0.0
2022-02-20 04:00:00,7.9,42.0,30.5,35.2,28.0,24.3,0.0
2022-02-20 05:00:00,7.9,42.0,30.3,34.9,27.6,23.9,0.0
2022-02-20 06:00:00,7.6,42.0,29.9,34.4,27.4,23.6,0.0
2022-02-20 07:00:00,7.2,42.0,79.5,47.3,42.7,38.2,260.0
2022-02-20 08:00:00,7.8,42.0,78.2,46.6,42.4,39.6,210.0
2022-02-20 09:00:00,8.4,42.0,78.7,46.5,41.8,39.2,180.0
2022-02-20 10:00:00,8.9,42.0,76.9,46.1,41.8,39.3,190.0
2022-02-20 11:00:00,9.7,42.0,76.5,46.0,41.9,39.2,180.0
2022-02-20 12:00:00,10.6,42.0,70.5,44.8,41.1,38.7,170.0
2022-02-20 13:00:00,10.6,42.0,74.8,45.8,41.8,38.9,180.0
2022-02-20 14:00:00,10.7,42.0,73.2,45.8,41.7,38.9,180.0
2022-02-20 15:00:00,9.9,42.0,75.2,46.4,41.8,39.1,190.0
2022-02-20 16:00:00,9.3,42.0,77.8,47.6,42.0,39.3,190.0
2022-02-20 17:00:00,9.1,42.0,78.2,48.0,42.0,39.5,200.0
2022-02-20 18:00:00,9.0,42.0,77.1,47.9,41.7,39.3,200.0
2022-02-20 19:00:00,8.5,42.0,78.5,48.2,41.6,39.2,190.0
2022-02-20 20:00:00,8.5,42.0,78.8,48.6,42.2,39.5,200.0
2022-02-20 21:00:00,8.3,42.0,78.7,48.7,42.1,39.6,200.0
2022-02-20 22:00:00,8.3,42.0,51.9,47.3,35.9,35.8,70.0
2022-02-20 23:00:00,8.2,42.0,38.7,45.5,33.9,33.8,0.0
2022-02-21 00:00:00,6.6,42.0,35.6,44.0,29.7,29.0,0.0
2022-02-21 01:00:00,5.4,42.0,34.2,42.5,28.5,27.2,0.0
2022-02-21 02:00:00,4.3,42.4,33.1,41.1,27.9,25.8,0.0
2022-02-21 03:00:00,3.9,42.9,31.3,37.8,25.9,24.9,0.0
2022-02-21 04:00:00,3.5,43.2,31.4,24.8,30.5,24.3,0.0
2022-02-21 05:00:00,3.7,43.0,35.3,23.9,31.7,23.7,0.0
2022-02-21 06:00:00,2.9,43.8,38.8,39.4,39.4,26.1,50.0
2022-02-21 07:00:00,2.6,42.9,63.7,41.9,42.6,39.6,250.0
2022-02-21 08:00:00,3.8,42.1,83.4,40.5,42.5,37.8,130.0
2022-02-21 09:00:00,4.9,41.0,82.1,39.0,41.2,36.7,130.0
2022-02-21 10:00:00,6.5,40.8,79.0,38.4,40.3,36.2,110.0
2022-02-21 11:00:00,8.6,40.5,62.8,37.8,35.1,34.5,90.0
2022-02-21 12:00:00,11.3,40.3,34.6,36.4,32.5,32.5,0.0
2022-02-21 13:00:00,12.6,40.1,30.6,35.3,28.7,27.2,0.0
2022-02-21 14:00:00,13.5,40.0,27.7,27.0,26.6,26.1,0.0
2022-02-21 15:00:00,13.7,40.0,29.4,32.3,28.5,25.8,0.0
2022-02-21 16:00:00,13.5,40.0,30.9,35.3,28.6,24.5,0.0
2022-02-21 17:00:00,13.4,40.0,31.4,37.2,28.5,23.5,0.0
2022-02-21 18:00:00,12.9,40.1,31.1,36.6,28.2,23.4,0.0
2022-02-21 19:00:00,13.1,42.3,71.9,42.2,43.6,34.1,180.0
2022-02-21 20:00:00,12.4,42.5,68.8,40.0,41.7,36.8,140.0
2022-02-21 21:00:00,12.3,42.5,71.7,43.6,41.2,37.2,150.0
2022-02-21 22:00:00,11.6,42.8,71.7,47.0,40.4,39.2,200.0
2022-02-21 23:00:00,11.1,42.9,40.0,46.5,36.0,33.9,0.0
2022-02-22 00:00:00,10.4,43.2,36.8,44.7,31.4,31.2,0.0
2022-02-22 01:00:00,9.8,43.3,34.4,43.3,29.4,27.5,0.0
2022-02-22 02:00:00,8.6,43.7,34.2,41.6,31.3,26.0,0.0
2022-02-22 03:00:00,7.5,44.1,32.1,37.0,28.9,24.9,0.0
2022-02-22 04:00:00,6.7,44.4,30.5,34.9,28.1,24.3,0.0
2022-02-22 05:00:00,5.9,44.6,30.2,34.7,27.8,23.8,0.0
2022-02-22 06:00:00,5.8,44.7,78.2,34.3,36.3,24.3,0.0
2022-02-22 07:00:00,5.1,45.0,84.3,51.1,43.1,39.4,330.0
2022-02-22 08:00:00,5.1,43.0,84.2,53.9,43.7,40.9,280.0
2022-02-22 09:00:00,4.2,43.3,83.0,48.2,41.9,40.6,240.0
2022-02-22 10:00:00,3.8,43.6,78.5,41.4,36.3,35.4,40.0
2022-02-22 11:00:00,4.6,41.0,83.7,38.1,66.0,64.9,110.0
2022-02-22 12:00:00,5.2,41.0,82.9,40.4,41.2,34.6,0.0
2022-02-22 13:00:00,8.2,40.6,79.8,66.5,43.4,39.1,270.0
2022-02-22 14:00:00,8.6,43.8,79.3,38.3,42.4,38.1,110.0
2022-02-22 15:00:00,9.3,43.6,78.4,40.1,44.3,38.9,150.0
2022-02-22 16:00:00,8.9,43.7,79.2,39.2,43.4,38.5,120.0
2022-02-22 17:00:00,8.7,43.7,79.1,39.2,43.3,38.5,130.0
2022-02-22 18:00:00,8.9,43.6,79.2,39.3,43.3,38.6,120.0
2022-02-22 19:00:00,9.0,44.1,80.1,39.4,43.6,38.6,130.0
2022-02-22 20:00:00,9.0,44.1,77.0,39.4,43.4,38.6,130.0
2022-02-22 21:00:00,9.1,44.1,78.2,39.8,43.8,38.8,130.0
2022-02-22 22:00:00,9.0,44.1,77.4,39.8,43.2,38.9,130.0
2022-02-22 23:00:00,8.8,44.1,35.4,38.3,35.5,33.0,0.0
2022-02-23 00:00:00,8.4,44.2,33.3,37.1,32.6,31.5,0.0
2022-02-23 01:00:00,8.1,44.2,30.5,36.0,29.5,27.7,0.0
2022-02-23 02:00:00,7.8,44.3,30.9,35.4,30.5,26.7,0.0
2022-02-23 03:00:00,6.9,44.5,30.8,35.2,30.1,26.0,0.0
2022-02-23 04:00:00,6.3,44.7,30.4,34.9,29.6,25.4,0.0
2022-02-23 05:00:00,6.1,45.6,30.3,32.1,30.3,25.1,0.0
2022-02-23 06:00:00,6.4,45.6,75.5,38.7,42.1,30.1,100.0
2022-02-23 07:00:00,6.5,45.5,82.9,41.4,45.7,39.8,210.0
2022-02-23 08:00:00,6.8,44.0,82.6,39.7,43.9,38.8,140.0
2022-02-23 09:00:00,7.8,44.2,80.3,39.3,43.6,38.3,130.0
2022-02-23 10:00:00,8.1,43.9,79.1,39.4,43.6,38.3,140.0
2022-02-23 11:00:00,9.0,43.3,78.4,39.1,43.2,38.3,130.0
2022-02-23 12:00:00,9.8,42.9,77.4,38.9,43.0,38.0,130.0
2022-02-23 13:00:00,10.1,42.6,76.9,38.8,42.9,37.7,130.0
2022-02-23 14:00:00,10.8,42.7,76.1,38.7,42.6,37.8,130.0
2022-02-23 15:00:00,10.8,43.3,75.5,39.3,43.3,38.0,130.0
2022-02-23 16:00:00,10.8,43.8,76.4,40.0,44.1,38.8,130.0
2022-02-23 17:00:00,10.2,41.4,76.3,37.3,40.7,37.8,120.0
2022-02-23 18:00:00,10.3,41.5,77.3,37.1,41.0,36.8,100.0
2022-02-23 19:00:00,9.5,42.0,76.0,37.4,41.3,37.1,120.0
2022-02-23 20:00:00,9.2,42.0,76.9,37.5,41.4,37.0,110.0
2022-02-23 21:00:00,8.5,42.5,77.1,38.2,42.2,37.5,120.0
2022-02-23 22:00:00,8.2,42.9,36.3,36.9,35.0,32.4,0.0
2022-02-23 23:00:00,8.0,43.0,32.8,35.8,32.6,31.1,0.0
2022-02-24 00:00:00,7.8,43.0,30.3,34.6,29.2,27.9,0.0
2022-02-24 01:00:00,7.3,43.4,30.9,36.1,30.5,26.8,0.0
2022-02-24 02:00:00,6.8,43.8,31.5,36.3,31.0,26.2,0.0
2022-02-24 03:00:00,5.6,44.6,31.0,36.0,30.2,25.5,0.0
2022-02-24 04:00:00,5.5,44.6,30.4,35.4,29.7,25.4,0.0
2022-02-24 05:00:00,5.2,44.8,30.0,34.8,29.3,25.0,0.0
2022-02-24 06:00:00,5.3,44.7,56.1,29.5,32.0,24.7,0.0
2022-02-24 07:00:00,5.1,42.0,71.6,37.3,40.9,37.2,210.0
2022-02-24 08:00:00,5.8,41.8,83.2,37.9,42.1,37.4,130.0
2022-02-24 09:00:00,6.9,43.8,83.2,40.2,44.6,38.8,160.0
2022-02-24 10:00:00,8.3,43.1,79.6,39.1,43.2,38.4,130.0
2022-02-24 11:00:00,9.1,42.7,78.3,38.4,42.5,37.8,130.0
2022-02-24 12:00:00,10.3,42.0,76.7,38.1,42.1,37.4,120.0
2022-02-24 13:00:00,10.7,41.8,74.4,37.8,41.7,37.3,120.0
2022-02-24 14:00:00,11.3,41.5,56.7,37.2,35.9,35.5,80.0
2022-02-24 15:00:00,11.4,41.5,33.5,35.9,33.4,31.8,0.0
2022-02-24 16:00:00,11.4,41.5,31.4,34.8,31.0,30.1,0.0
2022-02-24 17:00:00,10.9,41.7,70.3,32.4,35.9,26.5,0.0
2022-02-24 18:00:00,9.0,41.6,77.1,37.5,41.4,37.3,190.0
2022-02-24 19:00:00,7.6,42.2,79.0,37.6,41.8,36.9,120.0
2022-02-24 20:00:00,6.9,42.3,78.7,38.2,42.3,37.6,130.0
2022-02-24 21:00:00,6.0,42.6,81.1,38.4,42.6,37.8,120.0
2022-02-24 22:00:00,5.4,42.8,80.2,38.5,38.9,38.0,130.0
2022-02-24 23:00:00,4.6,43.1,34.3,37.1,34.7,32.2,0.0
2022-02-25 00:00:00,4.1,43.5,32.4,35.9,31.1,30.7,0.0
2022-02-25 01:00:00,4.2,43.6,30.5,36.1,29.8,27.1,0.0
2022-02-25 02:00:00,3.0,44.0,31.2,36.6,30.6,26.4,0.0
2022-02-25 03:00:00,2.9,44.3,31.1,36.6,30.4,26.1,0.0
2022-02-25 04:00:00,2.0,44.8,30.8,35.9,29.8,25.2,0.0
2022-02-25 05:00:00,1.8,44.9,79.5,36.4,40.0,27.4,70.0
2022-02-25 06:00:00,1.3,44.9,87.8,40.5,44.8,39.4,230.0
2022-02-25 07:00:00,1.2,44.8,88.0,40.8,45.7,39.3,160.0
2022-02-25 08:00:00,2.5,44.3,87.0,40.0,44.5,39.1,150.0
2022-02-25 09:00:00,3.7,43.6,84.7,39.7,44.1,38.7,140.0
2022-02-25 10:00:00,5.1,42.9,82.8,38.8,43.0,38.2,140.0
2022-02-25 11:00:00,7.1,42.2,80.4,37.9,42.0,37.6,120.0
2022-02-25 12:00:00,9.4,41.5,75.8,36.9,40.7,36.7,120.0
2022-02-25 13:00:00,10.0,41.3,74.5,37.3,41.2,36.7,110.0
2022-02-25 14:00:00,10.6,41.1,72.9,37.3,41.1,36.9,120.0
2022-02-25 15:00:00,11.4,42.1,71.4,37.6,37.5,36.9,100.0
2022-02-25 16:00:00,11.7,41.7,33.7,36.3,33.7,31.8,0.0
2022-02-25 17:00:00,11.0,42.1,32.1,35.2,31.4,30.7,0.0
2022-02-25 18:00:00,8.7,45.3,78.9,43.1,47.3,38.1,210.0
2022-02-25 19:00:00,7.9,45.8,78.3,40.8,45.0,39.6,150.0
2022-02-25 20:00:00,7.2,46.1,78.7,41.3,45.4,39.7,150.0
2022-02-25 21:00:00,6.8,46.1,79.9,42.1,46.5,40.5,160.0
2022-02-25 22:00:00,6.7,46.2,78.8,42.2,41.9,40.8,160.0
2022-02-25 23:00:00,9.8,44.9,36.8,40.7,37.1,35.5,0.0
2022-02-26 00:00:00,10.4,44.6,34.6,39.4,34.8,34.0,0.0
2022-02-26 01:00:00,10.2,44.6,31.0,38.1,31.2,29.5,0.0
2022-02-26 02:00:00,10.1,44.7,31.1,36.7,32.3,28.5,0.0
2022-02-26 03:00:00,9.9,44.7,30.5,36.2,31.5,27.7,0.0
2022-02-26 04:00:00,9.6,44.9,30.0,35.9,30.8,27.0,0.0
2022-02-26 05:00:00,9.3,45.0,29.4,35.2,29.4,26.8,0.0
2022-02-26 06:00:00,9.3,45.1,73.9,32.5,38.8,28.2,50.0
2022-02-26 07:00:00,9.3,45.0,80.2,38.8,44.8,40.0,220.0
2022-02-26 08:00:00,9.6,44.9,80.0,38.4,44.6,39.6,130.0
2022-02-26 09:00:00,10.0,44.8,79.4,38.5,44.7,39.6,140.0
2022-02-26 10:00:00,11.0,44.4,78.2,38.2,44.3,39.4,130.0
2022-02-26 11:00:00,11.0,44.2,77.3,38.0,44.0,39.1,130.0
2022-02-26 12:00:00,11.5,44.2,76.5,37.9,44.0,39.0,120.0
2022-02-26 13:00:00,11.4,44.2,77.8,37.9,44.0,39.0,120.0
2022-02-26 14:00:00,11.1,44.2,76.2,38.1,44.1,39.3,130.0
2022-02-26 15:00:00,10.7,44.3,76.7,37.9,43.9,39.2,130.0
2022-02-26 16:00:00,10.4,44.6,76.7,38.0,43.9,39.1,120.0
2022-02-26 17:00:00,9.5,45.4,79.6,39.9,46.1,40.5,150.0
2022-02-26 18:00:00,9.2,45.6,80.9,39.6,45.8,40.5,140.0
2022-02-26 19:00:00,8.4,45.8,82.0,39.7,46.0,40.6,140.0
2022-02-26 20:00:00,8.3,45.8,82.0,39.7,46.1,40.6,140.0
2022-02-26 21:00:00,8.5,46.0,81.6,39.9,46.2,41.0,140.0
2022-02-26 22:00:00,8.6,46.0,80.1,39.5,41.5,40.8,130.0
2022-02-26 23:00:00,8.1,46.1,35.3,38.0,37.2,34.6,0.0
2022-02-27 00:00:00,7.5,46.3,33.0,37.2,34.5,33.2,0.0
2022-02-27 01:00:00,7.6,46.3,31.9,37.6,32.9,29.2,0.0
2022-02-27 02:00:00,9.5,45.8,32.2,37.4,33.2,29.3,0.0
2022-02-27 03:00:00,9.5,45.7,31.9,37.1,33.0,28.2,0.0
2022-02-27 04:00:00,9.5,45.8,31.3,36.4,32.4,27.6,0.0
2022-02-27 05:00:00,10.2,45.5,30.9,35.9,32.1,27.3,0.0
2022-02-27 06:00:00,9.5,45.7,68.3,31.8,37.8,26.9,40.0
2022-02-27 07:00:00,9.6,45.6,80.1,39.5,45.5,40.4,240.0
2022-02-27 08:00:00,10.2,45.5,78.0,39.2,45.2,40.0,130.0
2022-02-27 09:00:00,10.2,45.5,78.2,39.5,45.6,40.3,140.0
2022-02-27 10:00:00,10.0,45.5,78.7,39.6,45.7,40.3,150.0
2022-02-27 11:00:00,10.5,45.5,76.9,39.5,45.5,40.4,130.0
2022-02-27 12:00:00,10.1,45.5,76.9,39.4,45.4,40.3,140.0
2022-02-27 13:00:00,10.6,42.8,77.3,38.5,44.2,40.1,140.0
2022-02-27 14:00:00,9.8,43.2,77.2,37.0,43.0,38.4,100.0
2022-02-27 15:00:00,9.5,43.5,78.3,37.7,43.7,39.0,130.0
2022-02-27 16:00:00,9.2,43.9,78.3,37.9,44.0,39.3,130.0
2022-02-27 17:00:00,8.8,44.0,80.9,38.0,44.2,39.3,130.0
2022-02-27 18:00:00,8.5,44.2,82.6,38.6,45.1,39.5,130.0
2022-02-27 19:00:00,8.3,44.5,82.6,38.3,44.5,39.8,130.0
2022-02-27 20:00:00,8.4,44.4,82.7,38.0,44.4,39.4,130.0
2022-02-27 21:00:00,8.2,44.3,82.5,38.0,44.2,39.6,120.0
2022-02-27 22:00:00,8.2,44.4,82.6,38.0,44.2,39.5,130.0
2022-02-27 23:00:00,8.3,44.4,30.9,36.5,33.0,33.0,0.0
2022-02-28 00:00:00,8.1,44.5,32.2,35.3,34.4,31.3,0.0
2022-02-28 01:00:00,8.0,44.6,32.1,36.9,33.4,29.7,0.0
2022-02-28 02:00:00,8.1,44.6,31.4,37.3,32.3,27.4,0.0
2022-02-28 03:00:00,7.8,44.6,31.5,37.0,32.8,26.8,0.0
2022-02-28 04:00:00,7.8,44.8,31.1,36.4,32.7,26.4,0.0
2022-02-28 05:00:00,7.4,45.1,24.8,36.7,27.3,26.3,0.0
2022-02-28 06:00:00,7.2,45.1,66.4,40.9,45.9,37.0,180.0
2022-02-28 07:00:00,7.1,45.1,83.5,39.4,45.8,39.9,160.0
2022-02-28 08:00:00,7.7,44.7,82.8,38.6,44.8,39.7,140.0
2022-02-28 09:00:00,8.8,44.0,82.6,38.3,44.6,39.4,140.0
2022-02-28 10:00:00,9.9,43.3,79.9,37.8,44.0,39.2,130.0
2022-02-28 11:00:00,10.3,43.0,78.0,37.3,43.3,38.7,120.0
2022-02-28 12:00:00,11.3,42.2,77.2,36.8,42.7,38.5,110.0
2022-02-28 13:00:00,10.8,42.7,77.0,36.2,42.1,38.0,110.0
2022-02-28 14:00:00,10.7,41.0,77.9,35.9,41.6,38.1,120.0
2022-02-28 15:00:00,10.2,41.1,77.5,34.5,40.5,36.9,90.0
2022-02-28 16:00:00,10.3,41.0,77.8,34.9,40.8,37.0,100.0
2022-02-28 17:00:00,9.5,41.2,77.7,34.9,40.8,37.1,110.0
2022-02-28 18:00:00,8.6,41.4,79.6,35.3,41.4,37.2,110.0
2022-02-28 19:00:00,7.7,41.5,81.3,35.8,41.9,37.6,110.0
2022-02-28 20:00:00,7.3,41.5,80.8,35.8,41.8,37.7,120.0
2022-02-28 21:00:00,7.5,41.6,80.8,35.9,41.9,37.8,110.0
2022-02-28 22:00:00,7.3,41.5,32.0,34.8,35.0,33.0,0.0
2022-02-28 23:00:00,7.0,41.6,31.2,33.7,33.4,31.7,0.0
2022-03-01 00:00:00,6.5,41.7,30.3,35.3,32.0,29.6,0.0
2022-03-01 01:00:00,5.8,41.8,31.0,37.0,31.9,27.3,0.0
2022-03-01 02:00:00,5.2,41.9,30.9,36.8,31.7,26.8,0.0
2022-03-01 03:00:00,5.4,41.9,30.6,36.3,31.6,26.3,0.0
2022-03-01 04:00:00,5.5,41.9,30.2,35.7,31.1,26.1,0.0
2022-03-01 05:00:00,5.3,41.9,29.6,35.1,30.8,25.9,0.0
2022-03-01 06:00:00,5.3,41.9,78.3,35.5,41.5,29.2,80.0
2022-03-01 07:00:00,5.1,42.0,85.0,35.3,41.4,37.4,170.0
2022-03-01 08:00:00,5.8,46.4,84.5,37.1,44.2,37.6,130.0
2022-03-01 09:00:00,6.7,45.8,84.7,39.6,46.1,40.6,180.0
2022-03-01 10:00:00,8.3,44.6,81.7,38.5,44.6,39.7,140.0
2022-03-01 11:00:00,10.3,43.3,78.3,37.3,43.3,38.8,120.0
2022-03-01 12:00:00,10.6,43.0,77.1,36.7,42.7,38.3,120.0
2022-03-01 13:00:00,10.1,44.6,77.9,38.3,44.5,38.6,130.0
2022-03-01 14:00:00,9.8,44.8,79.5,39.0,45.1,39.9,160.0
2022-03-01 15:00:00,9.7,44.8,79.9,38.4,44.5,39.3,130.0
2022-03-01 16:00:00,9.0,45.1,80.0,38.6,44.7,39.4,140.0
2022-03-01 17:00:00,8.7,45.2,82.5,39.2,45.6,40.0,140.0
2022-03-01 18:00:00,8.3,45.4,82.3,39.5,45.9,40.2,150.0
2022-03-01 19:00:00,8.1,45.6,82.4,39.5,45.8,40.4,140.0
2022-03-01 20:00:00,7.7,45.8,82.0,39.3,45.5,40.4,150.0
2022-03-01 21:00:00,7.0,46.1,82.2,39.2,45.5,40.0,140.0
2022-03-01 22:00:00,7.0,46.0,81.8,39.6,41.7,40.5,140.0
2022-03-01 23:00:00,7.0,46.0,34.8,38.1,36.6,34.1,0.0
2022-03-02 00:00:00,7.1,46.0,32.7,36.9,33.8,32.7,0.0
2022-03-02 01:00:00,7.0,46.2,30.9,37.1,31.9,28.8,0.0
2022-03-02 02:00:00,7.0,46.1,31.6,37.3,32.5,27.5,0.0
2022-03-02 03:00:00,6.8,46.2,31.4,37.2,32.3,26.8,0.0
2022-03-02 04:00:00,6.6,46.3,31.0,36.6,32.0,26.4,0.0
2022-03-02 05:00:00,6.4,46.3,30.5,35.9,31.4,26.2,0.0
2022-03-02 06:00:00,6.3,46.4,44.8,29.0,32.5,27.3,0.0
2022-03-02 07:00:00,6.2,46.5,78.3,40.7,46.7,40.8,270.0
2022-03-02 08:00:00,6.6,46.3,85.0,40.1,46.7,40.6,150.0
2022-03-02 09:00:00,7.7,45.8,83.3,39.6,45.9,40.2,160.0
2022-03-02 10:00:00,8.8,45.3,82.2,39.1,45.3,40.0,140.0
2022-03-02 11:00:00,9.6,44.9,80.1,38.7,44.8,39.7,140.0
2022-03-02 12:00:00,9.5,45.0,79.7,38.2,44.3,39.1,140.0
2022-03-02 13:00:00,9.7,44.9,78.2,38.1,44.2,39.1,130.0
2022-03-02 14:00:00,9.7,44.9,79.4,39.1,45.3,39.7,150.0
2022-03-02 15:00:00,9.7,44.8,78.4,38.3,44.3,39.2,140.0
2022-03-02 16:00:00,9.6,45.0,78.4,38.4,44.5,39.3,130.0
2022-03-02 17:00:00,9.1,45.1,79.2,38.4,44.5,39.5,140.0
2022-03-02 18:00:00,8.3,47.1,82.4,40.5,47.1,40.2,150.0
2022-03-02 19:00:00,8.0,47.3,84.3,41.1,47.5,41.5,170.0
2022-03-02 20:00:00,7.6,47.5,82.1,40.7,47.0,41.3,150.0
2022-03-02 21:00:00,7.6,47.4,82.1,40.6,47.0,41.0,160.0
2022-03-02 22:00:00,8.0,47.3,81.0,40.4,42.2,41.1,150.0
2022-03-02 23:00:00,8.1,47.2,35.4,38.8,37.1,34.5,0.0
2022-03-03 00:00:00,8.2,47.2,32.9,37.6,33.6,32.4,0.0
2022-03-03 01:00:00,8.1,47.2,31.2,37.8,31.8,28.4,0.0
2022-03-03 02:00:00,8.1,47.3,31.6,37.8,32.5,28.1,0.0
2022-03-03 03:00:00,8.0,47.4,31.2,37.6,32.0,26.9,0.0
2022-03-03 04:00:00,7.7,47.5,30.8,37.0,31.4,26.4,0.0
2022-03-03 05:00:00,7.6,47.5,23.9,36.8,26.9,25.7,0.0
2022-03-03 06:00:00,7.7,48.1,80.2,40.2,45.4,33.0,110.0
2022-03-03 07:00:00,7.6,48.1,83.3,41.7,48.0,41.8,230.0
2022-03-03 08:00:00,8.0,47.9,83.0,40.9,47.3,41.0,160.0
2022-03-03 09:00:00,8.7,47.6,81.7,40.8,47.0,41.0,160.0
2022-03-03 10:00:00,9.6,47.2,80.3,40.8,46.9,41.1,160.0
2022-03-03 11:00:00,10.0,47.0,79.4,40.7,46.9,40.9,160.0
2022-03-03 12:00:00,10.5,46.7,78.5,40.5,46.6,40.8,150.0
2022-03-03 13:00:00,10.8,46.5,77.3,40.5,46.5,40.9,160.0
2022-03-03 14:00:00,11.6,46.2,76.4,40.5,46.4,40.9,150.0
2022-03-03 15:00:00,11.4,46.3,77.8,40.4,46.5,40.7,150.0
2022-03-03 16:00:00,11.8,46.0,70.6,40.1,45.7,40.7,140.0
2022-03-03 17:00:00,11.1,46.5,71.4,40.4,46.1,40.7,150.0
2022-03-03 18:00:00,9.4,47.2,79.1,41.6,47.9,41.6,160.0
2022-03-03 19:00:00,7.9,48.0,79.8,41.8,48.0,42.1,160.0
2022-03-03 20:00:00,7.0,47.9,82.6,41.7,48.1,42.0,170.0
2022-03-03 21:00:00,6.2,48.5,82.2,41.5,47.9,42.0,160.0
2022-03-03 22:00:00,6.1,48.4,82.4,41.7,48.0,42.2,160.0
2022-03-03 23:00:00,5.2,49.3,36.5,40.1,38.3,35.2,0.0
2022-03-04 00:00:00,4.5,49.6,33.6,38.7,34.6,33.7,0.0
2022-03-04 01:00:00,4.0,49.7,31.7,38.1,32.4,29.0,0.0
2022-03-04 02:00:00,4.0,49.7,31.9,37.8,32.9,27.7,0.0
2022-03-04 03:00:00,3.7,49.9,31.6,37.6,32.4,27.1,0.0
2022-03-04 04:00:00,3.2,50.0,31.2,37.0,32.1,26.6,0.0
2022-03-04 05:00:00,3.1,50.2,30.8,36.3,31.7,26.3,0.0
2022-03-04 06:00:00,2.4,48.4,32.0,26.7,29.7,27.4,0.0
2022-03-04 07:00:00,2.4,48.4,87.4,43.5,50.2,41.6,270.0
2022-03-04 08:00:00,3.9,47.7,88.1,41.3,47.9,41.4,160.0
2022-03-04 09:00:00,4.7,47.2,85.7,40.7,47.2,41.3,110.0
2022-03-04 10:00:00,6.4,45.9,83.6,39.8,46.2,40.7,200.0
2022-03-04 11:00:00,8.5,44.4,80.3,38.5,44.5,40.0,140.0
2022-03-04 12:00:00,9.6,43.4,77.8,37.1,43.0,38.6,120.0
2022-03-04 13:00:00,10.7,42.6,77.0,36.5,42.4,38.1,120.0
2022-03-04 14:00:00,11.4,42.1,73.7,36.0,41.7,37.9,110.0
2022-03-04 15:00:00,11.6,41.9,74.1,35.9,41.6,37.5,110.0
2022-03-04 16:00:00,11.6,41.9,73.4,35.8,41.5,37.5,110.0
2022-03-04 17:00:00,11.0,42.2,71.6,36.2,42.0,37.5,110.0
2022-03-04 18:00:00,9.7,43.1,77.9,37.5,43.7,38.7,130.0
2022-03-04 19:00:00,8.6,44.0,79.7,37.8,43.9,39.1,130.0
2022-03-04 20:00:00,8.3,45.8,80.4,40.0,46.2,40.6,160.0
2022-03-04 21:00:00,8.3,45.7,79.6,39.8,45.8,40.7,140.0
2022-03-04 22:00:00,8.5,45.6,81.3,39.8,46.0,40.5,150.0
2022-03-04 23:00:00,8.7,45.5,34.9,38.1,36.8,34.4,0.0
2022-03-05 00:00:00,7.5,46.1,32.9,37.0,34.0,32.9,0.0
2022-03-05 01:00:00,6.8,46.5,30.5,36.3,31.6,28.6,0.0
2022-03-05 02:00:00,6.8,46.7,31.1,36.3,32.2,28.5,0.0
2022-03-05 03:00:00,6.2,46.9,31.0,36.0,32.2,27.3,0.0
2022-03-05 04:00:00,6.3,47.1,30.7,35.6,31.7,26.8,0.0
2022-03-05 05:00:00,6.2,47.2,30.2,35.0,31.5,26.7,0.0
2022-03-05 06:00:00,6.4,46.8,72.0,31.8,38.3,26.7,50.0
2022-03-05 07:00:00,6.8,46.7,84.7,40.5,46.7,41.1,250.0
2022-03-05 08:00:00,7.5,46.3,82.4,39.6,45.9,40.2,150.0
2022-03-05 09:00:00,7.8,45.9,82.4,39.6,45.9,40.2,150.0
2022-03-05 10:00:00,8.6,46.5,79.6,40.4,46.6,40.9,160.0
2022-03-05 11:00:00,9.8,45.5,78.8,39.7,45.8,40.6,150.0
2022-03-05 12:00:00,11.0,44.5,76.2,38.8,44.6,39.6,140.0
2022-03-05 13:00:00,12.6,43.3,48.0,37.8,35.8,35.7,70.0
2022-03-05 14:00:00,12.9,42.7,33.2,36.5,34.9,32.8,0.0
2022-03-05 15:00:00,12.3,45.1,73.9,39.8,45.6,40.3,200.0
2022-03-05 16:00:00,11.4,45.5,75.7,39.2,45.2,40.0,140.0
2022-03-05 17:00:00,10.2,46.3,78.7,39.9,45.9,40.4,150.0
2022-03-05 18:00:00,9.2,46.8,79.8,40.4,46.5,40.9,150.0
2022-03-05 19:00:00,9.1,46.9,78.7,40.4,46.5,40.9,150.0
2022-03-05 20:00:00,9.0,47.1,80.5,40.6,46.8,41.1,150.0
2022-03-05 21:00:00,9.2,47.0,78.0,40.5,46.5,41.2,150.0
2022-03-05 22:00:00,9.0,46.9,78.9,40.6,42.2,41.3,140.0
2022-03-05 23:00:00,8.8,47.1,35.5,39.1,37.0,34.5,0.0
2022-03-06 00:00:00,8.7,47.1,33.1,37.8,33.9,33.1,0.0
2022-03-06 01:00:00,8.3,47.4,30.7,36.8,31.5,29.0,0.0
2022-03-06 02:00:00,7.7,47.7,31.7,37.3,32.6,28.1,0.0
2022-03-06 03:00:00,7.6,47.8,31.6,37.2,32.6,27.4,0.0
2022-03-06 04:00:00,7.8,47.8,31.2,36.8,32.1,27.0,0.0
2022-03-06 05:00:00,7.1,48.2,30.9,36.2,32.0,26.8,0.0
2022-03-06 06:00:00,6.7,48.5,82.6,37.0,41.5,29.0,80.0
2022-03-06 07:00:00,6.4,48.7,84.3,43.0,49.1,42.4,260.0
2022-03-06 08:00:00,6.2,46.8,81.8,41.4,47.2,41.6,160.0
2022-03-06 09:00:00,6.3,46.6,82.0,40.4,46.2,40.9,150.0
2022-03-06 10:00:00,6.7,46.4,81.8,40.3,46.3,40.7,150.0
2022-03-06 11:00:00,7.3,46.0,81.4,39.6,45.5,40.4,150.0
2022-03-06 12:00:00,7.7,45.6,80.5,40.3,46.2,40.5,150.0
2022-03-06 13:00:00,7.5,45.7,82.2,40.2,46.0,40.7,150.0
2022-03-06 14:00:00,7.8,45.4,79.7,39.1,44.7,40.0,140.0
2022-03-06 15:00:00,7.8,45.4,80.0,39.1,45.0,39.9,70.0
2022-03-06 16:00:00,7.4,45.9,82.2,40.1,46.1,40.5,230.0
2022-03-06 17:00:00,7.1,46.2,83.2,40.3,46.3,40.7,150.0
2022-03-06 18:00:00,7.1,46.2,83.2,40.4,46.5,40.9,160.0
2022-03-06 19:00:00,7.0,46.4,83.1,40.5,46.5,41.0,150.0
2022-03-06 20:00:00,6.8,46.4,83.1,40.4,46.6,41.1,150.0
2022-03-06 21:00:00,6.7,46.5,82.8,40.1,46.1,40.9,150.0
2022-03-06 22:00:00,6.6,46.6,83.0,39.9,46.0,40.6,150.0
2022-03-06 23:00:00,6.5,46.6,35.2,38.4,36.9,34.2,0.0
2022-03-07 00:00:00,6.5,46.8,32.9,37.2,33.8,32.7,0.0
2022-03-07 01:00:00,6.5,46.8,30.5,36.8,31.1,28.7,0.0
2022-03-07 02:00:00,6.5,46.7,31.8,37.6,32.3,27.5,0.0
2022-03-07 03:00:00,6.2,47.0,31.6,37.4,32.3,26.9,0.0
2022-03-07 04:00:00,5.8,47.2,31.3,36.9,32.2,26.6,0.0
2022-03-07 05:00:00,5.3,47.8,31.2,35.6,33.9,26.2,0.0
2022-03-07 06:00:00,4.9,47.9,45.7,39.1,37.1,27.6,0.0
2022-03-07 07:00:00,5.2,47.8,79.1,42.1,47.7,41.9,280.0
2022-03-07 08:00:00,5.5,47.6,85.5,41.1,47.5,40.9,160.0
2022-03-07 09:00:00,6.3,46.8,84.1,41.3,47.4,41.5,170.0
2022-03-07 10:00:00,7.0,46.3,83.0,39.8,45.9,40.3,150.0
2022-03-07 11:00:00,7.2,46.2,82.9,39.7,45.8,40.1,150.0
2022-03-07 12:00:00,8.3,46.8,81.9,40.4,46.6,40.4,150.0
2022-03-07 13:00:00,8.1,47.3,79.7,41.0,46.6,41.8,180.0
2022-03-07 14:00:00,7.9,47.3,80.4,41.2,47.2,41.1,160.0
2022-03-07 15:00:00,8.1,47.3,82.8,41.8,47.9,41.6,160.0
2022-03-07 16:00:00,7.7,47.3,82.1,41.9,47.9,41.7,170.0
2022-03-07 17:00:00,7.2,47.2,82.9,41.1,47.2,41.2,160.0
2022-03-07 18:00:00,7.1,47.2,83.0,41.0,47.1,41.2,150.0
2022-03-07 19:00:00,6.8,47.1,83.8,41.0,47.2,41.2,160.0
2022-03-07 20:00:00,6.7,48.0,83.2,41.5,47.6,41.5,160.0
2022-03-07 21:00:00,6.7,47.0,82.9,40.6,46.5,41.3,150.0
2022-03-07 22:00:00,6.5,47.0,84.0,40.8,47.0,41.0,150.0
2022-03-07 23:00:00,6.3,47.2,36.4,39.2,38.3,34.6,0.0
2022-03-08 00:00:00,6.2,47.2,33.6,38.7,35.0,33.1,0.0
2022-03-08 01:00:00,5.8,47.4,32.4,39.2,32.9,28.8,0.0
2022-03-08 02:00:00,5.1,47.9,32.3,38.9,32.7,27.5,0.0
2022-03-08 03:00:00,4.5,48.4,32.1,38.5,32.6,26.9,0.0
2022-03-08 04:00:00,4.5,48.7,31.7,37.8,32.2,26.4,0.0
2022-03-08 05:00:00,4.0,49.1,31.3,37.4,32.0,26.1,0.0
2022-03-08 06:00:00,3.6,49.5,30.8,36.8,31.5,25.7,0.0
2022-03-08 07:00:00,3.9,48.9,69.7,42.3,47.1,37.7,230.0
2022-03-08 08:00:00,4.4,48.7,79.4,43.4,49.2,42.3,210.0
2022-03-08 09:00:00,4.7,48.2,86.3,42.4,48.8,41.7,180.0
2022-03-08 10:00:00,5.3,47.7,84.8,41.3,47.4,41.4,170.0
2022-03-08 11:00:00,6.2,47.1,83.1,40.4,46.5,40.7,160.0
2022-03-08 12:00:00,6.4,47.1,84.1,41.0,47.4,40.9,160.0
2022-03-08 13:00:00,6.2,48.8,84.2,42.0,48.3,41.0,170.0
2022-03-08 14:00:00,6.8,46.6,82.8,40.3,46.0,41.4,160.0
2022-03-08 15:00:00,6.9,46.7,83.1,40.2,46.3,40.5,150.0
2022-03-08 16:00:00,6.4,46.9,78.7,40.6,46.3,40.8,160.0
2022-03-08 17:00:00,6.2,47.1,83.2,41.0,47.0,40.7,150.0
2022-03-08 18:00:00,5.2,47.8,84.4,41.4,47.7,41.6,170.0
2022-03-08 19:00:00,4.3,47.4,86.2,41.5,47.8,41.5,170.0
2022-03-08 20:00:00,3.9,47.8,84.8,41.3,47.6,41.6,160.0
2022-03-08 21:00:00,4.4,47.4,85.3,41.4,47.7,41.7,160.0
2022-03-08 22:00:00,4.6,47.2,85.2,41.3,47.5,41.5,170.0
2022-03-08 23:00:00,4.5,47.4,32.3,39.6,33.6,33.6,0.0
2022-03-09 00:00:00,4.4,47.4,33.9,38.3,36.7,30.1,0.0
2022-03-09 01:00:00,4.2,47.5,33.2,38.6,36.0,27.8,0.0
2022-03-09 02:00:00,4.1,47.7,32.3,39.1,26.7,26.5,0.0
2022-03-09 03:00:00,1.8,49.4,24.8,38.9,3.1,2.6,0.0
2022-03-09 04:00:00,4.7,47.0,29.3,38.4,28.6,26.2,0.0
2022-03-09 05:00:00,4.9,47.0,24.5,38.5,27.7,25.8,0.0
2022-03-09 06:00:00,4.9,49.0,77.9,43.2,49.0,37.2,190.0
2022-03-09 07:00:00,5.6,48.6,84.3,42.1,49.1,42.3,210.0
2022-03-09 08:00:00,5.9,48.9,85.9,42.1,49.1,42.3,180.0
2022-03-09 09:00:00,5.6,49.0,85.6,42.1,49.1,42.3,170.0
2022-03-09 10:00:00,5.7,49.0,85.6,42.1,49.1,42.3,0.0
2022-03-09 11:00:00,7.6,48.9,83.3,43.9,50.0,42.5,250.0
2022-03-09 12:00:00,7.7,49.0,83.5,42.6,49.1,41.9,150.0
2022-03-09 13:00:00,7.7,50.2,83.1,44.5,51.0,43.0,200.0
2022-03-09 14:00:00,8.1,50.1,82.2,44.0,50.1,43.2,180.0
2022-03-09 15:00:00,7.6,50.3,82.2,44.0,50.3,43.5,190.0
2022-03-09 16:00:00,7.4,50.6,83.5,44.2,50.6,43.4,200.0
2022-03-09 17:00:00,6.6,51.3,83.9,44.2,50.6,43.5,180.0
2022-03-09 18:00:00,6.1,51.8,85.1,45.5,51.9,43.9,110.0
2022-03-09 19:00:00,6.14,51.57,85.05,45.23,51.61,43.85,118.67
2022-03-09 20:00:00,6.18,51.35,85.01,44.95,51.31,43.81,118.67
2022-03-09 21:00:00,6.22,51.12,84.96,44.68,51.02,43.76,118.67
2022-03-09 22:00:00,6.26,50.89,84.91,44.41,50.73,43.71,118.67
2022-03-09 23:00:00,6.3,50.67,84.87,44.13,50.43,43.67,118.67
2022-03-10 00:00:00,6.34,50.44,84.82,43.86,50.14,43.62,118.67
2022-03-10 01:00:00,6.38,50.21,84.77,43.59,49.85,43.57,118.67
2022-03-10 02:00:00,6.42,49.99,84.73,43.31,49.55,43.53,118.67
2022-03-10 03:00:00,6.46,49.76,84.68,43.04,49.26,43.48,118.67
2022-03-10 04:00:00,6.5,49.53,84.63,42.77,48.97,43.43,118.67
2022-03-10 05:00:00,6.54,49.31,84.59,42.49,48.67,43.39,118.67
2022-03-10 06:00:00,6.58,49.08,84.54,42.22,48.38,43.34,118.67
2022-03-10 07:00:00,6.62,48.85,84.49,41.95,48.09,43.29,118.67
2022-03-10 08:00:00,6.66,48.63,84.45,41.67,47.79,43.25,118.67
2022-03-10 09:00:00,6.7,48.4,84.4,41.4,47.5,43.2,118.67
2022-03-10 10:00:00,7.5,47.8,82.6,41.4,47.9,41.7,150.0
2022-03-10 11:00:00,9.0,46.3,80.1,40.6,46.7,41.2,160.0
2022-03-10 12:00:00,9.5,45.8,78.4,40.2,46.2,40.6,150.0
2022-03-10 13:00:00,9.8,45.7,74.5,39.2,45.1,40.1,140.0
2022-03-10 14:00:00,10.1,45.9,74.8,39.5,45.4,39.8,140.0
2022-03-10 15:00:00,9.8,46.4,76.4,41.1,46.9,41.2,170.0
2022-03-10 16:00:00,8.4,47.7,73.9,41.2,47.2,41.1,150.0
2022-03-10 17:00:00,7.4,48.7,74.1,42.8,48.7,41.8,180.0
2022-03-10 18:00:00,6.5,49.7,82.6,44.1,50.6,43.3,190.0
2022-03-10 19:00:00,6.3,48.8,84.2,42.9,49.2,43.3,180.0
2022-03-10 20:00:00,6.0,49.0,84.4,42.3,48.8,42.4,160.0
2022-03-10 21:00:00,6.1,49.0,83.7,42.7,49.0,42.7,180.0
2022-03-10 22:00:00,6.1,48.9,83.3,42.4,43.9,42.7,170.0
2022-03-10 23:00:00,5.8,49.2,36.4,40.8,38.1,35.2,0.0
2022-03-11 00:00:00,5.6,49.3,33.9,39.5,34.3,33.5,0.0
2022-03-11 01:00:00,5.6,49.3,31.9,38.5,32.7,29.2,0.0
2022-03-11 02:00:00,5.6,49.6,32.2,38.4,33.1,27.6,0.0
2022-03-11 03:00:00,5.2,49.8,32.0,38.2,32.8,26.9,0.0
2022-03-11 04:00:00,4.6,50.7,31.5,37.8,32.3,26.3,0.0
2022-03-11 05:00:00,3.8,51.8,35.6,26.8,29.2,26.4,0.0
2022-03-11 06:00:00,3.2,51.0,76.1,46.5,51.1,40.4,260.0
2022-03-11 07:00:00,3.3,50.8,84.8,45.0,51.4,43.9,240.0
2022-03-11 08:00:00,4.5,50.2,85.3,44.1,50.7,43.7,190.0
2022-03-11 09:00:00,5.0,50.0,84.1,43.0,49.5,42.6,180.0
2022-03-11 10:00:00,5.9,49.1,83.2,43.2,49.6,42.7,180.0
2022-03-11 11:00:00,6.7,48.2,82.3,41.8,48.1,41.9,170.0
2022-03-11 12:00:00,7.0,47.6,81.6,42.6,48.6,41.9,170.0
2022-03-11 13:00:00,7.4,47.2,80.2,40.6,46.8,40.9,150.0
2022-03-11 14:00:00,7.5,47.1,81.0,40.6,46.8,40.9,150.0
2022-03-11 15:00:00,7.8,47.0,81.2,40.8,47.0,41.1,160.0
2022-03-11 16:00:00,7.1,47.5,76.5,41.3,47.2,40.9,160.0
2022-03-11 17:00:00,6.3,48.5,77.0,41.6,47.8,41.7,170.0
2022-03-11 18:00:00,5.8,49.0,84.1,42.8,49.2,42.9,180.0
2022-03-11 19:00:00,5.1,50.0,85.3,42.9,49.4,42.7,180.0
2022-03-11 20:00:00,4.2,49.5,85.2,43.1,49.7,43.1,180.0
2022-03-11 21:00:00,3.1,50.1,86.0,43.2,49.7,43.1,180.0
2022-03-11 22:00:00,2.8,50.4,86.6,43.3,49.8,43.3,180.0
2022-03-11 23:00:00,2.5,50.5,36.8,41.8,38.9,35.9,0.0
2022-03-12 00:00:00,2.0,50.8,34.7,40.3,35.4,34.2,0.0
2022-03-12 01:00:00,1.5,51.1,60.1,48.0,45.4,42.1,220.0
2022-03-12 02:00:00,1.7,50.9,90.0,47.0,53.3,40.2,110.0
2022-03-12 03:00:00,1.8,50.9,33.3,44.8,34.6,34.4,0.0
2022-03-12 04:00:00,2.1,50.8,33.7,42.9,30.3,29.8,0.0
2022-03-12 05:00:00,1.9,50.8,30.8,38.8,35.0,27.8,0.0
2022-03-12 06:00:00,1.6,51.1,88.4,49.0,54.2,37.7,200.0
2022-03-12 07:00:00,1.7,50.9,89.0,43.8,50.6,43.2,210.0
2022-03-12 08:00:00,2.8,50.3,86.2,43.9,50.6,43.5,200.0
2022-03-12 09:00:00,4.2,49.4,85.6,43.4,49.8,43.3,180.0
2022-03-12 10:00:00,5.0,49.1,82.6,42.2,48.6,42.5,170.0
2022-03-12 11:00:00,6.2,47.7,80.4,41.4,47.6,41.6,160.0
2022-03-12 12:00:00,7.2,46.7,78.9,40.6,46.8,41.1,160.0
2022-03-12 13:00:00,7.5,47.8,78.6,42.2,48.5,42.0,170.0
2022-03-12 14:00:00,7.7,47.5,78.0,41.6,47.7,41.8,160.0
2022-03-12 15:00:00,7.8,47.3,76.3,41.4,47.4,41.8,160.0
2022-03-12 16:00:00,7.7,47.6,70.4,41.4,47.0,41.1,150.0
2022-03-12 17:00:00,7.5,47.9,73.0,41.9,47.7,41.4,160.0
2022-03-12 18:00:00,6.2,48.9,81.7,43.1,49.5,42.7,180.0
2022-03-12 19:00:00,5.2,49.6,83.8,43.0,49.4,43.1,170.0
2022-03-12 20:00:00,4.3,50.4,84.9,43.4,49.9,43.1,180.0
2022-03-12 21:00:00,3.6,50.6,85.0,43.6,50.0,43.5,180.0
2022-03-12 22:00:00,3.0,45.2,86.0,43.5,50.0,43.8,180.0
2022-03-12 23:00:00,2.3,46.4,86.3,39.6,41.4,40.4,110.0
2022-03-13 00:00:00,1.8,46.9,34.8,37.7,37.0,34.3,0.0
2022-03-13 01:00:00,0.9,47.6,32.6,36.3,33.6,32.0,0.0
2022-03-13 02:00:00,0.9,47.6,30.8,36.1,32.0,28.7,0.0
2022-03-13 03:00:00,0.3,48.6,30.7,35.8,32.1,27.3,0.0
2022-03-13 04:00:00,-0.2,49.1,72.1,45.0,50.0,38.4,200.0
2022-03-13 05:00:00,-0.6,49.8,86.4,43.1,49.5,42.6,200.0
2022-03-13 06:00:00,-1.0,52.2,92.7,45.3,52.5,43.9,210.0
2022-03-13 07:00:00,-0.2,51.7,91.0,45.2,52.1,44.6,210.0
2022-03-13 08:00:00,0.7,50.8,90.7,44.1,50.8,44.0,190.0
2022-03-13 09:00:00,2.2,49.9,89.0,43.4,50.0,43.3,180.0
2022-03-13 10:00:00,4.2,48.4,85.4,42.6,49.1,42.9,180.0
2022-03-13 11:00:00,7.1,46.6,82.9,40.3,46.5,41.3,150.0
2022-03-13 12:00:00,8.1,45.8,80.0,39.0,45.1,40.3,140.0
2022-03-13 13:00:00,10.0,44.6,78.3,39.0,45.1,39.9,140.0
2022-03-13 14:00:00,10.8,44.2,76.7,38.8,44.7,39.9,130.0
2022-03-13 15:00:00,10.9,44.2,77.2,38.8,44.8,39.9,140.0
2022-03-13 16:00:00,10.6,44.3,76.6,38.1,44.0,39.5,130.0
2022-03-13 17:00:00,10.1,44.6,77.1,38.4,44.4,39.4,130.0
2022-03-13 18:00:00,8.5,46.0,79.3,39.5,45.7,40.2,140.0
2022-03-13 19:00:00,7.4,47.5,83.8,41.6,48.2,41.7,170.0
2022-03-13 20:00:00,6.1,48.1,84.5,41.9,48.3,42.2,170.0
2022-03-13 21:00:00,5.0,48.5,85.2,42.0,48.5,42.3,170.0
2022-03-13 22:00:00,4.2,49.0,84.5,42.0,43.5,42.6,160.0
2022-03-13 23:00:00,4.2,48.9,36.3,40.4,37.8,35.1,0.0
2022-03-14 00:00:00,3.5,49.5,33.7,39.1,34.6,33.2,0.0
2022-03-14 01:00:00,2.4,50.1,32.1,39.0,32.8,28.9,0.0
2022-03-14 02:00:00,1.7,50.7,32.5,39.1,33.3,27.8,0.0
2022-03-14 03:00:00,1.2,50.8,32.1,38.7,32.7,27.0,0.0
2022-03-14 04:00:00,0.9,51.1,25.4,38.7,28.4,26.2,0.0
2022-03-14 05:00:00,0.4,51.5,29.1,29.2,33.2,29.3,0.0
2022-03-14 06:00:00,0.0,51.7,86.8,45.8,52.1,46.2,350.0
2022-03-14 07:00:00,1.0,51.0,89.3,45.0,51.9,44.0,190.0
2022-03-14 08:00:00,2.6,49.9,86.9,43.0,49.6,43.2,180.0
2022-03-14 09:00:00,4.3,49.0,84.6,42.6,49.2,42.3,180.0
2022-03-14 10:00:00,6.6,47.9,80.6,41.6,47.9,42.1,170.0
2022-03-14 11:00:00,8.1,47.3,77.8,40.8,46.9,41.1,150.0
2022-03-14 12:00:00,9.7,46.6,74.2,40.6,46.3,40.9,160.0
2022-03-14 13:00:00,11.1,46.1,72.9,40.1,45.8,40.6,140.0
2022-03-14 14:00:00,11.5,46.0,70.7,39.7,45.3,40.2,140.0
2022-03-14 15:00:00,11.7,45.8,69.8,40.0,45.5,40.5,150.0
2022-03-14 16:00:00,11.6,45.9,66.6,40.1,45.5,40.4,140.0
2022-03-14 17:00:00,11.7,45.8,66.5,40.1,45.6,40.4,140.0
2022-03-14 18:00:00,10.2,46.4,69.6,40.6,46.3,40.5,140.0
2022-03-14 19:00:00,8.0,45.9,77.1,40.2,46.2,40.9,150.0
2022-03-14 20:00:00,7.9,46.0,77.2,39.9,45.9,40.9,150.0
2022-03-14 21:00:00,6.8,46.4,77.5,40.0,46.1,40.7,140.0
2022-03-14 22:00:00,6.1,46.6,80.0,40.8,47.1,41.2,150.0
2022-03-14 23:00:00,5.4,46.8,35.3,39.1,37.1,34.8,0.0
2022-03-15 00:00:00,4.9,47.2,33.5,37.8,34.6,33.3,0.0
2022-03-15 01:00:00,3.7,47.8,30.0,36.7,30.8,28.6,0.0
2022-03-15 02:00:00,2.9,48.6,31.6,38.2,32.8,27.5,0.0
2022-03-15 03:00:00,2.7,48.9,31.3,38.2,31.9,26.7,0.0
2022-03-15 04:00:00,2.5,48.9,30.7,37.9,31.3,26.0,0.0
2022-03-15 05:00:00,1.9,49.4,30.2,37.2,30.9,25.7,0.0
2022-03-15 06:00:00,2.1,49.2,44.9,29.8,32.8,27.1,0.0
2022-03-15 07:00:00,2.7,48.7,80.5,47.5,52.9,43.7,330.0
2022-03-15 08:00:00,4.2,47.4,86.8,41.1,47.7,41.3,150.0
2022-03-15 09:00:00,5.9,46.7,86.1,40.2,46.7,41.0,160.0
2022-03-15 10:00:00,7.6,45.4,82.7,39.3,45.6,40.4,150.0
2022-03-15 11:00:00,9.7,44.9,77.0,38.2,44.1,39.4,130.0
2022-03-15 12:00:00,11.7,40.4,70.5,36.6,41.6,39.1,120.0
2022-03-15 13:00:00,13.4,40.1,34.0,35.2,34.9,33.0,0.0
2022-03-15 14:00:00,14.8,42.0,31.8,35.1,33.8,32.2,0.0
2022-03-15 15:00:00,15.2,42.0,29.5,34.5,29.5,28.8,0.0
2022-03-15 16:00:00,15.9,45.0,29.1,34.1,30.4,27.5,0.0
2022-03-15 17:00:00,15.5,45.0,29.6,34.3,30.9,26.9,0.0
2022-03-15 18:00:00,13.3,45.3,69.7,37.9,41.7,30.0,80.0
2022-03-15 19:00:00,11.7,46.2,77.1,40.2,46.2,40.7,220.0
2022-03-15 20:00:00,11.4,46.3,77.0,39.7,45.8,40.3,150.0
2022-03-15 21:00:00,11.3,46.3,77.3,40.1,46.2,40.7,150.0
2022-03-15 22:00:00,10.8,46.6,76.8,40.4,42.2,40.9,150.0
2022-03-15 23:00:00,10.3,46.9,34.9,38.7,36.8,34.3,0.0
2022-03-16 00:00:00,9.7,47.2,33.4,37.4,34.4,32.9,0.0
2022-03-16 01:00:00,9.4,47.5,30.3,36.4,31.1,28.8,0.0
2022-03-16 02:00:00,9.6,47.5,31.6,37.8,33.1,27.5,0.0
2022-03-16 03:00:00,9.5,47.3,31.7,38.0,32.4,26.9,0.0
2022-03-16 04:00:00,9.7,47.3,31.3,37.7,32.3,26.6,0.0
2022-03-16 05:00:00,9.8,47.2,31.0,37.1,32.2,26.3,0.0
2022-03-16 06:00:00,9.4,47.4,80.4,38.8,43.5,28.8,60.0
2022-03-16 07:00:00,9.8,47.2,79.6,40.4,45.7,42.1,260.0
2022-03-16 08:00:00,10.8,46.7,78.4,40.6,46.7,41.0,150.0
2022-03-16 09:00:00,12.1,46.1,77.7,40.5,46.6,40.9,150.0
2022-03-16 10:00:00,13.4,45.3,75.0,39.1,44.8,40.2,140.0
2022-03-16 11:00:00,15.5,45.0,37.7,37.8,36.4,36.5,70.0
2022-03-16 12:00:00,17.0,45.0,32.7,36.5,35.4,31.6,0.0
2022-03-16 13:00:00,17.4,45.0,31.7,35.4,33.0,30.8,0.0
2022-03-16 14:00:00,17.6,44.0,72.0,39.6,45.0,40.1,220.0
2022-03-16 15:00:00,15.9,45.0,71.9,38.7,44.5,38.9,120.0
2022-03-16 16:00:00,15.0,45.0,73.9,39.6,45.3,40.4,150.0
2022-03-16 17:00:00,14.7,45.0,74.5,39.5,45.4,40.2,130.0
2022-03-16 18:00:00,14.1,45.0,74.9,39.3,45.2,40.2,140.0
2022-03-16 19:00:00,13.6,45.1,76.4,39.5,45.5,40.2,140.0
2022-03-16 20:00:00,13.3,47.2,77.0,41.8,47.9,41.6,160.0
2022-03-16 21:00:00,12.6,47.5,77.2,41.4,47.4,41.8,160.0
2022-03-16 22:00:00,12.5,47.5,77.4,41.5,47.5,41.9,150.0
2022-03-16 23:00:00,12.4,47.5,36.9,39.9,39.2,35.4,0.0
2022-03-17 00:00:00,12.3,47.5,34.3,38.5,33.5,34.1,0.0
2022-03-17 01:00:00,12.1,47.5,31.0,37.3,31.6,30.1,0.0
2022-03-17 02:00:00,11.9,47.6,31.6,37.5,32.7,28.5,0.0
2022-03-17 03:00:00,12.2,47.6,31.4,37.1,32.3,27.6,0.0
2022-03-17 04:00:00,11.6,47.7,31.2,37.2,32.3,27.1,0.0
2022-03-17 05:00:00,11.6,47.8,30.9,36.6,31.9,26.9,0.0
2022-03-17 06:00:00,11.2,47.9,58.2,35.0,39.5,30.8,90.0
2022-03-17 07:00:00,11.0,48.0,79.7,47.2,52.7,43.8,260.0
2022-03-17 08:00:00,11.0,46.6,79.5,39.8,46.0,40.8,130.0
2022-03-17 09:00:00,11.3,47.0,78.8,41.3,47.5,41.3,160.0
2022-03-17 10:00:00,12.2,46.3,78.1,40.7,46.7,41.3,150.0
2022-03-17 11:00:00,12.5,46.1,76.4,40.2,46.1,40.7,140.0
2022-03-17 12:00:00,12.7,45.9,74.8,39.5,45.4,40.3,140.0
2022-03-17 13:00:00,12.7,46.0,74.9,40.4,46.4,40.7,150.0
2022-03-17 14:00:00,12.9,45.7,74.2,39.8,45.4,40.8,140.0
2022-03-17 15:00:00,12.3,46.2,73.2,40.2,46.1,40.6,140.0
2022-03-17 16:00:00,11.9,46.6,73.9,40.6,46.5,41.1,150.0
2022-03-17 17:00:00,11.0,47.4,76.6,41.0,47.1,41.3,150.0
2022-03-17 18:00:00,10.2,47.8,78.6,41.8,48.0,42.0,160.0
2022-03-17 19:00:00,10.0,48.2,78.8,42.4,48.6,42.5,160.0
2022-03-17 20:00:00,9.6,48.5,77.5,42.1,48.1,42.4,160.0
2022-03-17 21:00:00,9.5,48.4,77.2,41.8,47.9,42.1,160.0
2022-03-17 22:00:00,9.4,48.5,76.9,42.5,43.7,42.6,160.0
2022-03-17 23:00:00,8.8,48.8,36.5,40.9,38.1,35.8,0.0
2022-03-18 00:00:00,8.2,49.4,34.4,39.4,35.0,34.2,0.0
2022-03-18 01:00:00,7.4,49.9,31.3,38.2,32.0,29.8,0.0
2022-03-18 02:00:00,7.3,50.0,32.0,38.0,33.1,28.4,0.0
2022-03-18 03:00:00,7.0,50.5,31.6,37.9,32.4,27.5,0.0
2022-03-18 04:00:00,6.4,50.8,31.3,37.6,32.2,26.9,0.0
2022-03-18 05:00:00,5.9,51.2,30.9,37.0,31.8,26.6,0.0
2022-03-18 06:00:00,6.1,51.3,34.1,32.5,35.4,28.3,0.0
2022-03-18 07:00:00,7.1,46.6,83.1,41.1,46.6,42.8,290.0
2022-03-18 08:00:00,7.9,46.1,82.7,40.3,46.8,40.6,140.0
2022-03-18 09:00:00,8.1,45.8,82.3,40.1,46.2,40.7,40.0
2022-03-18 10:00:00,10.1,44.4,76.2,38.5,44.4,39.8,230.0
2022-03-18 11:00:00,11.2,44.0,74.4,37.7,43.6,39.0,130.0
2022-03-18 12:00:00,12.2,43.1,59.9,36.7,36.0,35.9,60.0
2022-03-18 13:00:00,12.2,43.1,74.5,41.1,46.5,36.9,120.0
2022-03-18 14:00:00,12.4,43.1,72.8,36.6,42.4,38.3,110.0
2022-03-18 15:00:00,12.2,43.2,73.4,37.3,43.1,38.7,120.0
2022-03-18 16:00:00,11.6,43.5,68.7,37.3,42.9,38.5,120.0
2022-03-18 17:00:00,10.9,44.2,73.3,38.0,43.8,38.8,130.0
2022-03-18 18:00:00,9.5,45.0,78.1,39.5,45.6,40.1,140.0
2022-03-18 19:00:00,8.8,45.6,78.7,39.5,45.6,40.4,150.0
2022-03-18 20:00:00,8.1,45.8,79.5,39.6,45.8,40.6,140.0
2022-03-18 21:00:00,7.2,46.5,81.5,39.8,46.1,40.7,140.0
2022-03-18 22:00:00,6.7,46.8,59.7,38.6,37.6,37.5,90.0
2022-03-18 23:00:00,5.8,47.5,52.3,32.9,37.9,33.9,0.0
2022-03-19 00:00:00,4.7,48.3,48.7,29.1,34.1,31.8,0.0
2022-03-19 01:00:00,4.1,48.5,46.9,25.4,35.1,28.4,0.0
2022-03-19 02:00:00,3.6,48.9,47.2,23.6,35.7,27.6,0.0
2022-03-19 03:00:00,2.6,49.7,46.3,23.1,32.6,26.9,0.0
2022-03-19 04:00:00,1.9,50.2,45.2,22.6,31.5,26.4,0.0
2022-03-19 05:00:00,1.5,50.3,43.1,22.2,31.2,25.8,0.0
2022-03-19 06:00:00,1.1,50.8,45.8,28.1,30.9,25.0,0.0
2022-03-19 07:00:00,1.8,50.1,89.6,43.9,50.6,43.5,320.0
2022-03-19 08:00:00,3.3,49.1,87.2,42.2,48.8,42.1,170.0
2022-03-19 09:00:00,4.7,48.0,85.7,42.1,48.6,42.3,180.0
2022-03-19 10:00:00,6.7,46.8,82.7,40.8,47.1,41.4,160.0
2022-03-19 11:00:00,9.2,45.2,80.1,39.7,45.9,40.6,140.0
2022-03-19 12:00:00,10.5,44.4,76.1,38.2,44.1,39.6,130.0
2022-03-19 13:00:00,11.1,43.9,75.0,37.4,39.5,38.7,110.0
2022-03-19 14:00:00,11.0,43.9,33.2,36.1,35.5,33.1,0.0
2022-03-19 15:00:00,11.2,43.8,31.6,35.1,32.9,32.2,0.0
2022-03-19 16:00:00,11.0,43.9,29.8,34.5,31.1,29.1,0.0
2022-03-19 17:00:00,10.2,44.6,30.3,35.2,31.4,27.8,0.0
2022-03-19 18:00:00,8.8,46.6,80.4,41.7,47.8,40.1,230.0
2022-03-19 19:00:00,7.7,47.1,80.9,40.1,46.4,40.6,150.0
2022-03-19 20:00:00,7.1,47.6,82.7,41.1,47.4,41.2,170.0
2022-03-19 21:00:00,6.5,46.3,82.3,40.2,46.5,41.3,150.0
2022-03-19 22:00:00,6.1,46.4,82.4,39.7,41.9,40.5,140.0
2022-03-19 23:00:00,5.5,46.8,35.1,38.0,37.0,34.2,0.0
2022-03-20 00:00:00,4.4,47.4,32.6,36.7,34.0,32.7,0.0
2022-03-20 01:00:00,4.4,47.4,31.9,37.8,32.8,28.7,0.0
2022-03-20 02:00:00,3.6,48.2,32.0,37.9,33.0,27.9,0.0
2022-03-20 03:00:00,3.8,47.8,31.6,37.5,32.4,27.1,0.0
2022-03-20 04:00:00,2.7,48.6,31.3,36.9,32.6,26.7,0.0
2022-03-20 05:00:00,2.7,48.7,30.8,36.3,32.0,26.4,0.0
2022-03-20 06:00:00,2.4,50.8,52.4,35.7,39.8,31.6,120.0
2022-03-20 07:00:00,3.7,50.4,89.7,43.6,50.1,43.4,270.0
2022-03-20 08:00:00,5.4,49.4,86.1,42.8,49.4,42.6,180.0
2022-03-20 09:00:00,7.3,47.5,83.2,41.7,48.1,42.1,170.0
2022-03-20 10:00:00,8.1,46.6,82.1,40.7,47.0,41.1,160.0
2022-03-20 11:00:00,9.0,45.3,79.2,39.7,45.9,40.6,150.0
2022-03-20 12:00:00,9.9,44.3,78.2,38.8,44.9,39.9,140.0
2022-03-20 13:00:00,10.7,44.8,76.0,38.1,44.4,39.1,130.0
2022-03-20 14:00:00,11.5,44.3,71.7,38.3,43.9,39.4,140.0
2022-03-20 15:00:00,11.8,44.0,72.3,38.1,43.9,39.1,120.0
2022-03-20 16:00:00,12.1,43.7,70.0,37.8,43.4,38.9,130.0
2022-03-20 17:00:00,10.9,44.7,70.8,38.4,44.1,39.1,130.0
2022-03-20 18:00:00,9.6,46.0,77.6,40.6,46.7,40.5,160.0
2022-03-20 19:00:00,9.1,48.1,79.2,41.8,47.9,41.7,170.0
2022-03-20 20:00:00,8.5,48.4,80.9,42.3,48.5,42.5,170.0
2022-03-20 21:00:00,7.9,47.4,81.8,41.4,47.7,42.0,160.0
2022-03-20 22:00:00,7.2,47.8,81.1,40.8,42.7,41.7,150.0
2022-03-20 23:00:00,5.9,48.4,35.6,39.2,37.2,34.8,0.0
2022-03-21 00:00:00,5.4,48.6,33.6,38.0,34.6,33.3,0.0
2022-03-21 01:00:00,4.7,49.0,31.1,37.4,32.1,29.1,0.0
2022-03-21 02:00:00,4.0,49.6,32.2,38.5,33.2,27.7,0.0
2022-03-21 03:00:00,3.1,50.0,32.0,38.4,32.8,27.0,0.0
2022-03-21 04:00:00,2.6,50.2,31.6,37.7,32.7,26.6,0.0
2022-03-21 05:00:00,1.9,50.5,35.8,39.0,32.3,26.3,0.0
2022-03-21 06:00:00,1.7,50.7,64.3,39.7,42.1,31.3,0.0
2022-03-21 07:00:00,2.9,50.1,83.7,43.6,49.6,44.6,320.0
2022-03-21 08:00:00,4.3,48.3,88.5,41.9,48.6,42.0,160.0
2022-03-21 09:00:00,7.0,46.1,86.2,39.9,46.2,41.2,160.0
2022-03-21 10:00:00,9.0,45.2,80.1,39.1,45.3,40.0,140.0
2022-03-21 11:00:00,10.7,44.5,77.6,39.1,45.1,39.9,140.0
2022-03-21 12:00:00,11.6,44.1,76.9,38.1,44.0,39.5,140.0
2022-03-21 13:00:00,12.3,43.8,74.4,37.4,43.1,38.7,120.0
2022-03-21 14:00:00,12.8,43.4,73.5,37.4,43.1,38.6,120.0
2022-03-21 15:00:00,13.1,43.4,72.9,37.3,43.0,38.7,120.0
2022-03-21 16:00:00,12.7,43.5,69.5,37.3,42.8,38.5,120.0
2022-03-21 17:00:00,12.8,43.5,30.6,36.0,32.8,32.8,0.0
2022-03-21 18:00:00,11.5,44.1,51.1,37.0,40.9,36.0,130.0
2022-03-21 19:00:00,11.2,46.6,79.3,44.0,49.6,42.7,230.0
2022-03-21 20:00:00,11.1,46.6,78.1,40.1,46.3,40.8,120.0
2022-03-21 21:00:00,10.7,46.7,78.3,40.7,46.8,41.1,150.0
2022-03-21 22:00:00,9.9,46.9,40.3,39.4,35.2,35.3,40.0
2022-03-21 23:00:00,8.6,47.1,34.0,38.1,35.8,33.8,0.0
2022-03-22 00:00:00,7.5,47.4,31.3,36.9,30.6,30.0,0.0
2022-03-22 01:00:00,6.3,47.7,30.0,35.9,31.1,28.0,0.0
2022-03-22 02:00:00,5.9,47.7,31.1,37.9,32.8,27.2,0.0
2022-03-22 03:00:00,5.3,47.9,30.9,38.4,31.3,26.5,0.0
2022-03-22 04:00:00,4.9,48.0,29.6,34.3,28.8,26.1,0.0
2022-03-22 05:00:00,4.6,48.3,28.6,22.8,32.2,25.7,0.0
2022-03-22 06:00:00,4.2,48.3,61.5,33.8,37.0,27.5,50.0
2022-03-22 07:00:00,4.8,48.0,60.8,43.1,47.9,42.8,290.0
2022-03-22 08:00:00,7.0,47.5,84.7,41.7,48.2,41.8,180.0
2022-03-22 09:00:00,9.9,46.9,79.8,40.2,46.2,41.0,150.0
2022-03-22 10:00:00,11.7,46.4,77.4,39.9,45.9,40.5,140.0
2022-03-22 11:00:00,14.1,46.0,74.8,39.6,45.4,40.3,150.0
2022-03-22 12:00:00,14.8,46.0,43.7,38.9,36.5,36.3,70.0
2022-03-22 13:00:00,16.2,46.0,34.0,37.6,35.7,33.3,0.0
2022-03-22 14:00:00,17.1,46.0,31.7,36.4,31.7,30.7,0.0
2022-03-22 15:00:00,17.5,46.0,30.2,35.4,31.6,28.4,0.0
2022-03-22 16:00:00,17.3,46.0,30.4,35.1,31.5,27.7,0.0
2022-03-22 17:00:00,17.0,44.0,71.6,39.1,44.7,39.6,230.0
2022-03-22 18:00:00,16.3,44.0,71.1,37.6,43.4,38.8,120.0
2022-03-22 19:00:00,14.9,44.0,73.7,38.3,44.2,39.2,140.0
2022-03-22 20:00:00,13.9,45.0,76.4,39.1,45.0,39.7,130.0
2022-03-22 21:00:00,13.1,45.0,76.7,39.5,45.5,40.3,150.0
2022-03-22 22:00:00,13.6,45.0,74.5,39.3,41.3,40.5,130.0
2022-03-22 23:00:00,12.2,45.0,34.6,37.9,36.5,34.2,0.0
2022-03-23 00:00:00,11.2,45.3,33.1,36.7,34.0,32.8,0.0
2022-03-23 01:00:00,9.7,45.9,30.2,35.8,31.3,29.2,0.0
2022-03-23 02:00:00,9.3,46.1,31.2,36.5,32.8,28.2,0.0
2022-03-23 03:00:00,8.5,46.5,31.1,36.6,32.4,27.1,0.0
2022-03-23 04:00:00,8.0,46.6,30.8,36.3,31.7,26.7,0.0
2022-03-23 05:00:00,7.8,47.1,64.9,36.8,40.5,30.3,80.0
2022-03-23 06:00:00,7.4,49.0,84.7,42.1,48.8,41.5,250.0
2022-03-23 07:00:00,8.5,48.4,83.5,42.7,49.0,42.5,180.0
2022-03-23 08:00:00,10.3,47.2,80.3,41.4,47.6,41.9,160.0
2022-03-23 09:00:00,12.4,46.0,77.7,40.6,46.6,41.2,150.0
2022-03-23 10:00:00,14.4,45.0,73.4,39.0,44.7,40.2,130.0
2022-03-23 11:00:00,15.8,45.0,35.1,37.5,34.8,34.9,40.0
2022-03-23 12:00:00,16.8,45.0,33.2,36.4,35.0,33.3,0.0
2022-03-23 13:00:00,17.3,45.0,30.9,35.4,31.1,30.2,0.0
2022-03-23 14:00:00,17.5,45.0,30.4,35.4,31.6,28.4,0.0
2022-03-23 15:00:00,17.9,45.0,30.5,35.4,31.7,27.7,0.0
2022-03-23 16:00:00,18.0,45.0,30.3,35.3,31.2,27.3,0.0
2022-03-23 17:00:00,17.4,45.0,29.9,34.8,31.1,26.9,0.0
2022-03-23 18:00:00,16.4,45.0,54.7,31.4,35.4,26.9,40.0
2022-03-23 19:00:00,14.5,45.0,73.2,39.3,45.0,40.1,230.0
2022-03-23 20:00:00,13.1,45.6,73.3,39.1,45.0,39.6,130.0
2022-03-23 21:00:00,12.1,46.9,75.1,41.3,47.2,41.2,160.0
2022-03-23 22:00:00,11.2,47.4,75.6,41.7,43.1,42.0,160.0
2022-03-23 23:00:00,10.5,47.8,35.8,40.1,37.5,35.0,0.0
2022-03-24 00:00:00,9.6,48.2,33.7,38.7,34.6,33.6,0.0
2022-03-24 01:00:00,8.5,48.7,30.9,37.5,30.8,29.3,0.0
2022-03-24 02:00:00,7.5,49.3,31.1,37.3,32.4,27.9,0.0
2022-03-24 03:00:00,6.8,49.6,31.1,37.5,32.0,27.2,0.0
2022-03-24 04:00:00,6.2,49.9,31.1,37.4,32.2,26.5,0.0
2022-03-24 05:00:00,5.8,50.1,30.6,37.0,31.6,26.4,0.0
2022-03-24 06:00:00,5.9,50.1,30.7,30.3,34.1,28.0,0.0
2022-03-24 07:00:00,6.3,47.6,84.5,43.3,48.9,44.1,310.0
2022-03-24 08:00:00,7.8,47.3,83.1,41.0,47.4,41.1,140.0
2022-03-24 09:00:00,9.5,46.4,80.0,39.9,45.8,41.1,160.0
2022-03-24 10:00:00,12.2,46.2,77.4,39.8,45.7,40.6,140.0
2022-03-24 11:00:00,14.8,46.0,64.1,39.6,40.7,39.9,120.0
2022-03-24 12:00:00,17.8,46.0,29.5,37.9,32.6,32.5,0.0
2022-03-24 13:00:00,19.4,46.0,29.2,30.5,31.4,30.6,0.0
2022-03-24 14:00:00,19.9,46.0,28.7,26.4,32.1,30.0,0.0
2022-03-24 15:00:00,20.3,46.0,28.8,24.4,30.5,28.3,0.0
2022-03-24 16:00:00,20.5,46.0,62.3,26.0,30.1,28.4,0.0
2022-03-24 17:00:00,20.3,46.0,59.2,25.7,28.5,28.5,0.0
2022-03-24 18:00:00,18.7,46.0,48.3,25.1,34.4,28.1,0.0
2022-03-24 19:00:00,15.8,46.0,55.5,23.1,31.2,26.8,0.0
2022-03-24 20:00:00,14.1,46.0,74.1,41.0,46.8,40.8,250.0
2022-03-24 21:00:00,12.9,46.1,73.4,39.0,40.4,39.8,110.0
2022-03-24 22:00:00,11.9,46.2,34.3,37.8,36.2,33.7,0.0
2022-03-24 23:00:00,11.0,46.3,32.9,36.6,33.6,32.3,0.0
2022-03-25 00:00:00,10.8,46.3,29.8,35.6,30.5,28.7,0.0
2022-03-25 01:00:00,9.5,46.5,30.5,36.9,32.0,27.6,0.0
2022-03-25 02:00:00,8.7,46.6,31.8,38.1,33.2,27.0,0.0
2022-03-25 03:00:00,8.1,46.6,31.1,38.1,32.2,26.4,0.0
2022-03-25 04:00:00,7.2,46.7,30.7,37.6,31.7,26.4,0.0
2022-03-25 05:00:00,6.5,46.8,30.2,36.9,31.1,26.1,0.0
2022-03-25 06:00:00,6.6,46.8,80.7,40.5,45.7,30.5,110.0
2022-03-25 07:00:00,7.7,46.7,70.1,40.2,45.9,40.2,210.0
2022-03-25 08:00:00,9.1,46.5,83.1,40.7,47.0,41.1,170.0
2022-03-25 09:00:00,12.5,46.1,77.5,40.0,45.9,40.7,150.0
2022-03-25 10:00:00,15.1,46.0,63.3,40.3,45.8,40.7,150.0
2022-03-25 11:00:00,16.3,46.0,41.6,39.6,35.4,35.3,40.0
2022-03-25 12:00:00,17.5,46.0,34.1,38.3,35.7,33.6,0.0
2022-03-25 13:00:00,18.2,46.0,31.3,37.2,30.6,29.7,0.0
2022-03-25 14:00:00,18.6,46.0,30.6,36.1,31.6,28.4,0.0
2022-03-25 15:00:00,18.9,46.0,31.1,37.3,32.7,27.8,0.0
2022-03-25 16:00:00,19.0,46.0,31.8,37.9,32.9,27.5,0.0
2022-03-25 17:00:00,18.5,46.0,31.5,38.0,32.7,27.2,0.0
2022-03-25 18:00:00,17.7,44.0,63.7,32.0,35.2,26.6,0.0
2022-03-25 19:00:00,16.2,44.0,43.7,37.0,40.3,37.4,200.0
2022-03-25 20:00:00,14.3,45.0,75.2,40.4,46.2,40.3,160.0
2022-03-25 21:00:00,13.1,45.1,76.1,38.5,44.5,39.6,120.0
2022-03-25 22:00:00,12.8,45.3,76.0,38.7,40.7,39.8,130.0
2022-03-25 23:00:00,12.0,45.4,34.2,37.3,36.2,33.9,0.0
2022-03-26 00:00:00,11.4,45.6,32.3,36.1,33.4,32.5,0.0
2022-03-26 01:00:00,10.5,45.8,29.9,35.2,30.4,28.9,0.0
2022-03-26 02:00:00,9.4,46.0,31.7,37.8,32.9,28.1,0.0
2022-03-26 03:00:00,9.1,46.0,31.8,38.1,32.9,27.1,0.0
2022-03-26 04:00:00,8.2,46.2,31.4,37.8,32.4,26.7,0.0
2022-03-26 05:00:00,7.7,46.4,30.9,37.2,31.7,26.5,0.0
2022-03-26 06:00:00,7.5,47.1,84.2,44.0,49.9,38.1,210.0
2022-03-26 07:00:00,8.6,46.0,82.9,39.3,45.5,40.3,150.0
2022-03-26 08:00:00,9.9,44.5,79.8,38.7,44.8,39.9,140.0
2022-03-26 09:00:00,11.6,42.7,78.0,37.2,43.0,39.1,120.0
2022-03-26 10:00:00,14.0,42.0,72.9,36.6,39.0,38.4,110.0
2022-03-26 11:00:00,15.6,42.0,32.8,35.4,34.9,33.0,0.0
2022-03-26 12:00:00,17.5,42.0,31.4,34.4,32.8,31.8,0.0
2022-03-26 13:00:00,18.6,42.0,29.3,33.6,30.5,28.6,0.0
2022-03-26 14:00:00,19.1,42.0,30.0,34.7,31.4,27.5,0.0
2022-03-26 15:00:00,19.6,42.0,30.1,34.7,31.7,27.1,0.0
2022-03-26 16:00:00,19.9,42.0,29.9,34.5,31.1,26.9,0.0
2022-03-26 17:00:00,19.8,42.0,29.6,34.1,31.1,26.7,0.0
2022-03-26 18:00:00,18.5,42.0,29.4,32.0,31.1,26.5,0.0
2022-03-26 19:00:00,15.7,44.0,72.2,38.6,44.1,39.6,230.0
2022-03-26 20:00:00,14.6,44.0,73.0,37.8,43.8,38.6,120.0
2022-03-26 21:00:00,13.3,44.4,74.5,38.4,44.4,39.3,130.0
2022-03-26 22:00:00,13.0,45.6,74.6,39.1,41.0,39.8,140.0
2022-03-26 23:00:00,11.6,46.3,34.2,37.6,36.0,33.9,0.0
2022-03-27 00:00:00,10.6,46.8,32.7,36.3,34.0,32.7,0.0
2022-03-27 01:00:00,10.0,47.1,30.2,35.2,30.7,29.3,0.0
2022-03-27 02:00:00,9.6,47.35,30.6,35.8,31.65,28.75,0.0
2022-03-27 03:00:00,9.2,47.6,31.0,36.4,32.6,28.2,0.0
2022-03-27 04:00:00,8.8,48.0,31.3,36.9,32.7,27.2,0.0
2022-03-27 05:00:00,8.4,48.0,30.9,36.8,32.0,26.7,0.0
2022-03-27 06:00:00,8.0,48.4,80.6,37.6,42.4,26.9,40.0
2022-03-27 07:00:00,7.7,48.6,82.5,41.7,47.8,42.1,270.0
2022-03-27 08:00:00,8.7,48.0,82.1,41.7,48.0,41.8,170.0
2022-03-27 09:00:00,10.4,47.1,78.7,41.4,47.5,41.9,160.0
2022-03-27 10:00:00,12.4,45.8,75.4,40.7,46.2,41.3,150.0
2022-03-27 11:00:00,14.8,45.0,70.6,38.5,40.3,39.7,110.0
2022-03-27 12:00:00,16.9,45.0,33.9,37.3,35.8,33.9,0.0
2022-03-27 13:00:00,18.3,45.0,32.8,36.3,34.0,32.7,0.0
2022-03-27 14:00:00,20.0,45.0,30.4,35.3,31.1,29.5,0.0
2022-03-27 15:00:00,21.2,45.0,30.3,35.1,31.6,28.1,0.0
2022-03-27 16:00:00,21.7,45.0,30.4,35.2,31.8,27.8,0.0
2022-03-27 17:00:00,21.6,45.0,30.4,35.1,31.9,27.5,0.0
2022-03-27 18:00:00,21.1,45.0,30.1,34.7,31.4,27.5,0.0
2022-03-27 19:00:00,19.5,45.0,29.7,34.2,31.3,27.3,0.0
2022-03-27 20:00:00,17.3,45.0,71.3,42.5,47.2,36.3,160.0
2022-03-27 21:00:00,15.7,45.0,71.4,38.4,40.5,39.6,140.0
2022-03-27 22:00:00,15.6,45.0,34.0,37.2,36.0,33.6,0.0
2022-03-27 23:00:00,14.8,45.0,32.6,36.2,33.0,32.3,0.0
2022-03-28 00:00:00,13.9,45.1,30.0,35.1,30.2,29.3,0.0
2022-03-28 01:00:00,12.6,45.6,29.2,34.3,30.2,28.5,0.0
2022-03-28 02:00:00,11.8,46.1,29.8,34.7,32.0,27.7,0.0
2022-03-28 03:00:00,11.3,46.3,29.8,34.8,31.6,26.9,0.0
2022-03-28 04:00:00,10.4,47.0,29.2,34.4,30.5,26.5,0.0
2022-03-28 05:00:00,9.4,47.4,28.1,29.4,29.7,26.2,0.0
2022-03-28 06:00:00,9.0,47.8,54.4,28.9,32.8,25.5,0.0
2022-03-28 07:00:00,8.6,48.0,63.0,41.7,46.3,42.1,280.0
2022-03-28 08:00:00,9.8,47.3,80.5,41.6,47.7,41.9,170.0
2022-03-28 09:00:00,11.1,46.6,79.7,40.9,47.1,41.4,150.0
2022-03-28 10:00:00,13.1,45.6,77.9,40.2,46.2,40.8,140.0
2022-03-28 11:00:00,15.1,45.0,36.3,38.8,37.2,35.1,0.0
2022-03-28 12:00:00,17.1,45.0,33.8,37.6,35.5,33.6,0.0
2022-03-28 13:00:00,18.5,45.0,31.2,36.5,31.4,29.9,0.0
2022-03-28 14:00:00,20.0,45.0,31.0,36.3,32.2,28.4,0.0
2022-03-28 15:00:00,20.8,45.0,31.2,36.3,32.3,27.8,0.0
2022-03-28 16:00:00,21.2,45.0,30.9,36.0,31.8,27.5,0.0
2022-03-28 17:00:00,20.9,45.0,30.6,35.5,31.9,27.2,0.0
2022-03-28 18:00:00,20.3,45.0,30.4,35.0,31.9,27.2,0.0
2022-03-28 19:00:00,18.3,43.0,67.1,39.8,44.8,36.6,170.0
2022-03-28 20:00:00,16.6,43.0,71.9,37.7,43.3,39.0,120.0
2022-03-28 21:00:00,15.6,43.0,70.2,36.7,42.4,38.4,110.0
2022-03-28 22:00:00,15.2,43.0,67.6,37.1,38.7,38.2,100.0
2022-03-28 23:00:00,15.2,43.0,33.1,35.8,35.4,33.4,0.0
2022-03-29 00:00:00,14.8,43.0,31.9,34.7,33.1,32.2,0.0
2022-03-29 01:00:00,14.2,43.0,29.5,33.7,30.6,29.1,0.0
2022-03-29 02:00:00,14.1,43.0,30.2,34.8,32.4,28.3,0.0
2022-03-29 03:00:00,14.1,43.0,30.7,35.3,32.3,27.5,0.0
2022-03-29 04:00:00,13.9,43.2,30.4,35.3,31.5,27.1,0.0
2022-03-29 05:00:00,13.7,43.3,64.2,34.5,36.9,27.6,40.0
2022-03-29 06:00:00,13.4,43.3,73.3,36.9,42.4,38.8,190.0
2022-03-29 07:00:00,13.6,43.3,77.1,37.6,43.7,38.7,130.0
2022-03-29 08:00:00,15.7,43.0,73.9,36.9,42.6,38.6,110.0
2022-03-29 09:00:00,17.2,43.0,71.6,36.8,42.4,38.3,110.0
2022-03-29 10:00:00,18.7,43.0,48.5,36.1,35.3,35.3,60.0
2022-03-29 11:00:00,20.4,43.0,32.4,34.9,34.5,32.7,0.0
2022-03-29 12:00:00,21.0,43.0,30.7,33.9,31.6,30.5,0.0
2022-03-29 13:00:00,20.9,43.0,29.3,33.8,30.7,28.6,0.0
2022-03-29 14:00:00,21.0,43.0,30.3,34.7,32.0,28.4,0.0
2022-03-29 15:00:00,21.7,43.0,30.3,34.6,31.8,27.7,0.0
2022-03-29 16:00:00,21.6,43.0,30.1,34.3,31.8,27.6,0.0
2022-03-29 17:00:00,21.6,43.0,29.9,33.8,31.8,27.7,0.0
2022-03-29 18:00:00,21.4,43.0,29.6,33.4,31.7,27.7,0.0
2022-03-29 19:00:00,19.7,43.0,29.3,32.9,31.5,27.5,0.0
2022-03-29 20:00:00,18.1,43.0,72.0,40.7,45.9,36.1,160.0
2022-03-29 21:00:00,17.3,43.0,69.6,36.7,42.2,38.4,110.0
2022-03-29 22:00:00,16.7,43.0,68.1,37.0,39.0,38.3,100.0
2022-03-29 23:00:00,16.0,43.0,33.1,35.7,35.2,33.3,0.0
2022-03-30 00:00:00,15.3,43.0,31.5,34.5,33.2,32.3,0.0
2022-03-30 01:00:00,15.1,43.0,29.9,33.6,31.3,30.0,0.0
2022-03-30 02:00:00,14.8,43.0,30.0,34.5,31.1,28.1,0.0
2022-03-30 03:00:00,13.7,43.2,30.3,34.9,32.0,27.6,0.0
2022-03-30 04:00:00,13.3,43.6,30.1,34.7,31.3,27.1,0.0
2022-03-30 05:00:00,12.6,44.1,29.7,34.4,31.4,26.8,0.0
2022-03-30 06:00:00,12.0,44.6,78.7,37.7,42.0,28.1,40.0
2022-03-30 07:00:00,12.3,45.4,77.7,38.6,44.2,40.8,240.0
2022-03-30 08:00:00,13.9,44.5,76.1,38.6,44.6,39.7,120.0
2022-03-30 09:00:00,15.4,44.5,73.0,38.2,44.0,39.5,120.0
2022-03-30 10:00:00,18.7,44.5,33.2,37.0,34.9,34.8,40.0
2022-03-30 11:00:00,20.3,44.5,32.9,35.9,34.6,33.0,0.0
2022-03-30 12:00:00,21.4,44.5,30.9,35.6,32.3,30.4,0.0
2022-03-30 13:00:00,22.5,44.5,31.1,35.8,32.1,28.7,0.0
2022-03-30 14:00:00,22.9,44.5,31.1,35.8,32.2,28.0,0.0
2022-03-30 15:00:00,23.1,44.5,30.9,35.5,32.1,27.6,0.0
2022-03-30 16:00:00,22.5,44.5,30.5,35.0,32.0,27.6,0.0
2022-03-30 17:00:00,21.8,44.5,30.3,34.5,31.7,27.6,0.0
2022-03-30 18:00:00,21.5,44.5,29.9,34.0,32.1,27.4,0.0
2022-03-30 19:00:00,20.5,44.5,29.6,33.5,31.5,27.2,0.0
2022-03-30 20:00:00,19.7,44.5,77.0,37.0,41.7,27.6,50.0
2022-03-30 21:00:00,19.7,44.5,70.3,38.7,41.6,39.9,210.0
2022-03-30 22:00:00,19.6,44.5,34.9,37.3,36.2,34.0,0.0
2022-03-30 23:00:00,19.5,44.5,33.1,36.4,34.6,32.7,0.0
2022-03-31 00:00:00,19.4,44.5,30.6,35.3,29.3,29.4,0.0
2022-03-31 01:00:00,18.7,44.5,30.0,34.5,31.9,29.2,0.0
2022-03-31 02:00:00,19.0,44.5,30.2,34.8,32.4,27.8,0.0
2022-03-31 03:00:00,18.3,44.5,30.6,35.5,32.5,27.4,0.0
2022-03-31 04:00:00,17.7,44.5,30.4,35.5,32.0,27.0,0.0
2022-03-31 05:00:00,17.6,44.5,30.0,35.2,31.4,26.8,0.0
2022-03-31 06:00:00,18.1,44.5,37.2,31.8,37.1,26.9,0.0
2022-03-31 07:00:00,18.1,44.5,70.7,39.3,44.7,40.3,240.0
2022-03-31 08:00:00,17.4,44.5,71.2,38.2,43.9,39.2,120.0
2022-03-31 09:00:00,17.4,44.5,73.1,38.7,44.5,39.6,120.0
2022-03-31 10:00:00,19.0,44.5,71.0,38.7,44.2,39.8,130.0
2022-03-31 11:00:00,20.5,44.5,58.3,38.3,39.0,38.7,90.0
2022-03-31 12:00:00,20.4,44.5,33.9,37.0,36.1,34.2,0.0
2022-03-31 13:00:00,20.5,44.5,32.3,35.8,33.4,32.9,0.0
2022-03-31 14:00:00,20.8,44.5,30.3,34.8,31.4,29.6,0.0
2022-03-31 15:00:00,21.7,44.5,30.7,35.5,32.4,28.8,0.0
2022-03-31 16:00:00,21.8,44.5,30.9,35.7,32.7,28.1,0.0
2022-03-31 17:00:00,22.8,44.5,30.8,35.7,32.3,27.7,0.0
2022-03-31 18:00:00,22.1,44.5,30.6,35.4,32.3,27.4,0.0
2022-03-31 19:00:00,20.9,44.5,30.2,34.9,31.9,27.1,0.0
2022-03-31 20:00:00,20.6,44.5,30.0,34.4,32.0,27.0,0.0
2022-03-31 21:00:00,20.0,43.0,72.5,40.8,45.6,34.0,130.0
2022-03-31 22:00:00,19.9,43.0,69.0,36.4,38.8,38.1,110.0
2022-03-31 23:00:00,19.7,43.0,32.9,35.4,35.5,33.1,0.0
2022-11-01 06:00:00,8.8,44.2,35.6,34.7,36.6,24.6,34700.0
2022-11-01 07:00:00,9.1,45.3,78.8,39.6,45.7,40.0,270.0
2022-11-01 08:00:00,10.0,44.6,77.4,37.8,43.9,39.1,140.0
2022-11-01 09:00:00,11.7,43.7,73.3,37.4,43.1,38.7,120.0
2022-11-01 10:00:00,13.6,43.5,41.7,36.3,34.6,34.6,60.0
2022-11-01 11:00:00,15.4,43.5,32.4,35.4,34.2,32.1,0.0
2022-11-01 12:00:00,16.9,43.5,31.2,34.5,33.0,29.1,0.0
2022-11-01 13:00:00,18.3,43.5,29.3,33.7,30.1,28.6,0.0
2022-11-01 14:00:00,19.5,43.5,29.2,33.5,30.7,28.5,0.0
2022-11-01 15:00:00,20.1,43.5,29.0,33.8,30.6,27.2,0.0
2022-11-01 16:00:00,19.1,43.5,29.0,33.6,30.7,26.3,0.0
2022-11-01 17:00:00,16.6,43.5,29.0,33.6,30.7,25.9,0.0
2022-11-01 18:00:00,15.3,43.5,28.9,33.5,30.6,25.8,0.0
2022-11-01 19:00:00,15.0,43.5,28.7,33.2,30.5,25.6,0.0
2022-11-01 20:00:00,14.2,43.5,28.5,32.8,30.7,25.5,0.0
2022-11-01 21:00:00,13.7,43.5,28.5,32.7,30.6,25.4,0.0
2022-11-01 22:00:00,12.5,43.5,27.9,32.1,30.0,24.9,0.0
2022-11-01 23:00:00,12.5,43.5,27.7,31.8,29.7,24.9,0.0
2022-11-02 00:00:00,11.4,43.7,27.3,31.4,29.4,24.7,0.0
2022-11-02 01:00:00,10.9,44.1,27.0,31.0,29.0,24.7,0.0
2022-11-02 02:00:00,10.3,44.4,26.7,30.7,28.7,24.7,0.0
2022-11-02 03:00:00,10.2,44.6,26.4,30.3,28.5,24.5,0.0
2022-11-02 04:00:00,10.3,44.5,26.0,29.8,28.3,24.4,0.0
2022-11-02 05:00:00,10.2,44.6,25.8,29.4,28.0,24.3,0.0
2022-11-02 06:00:00,9.4,45.0,79.1,34.1,40.3,25.8,70.0
2022-11-02 07:00:00,9.4,45.2,78.4,38.7,44.8,39.7,230.0
2022-11-02 08:00:00,10.4,44.6,76.7,37.8,43.9,39.1,130.0
2022-11-02 09:00:00,11.9,43.6,73.5,37.2,43.0,38.5,120.0
2022-11-02 10:00:00,13.8,43.5,33.5,36.0,35.5,33.0,0.0
2022-11-02 11:00:00,15.8,43.5,31.7,35.1,32.9,31.9,0.0
2022-11-02 12:00:00,17.4,43.5,30.1,34.4,29.6,29.3,0.0
2022-11-02 13:00:00,18.3,43.5,28.5,34.1,29.2,27.7,0.0
2022-11-02 14:00:00,20.6,43.5,29.5,34.4,31.4,27.6,0.0
2022-11-02 15:00:00,20.7,43.5,29.6,34.3,31.3,26.7,0.0
2022-11-02 16:00:00,19.8,43.5,29.3,34.0,31.0,26.5,0.0
2022-11-02 17:00:00,18.9,43.5,29.3,33.9,31.1,26.3,0.0
2022-11-02 18:00:00,17.9,43.5,29.1,33.6,31.0,26.2,0.0
2022-11-02 19:00:00,17.2,43.5,28.9,33.2,30.8,26.0,0.0
2022-11-02 20:00:00,16.6,43.5,28.5,32.7,30.5,25.9,0.0
2022-11-02 21:00:00,15.6,43.5,28.2,32.4,30.3,25.8,0.0
2022-11-02 22:00:00,14.5,43.5,27.9,32.0,30.2,25.8,0.0
2022-11-02 23:00:00,14.0,43.5,27.5,31.6,29.5,25.6,0.0
2022-11-03 00:00:00,13.7,43.5,26.8,31.0,27.9,25.3,0.0
2022-11-03 01:00:00,13.1,43.5,26.0,27.3,27.9,25.2,0.0
2022-11-03 02:00:00,12.8,43.5,25.8,22.2,29.7,25.0,0.0
2022-11-03 03:00:00,12.2,43.5,25.7,22.9,29.8,24.9,0.0
2022-11-03 04:00:00,13.0,43.5,30.9,22.4,33.2,24.9,0.0
2022-11-03 05:00:00,12.9,43.5,41.1,21.1,29.5,24.9,0.0
2022-11-03 06:00:00,12.9,43.5,68.7,34.6,40.4,28.0,70.0
2022-11-03 07:00:00,13.0,43.5,73.5,37.1,42.9,38.5,200.0
2022-11-03 08:00:00,13.0,43.5,73.6,37.2,43.3,38.3,120.0
2022-11-03 09:00:00,13.2,43.5,72.7,37.4,43.3,38.6,130.0
2022-11-03 10:00:00,13.4,43.5,39.9,36.5,33.3,33.4,0.0
2022-11-03 11:00:00,14.0,43.5,32.3,35.4,34.6,30.3,0.0
2022-11-03 12:00:00,14.8,43.5,30.1,34.6,30.2,29.4,0.0
2022-11-03 13:00:00,14.2,43.5,28.6,33.8,28.7,28.8,0.0
2022-11-03 14:00:00,14.6,43.5,28.1,33.0,28.4,27.2,0.0
2022-11-03 15:00:00,14.7,43.5,27.8,32.4,29.7,26.4,0.0
2022-11-03 16:00:00,14.1,43.5,28.7,33.3,30.7,26.1,0.0
2022-11-03 17:00:00,13.0,43.5,28.6,33.3,30.3,25.7,0.0
2022-11-03 18:00:00,12.3,43.5,28.6,33.4,30.5,25.4,0.0
2022-11-03 19:00:00,11.9,43.5,28.6,33.5,30.4,25.2,0.0
2022-11-03 20:00:00,12.3,43.5,80.3,40.1,46.5,31.6,120.0
2022-11-03 21:00:00,12.3,43.5,74.0,37.6,43.5,38.8,160.0
2022-11-03 22:00:00,11.9,43.5,52.8,36.6,36.8,36.6,90.0
2022-11-03 23:00:00,11.8,43.7,32.4,35.4,34.4,32.4,0.0
2022-11-04 00:00:00,10.9,44.1,30.7,34.5,31.5,31.3,0.0
2022-11-04 01:00:00,10.1,44.6,28.3,33.7,28.7,28.5,0.0
2022-11-04 02:00:00,9.3,45.0,27.6,33.0,28.1,26.8,0.0
2022-11-04 03:00:00,8.8,45.4,28.1,32.7,30.2,26.0,0.0
2022-11-04 04:00:00,8.5,45.5,28.4,33.2,30.3,25.7,0.0
2022-11-04 05:00:00,8.4,45.7,62.5,33.9,37.1,25.5,0.0
2022-11-04 06:00:00,8.4,45.7,79.5,39.9,45.9,40.5,270.0
2022-11-04 07:00:00,8.3,45.7,80.2,39.1,45.5,39.9,140.0
2022-11-04 08:00:00,8.8,45.4,79.1,39.4,45.8,40.2,150.0
2022-11-04 09:00:00,10.8,44.1,36.7,38.4,34.8,34.7,40.0
2022-11-04 10:00:00,12.4,43.5,33.3,37.3,34.6,33.0,0.0
2022-11-04 11:00:00,15.8,43.5,30.9,36.3,29.7,31.0,0.0
2022-11-04 12:00:00,16.3,43.5,29.7,35.5,29.9,27.9,0.0
2022-11-04 13:00:00,17.1,43.5,30.2,35.6,32.0,27.2,0.0
2022-11-04 14:00:00,18.3,43.5,30.4,35.6,31.8,26.7,0.0
2022-11-04 15:00:00,18.6,43.5,29.9,35.6,31.3,26.4,0.0
2022-11-04 16:00:00,18.6,43.5,30.0,35.5,31.4,26.1,0.0
2022-11-04 17:00:00,17.3,43.5,29.9,35.2,31.2,26.2,0.0
2022-11-04 18:00:00,16.5,43.5,29.6,34.8,30.8,26.1,0.0
2022-11-04 19:00:00,16.3,43.5,29.2,34.3,31.0,26.1,0.0
2022-11-04 20:00:00,15.9,43.5,49.2,22.7,26.5,26.1,0.0
2022-11-04 21:00:00,15.9,43.5,23.6,23.1,26.4,26.1,0.0
2022-11-04 22:00:00,15.9,43.5,23.6,26.0,27.0,25.9,0.0
2022-11-04 23:00:00,15.7,43.5,24.8,27.3,27.8,25.7,0.0
2022-11-05 00:00:00,15.5,43.5,24.8,27.2,27.6,25.5,0.0
2022-11-05 01:00:00,15.8,43.5,24.3,26.3,27.0,25.2,0.0
2022-11-05 02:00:00,15.4,43.5,23.6,25.5,26.4,24.9,0.0
2022-11-05 03:00:00,15.2,43.5,23.0,25.0,25.9,24.6,0.0
2022-11-05 04:00:00,15.5,43.5,22.9,24.7,25.6,24.5,0.0
2022-11-05 05:00:00,15.8,43.5,23.0,24.6,25.8,24.5,0.0
2022-11-05 06:00:00,15.4,43.5,23.2,24.7,26.1,24.3,0.0
2022-11-05 07:00:00,15.7,43.5,23.4,25.0,26.3,24.3,0.0
2022-11-05 08:00:00,16.3,43.5,23.7,25.0,26.5,24.3,0.0
2022-11-05 09:00:00,16.9,43.5,23.5,24.7,26.3,24.1,0.0
2022-11-05 10:00:00,18.0,43.5,23.3,24.5,26.1,24.1,0.0
2022-11-05 11:00:00,18.5,43.5,23.2,24.4,25.9,24.1,0.0
2022-11-05 12:00:00,18.5,43.5,23.0,24.2,25.8,24.0,0.0
2022-11-05 13:00:00,18.7,43.5,22.8,23.9,25.6,24.1,0.0
2022-11-05 14:00:00,19.1,43.5,22.6,23.7,25.4,24.0,0.0
2022-11-05 15:00:00,18.7,43.5,22.4,23.4,25.3,24.0,0.0
2022-11-05 16:00:00,17.5,43.5,22.3,23.2,25.1,23.8,0.0
2022-11-05 17:00:00,17.1,43.5,22.1,23.0,25.0,23.9,0.0
2022-11-05 18:00:00,17.3,43.5,21.9,22.9,24.9,23.7,0.0
2022-11-05 19:00:00,16.7,43.5,55.0,29.1,33.5,24.7,0.0
2022-11-05 20:00:00,15.8,43.5,71.6,37.4,43.1,38.9,230.0
2022-11-05 21:00:00,13.8,43.5,50.4,37.2,39.0,38.0,110.0
2022-11-05 22:00:00,12.6,43.5,33.6,37.5,34.4,32.3,0.0
2022-11-05 23:00:00,12.3,43.5,31.2,35.4,31.7,31.1,0.0
2022-11-06 00:00:00,12.2,43.5,29.2,33.9,28.1,28.1,0.0
2022-11-06 01:00:00,11.9,43.5,27.3,31.6,26.8,27.3,0.0
2022-11-06 02:00:00,11.5,43.7,26.1,29.2,26.1,26.1,0.0
2022-11-06 03:00:00,11.5,43.9,25.5,27.2,26.6,25.8,0.0
2022-11-06 04:00:00,11.7,43.7,27.3,23.8,28.0,25.4,0.0
2022-11-06 05:00:00,11.8,43.7,27.8,21.6,30.2,25.2,0.0
2022-11-06 06:00:00,11.7,43.7,27.6,21.2,30.6,24.9,0.0
2022-11-06 07:00:00,11.8,43.6,74.6,38.1,43.8,39.2,230.0
2022-11-06 08:00:00,11.7,43.7,72.4,37.1,43.0,38.2,120.0
2022-11-06 09:00:00,11.7,43.5,72.4,37.5,43.4,38.6,130.0
2022-11-06 10:00:00,12.4,43.5,37.7,36.5,33.6,33.5,0.0
2022-11-06 11:00:00,13.4,43.5,42.6,32.0,33.6,33.3,70.0
2022-11-06 12:00:00,13.4,43.5,34.8,36.8,40.1,38.9,150.0
2022-11-06 13:00:00,13.1,43.5,51.0,34.3,39.1,33.1,0.0
2022-11-06 14:00:00,13.4,43.5,33.6,37.7,36.7,31.4,0.0
2022-11-06 15:00:00,13.4,43.5,32.2,35.5,33.8,30.7,0.0
2022-11-06 16:00:00,12.5,43.5,58.6,39.6,37.9,37.4,180.0
2022-11-06 17:00:00,12.5,42.5,74.7,37.1,42.4,39.1,130.0
2022-11-06 18:00:00,12.3,42.5,72.0,36.4,42.2,37.8,100.0
2022-11-06 19:00:00,12.5,42.5,71.5,36.6,42.4,38.1,120.0
2022-11-06 20:00:00,12.6,42.5,72.5,36.8,42.7,38.4,110.0
2022-11-06 21:00:00,12.4,42.5,71.1,36.8,42.6,38.4,120.0
2022-11-06 22:00:00,12.4,42.5,70.3,36.4,38.8,38.0,100.0
2022-11-06 23:00:00,12.3,42.5,32.9,35.5,34.8,32.9,0.0
2022-11-07 00:00:00,12.3,42.5,31.0,34.6,32.5,31.8,0.0
2022-11-07 01:00:00,12.3,42.5,29.5,33.7,29.3,29.1,0.0
2022-11-07 02:00:00,12.6,42.5,27.7,32.7,27.3,27.6,0.0
2022-11-07 03:00:00,12.5,42.5,28.5,27.2,29.9,26.9,0.0
2022-11-07 04:00:00,12.7,42.5,29.6,22.6,31.2,26.3,0.0
2022-11-07 05:00:00,12.7,42.5,32.4,22.1,31.0,25.9,0.0
2022-11-07 06:00:00,12.5,43.5,75.2,38.1,44.6,31.4,100.0
2022-11-07 07:00:00,12.7,43.5,73.5,36.9,42.8,38.4,160.0
2022-11-07 08:00:00,13.5,43.5,73.6,37.1,42.9,38.6,120.0
2022-11-07 09:00:00,14.2,43.5,53.6,36.8,38.5,38.1,90.0
2022-11-07 10:00:00,14.9,43.5,28.9,37.0,33.1,32.0,0.0
2022-11-07 11:00:00,15.9,43.5,28.9,44.8,31.5,31.2,0.0
2022-11-07 12:00:00,15.9,43.5,27.9,37.2,30.8,30.3,0.0
2022-11-07 13:00:00,15.7,43.5,27.3,28.7,29.3,29.6,0.0
2022-11-07 14:00:00,15.2,43.5,26.6,27.1,27.4,28.1,0.0
2022-11-07 15:00:00,15.3,43.5,25.2,28.9,26.1,26.6,0.0
2022-11-07 16:00:00,14.5,44.0,70.6,38.1,44.0,31.6,110.0
2022-11-07 17:00:00,14.2,44.0,71.5,37.4,43.3,39.0,170.0
2022-11-07 18:00:00,14.3,44.0,71.8,37.8,43.7,38.9,120.0
2022-11-07 19:00:00,14.3,44.0,71.4,37.2,43.5,38.0,110.0
2022-11-07 20:00:00,14.5,44.0,70.6,38.6,44.4,39.8,140.0
2022-11-07 21:00:00,14.3,44.0,70.7,38.5,44.3,39.8,130.0
2022-11-07 22:00:00,14.1,44.0,69.2,38.3,40.4,39.5,110.0
2022-11-07 23:00:00,13.8,44.0,34.0,37.1,35.8,34.0,0.0
2022-11-08 00:00:00,13.6,44.0,32.1,36.1,33.3,32.7,0.0
2022-11-08 01:00:00,13.2,44.0,30.2,35.2,30.1,29.6,0.0
2022-11-08 02:00:00,13.3,44.0,29.6,34.4,31.3,28.6,0.0
2022-11-08 03:00:00,13.2,44.0,29.3,33.9,31.0,27.7,0.0
2022-11-08 04:00:00,13.2,44.0,29.3,33.6,31.2,27.1,0.0
2022-11-08 05:00:00,13.1,44.0,28.9,33.4,30.8,26.7,0.0
2022-11-08 06:00:00,12.9,44.0,73.9,36.1,42.1,28.8,40.0
2022-11-08 07:00:00,13.0,44.0,73.1,37.4,43.0,39.3,200.0
2022-11-08 08:00:00,13.4,44.0,73.0,39.5,45.7,38.9,130.0
2022-11-08 09:00:00,13.9,41.0,72.0,36.2,41.2,38.8,110.0
2022-11-08 10:00:00,13.9,41.0,71.1,34.9,40.7,37.0,80.0
2022-11-08 11:00:00,14.6,41.0,70.3,35.2,38.0,37.4,100.0
2022-11-08 12:00:00,15.2,41.0,32.1,34.2,34.5,32.7,0.0
2022-11-08 13:00:00,15.6,41.0,31.3,33.4,33.8,31.9,0.0
2022-11-08 14:00:00,15.7,41.0,37.2,34.6,38.5,37.2,150.0
2022-11-08 15:00:00,15.3,41.0,36.5,31.7,35.3,32.0,0.0
2022-11-08 16:00:00,15.0,41.0,35.1,28.7,32.3,31.3,0.0
2022-11-08 17:00:00,14.3,41.0,34.0,27.2,30.1,30.1,0.0
2022-11-08 18:00:00,13.1,41.0,73.2,37.2,43.0,37.4,150.0
2022-11-08 19:00:00,11.9,41.0,73.1,34.7,40.4,36.8,90.0
2022-11-08 20:00:00,11.0,41.6,63.2,36.6,37.5,36.8,80.0
2022-11-08 21:00:00,11.4,41.3,54.7,37.9,36.2,35.9,90.0
2022-11-08 22:00:00,11.0,41.8,32.7,36.1,34.3,32.8,0.0
2022-11-08 23:00:00,10.0,42.5,30.6,34.7,31.9,31.5,0.0
2022-11-09 00:00:00,9.6,42.7,29.3,33.9,30.0,29.5,0.0
2022-11-09 01:00:00,9.1,43.0,28.3,33.1,28.4,27.8,0.0
2022-11-09 02:00:00,8.2,43.5,28.3,25.0,31.8,27.0,0.0
2022-11-09 03:00:00,7.6,44.0,34.6,23.0,35.2,26.3,0.0
2022-11-09 04:00:00,7.5,44.1,42.9,22.2,34.9,26.1,0.0
2022-11-09 05:00:00,7.8,44.1,44.3,22.0,27.8,26.2,0.0
2022-11-09 06:00:00,8.3,43.5,66.7,31.2,37.1,26.7,0.0
2022-11-09 07:00:00,8.9,43.1,77.8,36.9,42.5,38.8,220.0
2022-11-09 08:00:00,9.6,44.1,77.7,38.6,44.6,39.7,140.0
2022-11-09 09:00:00,11.0,43.2,76.1,37.6,43.7,39.2,120.0
2022-11-09 10:00:00,11.2,42.9,74.3,37.2,43.0,38.7,110.0
2022-11-09 11:00:00,11.8,42.5,72.4,36.6,39.3,38.5,110.0
2022-11-09 12:00:00,11.5,42.8,32.9,35.6,35.4,32.6,0.0
2022-11-09 13:00:00,12.2,42.3,31.6,34.9,33.3,31.8,0.0
2022-11-09 14:00:00,13.1,41.5,29.9,34.2,30.3,29.7,0.0
2022-11-09 15:00:00,13.7,41.2,28.4,33.7,29.5,28.4,0.0
2022-11-09 16:00:00,13.2,41.4,29.4,33.7,31.7,27.6,0.0
2022-11-09 17:00:00,11.7,42.5,29.2,33.6,30.9,27.0,0.0
2022-11-09 18:00:00,10.8,42.7,74.4,37.2,42.9,38.6,200.0
2022-11-09 19:00:00,10.41,42.92,70.24,36.4,41.95,37.46,44.55
2022-11-09 20:00:00,10.02,43.14,66.07,35.6,41.01,36.33,44.55
2022-11-09 21:00:00,9.63,43.35,61.91,34.8,40.06,35.19,44.55
2022-11-09 22:00:00,9.24,43.57,57.75,34.0,39.12,34.05,44.55
2022-11-09 23:00:00,8.85,43.79,53.58,33.2,38.17,32.92,44.55
2022-11-10 00:00:00,8.45,44.01,49.42,32.4,37.23,31.78,44.55
2022-11-10 01:00:00,8.06,44.23,45.25,31.6,36.28,30.65,44.55
2022-11-10 02:00:00,7.67,44.45,41.09,30.8,35.34,29.51,44.55
2022-11-10 03:00:00,7.28,44.66,36.93,30.0,34.39,28.37,44.55
2022-11-10 04:00:00,6.89,44.88,32.76,29.2,33.45,27.24,44.55
2022-11-10 05:00:00,6.5,45.1,28.6,28.4,32.5,26.1,44.55
2022-11-10 06:00:00,6.4,42.6,83.0,38.9,45.9,32.5,110.0
2022-11-10 07:00:00,6.0,44.4,82.9,38.6,45.0,38.8,160.0
2022-11-10 08:00:00,7.2,43.6,80.2,38.0,44.2,39.4,130.0
2022-11-10 09:00:00,8.5,43.1,77.5,36.7,42.6,38.5,120.0
2022-11-10 10:00:00,10.3,42.1,64.2,35.9,36.8,36.7,80.0
2022-11-10 11:00:00,11.4,41.3,32.4,34.9,34.5,32.6,0.0
2022-11-10 12:00:00,12.7,40.7,30.4,34.1,31.3,31.6,0.0
2022-11-10 13:00:00,13.6,40.1,28.6,33.4,29.2,28.5,0.0
2022-11-10 14:00:00,14.0,40.0,28.7,32.9,30.2,28.6,0.0
2022-11-10 15:00:00,14.6,40.0,29.0,33.3,31.1,27.3,0.0
2022-11-10 16:00:00,13.7,40.1,29.0,33.2,30.6,26.6,0.0
2022-11-10 17:00:00,12.3,44.4,73.1,40.5,46.6,38.6,200.0
2022-11-10 18:00:00,11.2,44.5,74.4,38.0,44.1,39.0,120.0
2022-11-10 19:00:00,11.2,44.6,74.1,38.5,44.6,39.6,140.0
2022-11-10 20:00:00,10.9,44.7,72.6,38.4,44.3,39.6,130.0
2022-11-10 21:00:00,10.3,44.8,75.3,38.6,44.8,39.8,130.0
2022-11-10 22:00:00,10.2,44.8,73.1,38.4,40.6,39.8,120.0
2022-11-10 23:00:00,11.9,44.4,34.1,37.3,36.1,33.8,0.0
2022-11-11 00:00:00,12.7,44.2,32.2,36.4,33.2,32.7,0.0
2022-11-11 01:00:00,13.1,44.1,30.2,35.4,29.7,29.5,0.0
2022-11-11 02:00:00,12.8,44.2,29.2,34.6,29.7,28.1,0.0
2022-11-11 03:00:00,12.2,44.3,29.1,33.9,31.1,27.4,0.0
2022-11-11 04:00:00,12.3,44.4,29.3,33.9,31.4,27.0,0.0
2022-11-11 05:00:00,12.2,44.3,29.3,34.0,31.2,26.6,0.0
2022-11-11 06:00:00,12.4,44.3,84.3,39.9,46.7,31.3,100.0
2022-11-11 07:00:00,12.5,44.3,74.4,37.6,43.6,39.0,170.0
2022-11-11 08:00:00,12.7,44.3,70.3,37.9,43.6,39.0,130.0
2022-11-11 09:00:00,12.8,44.3,71.8,38.0,44.0,39.1,130.0
2022-11-11 10:00:00,13.7,44.1,70.9,38.2,44.1,39.3,130.0
2022-11-11 11:00:00,13.7,44.0,69.6,38.0,43.8,39.3,120.0
2022-11-11 12:00:00,13.9,43.0,70.7,37.9,43.8,39.2,120.0
2022-11-11 13:00:00,14.3,43.0,68.1,36.8,39.3,38.8,110.0
2022-11-11 14:00:00,14.9,43.0,33.1,35.8,35.3,33.6,0.0
2022-11-11 15:00:00,14.1,43.0,52.0,37.3,41.4,35.4,80.0
2022-11-11 16:00:00,13.2,43.3,41.8,35.3,39.7,37.1,100.0
2022-11-11 17:00:00,12.4,43.5,64.3,39.8,43.0,32.5,0.0
2022-11-11 18:00:00,11.9,43.6,73.9,37.9,43.4,39.8,180.0
2022-11-11 19:00:00,11.7,43.8,56.6,36.9,37.3,37.1,80.0
2022-11-11 20:00:00,11.5,43.8,40.1,36.8,40.6,38.4,110.0
2022-11-11 21:00:00,11.7,43.8,45.2,38.6,42.7,39.8,130.0
2022-11-11 22:00:00,11.7,43.8,34.4,37.2,34.6,34.1,0.0
2022-11-11 23:00:00,11.0,44.0,31.8,35.5,33.5,33.0,0.0
2022-11-12 00:00:00,10.8,44.0,30.3,33.3,29.2,29.7,0.0
2022-11-12 01:00:00,10.6,44.1,28.7,31.0,27.9,28.3,0.0
2022-11-12 02:00:00,10.8,44.0,30.6,27.6,27.4,27.5,0.0
2022-11-12 03:00:00,11.5,43.8,31.5,25.7,29.4,27.2,0.0
2022-11-12 04:00:00,11.4,43.8,32.7,23.7,30.7,26.8,0.0
2022-11-12 05:00:00,11.1,43.9,32.7,22.9,29.9,26.3,0.0
2022-11-12 06:00:00,11.0,44.0,32.8,22.4,29.6,26.0,0.0
2022-11-12 07:00:00,10.9,44.0,78.0,39.1,44.8,39.8,210.0
2022-11-12 08:00:00,11.7,43.7,73.5,37.4,43.4,38.8,110.0
2022-11-12 09:00:00,11.9,43.7,71.5,37.4,43.0,38.7,120.0
2022-11-12 10:00:00,12.4,43.6,65.4,36.9,38.7,38.2,100.0
2022-11-12 11:00:00,13.2,43.2,45.3,37.2,41.2,37.4,90.0
2022-11-12 12:00:00,13.4,43.1,39.9,36.2,37.1,36.9,90.0
2022-11-12 13:00:00,14.6,43.0,37.6,31.6,34.1,33.0,0.0
2022-11-12 14:00:00,14.5,43.0,36.7,28.8,32.3,32.1,0.0
2022-11-12 15:00:00,13.6,43.0,35.7,27.0,28.9,28.7,0.0
2022-11-12 16:00:00,12.9,43.4,34.8,24.6,31.5,27.5,0.0
2022-11-12 17:00:00,12.2,43.6,34.1,23.3,31.8,27.0,0.0
2022-11-12 18:00:00,90.6,42.5,44.2,26.5,94.8,93.9,0.0
2022-11-12 19:00:00,37.8,42.5,74.8,37.6,39.4,38.4,80.0
2022-11-12 20:00:00,38.7,43.0,72.5,34.5,39.9,38.9,130.0
2022-11-12 21:00:00,39.2,43.0,72.6,33.4,40.5,39.4,80.0
2022-11-12 22:00:00,39.5,43.0,72.8,33.3,40.9,39.6,80.0
2022-11-12 23:00:00,39.0,43.0,37.9,32.5,40.1,39.6,0.0
2022-11-13 00:00:00,42.5,43.0,29.6,31.6,43.7,42.8,0.0
2022-11-13 01:00:00,43.4,43.0,27.3,30.9,44.4,43.9,0.0
2022-11-13 02:00:00,59.0,43.0,26.7,30.2,59.9,59.0,0.0
2022-11-13 03:00:00,58.2,43.0,26.1,29.7,59.1,58.5,0.0
2022-11-13 04:00:00,58.1,43.0,25.6,29.1,58.9,58.6,0.0
2022-11-13 05:00:00,57.7,43.0,25.1,28.6,59.0,58.3,0.0
2022-11-13 06:00:00,57.8,43.0,34.2,21.5,58.7,58.1,0.0
2022-11-13 07:00:00,57.6,44.0,81.2,34.1,58.9,58.0,160.0
2022-11-13 08:00:00,58.0,44.0,77.9,36.9,59.1,58.5,140.0
2022-11-13 09:00:00,57.9,44.0,78.0,37.3,59.6,58.5,130.0
2022-11-13 10:00:00,58.0,44.0,75.1,37.2,59.1,58.5,120.0
2022-11-13 11:00:00,57.9,42.0,63.3,36.2,59.3,58.5,80.0
2022-11-13 12:00:00,57.7,42.0,32.7,35.5,59.0,58.1,0.0
2022-11-13 13:00:00,57.5,42.0,30.5,34.6,58.7,58.3,0.0
2022-11-13 14:00:00,58.1,42.0,29.0,33.7,58.9,57.9,0.0
2022-11-13 15:00:00,57.3,42.0,27.5,33.0,58.6,58.0,0.0
2022-11-13 16:00:00,57.2,42.0,27.5,32.3,58.7,57.8,0.0
2022-11-13 17:00:00,57.3,42.0,58.8,26.0,58.4,57.8,0.0
2022-11-13 18:00:00,57.7,42.0,71.8,33.4,58.7,57.9,140.0
2022-11-13 19:00:00,57.1,42.0,70.8,35.7,58.7,58.0,130.0
2022-11-13 20:00:00,57.2,42.0,72.5,36.7,58.6,58.0,120.0
2022-11-13 21:00:00,57.3,42.0,73.2,37.1,59.0,57.8,120.0
2022-11-13 22:00:00,57.2,42.0,73.0,37.3,58.6,57.8,110.0
2022-11-13 23:00:00,56.9,42.0,35.4,36.2,58.0,57.7,0.0
2022-11-14 00:00:00,56.7,42.0,30.6,35.2,57.8,57.1,0.0
2022-11-14 01:00:00,56.5,42.0,29.3,34.3,57.7,56.8,0.0
2022-11-14 02:00:00,56.6,42.0,28.5,33.5,58.0,57.3,0.0
2022-11-14 03:00:00,56.5,42.0,27.8,32.8,57.5,56.7,0.0
2022-11-14 04:00:00,56.5,42.0,27.3,32.1,57.8,56.7,0.0
2022-11-14 05:00:00,56.2,42.0,26.8,31.4,57.4,56.9,0.0
2022-11-14 06:00:00,56.2,42.0,30.4,22.3,57.2,56.6,0.0
2022-11-14 07:00:00,56.2,42.0,82.6,33.3,57.4,56.8,140.0
2022-11-14 08:00:00,56.5,42.0,80.3,37.3,57.8,56.9,150.0
2022-11-14 09:00:00,55.8,42.0,79.5,37.8,57.2,56.5,80.0
2022-11-14 10:00:00,55.8,42.0,79.5,37.8,57.2,56.5,0.0
2022-11-14 11:00:00,55.8,42.0,79.5,37.8,57.2,56.5,0.0
2022-11-14 12:00:00,55.8,42.0,79.5,37.8,57.2,56.5,0.0
2022-11-14 13:00:00,55.8,42.0,79.5,37.8,57.2,56.5,0.0
2022-11-14 14:00:00,55.8,42.0,79.5,37.8,57.2,56.5,0.0
2022-11-14 15:00:00,55.8,42.0,79.5,37.8,57.2,56.5,0.0
2022-11-14 16:00:00,55.8,42.0,79.5,37.8,57.2,56.5,0.0
2022-11-14 17:00:00,55.8,42.0,79.5,37.8,57.2,56.5,0.0
2022-11-14 18:00:00,55.8,42.0,79.5,37.8,57.2,56.5,0.0
2022-11-14 19:00:00,55.8,42.0,79.5,37.8,57.2,56.5,0.0
2022-11-14 20:00:00,55.8,42.0,79.5,37.8,57.2,56.5,0.0
2022-11-14 21:00:00,55.8,42.0,79.5,37.8,57.2,56.5,0.0
2022-11-14 22:00:00,55.8,42.0,79.5,37.8,57.2,56.5,0.0
2022-11-14 23:00:00,55.8,42.0,79.5,37.8,57.2,56.5,0.0
2022-11-15 00:00:00,55.8,42.0,79.5,37.8,57.2,56.5,0.0
2022-11-15 01:00:00,55.8,42.0,79.5,37.8,57.2,56.5,0.0
2022-11-15 02:00:00,55.8,42.0,79.5,37.8,57.2,56.5,0.0
2022-11-15 03:00:00,55.8,42.0,79.5,37.8,57.2,56.5,0.0
2022-11-15 04:00:00,55.8,42.0,79.5,37.8,57.2,56.5,0.0
2022-11-15 05:00:00,55.8,42.0,79.5,37.8,57.2,56.5,0.0
2022-11-15 06:00:00,55.8,42.0,79.5,37.8,57.2,56.5,0.0
2022-11-15 07:00:00,55.8,42.0,79.5,37.8,57.2,56.5,0.0
2022-11-15 08:00:00,55.8,42.0,79.5,37.8,57.2,56.5,0.0
2022-11-15 09:00:00,55.8,42.0,79.5,37.8,57.2,56.5,0.0
2022-11-15 10:00:00,55.8,42.0,79.5,37.8,57.2,56.5,0.0
2022-11-15 11:00:00,55.8,42.0,79.5,37.8,57.2,56.5,0.0
2022-11-15 12:00:00,13.7,42.0,70.3,33.9,36.6,33.9,1280.0
2022-11-15 13:00:00,14.2,42.0,32.0,33.4,32.6,30.7,0.0
2022-11-15 14:00:00,14.3,42.0,30.2,32.6,30.8,29.7,0.0
2022-11-15 15:00:00,14.2,43.0,60.9,29.7,31.3,25.9,0.0
2022-11-15 16:00:00,14.1,42.0,72.0,38.4,42.0,38.2,220.0
2022-11-15 17:00:00,13.5,42.3,73.0,37.9,42.1,37.2,120.0
2022-11-15 18:00:00,12.3,42.7,74.4,38.7,42.9,37.7,140.0
2022-11-15 19:00:00,11.9,42.9,73.6,39.1,43.1,38.2,140.0
2022-11-15 20:00:00,11.7,42.9,73.6,39.1,43.1,38.3,130.0
2022-11-15 21:00:00,11.5,43.0,74.5,39.1,43.3,38.3,140.0
2022-11-15 22:00:00,11.1,43.2,72.8,38.9,39.4,38.2,130.0
2022-11-15 23:00:00,11.2,43.2,34.2,37.6,34.2,32.1,0.0
2022-11-16 00:00:00,10.7,43.4,32.5,36.6,31.4,30.8,0.0
2022-11-16 01:00:00,10.5,43.6,29.9,35.5,26.9,27.2,0.0
2022-11-16 02:00:00,9.5,43.9,28.7,34.8,27.0,25.7,0.0
2022-11-16 03:00:00,9.0,44.1,28.4,34.0,28.4,25.0,0.0
2022-11-16 04:00:00,8.6,44.4,28.5,33.4,28.5,24.5,0.0
2022-11-16 05:00:00,8.3,44.6,27.5,27.8,29.9,23.9,0.0
2022-11-16 06:00:00,7.9,43.5,81.3,40.6,45.3,30.1,110.0
2022-11-16 07:00:00,8.2,43.5,80.0,38.5,42.7,38.0,180.0
2022-11-16 08:00:00,9.2,43.0,78.5,38.4,42.7,37.5,130.0
2022-11-16 09:00:00,11.5,42.1,76.2,38.3,42.4,37.7,130.0
2022-11-16 10:00:00,12.7,41.4,73.7,37.7,41.7,37.2,130.0
2022-11-16 11:00:00,14.3,41.0,46.3,36.8,34.1,33.9,60.0
2022-11-16 12:00:00,15.2,41.0,68.4,38.6,42.2,37.4,140.0
2022-11-16 13:00:00,16.5,41.0,64.6,36.3,36.2,35.8,80.0
2022-11-16 14:00:00,16.5,41.0,32.5,35.2,32.7,31.0,0.0
2022-11-16 15:00:00,15.8,41.0,53.7,35.8,38.5,31.6,70.0
2022-11-16 16:00:00,14.9,41.0,68.5,36.6,40.3,36.7,150.0
2022-11-16 17:00:00,14.4,41.0,70.2,37.8,41.7,37.0,130.0
2022-11-16 18:00:00,14.4,41.0,69.9,37.5,41.2,37.1,110.0
2022-11-16 19:00:00,14.3,41.0,73.2,37.6,41.8,37.1,120.0
2022-11-16 20:00:00,14.0,41.0,67.5,37.1,40.8,36.8,110.0
2022-11-16 21:00:00,14.1,41.0,68.2,36.8,40.5,36.6,110.0
2022-11-16 22:00:00,14.1,41.0,66.7,36.6,37.1,36.5,90.0
2022-11-16 23:00:00,14.2,41.0,32.9,35.6,33.4,31.2,0.0
2022-11-17 00:00:00,14.1,41.0,31.4,34.7,31.0,30.3,0.0
2022-11-17 01:00:00,14.1,41.0,29.6,33.9,27.9,27.9,0.0
2022-11-17 02:00:00,14.3,41.0,28.5,33.2,27.0,26.3,0.0
2022-11-17 03:00:00,14.5,41.0,27.8,32.4,26.6,25.7,0.0
2022-11-17 04:00:00,14.1,41.0,28.1,31.8,28.7,25.3,0.0
2022-11-17 05:00:00,14.4,41.0,28.0,31.8,28.3,24.9,0.0
2022-11-17 06:00:00,14.2,41.0,71.3,37.0,41.1,28.9,100.0
2022-11-17 07:00:00,14.0,42.0,71.5,38.2,42.1,37.4,170.0
2022-11-17 08:00:00,14.3,42.0,70.8,37.9,41.6,37.3,120.0
2022-11-17 09:00:00,15.2,42.0,69.3,37.7,41.5,37.3,120.0
2022-11-17 10:00:00,16.1,41.0,68.2,37.6,41.2,37.0,120.0
2022-11-17 11:00:00,16.6,41.0,68.1,37.4,41.1,37.0,110.0
2022-11-17 12:00:00,17.2,41.0,33.4,36.1,33.5,31.8,0.0
2022-11-17 13:00:00,16.8,41.0,31.8,35.3,31.0,30.7,0.0
2022-11-17 14:00:00,16.8,41.0,71.9,39.5,43.7,35.5,150.0
2022-11-17 15:00:00,16.8,41.0,69.4,37.1,36.1,35.8,90.0
2022-11-17 16:00:00,16.4,41.0,53.2,38.1,41.0,34.9,80.0
2022-11-17 17:00:00,16.0,41.0,49.9,37.6,41.4,36.1,110.0
2022-11-17 18:00:00,15.5,41.0,71.6,37.1,40.7,37.2,130.0
2022-11-17 19:00:00,15.4,41.0,73.3,36.5,40.4,36.4,100.0
2022-11-17 20:00:00,14.6,41.0,69.2,38.8,42.6,37.0,120.0
2022-11-17 21:00:00,13.5,41.2,70.3,37.5,38.2,37.1,100.0
2022-11-17 22:00:00,12.4,41.6,34.3,36.3,33.8,31.7,0.0
2022-11-17 23:00:00,11.5,42.0,32.0,35.4,31.6,30.6,0.0
2022-11-18 00:00:00,10.9,42.4,30.2,34.6,29.0,27.9,0.0
2022-11-18 01:00:00,10.2,42.7,29.4,34.0,29.2,26.9,0.0
2022-11-18 02:00:00,9.8,42.8,29.9,34.3,29.9,25.8,0.0
2022-11-18 03:00:00,9.2,43.1,29.7,34.1,29.4,25.1,0.0
2022-11-18 04:00:00,9.1,43.2,29.4,33.9,29.2,24.8,0.0
2022-11-18 05:00:00,9.6,43.0,29.1,33.6,28.8,24.4,0.0
2022-11-18 06:00:00,9.8,44.3,79.3,39.5,44.1,29.7,110.0
2022-11-18 07:00:00,9.7,44.4,78.6,39.4,43.7,38.5,190.0
2022-11-18 08:00:00,10.4,44.1,78.5,39.7,44.0,38.6,140.0
2022-11-18 09:00:00,11.1,43.9,77.3,39.8,44.1,38.9,150.0
2022-11-18 10:00:00,12.1,43.6,76.2,39.5,43.6,38.8,130.0
2022-11-18 11:00:00,14.3,43.0,72.1,38.8,42.7,38.2,130.0
2022-11-18 12:00:00,14.9,43.0,54.1,39.5,43.0,38.0,120.0
2022-11-18 13:00:00,14.8,43.0,52.8,37.4,40.8,34.9,80.0
2022-11-18 14:00:00,14.5,42.0,71.7,37.8,38.1,37.7,130.0
2022-11-18 15:00:00,14.7,42.0,72.2,38.8,42.4,38.6,130.0
2022-11-18 16:00:00,14.6,42.0,72.7,37.4,41.3,37.4,100.0
2022-11-18 17:00:00,14.5,42.0,72.8,37.7,41.7,37.4,120.0
2022-11-18 18:00:00,14.5,42.0,72.6,37.7,41.6,37.5,110.0
2022-11-18 19:00:00,14.3,42.0,71.2,37.7,41.6,37.5,110.0
2022-11-18 20:00:00,14.4,42.0,69.4,37.8,41.6,37.4,110.0
2022-11-18 21:00:00,14.3,42.0,70.0,37.9,41.9,37.6,120.0
2022-11-18 22:00:00,14.6,42.0,68.9,37.6,38.5,37.5,100.0
2022-11-18 23:00:00,14.3,42.0,33.8,36.5,34.0,32.1,0.0
2022-11-19 00:00:00,14.4,42.0,32.4,35.7,32.0,31.0,0.0
2022-11-19 01:00:00,14.6,42.0,30.8,34.9,29.8,30.1,0.0
2022-11-19 02:00:00,14.6,42.0,29.6,34.1,27.9,27.4,0.0
2022-11-19 03:00:00,13.9,42.0,28.6,31.4,26.0,26.2,0.0
2022-11-19 04:00:00,13.7,42.0,27.3,30.9,25.5,25.8,0.0
2022-11-19 05:00:00,13.4,42.2,27.7,32.0,28.5,25.5,0.0
2022-11-19 06:00:00,13.3,42.2,73.9,38.9,43.6,30.1,100.0
2022-11-19 07:00:00,12.9,42.4,73.5,37.6,41.5,37.4,160.0
2022-11-19 08:00:00,13.6,42.1,72.9,38.1,42.2,37.5,120.0
2022-11-19 09:00:00,14.5,42.0,69.9,38.0,41.8,37.5,120.0
2022-11-19 10:00:00,15.7,42.0,70.1,37.6,41.5,37.2,110.0
2022-11-19 11:00:00,15.9,42.0,45.7,35.9,36.1,34.6,70.0
2022-11-19 12:00:00,15.4,42.0,41.0,32.7,34.4,31.1,0.0
2022-11-19 13:00:00,16.1,42.0,37.9,30.0,30.8,30.3,0.0
2022-11-19 14:00:00,15.3,42.0,35.1,28.4,27.8,28.2,0.0
2022-11-19 15:00:00,14.5,41.6,84.9,39.1,43.3,37.7,180.0
2022-11-19 16:00:00,13.7,41.7,72.4,37.5,41.4,36.9,100.0
2022-11-19 17:00:00,13.7,41.7,73.0,37.8,41.9,37.4,120.0
2022-11-19 18:00:00,13.5,41.7,73.8,37.8,41.8,37.5,120.0
2022-11-19 19:00:00,13.4,41.9,72.9,37.9,41.7,37.4,110.0
2022-11-19 20:00:00,13.0,41.9,73.6,38.0,42.0,37.7,120.0
2022-11-19 21:00:00,12.9,42.0,73.2,38.0,41.9,37.7,110.0
2022-11-19 22:00:00,12.9,42.1,70.1,37.8,38.3,37.5,110.0
2022-11-19 23:00:00,12.9,42.1,34.1,36.6,34.3,32.3,0.0
2022-11-20 00:00:00,12.9,42.1,32.1,35.7,32.2,31.2,0.0
2022-11-20 01:00:00,12.8,42.2,31.0,35.1,30.5,28.3,0.0
2022-11-20 02:00:00,12.7,42.1,30.5,34.7,29.9,26.7,0.0
2022-11-20 03:00:00,12.9,42.1,30.3,34.5,29.7,26.2,0.0
2022-11-20 04:00:00,13.2,41.9,29.9,34.1,29.4,25.5,0.0
2022-11-20 05:00:00,12.9,42.1,29.6,33.7,29.1,25.3,0.0
2022-11-20 06:00:00,12.5,42.2,75.6,38.0,42.3,28.8,80.0
2022-11-20 07:00:00,12.9,42.2,76.1,37.5,41.4,37.7,170.0
2022-11-20 08:00:00,13.0,41.9,71.2,37.6,41.6,37.1,120.0
2022-11-20 09:00:00,13.3,41.8,72.4,37.6,41.5,37.4,110.0
2022-11-20 10:00:00,13.7,41.7,71.5,37.4,41.4,37.2,110.0
2022-11-20 11:00:00,13.9,41.6,71.0,37.2,41.1,37.1,110.0
2022-11-20 12:00:00,14.2,40.6,69.8,37.5,41.2,37.4,110.0
2022-11-20 13:00:00,14.6,40.6,70.3,36.9,40.6,36.9,110.0
2022-11-20 14:00:00,14.8,40.6,68.9,36.7,40.3,36.6,100.0
2022-11-20 15:00:00,14.7,40.6,69.1,36.7,40.4,36.7,100.0
2022-11-20 16:00:00,14.6,40.6,70.2,36.7,40.5,36.6,100.0
2022-11-20 17:00:00,14.3,40.6,70.4,36.9,40.6,36.9,110.0
2022-11-20 18:00:00,14.5,40.6,70.8,36.9,40.7,36.8,100.0
2022-11-20 19:00:00,13.6,40.7,70.4,37.0,40.7,37.1,100.0
2022-11-20 20:00:00,11.3,42.1,74.4,37.6,41.7,37.2,110.0
2022-11-20 21:00:00,10.2,42.8,77.9,39.0,43.3,38.2,130.0
2022-11-20 22:00:00,9.5,43.4,78.1,38.8,39.4,38.4,130.0
2022-11-20 23:00:00,9.3,43.4,34.7,37.5,35.1,32.8,0.0
2022-11-21 00:00:00,9.3,43.4,33.0,36.7,32.7,31.5,0.0
2022-11-21 01:00:00,9.0,43.6,31.4,35.9,31.0,28.2,0.0
2022-11-21 02:00:00,8.4,43.8,31.2,35.6,30.6,27.1,0.0
2022-11-21 03:00:00,8.5,43.8,31.0,35.4,30.5,26.2,0.0
2022-11-21 04:00:00,8.3,44.0,30.5,35.0,29.9,25.5,0.0
2022-11-21 05:00:00,7.7,44.3,30.4,29.5,32.3,25.0,0.0
2022-11-21 06:00:00,7.5,44.5,67.0,42.6,46.1,36.5,190.0
2022-11-21 07:00:00,7.3,44.6,79.2,39.8,44.0,38.8,150.0
2022-11-21 08:00:00,7.5,44.5,82.9,40.1,44.7,39.1,140.0
2022-11-21 09:00:00,7.8,44.3,82.9,40.3,44.8,39.5,150.0
2022-11-21 10:00:00,8.4,44.0,81.6,39.4,43.9,38.8,130.0
2022-11-21 11:00:00,9.4,43.3,80.3,39.0,43.4,38.5,130.0
2022-11-21 12:00:00,10.7,42.6,74.5,38.4,42.2,38.2,130.0
2022-11-21 13:00:00,10.7,42.6,74.5,38.1,42.1,37.6,120.0
2022-11-21 14:00:00,10.3,42.7,73.6,38.2,42.2,37.7,120.0
2022-11-21 15:00:00,10.2,42.8,73.7,38.3,42.3,37.9,120.0
2022-11-21 16:00:00,9.9,43.0,74.3,38.4,42.5,38.0,120.0
2022-11-21 17:00:00,9.8,43.1,74.3,38.6,42.7,38.1,120.0
2022-11-21 18:00:00,9.9,43.0,74.6,38.6,42.7,38.1,130.0
2022-11-21 19:00:00,9.8,43.0,75.6,38.8,42.9,38.1,120.0
2022-11-21 20:00:00,9.6,43.1,73.4,38.5,42.5,38.1,120.0
2022-11-21 21:00:00,10.0,43.0,75.0,38.9,43.0,38.2,130.0
2022-11-21 22:00:00,9.8,43.1,74.0,39.2,39.8,38.5,120.0
2022-11-21 23:00:00,9.1,43.5,34.3,37.8,34.7,32.3,0.0
2022-11-22 00:00:00,9.3,43.4,32.8,36.5,31.1,31.2,0.0
2022-11-22 01:00:00,7.9,44.2,30.6,35.6,28.0,28.9,0.0
2022-11-22 02:00:00,7.0,44.6,28.4,34.7,27.2,28.0,0.0
2022-11-22 03:00:00,6.5,45.2,27.7,33.9,27.0,26.4,0.0
2022-11-22 04:00:00,5.9,45.5,27.1,32.5,25.0,25.1,0.0
2022-11-22 05:00:00,6.1,45.2,29.4,27.9,28.7,24.6,0.0
2022-11-22 06:00:00,5.7,45.4,76.4,42.8,47.0,34.1,170.0
2022-11-22 07:00:00,5.7,45.7,81.6,40.7,45.3,39.5,170.0
2022-11-22 08:00:00,6.0,45.4,83.2,41.2,45.8,39.9,160.0
2022-11-22 09:00:00,7.1,44.6,80.0,40.6,44.9,39.6,150.0
2022-11-22 10:00:00,8.7,43.8,77.6,39.6,43.8,38.9,140.0
2022-11-22 11:00:00,10.5,42.7,73.3,38.6,42.5,38.2,120.0
2022-11-22 12:00:00,11.3,42.2,70.8,37.8,41.6,37.6,120.0
2022-11-22 13:00:00,10.4,42.6,73.6,38.2,42.3,37.6,120.0
2022-11-22 14:00:00,10.9,42.5,73.6,38.6,42.6,38.1,130.0
2022-11-22 15:00:00,11.7,42.0,72.9,38.3,42.2,38.1,120.0
2022-11-22 16:00:00,11.4,42.2,72.9,37.7,41.7,37.4,120.0
2022-11-22 17:00:00,11.1,42.3,73.5,38.2,42.1,37.8,120.0
2022-11-22 18:00:00,11.2,42.2,73.6,38.5,42.4,37.9,120.0
2022-11-22 19:00:00,11.7,42.0,73.8,38.6,42.6,38.0,120.0
2022-11-22 20:00:00,11.5,42.1,70.1,37.9,41.6,37.7,110.0
2022-11-22 21:00:00,11.6,42.1,72.8,38.5,42.5,38.0,130.0
2022-11-22 22:00:00,11.7,41.9,70.3,38.4,38.8,38.0,110.0
2022-11-22 23:00:00,11.7,41.9,34.2,37.2,34.2,32.3,0.0
2022-11-23 00:00:00,11.7,41.9,32.5,36.3,31.4,31.2,0.0
2022-11-23 01:00:00,10.7,42.5,30.2,35.3,27.9,28.3,0.0
2022-11-23 02:00:00,10.1,42.9,28.5,34.4,26.6,26.7,0.0
2022-11-23 03:00:00,10.0,43.0,28.8,33.7,28.1,26.1,0.0
2022-11-23 04:00:00,9.6,43.1,28.4,33.1,28.3,25.2,0.0
2022-11-23 05:00:00,9.0,43.6,28.3,32.9,28.3,24.7,0.0
2022-11-23 06:00:00,8.9,43.7,28.1,32.5,28.1,24.4,0.0
2022-11-23 07:00:00,8.6,43.9,57.1,39.8,42.4,34.1,160.0
2022-11-23 08:00:00,10.5,42.7,74.4,39.2,43.0,38.6,160.0
2022-11-23 09:00:00,11.4,42.8,73.1,38.5,42.6,38.0,120.0
2022-11-23 10:00:00,12.6,42.3,70.3,38.3,42.0,37.8,120.0
2022-11-23 11:00:00,13.6,41.6,68.2,37.8,41.5,37.3,120.0
2022-11-23 12:00:00,14.4,41.6,66.6,37.3,40.9,37.0,110.0
2022-11-23 13:00:00,14.6,41.6,67.4,37.6,41.3,37.0,120.0
2022-11-23 14:00:00,14.7,41.6,72.1,38.2,42.3,37.5,120.0
2022-11-23 15:00:00,14.8,41.6,71.0,37.9,41.7,37.7,120.0
2022-11-23 16:00:00,13.7,41.7,71.8,37.7,41.6,37.4,110.0
2022-11-23 17:00:00,13.5,45.5,73.6,42.3,46.3,40.4,170.0
2022-11-23 18:00:00,13.1,46.0,74.0,41.2,45.3,40.2,130.0
2022-11-23 19:00:00,13.2,46.0,74.0,41.7,45.9,40.5,150.0
2022-11-23 20:00:00,13.0,46.3,73.7,41.9,45.9,40.5,150.0
2022-11-23 21:00:00,12.6,46.8,74.4,42.3,46.5,40.9,160.0
2022-11-23 22:00:00,11.8,47.5,44.0,41.2,35.2,35.4,50.0
2022-11-23 23:00:00,11.1,48.0,35.0,39.9,34.4,33.0,0.0
2022-11-24 00:00:00,10.8,48.6,32.4,38.4,29.3,31.6,0.0
2022-11-24 01:00:00,10.4,49.1,30.6,35.1,27.3,27.8,0.0
2022-11-24 02:00:00,9.7,50.0,28.8,32.6,26.2,26.6,0.0
2022-11-24 03:00:00,9.3,50.1,27.5,30.3,25.7,26.0,0.0
2022-11-24 04:00:00,9.2,50.6,28.1,28.3,26.4,25.4,0.0
2022-11-24 05:00:00,8.9,50.6,32.4,23.6,33.0,24.9,0.0
2022-11-24 06:00:00,8.9,45.8,63.1,35.2,38.3,27.7,50.0
2022-11-24 07:00:00,9.1,45.7,80.0,41.7,46.0,40.5,250.0
2022-11-24 08:00:00,8.9,45.7,80.3,40.7,45.2,39.6,140.0
2022-11-24 09:00:00,9.7,45.4,79.1,40.4,44.7,39.5,140.0
2022-11-24 10:00:00,10.4,44.9,78.0,40.6,44.8,39.6,150.0
2022-11-24 11:00:00,11.2,44.6,77.8,40.4,44.7,39.4,140.0
2022-11-24 12:00:00,12.3,44.0,74.9,40.2,44.3,39.3,140.0
2022-11-24 13:00:00,11.8,44.1,75.9,39.8,44.0,38.9,140.0
2022-11-24 14:00:00,11.7,44.2,76.1,39.8,44.0,38.8,130.0
2022-11-24 15:00:00,11.4,44.5,77.0,40.1,44.5,39.2,140.0
2022-11-24 16:00:00,10.9,43.3,77.4,38.6,42.7,38.5,120.0
2022-11-24 17:00:00,10.7,43.4,77.4,38.6,42.8,38.2,120.0
2022-11-24 18:00:00,10.4,43.6,77.5,38.8,43.0,38.2,130.0
2022-11-24 19:00:00,10.4,43.6,78.1,39.1,43.3,38.6,130.0
2022-11-24 20:00:00,10.1,43.7,76.4,38.9,43.1,38.7,120.0
2022-11-24 21:00:00,9.8,43.8,75.7,39.1,43.2,38.6,130.0
2022-11-24 22:00:00,9.9,43.8,75.3,39.2,40.2,38.7,130.0
2022-11-24 23:00:00,10.0,43.8,34.5,37.9,34.7,32.6,0.0
2022-11-25 00:00:00,9.8,43.8,32.6,36.8,31.3,31.3,0.0
2022-11-25 01:00:00,9.8,43.7,30.3,35.8,28.2,28.3,0.0
2022-11-25 02:00:00,10.0,43.6,29.3,34.8,27.3,26.8,0.0
2022-11-25 03:00:00,10.0,43.8,28.2,33.9,26.5,25.8,0.0
2022-11-25 04:00:00,9.9,43.8,27.8,32.7,25.0,25.2,0.0
2022-11-25 05:00:00,9.7,43.85,53.6,36.8,35.15,28.05,55.0
2022-11-25 06:00:00,9.5,43.9,79.4,40.9,45.3,30.9,55.0
2022-11-25 07:00:00,9.2,44.0,79.4,39.0,43.6,38.3,180.0
2022-11-25 08:00:00,9.6,43.4,79.2,39.5,43.9,38.6,140.0
2022-11-25 09:00:00,10.2,43.2,78.3,39.5,43.9,38.8,140.0
2022-11-25 10:00:00,10.6,43.0,77.6,38.7,42.8,38.3,130.0
2022-11-25 11:00:00,11.1,43.0,76.1,38.2,42.3,37.7,120.0
2022-11-25 12:00:00,11.5,42.8,76.6,38.4,42.6,37.8,130.0
2022-11-25 13:00:00,11.8,42.7,76.3,38.3,42.4,37.8,120.0
2022-11-25 14:00:00,12.0,42.7,74.2,38.2,42.3,37.8,120.0
2022-11-25 15:00:00,11.2,42.9,74.4,38.5,42.6,38.0,130.0
2022-11-25 16:00:00,10.4,43.1,77.4,38.7,43.0,38.1,130.0
2022-11-25 17:00:00,9.2,43.6,78.0,39.0,43.3,38.5,130.0
2022-11-25 18:00:00,8.4,43.8,78.9,39.4,43.6,38.8,130.0
2022-11-25 19:00:00,7.6,44.1,79.6,39.7,44.0,39.1,140.0
2022-11-25 20:00:00,7.6,44.1,79.9,40.0,44.3,39.4,130.0
2022-11-25 21:00:00,7.2,44.5,78.5,39.9,44.4,39.0,140.0
2022-11-25 22:00:00,6.4,44.6,78.1,40.4,40.6,39.8,130.0
2022-11-25 23:00:00,6.0,44.7,35.4,39.1,35.4,33.2,0.0
2022-11-26 00:00:00,5.8,44.8,33.0,37.9,31.2,31.7,0.0
2022-11-26 01:00:00,5.8,44.8,30.5,36.9,28.8,28.4,0.0
2022-11-26 02:00:00,5.8,44.8,30.3,36.0,29.2,27.0,0.0
2022-11-26 03:00:00,5.0,45.0,30.0,34.8,29.6,25.8,0.0
2022-11-26 04:00:00,5.0,45.0,29.6,34.2,29.3,25.2,0.0
2022-11-26 05:00:00,5.3,44.9,29.5,34.4,28.8,24.7,0.0
2022-11-26 06:00:00,5.6,44.8,78.1,41.6,45.9,31.8,140.0
2022-11-26 07:00:00,5.7,44.8,82.2,39.5,44.2,38.6,180.0
2022-11-26 08:00:00,6.0,44.7,80.4,39.8,44.3,39.0,150.0
2022-11-26 09:00:00,6.8,44.5,81.4,40.0,44.5,39.1,150.0
2022-11-26 10:00:00,7.5,44.4,78.9,39.8,44.1,38.9,140.0
2022-11-26 11:00:00,8.9,42.1,77.1,38.4,42.4,38.3,130.0
2022-11-26 12:00:00,10.2,41.6,74.5,37.1,41.1,36.9,120.0
2022-11-26 13:00:00,9.4,42.1,74.3,37.3,41.4,36.7,110.0
2022-11-26 14:00:00,9.4,42.0,75.7,37.9,42.1,37.3,130.0
2022-11-26 15:00:00,9.2,42.1,75.0,38.1,42.3,37.6,130.0
2022-11-26 16:00:00,8.6,42.4,77.4,38.4,42.7,37.8,130.0
2022-11-26 17:00:00,8.0,42.6,77.4,38.6,42.6,38.0,130.0
2022-11-26 18:00:00,7.6,42.8,79.4,38.7,43.0,38.1,130.0
2022-11-26 19:00:00,7.0,44.7,80.4,40.5,45.0,39.6,160.0
2022-11-26 20:00:00,6.9,44.7,81.4,40.1,44.5,39.4,140.0
2022-11-26 21:00:00,7.3,44.7,81.5,40.3,44.9,39.5,150.0
2022-11-26 22:00:00,7.3,44.7,72.1,38.8,37.3,37.1,90.0
2022-11-26 23:00:00,7.3,44.7,34.6,38.3,34.2,32.1,0.0
2022-11-27 00:00:00,7.2,44.7,32.2,37.1,30.2,30.8,0.0
2022-11-27 01:00:00,7.2,44.7,30.3,36.1,28.2,28.5,0.0
2022-11-27 02:00:00,7.3,44.7,29.2,34.5,26.4,26.9,0.0
2022-11-27 03:00:00,7.3,44.7,28.9,31.5,27.0,26.1,0.0
2022-11-27 04:00:00,7.3,44.7,30.5,23.6,31.9,25.2,0.0
2022-11-27 05:00:00,7.3,44.7,43.5,22.8,24.8,24.6,0.0
2022-11-27 06:00:00,7.2,44.7,70.5,36.1,42.2,28.2,70.0
2022-11-27 07:00:00,7.3,44.7,82.3,40.2,44.8,39.3,240.0
2022-11-27 08:00:00,7.4,44.7,80.3,39.7,44.3,38.4,150.0
2022-11-27 09:00:00,7.7,44.6,78.8,39.8,44.3,38.9,140.0
2022-11-27 10:00:00,8.0,44.6,77.5,39.9,44.3,38.9,150.0
2022-11-27 11:00:00,8.6,44.5,77.5,40.0,44.4,39.0,140.0
2022-11-27 12:00:00,9.0,44.5,76.5,39.8,44.1,38.9,150.0
2022-11-27 13:00:00,9.1,44.5,76.3,39.8,44.0,38.9,140.0
2022-11-27 14:00:00,9.1,43.6,77.4,39.7,44.1,38.7,140.0
2022-11-27 15:00:00,8.7,42.7,76.5,38.2,42.3,38.0,120.0
2022-11-27 16:00:00,8.5,43.2,77.2,38.6,42.9,37.9,130.0
2022-11-27 17:00:00,8.0,43.3,80.2,39.5,43.7,38.7,140.0
2022-11-27 18:00:00,7.7,43.3,79.4,39.2,43.5,38.6,140.0
2022-11-27 19:00:00,7.7,43.4,80.3,39.2,43.6,38.7,130.0
2022-11-27 20:00:00,7.5,43.4,80.8,39.3,43.7,38.7,140.0
2022-11-27 21:00:00,7.3,43.4,82.1,39.4,43.9,38.8,130.0
2022-11-27 22:00:00,7.3,43.4,81.3,39.3,43.6,38.7,130.0
2022-11-27 23:00:00,7.2,43.4,35.1,37.9,35.2,32.3,0.0
2022-11-28 00:00:00,7.1,43.5,32.6,36.9,31.5,31.1,0.0
2022-11-28 01:00:00,6.2,43.6,30.4,35.7,27.6,28.5,0.0
2022-11-28 02:00:00,6.1,43.7,28.4,34.3,26.3,27.3,0.0
2022-11-28 03:00:00,6.2,43.7,28.4,31.1,26.0,25.6,0.0
2022-11-28 04:00:00,6.3,43.7,30.7,23.1,31.9,24.9,0.0
2022-11-28 05:00:00,6.2,43.7,45.7,22.6,26.2,24.6,0.0
2022-11-28 06:00:00,6.2,43.6,73.6,37.4,41.2,28.9,80.0
2022-11-28 07:00:00,6.3,43.6,76.0,39.1,43.3,38.2,200.0
2022-11-28 08:00:00,6.9,43.9,82.7,39.9,44.4,38.8,150.0
2022-11-28 09:00:00,6.9,43.9,81.5,39.4,43.8,38.6,140.0
2022-11-28 10:00:00,7.5,43.8,79.9,38.9,43.1,38.3,140.0
2022-11-28 11:00:00,7.9,43.6,79.0,38.7,42.9,38.1,130.0
2022-11-28 12:00:00,8.6,43.4,78.1,38.7,42.8,38.2,130.0
2022-11-28 13:00:00,9.1,43.3,78.0,38.5,42.7,38.1,130.0
2022-11-28 14:00:00,9.6,43.1,77.7,38.8,43.0,38.2,140.0
2022-11-28 15:00:00,9.2,43.3,78.0,39.0,43.2,38.4,130.0
2022-11-28 16:00:00,8.6,43.5,79.4,39.3,43.8,38.6,140.0
2022-11-28 17:00:00,8.6,43.5,79.4,39.6,43.9,38.9,140.0
2022-11-28 18:00:00,7.9,43.6,79.4,39.7,44.2,39.0,140.0
2022-11-28 19:00:00,7.3,43.8,81.6,39.9,44.4,39.1,140.0
2022-11-28 20:00:00,6.7,44.0,82.4,39.4,43.7,39.0,140.0
2022-11-28 21:00:00,6.6,44.0,82.6,39.2,43.7,38.8,60.0
2022-11-28 22:00:00,5.4,44.3,83.2,39.6,44.2,38.8,210.0
2022-11-28 23:00:00,5.8,44.3,34.9,38.1,34.9,32.7,0.0
2022-11-29 00:00:00,5.2,44.3,32.5,37.0,31.2,31.3,0.0
2022-11-29 01:00:00,4.3,44.7,30.7,36.0,29.5,28.7,0.0
2022-11-29 02:00:00,4.4,44.8,30.0,35.3,29.7,27.1,0.0
2022-11-29 03:00:00,4.1,45.1,30.2,34.9,29.8,25.6,0.0
2022-11-29 04:00:00,3.6,45.3,30.1,34.9,29.6,25.2,0.0
2022-11-29 05:00:00,2.9,45.5,33.5,35.1,35.0,24.9,0.0
2022-11-29 06:00:00,2.7,45.7,87.3,43.3,48.8,35.2,190.0
2022-11-29 07:00:00,3.1,45.6,80.3,41.5,46.5,38.9,170.0
2022-11-29 08:00:00,3.2,45.4,86.1,41.1,45.9,39.9,170.0
2022-11-29 09:00:00,4.2,44.9,85.0,40.4,45.1,39.2,160.0
2022-11-29 10:00:00,5.0,44.4,84.6,40.1,44.8,39.1,150.0
2022-11-29 11:00:00,5.9,44.2,82.7,39.8,44.3,38.9,150.0
2022-11-29 12:00:00,7.2,43.8,81.6,39.7,44.1,38.8,140.0
2022-11-29 13:00:00,7.9,42.3,79.0,38.9,43.1,38.5,140.0
2022-11-29 14:00:00,8.7,42.0,76.6,37.3,41.3,37.3,110.0
2022-11-29 15:00:00,8.0,42.2,77.4,37.5,41.8,37.2,130.0
2022-11-29 16:00:00,7.5,44.4,79.8,40.6,45.1,39.5,160.0
2022-11-29 17:00:00,6.9,44.6,81.9,40.5,45.0,39.6,150.0
2022-11-29 18:00:00,6.9,44.6,82.3,40.5,45.0,39.5,150.0
2022-11-29 19:00:00,6.7,44.6,83.3,40.5,45.1,39.7,150.0
2022-11-29 20:00:00,6.3,44.7,82.4,40.5,44.9,39.6,150.0
2022-11-29 21:00:00,6.8,44.6,82.0,40.4,44.9,39.6,150.0
2022-11-29 22:00:00,6.6,44.6,69.4,40.0,38.7,38.3,110.0
2022-11-29 23:00:00,7.2,44.5,35.0,38.7,34.9,32.7,0.0
2022-11-30 00:00:00,7.1,44.5,32.4,37.5,30.1,31.3,0.0
2022-11-30 01:00:00,7.1,44.5,30.3,36.4,27.5,27.5,0.0
2022-11-30 02:00:00,6.9,44.5,29.8,35.5,27.6,26.4,0.0
2022-11-30 03:00:00,7.0,44.5,28.5,33.9,25.5,25.5,0.0
2022-11-30 04:00:00,6.9,44.6,28.5,26.4,28.9,25.0,0.0
2022-11-30 05:00:00,6.7,44.6,31.0,24.0,32.4,24.4,0.0
2022-11-30 06:00:00,6.8,44.5,76.1,37.3,40.9,27.4,80.0
2022-11-30 07:00:00,7.6,44.4,80.0,40.5,45.0,39.2,230.0
2022-11-30 08:00:00,8.2,44.2,80.3,39.8,44.2,39.0,150.0
2022-11-30 09:00:00,8.8,44.1,79.4,39.2,43.7,38.4,140.0
2022-11-30 10:00:00,9.5,43.9,78.3,39.2,43.5,38.5,140.0
2022-11-30 11:00:00,10.1,43.8,77.2,39.1,43.3,38.3,130.0
2022-11-30 12:00:00,10.8,43.6,76.3,38.9,43.1,38.2,140.0
2022-11-30 13:00:00,10.8,42.0,76.3,38.3,42.5,37.7,130.0
2022-11-30 14:00:00,10.5,43.1,76.2,38.2,42.2,37.6,130.0
2022-11-30 15:00:00,10.4,43.2,77.7,39.0,43.3,38.2,140.0
2022-11-30 16:00:00,9.7,43.4,78.2,39.3,43.7,38.6,130.0
2022-11-30 17:00:00,9.3,43.5,78.5,39.6,43.9,38.8,150.0
2022-11-30 18:00:00,8.7,43.8,79.0,39.7,44.1,38.9,140.0
2022-11-30 19:00:00,8.4,43.8,80.0,40.0,44.5,39.2,140.0
2022-11-30 20:00:00,8.1,43.9,79.4,39.8,44.0,39.0,140.0
2022-11-30 21:00:00,8.1,43.9,79.7,39.6,43.9,38.9,140.0
2022-11-30 22:00:00,8.3,43.8,79.9,39.6,43.7,38.9,140.0
2022-11-30 23:00:00,7.9,44.0,31.6,38.1,32.0,31.9,0.0
2022-12-01 00:00:00,8.4,43.8,32.8,37.0,31.6,30.5,0.0
2022-12-01 01:00:00,8.1,43.9,30.8,36.0,28.6,28.7,0.0
2022-12-01 02:00:00,7.8,44.0,30.2,35.4,29.7,26.4,0.0
2022-12-01 03:00:00,7.5,44.1,30.2,35.1,30.1,25.7,0.0
2022-12-01 04:00:00,7.6,44.1,29.8,34.7,29.3,25.0,0.0
2022-12-01 05:00:00,7.5,44.2,30.1,31.7,30.3,24.6,0.0
2022-12-01 06:00:00,7.5,44.2,82.8,40.3,44.9,30.0,100.0
2022-12-01 07:00:00,7.5,44.1,80.0,39.1,43.6,38.4,190.0
2022-12-01 08:00:00,7.6,44.1,80.1,39.3,43.9,38.4,140.0
2022-12-01 09:00:00,7.5,44.1,80.0,39.5,44.0,38.5,150.0
2022-12-01 10:00:00,7.1,44.2,80.0,39.7,44.2,38.6,150.0
2022-12-01 11:00:00,7.2,44.2,81.3,40.2,44.7,39.0,150.0
2022-12-01 12:00:00,7.3,44.1,80.2,40.1,44.6,39.0,150.0
2022-12-01 13:00:00,7.3,44.2,80.3,40.1,44.6,39.2,150.0
2022-12-01 14:00:00,7.5,44.1,80.6,40.3,44.8,39.2,150.0
2022-12-01 15:00:00,7.3,44.2,81.6,40.2,44.8,39.4,150.0
2022-12-01 16:00:00,7.1,44.3,81.9,39.9,44.4,39.1,140.0
2022-12-01 17:00:00,7.0,44.3,82.5,40.0,44.5,39.2,140.0
2022-12-01 18:00:00,7.1,44.2,82.0,40.1,44.5,39.3,150.0
2022-12-01 19:00:00,7.1,44.3,81.7,39.9,44.3,39.1,140.0
2022-12-01 20:00:00,7.2,44.3,80.1,39.9,44.2,39.1,140.0
2022-12-01 21:00:00,6.9,44.3,82.8,40.0,44.7,39.3,150.0
2022-12-01 22:00:00,6.8,44.3,81.3,39.9,40.2,39.3,130.0
2022-12-01 23:00:00,6.8,44.3,35.2,38.6,35.2,32.9,0.0
2022-12-02 00:00:00,6.9,44.3,32.5,37.4,31.4,31.6,0.0
2022-12-02 01:00:00,6.7,44.4,29.9,36.3,27.9,27.5,0.0
2022-12-02 02:00:00,6.9,44.3,29.8,35.5,28.9,26.2,0.0
2022-12-02 03:00:00,6.7,44.4,29.6,34.8,29.0,25.4,0.0
2022-12-02 04:00:00,6.7,44.4,29.2,34.4,28.3,24.8,0.0
2022-12-02 05:00:00,6.6,44.5,33.5,35.2,35.1,24.5,0.0
2022-12-02 06:00:00,6.6,44.4,63.5,40.8,44.9,34.6,170.0
2022-12-02 07:00:00,6.7,44.4,78.6,40.2,44.6,38.8,180.0
2022-12-02 08:00:00,7.2,44.2,82.2,40.1,44.7,39.2,150.0
2022-12-02 09:00:00,7.8,44.1,80.0,39.4,43.6,38.6,140.0
2022-12-02 10:00:00,8.0,43.9,79.6,39.0,43.3,38.3,140.0
2022-12-02 11:00:00,9.1,43.6,79.1,39.1,43.3,38.4,140.0
2022-12-02 12:00:00,9.8,43.3,78.3,38.8,43.2,38.1,130.0
2022-12-02 13:00:00,9.9,43.4,77.7,38.7,43.0,38.2,140.0
2022-12-02 14:00:00,9.7,43.4,78.2,38.8,43.1,38.2,130.0
2022-12-02 15:00:00,9.8,43.3,77.1,38.9,43.2,38.2,140.0
2022-12-02 16:00:00,9.2,44.5,78.4,40.2,44.6,39.0,150.0
2022-12-02 17:00:00,8.9,44.5,79.4,40.8,45.1,39.7,150.0
2022-12-02 18:00:00,8.5,44.6,79.0,40.1,44.4,39.4,140.0
2022-12-02 19:00:00,8.3,44.6,79.8,39.9,44.2,39.1,140.0
2022-12-02 20:00:00,8.1,44.6,79.6,39.8,44.2,39.1,150.0
2022-12-02 21:00:00,7.7,44.6,78.2,39.9,44.3,39.1,140.0
2022-12-02 22:00:00,7.5,44.7,41.4,39.0,33.7,33.6,40.0
2022-12-02 23:00:00,6.7,44.8,33.8,37.8,33.1,31.6,0.0
2022-12-03 00:00:00,6.7,44.8,31.3,36.7,28.8,29.8,0.0
2022-12-03 01:00:00,6.8,44.8,29.3,35.6,27.6,26.9,0.0
2022-12-03 02:00:00,7.4,44.7,28.5,33.8,25.7,25.9,0.0
2022-12-03 03:00:00,7.4,44.7,28.5,29.7,28.0,25.3,0.0
2022-12-03 04:00:00,7.0,44.7,31.0,24.4,32.4,24.8,0.0
2022-12-03 05:00:00,6.6,44.8,45.3,22.4,24.5,24.2,0.0
2022-12-03 06:00:00,6.9,44.8,85.6,40.8,46.0,30.1,130.0
2022-12-03 07:00:00,7.3,44.7,82.0,39.6,43.9,38.8,200.0
2022-12-03 08:00:00,7.7,44.6,80.1,40.0,44.5,38.8,150.0
2022-12-03 09:00:00,8.6,44.5,79.2,40.4,44.8,39.2,150.0
2022-12-03 10:00:00,10.1,44.4,77.4,40.0,44.2,38.9,150.0
2022-12-03 11:00:00,10.6,44.3,75.9,39.5,43.7,38.6,130.0
2022-12-03 12:00:00,11.4,44.3,74.1,39.9,44.1,38.7,150.0
2022-12-03 13:00:00,12.4,42.1,72.3,38.2,41.9,38.3,130.0
2022-12-03 14:00:00,12.0,42.2,71.9,37.7,41.7,37.2,110.0
2022-12-03 15:00:00,11.4,42.3,73.0,38.4,42.5,37.8,140.0
2022-12-03 16:00:00,10.1,42.4,75.2,38.9,43.2,38.1,130.0
2022-12-03 17:00:00,9.8,42.4,75.2,38.5,42.6,37.9,130.0
2022-12-03 18:00:00,9.6,42.4,76.1,38.4,42.5,37.8,130.0
2022-12-03 19:00:00,9.5,42.4,76.4,38.3,42.4,37.8,120.0
2022-12-03 20:00:00,9.4,42.5,75.7,38.2,42.4,37.8,130.0
2022-12-03 21:00:00,9.2,42.5,76.1,38.4,42.5,37.9,130.0
2022-12-03 22:00:00,9.2,42.5,76.3,38.6,42.8,38.1,130.0
2022-12-03 23:00:00,9.4,42.4,34.2,37.2,34.2,32.3,0.0
2022-12-04 00:00:00,9.2,42.5,32.3,36.2,31.2,31.0,0.0
2022-12-04 01:00:00,8.9,42.5,30.0,35.0,27.5,27.9,0.0
2022-12-04 02:00:00,9.0,42.5,28.2,34.0,26.3,26.4,0.0
2022-12-04 03:00:00,9.3,42.5,27.3,32.3,25.3,25.7,0.0
2022-12-04 04:00:00,9.8,42.4,28.6,26.9,28.3,25.1,0.0
2022-12-04 05:00:00,9.7,42.4,32.3,23.5,33.0,24.5,0.0
2022-12-04 06:00:00,9.6,43.0,50.8,31.5,33.8,26.5,60.0
2022-12-04 07:00:00,9.5,42.9,78.1,38.2,42.1,37.7,220.0
2022-12-04 08:00:00,10.2,44.6,77.1,40.0,44.7,37.8,140.0
2022-12-04 09:00:00,10.9,44.4,77.3,40.1,44.5,39.1,160.0
2022-12-04 10:00:00,11.7,43.9,72.4,39.3,43.2,38.5,140.0
2022-12-04 11:00:00,12.4,43.6,72.3,39.3,43.3,38.4,130.0
2022-12-04 12:00:00,12.8,43.4,72.5,39.2,43.3,38.3,140.0
2022-12-04 13:00:00,13.4,43.3,71.2,39.2,43.2,38.4,140.0
2022-12-04 14:00:00,13.0,43.5,72.0,39.4,43.4,38.4,130.0
2022-12-04 15:00:00,12.2,43.8,73.9,39.7,43.8,38.7,140.0
2022-12-04 16:00:00,11.6,44.0,74.9,40.3,44.5,39.2,150.0
2022-12-04 17:00:00,11.5,44.2,75.5,40.2,44.4,39.4,140.0
2022-12-04 18:00:00,11.1,44.2,74.9,39.9,44.0,39.1,140.0
2022-12-04 19:00:00,10.8,44.4,75.7,39.9,44.0,39.2,140.0
2022-12-04 20:00:00,10.6,44.5,76.5,39.9,44.2,39.1,140.0
2022-12-04 21:00:00,10.5,44.5,76.4,40.0,44.2,39.1,140.0
2022-12-04 22:00:00,10.5,44.5,72.6,39.7,39.4,38.8,110.0
2022-12-04 23:00:00,10.3,44.6,34.8,38.4,34.7,32.9,0.0
2022-12-05 00:00:00,10.0,44.8,32.8,37.3,31.0,31.5,0.0
2022-12-05 01:00:00,9.8,44.8,30.3,35.9,27.2,28.1,0.0
2022-12-05 02:00:00,9.9,44.7,30.4,35.2,29.7,27.3,0.0
2022-12-05 03:00:00,8.9,45.2,29.6,34.4,29.7,26.4,0.0
2022-12-05 04:00:00,9.0,45.2,29.2,34.0,29.0,25.5,0.0
2022-12-05 05:00:00,9.1,45.1,33.4,34.7,34.8,24.9,0.0
2022-12-05 06:00:00,9.3,45.1,63.8,36.4,40.5,30.0,110.0
2022-12-05 07:00:00,9.1,45.2,78.2,41.5,45.7,39.9,210.0
2022-12-05 08:00:00,9.4,45.0,78.9,40.6,45.0,39.6,150.0
2022-12-05 09:00:00,10.0,44.8,78.4,40.2,44.7,39.1,150.0
2022-12-05 10:00:00,11.1,44.2,77.2,39.9,44.4,39.1,150.0
2022-12-05 11:00:00,11.7,44.0,74.5,39.3,43.3,38.6,130.0
2022-12-05 12:00:00,12.2,43.8,74.3,39.4,43.3,38.6,140.0
2022-12-05 13:00:00,12.6,41.8,73.1,37.8,38.5,37.8,120.0
2022-12-05 14:00:00,13.0,41.6,33.8,36.5,34.0,32.1,0.0
2022-12-05 15:00:00,12.6,41.9,70.5,41.3,45.3,36.5,150.0
2022-12-05 16:00:00,11.8,42.6,74.4,37.8,41.9,37.4,130.0
2022-12-05 17:00:00,10.9,43.1,77.5,39.1,43.4,38.4,130.0
2022-12-05 18:00:00,10.4,43.4,78.4,39.7,44.1,39.0,150.0
2022-12-05 19:00:00,9.9,43.6,77.8,39.4,43.4,38.9,130.0
2022-12-05 20:00:00,10.0,43.7,75.8,39.2,43.4,38.5,130.0
2022-12-05 21:00:00,9.8,43.7,77.2,39.5,43.6,38.7,140.0
2022-12-05 22:00:00,9.9,43.8,76.5,39.4,39.7,38.9,130.0
2022-12-05 23:00:00,9.8,43.9,34.9,38.0,34.9,32.7,0.0
2022-12-06 00:00:00,9.3,44.0,33.2,36.8,30.9,31.4,0.0
2022-12-06 01:00:00,9.3,44.0,30.1,35.8,27.6,27.8,0.0
2022-12-06 02:00:00,9.8,43.8,29.5,34.8,28.0,27.0,0.0
2022-12-06 03:00:00,10.1,43.5,28.3,33.9,27.1,26.2,0.0
2022-12-06 04:00:00,10.3,43.6,27.6,32.1,25.3,25.4,0.0
2022-12-06 05:00:00,10.3,43.4,27.5,28.1,26.7,24.7,0.0
2022-12-06 06:00:00,10.4,43.3,78.9,38.3,42.8,28.8,90.0
2022-12-06 07:00:00,10.6,43.4,77.4,38.7,43.0,38.1,190.0
2022-12-06 08:00:00,10.9,43.0,77.1,38.8,43.1,38.0,130.0
2022-12-06 09:00:00,11.6,42.6,77.4,38.9,43.1,38.3,140.0
2022-12-06 10:00:00,12.2,42.2,74.4,38.6,42.6,38.2,130.0
2022-12-06 11:00:00,13.4,41.4,73.5,38.0,42.0,37.6,120.0
2022-12-06 12:00:00,14.1,41.0,72.6,37.4,41.3,37.1,120.0
2022-12-06 13:00:00,13.8,41.2,64.6,36.8,35.3,35.2,80.0
2022-12-06 14:00:00,13.5,41.4,32.8,35.6,33.2,31.5,0.0
2022-12-06 15:00:00,13.4,42.3,70.6,39.5,43.0,38.5,180.0
2022-12-06 16:00:00,13.0,42.5,73.4,37.9,42.0,37.4,110.0
2022-12-06 17:00:00,13.0,42.5,74.4,38.3,42.4,37.9,130.0
2022-12-06 18:00:00,12.6,42.7,74.3,38.3,42.4,37.8,120.0
2022-12-06 19:00:00,12.5,42.7,75.9,38.5,42.7,38.1,130.0
2022-12-06 20:00:00,12.5,42.8,73.2,38.2,42.1,37.9,120.0
2022-12-06 21:00:00,12.1,43.0,74.9,39.0,43.0,38.3,140.0
2022-12-06 22:00:00,12.1,43.1,75.8,39.3,43.5,38.7,130.0
2022-12-06 23:00:00,11.9,43.1,34.6,37.9,34.9,32.7,0.0
2022-12-07 00:00:00,11.4,43.3,32.8,36.8,32.4,31.3,0.0
2022-12-07 01:00:00,11.0,43.6,30.8,35.9,29.4,28.7,0.0
2022-12-07 02:00:00,10.7,43.7,30.5,35.4,30.0,26.9,0.0
2022-12-07 03:00:00,10.8,43.6,30.6,35.3,30.1,26.3,0.0
2022-12-07 04:00:00,11.1,43.6,30.3,35.1,29.6,25.7,0.0
2022-12-07 05:00:00,11.0,43.7,29.5,29.4,31.5,25.3,0.0
2022-12-07 06:00:00,10.8,44.0,79.3,41.7,46.2,32.5,120.0
2022-12-07 07:00:00,10.8,44.2,78.4,39.1,43.4,38.6,170.0
2022-12-07 08:00:00,10.7,44.2,78.2,39.5,43.7,38.6,140.0
2022-12-07 09:00:00,11.4,43.6,77.5,39.8,44.1,38.9,140.0
2022-12-07 10:00:00,12.3,43.1,74.2,39.5,43.5,38.9,140.0
2022-12-07 11:00:00,12.8,42.9,73.6,39.1,43.1,38.5,100.0
2022-12-07 12:00:00,14.7,42.0,46.1,52.1,34.8,36.0,40.0
2022-12-07 13:00:00,15.8,42.0,39.4,49.0,32.1,32.4,0.0
2022-12-07 14:00:00,15.8,42.0,35.3,44.1,29.6,30.4,0.0
2022-12-07 15:00:00,15.2,42.0,67.3,35.6,37.4,26.9,0.0
2022-12-07 16:00:00,14.3,42.0,71.6,37.5,41.1,37.6,200.0
2022-12-07 17:00:00,14.2,42.0,72.5,38.7,42.7,37.9,130.0
2022-12-07 18:00:00,14.0,42.0,72.6,38.2,42.2,37.9,120.0
2022-12-07 19:00:00,12.7,42.7,73.5,38.2,42.3,37.6,120.0
2022-12-07 20:00:00,11.8,43.5,76.4,39.2,43.5,38.4,130.0
2022-12-07 21:00:00,11.2,44.0,75.5,39.7,43.8,39.0,140.0
2022-12-07 22:00:00,11.1,44.2,74.0,39.6,39.5,38.8,120.0
2022-12-07 23:00:00,10.8,44.3,35.1,38.3,35.2,33.0,0.0
2022-12-08 00:00:00,10.7,44.5,33.3,37.2,32.2,31.6,0.0
2022-12-08 01:00:00,10.4,44.5,30.8,36.3,30.1,27.7,0.0
2022-12-08 02:00:00,10.6,44.6,31.0,36.1,30.1,26.8,0.0
2022-12-08 03:00:00,10.6,44.6,30.8,35.9,29.5,25.8,0.0
2022-12-08 04:00:00,10.5,44.7,30.4,35.6,29.2,25.3,0.0
2022-12-08 05:00:00,10.2,44.8,30.3,35.2,29.4,25.1,0.0
2022-12-08 06:00:00,10.1,44.8,79.3,38.0,42.1,28.2,70.0
2022-12-08 07:00:00,10.2,44.8,79.8,40.6,45.1,39.5,210.0
2022-12-08 08:00:00,10.3,44.8,78.4,40.3,44.5,39.4,150.0
2022-12-08 09:00:00,10.9,44.5,78.3,40.2,44.5,39.4,140.0
2022-12-08 10:00:00,11.2,44.2,77.4,40.0,44.2,39.2,140.0
2022-12-08 11:00:00,12.4,43.5,74.7,39.6,43.5,38.9,140.0
2022-12-08 12:00:00,13.7,42.5,72.6,39.0,43.0,38.5,130.0
2022-12-08 13:00:00,14.5,42.5,71.8,38.5,42.3,38.1,120.0
2022-12-08 14:00:00,14.7,42.5,70.7,38.2,42.1,37.9,120.0
2022-12-08 15:00:00,13.9,42.5,72.4,38.3,42.3,38.0,120.0
2022-12-08 16:00:00,13.2,42.8,73.5,38.4,42.2,38.0,120.0
2022-12-08 17:00:00,12.9,43.0,74.4,38.5,42.6,38.3,120.0
2022-12-08 18:00:00,12.8,43.2,74.7,38.6,42.7,38.2,120.0
2022-12-08 19:00:00,12.9,43.2,75.0,38.8,42.8,38.4,130.0
2022-12-08 20:00:00,12.4,43.4,74.4,39.2,43.3,38.7,120.0
2022-12-08 21:00:00,12.0,43.6,74.1,39.5,43.4,38.9,130.0
2022-12-08 22:00:00,11.9,43.8,75.5,39.7,40.4,39.1,130.0
2022-12-08 23:00:00,12.1,43.6,35.5,38.2,35.8,33.4,0.0
2022-12-09 00:00:00,11.9,43.7,33.4,37.0,32.9,32.1,0.0
2022-12-09 01:00:00,12.1,43.6,31.3,35.4,30.8,28.8,0.0
2022-12-09 02:00:00,12.2,43.6,30.7,34.9,30.4,27.6,0.0
2022-12-09 03:00:00,12.2,43.5,30.6,34.5,30.1,26.9,0.0
2022-12-09 04:00:00,12.2,43.7,30.2,34.1,29.6,26.3,0.0
2022-12-09 05:00:00,12.0,43.7,29.8,33.7,29.3,26.0,0.0
2022-12-09 06:00:00,11.7,43.9,71.0,34.2,39.3,26.3,0.0
2022-12-09 07:00:00,11.4,44.0,77.9,39.7,43.6,39.1,240.0
2022-12-09 08:00:00,12.2,43.7,76.5,39.2,43.4,38.4,120.0
2022-12-09 09:00:00,12.8,43.2,74.7,39.0,43.0,38.3,130.0
2022-12-09 10:00:00,14.1,42.5,73.4,38.9,42.8,38.4,130.0
2022-12-09 11:00:00,15.1,42.5,70.8,38.4,42.0,38.1,110.0
2022-12-09 12:00:00,16.1,42.5,70.9,38.2,42.0,37.7,120.0
2022-12-09 13:00:00,15.9,42.5,45.5,37.3,33.3,33.3,40.0
2022-12-09 14:00:00,15.5,42.5,33.2,36.2,33.4,31.8,0.0
2022-12-09 15:00:00,15.6,42.5,31.8,35.3,31.0,29.9,0.0
2022-12-09 16:00:00,15.3,42.5,70.8,40.3,43.8,38.4,190.0
2022-12-09 17:00:00,14.7,42.5,71.7,38.2,41.9,38.0,110.0
2022-12-09 18:00:00,14.7,42.5,72.7,38.0,41.9,37.8,120.0
2022-12-09 19:00:00,14.8,42.5,72.7,38.2,42.1,38.0,110.0
2022-12-09 20:00:00,14.6,42.5,69.9,38.2,42.0,37.9,110.0
2022-12-09 21:00:00,14.3,42.5,70.5,38.3,42.2,38.0,120.0
2022-12-09 22:00:00,14.6,42.5,67.2,37.7,37.5,37.2,90.0
2022-12-09 23:00:00,14.8,42.5,33.9,36.8,33.9,32.2,0.0
2022-12-10 00:00:00,14.6,42.5,32.4,35.9,32.0,31.2,0.0
2022-12-10 01:00:00,14.6,42.5,30.8,35.0,29.9,29.1,0.0
2022-12-10 02:00:00,14.4,42.5,30.0,34.0,29.8,27.2,0.0
2022-12-10 03:00:00,15.4,42.5,30.0,33.6,30.2,26.6,0.0
2022-12-10 04:00:00,16.1,42.5,29.8,33.4,29.8,26.2,0.0
2022-12-10 05:00:00,15.1,42.5,29.6,33.2,29.6,25.9,0.0
2022-12-10 06:00:00,15.3,43.5,74.6,37.6,41.8,29.0,90.0
2022-12-10 07:00:00,15.4,43.5,73.0,39.3,43.0,38.7,180.0
2022-12-10 08:00:00,15.3,43.5,72.0,39.0,43.0,38.3,130.0
2022-12-10 09:00:00,15.9,40.0,71.1,37.8,40.9,38.4,110.0
2022-12-10 10:00:00,17.2,40.0,39.4,34.9,33.1,33.1,0.0
2022-12-10 11:00:00,17.9,40.0,32.2,34.5,32.7,31.1,0.0
2022-12-10 12:00:00,18.3,40.0,31.0,34.2,30.8,29.5,0.0
2022-12-10 13:00:00,18.6,40.0,30.2,34.4,29.8,27.4,0.0
2022-12-10 14:00:00,18.3,40.0,30.4,34.4,30.2,26.8,0.0
2022-12-10 15:00:00,17.4,40.0,30.3,34.1,30.1,26.3,0.0
2022-12-10 16:00:00,16.7,41.0,29.9,29.9,31.6,25.9,0.0
2022-12-10 17:00:00,16.6,41.0,70.5,37.1,40.7,37.3,210.0
2022-12-10 18:00:00,16.5,41.0,68.1,37.0,40.7,36.7,100.0
2022-12-10 19:00:00,16.1,41.0,69.5,37.4,41.2,37.2,110.0
2022-12-10 20:00:00,16.3,41.0,68.9,37.6,41.2,37.4,110.0
2022-12-10 21:00:00,16.4,43.0,70.7,39.8,43.6,38.8,130.0
2022-12-10 22:00:00,16.1,43.0,67.6,39.1,39.2,38.7,110.0
2022-12-10 23:00:00,16.3,43.0,34.8,38.1,34.8,33.0,0.0
2022-12-11 00:00:00,16.4,43.0,33.2,37.0,33.0,31.9,0.0
2022-12-11 01:00:00,15.8,43.0,31.3,36.1,30.0,28.8,0.0
2022-12-11 02:00:00,15.7,43.0,30.8,35.1,30.5,27.5,0.0
2022-12-11 03:00:00,16.6,43.0,30.7,34.6,30.9,26.7,0.0
2022-12-11 04:00:00,16.7,43.0,30.5,34.5,30.3,26.3,0.0
2022-12-11 05:00:00,16.3,43.0,30.2,34.3,30.2,26.0,0.0
2022-12-11 06:00:00,10.7,44.9,61.2,32.1,34.3,25.4,0.0
2022-12-11 07:00:00,9.2,44.3,79.6,39.8,43.9,39.1,240.0
2022-12-11 08:00:00,8.4,45.0,78.4,40.3,44.6,39.1,130.0
2022-12-11 09:00:00,7.9,45.4,80.8,40.9,45.4,39.8,150.0
2022-12-11 10:00:00,7.9,45.2,81.8,40.8,45.3,39.8,140.0
2022-12-11 11:00:00,7.4,45.7,80.4,41.1,45.6,40.0,150.0
2022-12-11 12:00:00,7.2,44.6,82.7,40.2,44.5,39.5,130.0
2022-12-11 13:00:00,6.5,45.0,81.7,40.1,44.6,39.3,140.0
2022-12-11 14:00:00,6.4,45.2,83.0,41.2,45.8,40.1,150.0
2022-12-11 15:00:00,6.4,45.0,83.9,40.4,44.8,39.8,140.0
2022-12-11 16:00:00,6.4,45.0,83.0,40.2,44.6,39.7,130.0
2022-12-11 17:00:00,6.6,44.8,84.4,40.3,44.7,39.8,140.0
2022-12-11 18:00:00,6.7,44.8,83.5,41.0,45.8,39.8,140.0
2022-12-11 19:00:00,6.6,44.9,83.1,40.4,44.8,39.9,130.0
2022-12-11 20:00:00,7.0,44.7,82.8,40.1,44.5,39.6,130.0
2022-12-11 21:00:00,7.0,44.6,82.1,40.0,44.3,39.7,140.0
2022-12-11 22:00:00,7.2,44.6,75.2,39.1,37.0,36.9,80.0
2022-12-11 23:00:00,6.8,44.7,35.0,38.2,34.3,32.6,0.0
2022-12-12 00:00:00,7.0,44.6,32.6,37.1,31.4,31.4,0.0
2022-12-12 01:00:00,6.8,44.6,30.6,36.1,29.2,28.0,0.0
2022-12-12 02:00:00,6.8,44.8,29.6,34.3,27.9,27.4,0.0
2022-12-12 03:00:00,6.6,44.8,29.8,24.3,30.7,26.3,0.0
2022-12-12 04:00:00,6.7,44.9,31.0,23.4,29.2,25.5,0.0
2022-12-12 05:00:00,6.7,44.8,33.6,22.9,31.0,25.0,0.0
2022-12-12 06:00:00,6.5,45.0,84.6,42.7,47.8,36.9,210.0
2022-12-12 07:00:00,6.6,44.8,78.1,40.5,45.1,38.8,130.0
2022-12-12 08:00:00,6.6,45.0,82.7,40.6,45.1,39.7,160.0
2022-12-12 09:00:00,6.9,44.8,82.9,40.3,44.8,39.4,140.0
2022-12-12 10:00:00,6.6,44.8,82.3,40.3,44.7,39.4,140.0
2022-12-12 11:00:00,6.2,45.3,82.8,40.1,44.5,39.3,140.0
2022-12-12 12:00:00,5.4,45.8,84.0,40.9,45.5,39.7,160.0
2022-12-12 13:00:00,5.1,45.8,84.4,41.2,45.9,40.2,150.0
2022-12-12 14:00:00,5.1,46.0,84.6,41.4,46.1,40.3,150.0
2022-12-12 15:00:00,4.6,46.1,84.9,41.7,46.3,40.5,160.0
2022-12-12 16:00:00,4.1,46.3,85.5,41.9,46.7,40.7,160.0
2022-12-12 17:00:00,3.6,46.5,85.3,42.0,46.7,40.9,160.0
2022-12-12 18:00:00,3.9,46.4,85.4,42.2,47.0,41.1,150.0
2022-12-12 19:00:00,3.7,44.5,85.6,42.0,46.0,41.1,160.0
2022-12-12 20:00:00,3.6,42.8,84.0,37.7,42.3,37.8,100.0
2022-12-12 21:00:00,3.5,42.9,84.9,38.8,43.1,38.4,130.0
2022-12-12 22:00:00,3.5,42.9,84.9,38.9,43.3,38.7,130.0
2022-12-12 23:00:00,3.2,43.2,39.5,37.8,35.2,33.1,0.0
2022-12-13 00:00:00,2.1,43.6,33.2,36.7,32.9,31.6,0.0
2022-12-13 01:00:00,1.7,43.9,30.8,35.7,29.4,28.4,0.0
2022-12-13 02:00:00,1.6,44.0,29.2,33.9,27.9,26.8,0.0
2022-12-13 03:00:00,1.6,43.9,30.8,25.2,32.3,26.0,0.0
2022-12-13 04:00:00,1.0,44.3,39.6,23.3,34.0,25.2,0.0
2022-12-13 05:00:00,1.2,44.2,57.7,23.1,25.4,24.5,0.0
2022-12-13 06:00:00,0.7,47.2,73.2,42.0,45.6,32.5,140.0
2022-12-13 07:00:00,0.9,47.1,78.7,42.2,46.7,40.6,210.0
2022-12-13 08:00:00,1.6,46.7,88.0,42.3,47.2,40.9,180.0
2022-12-13 09:00:00,2.1,46.4,85.7,41.1,45.8,40.2,150.0
2022-12-13 10:00:00,2.7,46.2,85.9,41.2,45.9,40.2,150.0
2022-12-13 11:00:00,3.9,45.6,84.8,41.2,45.9,40.0,160.0
2022-12-13 12:00:00,3.7,45.7,84.9,40.9,45.6,40.1,160.0
2022-12-13 13:00:00,3.8,45.7,84.1,40.9,45.5,40.0,150.0
2022-12-13 14:00:00,3.7,45.5,83.4,40.7,45.3,39.8,150.0
2022-12-13 15:00:00,4.4,45.3,83.6,40.7,45.4,39.8,150.0
2022-12-13 16:00:00,3.9,45.5,83.6,40.7,45.2,39.7,150.0
2022-12-13 17:00:00,3.9,45.5,84.6,40.7,45.4,39.9,150.0
2022-12-13 18:00:00,3.9,45.6,84.5,40.8,45.4,40.0,150.0
2022-12-13 19:00:00,4.1,44.6,84.1,41.0,45.6,40.1,150.0
2022-12-13 20:00:00,4.2,44.6,82.8,40.0,44.4,39.5,140.0
2022-12-13 21:00:00,4.2,45.3,83.0,39.5,43.9,39.1,140.0
2022-12-13 22:00:00,4.4,45.3,82.6,41.1,41.1,40.2,150.0
2022-12-13 23:00:00,4.4,45.2,36.0,39.5,35.9,33.3,0.0
2022-12-14 00:00:00,4.2,45.4,33.6,38.3,32.7,31.9,0.0
2022-12-14 01:00:00,4.0,45.6,31.7,36.6,31.0,28.2,0.0
2022-12-14 02:00:00,4.0,45.4,31.2,36.2,30.6,26.5,0.0
2022-12-14 03:00:00,4.0,45.4,30.9,35.9,30.2,25.6,0.0
2022-12-14 04:00:00,4.2,45.5,30.5,35.5,29.6,25.1,0.0
2022-12-14 05:00:00,4.1,45.4,33.6,35.5,35.0,24.6,0.0
2022-12-14 06:00:00,4.5,45.1,68.6,41.0,44.3,32.7,140.0
2022-12-14 07:00:00,4.7,45.0,77.9,40.7,45.1,39.4,190.0
2022-12-14 08:00:00,5.0,45.0,83.9,40.8,45.3,39.6,170.0
2022-12-14 09:00:00,5.7,44.6,83.5,40.5,44.9,39.4,150.0
2022-12-14 10:00:00,6.2,44.3,82.9,40.1,44.6,39.1,150.0
2022-12-14 11:00:00,6.5,44.1,81.8,39.7,44.2,39.0,150.0
2022-12-14 12:00:00,7.2,43.8,82.1,39.7,44.2,38.9,140.0
2022-12-14 13:00:00,7.2,43.7,79.8,39.6,44.0,38.9,150.0
2022-12-14 14:00:00,7.4,43.6,79.9,39.4,43.8,38.8,140.0
2022-12-14 15:00:00,7.4,43.7,80.1,39.5,44.0,38.8,140.0
2022-12-14 16:00:00,6.9,43.8,81.7,39.7,44.3,38.9,140.0
2022-12-14 17:00:00,6.7,44.0,82.0,40.1,44.6,39.2,150.0
2022-12-14 18:00:00,5.9,44.3,82.5,40.2,44.7,39.4,140.0
2022-12-14 19:00:00,5.95,44.29,82.54,40.17,44.67,39.36,75.0
2022-12-14 20:00:00,6.0,44.27,82.59,40.14,44.64,39.33,75.0
2022-12-14 21:00:00,6.05,44.26,82.63,40.11,44.61,39.29,75.0
2022-12-14 22:00:00,6.1,44.24,82.67,40.09,44.59,39.26,75.0
2022-12-14 23:00:00,6.15,44.23,82.71,40.06,44.56,39.22,75.0
2022-12-15 00:00:00,6.2,44.21,82.76,40.03,44.53,39.19,75.0
2022-12-15 01:00:00,6.25,44.2,82.8,40.0,44.5,39.15,75.0
2022-12-15 02:00:00,6.3,44.19,82.84,39.97,44.47,39.11,75.0
2022-12-15 03:00:00,6.35,44.17,82.89,39.94,44.44,39.08,75.0
2022-12-15 04:00:00,6.4,44.16,82.93,39.91,44.41,39.04,75.0
2022-12-15 05:00:00,6.45,44.14,82.97,39.89,44.39,39.01,75.0
2022-12-15 06:00:00,6.5,44.13,83.01,39.86,44.36,38.97,75.0
2022-12-15 07:00:00,6.55,44.11,83.06,39.83,44.33,38.94,75.0
2022-12-15 08:00:00,6.6,44.1,83.1,39.8,44.3,38.9,75.0
2022-12-15 09:00:00,7.4,43.7,80.9,39.3,43.7,38.6,150.0
2022-12-15 10:00:00,7.6,43.4,79.4,38.7,43.0,38.1,140.0
2022-12-15 11:00:00,8.8,42.8,78.5,38.8,43.2,38.1,140.0
2022-12-15 12:00:00,9.9,42.3,78.2,38.4,42.8,37.9,130.0
2022-12-15 13:00:00,10.8,41.7,77.4,38.1,42.4,37.6,130.0
2022-12-15 14:00:00,9.8,42.2,77.5,38.0,42.2,37.5,130.0
2022-12-15 15:00:00,9.6,42.3,77.3,38.0,42.1,37.5,130.0
2022-12-15 16:00:00,9.2,42.6,77.3,38.1,42.2,37.6,120.0
2022-12-15 17:00:00,8.6,43.0,78.6,38.2,42.4,37.8,130.0
2022-12-15 18:00:00,8.4,43.2,79.2,38.3,42.5,38.0,140.0
2022-12-15 19:00:00,8.2,43.2,77.2,38.4,42.6,37.9,120.0
2022-12-15 20:00:00,8.0,43.3,74.6,38.6,42.5,38.1,140.0
2022-12-15 21:00:00,9.0,42.8,75.5,38.7,42.7,38.1,130.0
2022-12-15 22:00:00,9.4,42.6,72.5,38.4,39.0,38.1,120.0
2022-12-15 23:00:00,9.7,42.4,34.0,37.1,34.0,32.0,0.0
2022-12-16 00:00:00,9.7,42.2,32.5,36.1,31.8,30.8,0.0
2022-12-16 01:00:00,10.3,42.1,30.5,35.1,29.7,28.3,0.0
2022-12-16 02:00:00,10.3,42.1,30.3,34.9,29.6,26.4,0.0
2022-12-16 03:00:00,10.4,41.9,30.1,34.6,29.5,25.5,0.0
2022-12-16 04:00:00,10.9,41.7,29.7,34.4,29.0,25.0,0.0
2022-12-16 05:00:00,11.7,41.3,29.3,33.9,28.8,24.8,0.0
2022-12-16 06:00:00,11.5,41.3,69.5,36.9,40.2,28.5,80.0
2022-12-16 07:00:00,11.4,42.1,72.9,37.1,41.2,36.7,180.0
2022-12-16 08:00:00,11.8,41.8,73.7,38.6,42.4,37.6,130.0
2022-12-16 09:00:00,13.1,40.8,70.7,37.4,41.1,37.1,120.0
2022-12-16 10:00:00,13.9,40.1,69.3,36.6,40.4,36.4,110.0
2022-12-16 11:00:00,14.5,40.0,67.2,36.1,39.8,36.0,110.0
2022-12-16 12:00:00,15.7,40.0,35.9,35.0,33.4,31.6,0.0
2022-12-16 13:00:00,18.3,40.0,31.6,34.1,31.6,30.5,0.0
2022-12-16 14:00:00,18.4,40.0,29.9,33.2,28.8,28.1,0.0
2022-12-16 15:00:00,18.1,40.0,28.8,32.4,28.6,26.6,0.0
2022-12-16 16:00:00,17.5,40.0,28.9,32.3,29.0,26.3,0.0
2022-12-16 17:00:00,17.5,41.0,42.9,35.7,31.2,25.4,0.0
2022-12-16 18:00:00,16.6,41.0,66.7,39.1,42.8,36.9,220.0
2022-12-16 19:00:00,16.1,41.0,67.1,36.7,40.3,36.3,110.0
2022-12-16 20:00:00,15.7,41.0,65.4,36.9,40.4,36.4,110.0
2022-12-16 21:00:00,16.0,41.0,65.6,37.3,40.8,36.8,110.0
2022-12-16 22:00:00,15.2,41.0,64.3,37.1,37.8,36.8,110.0
2022-12-16 23:00:00,14.9,41.0,33.2,36.0,33.2,31.5,0.0
2022-12-17 00:00:00,14.5,41.0,31.7,35.0,31.5,30.7,0.0
2022-12-17 01:00:00,13.6,41.3,30.1,34.1,29.0,28.1,0.0
2022-12-17 02:00:00,13.3,41.3,28.9,33.2,28.1,26.3,0.0
2022-12-17 03:00:00,13.4,41.3,28.8,32.6,29.0,25.7,0.0
2022-12-17 04:00:00,14.4,41.0,28.9,32.5,29.3,25.2,0.0
2022-12-17 05:00:00,14.6,41.0,28.6,32.4,28.7,24.9,0.0
2022-12-17 06:00:00,14.2,42.0,69.6,38.8,42.3,31.0,120.0
2022-12-17 07:00:00,14.4,42.0,69.8,37.7,41.3,37.3,150.0
2022-12-17 08:00:00,14.2,42.0,69.7,37.6,41.5,37.1,120.0
2022-12-17 09:00:00,14.8,42.0,68.2,37.6,41.3,37.2,120.0
2022-12-17 10:00:00,15.2,42.0,68.0,37.8,41.5,37.2,120.0
2022-12-17 11:00:00,15.5,42.0,67.1,37.7,41.4,37.0,110.0
2022-12-17 12:00:00,15.2,42.0,67.9,38.0,41.8,37.3,120.0
2022-12-17 13:00:00,13.6,42.3,70.0,38.3,42.2,37.5,120.0
2022-12-17 14:00:00,12.3,44.7,72.1,39.7,43.9,37.9,140.0
2022-12-17 15:00:00,11.2,45.2,77.4,41.1,45.4,39.9,160.0
2022-12-17 16:00:00,10.5,45.6,77.2,40.9,45.1,39.7,140.0
2022-12-17 17:00:00,10.1,45.6,78.5,41.2,45.6,39.9,150.0
2022-12-17 18:00:00,9.8,45.8,78.7,41.4,45.7,40.1,150.0
2022-12-17 19:00:00,9.2,46.0,79.6,41.5,46.0,40.4,150.0
2022-12-17 20:00:00,8.7,46.3,79.5,41.6,46.0,40.3,150.0
2022-12-17 21:00:00,8.3,46.6,80.0,41.6,46.1,40.5,150.0
2022-12-17 22:00:00,8.1,46.5,40.9,40.9,36.6,36.7,90.0
2022-12-17 23:00:00,7.8,46.7,35.7,39.6,35.8,33.3,0.0
2022-12-18 00:00:00,7.3,47.0,33.3,37.9,32.0,30.3,0.0
2022-12-18 01:00:00,6.6,47.2,31.8,36.4,31.2,27.5,0.0
2022-12-18 02:00:00,6.8,47.2,31.4,36.0,30.6,26.5,0.0
2022-12-18 03:00:00,6.6,47.2,30.9,35.6,30.2,25.8,0.0
2022-12-18 04:00:00,6.7,47.1,30.4,35.1,29.7,25.4,0.0
2022-12-18 05:00:00,6.6,47.3,30.0,34.5,29.3,24.8,0.0
2022-12-18 06:00:00,6.1,47.5,75.1,35.0,39.6,25.8,50.0
2022-12-18 07:00:00,6.2,44.6,82.8,39.2,43.4,39.1,230.0
2022-12-18 08:00:00,6.4,44.6,82.0,39.9,44.5,38.9,150.0
2022-12-18 09:00:00,6.5,44.5,81.7,40.1,44.6,39.1,150.0
2022-12-18 10:00:00,6.8,44.4,82.6,40.1,44.7,39.0,150.0
2022-12-18 11:00:00,6.8,44.4,80.3,39.8,44.2,38.9,140.0
2022-12-18 12:00:00,7.1,44.3,80.9,39.5,44.0,38.7,140.0
2022-12-18 13:00:00,7.3,44.2,80.4,39.5,43.9,38.8,150.0
2022-12-18 14:00:00,7.1,44.3,81.2,39.7,44.2,38.8,140.0
2022-12-18 15:00:00,6.2,44.5,82.7,40.0,44.5,39.1,140.0
2022-12-18 16:00:00,6.2,44.6,82.8,40.7,45.3,39.5,150.0
2022-12-18 17:00:00,5.8,44.7,82.8,40.1,44.6,39.2,150.0
2022-12-18 18:00:00,5.3,44.9,84.8,40.5,45.4,39.3,140.0
2022-12-18 19:00:00,4.9,44.9,84.5,40.5,45.1,39.5,150.0
2022-12-18 20:00:00,4.7,45.2,84.8,40.3,45.0,39.3,140.0
2022-12-18 21:00:00,4.5,45.2,84.8,40.1,44.7,39.1,150.0
2022-12-18 22:00:00,4.9,45.0,83.8,40.1,40.8,39.5,140.0
2022-12-18 23:00:00,4.5,45.3,35.4,38.6,35.6,32.9,0.0
2022-12-19 00:00:00,4.1,45.5,33.4,37.4,33.1,31.6,0.0
2022-12-19 01:00:00,4.2,45.3,32.0,37.1,31.2,27.9,0.0
2022-12-19 02:00:00,4.2,45.3,31.5,36.7,30.8,26.3,0.0
2022-12-19 03:00:00,3.5,45.7,31.1,36.4,30.4,25.3,0.0
2022-12-19 04:00:00,3.3,45.8,30.9,36.0,29.8,24.9,0.0
2022-12-19 05:00:00,3.4,45.7,30.6,29.8,32.6,24.6,0.0
2022-12-19 06:00:00,3.6,46.4,75.2,43.1,47.1,33.7,160.0
2022-12-19 07:00:00,3.8,46.5,80.2,41.9,46.5,40.0,200.0
2022-12-19 08:00:00,3.8,46.4,86.4,42.2,47.0,40.5,180.0
2022-12-19 09:00:00,4.5,46.2,85.0,41.6,46.3,40.5,160.0
2022-12-19 10:00:00,4.9,46.0,84.4,40.9,45.6,39.9,160.0
2022-12-19 11:00:00,4.7,46.1,84.7,41.3,46.0,39.9,160.0
2022-12-19 12:00:00,5.0,46.0,83.9,41.6,46.4,40.2,170.0
2022-12-19 13:00:00,5.3,45.8,83.2,41.5,46.2,40.3,160.0
2022-12-19 14:00:00,5.4,44.7,82.9,40.1,44.4,39.7,150.0
2022-12-19 15:00:00,5.0,45.0,82.8,39.9,44.5,39.0,140.0
2022-12-19 16:00:00,4.6,45.2,83.7,40.6,45.3,39.6,150.0
2022-12-19 17:00:00,3.5,45.7,84.8,40.8,45.5,39.8,160.0
2022-12-19 18:00:00,3.1,45.9,85.9,41.1,45.8,40.1,160.0
2022-12-19 19:00:00,2.7,46.2,89.8,41.1,46.1,40.1,150.0
2022-12-19 20:00:00,2.1,46.4,86.1,41.4,46.2,40.3,160.0
2022-12-19 21:00:00,2.0,46.5,85.9,41.9,46.7,40.6,160.0
2022-12-19 22:00:00,1.9,46.5,85.8,41.8,42.1,40.8,160.0
2022-12-19 23:00:00,1.5,46.7,36.5,40.6,36.4,33.5,0.0
2022-12-20 00:00:00,1.1,47.0,34.0,39.3,33.1,31.8,0.0
2022-12-20 01:00:00,0.7,47.1,31.9,37.7,31.0,27.1,0.0
2022-12-20 02:00:00,0.3,47.2,31.5,37.4,30.6,25.8,0.0
2022-12-20 03:00:00,0.1,47.4,31.2,37.1,30.1,25.5,0.0
2022-12-20 04:00:00,0.0,47.4,30.6,36.6,29.5,24.4,0.0
2022-12-20 05:00:00,-0.1,47.6,34.3,36.7,35.5,23.9,0.0
2022-12-20 06:00:00,-0.4,46.6,65.5,39.7,43.7,32.6,140.0
2022-12-20 07:00:00,-0.5,46.6,78.9,42.5,47.1,40.6,230.0
2022-12-20 08:00:00,-0.4,46.5,90.7,42.0,46.9,40.5,180.0
2022-12-20 09:00:00,0.4,46.3,88.1,41.3,46.1,39.9,160.0
2022-12-20 10:00:00,1.5,46.0,88.2,40.9,45.9,39.8,170.0
2022-12-20 11:00:00,2.6,45.7,85.3,40.6,45.3,39.6,160.0
2022-12-20 12:00:00,3.7,45.4,84.8,40.4,45.1,39.3,160.0
2022-12-20 13:00:00,5.2,44.8,83.0,40.0,44.5,39.0,150.0
2022-12-20 14:00:00,6.0,44.3,80.1,39.4,43.7,38.6,140.0
2022-12-20 15:00:00,6.0,44.5,79.6,39.6,43.9,38.7,150.0
2022-12-20 16:00:00,5.1,44.9,81.6,39.8,44.3,38.8,150.0
2022-12-20 17:00:00,4.0,45.3,83.8,40.4,45.1,39.3,150.0
2022-12-20 18:00:00,3.3,45.5,85.1,40.8,45.5,39.6,160.0
2022-12-20 19:00:00,3.0,45.6,85.8,41.0,45.7,40.0,160.0
2022-12-20 20:00:00,2.6,45.6,88.1,41.3,46.3,40.0,160.0
2022-12-20 21:00:00,2.7,45.6,86.1,41.5,46.2,40.3,170.0
2022-12-20 22:00:00,3.0,45.5,35.9,40.1,34.5,34.5,50.0
2022-12-20 23:00:00,2.7,45.6,34.2,38.8,34.0,32.2,0.0
2022-12-21 00:00:00,2.8,45.6,31.9,37.1,30.7,28.0,0.0
2022-12-21 01:00:00,2.9,45.6,30.9,36.2,30.4,26.3,0.0
2022-12-21 02:00:00,2.5,45.7,30.7,35.9,30.0,26.0,0.0
2022-12-21 03:00:00,3.0,45.5,30.2,35.4,29.6,24.9,0.0
2022-12-21 04:00:00,2.3,45.7,29.8,34.9,28.9,24.5,0.0
2022-12-21 05:00:00,2.0,45.9,29.3,34.4,28.3,24.1,0.0
2022-12-21 06:00:00,1.5,46.1,86.8,43.3,48.4,37.4,230.0
2022-12-21 07:00:00,1.1,46.1,74.7,41.1,45.6,38.8,160.0
2022-12-21 08:00:00,1.7,45.9,88.2,41.6,46.4,40.0,180.0
2022-12-21 09:00:00,2.6,45.7,85.2,41.3,46.0,40.0,170.0
2022-12-21 10:00:00,3.7,45.3,84.8,41.0,45.6,39.7,160.0
2022-12-21 11:00:00,4.9,45.0,82.2,40.2,44.5,39.2,160.0
2022-12-21 12:00:00,6.1,44.3,80.1,40.1,44.5,39.1,150.0
2022-12-21 13:00:00,7.3,43.6,78.4,39.6,44.0,38.7,150.0
2022-12-21 14:00:00,7.9,43.4,77.9,39.3,43.6,38.6,140.0
2022-12-21 15:00:00,8.1,43.3,47.8,38.4,34.7,34.7,80.0
2022-12-21 16:00:00,7.2,45.7,81.5,43.1,47.5,33.5,90.0
2022-12-21 17:00:00,5.8,46.6,82.2,42.3,46.9,40.5,220.0
2022-12-21 18:00:00,5.0,45.1,82.7,39.8,44.3,39.2,140.0
2022-12-21 19:00:00,5.0,45.1,84.2,40.0,44.7,39.1,150.0
2022-12-21 20:00:00,4.4,45.3,82.5,40.3,44.9,39.1,160.0
2022-12-21 21:00:00,4.2,45.4,83.5,40.7,45.3,39.7,150.0
2022-12-21 22:00:00,3.8,45.6,82.4,40.9,41.7,39.9,160.0
2022-12-21 23:00:00,3.3,45.8,35.0,39.3,35.9,32.4,0.0
2022-12-22 00:00:00,3.1,46.0,33.3,38.1,32.2,31.0,0.0
2022-12-22 01:00:00,2.7,46.2,30.6,37.0,29.2,26.9,0.0
2022-12-22 02:00:00,2.4,46.3,30.3,36.3,29.4,26.3,0.0
2022-12-22 03:00:00,1.7,46.6,29.8,35.9,28.5,24.9,0.0
2022-12-22 04:00:00,1.9,46.6,29.1,25.3,29.7,24.1,0.0
2022-12-22 05:00:00,1.6,46.7,28.9,26.2,30.2,23.7,0.0
2022-12-22 06:00:00,1.3,46.7,73.3,41.7,45.7,32.8,150.0
2022-12-22 07:00:00,1.2,46.8,79.6,41.8,46.4,40.2,220.0
2022-12-22 08:00:00,1.8,46.6,85.2,42.1,46.8,40.5,180.0
2022-12-22 09:00:00,2.9,46.0,83.9,41.3,45.9,40.0,170.0
2022-12-22 10:00:00,3.3,45.8,85.0,41.1,45.8,39.9,160.0
2022-12-22 11:00:00,4.2,45.4,83.1,40.7,45.4,39.7,160.0
2022-12-22 12:00:00,5.2,44.8,82.3,40.2,44.8,39.1,160.0
2022-12-22 13:00:00,6.3,44.5,79.9,39.9,44.1,39.0,150.0
2022-12-22 14:00:00,7.1,44.3,78.5,39.5,43.8,38.5,140.0
2022-12-22 15:00:00,7.5,44.1,78.3,39.3,43.6,38.3,140.0
2022-12-22 16:00:00,6.9,44.3,79.4,39.8,44.2,38.8,150.0
2022-12-22 17:00:00,5.4,44.9,82.1,40.5,45.0,39.3,160.0
2022-12-22 18:00:00,4.7,45.2,83.1,41.2,45.8,39.9,160.0
2022-12-22 19:00:00,5.4,44.9,82.8,40.9,45.3,39.8,160.0
2022-12-22 20:00:00,5.5,44.7,81.9,40.5,44.9,39.6,150.0
2022-12-22 21:00:00,5.7,44.7,81.7,40.1,44.4,39.1,150.0
2022-12-22 22:00:00,5.8,45.6,80.4,40.7,40.6,39.4,150.0
2022-12-22 23:00:00,6.0,45.6,35.3,39.0,35.2,32.9,0.0
2022-12-23 00:00:00,6.0,45.4,33.2,37.8,32.2,31.3,0.0
2022-12-23 01:00:00,6.3,45.4,31.1,36.6,30.3,27.2,0.0
2022-12-23 02:00:00,6.4,45.2,31.3,36.3,30.6,26.7,0.0
2022-12-23 03:00:00,6.7,45.2,30.8,36.0,29.9,25.4,0.0
2022-12-23 04:00:00,6.7,45.2,30.3,35.5,29.4,24.7,0.0
2022-12-23 05:00:00,6.8,45.2,29.9,35.1,29.0,24.5,0.0
2022-12-23 06:00:00,7.0,45.0,54.4,34.7,38.2,30.2,100.0
2022-12-23 07:00:00,7.3,44.9,68.7,39.9,43.8,38.6,220.0
2022-12-23 08:00:00,7.4,44.8,80.5,40.9,45.3,39.6,170.0
2022-12-23 09:00:00,8.2,44.6,79.3,40.5,44.9,39.4,150.0
2022-12-23 10:00:00,9.0,44.3,78.3,40.2,44.5,39.1,150.0
2022-12-23 11:00:00,9.8,43.9,77.8,40.0,44.2,39.1,150.0
2022-12-23 12:00:00,9.9,43.8,76.8,39.8,44.1,38.8,140.0
2022-12-23 13:00:00,10.3,43.6,72.2,39.0,43.0,38.4,140.0
2022-12-23 14:00:00,10.8,43.3,70.4,38.9,42.7,38.1,130.0
2022-12-23 15:00:00,11.0,43.2,72.3,39.2,43.1,38.2,140.0
2022-12-23 16:00:00,10.2,43.6,72.7,39.4,43.3,38.6,140.0
2022-12-23 17:00:00,8.8,44.3,76.5,40.1,44.4,39.0,140.0
2022-12-23 18:00:00,7.9,44.7,76.8,40.4,44.7,39.3,150.0
2022-12-23 19:00:00,7.9,44.7,79.8,41.0,45.5,39.7,150.0
2022-12-23 20:00:00,7.4,44.9,78.2,40.9,45.2,39.7,150.0
2022-12-23 21:00:00,6.5,45.3,78.7,41.1,45.4,39.9,160.0
2022-12-23 22:00:00,5.9,45.6,45.9,40.0,34.3,34.4,50.0
2022-12-23 23:00:00,5.8,45.6,34.3,38.7,33.9,32.2,0.0
2022-12-24 00:00:00,5.4,45.7,31.7,37.5,29.7,28.8,0.0
2022-12-24 01:00:00,4.9,46.0,30.2,36.4,29.2,26.4,0.0
2022-12-24 02:00:00,4.4,46.2,29.9,35.7,29.1,25.6,0.0
2022-12-24 03:00:00,4.3,46.3,29.2,35.1,27.4,24.9,0.0
2022-12-24 04:00:00,4.0,46.4,28.5,23.3,30.3,24.3,0.0
2022-12-24 05:00:00,3.8,46.4,27.8,22.7,29.1,24.0,0.0
2022-12-24 06:00:00,4.6,46.2,87.8,43.6,48.5,31.5,150.0
2022-12-24 07:00:00,5.0,46.0,80.6,40.8,45.1,39.6,200.0
2022-12-24 08:00:00,5.6,45.7,81.6,41.5,46.1,40.0,170.0
2022-12-24 09:00:00,6.9,45.2,80.1,40.9,45.4,39.7,160.0
2022-12-24 10:00:00,8.4,44.4,76.3,40.3,44.4,39.1,150.0
2022-12-24 11:00:00,9.0,44.1,76.1,39.7,43.8,38.8,140.0
2022-12-24 12:00:00,10.5,43.6,74.1,39.4,43.4,38.6,140.0
2022-12-24 13:00:00,10.2,43.7,72.8,39.4,43.4,38.3,140.0
2022-12-24 14:00:00,10.2,43.6,73.6,40.0,44.0,38.8,140.0
2022-12-24 15:00:00,9.9,43.7,75.1,39.9,43.9,38.9,150.0
2022-12-24 16:00:00,9.9,43.7,72.2,39.2,43.1,38.5,130.0
2022-12-24 17:00:00,9.8,43.9,74.9,39.4,43.5,38.5,140.0
2022-12-24 18:00:00,10.0,43.7,75.3,39.7,43.9,38.7,140.0
2022-12-24 19:00:00,9.7,43.9,74.5,39.6,43.6,38.8,130.0
2022-12-24 20:00:00,9.6,43.9,74.3,39.6,43.6,38.7,140.0
2022-12-24 21:00:00,9.5,43.9,74.4,39.4,43.4,38.5,140.0
2022-12-24 22:00:00,9.8,43.9,74.5,39.4,41.3,38.7,130.0
2022-12-24 23:00:00,9.6,43.8,34.8,37.9,34.8,32.7,0.0
2022-12-25 00:00:00,9.5,43.9,32.7,36.7,31.7,31.3,0.0
2022-12-25 01:00:00,9.2,44.0,30.7,35.8,29.8,27.8,0.0
2022-12-25 02:00:00,9.4,44.0,30.8,35.4,30.3,27.4,0.0
2022-12-25 03:00:00,9.3,44.0,30.5,35.2,29.8,25.8,0.0
2022-12-25 04:00:00,9.5,44.0,30.1,34.9,29.0,25.1,0.0
2022-12-25 05:00:00,9.5,43.9,29.7,34.4,29.0,24.8,0.0
2022-12-25 06:00:00,9.5,44.0,58.9,29.6,32.0,24.2,0.0
2022-12-25 07:00:00,9.4,44.5,76.7,40.0,44.0,39.1,260.0
2022-12-25 08:00:00,9.3,44.6,74.4,39.8,43.8,38.5,150.0
2022-12-25 09:00:00,9.8,44.3,75.7,39.9,44.1,38.8,140.0
2022-12-25 10:00:00,10.5,44.1,74.1,39.5,43.6,38.5,150.0
2022-12-25 11:00:00,10.9,44.0,73.3,39.5,43.6,38.4,140.0
2022-12-25 12:00:00,11.2,43.9,73.2,39.8,44.0,38.6,140.0
2022-12-25 13:00:00,11.5,43.8,73.1,39.8,43.8,38.6,140.0
2022-12-25 14:00:00,11.3,43.9,73.1,39.7,43.7,38.6,140.0
2022-12-25 15:00:00,11.0,43.9,72.9,40.1,44.2,38.9,150.0
2022-12-25 16:00:00,10.7,44.1,74.3,40.1,44.3,38.8,140.0
2022-12-25 17:00:00,10.6,44.1,74.8,40.6,44.7,39.3,150.0
2022-12-25 18:00:00,10.3,44.2,74.1,40.4,44.3,39.5,150.0
2022-12-25 19:00:00,10.3,44.2,74.8,39.8,44.0,39.0,130.0
2022-12-25 20:00:00,10.2,44.3,74.1,39.9,43.9,39.0,140.0
2022-12-25 21:00:00,9.7,44.4,74.9,39.9,44.0,39.0,130.0
2022-12-25 22:00:00,9.4,44.5,70.9,39.6,38.7,38.3,120.0
2022-12-25 23:00:00,8.8,44.7,34.7,38.2,34.6,32.7,0.0
2022-12-26 00:00:00,8.3,44.9,32.6,37.1,31.6,30.8,0.0
2022-12-26 01:00:00,7.9,44.9,30.4,36.0,29.5,27.4,0.0
2022-12-26 02:00:00,7.7,45.1,31.1,36.2,30.5,27.2,0.0
2022-12-26 03:00:00,7.4,45.1,30.9,36.0,30.0,25.9,0.0
2022-12-26 04:00:00,7.2,45.3,30.4,35.7,29.5,25.2,0.0
2022-12-26 05:00:00,6.7,45.5,34.8,37.1,36.2,25.0,0.0
2022-12-26 06:00:00,6.5,45.5,75.7,38.9,42.9,29.8,60.0
2022-12-26 07:00:00,6.2,45.6,81.4,41.3,45.9,39.5,230.0
2022-12-26 08:00:00,6.1,45.7,80.7,41.6,46.0,39.8,160.0
2022-12-26 09:00:00,6.7,45.4,83.0,41.2,45.8,40.0,160.0
2022-12-26 10:00:00,7.3,45.2,83.0,41.0,45.6,39.7,160.0
2022-12-26 11:00:00,7.3,45.2,80.2,40.5,45.0,39.6,150.0
2022-12-26 12:00:00,8.1,45.0,79.3,40.2,44.5,39.3,140.0
2022-12-26 13:00:00,8.6,44.7,78.3,40.1,44.2,39.3,140.0
2022-12-26 14:00:00,9.2,44.6,77.3,39.9,44.2,39.0,100.0
2022-12-26 15:00:00,9.8,44.4,76.1,39.7,43.9,38.8,180.0
2022-12-26 16:00:00,9.8,44.4,76.3,39.7,43.9,38.8,130.0
2022-12-26 17:00:00,8.5,44.8,78.5,40.3,44.6,39.4,150.0
2022-12-26 18:00:00,7.9,45.0,79.1,40.8,45.0,39.7,150.0
2022-12-26 19:00:00,7.6,45.1,79.5,41.0,45.4,39.7,140.0
2022-12-26 20:00:00,7.3,45.2,79.7,40.5,44.8,39.8,150.0
2022-12-26 21:00:00,7.0,45.3,79.7,40.8,45.1,39.7,140.0
2022-12-26 22:00:00,6.4,45.4,79.9,40.8,40.7,39.9,140.0
2022-12-26 23:00:00,6.1,45.6,35.6,39.2,35.6,33.3,0.0
2022-12-27 00:00:00,5.9,45.6,33.3,37.9,32.5,31.7,0.0
2022-12-27 01:00:00,5.7,45.7,31.4,36.0,30.5,28.0,0.0
2022-12-27 02:00:00,5.8,45.7,30.9,35.3,30.7,26.9,0.0
2022-12-27 03:00:00,5.3,45.8,30.6,35.1,30.3,26.0,0.0
2022-12-27 04:00:00,5.3,45.9,30.1,34.6,29.3,25.5,0.0
2022-12-27 05:00:00,5.1,45.9,29.7,34.2,29.2,25.2,0.0
2022-12-27 06:00:00,5.3,45.9,63.0,35.0,38.4,27.8,80.0
2022-12-27 07:00:00,5.6,45.7,75.6,41.9,46.0,40.5,240.0
2022-12-27 08:00:00,6.55,45.05,77.8,41.4,45.55,40.15,155.0
2022-12-27 09:00:00,7.5,44.4,80.0,40.9,45.1,39.8,155.0
2022-12-27 10:00:00,8.7,44.1,78.5,39.6,43.8,38.9,140.0
2022-12-27 11:00:00,10.3,43.8,77.0,38.9,43.2,38.4,130.0
2022-12-27 12:00:00,11.0,43.7,75.2,39.2,43.3,38.5,130.0
2022-12-27 13:00:00,12.4,43.3,73.5,38.9,42.9,38.3,130.0
2022-12-27 14:00:00,12.2,43.8,74.3,39.1,43.2,38.3,140.0
2022-12-27 15:00:00,12.0,43.9,74.5,39.4,43.4,38.6,130.0
2022-12-27 16:00:00,11.9,43.9,76.0,39.6,43.8,38.8,140.0
2022-12-27 17:00:00,11.3,44.2,76.4,39.8,44.0,38.9,140.0
2022-12-27 18:00:00,12.0,43.8,76.1,40.0,44.1,39.1,140.0
2022-12-27 19:00:00,11.7,44.1,77.7,40.0,44.3,39.2,140.0
2022-12-27 20:00:00,11.6,43.9,73.3,39.8,43.8,39.1,130.0
2022-12-27 21:00:00,11.5,44.1,75.2,39.8,43.9,39.0,140.0
2022-12-27 22:00:00,11.4,44.2,75.5,39.9,40.3,39.0,130.0
2022-12-27 23:00:00,10.8,44.4,34.7,38.3,35.4,32.5,0.0
2022-12-28 00:00:00,10.6,44.4,33.5,37.2,32.8,31.0,0.0
2022-12-28 01:00:00,10.3,44.6,30.8,36.1,29.7,27.9,0.0
2022-12-28 02:00:00,9.9,44.7,30.6,35.5,30.1,26.6,0.0
2022-12-28 03:00:00,9.6,45.0,30.6,35.2,30.0,26.0,0.0
2022-12-28 04:00:00,9.3,45.0,30.2,35.0,29.4,25.5,0.0
2022-12-28 05:00:00,9.4,45.0,28.8,30.9,30.6,25.0,0.0
2022-12-28 06:00:00,9.3,45.1,78.5,43.6,47.8,34.5,160.0
2022-12-28 07:00:00,9.1,45.2,79.5,40.1,44.6,39.0,170.0
2022-12-28 08:00:00,9.1,45.1,79.2,40.2,44.5,39.1,150.0
2022-12-28 09:00:00,9.7,44.9,78.4,40.5,45.0,39.3,150.0
2022-12-28 10:00:00,10.0,44.7,76.2,40.3,44.5,39.2,150.0
2022-12-28 11:00:00,10.8,44.4,74.4,39.9,44.1,38.9,140.0
2022-12-28 12:00:00,10.9,44.3,73.8,40.0,44.1,39.0,140.0
2022-12-28 13:00:00,10.8,44.4,73.2,39.8,43.9,38.9,140.0
2022-12-28 14:00:00,11.5,44.0,72.9,39.9,44.0,38.9,140.0
2022-12-28 15:00:00,11.5,44.0,72.8,39.8,43.8,38.9,140.0
2022-12-28 16:00:00,10.7,44.5,74.6,40.4,44.6,39.2,140.0
2022-12-28 17:00:00,10.7,44.5,76.6,40.9,45.2,39.9,150.0
2022-12-28 18:00:00,10.5,44.6,76.6,41.0,45.1,39.7,150.0
2022-12-28 19:00:00,10.3,44.6,74.4,40.8,44.9,39.8,140.0
2022-12-28 20:00:00,9.7,44.9,73.2,40.5,44.5,39.6,150.0
2022-12-28 21:00:00,8.4,45.4,78.0,41.1,45.3,39.8,140.0
2022-12-28 22:00:00,8.6,45.4,76.0,41.3,41.6,40.2,150.0
2022-12-28 23:00:00,8.9,45.2,35.9,39.8,35.7,33.7,0.0
2022-12-29 00:00:00,8.7,45.3,33.8,38.5,32.4,32.1,0.0
2022-12-29 01:00:00,8.6,45.4,31.1,37.4,30.0,27.9,0.0
2022-12-29 02:00:00,8.1,45.5,31.3,36.7,30.3,27.5,0.0
2022-12-29 03:00:00,7.3,46.0,31.1,36.5,30.1,26.3,0.0
2022-12-29 04:00:00,7.0,46.1,30.7,36.2,29.6,25.6,0.0
2022-12-29 05:00:00,7.4,45.8,34.1,36.1,35.4,25.1,0.0
2022-12-29 06:00:00,19.8,43.0,64.3,35.6,59.9,47.1,90.0
2022-12-29 07:00:00,9.8,46.4,77.8,40.1,46.7,41.9,200.0
2022-12-29 08:00:00,9.2,46.6,80.1,39.3,46.2,40.9,130.0
2022-12-29 09:00:00,9.8,46.4,78.2,39.6,46.4,41.4,140.0
2022-12-29 10:00:00,10.8,46.0,77.6,39.3,46.1,41.1,140.0
2022-12-29 11:00:00,12.3,45.6,74.2,39.0,45.4,40.9,140.0
2022-12-29 12:00:00,13.2,45.2,72.9,38.4,44.8,40.4,120.0
2022-12-29 13:00:00,14.7,44.0,47.9,37.4,36.5,36.6,60.0
2022-12-29 14:00:00,14.8,44.0,33.3,36.2,36.0,34.2,0.0
2022-12-29 15:00:00,16.0,44.0,32.4,35.2,34.7,33.1,0.0
2022-12-29 16:00:00,15.9,44.0,50.7,32.9,38.4,31.8,60.0
2022-12-29 17:00:00,14.3,44.0,73.7,37.8,44.3,40.0,180.0
2022-12-29 18:00:00,14.0,44.0,74.3,37.3,43.8,39.6,110.0
2022-12-29 19:00:00,13.1,44.1,76.0,37.5,44.1,39.7,120.0
2022-12-29 20:00:00,12.8,44.3,75.6,37.9,44.4,40.2,130.0
2022-12-29 21:00:00,12.3,44.3,52.5,37.0,41.9,39.7,110.0
2022-12-29 22:00:00,12.6,44.3,44.7,38.0,35.9,36.0,50.0
2022-12-29 23:00:00,13.1,44.1,33.2,36.7,34.9,33.9,0.0
2022-12-30 00:00:00,12.9,44.2,31.2,35.2,30.8,31.5,0.0
2022-12-30 01:00:00,12.4,44.3,29.4,33.1,28.6,30.1,0.0
2022-12-30 02:00:00,12.2,44.4,28.2,30.8,28.1,28.8,0.0
2022-12-30 03:00:00,11.0,44.6,31.4,26.9,31.8,27.7,0.0
2022-12-30 04:00:00,10.2,44.8,33.3,23.1,34.0,27.1,0.0
2022-12-30 05:00:00,9.3,45.0,36.7,22.2,36.3,26.7,0.0
2022-12-30 06:00:00,9.0,45.0,83.4,41.5,48.5,34.4,140.0
2022-12-30 07:00:00,8.6,45.1,70.3,38.0,44.5,39.4,150.0
2022-12-30 08:00:00,9.2,45.0,82.9,38.4,45.3,40.6,140.0
2022-12-30 09:00:00,10.3,44.7,79.8,37.9,44.5,40.1,130.0
2022-12-30 10:00:00,11.6,44.5,75.9,37.3,43.7,39.7,120.0
2022-12-30 11:00:00,13.0,44.2,73.2,37.3,43.7,39.5,120.0
2022-12-30 12:00:00,15.2,44.0,36.8,36.2,36.1,34.5,0.0
2022-12-30 13:00:00,15.7,44.0,32.4,35.1,35.0,33.1,0.0
2022-12-30 14:00:00,15.9,44.0,29.9,34.2,31.5,30.3,0.0
2022-12-30 15:00:00,15.6,43.0,49.2,34.65,36.4,34.15,140.0
2022-12-30 16:00:00,15.3,42.0,68.5,35.1,41.3,38.0,140.0
2022-12-30 17:00:00,14.6,42.0,71.0,35.8,42.1,38.2,110.0
2022-12-30 18:00:00,13.7,42.1,71.9,36.1,42.6,38.6,110.0
2022-12-30 19:00:00,13.5,42.1,70.6,36.2,42.2,38.6,110.0
2022-12-30 20:00:00,13.2,42.2,70.9,36.1,42.4,38.5,100.0
2022-12-30 21:00:00,12.2,42.8,71.9,36.2,42.4,38.7,110.0
2022-12-30 22:00:00,11.7,42.9,74.1,36.5,40.0,39.0,110.0
2022-12-30 23:00:00,11.5,43.2,32.8,35.1,35.8,33.9,0.0
2022-12-31 00:00:00,11.0,43.4,31.2,34.1,33.4,32.7,0.0
2022-12-31 01:00:00,10.2,43.7,29.3,33.2,31.6,30.1,0.0
2022-12-31 02:00:00,9.5,43.9,30.2,34.7,32.6,28.6,0.0
2022-12-31 03:00:00,9.1,44.2,30.4,34.9,32.5,28.0,0.0
2022-12-31 04:00:00,8.5,44.4,30.0,34.7,31.9,27.6,0.0
2022-12-31 05:00:00,8.3,44.5,29.6,34.3,31.6,27.3,0.0
2022-12-31 06:00:00,7.9,44.7,81.7,39.6,46.5,39.1,180.0
2022-12-31 07:00:00,7.7,44.7,81.0,37.4,44.2,39.4,120.0
2022-12-31 08:00:00,7.9,44.7,80.7,37.9,44.8,39.8,130.0
2022-12-31 09:00:00,9.1,44.1,79.4,37.9,44.6,39.9,130.0
2022-12-31 10:00:00,10.8,43.4,74.2,37.0,43.5,39.4,120.0
2022-12-31 11:00:00,11.5,43.2,73.3,36.4,42.8,38.9,60.0
2022-12-31 12:00:00,13.5,42.2,70.3,36.1,42.3,38.4,150.0
2022-12-31 13:00:00,14.3,42.0,65.5,35.8,41.7,38.3,100.0
2022-12-31 14:00:00,14.9,42.0,66.3,35.5,41.6,37.9,100.0
2022-12-31 15:00:00,15.8,42.0,65.3,35.8,41.8,38.2,110.0
2022-12-31 16:00:00,15.2,42.0,66.1,35.8,42.0,38.2,100.0
2022-12-31 17:00:00,13.0,43.3,72.1,37.3,43.9,39.1,120.0
2022-12-31 18:00:00,12.2,43.6,71.1,37.5,43.8,39.6,120.0
2022-12-31 19:00:00,12.1,43.6,72.9,37.3,43.6,39.4,110.0
2022-12-31 20:00:00,11.6,43.8,73.8,37.3,43.8,39.5,120.0
2022-12-31 21:00:00,10.6,44.1,75.0,37.6,44.1,39.7,120.0
2022-12-31 22:00:00,10.1,44.3,74.8,37.8,44.2,39.9,120.0
2022-12-31 23:00:00,9.8,44.3,74.4,37.8,44.4,40.1,120.0
2023-01-01 00:00:00,9.3,44.5,76.2,37.6,44.3,39.8,110.0
2023-01-01 01:00:00,9.3,44.5,46.5,37.0,36.5,36.5,70.0
2023-01-01 02:00:00,8.4,44.8,32.9,35.7,35.3,33.6,0.0
2023-01-01 03:00:00,8.3,44.9,31.1,34.7,32.8,31.3,0.0
2023-01-01 04:00:00,8.0,45.0,30.2,35.2,31.9,29.0,0.0
2023-01-01 05:00:00,7.6,45.1,30.9,35.7,32.5,29.0,0.0
2023-01-01 06:00:00,7.6,45.1,30.6,35.5,32.4,28.0,0.0
2023-01-01 07:00:00,7.5,42.8,46.3,31.0,36.2,30.2,60.0
2023-01-01 08:00:00,7.8,42.8,80.7,35.9,42.4,38.6,170.0
2023-01-01 09:00:00,8.9,42.1,75.0,35.1,41.5,37.9,100.0
2023-01-01 10:00:00,10.2,42.6,73.2,36.7,43.2,38.5,120.0
2023-01-01 11:00:00,11.3,41.9,71.8,36.0,42.4,38.5,110.0
2023-01-01 12:00:00,12.3,41.8,69.8,35.2,41.5,38.0,100.0
2023-01-01 13:00:00,13.6,41.2,67.0,34.6,40.6,37.4,90.0
2023-01-01 14:00:00,14.2,41.0,65.1,34.8,40.7,37.5,100.0
2023-01-01 15:00:00,14.6,41.0,65.1,34.7,40.6,37.3,90.0
2023-01-01 16:00:00,13.8,41.0,65.5,34.6,40.7,37.4,90.0
2023-01-01 17:00:00,12.1,44.7,73.6,38.3,45.1,39.5,140.0
2023-01-01 18:00:00,11.2,45.2,74.1,39.2,45.8,41.0,140.0
2023-01-01 19:00:00,10.9,45.4,74.6,39.3,45.9,40.9,130.0
2023-01-01 20:00:00,10.6,45.5,74.3,39.3,45.8,41.0,140.0
2023-01-01 21:00:00,10.1,45.7,76.5,39.2,45.8,41.0,130.0
2023-01-01 22:00:00,9.4,47.3,77.7,41.0,43.9,42.0,150.0
2023-01-01 23:00:00,8.7,47.6,35.5,39.3,37.9,35.6,0.0
2023-01-02 00:00:00,8.4,47.8,33.3,38.0,35.1,34.2,0.0
2023-01-02 01:00:00,8.2,47.8,30.8,36.8,32.5,30.2,0.0
2023-01-02 02:00:00,7.8,48.2,31.8,37.3,33.7,29.0,0.0
2023-01-02 03:00:00,7.5,48.3,31.8,37.2,33.4,28.4,0.0
2023-01-02 04:00:00,7.7,48.1,31.3,37.0,33.0,27.9,0.0
2023-01-02 05:00:00,7.3,48.4,31.0,36.5,32.9,27.6,0.0
2023-01-02 06:00:00,7.0,48.5,85.0,44.1,51.5,40.2,220.0
2023-01-02 07:00:00,6.8,45.0,80.6,36.8,43.6,39.3,100.0
2023-01-02 08:00:00,6.9,45.0,82.0,38.5,45.4,40.4,150.0
2023-01-02 09:00:00,8.1,45.0,78.1,38.1,44.8,40.1,120.0
2023-01-02 10:00:00,10.1,45.0,76.5,37.8,44.6,39.7,130.0
2023-01-02 11:00:00,11.3,45.0,72.2,37.9,44.3,40.0,120.0
2023-01-02 12:00:00,12.7,45.0,70.8,38.1,44.4,40.0,130.0
2023-01-02 13:00:00,13.9,45.0,67.7,38.2,44.3,40.0,130.0
2023-01-02 14:00:00,14.8,45.0,49.8,37.9,37.4,37.5,70.0
2023-01-02 15:00:00,15.3,45.0,70.6,41.4,47.6,37.8,120.0
2023-01-02 16:00:00,14.2,45.0,69.2,38.0,44.4,40.1,130.0
2023-01-02 17:00:00,12.1,45.0,74.3,39.0,45.6,40.8,130.0
2023-01-02 18:00:00,12.3,45.0,72.7,38.8,45.2,40.8,130.0
2023-01-02 19:00:00,12.0,45.0,74.8,38.7,45.2,40.6,130.0
2023-01-02 20:00:00,11.5,45.0,74.9,38.8,45.4,40.6,130.0
2023-01-02 21:00:00,11.0,45.0,76.2,38.9,45.6,40.9,130.0
2023-01-02 22:00:00,9.9,45.0,75.3,38.6,41.9,40.9,120.0
2023-01-02 23:00:00,9.3,45.0,34.2,37.4,37.1,34.3,0.0
2023-01-03 00:00:00,9.0,45.0,32.5,36.3,34.4,33.2,0.0
2023-01-03 01:00:00,8.6,45.0,30.4,35.2,31.7,30.4,0.0
2023-01-03 02:00:00,8.0,45.0,30.1,35.8,31.7,28.6,0.0
2023-01-03 03:00:00,8.1,45.0,31.0,36.3,33.1,27.9,0.0
2023-01-03 04:00:00,7.8,45.0,30.6,36.1,32.7,27.6,0.0
2023-01-03 05:00:00,7.1,45.0,30.1,35.8,32.0,27.3,0.0
2023-01-03 06:00:00,7.2,45.0,83.8,40.3,47.9,36.8,170.0
2023-01-03 07:00:00,7.2,45.0,80.4,37.5,44.3,39.4,120.0
2023-01-03 08:00:00,7.7,45.0,79.4,38.0,44.7,39.9,140.0
2023-01-03 09:00:00,8.3,45.0,79.0,38.1,44.8,40.2,130.0
2023-01-03 10:00:00,9.2,45.0,77.1,37.8,44.4,40.0,120.0
2023-01-03 11:00:00,10.5,45.0,74.4,38.0,44.6,39.9,130.0
2023-01-03 12:00:00,12.2,45.0,73.0,38.0,44.5,39.8,120.0
2023-01-03 13:00:00,13.4,45.0,69.7,38.0,40.7,40.1,130.0
2023-01-03 14:00:00,14.6,45.0,67.4,36.1,34.6,33.9,0.0
2023-01-03 15:00:00,14.9,45.0,32.9,36.0,36.2,32.2,0.0
2023-01-03 16:00:00,14.9,45.0,70.2,39.0,45.1,40.8,210.0
2023-01-03 17:00:00,12.6,45.0,71.4,38.4,44.8,40.0,110.0
2023-01-03 18:00:00,11.4,45.0,76.6,39.0,45.7,40.9,140.0
2023-01-03 19:00:00,10.9,45.0,74.9,38.7,45.4,40.6,130.0
2023-01-03 20:00:00,10.2,45.0,77.0,38.6,45.3,40.6,130.0
2023-01-03 21:00:00,10.0,45.0,76.4,38.8,45.4,40.6,130.0
2023-01-03 22:00:00,10.2,45.0,74.9,38.5,41.7,40.6,120.0
2023-01-03 23:00:00,10.3,45.0,34.0,37.2,37.1,34.3,0.0
2023-01-04 00:00:00,9.7,45.0,32.6,36.1,34.4,33.3,0.0
2023-01-04 01:00:00,10.4,45.0,30.4,35.1,31.8,30.5,0.0
2023-01-04 02:00:00,10.7,45.0,30.3,35.4,32.4,28.6,0.0
2023-01-04 03:00:00,11.1,45.0,30.6,35.5,32.7,28.4,0.0
2023-01-04 04:00:00,11.1,45.0,30.4,35.4,32.0,27.7,0.0
2023-01-04 05:00:00,10.8,45.0,29.9,35.1,31.5,27.2,0.0
2023-01-04 06:00:00,11.0,46.0,83.7,40.4,47.3,32.0,110.0
2023-01-04 07:00:00,11.2,46.0,77.5,38.6,45.1,40.6,190.0
2023-01-04 08:00:00,11.5,46.0,77.4,38.8,45.5,40.6,130.0
2023-01-04 09:00:00,11.7,46.0,77.4,38.8,45.6,40.5,140.0
2023-01-04 10:00:00,12.0,46.0,77.3,38.9,45.6,40.5,140.0
2023-01-04 11:00:00,12.1,46.0,76.3,38.7,45.4,40.4,130.0
2023-01-04 12:00:00,10.35,44.95,76.1,37.85,44.4,40.0,125.0
2023-01-04 13:00:00,8.6,43.9,75.9,37.0,43.4,39.6,125.0
2023-01-04 14:00:00,9.3,43.6,74.1,36.6,43.0,39.1,110.0
2023-01-04 15:00:00,9.3,43.7,71.7,36.8,43.2,38.9,110.0
2023-01-04 16:00:00,9.0,43.7,73.6,37.3,43.8,39.3,120.0
2023-01-04 17:00:00,8.7,43.8,73.9,37.7,44.2,39.7,130.0
2023-01-04 18:00:00,8.9,43.8,74.4,37.8,44.4,39.8,120.0
2023-01-04 19:00:00,8.8,43.9,73.7,37.7,44.1,39.9,120.0
2023-01-04 20:00:00,8.6,43.9,74.4,37.7,44.2,40.0,120.0
2023-01-04 21:00:00,8.8,43.8,74.4,37.6,44.0,39.9,110.0
2023-01-04 22:00:00,8.7,44.0,56.4,36.9,37.6,37.7,80.0
2023-01-04 23:00:00,8.6,43.9,33.0,35.7,35.6,34.0,0.0
2023-01-05 00:00:00,8.7,44.0,31.5,34.7,33.1,32.4,0.0
2023-01-05 01:00:00,8.7,44.0,29.4,34.3,31.3,29.3,0.0
2023-01-05 02:00:00,8.6,44.0,30.9,35.8,33.0,29.0,0.0
2023-01-05 03:00:00,8.3,44.1,30.8,35.7,32.6,28.0,0.0
2023-01-05 04:00:00,8.3,44.2,30.3,35.4,31.9,27.4,0.0
2023-01-05 05:00:00,8.4,44.0,30.0,34.9,31.4,27.2,0.0
2023-01-05 06:00:00,8.1,44.1,78.6,39.7,46.6,33.2,120.0
2023-01-05 07:00:00,8.2,44.3,76.9,36.9,43.4,39.2,150.0
2023-01-05 08:00:00,7.6,44.5,75.6,37.4,44.0,39.1,120.0
2023-01-05 09:00:00,7.8,44.3,77.4,38.3,45.1,40.1,140.0
2023-01-05 10:00:00,8.3,44.1,74.6,37.2,43.7,39.6,120.0
2023-01-05 11:00:00,9.8,43.2,71.9,37.0,43.4,39.2,110.0
2023-01-05 12:00:00,11.3,42.5,67.7,36.6,42.7,38.8,110.0
2023-01-05 13:00:00,11.1,42.6,69.4,36.2,42.4,38.5,110.0
2023-01-05 14:00:00,11.4,42.5,66.4,36.1,42.1,38.5,110.0
2023-01-05 15:00:00,11.3,42.4,32.3,35.0,36.1,33.9,0.0
2023-01-05 16:00:00,10.7,42.7,31.5,34.0,33.6,32.8,0.0
2023-01-05 17:00:00,9.3,43.5,67.9,35.3,41.0,30.0,40.0
2023-01-05 18:00:00,8.1,44.2,76.2,37.0,43.2,39.5,180.0
2023-01-05 19:00:00,7.3,44.7,74.3,37.7,44.2,39.5,120.0
2023-01-05 20:00:00,7.0,44.9,78.6,38.7,45.5,40.5,140.0
2023-01-05 21:00:00,6.7,45.1,76.3,38.9,45.5,40.7,140.0
2023-01-05 22:00:00,5.9,45.5,48.4,38.2,37.1,37.1,60.0
2023-01-05 23:00:00,6.0,45.5,33.7,36.9,35.7,34.2,0.0
2023-01-06 00:00:00,6.5,45.1,31.5,35.9,32.6,31.4,0.0
2023-01-06 01:00:00,6.6,45.1,30.5,36.2,32.3,30.1,0.0
2023-01-06 02:00:00,6.8,44.9,31.6,36.9,33.4,28.6,0.0
2023-01-06 03:00:00,6.8,44.9,31.2,36.7,32.5,27.7,0.0
2023-01-06 04:00:00,6.8,44.9,30.8,36.4,32.4,27.4,0.0
2023-01-06 05:00:00,7.0,44.8,30.5,35.9,32.3,27.2,0.0
2023-01-06 06:00:00,7.2,46.6,79.0,42.6,49.1,36.0,170.0
2023-01-06 07:00:00,7.3,46.4,77.2,39.0,45.8,40.7,160.0
2023-01-06 08:00:00,7.5,46.2,77.4,39.6,46.4,41.1,140.0
2023-01-06 09:00:00,8.1,45.8,75.4,39.4,45.9,41.1,150.0
2023-01-06 10:00:00,9.3,45.0,72.2,38.4,44.8,40.3,130.0
2023-01-06 11:00:00,11.0,43.9,70.0,37.8,44.1,39.9,120.0
2023-01-06 12:00:00,11.3,43.6,68.5,37.1,43.2,39.2,110.0
2023-01-06 13:00:00,11.7,43.5,69.8,37.5,43.8,39.4,120.0
2023-01-06 14:00:00,11.6,43.6,67.5,37.6,43.7,39.6,120.0
2023-01-06 15:00:00,11.5,43.6,69.1,37.6,43.9,39.5,120.0
2023-01-06 16:00:00,10.7,44.0,69.2,37.7,44.0,39.7,120.0
2023-01-06 17:00:00,9.0,45.4,73.8,38.5,45.0,40.3,130.0
2023-01-06 18:00:00,8.2,44.6,76.0,38.4,44.9,40.3,130.0
2023-01-06 19:00:00,7.3,44.9,74.3,38.0,44.6,40.1,120.0
2023-01-06 20:00:00,6.5,45.4,76.9,38.3,45.1,40.3,130.0
2023-01-06 21:00:00,5.8,45.6,77.6,38.9,45.6,40.7,130.0
2023-01-06 22:00:00,4.9,45.9,80.2,39.5,46.3,41.1,150.0
2023-01-06 23:00:00,4.5,46.4,79.7,39.6,46.4,41.5,140.0
2023-01-07 00:00:00,4.2,46.4,78.6,39.7,46.4,41.5,140.0
2023-01-07 01:00:00,3.7,46.9,79.5,39.8,46.5,41.5,140.0
2023-01-07 02:00:00,3.6,47.1,80.5,39.7,46.6,41.5,140.0
2023-01-07 03:00:00,2.6,47.6,38.7,38.8,35.4,35.5,40.0
2023-01-07 04:00:00,2.4,47.7,33.5,37.5,35.7,33.9,0.0
2023-01-07 05:00:00,2.1,47.9,31.5,36.4,32.2,30.9,0.0
2023-01-07 06:00:00,2.0,47.8,70.4,35.3,39.6,28.5,40.0
2023-01-07 07:00:00,1.7,48.0,84.6,40.3,47.1,42.1,250.0
2023-01-07 08:00:00,1.4,48.1,82.9,41.0,48.1,42.1,160.0
2023-01-07 09:00:00,2.7,47.7,83.0,40.6,47.5,42.3,160.0
2023-01-07 10:00:00,3.7,47.4,79.9,40.0,46.9,41.5,140.0
2023-01-07 11:00:00,4.9,47.0,76.0,39.7,46.2,41.3,150.0
2023-01-07 12:00:00,6.1,46.2,75.4,39.7,46.2,41.4,140.0
2023-01-07 13:00:00,7.2,43.0,72.3,35.9,42.1,38.9,100.0
2023-01-07 14:00:00,8.3,42.4,69.7,36.0,42.2,38.6,100.0
2023-01-07 15:00:00,9.2,42.1,68.2,35.6,41.6,38.3,110.0
2023-01-07 16:00:00,8.4,42.4,68.5,35.7,41.8,38.3,100.0
2023-01-07 17:00:00,6.6,44.2,72.7,36.6,43.3,38.6,110.0
2023-01-07 18:00:00,5.6,44.7,78.2,38.5,45.3,40.5,140.0
2023-01-07 19:00:00,5.1,44.7,75.4,38.4,44.9,40.4,130.0
2023-01-07 20:00:00,4.6,45.1,78.6,38.4,45.1,40.5,130.0
2023-01-07 21:00:00,4.0,45.4,78.4,38.6,45.4,40.6,130.0
2023-01-07 22:00:00,3.3,45.7,80.1,38.8,45.6,40.8,130.0
2023-01-07 23:00:00,2.7,46.1,79.6,39.1,41.7,41.0,130.0
2023-01-08 00:00:00,2.3,46.4,34.7,37.7,37.2,35.0,0.0
2023-01-08 01:00:00,2.1,46.5,33.2,36.5,35.4,33.8,0.0
2023-01-08 02:00:00,1.7,46.6,31.3,36.9,33.0,29.8,0.0
2023-01-08 03:00:00,1.5,46.7,31.6,36.9,33.1,28.5,0.0
2023-01-08 04:00:00,1.5,46.8,31.2,36.6,32.5,27.8,0.0
2023-01-08 05:00:00,1.0,46.9,30.6,36.2,31.9,27.3,0.0
2023-01-08 06:00:00,0.8,49.3,88.9,44.1,51.3,36.3,170.0
2023-01-08 07:00:00,0.5,49.3,85.4,41.4,48.7,42.4,190.0
2023-01-08 08:00:00,0.4,49.3,85.7,41.8,49.1,42.9,170.0
2023-01-08 09:00:00,1.7,48.4,83.2,41.8,48.7,42.9,180.0
2023-01-08 10:00:00,3.2,47.7,80.1,40.6,47.4,42.0,150.0
2023-01-08 11:00:00,5.4,46.8,76.4,39.7,46.5,41.3,140.0
2023-01-08 12:00:00,6.5,45.9,74.6,39.1,45.6,40.8,140.0
2023-01-08 13:00:00,7.9,44.6,72.3,38.6,44.9,40.6,130.0
2023-01-08 14:00:00,9.3,43.6,69.5,38.1,44.3,40.2,120.0
2023-01-08 15:00:00,10.1,43.1,65.5,37.1,43.0,39.5,110.0
2023-01-08 16:00:00,8.9,44.0,69.8,37.1,43.4,39.1,120.0
2023-01-08 17:00:00,6.6,45.0,76.2,39.3,45.9,40.8,140.0
2023-01-08 18:00:00,5.3,45.8,80.2,39.1,46.0,40.8,130.0
2023-01-08 19:00:00,4.8,46.2,80.2,39.7,46.5,41.4,150.0
2023-01-08 20:00:00,5.6,46.1,80.1,39.4,46.1,41.2,140.0
2023-01-08 21:00:00,5.1,46.3,80.0,39.0,45.8,40.9,130.0
2023-01-08 22:00:00,4.4,46.7,81.0,39.5,46.4,41.3,140.0
2023-01-08 23:00:00,3.7,47.0,35.0,38.0,37.7,35.3,0.0
2023-01-09 00:00:00,4.0,46.9,33.3,36.9,35.1,34.2,0.0
2023-01-09 01:00:00,4.6,46.7,31.0,36.8,32.4,30.7,0.0
2023-01-09 02:00:00,3.8,46.9,32.0,37.4,33.3,29.3,0.0
2023-01-09 03:00:00,2.7,47.5,31.6,37.2,32.8,28.4,0.0
2023-01-09 04:00:00,3.9,46.9,31.1,36.7,32.3,27.8,0.0
2023-01-09 05:00:00,4.2,46.9,31.8,54.8,34.7,30.9,0.0
2023-01-09 06:00:00,3.9,47.8,81.3,42.1,49.3,41.6,160.0
2023-01-09 07:00:00,5.0,47.4,81.4,39.9,46.7,41.5,140.0
2023-01-09 08:00:00,5.3,47.1,82.6,40.4,47.6,41.7,160.0
2023-01-09 09:00:00,6.5,46.1,80.0,39.1,45.9,41.2,140.0
2023-01-09 10:00:00,7.6,45.3,78.8,39.0,45.7,40.9,130.0
2023-01-09 11:00:00,8.8,44.2,77.3,38.4,44.8,40.8,130.0
2023-01-09 12:00:00,10.6,42.9,73.3,36.8,43.0,39.5,110.0
2023-01-09 13:00:00,11.8,41.8,72.1,36.1,42.4,38.8,100.0
2023-01-09 14:00:00,12.6,41.1,71.5,35.5,41.6,38.5,100.0
2023-01-09 15:00:00,12.0,41.5,71.0,34.7,41.0,37.7,90.0
2023-01-09 16:00:00,11.7,42.0,72.5,35.1,41.3,37.9,100.0
2023-01-09 17:00:00,10.8,42.7,73.3,35.8,42.2,38.3,110.0
2023-01-09 18:00:00,11.2,42.4,73.4,36.3,42.6,38.8,110.0
2023-01-09 19:00:00,10.8,43.2,74.1,36.4,42.8,38.8,100.0
2023-01-09 20:00:00,10.5,43.5,71.4,36.5,42.8,39.1,110.0
2023-01-09 21:00:00,10.3,43.7,74.4,37.0,43.4,39.2,120.0
2023-01-09 22:00:00,10.2,43.8,73.6,37.5,40.9,39.8,110.0
2023-01-09 23:00:00,10.0,43.8,33.7,36.2,36.4,34.6,0.0
2023-01-10 00:00:00,10.0,43.8,32.1,35.1,34.0,33.4,0.0
2023-01-10 01:00:00,9.9,43.8,30.3,34.3,31.9,30.4,0.0
2023-01-10 02:00:00,10.1,43.7,30.6,35.1,32.3,29.4,0.0
2023-01-10 03:00:00,10.4,43.6,30.5,35.0,32.3,28.5,0.0
2023-01-10 04:00:00,10.0,43.8,30.1,34.7,31.7,28.0,0.0
2023-01-10 05:00:00,9.8,44.1,33.3,34.7,37.2,27.7,0.0
2023-01-10 06:00:00,9.7,44.1,78.4,40.5,47.2,35.9,150.0
2023-01-10 07:00:00,9.3,44.3,77.7,37.0,43.8,39.2,130.0
2023-01-10 08:00:00,8.6,45.2,78.3,38.0,44.7,39.9,130.0
2023-01-10 09:00:00,8.8,44.9,78.3,38.3,44.9,40.2,130.0
2023-01-10 10:00:00,8.2,45.3,78.1,38.4,45.2,40.4,130.0
2023-01-10 11:00:00,8.7,45.0,78.3,38.4,45.1,40.3,130.0
2023-01-10 12:00:00,7.4,46.2,79.2,39.0,45.9,40.5,130.0
2023-01-10 13:00:00,6.1,47.2,80.2,39.8,46.7,41.3,150.0
2023-01-10 14:00:00,5.7,47.3,82.9,40.5,47.7,42.0,150.0
2023-01-10 15:00:00,5.8,47.4,83.1,40.9,48.0,42.4,150.0
2023-01-10 16:00:00,5.9,47.2,82.5,39.8,46.6,41.6,140.0
2023-01-10 17:00:00,5.5,47.5,83.1,40.3,47.2,42.0,150.0
2023-01-10 18:00:00,5.3,47.6,83.0,40.4,47.4,42.1,140.0
2023-01-10 19:00:00,5.4,47.6,83.3,40.5,47.5,42.1,150.0
2023-01-10 20:00:00,5.2,47.6,83.4,41.5,48.0,43.4,160.0
2023-01-10 21:00:00,5.2,47.5,81.2,40.4,47.4,41.9,130.0
2023-01-10 22:00:00,4.8,47.9,51.8,39.9,38.0,38.0,60.0
2023-01-10 23:00:00,4.9,47.9,34.8,38.5,36.8,34.7,0.0
2023-01-11 00:00:00,5.0,47.9,32.3,37.3,33.1,31.9,0.0
2023-01-11 01:00:00,4.6,47.9,31.0,37.0,32.4,29.3,0.0
2023-01-11 02:00:00,4.4,48.0,31.5,36.8,33.5,28.3,0.0
2023-01-11 03:00:00,4.2,48.1,31.0,36.5,33.1,27.7,0.0
2023-01-11 04:00:00,4.0,48.2,30.1,35.8,31.4,27.3,0.0
2023-01-11 05:00:00,3.9,48.2,29.5,23.6,33.5,26.9,0.0
2023-01-11 06:00:00,3.8,48.3,79.7,42.9,49.9,41.2,240.0
2023-01-11 07:00:00,3.6,48.3,74.6,41.7,48.3,42.4,150.0
2023-01-11 08:00:00,3.7,48.2,83.6,41.5,48.7,42.8,170.0
2023-01-11 09:00:00,4.4,48.1,84.1,41.7,48.8,43.0,160.0
2023-01-11 10:00:00,4.5,47.9,83.1,40.9,47.9,42.4,150.0
2023-01-11 11:00:00,4.8,47.9,83.0,40.3,47.3,42.0,140.0
2023-01-11 12:00:00,5.1,47.7,83.0,40.7,47.9,42.3,160.0
2023-01-11 13:00:00,5.1,47.7,82.5,40.9,47.9,42.3,150.0
2023-01-11 14:00:00,5.2,44.7,81.1,37.2,43.7,40.2,110.0
2023-01-11 15:00:00,5.2,44.6,81.9,37.8,44.7,40.0,120.0
2023-01-11 16:00:00,5.0,44.8,81.8,38.0,44.8,40.3,130.0
2023-01-11 17:00:00,4.8,44.8,82.6,38.0,44.9,40.2,120.0
2023-01-11 18:00:00,4.85,44.8,82.45,37.95,44.75,40.25,120.0
2023-01-11 19:00:00,4.9,44.8,82.3,37.9,44.6,40.3,120.0
2023-01-11 20:00:00,5.0,44.7,81.5,37.9,44.7,40.3,130.0
2023-01-11 21:00:00,4.9,46.9,80.8,38.6,45.7,40.1,120.0
2023-01-11 22:00:00,5.1,46.9,82.1,40.4,47.1,42.0,160.0
2023-01-11 23:00:00,5.2,46.7,32.4,38.9,34.6,34.6,0.0
2023-01-12 00:00:00,5.1,46.9,33.0,37.6,36.7,31.1,0.0
2023-01-12 01:00:00,4.9,46.9,33.2,37.2,36.6,29.2,0.0
2023-01-12 02:00:00,5.0,46.9,32.9,37.2,28.0,28.0,0.0
2023-01-12 03:00:00,4.9,46.9,30.1,37.1,34.7,27.5,0.0
2023-01-12 04:00:00,5.0,46.8,29.6,36.7,34.2,27.0,0.0
2023-01-12 05:00:00,4.9,46.9,32.6,34.2,36.6,26.9,0.0
2023-01-12 06:00:00,5.2,46.8,77.9,41.9,48.0,34.3,110.0
2023-01-12 07:00:00,5.0,46.8,82.1,39.7,46.9,40.9,180.0
2023-01-12 08:00:00,5.3,46.8,82.7,40.1,47.1,41.7,160.0
2023-01-12 09:00:00,5.5,46.5,82.5,40.1,47.2,41.6,150.0
2023-01-12 10:00:00,6.1,48.2,80.3,40.5,47.6,41.5,150.0
2023-01-12 11:00:00,6.1,48.2,80.5,41.9,49.0,42.7,170.0
2023-01-12 12:00:00,5.8,48.4,80.6,41.9,48.9,42.9,160.0
2023-01-12 13:00:00,6.1,48.2,80.4,41.3,48.1,42.8,160.0
2023-01-12 14:00:00,6.2,48.3,80.3,40.8,47.7,42.3,150.0
2023-01-12 15:00:00,6.1,48.2,80.3,41.3,48.2,42.5,150.0
2023-01-12 16:00:00,6.1,48.4,80.5,41.8,48.8,42.8,170.0
2023-01-12 17:00:00,6.0,48.4,80.9,42.0,49.1,43.2,160.0
2023-01-12 18:00:00,6.0,46.3,80.1,39.0,45.9,41.0,120.0
2023-01-12 19:00:00,6.1,45.3,79.5,38.7,45.3,40.8,130.0
2023-01-12 20:00:00,5.9,45.4,78.4,38.4,44.9,40.7,130.0
2023-01-12 21:00:00,5.8,45.4,81.3,38.9,45.9,40.7,120.0
2023-01-12 22:00:00,6.0,45.4,81.8,38.7,45.5,40.9,140.0
2023-01-12 23:00:00,6.1,45.4,34.4,37.3,37.0,34.9,0.0
2023-01-13 00:00:00,5.9,45.3,32.6,36.2,34.5,33.7,0.0
2023-01-13 01:00:00,6.2,45.3,30.8,35.8,32.7,30.2,0.0
2023-01-13 02:00:00,5.9,45.3,31.1,36.2,32.6,29.0,0.0
2023-01-13 03:00:00,6.1,45.3,30.8,36.0,32.1,28.1,0.0
2023-01-13 04:00:00,5.9,45.3,30.4,35.5,31.7,27.5,0.0
2023-01-13 05:00:00,5.9,45.4,30.0,35.0,31.3,27.3,0.0
2023-01-13 06:00:00,6.0,45.4,74.6,40.3,46.8,34.1,130.0
2023-01-13 07:00:00,6.0,45.4,79.6,38.0,44.8,39.8,160.0
2023-01-13 08:00:00,6.0,45.2,80.7,38.9,45.7,40.5,150.0
2023-01-13 09:00:00,6.6,45.0,80.2,38.1,44.9,40.2,130.0
2023-01-13 10:00:00,7.0,44.8,80.2,37.7,44.3,39.8,130.0
2023-01-13 11:00:00,7.6,44.2,78.9,37.3,43.9,39.6,120.0
2023-01-13 12:00:00,7.9,44.0,78.4,37.1,43.6,39.4,120.0
2023-01-13 13:00:00,8.7,43.6,77.5,36.9,43.4,39.2,120.0
2023-01-13 14:00:00,8.9,43.5,76.7,36.6,43.2,39.1,110.0
2023-01-13 15:00:00,8.3,43.6,77.5,37.2,43.9,39.3,120.0
2023-01-13 16:00:00,8.0,43.8,78.4,37.7,44.2,39.8,130.0
2023-01-13 17:00:00,7.6,44.2,78.2,37.8,44.4,39.9,130.0
2023-01-13 18:00:00,7.5,44.2,79.6,38.0,44.7,40.0,110.0
2023-01-13 19:00:00,6.8,44.8,76.6,37.8,44.3,40.0,130.0
2023-01-13 20:00:00,6.3,45.1,77.9,38.5,45.2,40.4,130.0
2023-01-13 21:00:00,5.0,46.0,78.6,38.8,45.4,40.6,130.0
2023-01-13 22:00:00,4.6,46.4,81.5,39.9,46.8,41.5,140.0
2023-01-13 23:00:00,4.2,46.8,81.9,39.6,46.4,41.7,140.0
2023-01-14 00:00:00,3.5,47.4,83.2,40.1,47.1,41.8,150.0
2023-01-14 01:00:00,2.8,47.8,83.8,40.6,47.6,42.3,140.0
2023-01-14 02:00:00,2.6,42.5,83.0,35.9,42.1,39.3,100.0
2023-01-14 03:00:00,2.5,42.6,81.9,35.5,42.2,38.2,90.0
2023-01-14 04:00:00,2.2,42.6,82.9,36.1,42.9,38.8,110.0
2023-01-14 05:00:00,2.3,42.6,81.3,36.2,42.7,38.9,100.0
2023-01-14 06:00:00,2.4,46.3,83.1,38.8,46.1,39.3,130.0
2023-01-14 07:00:00,2.2,46.4,85.0,39.9,46.9,41.7,160.0
2023-01-14 08:00:00,2.5,46.3,85.2,39.6,46.7,41.6,130.0
2023-01-14 09:00:00,3.5,45.7,83.7,39.1,46.2,41.1,140.0
2023-01-14 10:00:00,4.4,45.2,79.8,38.6,45.3,40.7,130.0
2023-01-14 11:00:00,4.5,45.15,80.25,38.25,44.9,40.45,120.0
2023-01-14 12:00:00,4.6,45.1,80.7,37.9,44.5,40.2,120.0
2023-01-14 13:00:00,5.0,44.8,81.9,38.7,45.6,40.6,140.0
2023-01-14 14:00:00,5.4,44.3,81.9,37.3,43.9,39.8,110.0
2023-01-14 15:00:00,5.7,44.2,82.3,37.0,43.9,39.4,120.0
2023-01-14 16:00:00,5.3,44.3,81.1,37.1,43.7,39.4,120.0
2023-01-14 17:00:00,4.5,47.2,79.8,40.2,47.3,40.4,140.0
2023-01-14 18:00:00,4.7,47.1,80.7,40.3,47.1,42.1,150.0
2023-01-14 19:00:00,4.7,47.2,80.9,39.8,46.7,41.5,140.0
2023-01-14 20:00:00,4.7,47.2,79.7,40.0,46.8,41.6,140.0
2023-01-14 21:00:00,4.8,46.2,80.9,40.8,47.4,42.3,150.0
2023-01-14 22:00:00,4.6,46.1,78.6,38.7,42.0,41.0,120.0
2023-01-14 23:00:00,4.5,46.3,34.1,37.3,37.2,34.3,0.0
2023-01-15 00:00:00,4.4,46.2,32.6,36.3,34.4,33.4,0.0
2023-01-15 01:00:00,4.6,46.3,30.8,35.3,32.1,31.4,0.0
2023-01-15 02:00:00,4.7,46.1,29.3,35.7,29.8,28.7,0.0
2023-01-15 03:00:00,4.5,46.2,28.9,27.5,31.8,27.7,0.0
2023-01-15 04:00:00,4.6,46.2,29.8,23.2,32.6,27.1,0.0
2023-01-15 05:00:00,4.7,46.1,34.1,21.9,30.4,26.6,0.0
2023-01-15 06:00:00,4.9,46.1,41.2,30.4,32.4,26.4,0.0
2023-01-15 07:00:00,4.7,47.1,82.9,40.3,47.0,41.7,270.0
2023-01-15 08:00:00,4.9,47.1,80.9,39.8,46.7,41.1,140.0
2023-01-15 09:00:00,5.1,46.8,80.2,40.0,46.8,41.4,150.0
2023-01-15 10:00:00,5.9,46.4,79.6,39.5,46.3,41.2,140.0
2023-01-15 11:00:00,6.8,45.9,78.7,39.2,45.9,40.8,140.0
2023-01-15 12:00:00,7.4,45.5,75.6,38.7,45.3,40.4,130.0
2023-01-15 13:00:00,8.1,45.2,74.5,38.2,44.6,40.1,130.0
2023-01-15 14:00:00,7.5,45.5,75.5,38.8,45.5,40.4,130.0
2023-01-15 15:00:00,7.0,45.7,75.0,38.9,45.4,40.7,140.0
2023-01-15 16:00:00,6.5,44.1,74.2,37.5,43.8,40.0,120.0
2023-01-15 17:00:00,5.5,44.6,76.3,37.6,44.2,39.6,110.0
2023-01-15 18:00:00,4.3,45.4,79.9,38.2,45.0,40.1,130.0
2023-01-15 19:00:00,3.9,45.7,81.3,38.8,45.6,40.6,140.0
2023-01-15 20:00:00,3.2,46.1,80.1,38.8,45.6,40.7,130.0
2023-01-15 21:00:00,2.5,46.6,83.5,39.8,46.8,41.4,140.0
2023-01-15 22:00:00,3.5,46.1,78.9,39.6,41.9,41.2,130.0
2023-01-15 23:00:00,3.5,46.0,34.8,38.2,37.3,35.1,0.0
2023-01-16 00:00:00,3.5,46.1,32.6,37.0,34.2,33.3,0.0
2023-01-16 01:00:00,3.2,46.1,31.0,36.8,32.8,29.6,0.0
2023-01-16 02:00:00,3.0,46.2,31.7,37.0,33.3,28.7,0.0
2023-01-16 03:00:00,3.0,46.3,31.3,36.7,32.7,28.0,0.0
2023-01-16 04:00:00,3.6,46.1,31.0,36.2,32.5,27.5,0.0
2023-01-16 05:00:00,3.6,45.9,34.4,36.3,38.2,27.5,0.0
2023-01-16 06:00:00,3.4,45.9,64.7,37.5,42.6,32.2,100.0
2023-01-16 07:00:00,3.8,46.1,76.6,39.5,46.1,41.0,200.0
2023-01-16 08:00:00,4.2,46.1,83.2,39.6,46.6,41.1,150.0
2023-01-16 09:00:00,4.8,45.6,82.5,39.3,46.1,41.0,140.0
2023-01-16 10:00:00,5.6,45.1,80.0,38.9,45.6,40.8,130.0
2023-01-16 11:00:00,7.4,44.1,78.2,37.8,44.4,40.1,120.0
2023-01-16 12:00:00,7.9,43.6,76.0,37.0,43.3,39.4,120.0
2023-01-16 13:00:00,8.1,43.4,75.9,36.5,43.0,38.9,110.0
2023-01-16 14:00:00,8.4,43.5,76.0,36.8,43.2,38.9,110.0
2023-01-16 15:00:00,8.3,43.5,76.4,36.8,43.4,39.1,110.0
2023-01-16 16:00:00,8.0,43.7,76.9,36.9,43.5,39.2,120.0
2023-01-16 17:00:00,8.0,43.6,77.0,37.1,43.5,39.4,120.0
2023-01-16 18:00:00,7.9,43.7,77.0,37.0,43.4,39.3,110.0
2023-01-16 19:00:00,7.8,43.8,77.8,37.0,43.5,39.4,110.0
2023-01-16 20:00:00,7.7,43.8,77.1,37.0,43.6,39.5,120.0
2023-01-16 21:00:00,7.4,43.9,76.8,37.0,43.5,39.4,110.0
2023-01-16 22:00:00,7.8,43.7,33.5,35.8,36.3,34.4,0.0
2023-01-16 23:00:00,7.7,43.9,32.0,34.8,34.5,33.2,0.0
2023-01-17 00:00:00,7.6,43.9,30.1,33.8,32.0,30.9,0.0
2023-01-17 01:00:00,8.4,43.5,30.3,34.7,32.2,28.6,0.0
2023-01-17 02:00:00,8.4,43.3,30.4,34.8,32.2,28.1,0.0
2023-01-17 03:00:00,8.4,43.3,30.1,34.6,31.7,27.5,0.0
2023-01-17 04:00:00,8.7,43.1,29.7,34.3,31.6,27.2,0.0
2023-01-17 05:00:00,9.3,42.9,29.4,33.8,31.4,27.0,0.0
2023-01-17 06:00:00,9.4,42.6,74.1,37.7,43.7,39.3,200.0
2023-01-17 07:00:00,9.5,42.8,74.5,35.7,42.1,38.1,90.0
2023-01-17 08:00:00,9.7,42.5,74.3,36.0,42.3,38.4,110.0
2023-01-17 09:00:00,10.6,42.1,73.4,36.0,42.4,38.4,110.0
2023-01-17 10:00:00,11.2,41.7,72.3,35.7,42.0,38.1,100.0
2023-01-17 11:00:00,11.8,41.4,71.6,35.5,41.8,38.0,110.0
2023-01-17 12:00:00,13.1,40.6,62.4,34.7,36.3,36.0,60.0
2023-01-17 13:00:00,13.4,40.4,31.7,33.7,35.1,32.6,0.0
2023-01-17 14:00:00,12.7,40.7,49.6,31.3,35.9,30.0,0.0
2023-01-17 15:00:00,13.2,40.3,68.0,34.4,40.4,37.4,150.0
2023-01-17 16:00:00,13.5,40.2,67.5,33.6,39.8,36.4,80.0
2023-01-17 17:00:00,12.7,40.7,67.6,34.1,40.2,36.7,90.0
2023-01-17 18:00:00,13.2,40.4,68.2,34.6,40.7,37.1,90.0
2023-01-17 19:00:00,12.9,41.6,67.6,35.1,41.2,37.4,100.0
2023-01-17 20:00:00,13.2,41.4,67.1,35.3,41.3,37.7,100.0
2023-01-17 21:00:00,13.4,43.7,68.0,37.1,43.3,38.8,110.0
2023-01-17 22:00:00,13.5,43.6,65.0,37.5,40.1,39.4,110.0
2023-01-17 23:00:00,13.4,43.6,34.0,36.2,37.0,34.0,0.0
2023-01-18 00:00:00,12.9,43.9,32.1,35.6,34.7,33.0,0.0
2023-01-18 01:00:00,12.7,43.9,31.1,36.0,33.1,29.6,0.0
2023-01-18 02:00:00,13.1,43.8,31.1,35.6,33.0,28.4,0.0
2023-01-18 03:00:00,13.0,43.8,30.8,34.9,33.4,27.9,0.0
2023-01-18 04:00:00,12.7,43.8,30.0,33.9,32.6,27.5,0.0
2023-01-18 05:00:00,12.4,43.9,29.3,32.9,31.9,27.2,0.0
2023-01-18 06:00:00,12.7,44.0,69.2,40.4,46.2,35.2,140.0
2023-01-18 07:00:00,12.4,44.0,68.7,37.1,43.3,39.1,130.0
2023-01-18 08:00:00,12.8,43.9,67.9,37.2,43.3,39.0,120.0
2023-01-18 09:00:00,13.8,43.6,68.5,37.6,43.8,39.2,110.0
2023-01-18 10:00:00,15.2,43.5,41.4,36.7,35.3,35.1,50.0
2023-01-18 11:00:00,15.5,43.5,32.6,35.5,35.2,33.0,0.0
2023-01-18 12:00:00,15.5,43.5,63.9,39.6,44.7,35.1,100.0
2023-01-18 13:00:00,15.6,40.0,69.4,32.7,38.5,36.1,80.0
2023-01-18 14:00:00,14.8,40.0,70.3,34.3,40.6,36.8,90.0
2023-01-18 15:00:00,14.5,40.0,70.2,34.0,40.1,36.9,90.0
2023-01-18 16:00:00,14.3,40.0,70.0,33.6,39.8,36.7,80.0
2023-01-18 17:00:00,13.5,40.2,70.3,33.8,40.1,36.6,90.0
2023-01-18 18:00:00,12.7,40.8,70.4,34.3,40.4,37.1,90.0
2023-01-18 19:00:00,12.1,41.3,72.0,34.6,40.7,37.3,90.0
2023-01-18 20:00:00,12.1,41.3,70.5,35.1,41.4,37.6,100.0
2023-01-18 21:00:00,13.5,41.1,68.2,34.6,40.6,37.4,80.0
2023-01-18 22:00:00,13.3,41.4,67.6,34.6,37.8,37.2,80.0
2023-01-18 23:00:00,13.4,41.3,31.7,33.5,34.9,33.0,0.0
2023-01-19 00:00:00,13.6,41.3,30.6,32.5,33.5,32.2,0.0
2023-01-19 01:00:00,13.4,41.3,29.0,31.6,31.6,30.1,0.0
2023-01-19 02:00:00,13.1,41.6,28.9,32.5,31.1,28.5,0.0
2023-01-19 03:00:00,12.5,41.9,29.2,32.5,31.9,27.8,0.0
2023-01-19 04:00:00,12.7,41.8,28.9,32.3,31.6,27.6,0.0
2023-01-19 05:00:00,12.8,41.7,29.8,32.2,33.4,27.3,0.0
2023-01-19 06:00:00,12.9,42.6,59.2,37.4,42.7,33.7,110.0
2023-01-19 07:00:00,13.2,42.4,70.6,35.5,41.6,38.3,130.0
2023-01-19 08:00:00,13.6,42.2,70.7,35.9,42.1,38.1,100.0
2023-01-19 09:00:00,13.6,42.1,70.7,36.2,42.4,38.5,110.0
2023-01-19 10:00:00,12.6,42.6,72.8,36.4,42.8,38.5,110.0
2023-01-19 11:00:00,12.6,42.7,73.9,36.9,43.2,39.0,110.0
2023-01-19 12:00:00,12.2,42.8,74.2,36.9,43.4,39.2,110.0
2023-01-19 13:00:00,12.4,42.8,73.1,36.3,42.6,39.1,110.0
2023-01-19 14:00:00,11.3,43.4,74.2,36.6,43.0,38.9,100.0
2023-01-19 15:00:00,10.8,43.6,75.5,37.4,43.9,39.7,120.0
2023-01-19 16:00:00,10.2,43.9,76.0,37.7,44.2,40.0,120.0
2023-01-19 17:00:00,10.0,44.0,77.1,37.9,44.5,40.1,120.0
2023-01-19 18:00:00,10.0,43.9,76.3,38.1,44.5,40.2,120.0
2023-01-19 19:00:00,10.0,44.0,75.5,38.0,44.4,40.2,110.0
2023-01-19 20:00:00,9.8,44.1,74.3,37.8,44.1,40.0,120.0
2023-01-19 21:00:00,9.8,44.1,74.4,37.7,44.0,40.0,110.0
2023-01-19 22:00:00,9.8,44.2,47.4,36.8,36.2,36.2,50.0
2023-01-19 23:00:00,9.5,44.3,33.1,35.6,36.1,34.1,0.0
2023-01-20 00:00:00,9.4,44.3,31.2,34.6,32.6,31.9,0.0
2023-01-20 01:00:00,9.3,44.4,29.6,34.1,31.4,29.4,0.0
2023-01-20 02:00:00,8.8,44.5,30.5,34.7,32.7,29.0,0.0
2023-01-20 03:00:00,8.3,44.8,30.1,34.5,32.0,28.1,0.0
2023-01-20 04:00:00,7.0,45.4,29.7,34.2,31.6,27.6,0.0
2023-01-20 05:00:00,6.4,45.8,29.4,33.8,31.5,27.4,0.0
2023-01-20 06:00:00,6.1,46.0,71.7,40.9,47.3,39.2,190.0
2023-01-20 07:00:00,6.0,46.0,81.1,40.3,47.0,40.8,140.0
2023-01-20 08:00:00,4.9,46.5,80.8,39.0,45.8,40.8,130.0
2023-01-20 09:00:00,3.9,47.2,83.2,40.0,47.1,41.2,150.0
2023-01-20 10:00:00,3.5,44.9,82.4,37.4,44.4,39.5,110.0
2023-01-20 11:00:00,2.9,45.2,83.9,38.2,45.1,40.1,130.0
2023-01-20 12:00:00,2.6,45.3,84.5,38.4,45.5,40.3,130.0
2023-01-20 13:00:00,3.5,44.9,83.8,38.5,45.4,40.5,130.0
2023-01-20 14:00:00,3.7,44.7,82.6,38.0,44.7,40.2,120.0
2023-01-20 15:00:00,4.6,44.3,81.7,37.9,44.6,40.2,130.0
2023-01-20 16:00:00,3.9,44.7,79.6,37.6,44.2,39.7,110.0
2023-01-20 17:00:00,3.8,46.4,82.6,40.1,47.1,41.5,160.0
2023-01-20 18:00:00,3.8,45.7,83.0,40.1,47.0,41.7,140.0
2023-01-20 19:00:00,3.7,45.5,83.6,38.5,45.3,40.7,120.0
2023-01-20 20:00:00,3.9,45.6,81.9,38.3,45.0,40.5,130.0
2023-01-20 21:00:00,3.7,45.5,82.4,38.8,45.5,40.7,130.0
2023-01-20 22:00:00,3.8,45.5,82.3,38.9,45.6,40.8,130.0
2023-01-20 23:00:00,3.9,45.5,35.0,37.4,38.5,34.9,0.0
2023-01-21 00:00:00,3.9,45.5,32.9,36.7,35.6,33.7,0.0
2023-01-21 01:00:00,3.2,46.0,32.0,37.0,33.8,30.0,0.0
2023-01-21 02:00:00,2.5,46.3,31.5,36.7,33.4,29.6,0.0
2023-01-21 03:00:00,2.2,46.3,30.7,35.3,32.9,28.1,0.0
2023-01-21 04:00:00,2.3,46.4,29.7,33.6,31.9,27.8,0.0
2023-01-21 05:00:00,2.3,46.4,28.8,32.2,31.0,27.4,0.0
2023-01-21 06:00:00,2.3,47.0,74.8,41.8,47.7,34.7,150.0
2023-01-21 07:00:00,2.4,47.0,84.6,39.3,46.1,41.1,170.0
2023-01-21 08:00:00,3.0,46.8,83.8,39.7,46.6,41.0,150.0
2023-01-21 09:00:00,3.7,46.5,83.0,39.8,46.8,41.4,140.0
2023-01-21 10:00:00,4.5,46.2,82.9,39.8,46.8,41.4,150.0
2023-01-21 11:00:00,5.0,46.1,81.7,39.6,46.5,41.3,140.0
2023-01-21 12:00:00,4.9,45.9,82.0,39.3,46.3,41.0,140.0
2023-01-21 13:00:00,5.2,45.8,82.4,39.5,46.4,41.1,150.0
2023-01-21 14:00:00,4.7,45.1,80.1,39.0,45.7,40.9,130.0
2023-01-21 15:00:00,5.0,45.0,80.3,38.5,45.2,40.6,130.0
2023-01-21 16:00:00,4.8,45.0,80.6,38.2,44.9,40.4,130.0
2023-01-21 17:00:00,4.7,45.0,80.1,38.0,44.8,40.1,120.0
2023-01-21 18:00:00,4.7,45.2,80.8,38.2,45.0,40.3,130.0
2023-01-21 19:00:00,4.3,45.3,80.5,38.2,44.8,40.3,130.0
2023-01-21 20:00:00,4.4,45.3,80.7,38.1,44.9,40.3,120.0
2023-01-21 21:00:00,4.8,45.1,80.6,38.2,44.8,40.3,130.0
2023-01-21 22:00:00,4.9,45.1,80.6,38.0,44.8,40.4,120.0
2023-01-21 23:00:00,4.9,45.0,34.6,36.7,37.9,34.6,0.0
2023-01-22 00:00:00,4.9,45.1,32.9,36.8,35.8,33.3,0.0
2023-01-22 01:00:00,4.7,45.2,31.9,36.9,33.8,29.9,0.0
2023-01-22 02:00:00,4.7,45.2,31.2,36.4,33.0,28.9,0.0
2023-01-22 03:00:00,4.5,45.2,30.7,35.2,32.9,28.6,0.0
2023-01-22 04:00:00,4.3,45.4,29.8,34.1,32.3,27.7,0.0
2023-01-22 05:00:00,4.2,45.3,29.1,33.0,31.0,27.2,0.0
2023-01-22 06:00:00,4.0,46.3,73.9,34.4,40.2,27.3,50.0
2023-01-22 07:00:00,3.9,46.4,83.3,39.4,46.2,41.3,230.0
2023-01-22 08:00:00,3.7,46.4,82.7,39.2,46.2,40.8,140.0
2023-01-22 09:00:00,4.4,46.2,81.7,39.6,46.5,41.1,150.0
2023-01-22 10:00:00,5.3,45.9,81.5,39.4,46.2,40.9,140.0
2023-01-22 11:00:00,6.1,45.1,77.5,38.7,45.4,40.4,140.0
2023-01-22 12:00:00,6.4,45.1,78.0,38.0,44.7,39.9,120.0
2023-01-22 13:00:00,6.5,44.9,76.8,38.0,44.6,39.8,130.0
2023-01-22 14:00:00,6.0,45.4,77.0,38.3,45.1,40.0,140.0
2023-01-22 15:00:00,6.0,45.4,72.8,38.9,45.1,40.6,130.0
2023-01-22 16:00:00,6.1,45.2,77.3,38.8,45.3,40.6,140.0
2023-01-22 17:00:00,5.2,45.8,79.2,38.9,45.7,40.8,130.0
2023-01-22 18:00:00,4.5,46.1,82.2,39.0,45.9,40.8,130.0
2023-01-22 19:00:00,4.4,46.2,82.3,39.2,46.1,41.2,140.0
2023-01-22 20:00:00,4.6,46.1,81.8,39.1,45.9,41.0,130.0
2023-01-22 21:00:00,4.2,46.3,83.1,39.8,46.8,41.4,150.0
2023-01-22 22:00:00,3.6,46.4,34.0,38.8,36.6,36.5,50.0
2023-01-22 23:00:00,3.7,46.6,34.3,38.0,37.2,34.5,0.0
2023-01-23 00:00:00,3.4,46.6,32.6,37.8,34.4,30.8,0.0
2023-01-23 01:00:00,3.1,46.7,31.9,37.1,33.7,29.3,0.0
2023-01-23 02:00:00,3.0,46.8,31.2,35.6,33.5,29.0,0.0
2023-01-23 03:00:00,2.8,46.8,30.0,34.2,31.9,27.8,0.0
2023-01-23 04:00:00,2.9,46.8,29.3,33.0,31.7,27.5,0.0
2023-01-23 05:00:00,6.9,44.8,29.2,30.7,33.4,27.1,0.0
2023-01-23 06:00:00,8.5,43.8,78.4,40.7,47.1,34.3,120.0
2023-01-23 07:00:00,8.9,43.3,74.4,36.2,42.7,38.4,130.0
2023-01-23 08:00:00,9.3,43.0,74.5,37.0,43.5,39.0,120.0
2023-01-23 09:00:00,9.7,44.4,76.0,38.3,44.8,40.0,140.0
2023-01-23 10:00:00,10.5,43.6,74.4,37.1,43.5,39.4,120.0
2023-01-23 11:00:00,10.8,43.2,73.3,36.4,42.7,38.8,110.0
2023-01-23 12:00:00,11.3,43.3,72.9,36.9,43.3,38.8,110.0
2023-01-23 13:00:00,11.5,42.8,72.9,37.1,43.5,39.1,120.0
2023-01-23 14:00:00,11.0,43.4,72.3,36.3,42.5,38.6,110.0
2023-01-23 15:00:00,10.2,44.0,73.4,37.0,43.6,39.0,120.0
2023-01-23 16:00:00,8.9,44.8,74.5,37.9,44.5,39.6,120.0
2023-01-23 17:00:00,8.2,46.5,77.7,40.3,47.0,41.4,160.0
2023-01-23 18:00:00,7.4,46.9,78.2,40.1,46.8,41.5,140.0
2023-01-23 19:00:00,6.4,47.4,83.7,40.3,47.5,41.5,150.0
2023-01-23 20:00:00,5.7,47.7,79.7,40.4,47.1,41.7,140.0
2023-01-23 21:00:00,5.8,47.6,79.1,40.6,47.3,42.0,150.0
2023-01-23 22:00:00,5.5,47.8,78.6,40.4,42.9,41.9,140.0
2023-01-23 23:00:00,5.6,47.7,35.1,38.9,37.2,35.3,0.0
2023-01-24 00:00:00,5.5,47.8,32.9,37.7,34.0,33.6,0.0
2023-01-24 01:00:00,5.3,47.8,30.4,36.5,31.2,29.6,0.0
2023-01-24 02:00:00,5.1,47.9,31.0,36.9,32.6,29.2,0.0
2023-01-24 03:00:00,5.2,47.8,31.1,36.9,32.5,27.9,0.0
2023-01-24 04:00:00,4.9,48.0,30.7,36.8,32.2,27.2,0.0
2023-01-24 05:00:00,4.6,48.0,30.2,36.2,31.8,27.0,0.0
2023-01-24 06:00:00,4.7,47.0,74.0,41.7,47.4,34.4,130.0
2023-01-24 07:00:00,4.1,47.2,76.4,40.6,47.4,41.5,190.0
2023-01-24 08:00:00,3.7,47.4,83.3,40.8,47.9,42.0,170.0
2023-01-24 09:00:00,3.9,47.3,83.2,40.7,47.7,41.8,150.0
2023-01-24 10:00:00,4.3,47.2,83.1,40.6,47.7,41.9,160.0
2023-01-24 11:00:00,4.1,47.2,81.8,40.4,47.4,41.8,150.0
2023-01-24 12:00:00,5.2,46.9,79.3,40.1,46.8,41.5,150.0
2023-01-24 13:00:00,5.5,45.8,79.2,39.3,45.9,41.1,140.0
2023-01-24 14:00:00,5.7,44.5,78.5,38.4,45.0,40.5,130.0
2023-01-24 15:00:00,5.0,44.9,79.2,38.1,44.8,40.1,130.0
2023-01-24 16:00:00,5.0,45.0,79.3,38.2,44.9,40.1,130.0
2023-01-24 17:00:00,4.3,45.3,79.9,38.3,45.0,40.1,130.0
2023-01-24 18:00:00,4.0,45.4,82.1,38.8,45.6,40.6,140.0
2023-01-24 19:00:00,3.8,45.6,82.2,38.7,45.5,40.8,130.0
2023-01-24 20:00:00,3.3,45.7,82.9,38.9,45.7,40.7,140.0
2023-01-24 21:00:00,3.6,45.6,82.9,39.0,45.9,40.9,140.0
2023-01-24 22:00:00,3.5,45.7,82.6,39.0,45.8,40.8,130.0
2023-01-24 23:00:00,3.4,45.7,35.0,37.5,38.2,34.8,0.0
2023-01-25 00:00:00,3.2,45.9,33.1,37.1,35.7,33.3,0.0
2023-01-25 01:00:00,3.2,46.0,31.8,37.2,33.6,29.3,0.0
2023-01-25 02:00:00,3.1,46.0,31.6,36.6,33.4,29.3,0.0
2023-01-25 03:00:00,3.2,45.9,30.6,35.1,32.9,28.0,0.0
2023-01-25 04:00:00,3.0,45.9,29.6,33.7,31.9,27.4,0.0
2023-01-25 05:00:00,2.9,46.0,30.3,30.6,34.3,27.0,0.0
2023-01-25 06:00:00,3.1,46.0,76.6,43.1,49.8,37.4,180.0
2023-01-25 07:00:00,3.1,46.0,84.1,38.9,45.7,40.4,150.0
2023-01-25 08:00:00,3.2,45.8,84.0,38.7,45.8,40.5,140.0
2023-01-25 09:00:00,3.8,45.6,83.0,38.5,45.5,40.3,140.0
2023-01-25 10:00:00,4.5,46.1,83.1,39.2,46.2,40.7,150.0
2023-01-25 11:00:00,5.1,45.8,80.0,39.3,46.0,40.8,150.0
2023-01-25 12:00:00,5.6,45.4,78.7,38.8,45.6,40.5,140.0
2023-01-25 13:00:00,6.2,45.2,78.3,38.6,45.3,40.2,130.0
2023-01-25 14:00:00,5.7,45.5,78.4,38.5,45.1,40.2,130.0
2023-01-25 15:00:00,5.4,45.6,79.4,38.6,45.3,40.3,140.0
2023-01-25 16:00:00,4.4,46.2,80.1,38.9,45.6,40.5,140.0
2023-01-25 17:00:00,4.2,46.3,83.0,39.8,46.7,41.2,140.0
2023-01-25 18:00:00,3.6,46.5,83.2,40.1,46.9,41.8,150.0
2023-01-25 19:00:00,3.5,46.6,83.0,39.5,46.4,41.1,150.0
2023-01-25 20:00:00,3.5,46.6,83.3,39.6,46.5,41.1,140.0
2023-01-25 21:00:00,3.3,46.6,83.1,39.7,46.5,41.2,140.0
2023-01-25 22:00:00,3.1,46.7,38.9,38.6,36.5,36.5,60.0
2023-01-25 23:00:00,3.1,46.8,33.8,37.4,35.9,34.0,0.0
2023-01-26 00:00:00,2.7,46.9,31.4,36.9,32.9,30.5,0.0
2023-01-26 01:00:00,2.7,46.9,30.0,35.9,30.0,28.4,0.0
2023-01-26 02:00:00,2.5,46.9,30.1,24.2,33.7,28.1,0.0
2023-01-26 03:00:00,2.4,47.0,29.9,22.9,27.1,27.2,0.0
2023-01-26 04:00:00,2.2,47.1,25.3,22.8,26.6,26.7,0.0
2023-01-26 05:00:00,2.0,47.2,23.3,22.6,26.2,26.4,0.0
2023-01-26 06:00:00,1.7,45.3,84.8,40.6,47.7,38.3,200.0
2023-01-26 07:00:00,1.4,45.3,83.0,38.0,44.9,39.7,130.0
2023-01-26 08:00:00,2.1,45.1,84.3,38.6,45.6,40.3,150.0
2023-01-26 09:00:00,2.4,46.2,83.1,39.4,46.5,40.7,150.0
2023-01-26 10:00:00,2.9,46.1,83.1,39.8,46.8,41.2,150.0
2023-01-26 11:00:00,3.6,45.7,82.6,38.7,45.6,40.5,140.0
2023-01-26 12:00:00,3.5,45.7,80.1,38.4,45.2,40.1,140.0
2023-01-26 13:00:00,4.1,45.5,81.8,38.9,45.8,40.4,140.0
2023-01-26 14:00:00,4.0,46.3,80.0,38.9,45.6,40.5,140.0
2023-01-26 15:00:00,3.7,46.6,81.9,39.6,46.6,40.9,150.0
2023-01-26 16:00:00,3.4,46.6,82.7,40.2,47.2,41.4,160.0
2023-01-26 17:00:00,2.8,46.8,83.4,40.2,47.3,41.6,150.0
2023-01-26 18:00:00,2.8,46.8,83.0,40.2,47.2,41.7,150.0
2023-01-26 19:00:00,2.7,46.9,83.0,40.3,47.2,41.7,150.0
2023-01-26 20:00:00,2.5,47.0,83.0,40.0,47.0,41.5,140.0
2023-01-26 21:00:00,2.3,47.0,83.9,40.1,47.1,41.6,150.0
2023-01-26 22:00:00,2.2,47.1,84.9,40.2,47.3,41.7,150.0
2023-01-26 23:00:00,2.1,47.2,35.8,38.6,38.5,35.1,0.0
2023-01-27 00:00:00,1.8,47.3,33.7,38.7,35.8,33.6,0.0
2023-01-27 01:00:00,0.8,47.6,32.5,38.7,34.0,29.2,0.0
2023-01-27 02:00:00,0.7,47.7,32.5,38.2,34.3,27.9,0.0
2023-01-27 03:00:00,0.5,47.8,31.7,37.0,33.6,27.3,0.0
2023-01-27 04:00:00,0.5,47.8,30.5,35.2,32.4,26.8,0.0
2023-01-27 05:00:00,0.2,47.8,28.3,28.8,32.4,26.2,0.0
2023-01-27 06:00:00,0.5,48.9,75.7,42.1,48.3,34.8,130.0
2023-01-27 07:00:00,0.6,48.8,76.9,41.9,48.5,42.4,220.0
2023-01-27 08:00:00,0.9,48.8,86.4,41.8,48.9,42.7,180.0
2023-01-27 09:00:00,1.0,50.2,86.5,42.9,50.5,43.0,180.0
2023-01-27 10:00:00,1.6,49.9,85.2,42.9,50.1,43.6,190.0
2023-01-27 11:00:00,1.6,49.9,84.1,42.7,50.0,43.5,180.0
2023-01-27 12:00:00,1.7,49.9,85.2,43.0,50.3,43.6,180.0
2023-01-27 13:00:00,1.5,50.0,84.6,43.2,50.5,43.8,180.0
2023-01-27 14:00:00,2.2,49.8,84.4,43.2,50.5,43.5,180.0
2023-01-27 15:00:00,2.3,49.8,84.4,43.1,50.2,43.8,180.0
2023-01-27 16:00:00,1.5,50.0,84.8,42.6,49.9,43.3,170.0
2023-01-27 17:00:00,1.2,50.1,85.9,42.6,49.9,43.5,170.0
2023-01-27 18:00:00,1.1,50.8,86.0,42.7,50.0,43.4,180.0
2023-01-27 19:00:00,0.8,50.8,86.3,43.8,51.1,44.1,190.0
2023-01-27 20:00:00,0.9,50.8,86.0,43.5,50.8,44.1,180.0
2023-01-27 21:00:00,0.8,50.8,85.9,43.1,50.4,43.8,170.0
2023-01-27 22:00:00,0.6,50.8,84.6,42.7,45.1,43.7,170.0
2023-01-27 23:00:00,0.5,50.9,37.4,41.2,40.0,36.1,0.0
2023-01-28 00:00:00,0.4,50.9,34.7,40.6,36.5,34.6,0.0
2023-01-28 01:00:00,0.3,50.9,33.3,40.7,34.3,29.7,0.0
2023-01-28 02:00:00,0.5,50.8,32.8,40.0,33.7,28.4,0.0
2023-01-28 03:00:00,0.5,50.8,31.7,38.2,32.8,27.8,0.0
2023-01-28 04:00:00,0.6,50.8,30.2,35.4,31.5,27.2,0.0
2023-01-28 05:00:00,0.5,50.8,29.1,33.8,30.5,26.8,0.0
2023-01-28 06:00:00,0.5,52.4,85.5,46.0,52.9,37.7,200.0
2023-01-28 07:00:00,0.6,52.4,86.0,44.4,51.8,44.1,240.0
2023-01-28 08:00:00,0.8,52.4,85.8,44.8,52.3,44.3,200.0
2023-01-28 09:00:00,1.4,52.3,85.6,44.7,52.1,44.5,200.0
2023-01-28 10:00:00,1.6,52.3,85.4,44.4,51.8,44.6,190.0
2023-01-28 11:00:00,1.6,52.3,85.2,44.8,52.1,44.8,190.0
2023-01-28 12:00:00,1.9,52.3,85.2,45.0,52.3,44.9,210.0
2023-01-28 13:00:00,1.9,50.9,84.8,44.6,51.4,45.1,190.0
2023-01-28 14:00:00,2.2,47.1,84.2,39.6,46.7,41.2,130.0
2023-01-28 15:00:00,2.1,47.2,84.6,40.5,47.7,41.8,150.0
2023-01-28 16:00:00,2.1,47.4,84.8,40.7,47.9,42.0,160.0
2023-01-28 17:00:00,1.8,47.6,84.8,40.8,47.9,42.0,160.0
2023-01-28 18:00:00,1.9,47.5,84.7,40.9,48.1,42.1,160.0
2023-01-28 19:00:00,1.6,47.6,84.5,40.8,47.9,42.2,150.0
2023-01-28 20:00:00,1.7,47.5,85.2,40.6,47.7,42.0,160.0
2023-01-28 21:00:00,1.8,47.4,85.1,40.5,47.5,41.9,150.0
2023-01-28 22:00:00,1.9,47.5,39.1,39.2,36.5,36.5,60.0
2023-01-28 23:00:00,1.6,47.5,33.7,37.7,35.3,34.2,0.0
2023-01-29 00:00:00,2.0,47.4,32.2,32.8,30.4,30.5,0.0
2023-01-29 01:00:00,1.7,47.7,32.7,25.0,31.0,28.4,0.0
2023-01-29 02:00:00,1.6,47.5,30.8,23.1,27.3,27.3,0.0
2023-01-29 03:00:00,1.8,47.6,27.4,22.7,26.5,26.6,0.0
2023-01-29 04:00:00,1.6,47.8,26.3,22.0,26.9,25.9,0.0
2023-01-29 05:00:00,1.7,47.7,26.0,21.4,26.5,25.5,0.0
2023-01-29 06:00:00,1.3,48.0,45.9,28.7,31.6,25.3,0.0
2023-01-29 07:00:00,1.5,47.7,86.3,40.7,47.6,41.5,280.0
2023-01-29 08:00:00,1.4,47.8,84.5,40.4,47.6,41.2,160.0
2023-01-29 09:00:00,1.5,47.8,84.0,40.8,48.0,41.6,170.0
2023-01-29 10:00:00,1.7,47.7,84.5,40.6,47.8,41.7,160.0
2023-01-29 11:00:00,1.8,47.5,84.4,40.6,47.7,41.7,160.0
2023-01-29 12:00:00,1.9,47.6,84.6,40.6,47.8,41.6,160.0
2023-01-29 13:00:00,1.6,47.9,84.6,40.5,47.5,41.7,160.0
2023-01-29 14:00:00,1.6,48.1,84.7,40.5,47.6,41.7,160.0
2023-01-29 15:00:00,1.7,47.8,84.9,40.9,48.1,41.7,160.0
2023-01-29 16:00:00,1.8,47.8,85.1,41.1,48.2,42.3,170.0
2023-01-29 17:00:00,2.0,47.8,84.9,40.8,47.8,42.0,150.0
2023-01-29 18:00:00,1.6,49.1,85.0,40.5,47.9,41.8,160.0
2023-01-29 19:00:00,1.7,49.0,84.9,42.3,49.7,42.8,180.0
2023-01-29 20:00:00,1.6,48.9,85.1,41.4,48.6,42.6,170.0
2023-01-29 21:00:00,1.7,48.9,84.9,41.2,48.4,42.3,160.0
2023-01-29 22:00:00,1.9,48.9,84.4,42.0,44.1,42.8,160.0
2023-01-29 23:00:00,1.8,48.9,36.7,40.1,39.3,35.4,0.0
2023-01-30 00:00:00,1.7,48.9,34.2,39.3,36.2,33.9,0.0
2023-01-30 01:00:00,1.8,48.9,32.7,39.5,33.9,29.3,0.0
2023-01-30 02:00:00,1.7,48.9,32.5,39.2,33.5,28.1,0.0
2023-01-30 03:00:00,1.6,48.9,31.8,37.8,33.3,27.4,0.0
2023-01-30 04:00:00,1.5,48.9,30.4,35.4,32.2,27.2,0.0
2023-01-30 05:00:00,1.6,48.9,30.0,47.2,32.3,29.1,0.0
2023-01-30 06:00:00,1.4,49.2,86.5,46.3,53.5,39.8,170.0
2023-01-30 07:00:00,1.2,49.3,84.3,42.4,49.9,42.2,180.0
2023-01-30 08:00:00,1.1,49.5,85.4,42.6,49.9,43.3,180.0
2023-01-30 09:00:00,1.4,51.2,88.2,43.5,51.2,43.6,190.0
2023-01-30 10:00:00,1.8,51.5,87.4,43.9,51.4,44.3,200.0
2023-01-30 11:00:00,2.6,51.2,86.3,43.7,51.1,44.2,180.0
2023-01-30 12:00:00,2.8,51.1,86.3,43.6,50.9,44.1,190.0
2023-01-30 13:00:00,3.7,50.7,85.3,43.7,51.0,44.3,190.0
2023-01-30 14:00:00,3.6,50.6,85.3,43.8,51.1,44.2,180.0
2023-01-30 15:00:00,3.4,48.0,85.4,40.3,47.5,41.7,130.0
2023-01-30 16:00:00,2.6,48.4,85.8,41.0,48.2,42.2,170.0
2023-01-30 17:00:00,1.9,48.9,86.7,41.3,48.6,42.5,160.0
2023-01-30 18:00:00,1.6,49.0,87.2,41.5,48.8,42.8,170.0
2023-01-30 19:00:00,1.1,49.2,87.5,41.9,49.1,43.1,160.0
2023-01-30 20:00:00,1.3,50.5,87.6,42.8,50.3,43.4,180.0
2023-01-30 21:00:00,1.1,50.5,88.6,43.5,50.8,44.4,190.0
2023-01-30 22:00:00,1.3,50.4,86.3,42.3,44.8,43.6,160.0
2023-01-30 23:00:00,1.3,50.5,37.1,40.8,39.2,36.1,0.0
2023-01-31 00:00:00,0.9,50.6,34.8,40.7,36.7,34.5,0.0
2023-01-31 01:00:00,0.9,50.6,33.5,40.5,34.6,30.0,0.0
2023-01-31 02:00:00,1.2,50.4,33.1,40.0,34.0,28.7,0.0
2023-01-31 03:00:00,1.1,50.5,32.0,38.8,32.8,28.0,0.0
2023-01-31 04:00:00,1.5,50.3,30.4,37.5,29.2,27.4,0.0
2023-01-31 05:00:00,1.6,50.4,24.9,26.7,29.3,26.9,0.0
2023-01-31 06:00:00,1.7,50.3,75.9,39.9,46.0,32.5,110.0
2023-01-31 07:00:00,1.3,50.5,75.4,43.7,50.1,44.0,260.0
2023-01-31 08:00:00,1.3,53.1,89.0,45.4,53.3,44.2,200.0
2023-01-31 09:00:00,1.4,53.0,88.3,45.1,52.5,45.3,210.0
2023-01-31 10:00:00,1.6,53.0,87.9,45.0,52.5,45.1,200.0
2023-01-31 11:00:00,1.9,52.9,87.5,45.6,53.2,45.7,210.0
2023-01-31 12:00:00,2.6,52.7,87.0,45.5,53.0,45.7,200.0
2023-01-31 13:00:00,3.5,49.9,84.9,42.1,49.0,44.1,180.0
2023-01-31 14:00:00,3.3,48.35,83.45,40.65,47.35,42.95,150.0
2023-01-31 15:00:00,3.1,46.8,82.0,39.2,45.7,41.8,150.0
2023-01-31 16:00:00,2.9,47.2,84.1,40.5,47.7,41.7,150.0
2023-01-31 17:00:00,2.9,47.0,83.9,40.0,46.9,41.6,150.0
2023-01-31 18:00:00,2.9,47.3,83.7,39.7,46.8,41.4,150.0
2023-01-31 19:00:00,2.3,47.8,84.4,40.6,47.9,41.6,150.0
2023-01-31 20:00:00,2.8,47.3,84.0,40.3,47.4,41.9,150.0
2023-01-31 21:00:00,2.8,47.4,83.7,40.0,47.0,41.5,150.0
2023-01-31 22:00:00,2.2,47.9,84.7,40.8,48.0,42.0,160.0
2023-01-31 23:00:00,2.2,47.8,36.2,39.1,39.1,35.1,0.0
2023-02-01 00:00:00,2.4,47.7,33.2,38.1,35.5,33.7,0.0
2023-02-01 01:00:00,2.4,47.5,32.3,38.2,33.8,30.1,0.0
2023-02-01 02:00:00,2.1,47.9,31.8,37.8,33.3,28.1,0.0
2023-02-01 03:00:00,2.3,47.8,31.4,36.9,32.9,27.6,0.0
2023-02-01 04:00:00,2.2,47.9,30.5,35.5,32.1,27.1,0.0
2023-02-01 05:00:00,1.8,48.1,29.4,34.6,30.7,26.8,0.0
2023-02-01 06:00:00,2.0,47.9,85.7,42.6,50.1,40.6,230.0
2023-02-01 07:00:00,1.7,48.4,79.0,41.7,48.8,41.5,160.0
2023-02-01 08:00:00,2.2,47.7,84.9,40.7,47.8,42.1,170.0
2023-02-01 09:00:00,3.3,44.9,82.4,37.7,44.2,40.1,130.0
2023-02-01 10:00:00,3.8,44.3,81.9,37.7,44.4,39.6,120.0
2023-02-01 11:00:00,5.0,43.2,79.6,36.9,43.5,39.1,130.0
2023-02-01 12:00:00,4.5,43.7,79.5,36.8,43.6,38.9,120.0
2023-02-01 13:00:00,5.3,42.9,78.2,37.0,43.6,39.1,120.0
2023-02-01 14:00:00,6.4,43.3,77.1,36.6,43.1,38.7,120.0
2023-02-01 15:00:00,6.8,43.2,75.7,36.7,43.3,39.0,120.0
2023-02-01 16:00:00,6.9,43.2,75.8,36.5,42.9,38.7,120.0
2023-02-01 17:00:00,5.6,43.6,77.2,36.7,43.2,39.0,120.0
2023-02-01 18:00:00,4.4,44.5,79.1,37.2,43.9,39.2,120.0
2023-02-01 19:00:00,3.9,47.0,80.5,38.1,45.1,40.0,140.0
2023-02-01 20:00:00,3.5,47.2,82.9,40.7,47.6,42.0,160.0
2023-02-01 21:00:00,3.4,47.4,81.7,40.7,47.5,42.0,160.0
2023-02-01 22:00:00,3.7,47.2,82.4,40.6,47.6,42.0,150.0
2023-02-01 23:00:00,3.6,47.2,34.8,39.0,38.2,34.9,0.0
2023-02-02 00:00:00,3.4,47.3,33.1,37.6,34.5,33.4,0.0
2023-02-02 01:00:00,3.1,47.6,30.8,36.6,31.9,29.9,0.0
2023-02-02 02:00:00,2.2,48.3,30.9,36.8,32.4,28.5,0.0
2023-02-02 03:00:00,1.5,48.9,30.9,36.6,32.3,27.6,0.0
2023-02-02 04:00:00,1.2,49.6,30.4,36.3,31.8,27.0,0.0
2023-02-02 05:00:00,0.8,49.9,29.6,35.8,30.8,26.6,0.0
2023-02-02 06:00:00,0.9,49.5,70.0,38.0,43.7,31.6,100.0
2023-02-02 07:00:00,1.4,49.1,76.2,43.3,50.0,43.7,260.0
2023-02-02 08:00:00,1.4,49.0,86.4,42.5,50.0,43.2,180.0
2023-02-02 09:00:00,2.4,48.2,86.4,41.6,48.9,42.7,170.0
2023-02-02 10:00:00,3.8,45.2,84.6,38.1,44.6,40.7,130.0
2023-02-02 11:00:00,5.6,43.7,82.4,36.8,43.6,39.3,120.0
2023-02-02 12:00:00,6.7,43.2,76.3,36.1,42.5,38.7,110.0
2023-02-02 13:00:00,7.7,42.7,74.2,35.9,42.4,38.2,110.0
2023-02-02 14:00:00,5.7,43.6,77.9,36.7,43.5,38.5,130.0
2023-02-02 15:00:00,3.4,46.1,79.3,38.5,45.4,39.5,130.0
2023-02-02 16:00:00,3.4,46.0,82.9,39.6,46.5,41.2,160.0
2023-02-02 17:00:00,3.7,45.6,82.8,38.9,45.7,40.8,140.0
2023-02-02 18:00:00,3.6,46.0,82.8,38.5,45.3,40.3,130.0
2023-02-02 19:00:00,3.4,46.0,82.7,39.2,46.2,40.8,150.0
2023-02-02 20:00:00,2.8,49.9,83.5,43.4,50.5,43.7,190.0
2023-02-02 21:00:00,2.3,50.3,83.8,43.6,50.7,44.1,180.0
2023-02-02 22:00:00,2.5,50.0,83.0,42.8,45.1,44.0,170.0
2023-02-02 23:00:00,3.2,49.7,37.2,41.2,39.3,35.9,0.0
2023-02-03 00:00:00,2.5,50.2,34.1,39.8,35.4,34.3,0.0
2023-02-03 01:00:00,2.5,50.1,32.6,40.2,33.8,29.9,0.0
2023-02-03 02:00:00,2.7,49.8,33.1,40.3,34.2,28.5,0.0
2023-02-03 03:00:00,3.1,49.8,33.3,41.1,34.2,27.7,0.0
2023-02-03 04:00:00,3.2,49.6,33.2,41.2,34.2,27.6,0.0
2023-02-03 05:00:00,3.0,49.6,30.0,36.4,33.1,27.3,0.0
2023-02-03 06:00:00,3.1,50.9,76.8,42.5,48.6,34.6,130.0
2023-02-03 07:00:00,3.1,50.8,83.1,44.4,51.5,44.2,250.0
2023-02-03 08:00:00,3.2,50.9,84.0,44.1,51.4,44.2,200.0
2023-02-03 09:00:00,4.2,50.3,83.5,43.7,50.8,44.2,180.0
2023-02-03 10:00:00,4.9,50.0,82.2,43.0,49.9,43.7,180.0
2023-02-03 11:00:00,5.4,48.3,79.6,42.4,49.2,43.2,170.0
2023-02-03 12:00:00,5.4,47.9,80.2,41.3,48.0,42.6,150.0
2023-02-03 13:00:00,6.2,45.2,78.5,38.5,44.7,41.2,140.0
2023-02-03 14:00:00,6.2,45.1,78.0,38.3,45.0,39.9,120.0
2023-02-03 15:00:00,5.9,45.4,79.4,38.6,45.4,40.3,130.0
2023-02-03 16:00:00,5.6,45.6,79.5,38.6,45.3,40.5,140.0
2023-02-03 17:00:00,5.1,46.0,79.0,38.6,45.2,40.5,130.0
2023-02-03 18:00:00,4.8,46.0,79.9,38.8,45.5,40.6,140.0
2023-02-03 19:00:00,4.6,46.2,81.0,39.5,46.5,41.1,150.0
2023-02-03 20:00:00,4.7,46.3,80.3,40.0,46.8,41.7,140.0
2023-02-03 21:00:00,4.7,46.2,80.2,39.4,46.0,41.2,140.0
2023-02-03 22:00:00,4.8,46.3,80.8,39.2,42.2,41.1,140.0
2023-02-03 23:00:00,4.9,46.1,34.9,37.7,37.6,34.8,0.0
2023-02-04 00:00:00,5.1,45.8,32.5,36.5,34.7,33.3,0.0
2023-02-04 01:00:00,4.5,46.5,31.7,37.3,33.3,29.8,0.0
2023-02-04 02:00:00,4.1,46.9,32.3,38.3,33.9,29.4,0.0
2023-02-04 03:00:00,3.8,47.2,32.8,39.2,34.2,28.1,0.0
2023-02-04 04:00:00,3.5,47.3,32.9,39.7,34.2,27.6,0.0
2023-02-04 05:00:00,3.6,47.4,32.7,39.4,33.7,27.5,0.0
2023-02-04 06:00:00,3.7,46.9,75.8,42.6,49.5,37.6,170.0
2023-02-04 07:00:00,4.1,46.7,83.0,39.5,46.3,41.0,170.0
2023-02-04 08:00:00,4.3,46.5,82.9,39.0,46.0,40.6,140.0
2023-02-04 09:00:00,4.9,46.1,81.8,38.9,45.8,40.5,140.0
2023-02-04 10:00:00,5.0,45.9,81.8,38.8,45.7,40.6,140.0
2023-02-04 11:00:00,5.2,45.8,81.6,38.8,45.7,40.5,140.0
2023-02-04 12:00:00,4.9,45.9,77.6,38.5,45.0,40.1,140.0
2023-02-04 13:00:00,5.8,44.5,78.5,39.1,45.4,40.8,140.0
2023-02-04 14:00:00,3.7,46.0,83.2,39.8,46.9,40.7,150.0
2023-02-04 15:00:00,2.7,46.7,83.5,39.3,46.2,40.4,140.0
2023-02-04 16:00:00,2.3,47.0,83.9,40.2,47.3,41.1,150.0
2023-02-04 17:00:00,1.9,47.4,85.0,40.8,48.0,41.8,160.0
2023-02-04 18:00:00,1.0,48.2,84.8,40.2,47.3,41.6,150.0
2023-02-04 19:00:00,0.2,48.2,85.7,40.8,48.0,41.8,160.0
2023-02-04 20:00:00,0.0,47.9,85.5,41.0,48.1,41.8,160.0
2023-02-04 21:00:00,-0.4,48.5,85.8,41.0,48.1,42.1,150.0
2023-02-04 22:00:00,-0.6,48.9,83.9,40.6,43.3,41.7,150.0
2023-02-04 23:00:00,-0.5,48.6,35.8,39.2,38.3,34.6,0.0
2023-02-05 00:00:00,-0.6,48.8,32.9,37.8,34.4,32.9,0.0
2023-02-05 01:00:00,-0.9,49.0,31.4,38.1,32.7,28.8,0.0
2023-02-05 02:00:00,-1.3,49.2,31.7,38.1,33.0,27.4,0.0
2023-02-05 03:00:00,-1.4,49.6,31.1,37.8,32.0,26.4,0.0
2023-02-05 04:00:00,-1.8,50.1,29.8,37.1,30.2,25.9,0.0
2023-02-05 05:00:00,-2.2,50.4,29.2,22.3,33.1,25.4,0.0
2023-02-05 06:00:00,-2.6,50.5,91.1,43.8,51.3,33.6,170.0
2023-02-05 07:00:00,-2.7,50.9,89.8,42.7,50.0,43.2,240.0
2023-02-05 08:00:00,-2.6,50.8,89.9,43.2,50.8,43.4,190.0
2023-02-05 09:00:00,-2.8,50.8,89.5,43.5,51.0,43.7,200.0
2023-02-05 10:00:00,-2.1,50.1,88.9,43.0,50.4,43.5,180.0
2023-02-05 11:00:00,-1.8,49.8,88.4,42.1,49.4,42.8,180.0
2023-02-05 12:00:00,-1.3,48.7,87.2,41.7,49.1,42.3,170.0
2023-02-05 13:00:00,-1.0,48.5,86.8,41.6,48.8,42.4,180.0
2023-02-05 14:00:00,-0.9,48.3,87.7,41.4,48.7,42.4,160.0
2023-02-05 15:00:00,-0.7,48.2,85.9,41.1,48.4,42.0,170.0
2023-02-05 16:00:00,-1.2,48.6,85.7,40.7,47.9,41.7,160.0
2023-02-05 17:00:00,-1.7,49.3,88.6,41.2,48.5,42.0,180.0
2023-02-05 18:00:00,-2.0,51.2,89.4,43.5,51.2,43.3,190.0
2023-02-05 19:00:00,-1.7,51.2,89.2,44.3,51.8,44.2,200.0
2023-02-05 20:00:00,-1.9,51.3,89.4,43.6,51.0,44.1,190.0
2023-02-05 21:00:00,-2.2,51.4,89.3,43.4,51.0,43.8,180.0
2023-02-05 22:00:00,-2.2,51.7,88.9,43.5,51.0,44.1,190.0
2023-02-05 23:00:00,-2.5,41.5,86.6,34.1,40.4,37.8,70.0
2023-02-06 00:00:00,-2.6,41.5,87.9,34.5,41.5,37.4,100.0
2023-02-06 01:00:00,-3.0,41.6,28.8,35.2,32.5,32.4,0.0
2023-02-06 02:00:00,-3.7,41.7,29.1,48.7,29.4,29.1,0.0
2023-02-06 03:00:00,-4.0,41.8,24.1,57.1,27.9,27.7,0.0
2023-02-06 04:00:00,-3.5,41.6,23.1,56.9,26.8,26.8,0.0
2023-02-06 05:00:00,-4.0,41.8,31.4,46.2,34.7,31.6,0.0
2023-02-06 06:00:00,-4.3,54.5,82.3,51.0,57.5,44.9,270.0
2023-02-06 07:00:00,-4.9,54.7,85.4,46.9,54.3,45.8,240.0
2023-02-06 08:00:00,-4.6,54.6,88.2,47.3,54.8,46.6,240.0
2023-02-06 09:00:00,-4.0,54.2,91.5,46.6,54.6,46.4,220.0
2023-02-06 10:00:00,-3.4,53.2,90.3,45.1,52.6,45.3,210.0
2023-02-06 11:00:00,-2.7,52.6,89.2,44.6,52.2,44.7,200.0
2023-02-06 12:00:00,-2.6,52.5,89.6,44.9,52.6,44.6,200.0
2023-02-06 13:00:00,-2.4,52.3,89.5,45.0,52.7,45.0,210.0
2023-02-06 14:00:00,-1.9,51.8,87.8,44.6,52.1,45.4,200.0
2023-02-06 15:00:00,-2.0,51.7,86.5,43.7,51.2,44.0,190.0
2023-02-06 16:00:00,-2.6,52.4,88.6,44.4,52.0,44.4,190.0
2023-02-06 17:00:00,-2.9,52.9,89.9,45.6,53.2,45.6,220.0
2023-02-06 18:00:00,-3.2,51.5,89.6,43.3,50.8,44.1,180.0
2023-02-06 19:00:00,-3.5,51.6,90.5,43.7,51.3,44.4,190.0
2023-02-06 20:00:00,-2.8,51.2,90.2,44.0,51.6,44.4,190.0
2023-02-06 21:00:00,-2.6,51.0,89.9,44.0,51.5,44.5,190.0
2023-02-06 22:00:00,-2.7,51.1,89.6,43.8,51.4,44.6,190.0
2023-02-06 23:00:00,-2.6,50.8,37.4,42.2,40.7,36.8,40.0
2023-02-07 00:00:00,-2.3,50.5,36.0,42.5,37.9,35.0,0.0
2023-02-07 01:00:00,-2.2,50.6,34.8,42.8,35.7,29.9,0.0
2023-02-07 02:00:00,-2.7,51.1,34.2,41.9,35.2,29.4,0.0
2023-02-07 03:00:00,-2.9,51.3,33.1,39.9,34.1,28.1,0.0
2023-02-07 04:00:00,-2.7,50.9,31.8,38.1,33.0,27.5,0.0
2023-02-07 05:00:00,-2.7,50.9,73.7,45.2,51.4,41.7,240.0
2023-02-07 06:00:00,-3.1,51.3,74.1,46.4,52.6,44.7,220.0
2023-02-07 07:00:00,-2.7,51.1,86.3,44.2,51.6,44.1,200.0
2023-02-07 08:00:00,-2.5,50.9,89.6,43.2,50.5,43.8,190.0
2023-02-07 09:00:00,-1.6,49.9,88.3,42.6,50.1,43.1,180.0
2023-02-07 10:00:00,-1.5,50.1,87.3,42.0,49.3,42.9,180.0
2023-02-07 11:00:00,-1.5,50.0,88.1,42.9,50.4,43.2,190.0
2023-02-07 12:00:00,-1.3,49.6,86.3,42.5,49.9,43.0,190.0
2023-02-07 13:00:00,-1.7,50.0,88.0,42.8,50.3,43.1,180.0
2023-02-07 14:00:00,-1.5,50.0,86.0,43.2,50.6,43.8,190.0
2023-02-07 15:00:00,-1.6,49.9,86.0,42.2,49.5,43.2,180.0
2023-02-07 16:00:00,-1.6,50.0,85.8,42.5,49.7,42.9,180.0
2023-02-07 17:00:00,-2.2,50.4,88.5,43.2,50.9,43.5,180.0
2023-02-07 18:00:00,-2.5,50.9,89.8,43.8,51.4,44.4,200.0
2023-02-07 19:00:00,-2.5,50.9,89.7,43.7,51.4,44.2,190.0
2023-02-07 20:00:00,-2.1,50.5,89.9,43.4,50.9,44.1,190.0
2023-02-07 21:00:00,-1.8,50.3,88.9,42.7,50.1,43.6,180.0
2023-02-07 22:00:00,-2.0,51.0,88.7,42.9,50.4,43.5,180.0
2023-02-07 23:00:00,-1.8,50.9,41.2,42.4,41.8,41.7,140.0
2023-02-08 00:00:00,-2.6,51.7,36.3,41.0,38.4,34.2,0.0
2023-02-08 01:00:00,-2.7,51.7,34.2,40.7,35.8,32.8,0.0
2023-02-08 02:00:00,-2.5,51.8,32.9,40.5,33.6,28.7,0.0
2023-02-08 03:00:00,-2.4,51.4,32.7,40.3,33.7,28.4,0.0
2023-02-08 04:00:00,-2.2,51.2,36.9,40.2,40.4,27.4,0.0
2023-02-08 05:00:00,-2.3,51.5,48.7,50.5,50.6,27.3,0.0
2023-02-08 06:00:00,-2.4,51.6,78.2,47.2,53.3,41.5,270.0
2023-02-08 07:00:00,-2.5,51.7,89.4,44.4,52.1,44.0,210.0
2023-02-08 08:00:00,-2.2,51.4,89.0,43.4,50.9,43.9,200.0
2023-02-08 09:00:00,-1.2,50.4,88.0,42.6,49.9,43.2,180.0
2023-02-08 10:00:00,-0.2,49.4,86.2,42.6,50.0,43.1,190.0
2023-02-08 11:00:00,0.4,48.5,85.7,41.7,49.1,42.6,170.0
2023-02-08 12:00:00,1.3,47.8,84.9,41.0,48.1,42.3,170.0
2023-02-08 13:00:00,1.9,46.9,83.9,40.4,47.4,41.6,160.0
2023-02-08 14:00:00,1.9,47.0,82.4,40.1,47.0,41.4,150.0
2023-02-08 15:00:00,1.4,47.6,82.7,40.0,47.2,41.3,160.0
2023-02-08 16:00:00,0.7,48.2,84.2,40.7,47.9,41.5,170.0
2023-02-08 17:00:00,0.0,49.3,85.9,41.4,48.8,42.2,170.0
2023-02-08 18:00:00,-0.8,49.9,86.6,42.3,49.7,42.9,180.0
2023-02-08 19:00:00,-1.7,50.7,87.8,42.8,50.3,43.3,190.0
2023-02-08 20:00:00,-1.9,50.9,88.5,43.3,50.7,43.9,190.0
2023-02-08 21:00:00,-2.3,51.5,89.5,43.5,51.1,44.0,190.0
2023-02-08 22:00:00,-2.5,51.7,89.3,43.5,51.0,44.1,190.0
2023-02-08 23:00:00,-3.1,52.1,90.0,44.3,51.8,44.6,190.0
2023-02-09 00:00:00,-3.6,40.0,77.6,41.1,38.9,39.0,90.0
2023-02-09 01:00:00,-3.8,40.0,87.3,33.0,39.8,36.3,80.0
2023-02-09 02:00:00,-4.0,40.0,88.0,33.3,40.1,36.6,100.0
2023-02-09 03:00:00,-4.5,40.0,88.3,33.4,40.2,36.6,100.0
2023-02-09 04:00:00,-5.2,40.2,88.1,33.4,40.1,36.5,100.0
2023-02-09 05:00:00,-5.0,40.0,88.3,33.5,40.3,36.7,100.0
2023-02-09 06:00:00,-5.2,52.1,94.5,45.1,53.0,38.8,170.0
2023-02-09 07:00:00,-5.7,52.7,93.8,44.3,52.2,44.8,230.0
2023-02-09 08:00:00,-5.1,54.1,93.7,46.0,54.0,45.6,220.0
2023-02-09 09:00:00,-4.3,52.5,91.6,44.8,52.5,45.2,210.0
2023-02-09 10:00:00,-3.1,51.5,90.0,44.1,51.6,44.4,200.0
2023-02-09 11:00:00,-2.3,50.4,87.9,43.7,51.1,44.1,190.0
2023-02-09 12:00:00,-1.1,49.4,84.4,42.4,44.5,43.4,170.0
2023-02-09 13:00:00,0.2,46.7,81.3,39.4,46.1,41.4,150.0
2023-02-09 14:00:00,1.5,45.8,79.5,39.4,46.1,41.1,150.0
2023-02-09 15:00:00,1.7,45.5,78.3,39.1,45.8,40.7,140.0
2023-02-09 16:00:00,1.0,46.2,80.1,39.1,45.9,40.7,150.0
2023-02-09 17:00:00,0.1,46.8,81.1,39.6,46.6,40.9,150.0
2023-02-09 18:00:00,-0.6,47.6,84.0,40.6,47.7,41.7,160.0
2023-02-09 19:00:00,-1.1,47.8,83.8,40.6,47.6,41.8,160.0
2023-02-09 20:00:00,-1.5,48.3,84.1,40.6,47.7,42.0,160.0
2023-02-09 21:00:00,-1.8,48.6,86.4,41.7,49.1,42.5,170.0
2023-02-09 22:00:00,-2.6,49.1,87.2,41.4,48.6,42.8,170.0
2023-02-09 23:00:00,-3.6,49.8,87.4,42.3,49.7,43.2,180.0
2023-02-10 00:00:00,-4.1,48.0,88.0,40.2,47.5,42.0,160.0
2023-02-10 01:00:00,-4.4,44.0,88.0,36.9,43.3,40.0,120.0
2023-02-10 02:00:00,-5.3,40.0,87.2,34.4,40.0,37.8,90.0
2023-02-10 03:00:00,-5.5,40.0,87.7,32.9,39.6,36.3,80.0
2023-02-10 04:00:00,-5.7,40.0,88.7,33.2,39.8,36.4,100.0
2023-02-10 05:00:00,-6.1,40.0,88.7,33.1,39.8,36.2,100.0
2023-02-10 06:00:00,-6.5,40.0,89.5,33.2,40.1,36.5,100.0
2023-02-10 07:00:00,-6.7,57.7,83.9,53.0,59.7,47.8,320.0
2023-02-10 08:00:00,-5.5,55.5,87.5,48.2,55.7,47.6,240.0
2023-02-10 09:00:00,-4.5,56.6,91.3,49.3,56.9,48.5,260.0
2023-02-10 10:00:00,-3.7,55.7,90.1,48.1,55.7,47.7,230.0
2023-02-10 11:00:00,-2.7,52.8,88.0,44.7,52.3,45.3,190.0
2023-02-10 12:00:00,-1.2,49.2,85.6,42.2,49.0,44.0,180.0
2023-02-10 13:00:00,0.0,47.5,83.8,40.8,47.7,42.1,150.0
2023-02-10 14:00:00,1.3,46.1,82.8,39.9,46.7,41.6,150.0
2023-02-10 15:00:00,1.6,45.8,82.1,39.0,45.9,40.9,140.0
2023-02-10 16:00:00,1.4,45.9,82.2,38.6,45.5,40.5,140.0
2023-02-10 17:00:00,0.4,47.0,83.5,39.9,47.2,41.0,150.0
2023-02-10 18:00:00,-0.2,47.7,85.8,40.9,48.1,42.1,160.0
2023-02-10 19:00:00,-0.6,48.1,84.9,41.2,48.2,42.4,170.0
2023-02-10 20:00:00,-1.0,48.8,85.6,41.1,48.2,42.3,160.0
2023-02-10 21:00:00,-1.6,49.4,87.7,42.1,49.5,42.9,180.0
2023-02-10 22:00:00,-2.2,49.9,88.4,42.9,50.3,43.6,180.0
2023-02-10 23:00:00,-2.8,50.8,89.1,43.2,50.7,43.9,180.0
2023-02-11 00:00:00,-3.1,50.9,81.1,45.7,52.7,41.6,150.0
2023-02-11 01:00:00,-3.6,51.4,36.1,43.6,36.7,36.6,50.0
2023-02-11 02:00:00,-4.3,52.2,27.9,42.7,31.5,31.1,0.0
2023-02-11 03:00:00,-5.1,48.0,24.9,41.6,29.1,28.9,0.0
2023-02-11 04:00:00,-5.5,48.0,24.9,41.1,29.1,28.4,0.0
2023-02-11 05:00:00,-5.8,66.0,77.1,41.4,49.0,41.7,230.0
2023-02-11 06:00:00,-6.1,54.7,95.4,48.4,56.0,48.6,310.0
2023-02-11 07:00:00,-6.1,54.9,93.4,46.7,54.6,46.4,210.0
2023-02-11 08:00:00,-5.6,54.3,93.7,47.1,55.1,46.7,220.0
2023-02-11 09:00:00,-4.4,52.6,90.7,44.4,52.1,45.1,200.0
2023-02-11 10:00:00,-3.2,51.8,89.3,44.3,51.8,44.7,190.0
2023-02-11 11:00:00,-1.9,49.3,86.2,41.4,48.6,42.8,160.0
2023-02-11 12:00:00,-0.9,48.8,85.3,41.3,48.5,42.3,170.0
2023-02-11 13:00:00,0.0,46.8,83.5,41.1,48.1,42.3,170.0
2023-02-11 14:00:00,0.9,46.4,82.3,38.9,45.7,41.0,140.0
2023-02-11 15:00:00,1.3,46.1,80.3,38.7,45.6,40.8,140.0
2023-02-11 16:00:00,1.0,46.2,79.5,38.9,45.7,40.5,140.0
2023-02-11 17:00:00,0.4,46.7,80.3,39.5,46.4,40.8,150.0
2023-02-11 18:00:00,-0.9,48.4,85.6,41.7,48.8,42.8,180.0
2023-02-11 19:00:00,-1.4,48.5,85.5,41.5,48.7,42.7,170.0
2023-02-11 20:00:00,-1.4,48.6,85.7,41.5,48.8,42.7,160.0
2023-02-11 21:00:00,-1.4,48.6,87.2,41.7,48.9,42.8,170.0
2023-02-11 22:00:00,-1.3,48.6,87.1,41.8,49.1,43.1,170.0
2023-02-11 23:00:00,-2.2,49.0,61.6,41.2,41.0,40.8,120.0
2023-02-12 00:00:00,-3.0,49.2,36.1,39.6,38.9,35.2,0.0
2023-02-12 01:00:00,-3.0,49.2,34.0,39.8,36.0,32.0,0.0
2023-02-12 02:00:00,-2.7,49.0,33.3,39.2,34.9,29.2,0.0
2023-02-12 03:00:00,-2.0,48.8,31.7,36.4,33.7,29.4,0.0
2023-02-12 04:00:00,-1.6,48.6,30.0,34.1,32.4,27.9,0.0
2023-02-12 05:00:00,-1.3,48.6,87.2,42.3,49.2,42.6,280.0
2023-02-12 06:00:00,-1.0,50.6,87.4,42.9,50.6,42.6,170.0
2023-02-12 07:00:00,-0.8,50.4,88.1,43.7,51.0,44.2,200.0
2023-02-12 08:00:00,-0.6,50.1,85.7,42.5,49.6,43.3,180.0
2023-02-12 09:00:00,-0.3,49.7,85.8,42.5,49.7,43.2,180.0
2023-02-12 10:00:00,0.1,49.2,85.6,42.7,50.0,43.4,180.0
2023-02-12 11:00:00,1.0,48.6,81.1,41.3,48.3,42.8,160.0
2023-02-12 12:00:00,1.4,48.3,84.7,41.1,48.2,42.3,160.0
2023-02-12 13:00:00,2.4,47.4,83.0,40.9,47.8,42.0,170.0
2023-02-12 14:00:00,3.0,46.6,80.1,40.0,46.6,41.4,150.0
2023-02-12 15:00:00,3.8,46.0,82.3,39.1,46.0,40.8,140.0
2023-02-12 16:00:00,3.5,45.9,79.9,38.6,45.2,40.3,140.0
2023-02-12 17:00:00,3.1,46.2,82.4,39.0,45.9,40.7,140.0
2023-02-12 18:00:00,2.6,46.5,83.0,39.4,46.4,41.0,150.0
2023-02-12 19:00:00,2.7,46.6,82.9,39.7,46.6,41.1,150.0
2023-02-12 20:00:00,2.1,47.1,83.2,40.0,46.9,41.4,150.0
2023-02-12 21:00:00,1.7,47.4,84.1,40.1,47.1,41.7,160.0
2023-02-12 22:00:00,1.0,47.8,39.3,40.0,42.4,41.4,130.0
2023-02-12 23:00:00,0.2,48.2,40.0,65.9,42.4,37.4,0.0
2023-02-13 00:00:00,-0.1,48.7,38.1,30.9,36.2,32.1,0.0
2023-02-13 01:00:00,-0.7,49.1,33.1,31.3,31.8,30.5,0.0
2023-02-13 02:00:00,-1.1,49.4,28.4,31.7,29.6,29.6,0.0
2023-02-13 03:00:00,-1.6,49.8,30.7,27.2,27.8,27.9,0.0
2023-02-13 04:00:00,-2.2,50.1,28.1,25.0,25.7,26.3,0.0
2023-02-13 05:00:00,-2.3,50.1,48.4,48.4,51.1,25.8,0.0
2023-02-13 06:00:00,-2.5,50.4,79.1,46.5,53.1,42.4,310.0
2023-02-13 07:00:00,-2.8,50.4,83.8,43.7,50.8,43.4,190.0
2023-02-13 08:00:00,-2.2,50.0,89.6,42.8,50.2,43.7,190.0
2023-02-13 09:00:00,-0.6,49.0,86.2,42.0,49.2,43.0,180.0
2023-02-13 10:00:00,0.4,48.1,85.5,41.4,48.4,42.3,170.0
2023-02-13 11:00:00,1.8,47.1,83.0,40.5,47.4,41.8,160.0
2023-02-13 12:00:00,3.1,46.3,80.1,40.0,46.8,41.4,150.0
2023-02-13 13:00:00,4.6,45.2,78.1,38.9,45.4,40.6,140.0
2023-02-13 14:00:00,5.6,44.7,77.3,38.3,44.8,40.2,130.0
2023-02-13 15:00:00,5.8,44.6,77.3,38.0,44.7,39.9,130.0
2023-02-13 16:00:00,5.5,43.8,77.2,36.8,43.1,39.1,120.0
2023-02-13 17:00:00,4.8,45.2,76.4,37.7,44.6,39.1,130.0
2023-02-13 18:00:00,2.7,48.1,82.4,40.5,47.7,41.1,160.0
2023-02-13 19:00:00,1.5,48.7,84.6,41.9,49.1,42.9,190.0
2023-02-13 20:00:00,0.8,50.2,85.3,43.3,50.6,43.4,180.0
2023-02-13 21:00:00,0.6,50.4,85.5,42.8,49.9,43.8,180.0
2023-02-13 22:00:00,0.0,51.0,84.3,43.3,45.0,43.8,160.0
2023-02-13 23:00:00,-0.4,51.5,37.6,41.5,39.9,36.1,0.0
2023-02-14 00:00:00,0.0,51.0,35.7,41.9,37.5,34.5,0.0
2023-02-14 01:00:00,0.5,50.6,33.9,41.4,34.7,29.6,0.0
2023-02-14 02:00:00,0.6,50.3,33.3,39.9,34.1,28.7,0.0
2023-02-14 03:00:00,0.8,50.2,31.3,36.5,32.8,28.1,0.0
2023-02-14 04:00:00,0.9,50.3,30.2,34.5,32.3,27.6,0.0
2023-02-14 05:00:00,1.0,50.1,31.4,32.3,35.3,27.3,0.0
2023-02-14 06:00:00,1.2,50.0,67.7,41.3,46.7,35.8,160.0
2023-02-14 07:00:00,1.3,50.0,81.0,43.5,50.9,43.5,240.0
2023-02-14 08:00:00,1.4,49.8,85.4,43.1,50.4,43.4,190.0
2023-02-14 09:00:00,2.2,49.2,84.2,42.4,49.5,43.2,180.0
2023-02-14 10:00:00,2.8,47.8,83.2,41.1,48.0,42.3,160.0
2023-02-14 11:00:00,4.5,47.2,80.2,40.3,47.1,41.7,160.0
2023-02-14 12:00:00,4.7,47.0,80.2,40.0,46.7,41.2,150.0
2023-02-14 13:00:00,5.6,46.5,79.6,39.9,46.7,41.1,150.0
2023-02-14 14:00:00,6.2,46.2,78.6,39.7,46.5,41.2,150.0
2023-02-14 15:00:00,5.7,46.3,79.5,39.4,46.1,41.1,140.0
2023-02-14 16:00:00,5.6,46.3,79.6,39.6,46.2,41.1,150.0
2023-02-14 17:00:00,5.3,46.8,80.2,39.5,46.2,40.9,140.0
2023-02-14 18:00:00,5.1,46.8,79.7,39.3,46.2,40.8,140.0
2023-02-14 19:00:00,5.0,47.0,81.7,40.0,47.0,41.3,150.0
2023-02-14 20:00:00,4.9,47.0,79.7,40.1,47.0,41.4,150.0
2023-02-14 21:00:00,5.0,47.0,76.2,39.8,46.5,41.0,150.0
2023-02-14 22:00:00,4.6,47.2,77.2,40.3,43.3,41.3,150.0
2023-02-14 23:00:00,4.7,47.1,34.6,38.5,37.2,34.4,0.0
2023-02-15 00:00:00,4.5,47.1,33.0,37.2,33.6,32.6,0.0
2023-02-15 01:00:00,4.8,47.1,30.1,36.0,30.7,29.3,0.0
2023-02-15 02:00:00,4.7,47.0,29.6,35.6,31.4,28.1,0.0
2023-02-15 03:00:00,4.5,47.1,30.1,36.1,31.9,27.3,0.0
2023-02-15 04:00:00,4.7,47.1,29.7,35.8,31.2,26.9,0.0
2023-02-15 05:00:00,4.3,47.2,28.9,35.4,29.4,26.4,0.0
2023-02-15 06:00:00,3.9,48.7,81.7,44.7,51.4,38.4,210.0
2023-02-15 07:00:00,4.0,48.7,80.1,41.2,48.1,41.9,170.0
2023-02-15 08:00:00,4.3,48.6,78.7,41.5,48.1,42.3,170.0
2023-02-15 09:00:00,5.5,47.9,77.5,41.0,47.7,41.8,160.0
2023-02-15 10:00:00,5.8,47.6,74.2,40.5,46.9,41.5,160.0
2023-02-15 11:00:00,7.1,46.7,73.0,40.5,47.1,41.4,150.0
2023-02-15 12:00:00,7.5,48.0,73.5,41.7,48.2,41.7,160.0
2023-02-15 13:00:00,8.5,47.4,72.2,41.4,47.6,42.1,170.0
2023-02-15 14:00:00,7.7,44.7,76.5,39.8,45.8,42.1,150.0
2023-02-15 15:00:00,7.2,44.7,73.5,37.8,44.2,39.6,110.0
2023-02-15 16:00:00,7.0,44.7,74.5,38.3,44.8,39.9,130.0
2023-02-15 17:00:00,5.9,44.8,71.3,38.2,44.5,39.7,130.0
2023-02-15 18:00:00,5.0,45.0,79.0,38.8,45.4,40.6,110.0
2023-02-15 19:00:00,3.9,46.05,80.25,39.65,46.4,41.2,165.0
2023-02-15 20:00:00,2.8,47.1,81.5,40.5,47.4,41.8,165.0
2023-02-15 21:00:00,2.3,47.5,84.2,40.5,47.5,42.1,160.0
2023-02-15 22:00:00,1.1,48.3,55.8,39.8,38.7,38.5,90.0
2023-02-15 23:00:00,0.5,48.9,34.8,38.2,37.0,34.3,0.0
2023-02-16 00:00:00,0.0,49.5,32.1,38.1,33.4,30.7,0.0
2023-02-16 01:00:00,-0.5,49.9,31.6,38.2,32.6,28.8,0.0
2023-02-16 02:00:00,-0.9,50.4,30.3,33.1,31.0,28.0,0.0
2023-02-16 03:00:00,-1.4,50.9,29.8,23.1,32.5,27.3,0.0
2023-02-16 04:00:00,-1.4,50.9,28.8,22.0,26.6,26.6,0.0
2023-02-16 05:00:00,-2.0,51.4,27.2,21.8,25.8,26.3,0.0
2023-02-16 06:00:00,-2.3,51.6,82.5,39.2,45.6,29.5,100.0
2023-02-16 07:00:00,-2.0,51.4,89.5,44.1,51.4,44.3,300.0
2023-02-16 08:00:00,-1.2,50.8,89.0,43.1,50.5,43.5,180.0
2023-02-16 09:00:00,-0.1,49.5,85.6,42.8,50.0,43.5,190.0
2023-02-16 10:00:00,1.2,48.2,83.5,41.9,48.8,42.8,170.0
2023-02-16 11:00:00,2.7,46.9,80.6,40.4,47.2,41.7,150.0
2023-02-16 12:00:00,4.8,45.2,78.2,39.1,45.5,40.8,150.0
2023-02-16 13:00:00,6.2,44.8,74.0,37.7,44.1,39.6,120.0
2023-02-16 14:00:00,7.5,42.9,71.8,36.9,43.1,39.1,120.0
2023-02-16 15:00:00,8.4,42.4,69.8,36.3,42.4,38.7,110.0
2023-02-16 16:00:00,8.6,42.3,70.1,36.0,42.1,38.3,110.0
2023-02-16 17:00:00,7.5,42.8,68.9,36.0,42.2,38.2,100.0
2023-02-16 18:00:00,4.8,46.0,78.3,39.9,46.7,41.0,160.0
2023-02-16 19:00:00,3.8,46.4,80.2,39.8,46.6,41.2,150.0
2023-02-16 20:00:00,3.9,46.4,81.3,40.1,47.0,41.4,150.0
2023-02-16 21:00:00,3.0,47.5,82.7,40.1,46.9,41.5,150.0
2023-02-16 22:00:00,2.1,47.9,78.8,40.7,42.5,41.8,140.0
2023-02-16 23:00:00,1.4,48.1,35.2,39.0,37.4,35.1,0.0
2023-02-17 00:00:00,1.7,48.0,32.9,37.6,34.1,33.0,0.0
2023-02-17 01:00:00,0.9,48.2,31.4,37.8,32.8,29.2,0.0
2023-02-17 02:00:00,0.3,48.4,31.8,38.2,33.0,28.8,0.0
2023-02-17 03:00:00,0.3,48.4,31.6,38.0,32.9,27.8,0.0
2023-02-17 04:00:00,0.2,48.4,31.2,37.5,32.4,27.3,0.0
2023-02-17 05:00:00,-0.3,48.5,37.0,38.9,40.8,27.2,0.0
2023-02-17 06:00:00,-0.6,49.2,76.4,45.6,51.7,38.7,210.0
2023-02-17 07:00:00,0.0,49.1,83.9,41.9,49.1,42.4,190.0
2023-02-17 08:00:00,0.5,48.7,86.1,41.7,49.0,42.7,180.0
2023-02-17 09:00:00,1.5,48.3,83.7,41.6,48.5,42.6,170.0
2023-02-17 10:00:00,3.5,46.7,82.0,40.2,47.0,41.9,150.0
2023-02-17 11:00:00,5.5,44.7,78.0,38.2,44.8,40.5,130.0
2023-02-17 12:00:00,7.3,43.8,73.3,36.9,43.1,39.2,120.0
2023-02-17 13:00:00,9.2,42.7,67.7,36.0,42.0,38.3,110.0
2023-02-17 14:00:00,10.2,42.1,47.1,35.1,35.4,35.4,50.0
2023-02-17 15:00:00,10.9,41.6,63.4,33.2,32.4,32.2,0.0
2023-02-17 16:00:00,11.3,41.3,66.5,36.3,42.1,38.5,150.0
2023-02-17 17:00:00,10.9,44.0,63.0,36.3,42.3,37.4,100.0
2023-02-17 18:00:00,7.5,47.1,71.6,39.2,45.6,40.5,160.0
2023-02-17 19:00:00,5.8,47.7,75.0,41.5,48.2,42.3,170.0
2023-02-17 20:00:00,5.3,47.9,75.8,41.5,48.1,42.4,160.0
2023-02-17 21:00:00,4.4,48.1,77.6,42.0,48.8,42.9,160.0
2023-02-17 22:00:00,3.7,48.4,77.4,41.6,43.8,42.7,160.0
2023-02-17 23:00:00,2.9,48.6,35.8,39.8,37.7,35.6,0.0
2023-02-18 00:00:00,2.8,48.6,33.4,38.4,33.9,33.9,0.0
2023-02-18 01:00:00,2.1,48.8,30.3,37.1,30.7,29.7,0.0
2023-02-18 02:00:00,1.5,49.0,30.9,37.4,33.0,29.0,0.0
2023-02-18 03:00:00,1.4,49.0,31.6,38.1,33.4,28.0,0.0
2023-02-18 04:00:00,1.7,48.9,31.3,38.2,32.8,27.4,0.0
2023-02-18 05:00:00,1.3,49.1,31.1,38.0,32.6,27.1,0.0
2023-02-18 06:00:00,1.3,50.9,75.7,42.5,47.9,34.7,150.0
2023-02-18 07:00:00,1.6,50.8,85.3,43.1,50.3,43.7,240.0
2023-02-18 08:00:00,2.5,50.2,84.6,42.9,49.9,43.4,180.0
2023-02-18 09:00:00,4.3,49.4,80.5,42.7,49.6,43.4,180.0
2023-02-18 10:00:00,6.3,48.3,77.7,41.9,48.5,42.8,170.0
2023-02-18 11:00:00,7.4,47.8,74.8,41.2,47.7,42.3,150.0
2023-02-18 12:00:00,9.5,47.0,73.0,40.7,47.0,42.0,150.0
2023-02-18 13:00:00,11.4,45.5,69.9,39.6,42.0,41.2,130.0
2023-02-18 14:00:00,12.5,44.7,34.6,38.2,36.7,34.8,0.0
2023-02-18 15:00:00,12.3,44.9,33.2,37.0,34.5,33.6,0.0
2023-02-18 16:00:00,12.3,44.8,30.0,35.9,30.3,29.6,0.0
2023-02-18 17:00:00,11.1,45.5,30.3,35.1,32.7,29.4,0.0
2023-02-18 18:00:00,8.9,46.8,75.1,41.9,48.3,40.4,220.0
2023-02-18 19:00:00,7.5,47.6,76.5,40.3,46.9,41.4,140.0
2023-02-18 20:00:00,7.0,47.9,78.1,41.0,47.7,41.8,160.0
2023-02-18 21:00:00,6.4,48.3,76.9,41.2,47.9,42.2,160.0
2023-02-18 22:00:00,6.0,48.5,40.1,40.0,36.7,36.9,50.0
2023-02-18 23:00:00,6.4,48.2,34.5,38.5,36.7,34.6,0.0
2023-02-19 00:00:00,6.6,48.2,31.6,37.2,32.0,30.9,0.0
2023-02-19 01:00:00,6.2,48.2,30.7,36.1,32.5,29.5,0.0
2023-02-19 02:00:00,6.1,48.3,30.8,35.6,32.8,28.6,0.0
2023-02-19 03:00:00,4.9,49.1,30.5,35.3,32.0,27.7,0.0
2023-02-19 04:00:00,4.3,49.3,29.9,34.8,31.5,27.3,0.0
2023-02-19 05:00:00,4.3,49.3,29.5,34.1,31.2,27.1,0.0
2023-02-19 06:00:00,3.8,45.9,83.1,39.6,46.3,40.9,240.0
2023-02-19 07:00:00,3.7,45.9,81.5,39.0,45.8,40.4,140.0
2023-02-19 08:00:00,4.8,45.0,81.4,38.9,45.8,40.5,140.0
2023-02-19 09:00:00,5.7,44.9,77.4,38.4,45.0,40.3,140.0
2023-02-19 10:00:00,7.6,44.7,74.9,38.0,44.4,40.0,130.0
2023-02-19 11:00:00,9.3,44.5,60.1,37.2,38.5,38.3,90.0
2023-02-19 12:00:00,10.9,44.3,32.9,35.8,35.8,33.7,0.0
2023-02-19 13:00:00,12.6,44.1,31.8,34.8,32.9,31.7,0.0
2023-02-19 14:00:00,13.5,44.0,28.9,33.9,30.8,28.8,0.0
2023-02-19 15:00:00,14.4,44.0,30.2,34.4,32.4,28.6,0.0
2023-02-19 16:00:00,14.2,44.0,30.1,34.3,31.9,27.8,0.0
2023-02-19 17:00:00,13.4,44.0,29.7,34.1,31.4,27.4,0.0
2023-02-19 18:00:00,12.4,44.1,29.2,33.6,31.2,27.2,0.0
2023-02-19 19:00:00,12.0,44.2,71.1,38.6,44.9,40.0,220.0
2023-02-19 20:00:00,11.8,44.2,72.1,38.6,44.9,39.9,130.0
2023-02-19 21:00:00,10.4,44.4,72.6,37.8,44.2,39.7,120.0
2023-02-19 22:00:00,11.3,44.2,71.8,37.6,40.4,39.4,120.0
2023-02-19 23:00:00,11.2,44.2,33.2,36.0,36.0,33.9,0.0
2023-02-20 00:00:00,10.8,44.3,32.1,34.9,34.3,32.7,0.0
2023-02-20 01:00:00,10.3,44.4,29.4,33.9,30.9,29.2,0.0
2023-02-20 02:00:00,8.7,44.6,29.9,34.6,32.0,28.7,0.0
2023-02-20 03:00:00,7.3,44.7,30.2,34.8,32.4,27.8,0.0
2023-02-20 04:00:00,6.6,44.8,29.9,34.6,31.6,27.1,0.0
2023-02-20 05:00:00,7.5,44.7,33.4,34.7,37.3,26.8,0.0
2023-02-20 06:00:00,7.2,44.7,79.2,40.3,46.4,33.0,120.0
2023-02-20 07:00:00,7.4,46.2,78.6,39.7,46.4,40.9,190.0
2023-02-20 08:00:00,7.1,46.3,78.4,39.5,46.2,40.8,140.0
2023-02-20 09:00:00,8.2,46.0,76.8,39.4,45.9,40.7,150.0
2023-02-20 10:00:00,9.0,45.6,75.6,38.9,45.4,40.4,130.0
2023-02-20 11:00:00,9.9,45.4,74.9,38.4,45.0,39.9,130.0
2023-02-20 12:00:00,10.6,43.4,64.0,37.4,38.8,38.3,100.0
2023-02-20 13:00:00,11.2,43.2,33.3,36.1,35.8,33.7,0.0
2023-02-20 14:00:00,11.1,43.2,31.8,35.1,33.2,32.0,0.0
2023-02-20 15:00:00,10.7,43.5,74.3,39.0,44.6,32.8,80.0
2023-02-20 16:00:00,10.4,43.5,70.6,36.4,42.6,38.8,150.0
2023-02-20 17:00:00,9.7,43.8,71.0,37.1,43.2,38.9,120.0
2023-02-20 18:00:00,8.1,45.6,75.2,39.6,46.3,40.3,140.0
2023-02-20 19:00:00,7.5,46.6,78.2,39.8,46.5,41.2,150.0
2023-02-20 20:00:00,6.7,47.0,77.9,39.6,46.3,41.1,140.0
2023-02-20 21:00:00,5.7,47.5,79.2,40.9,47.7,42.0,150.0
2023-02-20 22:00:00,5.3,47.8,79.7,41.4,46.3,42.5,160.0
2023-02-20 23:00:00,4.3,48.3,35.8,39.7,38.5,35.6,0.0
2023-02-21 00:00:00,3.7,48.7,34.0,38.4,35.2,33.8,0.0
2023-02-21 01:00:00,3.2,49.0,30.9,37.0,32.0,30.1,0.0
2023-02-21 02:00:00,2.9,49.1,31.2,37.0,33.5,29.4,0.0
2023-02-21 03:00:00,2.5,49.5,31.5,37.6,33.3,28.3,0.0
2023-02-21 04:00:00,2.0,49.6,31.0,37.5,32.7,27.4,0.0
2023-02-21 05:00:00,1.4,50.1,30.5,29.7,34.8,27.1,0.0
2023-02-21 06:00:00,1.8,49.9,68.3,40.8,46.2,35.3,130.0
2023-02-21 07:00:00,1.8,49.9,75.8,43.7,50.0,43.8,240.0
2023-02-21 08:00:00,3.0,49.2,84.7,42.5,49.4,43.2,170.0
2023-02-21 09:00:00,4.8,48.0,80.3,41.5,48.4,42.8,160.0
2023-02-21 10:00:00,6.9,47.0,77.7,40.7,47.4,42.1,150.0
2023-02-21 11:00:00,8.6,46.0,74.9,39.8,46.2,41.4,140.0
2023-02-21 12:00:00,11.1,44.5,49.2,38.4,37.2,37.3,60.0
2023-02-21 13:00:00,12.8,43.7,33.8,37.1,36.3,34.4,0.0
2023-02-21 14:00:00,13.9,43.1,31.7,36.0,32.0,31.2,0.0
2023-02-21 15:00:00,14.3,43.0,30.0,35.1,31.7,30.1,0.0
2023-02-21 16:00:00,14.8,43.0,30.8,35.5,32.9,29.2,0.0
2023-02-21 17:00:00,14.1,43.0,30.6,35.4,32.5,28.4,0.0
2023-02-21 18:00:00,12.0,44.8,54.3,32.3,36.7,28.9,50.0
2023-02-21 19:00:00,11.2,44.9,71.9,38.5,44.6,40.3,210.0
2023-02-21 20:00:00,10.1,45.3,71.9,38.5,45.0,40.0,130.0
2023-02-21 21:00:00,9.3,45.5,74.0,39.5,46.0,40.8,140.0
2023-02-21 22:00:00,8.0,46.0,74.1,39.8,42.3,41.3,140.0
2023-02-21 23:00:00,7.1,46.3,34.8,38.3,37.2,35.1,0.0
2023-02-22 00:00:00,6.1,46.6,32.9,37.0,34.6,33.3,0.0
2023-02-22 01:00:00,5.1,46.9,30.2,35.8,31.1,29.8,0.0
2023-02-22 02:00:00,4.9,47.1,30.5,35.4,32.9,29.6,0.0
2023-02-22 03:00:00,4.3,47.5,31.1,35.8,33.5,28.5,0.0
2023-02-22 04:00:00,3.6,48.0,30.7,35.7,32.3,27.8,0.0
2023-02-22 05:00:00,2.9,48.3,30.2,35.4,32.0,27.5,0.0
2023-02-22 06:00:00,3.0,48.4,64.2,35.2,39.8,29.0,60.0
2023-02-22 07:00:00,3.0,48.4,77.0,42.2,48.8,43.3,260.0
2023-02-22 08:00:00,3.6,47.9,83.4,41.4,48.5,42.3,160.0
2023-02-22 09:00:00,5.0,47.0,80.4,40.7,47.5,42.0,150.0
2023-02-22 10:00:00,6.7,44.8,78.3,39.3,45.7,41.3,140.0
2023-02-22 11:00:00,8.8,44.5,71.0,37.8,44.1,39.5,110.0
2023-02-22 12:00:00,10.4,44.3,35.5,37.2,37.2,36.9,70.0
2023-02-22 13:00:00,11.8,44.2,33.4,31.1,31.3,31.6,0.0
2023-02-22 14:00:00,12.9,44.1,30.8,26.8,33.8,30.7,0.0
2023-02-22 15:00:00,13.8,44.0,29.8,26.2,30.6,30.5,0.0
2023-02-22 16:00:00,13.8,44.0,29.3,25.8,31.8,29.4,0.0
2023-02-22 17:00:00,13.2,44.0,29.6,23.8,32.3,27.8,0.0
2023-02-22 18:00:00,11.2,44.3,69.2,41.0,46.9,37.0,160.0
2023-02-22 19:00:00,9.7,44.4,69.9,37.7,43.8,39.4,130.0
2023-02-22 20:00:00,8.5,47.1,70.6,41.4,47.8,40.9,150.0
2023-02-22 21:00:00,7.7,47.3,72.7,41.1,47.4,42.1,160.0
2023-02-22 22:00:00,6.9,47.5,73.0,40.8,43.0,42.1,140.0
2023-02-22 23:00:00,6.7,47.5,35.9,39.3,38.2,35.5,0.0
2023-02-23 00:00:00,6.2,47.6,33.5,38.0,34.8,33.5,0.0
2023-02-23 01:00:00,5.3,47.9,30.8,37.2,32.1,29.8,0.0
2023-02-23 02:00:00,4.6,48.1,31.9,37.3,33.9,29.5,0.0
2023-02-23 03:00:00,4.0,48.5,31.6,37.0,33.3,28.4,0.0
2023-02-23 04:00:00,3.4,48.9,31.2,36.7,32.7,27.9,0.0
2023-02-23 05:00:00,3.3,49.0,23.7,36.4,27.6,26.9,0.0
2023-02-23 06:00:00,2.9,50.1,68.9,41.1,46.8,35.4,140.0
2023-02-23 07:00:00,2.7,50.3,77.0,44.6,51.0,44.4,230.0
2023-02-23 08:00:00,3.9,49.6,80.4,43.0,49.9,43.7,180.0
2023-02-23 09:00:00,5.2,48.8,77.5,42.0,48.6,42.8,160.0
2023-02-23 10:00:00,7.5,48.0,74.1,41.2,47.7,42.0,150.0
2023-02-23 11:00:00,8.6,47.6,70.6,40.7,47.0,41.8,150.0
2023-02-23 12:00:00,11.2,46.7,53.9,39.8,39.5,39.3,100.0
2023-02-23 13:00:00,12.6,46.2,34.5,38.3,36.6,34.8,0.0
2023-02-23 14:00:00,13.1,46.0,32.9,37.2,33.5,32.8,0.0
2023-02-23 15:00:00,13.3,45.9,29.9,36.0,30.3,29.4,0.0
2023-02-23 16:00:00,12.3,46.3,30.1,34.8,32.1,28.5,0.0
2023-02-23 17:00:00,11.2,45.5,29.1,29.0,33.4,28.0,0.0
2023-02-23 18:00:00,10.2,46.1,73.7,41.4,47.4,41.5,250.0
2023-02-23 19:00:00,9.5,46.4,75.8,39.5,45.9,40.9,130.0
2023-02-23 20:00:00,8.8,46.8,76.5,40.3,46.8,41.4,150.0
2023-02-23 21:00:00,8.4,47.0,76.5,40.9,47.6,42.1,150.0
2023-02-23 22:00:00,8.2,45.8,75.4,39.9,46.2,42.0,140.0
2023-02-23 23:00:00,8.4,45.9,35.1,38.4,38.1,35.3,0.0
2023-02-24 00:00:00,7.0,46.2,33.5,37.3,34.2,33.8,0.0
2023-02-24 01:00:00,6.6,46.5,30.6,36.4,31.4,29.8,0.0
2023-02-24 02:00:00,6.3,46.6,30.9,36.4,32.6,28.8,0.0
2023-02-24 03:00:00,6.2,46.5,31.4,36.6,33.2,28.8,0.0
2023-02-24 04:00:00,6.6,46.4,30.9,36.4,32.2,27.6,0.0
2023-02-24 05:00:00,6.8,46.4,30.5,36.2,32.1,27.2,0.0
2023-02-24 06:00:00,6.6,49.0,77.4,42.8,48.8,35.2,130.0
2023-02-24 07:00:00,6.5,49.2,79.1,41.8,48.7,42.6,210.0
2023-02-24 08:00:00,6.5,49.1,83.3,42.8,49.9,43.5,180.0
2023-02-24 09:00:00,6.8,48.9,83.2,41.5,48.5,42.9,150.0
2023-02-24 10:00:00,8.3,46.6,80.6,41.0,47.2,42.5,150.0
2023-02-24 11:00:00,10.3,45.5,72.5,39.0,40.3,40.1,100.0
2023-02-24 12:00:00,12.3,44.2,34.8,37.6,37.1,34.8,0.0
2023-02-24 13:00:00,13.1,43.6,32.6,36.5,34.1,33.3,0.0
2023-02-24 14:00:00,14.0,43.0,31.0,36.2,32.7,29.9,0.0
2023-02-24 15:00:00,14.8,43.0,31.8,36.6,33.3,30.2,0.0
2023-02-24 16:00:00,14.8,43.0,31.5,36.4,33.0,28.7,0.0
2023-02-24 17:00:00,13.8,43.0,31.1,36.0,32.5,28.3,0.0
2023-02-24 18:00:00,12.3,44.2,71.8,38.9,44.9,40.1,200.0
2023-02-24 19:00:00,11.3,44.7,67.7,38.1,44.2,39.6,120.0
2023-02-24 20:00:00,10.6,45.3,72.6,39.7,46.2,40.6,140.0
2023-02-24 21:00:00,9.8,45.8,73.1,39.6,45.9,41.0,130.0
2023-02-24 22:00:00,8.7,46.4,72.7,39.4,42.1,41.2,130.0
2023-02-24 23:00:00,8.2,46.9,35.0,38.0,37.4,35.1,0.0
2023-02-25 00:00:00,7.3,47.4,33.0,36.7,34.6,33.8,0.0
2023-02-25 01:00:00,7.8,47.2,30.3,35.7,31.4,29.9,0.0
2023-02-25 02:00:00,7.8,47.2,31.0,35.9,33.1,29.6,0.0
2023-02-25 03:00:00,7.3,47.5,31.2,36.2,33.0,28.2,0.0
2023-02-25 04:00:00,7.6,47.3,31.0,36.1,32.7,27.9,0.0
2023-02-25 05:00:00,7.6,47.1,30.6,35.7,32.4,27.7,0.0
2023-02-25 06:00:00,9.8,44.4,81.8,38.7,44.7,30.2,80.0
2023-02-25 07:00:00,9.8,44.3,73.3,37.3,43.6,39.5,170.0
2023-02-25 08:00:00,10.9,43.6,72.6,37.7,44.0,39.4,120.0
2023-02-25 09:00:00,11.0,43.6,71.4,37.6,43.9,39.5,120.0
2023-02-25 10:00:00,12.1,43.0,71.0,37.3,43.5,39.5,110.0
2023-02-25 11:00:00,13.7,42.1,70.3,36.4,42.5,38.7,100.0
2023-02-25 12:00:00,14.7,42.0,70.2,36.2,42.4,38.3,100.0
2023-02-25 13:00:00,14.6,42.0,33.1,35.0,36.2,33.6,0.0
2023-02-25 14:00:00,14.0,42.0,31.6,33.9,34.1,32.6,0.0
2023-02-25 15:00:00,13.5,42.1,29.7,32.9,31.3,30.2,0.0
2023-02-25 16:00:00,14.3,42.0,29.1,33.5,31.7,29.0,0.0
2023-02-25 17:00:00,14.6,44.0,70.6,41.0,46.6,36.5,150.0
2023-02-25 18:00:00,14.2,44.0,70.5,38.3,44.4,39.9,130.0
2023-02-25 19:00:00,14.0,44.0,68.6,37.8,43.9,39.7,110.0
2023-02-25 20:00:00,13.8,45.0,70.8,39.3,45.6,40.4,130.0
2023-02-25 21:00:00,13.1,45.0,69.6,39.2,45.4,40.9,130.0
2023-02-25 22:00:00,12.9,45.0,62.9,38.8,40.8,40.3,100.0
2023-02-25 23:00:00,13.0,45.0,31.0,37.3,33.5,33.6,0.0
2023-02-26 00:00:00,13.1,45.0,32.9,36.2,35.5,32.0,0.0
2023-02-26 01:00:00,12.9,45.0,31.4,35.1,33.3,31.0,0.0
2023-02-26 02:00:00,13.3,45.0,30.1,34.6,32.2,29.2,0.0
2023-02-26 03:00:00,13.3,45.0,30.3,34.5,32.7,28.5,0.0
2023-02-26 04:00:00,13.4,45.0,30.2,34.5,32.7,28.1,0.0
2023-02-26 05:00:00,13.6,45.0,30.0,34.3,32.3,27.9,0.0
2023-02-26 06:00:00,13.1,45.0,72.9,41.0,46.8,34.5,130.0
2023-02-26 07:00:00,12.7,45.0,70.4,38.1,44.3,40.0,140.0
2023-02-26 08:00:00,13.7,45.0,69.1,38.7,44.8,40.2,130.0
2023-02-26 09:00:00,14.5,45.0,68.9,38.7,44.9,40.3,120.0
2023-02-26 10:00:00,9.8,45.6,71.8,38.6,45.0,40.1,120.0
2023-02-26 11:00:00,8.1,45.0,76.9,39.3,45.5,41.2,140.0
2023-02-26 12:00:00,7.4,45.3,76.0,38.1,44.9,39.9,120.0
2023-02-26 13:00:00,6.5,46.0,76.8,39.2,45.7,40.7,130.0
2023-02-26 14:00:00,6.0,46.4,77.0,39.4,45.9,40.9,140.0
2023-02-26 15:00:00,6.2,46.1,77.0,39.7,46.2,41.3,130.0
2023-02-26 16:00:00,5.0,44.9,77.7,38.5,44.8,40.7,130.0
2023-02-26 17:00:00,4.6,45.3,82.0,38.2,44.9,40.2,110.0
2023-02-26 18:00:00,4.5,47.5,83.1,41.1,47.6,42.8,170.0
2023-02-26 19:00:00,4.2,47.5,83.2,40.3,47.3,41.9,130.0
2023-02-26 20:00:00,4.5,47.5,82.9,40.6,47.5,42.1,140.0
2023-02-26 21:00:00,4.3,47.5,83.1,40.6,47.5,42.2,140.0
2023-02-26 22:00:00,4.4,47.6,81.8,40.8,43.5,42.6,140.0
2023-02-26 23:00:00,4.3,47.6,36.6,39.2,39.4,35.9,0.0
2023-02-27 00:00:00,3.9,47.9,34.4,38.8,36.9,34.4,0.0
2023-02-27 01:00:00,3.1,48.5,33.2,38.5,34.9,30.7,0.0
2023-02-27 02:00:00,2.6,48.9,32.6,37.3,34.5,29.3,0.0
2023-02-27 03:00:00,2.5,48.9,31.2,35.1,33.3,28.8,0.0
2023-02-27 04:00:00,2.9,48.6,30.0,33.7,32.4,28.2,0.0
2023-02-27 05:00:00,3.1,48.4,29.6,28.7,33.9,27.8,0.0
2023-02-27 06:00:00,3.4,48.3,74.5,43.8,48.9,36.5,150.0
2023-02-27 07:00:00,3.2,48.3,78.9,41.5,48.3,42.3,180.0
2023-02-27 08:00:00,3.8,47.9,86.1,41.6,48.7,42.9,160.0
2023-02-27 09:00:00,4.6,45.3,84.8,40.0,46.3,42.2,140.0
2023-02-27 10:00:00,4.5,43.7,79.7,37.9,44.4,40.3,110.0
2023-02-27 11:00:00,4.9,45.2,79.7,37.8,44.7,39.7,120.0
2023-02-27 12:00:00,4.9,45.2,80.0,38.4,45.1,40.2,130.0
2023-02-27 13:00:00,6.5,44.3,77.2,38.0,44.4,40.1,120.0
2023-02-27 14:00:00,6.2,45.0,76.3,38.3,45.0,40.0,120.0
2023-02-27 15:00:00,5.4,45.0,77.1,39.0,45.5,40.8,130.0
2023-02-27 16:00:00,5.2,45.0,78.2,38.8,45.3,40.6,120.0
2023-02-27 17:00:00,4.2,46.0,79.6,39.0,45.7,40.6,130.0
2023-02-27 18:00:00,3.8,46.4,81.1,39.1,45.9,40.9,130.0
2023-02-27 19:00:00,3.6,46.6,81.2,40.1,46.8,41.6,140.0
2023-02-27 20:00:00,3.6,46.4,80.0,39.4,46.0,41.4,130.0
2023-02-27 21:00:00,3.3,46.6,81.1,40.0,46.9,41.7,140.0
2023-02-27 22:00:00,3.3,46.7,44.6,39.4,38.2,38.0,70.0
2023-02-27 23:00:00,3.4,46.5,34.5,38.0,36.6,34.7,0.0
2023-02-28 00:00:00,3.4,46.5,31.8,36.7,33.3,33.2,0.0
2023-02-28 01:00:00,3.5,46.5,30.7,36.2,32.2,29.0,0.0
2023-02-28 02:00:00,3.7,46.3,31.1,36.1,33.4,28.0,0.0
2023-02-28 03:00:00,3.3,46.8,31.0,35.9,32.9,27.5,0.0
2023-02-28 04:00:00,3.3,46.8,30.3,35.4,32.7,27.3,0.0
2023-02-28 05:00:00,3.5,46.6,29.4,34.5,29.4,27.0,0.0
2023-02-28 06:00:00,3.6,46.6,82.4,42.6,49.4,38.7,200.0
2023-02-28 07:00:00,3.4,46.5,80.7,40.8,48.1,40.8,140.0
2023-02-28 08:00:00,4.4,45.7,80.2,39.2,45.9,41.0,130.0
2023-02-28 09:00:00,4.8,45.4,79.8,38.5,45.1,40.4,130.0
2023-02-28 10:00:00,5.2,44.8,81.9,38.7,45.5,40.6,130.0
2023-02-28 11:00:00,6.6,44.1,78.0,37.7,44.1,40.0,120.0
2023-02-28 12:00:00,7.5,43.7,78.1,37.2,43.7,39.4,110.0
2023-02-28 13:00:00,7.2,43.8,75.8,36.9,43.2,39.0,100.0
2023-02-28 14:00:00,8.5,42.9,74.3,36.4,42.7,38.8,120.0
2023-02-28 15:00:00,8.6,45.1,74.7,37.9,44.8,38.8,110.0
2023-02-28 16:00:00,8.0,45.3,74.9,39.3,45.8,40.9,150.0
2023-02-28 17:00:00,7.6,45.5,74.8,39.1,45.4,41.0,130.0
2023-02-28 18:00:00,7.1,45.8,77.3,38.9,45.5,40.8,120.0
2023-02-28 19:00:00,6.4,46.0,77.4,39.3,45.9,41.0,140.0
2023-02-28 20:00:00,6.2,46.0,76.2,39.6,46.0,41.2,130.0
2023-02-28 21:00:00,6.1,46.2,76.8,39.2,46.0,40.9,120.0
2023-02-28 22:00:00,5.7,46.3,75.1,38.8,41.4,40.5,120.0
2023-02-28 23:00:00,5.8,46.2,34.6,37.5,37.0,34.8,0.0
2023-03-01 00:00:00,5.8,46.2,32.2,36.3,33.9,33.5,0.0
2023-03-01 01:00:00,6.0,46.1,31.1,35.6,32.9,31.5,0.0
2023-03-01 02:00:00,6.2,46.1,31.0,36.6,32.3,28.8,0.0
2023-03-01 03:00:00,5.9,46.2,30.8,36.5,32.3,27.8,0.0
2023-03-01 04:00:00,5.9,46.2,30.7,36.2,31.9,27.5,0.0
2023-03-01 05:00:00,5.9,46.2,29.6,36.0,29.8,27.5,0.0
2023-03-01 06:00:00,5.9,48.1,79.4,42.9,49.3,35.4,130.0
2023-03-01 07:00:00,6.0,48.1,78.7,41.2,48.0,42.1,190.0
2023-03-01 08:00:00,6.8,47.4,77.9,40.7,47.4,42.0,140.0
2023-03-01 09:00:00,7.7,47.0,74.6,40.0,46.6,41.2,140.0
2023-03-01 10:00:00,8.8,46.2,73.6,40.6,46.0,35.5,100.0
2023-03-01 11:00:00,9.5,45.9,71.0,39.7,45.3,41.1,180.0
2023-03-01 12:00:00,10.3,44.4,69.2,39.2,44.8,40.0,130.0
2023-03-01 13:00:00,10.3,44.4,69.4,39.2,44.8,40.0,130.0
2023-03-01 14:00:00,9.3,44.9,73.1,39.6,45.7,40.3,140.0
2023-03-01 15:00:00,9.0,44.9,72.8,39.4,45.3,40.5,140.0
2023-03-01 16:00:00,9.0,44.9,72.8,39.4,45.2,40.5,130.0
2023-03-01 17:00:00,8.6,45.1,73.6,39.5,45.3,40.6,130.0
2023-03-01 18:00:00,7.4,45.6,74.9,39.7,45.7,40.8,140.0
2023-03-01 19:00:00,6.8,45.8,77.8,40.1,46.1,40.9,140.0
2023-03-01 20:00:00,6.6,47.4,75.3,40.7,47.0,41.2,150.0
2023-03-01 21:00:00,6.4,45.5,74.9,41.4,47.1,42.6,160.0
2023-03-01 22:00:00,6.4,45.5,75.2,39.0,41.5,40.3,110.0
2023-03-01 23:00:00,6.5,45.4,34.4,37.7,36.7,33.7,0.0
2023-03-02 00:00:00,6.7,45.4,32.6,36.4,33.9,32.5,0.0
2023-03-02 01:00:00,7.1,45.3,30.7,35.3,31.7,30.4,0.0
2023-03-02 02:00:00,6.7,45.4,29.9,35.0,31.2,28.4,0.0
2023-03-02 03:00:00,6.2,45.5,30.3,35.5,31.7,27.5,0.0
2023-03-02 04:00:00,6.3,45.5,30.2,35.3,31.6,27.1,0.0
2023-03-02 05:00:00,6.1,45.6,30.2,29.9,33.6,26.8,0.0
2023-03-02 06:00:00,6.5,48.1,80.1,43.9,49.6,34.8,130.0
2023-03-02 07:00:00,6.4,48.1,80.1,42.0,48.4,42.3,200.0
2023-03-02 08:00:00,7.2,47.6,78.8,41.8,48.2,42.2,160.0
2023-03-02 09:00:00,8.3,44.9,77.6,40.0,45.6,41.6,150.0
2023-03-02 10:00:00,9.1,44.6,74.5,38.0,44.0,39.4,110.0
2023-03-02 11:00:00,9.2,44.6,74.1,38.4,44.4,39.7,130.0
2023-03-02 12:00:00,8.5,44.8,73.6,38.6,44.4,39.9,130.0
2023-03-02 13:00:00,7.9,45.0,76.5,38.9,45.1,40.0,130.0
2023-03-02 14:00:00,8.1,44.95,75.3,38.85,44.9,40.2,130.0
2023-03-02 15:00:00,8.3,44.9,74.1,38.8,44.7,40.4,130.0
2023-03-02 16:00:00,7.3,45.2,77.2,38.6,44.9,39.9,130.0
2023-03-02 17:00:00,7.5,45.2,76.0,38.7,44.8,40.0,130.0
2023-03-02 18:00:00,6.6,45.5,78.6,39.3,45.6,40.5,130.0
2023-03-02 19:00:00,6.5,45.5,79.2,39.8,46.2,40.8,140.0
2023-03-02 20:00:00,6.7,45.5,78.4,39.0,45.2,40.5,130.0
2023-03-02 21:00:00,6.5,45.5,77.3,38.7,44.8,40.2,130.0
2023-03-02 22:00:00,6.5,45.5,76.9,39.2,41.6,40.6,130.0
2023-03-02 23:00:00,6.3,45.5,34.5,37.7,36.6,34.5,0.0
2023-03-03 00:00:00,6.4,45.6,32.8,36.5,34.0,33.3,0.0
2023-03-03 01:00:00,6.4,45.6,30.6,35.6,32.0,29.6,0.0
2023-03-03 02:00:00,6.2,45.6,30.9,35.7,32.1,29.4,0.0
2023-03-03 03:00:00,5.7,45.7,30.7,35.6,32.0,27.8,0.0
2023-03-03 04:00:00,5.6,45.8,30.3,35.2,31.5,27.3,0.0
2023-03-03 05:00:00,5.5,45.8,30.0,34.8,31.3,27.0,0.0
2023-03-03 06:00:00,5.3,45.8,43.0,29.5,40.0,26.9,0.0
2023-03-03 07:00:00,5.1,45.8,75.2,39.0,44.9,40.4,250.0
2023-03-03 08:00:00,5.6,45.5,81.5,39.6,45.9,40.7,140.0
2023-03-03 09:00:00,6.1,45.2,79.7,38.9,45.0,40.4,140.0
2023-03-03 10:00:00,7.0,44.6,79.8,38.6,44.9,40.1,130.0
2023-03-03 11:00:00,7.1,44.6,79.8,38.4,44.7,39.8,130.0
2023-03-03 12:00:00,8.0,44.1,78.5,38.1,44.3,39.7,130.0
2023-03-03 13:00:00,8.7,43.5,78.1,37.4,43.4,39.2,120.0
2023-03-03 14:00:00,8.4,43.6,76.4,37.0,43.0,38.7,110.0
2023-03-03 15:00:00,8.6,43.6,73.9,37.5,43.4,39.2,130.0
2023-03-03 16:00:00,8.3,45.4,76.0,39.8,46.2,40.2,130.0
2023-03-03 17:00:00,7.4,46.1,77.7,40.3,46.4,41.1,150.0
2023-03-03 18:00:00,6.9,46.6,78.2,40.1,46.4,41.0,140.0
2023-03-03 19:00:00,6.6,46.6,78.8,40.3,46.6,41.3,150.0
2023-03-03 20:00:00,6.7,46.7,68.3,40.1,45.8,41.0,130.0
2023-03-03 21:00:00,6.8,47.0,76.9,41.1,47.3,42.0,160.0
2023-03-03 22:00:00,6.6,47.0,72.0,40.6,42.0,41.1,130.0
2023-03-03 23:00:00,6.5,47.0,35.2,38.8,37.1,34.9,0.0
2023-03-04 00:00:00,6.4,47.0,33.1,37.6,34.0,33.6,0.0
2023-03-04 01:00:00,6.5,47.1,30.7,36.5,31.6,29.9,0.0
2023-03-04 02:00:00,6.3,47.1,30.7,35.7,32.5,28.9,0.0
2023-03-04 03:00:00,6.2,47.2,30.5,35.5,32.2,27.9,0.0
2023-03-04 04:00:00,6.2,47.3,30.3,35.4,32.0,27.2,0.0
2023-03-04 05:00:00,6.2,47.2,30.1,35.2,31.7,27.0,0.0
2023-03-04 06:00:00,6.1,47.2,79.0,40.3,45.8,31.3,100.0
2023-03-04 07:00:00,6.3,47.0,78.3,40.2,46.4,41.2,210.0
2023-03-04 08:00:00,6.7,47.0,74.2,40.7,47.1,41.3,150.0
2023-03-04 09:00:00,7.4,46.6,78.3,41.0,47.2,41.4,150.0
2023-03-04 10:00:00,8.2,46.0,73.3,40.6,46.8,40.6,140.0
2023-03-04 11:00:00,9.2,45.4,71.5,39.4,45.4,40.6,140.0
2023-03-04 12:00:00,9.7,45.1,72.7,39.8,45.8,40.6,130.0
2023-03-04 13:00:00,10.3,43.2,65.9,36.9,42.4,38.7,110.0
2023-03-04 14:00:00,10.6,43.1,71.8,37.9,43.6,39.4,130.0
2023-03-04 15:00:00,10.1,43.3,68.7,37.5,43.3,38.5,100.0
2023-03-04 16:00:00,9.8,44.1,72.5,38.0,44.1,39.6,130.0
2023-03-04 17:00:00,9.1,44.4,74.9,39.2,45.3,39.9,130.0
2023-03-04 18:00:00,8.5,44.5,65.0,38.3,43.6,39.6,120.0
2023-03-04 19:00:00,8.3,44.6,76.4,39.2,45.5,40.4,140.0
2023-03-04 20:00:00,8.2,44.7,71.4,38.9,45.0,39.6,110.0
2023-03-04 21:00:00,8.1,46.1,74.7,39.4,45.5,40.7,140.0
2023-03-04 22:00:00,7.9,46.2,71.3,39.4,41.4,40.7,120.0
2023-03-04 23:00:00,7.4,46.3,34.9,38.1,37.1,34.6,0.0
2023-03-05 00:00:00,7.4,46.5,32.6,36.7,32.8,33.3,0.0
2023-03-05 01:00:00,6.9,46.5,30.1,35.8,30.5,30.2,0.0
2023-03-05 02:00:00,6.7,46.7,29.1,34.6,29.2,29.0,0.0
2023-03-05 03:00:00,6.3,47.0,29.0,33.7,31.1,28.0,0.0
2023-03-05 04:00:00,5.0,47.4,28.9,33.5,31.0,27.1,0.0
2023-03-05 05:00:00,4.3,48.1,28.9,33.4,30.7,26.6,0.0
2023-03-05 06:00:00,3.6,48.5,27.2,27.5,29.5,26.3,0.0
2023-03-05 07:00:00,3.7,48.4,83.0,42.4,48.7,42.9,290.0
2023-03-05 08:00:00,5.1,47.5,69.6,40.5,46.0,41.2,140.0
2023-03-05 09:00:00,5.7,47.1,74.8,41.3,47.1,41.7,160.0
2023-03-05 10:00:00,6.0,46.8,78.7,41.4,47.9,41.5,150.0
2023-03-05 11:00:00,6.5,46.7,76.8,40.6,47.2,40.9,140.0
2023-03-05 12:00:00,7.0,46.3,60.2,39.5,44.6,40.9,150.0
2023-03-05 13:00:00,7.5,46.0,75.2,40.5,46.6,41.3,150.0
2023-03-05 14:00:00,7.7,45.9,75.0,40.5,47.0,40.3,130.0
2023-03-05 15:00:00,7.8,46.0,74.7,39.6,45.6,40.8,140.0
2023-03-05 16:00:00,7.4,46.0,72.9,39.5,45.6,40.5,130.0
2023-03-05 17:00:00,6.9,46.5,77.8,40.1,46.5,41.0,150.0
2023-03-05 18:00:00,5.8,47.0,79.2,40.9,47.4,41.6,150.0
2023-03-05 19:00:00,5.2,47.3,80.4,41.3,47.7,42.0,150.0
2023-03-05 20:00:00,3.7,48.4,82.3,41.9,48.5,42.5,160.0
2023-03-05 21:00:00,3.5,48.7,82.7,42.1,48.5,42.9,160.0
2023-03-05 22:00:00,2.8,49.2,68.1,41.7,39.5,39.6,100.0
2023-03-05 23:00:00,2.2,49.7,36.0,40.3,37.1,35.4,0.0
2023-03-06 00:00:00,1.8,49.9,35.9,37.9,32.6,32.5,0.0
2023-03-06 01:00:00,1.8,49.8,40.7,26.3,34.2,29.8,0.0
2023-03-06 02:00:00,1.3,50.2,50.0,24.3,28.2,28.0,0.0
2023-03-06 03:00:00,0.6,50.6,52.3,23.9,27.5,27.3,0.0
2023-03-06 04:00:00,0.2,51.2,30.5,23.6,27.9,27.2,0.0
2023-03-06 05:00:00,0.0,51.4,24.2,23.2,27.0,26.8,0.0
2023-03-06 06:00:00,-0.3,51.4,64.4,37.8,42.1,31.6,120.0
2023-03-06 07:00:00,-0.2,51.3,75.5,46.2,52.3,44.7,270.0
2023-03-06 08:00:00,1.1,50.4,86.7,44.1,50.9,44.2,180.0
2023-03-06 09:00:00,4.3,47.9,82.5,41.9,47.9,43.3,170.0
2023-03-06 10:00:00,6.0,46.8,80.1,39.9,46.3,41.1,130.0
2023-03-06 11:00:00,7.8,45.8,78.4,39.2,45.5,40.6,140.0
2023-03-06 12:00:00,9.4,45.0,40.2,38.1,35.4,35.6,50.0
2023-03-06 13:00:00,11.2,44.0,33.5,36.9,36.5,31.7,0.0
2023-03-06 14:00:00,12.2,43.5,32.2,35.8,33.9,31.0,0.0
2023-03-06 15:00:00,13.7,42.6,31.0,35.8,32.3,28.9,0.0
2023-03-06 16:00:00,13.8,43.0,71.1,38.7,44.1,39.4,190.0
2023-03-06 17:00:00,12.6,43.6,71.7,37.3,43.5,38.5,110.0
2023-03-06 18:00:00,12.1,43.9,73.0,38.5,44.5,39.7,130.0
2023-03-06 19:00:00,11.7,44.1,71.9,37.9,43.8,39.6,120.0
2023-03-06 20:00:00,11.3,44.3,69.7,38.4,44.5,39.3,120.0
2023-03-06 21:00:00,10.5,44.8,66.7,39.0,44.4,40.1,130.0
2023-03-06 22:00:00,10.2,44.8,71.4,38.8,41.1,40.4,120.0
2023-03-06 23:00:00,10.1,44.8,34.2,37.4,36.3,34.5,0.0
2023-03-07 00:00:00,10.1,45.0,32.4,36.3,33.7,33.3,0.0
2023-03-07 01:00:00,10.3,44.9,30.5,35.4,31.8,29.8,0.0
2023-03-07 02:00:00,9.4,45.3,30.6,35.6,31.9,29.0,0.0
2023-03-07 03:00:00,8.8,45.5,30.7,35.5,32.2,28.0,0.0
2023-03-07 04:00:00,9.1,45.5,30.4,35.4,31.6,27.4,0.0
2023-03-07 05:00:00,8.7,45.6,30.1,35.0,31.6,27.1,0.0
2023-03-07 06:00:00,8.7,44.7,72.1,37.1,42.7,31.3,70.0
2023-03-07 07:00:00,8.8,44.7,78.8,38.4,44.6,40.0,190.0
2023-03-07 08:00:00,10.0,44.3,78.1,37.7,44.0,39.3,120.0
2023-03-07 09:00:00,11.7,43.5,73.6,36.9,42.8,38.8,120.0
2023-03-07 10:00:00,12.3,43.3,72.8,36.9,42.8,38.7,110.0
2023-03-07 11:00:00,14.6,43.0,70.2,36.7,42.5,38.4,110.0
2023-03-07 12:00:00,15.8,43.0,34.3,35.5,35.6,33.4,0.0
2023-03-07 13:00:00,15.4,43.0,32.0,34.5,34.3,32.3,0.0
2023-03-07 14:00:00,15.6,43.0,59.4,38.1,32.4,31.1,40.0
2023-03-07 15:00:00,16.5,43.0,31.9,34.2,34.2,32.1,0.0
2023-03-07 16:00:00,16.5,43.0,31.0,34.4,32.8,31.0,0.0
2023-03-07 17:00:00,15.7,43.0,72.0,39.0,44.3,32.5,100.0
2023-03-07 18:00:00,14.1,43.0,70.3,36.5,42.1,38.3,140.0
2023-03-07 19:00:00,13.4,43.1,72.5,37.7,43.6,39.1,130.0
2023-03-07 20:00:00,12.6,43.2,63.1,37.2,42.5,38.6,110.0
2023-03-07 21:00:00,12.0,43.4,66.8,37.6,43.1,39.4,120.0
2023-03-07 22:00:00,11.1,43.6,64.1,36.4,37.7,37.5,80.0
2023-03-07 23:00:00,10.8,43.6,33.0,35.7,33.9,33.2,0.0
2023-03-08 00:00:00,9.5,44.0,32.0,34.5,31.8,31.6,0.0
2023-03-08 01:00:00,8.7,44.1,28.6,33.8,29.9,29.0,0.0
2023-03-08 02:00:00,8.5,44.2,28.8,32.7,30.8,28.0,0.0
2023-03-08 03:00:00,8.1,44.3,28.2,31.9,30.2,27.3,0.0
2023-03-08 04:00:00,7.3,44.4,27.8,31.9,30.1,26.9,0.0
2023-03-08 05:00:00,6.7,44.6,27.3,27.2,31.5,26.4,0.0
2023-03-08 06:00:00,6.2,47.9,75.1,43.6,49.3,36.2,160.0
2023-03-08 07:00:00,7.5,47.4,81.3,41.3,47.8,42.1,180.0
2023-03-08 08:00:00,8.4,47.1,82.3,40.7,47.3,41.8,150.0
2023-03-08 09:00:00,9.2,46.8,80.5,40.3,46.8,41.3,150.0
2023-03-08 10:00:00,10.5,46.4,81.2,40.2,46.4,41.1,150.0
2023-03-08 11:00:00,11.6,45.1,79.1,39.4,45.6,40.9,130.0
2023-03-08 12:00:00,14.5,44.0,58.6,38.1,37.7,37.6,80.0
2023-03-08 13:00:00,15.5,44.0,33.9,36.9,36.2,33.9,0.0
2023-03-08 14:00:00,16.7,44.0,32.7,35.6,33.2,32.9,50.0
2023-03-08 15:00:00,15.5,44.0,31.6,33.5,33.8,31.8,0.0
2023-03-08 16:00:00,16.3,44.0,29.8,33.1,32.0,30.8,0.0
2023-03-08 17:00:00,15.2,44.0,29.4,34.3,31.4,28.4,0.0
2023-03-08 18:00:00,14.1,44.0,41.1,37.6,27.8,27.7,0.0
2023-03-08 19:00:00,13.0,44.4,78.6,41.3,47.7,36.0,170.0
2023-03-08 20:00:00,12.1,44.8,75.2,37.9,44.1,39.3,130.0
2023-03-08 21:00:00,11.6,45.2,78.5,39.2,45.5,40.6,140.0
2023-03-08 22:00:00,10.8,45.6,63.9,38.6,39.1,38.8,100.0
2023-03-08 23:00:00,10.0,46.0,52.3,35.7,35.0,34.2,0.0
2023-03-09 00:00:00,9.2,46.3,59.4,28.1,54.0,30.1,0.0
2023-03-09 01:00:00,9.1,46.5,51.9,26.5,47.5,29.6,0.0
2023-03-09 02:00:00,9.0,46.4,51.3,26.1,47.5,28.6,0.0
2023-03-09 03:00:00,9.3,46.2,51.5,25.9,47.5,27.7,0.0
2023-03-09 04:00:00,9.5,46.3,47.4,25.6,44.9,27.2,0.0
2023-03-09 05:00:00,9.8,46.0,47.8,25.2,45.9,27.1,0.0
2023-03-09 06:00:00,11.6,45.1,62.5,35.0,40.4,29.8,70.0
2023-03-09 07:00:00,12.4,44.9,77.7,38.9,44.9,40.4,200.0
2023-03-09 08:00:00,13.1,44.4,76.8,37.7,43.7,39.4,120.0
2023-03-09 09:00:00,14.6,44.0,74.8,37.8,43.9,39.5,120.0
2023-03-09 10:00:00,15.3,44.0,44.2,37.0,36.4,36.2,60.0
2023-03-09 11:00:00,17.1,44.0,33.1,35.8,35.4,33.2,0.0
2023-03-09 12:00:00,19.4,44.0,31.4,34.8,32.4,31.2,0.0
2023-03-09 13:00:00,18.8,44.0,30.3,34.9,31.6,28.8,0.0
2023-03-09 14:00:00,19.4,44.0,30.7,35.0,32.2,28.7,0.0
2023-03-09 15:00:00,17.6,44.0,30.5,34.9,32.1,27.7,0.0
2023-03-09 16:00:00,17.3,44.0,30.1,34.5,31.4,27.4,0.0
2023-03-09 17:00:00,17.1,44.0,29.8,34.1,31.4,27.0,0.0
2023-03-09 18:00:00,16.7,44.0,72.2,37.3,36.0,33.5,110.0
2023-03-09 19:00:00,15.9,44.0,56.5,30.5,32.4,31.6,0.0
2023-03-09 20:00:00,15.7,44.0,75.2,38.7,44.3,40.3,190.0
2023-03-09 21:00:00,15.1,44.0,69.1,37.6,43.4,39.1,110.0
2023-03-09 22:00:00,14.5,44.0,70.3,37.5,39.2,38.6,100.0
2023-03-09 23:00:00,14.3,44.0,33.5,36.6,35.6,33.6,0.0
2023-03-10 00:00:00,13.9,44.0,32.1,35.2,34.0,32.6,0.0
2023-03-10 01:00:00,12.2,44.9,29.8,34.2,30.5,29.5,0.0
2023-03-10 02:00:00,11.3,45.4,28.9,33.5,30.2,28.9,0.0
2023-03-10 03:00:00,10.9,45.5,29.4,33.5,31.7,27.8,0.0
2023-03-10 04:00:00,11.0,45.4,29.4,33.5,31.5,27.1,0.0
2023-03-10 05:00:00,11.2,45.5,29.1,33.5,31.0,26.9,0.0
2023-03-10 06:00:00,11.1,45.4,60.0,29.5,34.7,26.4,0.0
2023-03-10 07:00:00,11.5,45.2,64.9,38.4,43.8,40.1,240.0
2023-03-10 08:00:00,13.2,44.4,78.0,38.7,44.7,40.2,130.0
2023-03-10 09:00:00,14.9,42.0,70.1,37.3,42.8,39.4,120.0
2023-03-10 10:00:00,15.9,42.0,74.9,35.4,41.4,37.8,80.0
2023-03-10 11:00:00,14.6,42.0,74.5,35.4,41.4,37.7,100.0
2023-03-10 12:00:00,14.0,42.0,76.4,35.7,41.6,38.0,100.0
2023-03-10 13:00:00,14.0,42.0,77.3,35.9,41.9,38.1,110.0
2023-03-10 14:00:00,13.9,42.0,68.6,35.8,41.5,37.9,90.0
2023-03-10 15:00:00,14.5,42.0,69.8,36.5,42.2,38.3,110.0
2023-03-10 16:00:00,14.7,42.0,36.2,35.6,34.3,34.1,0.0
2023-03-10 17:00:00,14.2,43.0,68.9,41.5,46.2,34.3,70.0
2023-03-10 18:00:00,13.8,43.1,72.4,37.2,42.8,39.3,150.0
2023-03-10 19:00:00,13.5,43.3,70.8,37.4,43.3,38.8,110.0
2023-03-10 20:00:00,13.3,43.3,62.8,37.4,42.6,39.1,110.0
2023-03-10 21:00:00,13.2,43.4,71.7,38.1,44.0,39.6,120.0
2023-03-10 22:00:00,12.8,43.7,64.1,37.2,38.8,38.3,80.0
2023-03-10 23:00:00,12.6,43.9,33.4,36.0,35.8,34.0,0.0
2023-03-11 00:00:00,12.5,43.9,32.0,34.9,33.6,32.7,0.0
2023-03-11 01:00:00,12.1,44.2,29.6,33.9,30.2,29.4,0.0
2023-03-11 02:00:00,12.3,43.9,29.2,33.0,31.3,29.4,0.0
2023-03-11 03:00:00,12.0,44.1,29.3,33.3,31.7,28.0,0.0
2023-03-11 04:00:00,11.7,44.2,29.4,33.3,31.8,27.5,0.0
2023-03-11 05:00:00,11.8,44.4,29.2,33.2,31.3,27.2,0.0
2023-03-11 06:00:00,11.6,44.5,57.5,30.7,36.0,27.2,0.0
2023-03-11 07:00:00,11.8,44.4,76.1,38.0,43.9,39.9,220.0
2023-03-11 08:00:00,12.8,43.8,69.7,37.8,43.5,39.3,110.0
2023-03-11 09:00:00,13.6,43.3,69.8,37.6,43.4,39.0,110.0
2023-03-11 10:00:00,14.9,43.0,59.2,36.3,37.6,37.3,80.0
2023-03-11 11:00:00,14.8,43.0,34.4,35.3,34.0,33.2,0.0
2023-03-11 12:00:00,13.1,43.6,46.2,37.6,30.8,30.4,0.0
2023-03-11 13:00:00,12.7,44.6,70.2,39.9,45.4,34.3,120.0
2023-03-11 14:00:00,10.5,46.3,42.1,40.0,36.5,36.2,100.0
2023-03-11 15:00:00,9.6,46.7,78.6,41.2,47.2,41.9,180.0
2023-03-11 16:00:00,8.2,47.2,55.9,40.3,45.1,40.9,130.0
2023-03-11 17:00:00,7.8,47.4,62.9,42.3,47.7,42.5,160.0
2023-03-11 18:00:00,7.6,47.4,81.2,40.9,47.4,41.9,140.0
2023-03-11 19:00:00,7.4,47.5,77.1,41.0,47.6,41.6,140.0
2023-03-11 20:00:00,7.6,47.4,78.6,41.3,47.9,41.7,150.0
2023-03-11 21:00:00,6.7,47.8,69.4,41.2,46.9,42.4,150.0
2023-03-11 22:00:00,6.4,48.0,64.8,41.6,42.0,41.5,120.0
2023-03-11 23:00:00,6.5,47.9,36.4,40.1,38.2,35.6,0.0
2023-03-12 00:00:00,5.6,48.3,33.6,38.8,34.9,34.1,0.0
2023-03-12 01:00:00,4.8,48.5,32.1,38.4,33.3,29.8,0.0
2023-03-12 02:00:00,4.5,48.6,32.2,38.1,33.4,28.9,0.0
2023-03-12 03:00:00,4.9,48.6,31.8,38.0,32.8,28.1,0.0
2023-03-12 04:00:00,5.0,48.5,31.0,37.4,32.1,27.5,0.0
2023-03-12 05:00:00,4.2,49.0,30.4,36.8,31.3,27.1,0.0
2023-03-12 06:00:00,4.2,45.8,84.0,41.3,47.4,31.9,120.0
2023-03-12 07:00:00,4.7,45.2,83.4,38.0,44.5,39.7,170.0
2023-03-12 08:00:00,4.8,45.0,83.2,39.4,45.8,40.5,140.0
2023-03-12 09:00:00,5.3,45.0,78.0,38.8,45.3,39.8,130.0
2023-03-12 10:00:00,6.1,45.0,77.9,38.3,44.6,39.7,130.0
2023-03-12 11:00:00,6.8,45.0,73.6,39.1,44.9,40.3,140.0
2023-03-12 12:00:00,7.6,45.0,76.4,39.1,45.7,39.6,130.0
2023-03-12 13:00:00,7.8,44.3,69.3,38.5,44.2,39.8,130.0
2023-03-12 14:00:00,8.2,44.3,75.7,38.9,45.2,39.9,130.0
2023-03-12 15:00:00,8.2,44.3,73.9,38.6,44.7,40.0,130.0
2023-03-12 16:00:00,8.0,44.3,71.3,38.9,45.0,39.5,120.0
2023-03-12 17:00:00,7.7,44.4,67.3,38.4,44.5,39.6,120.0
2023-03-12 18:00:00,6.6,44.6,78.2,39.0,45.3,40.3,140.0
2023-03-12 19:00:00,5.4,44.8,81.9,38.9,45.2,40.5,140.0
2023-03-12 20:00:00,4.4,45.6,82.9,38.9,45.3,40.6,130.0
2023-03-12 21:00:00,3.7,46.4,83.8,40.1,46.8,41.2,150.0
2023-03-12 22:00:00,2.9,47.0,79.3,40.5,42.2,41.4,130.0
2023-03-12 23:00:00,2.3,47.5,35.7,38.9,37.8,35.0,0.0
2023-03-13 00:00:00,2.2,47.9,33.4,38.2,35.2,33.5,0.0
2023-03-13 01:00:00,1.9,48.2,32.9,38.9,33.9,30.7,0.0
2023-03-13 02:00:00,1.2,48.7,32.0,38.3,32.2,28.6,0.0
2023-03-13 03:00:00,1.0,48.9,31.2,24.5,34.4,27.8,0.0
2023-03-13 04:00:00,0.5,49.5,30.4,22.8,29.1,26.9,0.0
2023-03-13 05:00:00,0.4,49.8,24.5,32.7,27.9,26.5,0.0
2023-03-13 06:00:00,0.0,50.5,83.7,44.1,50.2,34.6,130.0
2023-03-13 07:00:00,0.7,50.1,81.7,43.0,49.6,43.7,230.0
2023-03-13 08:00:00,2.1,48.7,86.6,42.5,49.4,42.9,180.0
2023-03-13 09:00:00,3.1,47.7,85.4,41.4,48.2,42.2,160.0
2023-03-13 10:00:00,4.6,46.4,83.0,40.1,46.5,41.4,150.0
2023-03-13 11:00:00,6.0,44.8,76.6,37.9,43.8,39.8,120.0
2023-03-13 12:00:00,7.0,44.5,74.5,37.9,44.0,39.3,120.0
2023-03-13 13:00:00,8.0,44.2,73.5,37.8,43.7,39.4,130.0
2023-03-13 14:00:00,9.6,44.0,71.0,37.6,43.4,39.3,120.0
2023-03-13 15:00:00,10.4,43.8,68.1,37.5,43.2,39.1,110.0
2023-03-13 16:00:00,10.8,43.7,66.5,37.5,43.1,39.0,120.0
2023-03-13 17:00:00,10.9,43.7,65.7,37.5,42.9,38.9,110.0
2023-03-13 18:00:00,9.2,44.0,67.1,37.8,43.6,39.1,120.0
2023-03-13 19:00:00,7.0,44.5,73.6,39.0,45.1,40.2,140.0
2023-03-13 20:00:00,6.1,44.9,72.8,38.9,45.2,39.7,120.0
2023-03-13 21:00:00,6.0,44.9,70.1,38.9,44.5,40.5,140.0
2023-03-13 22:00:00,5.7,44.9,75.0,39.7,41.7,40.2,130.0
2023-03-13 23:00:00,5.4,44.9,34.9,37.7,36.9,34.6,0.0
2023-03-14 00:00:00,5.7,44.9,32.7,36.7,34.3,33.2,0.0
2023-03-14 01:00:00,5.8,44.9,31.0,37.0,32.2,29.5,0.0
2023-03-14 02:00:00,5.5,44.9,31.2,36.9,32.0,28.3,0.0
2023-03-14 03:00:00,6.8,44.9,30.7,36.9,31.5,27.3,0.0
2023-03-14 04:00:00,6.8,44.9,30.5,36.5,31.6,26.7,0.0
2023-03-14 05:00:00,6.4,44.9,30.3,35.9,31.4,26.6,0.0
2023-03-14 06:00:00,6.5,45.8,68.5,33.4,40.0,28.4,0.0
2023-03-14 07:00:00,7.1,45.6,77.3,38.7,44.8,40.2,230.0
2023-03-14 08:00:00,8.4,45.4,74.8,38.8,44.8,40.0,140.0
2023-03-14 09:00:00,9.9,45.3,74.1,38.6,44.6,39.7,130.0
2023-03-14 10:00:00,12.0,43.3,69.6,38.1,43.9,39.5,130.0
2023-03-14 11:00:00,13.6,42.9,49.6,36.8,36.6,36.4,70.0
2023-03-14 12:00:00,14.5,42.7,32.7,35.6,35.0,33.1,0.0
2023-03-14 13:00:00,16.8,42.7,31.1,34.6,31.7,30.6,0.0
2023-03-14 14:00:00,18.0,42.7,28.8,33.7,29.5,28.5,0.0
2023-03-14 15:00:00,17.9,42.7,29.0,33.3,30.8,28.1,0.0
2023-03-14 16:00:00,17.6,42.7,29.3,33.4,31.2,27.5,0.0
2023-03-14 17:00:00,16.7,42.7,28.9,33.3,30.8,26.9,0.0
2023-03-14 18:00:00,14.6,42.7,59.9,29.5,34.5,26.4,0.0
2023-03-14 19:00:00,14.0,42.7,64.0,37.8,43.1,38.7,220.0
2023-03-14 20:00:00,12.6,43.2,68.0,38.2,44.0,39.0,120.0
2023-03-14 21:00:00,12.3,43.2,62.4,37.3,42.6,38.6,110.0
2023-03-14 22:00:00,12.1,43.3,71.5,38.4,42.0,39.3,130.0
2023-03-14 23:00:00,12.4,43.3,34.8,36.9,35.9,33.9,0.0
2023-03-15 00:00:00,12.2,43.3,32.5,35.7,34.0,32.4,0.0
2023-03-15 01:00:00,12.0,43.3,29.8,34.8,29.4,29.2,0.0
2023-03-15 02:00:00,11.7,43.5,29.4,33.9,31.2,28.6,0.0
2023-03-15 03:00:00,11.5,43.5,29.9,34.4,32.0,27.8,0.0
2023-03-15 04:00:00,11.5,43.5,29.7,34.4,31.6,27.2,0.0
2023-03-15 05:00:00,11.2,43.6,29.5,34.2,31.4,27.0,0.0
2023-03-15 06:00:00,10.5,44.8,67.9,41.4,47.0,36.9,170.0
2023-03-15 07:00:00,10.9,44.4,77.1,37.8,43.9,39.7,140.0
2023-03-15 08:00:00,11.6,44.1,74.4,37.7,43.7,39.2,120.0
2023-03-15 09:00:00,12.7,43.1,72.3,37.4,43.3,38.9,120.0
2023-03-15 10:00:00,13.7,42.8,72.3,37.1,43.0,38.8,110.0
2023-03-15 11:00:00,13.2,43.0,73.7,36.8,42.9,38.6,110.0
2023-03-15 12:00:00,14.2,42.7,32.4,35.8,34.0,34.0,40.0
2023-03-15 13:00:00,14.7,42.7,31.8,34.6,33.8,31.4,0.0
2023-03-15 14:00:00,14.5,43.0,72.5,39.6,45.6,38.3,160.0
2023-03-15 15:00:00,11.6,44.3,71.7,37.6,43.7,38.5,100.0
2023-03-15 16:00:00,11.2,44.4,77.5,38.7,44.8,40.0,150.0
2023-03-15 17:00:00,9.3,45.6,77.6,38.7,44.9,39.7,120.0
2023-03-15 18:00:00,8.25,46.15,80.15,39.7,46.1,40.65,150.0
2023-03-15 19:00:00,7.2,46.7,82.7,40.7,47.3,41.6,150.0
2023-03-15 20:00:00,6.1,47.3,69.2,40.6,46.0,41.7,150.0
2023-03-15 21:00:00,6.2,47.2,82.0,41.4,47.9,42.1,150.0
2023-03-15 22:00:00,5.9,47.4,76.2,40.3,42.0,41.0,120.0
2023-03-15 23:00:00,5.4,47.7,35.7,38.8,38.2,34.6,0.0
2023-03-16 00:00:00,4.9,47.9,33.5,38.0,35.5,33.0,0.0
2023-03-16 01:00:00,4.7,48.1,32.4,38.2,33.6,29.3,0.0
2023-03-16 02:00:00,4.8,48.2,32.1,37.7,33.2,28.3,0.0
2023-03-16 03:00:00,4.8,48.0,31.3,36.4,32.6,27.6,0.0
2023-03-16 04:00:00,4.6,48.3,30.0,34.6,31.4,27.1,0.0
2023-03-16 05:00:00,4.5,48.3,29.2,33.2,30.6,26.6,0.0
2023-03-16 06:00:00,4.5,47.0,73.4,40.5,45.8,32.8,120.0
2023-03-16 07:00:00,4.5,46.7,84.8,39.6,46.1,40.9,190.0
2023-03-16 08:00:00,4.5,46.7,84.4,39.7,46.5,40.6,150.0
2023-03-16 09:00:00,4.7,46.8,83.6,39.7,46.3,40.8,150.0
2023-03-16 10:00:00,5.2,46.5,84.3,39.9,46.6,40.7,150.0
2023-03-16 11:00:00,5.5,46.2,82.9,39.8,46.4,40.8,140.0
2023-03-16 12:00:00,6.0,45.9,82.0,39.8,46.3,40.7,150.0
2023-03-16 13:00:00,6.1,45.9,80.7,39.3,45.6,40.5,140.0
2023-03-16 14:00:00,6.6,45.6,79.8,39.3,45.6,40.4,140.0
2023-03-16 15:00:00,7.8,45.1,79.4,39.2,45.5,40.4,130.0
2023-03-16 16:00:00,8.0,45.0,78.2,38.8,44.9,40.2,140.0
2023-03-16 17:00:00,7.7,45.3,78.9,38.5,44.8,39.8,130.0
2023-03-16 18:00:00,7.1,45.5,78.8,39.0,45.2,40.3,130.0
2023-03-16 19:00:00,6.9,45.6,80.3,39.3,45.7,40.6,140.0
2023-03-16 20:00:00,6.7,45.7,74.5,39.1,45.2,40.5,140.0
2023-03-16 21:00:00,6.7,46.0,79.1,40.3,46.8,41.1,140.0
2023-03-16 22:00:00,5.9,46.3,76.9,39.3,41.3,40.4,130.0
2023-03-16 23:00:00,5.6,46.6,35.1,37.9,37.8,34.3,0.0
2023-03-17 00:00:00,5.6,46.6,33.3,37.9,34.8,32.9,0.0
2023-03-17 01:00:00,5.5,46.5,32.1,37.8,33.3,29.2,0.0
2023-03-17 02:00:00,5.8,46.5,31.9,37.2,33.1,29.3,0.0
2023-03-17 03:00:00,5.7,46.6,31.3,36.1,32.5,27.8,0.0
2023-03-17 04:00:00,5.3,46.6,30.2,34.7,31.6,27.2,0.0
2023-03-17 05:00:00,5.0,46.8,29.8,30.4,33.4,26.8,0.0
2023-03-17 06:00:00,4.9,46.9,79.5,44.7,50.5,36.7,180.0
2023-03-17 07:00:00,5.1,47.0,83.0,39.7,46.2,40.8,170.0
2023-03-17 08:00:00,5.3,46.7,83.0,40.2,46.8,40.9,150.0
2023-03-17 09:00:00,5.9,46.3,82.0,40.5,47.1,41.2,160.0
2023-03-17 10:00:00,8.4,45.1,79.6,39.5,45.8,40.8,140.0
2023-03-17 11:00:00,9.4,44.5,75.5,38.0,44.1,39.7,130.0
2023-03-17 12:00:00,10.3,44.0,74.2,37.3,43.3,38.9,120.0
2023-03-17 13:00:00,10.4,43.9,73.8,37.5,43.6,39.1,120.0
2023-03-17 14:00:00,10.6,43.9,72.0,36.9,39.3,38.8,110.0
2023-03-17 15:00:00,11.1,43.7,33.6,35.9,36.5,33.3,0.0
2023-03-17 16:00:00,10.8,43.7,32.1,35.5,34.4,32.2,0.0
2023-03-17 17:00:00,10.7,43.7,38.4,33.6,37.5,35.1,100.0
2023-03-17 18:00:00,9.6,44.4,40.3,36.4,40.2,37.8,120.0
2023-03-17 19:00:00,8.1,45.3,77.8,38.5,44.6,40.2,160.0
2023-03-17 20:00:00,7.3,45.7,80.2,43.8,48.9,39.5,120.0
2023-03-17 21:00:00,6.7,46.0,67.3,40.4,46.1,40.5,150.0
2023-03-17 22:00:00,5.6,46.6,75.4,40.2,46.2,41.3,150.0
2023-03-17 23:00:00,5.0,46.9,35.9,38.7,36.5,34.6,0.0
2023-03-18 00:00:00,4.4,47.5,33.1,37.4,34.3,32.6,0.0
2023-03-18 01:00:00,3.8,48.1,30.5,36.4,31.1,29.2,0.0
2023-03-18 02:00:00,3.2,48.6,30.2,35.9,32.1,28.3,0.0
2023-03-18 03:00:00,2.6,48.8,31.0,36.6,32.7,27.2,0.0
2023-03-18 04:00:00,2.3,49.2,30.7,36.4,31.9,26.5,0.0
2023-03-18 05:00:00,1.9,49.5,30.3,36.1,31.5,26.4,0.0
2023-03-18 06:00:00,1.8,47.9,86.3,43.0,49.9,40.5,240.0
2023-03-18 07:00:00,2.7,47.6,81.1,40.6,47.1,41.1,150.0
2023-03-18 08:00:00,4.2,47.1,75.2,45.0,50.7,39.9,150.0
2023-03-18 09:00:00,5.5,46.7,79.4,41.4,47.3,42.1,160.0
2023-03-18 10:00:00,7.3,45.6,60.6,39.4,44.8,39.8,120.0
2023-03-18 11:00:00,10.8,43.8,40.9,37.5,41.7,39.9,140.0
2023-03-18 12:00:00,11.0,43.6,72.6,37.7,43.3,40.0,120.0
2023-03-18 13:00:00,12.5,42.7,33.8,35.9,35.5,33.8,0.0
2023-03-18 14:00:00,12.0,43.0,32.4,35.3,34.4,32.6,0.0
2023-03-18 15:00:00,12.4,42.9,30.0,34.8,30.4,29.3,0.0
2023-03-18 16:00:00,11.9,43.1,30.3,35.0,31.7,29.0,0.0
2023-03-18 17:00:00,11.5,43.3,30.2,34.8,31.8,27.5,0.0
2023-03-18 18:00:00,10.1,44.7,74.6,40.9,47.0,38.1,190.0
2023-03-18 19:00:00,9.3,45.0,70.6,38.2,43.8,39.6,130.0
2023-03-18 20:00:00,8.8,45.4,45.2,38.8,37.2,37.0,80.0
2023-03-18 21:00:00,8.3,44.9,78.3,39.0,45.0,40.7,170.0
2023-03-18 22:00:00,8.0,45.0,55.5,38.9,41.1,39.9,110.0
2023-03-18 23:00:00,7.2,45.3,30.5,39.0,32.4,32.6,0.0
2023-03-19 00:00:00,6.6,45.4,32.3,37.6,32.7,31.0,0.0
2023-03-19 01:00:00,6.3,45.5,30.6,36.2,29.9,29.4,0.0
2023-03-19 02:00:00,6.0,45.7,28.7,34.9,27.2,27.5,0.0
2023-03-19 03:00:00,5.2,46.0,26.8,33.2,26.3,26.6,0.0
2023-03-19 04:00:00,4.0,46.3,25.4,31.0,25.8,26.0,0.0
2023-03-19 05:00:00,3.1,46.8,24.3,28.8,25.3,25.5,0.0
2023-03-19 06:00:00,2.8,47.6,79.5,36.7,42.9,28.3,80.0
2023-03-19 07:00:00,3.8,47.3,85.4,40.0,46.5,41.2,240.0
2023-03-19 08:00:00,5.9,46.6,69.6,39.9,46.0,40.6,160.0
2023-03-19 09:00:00,7.0,44.9,75.9,39.0,45.3,39.7,130.0
2023-03-19 10:00:00,9.3,44.3,72.5,39.7,46.2,38.6,130.0
2023-03-19 11:00:00,11.0,43.8,71.0,37.6,43.2,39.4,130.0
2023-03-19 12:00:00,12.6,43.3,33.5,36.4,35.8,33.5,0.0
2023-03-19 13:00:00,14.2,43.0,32.2,35.4,34.1,32.5,0.0
2023-03-19 14:00:00,14.9,43.0,30.0,34.5,30.5,29.4,0.0
2023-03-19 15:00:00,15.3,43.0,30.0,34.8,31.9,28.1,0.0
2023-03-19 16:00:00,15.7,43.0,30.7,34.7,32.1,27.9,0.0
2023-03-19 17:00:00,15.7,43.0,29.7,34.5,31.4,27.1,0.0
2023-03-19 18:00:00,13.2,43.2,29.5,34.2,31.2,26.8,0.0
2023-03-19 19:00:00,10.9,45.0,73.6,39.5,45.3,40.4,240.0
2023-03-19 20:00:00,10.6,45.2,67.9,38.2,40.0,39.3,110.0
2023-03-19 21:00:00,9.6,45.4,55.5,40.0,44.7,41.0,170.0
2023-03-19 22:00:00,9.5,44.9,69.6,38.6,41.0,40.2,120.0
2023-03-19 23:00:00,8.7,45.3,34.1,37.4,36.2,33.9,0.0
2023-03-20 00:00:00,7.6,45.8,32.7,36.5,34.0,32.6,0.0
2023-03-20 01:00:00,6.8,46.1,29.6,35.5,30.0,28.7,0.0
2023-03-20 02:00:00,6.3,46.4,29.7,35.0,31.2,27.8,0.0
2023-03-20 03:00:00,6.0,46.6,29.9,35.1,31.4,27.0,0.0
2023-03-20 04:00:00,5.6,46.6,29.7,35.1,30.9,26.6,0.0
2023-03-20 05:00:00,5.7,46.6,29.3,34.8,29.9,26.1,0.0
2023-03-20 06:00:00,5.5,49.0,77.5,44.9,51.0,37.9,200.0
2023-03-20 07:00:00,6.6,48.4,84.6,42.2,48.9,42.5,190.0
2023-03-20 08:00:00,7.8,47.5,83.5,41.3,47.8,42.2,160.0
2023-03-20 09:00:00,9.7,46.1,81.0,40.0,46.2,41.5,150.0
2023-03-20 10:00:00,12.0,44.3,77.9,38.5,44.7,40.1,130.0
2023-03-20 11:00:00,14.0,43.1,37.4,37.2,34.8,34.8,40.0
2023-03-20 12:00:00,16.1,43.0,33.4,36.1,35.3,33.1,0.0
2023-03-20 13:00:00,17.6,43.0,31.4,35.2,31.7,30.4,0.0
2023-03-20 14:00:00,18.4,43.0,30.6,35.5,31.9,28.7,0.0
2023-03-20 15:00:00,19.2,43.0,30.8,35.2,32.7,28.5,0.0
2023-03-20 16:00:00,19.1,43.0,30.4,34.9,32.0,27.7,0.0
2023-03-20 17:00:00,18.0,43.0,30.0,34.5,31.4,27.4,0.0
2023-03-20 18:00:00,17.3,43.0,29.7,34.1,31.5,27.0,0.0
2023-03-20 19:00:00,16.2,43.0,30.1,33.6,31.2,26.9,0.0
2023-03-20 20:00:00,16.3,43.0,71.0,37.9,43.3,39.3,210.0
2023-03-20 21:00:00,15.8,43.0,70.0,36.6,42.5,38.2,100.0
2023-03-20 22:00:00,15.4,43.0,57.6,37.5,39.0,38.3,110.0
2023-03-20 23:00:00,15.2,43.0,32.3,36.0,34.8,32.8,0.0
2023-03-21 00:00:00,15.0,43.0,31.1,34.3,32.4,31.8,0.0
2023-03-21 01:00:00,14.2,43.0,29.7,32.2,29.3,29.4,0.0
2023-03-21 02:00:00,14.0,43.0,28.9,29.8,27.4,28.2,0.0
2023-03-21 03:00:00,13.4,43.3,27.3,28.4,27.0,27.5,0.0
2023-03-21 04:00:00,12.8,43.8,26.5,27.0,26.8,26.8,0.0
2023-03-21 05:00:00,11.6,44.6,32.4,28.1,31.1,26.4,0.0
2023-03-21 06:00:00,11.3,47.0,76.9,43.1,49.1,37.5,190.0
2023-03-21 07:00:00,13.0,45.9,79.8,40.0,46.4,41.0,150.0
2023-03-21 08:00:00,13.7,45.6,77.6,39.3,45.6,40.5,130.0
2023-03-21 09:00:00,14.9,45.5,75.7,38.9,45.0,40.3,140.0
2023-03-21 10:00:00,15.7,45.5,32.8,37.5,33.7,33.6,0.0
2023-03-21 11:00:00,16.7,45.5,32.9,36.3,34.7,31.4,0.0
2023-03-21 12:00:00,17.2,45.5,31.4,35.3,32.8,30.2,0.0
2023-03-21 13:00:00,18.1,45.5,30.8,36.0,32.1,28.1,0.0
2023-03-21 14:00:00,18.2,45.5,30.8,36.0,32.0,27.6,0.0
2023-03-21 15:00:00,17.8,45.5,30.7,35.9,32.1,27.8,0.0
2023-03-21 16:00:00,17.3,45.5,30.5,35.4,32.3,27.6,0.0
2023-03-21 17:00:00,16.7,44.0,71.2,38.8,44.4,32.3,100.0
2023-03-21 18:00:00,16.0,44.0,71.3,37.6,43.3,39.4,170.0
2023-03-21 19:00:00,14.6,44.0,69.2,37.7,43.4,39.1,120.0
2023-03-21 20:00:00,14.5,44.0,71.1,38.8,44.9,39.4,120.0
2023-03-21 21:00:00,14.0,44.0,66.8,38.2,43.7,39.8,130.0
2023-03-21 22:00:00,13.7,44.3,69.9,38.5,40.2,39.4,100.0
2023-03-21 23:00:00,13.6,44.3,34.0,37.2,36.0,34.0,0.0
2023-03-22 00:00:00,13.1,44.6,32.4,35.9,33.9,32.8,0.0
2023-03-22 01:00:00,12.9,44.7,30.2,34.7,31.1,29.8,0.0
2023-03-22 02:00:00,12.3,45.2,30.1,34.7,31.9,28.8,0.0
2023-03-22 03:00:00,11.3,46.0,30.6,35.4,32.5,28.0,0.0
2023-03-22 04:00:00,10.3,46.5,30.5,35.4,32.0,27.4,0.0
2023-03-22 05:00:00,10.5,46.6,30.1,35.2,31.7,27.1,0.0
2023-03-22 06:00:00,10.6,44.1,74.7,39.0,44.5,31.4,90.0
2023-03-22 07:00:00,11.2,43.9,76.5,37.7,43.6,39.5,170.0
2023-03-22 08:00:00,11.3,43.8,74.6,37.3,43.4,38.9,120.0
2023-03-22 09:00:00,13.1,43.3,72.8,37.0,42.9,38.6,110.0
2023-03-22 10:00:00,14.8,43.0,39.2,35.9,34.4,34.3,40.0
2023-03-22 11:00:00,16.3,43.0,31.9,34.8,33.7,32.6,0.0
2023-03-22 12:00:00,17.2,43.0,30.4,33.8,31.5,30.7,0.0
2023-03-22 13:00:00,17.4,43.0,28.9,32.9,30.5,28.8,0.0
2023-03-22 14:00:00,17.7,43.0,29.1,33.0,31.3,28.1,0.0
2023-03-22 15:00:00,16.3,43.0,29.5,33.5,31.8,27.6,0.0
2023-03-22 16:00:00,15.6,43.0,29.4,33.5,31.5,27.0,0.0
2023-03-22 17:00:00,15.2,43.0,29.2,33.3,31.4,26.8,0.0
2023-03-22 18:00:00,14.1,43.0,59.6,31.8,35.9,26.4,0.0
2023-03-22 19:00:00,13.2,43.3,69.8,37.3,42.8,39.1,210.0
2023-03-22 20:00:00,12.2,43.6,65.2,37.4,43.0,38.6,120.0
2023-03-22 21:00:00,11.3,43.9,73.5,38.1,44.3,39.8,130.0
2023-03-22 22:00:00,10.9,44.1,65.5,38.3,39.7,39.0,100.0
2023-03-22 23:00:00,10.2,44.2,33.7,36.9,36.0,33.7,0.0
2023-03-23 00:00:00,9.7,44.4,32.0,35.5,33.2,32.5,0.0
2023-03-23 01:00:00,9.2,44.6,29.2,34.5,30.0,29.0,0.0
2023-03-23 02:00:00,8.6,44.8,29.3,34.2,31.0,28.2,0.0
2023-03-23 03:00:00,7.9,44.9,29.7,34.3,31.6,27.3,0.0
2023-03-23 04:00:00,7.5,45.1,29.4,34.3,30.9,26.6,0.0
2023-03-23 05:00:00,7.0,45.3,29.7,34.2,33.1,26.4,0.0
2023-03-23 06:00:00,6.7,45.4,68.2,40.9,45.6,34.6,140.0
2023-03-23 07:00:00,7.7,45.0,78.5,38.9,45.1,40.2,170.0
2023-03-23 08:00:00,9.0,44.6,76.8,38.1,44.3,39.5,120.0
2023-03-23 09:00:00,10.8,44.0,73.6,37.6,43.7,39.3,120.0
2023-03-23 10:00:00,12.3,43.5,38.8,36.5,35.0,35.0,50.0
2023-03-23 11:00:00,13.7,43.1,32.6,35.3,35.0,32.9,0.0
2023-03-23 12:00:00,15.1,43.0,30.7,34.4,31.6,30.7,0.0
2023-03-23 13:00:00,16.2,43.0,29.6,34.1,31.7,28.5,0.0
2023-03-23 14:00:00,17.8,43.0,30.2,34.4,32.2,28.1,0.0
2023-03-23 15:00:00,18.1,43.0,30.1,34.2,32.0,27.6,0.0
2023-03-23 16:00:00,17.4,43.0,29.9,34.0,31.8,27.5,0.0
2023-03-23 17:00:00,17.1,43.0,29.5,33.6,31.4,27.2,0.0
2023-03-23 18:00:00,15.8,43.0,29.2,33.2,31.3,27.1,0.0
2023-03-23 19:00:00,15.2,43.0,28.9,32.8,31.1,26.9,0.0
2023-03-23 20:00:00,14.5,43.0,69.4,40.0,45.8,36.8,170.0
2023-03-23 21:00:00,13.3,43.2,66.4,36.7,42.5,38.3,110.0
2023-03-23 22:00:00,12.2,43.5,65.9,37.6,39.9,39.0,120.0
2023-03-23 23:00:00,11.4,43.8,33.7,36.2,35.5,33.3,0.0
2023-03-24 00:00:00,10.7,44.0,31.7,35.3,33.5,32.2,0.0
2023-03-24 01:00:00,10.2,44.2,29.8,34.1,30.1,29.6,0.0
2023-03-24 02:00:00,9.5,44.5,28.0,33.2,28.4,28.0,0.0
2023-03-24 03:00:00,8.8,44.8,27.1,32.1,27.6,27.4,0.0
2023-03-24 04:00:00,8.4,44.8,26.0,31.1,26.9,26.7,0.0
2023-03-24 05:00:00,7.6,45.1,25.5,30.5,27.6,26.1,0.0
2023-03-24 06:00:00,7.4,45.2,51.5,31.3,36.3,28.4,60.0
2023-03-24 07:00:00,8.8,44.7,71.2,38.5,44.2,39.8,210.0
2023-03-24 08:00:00,10.3,44.3,80.4,38.3,44.6,40.0,140.0
2023-03-24 09:00:00,12.0,43.7,78.0,37.9,44.0,39.6,130.0
2023-03-24 10:00:00,13.8,43.0,33.5,36.6,36.7,34.1,0.0
2023-03-24 11:00:00,15.5,43.0,32.3,35.5,34.1,32.9,0.0
2023-03-24 12:00:00,17.0,43.0,30.4,34.5,31.1,30.7,0.0
2023-03-24 13:00:00,18.6,43.0,29.8,34.3,31.7,28.6,0.0
2023-03-24 14:00:00,19.4,43.0,30.3,34.3,32.3,28.0,0.0
2023-03-24 15:00:00,19.9,43.0,30.3,34.4,32.3,27.8,0.0
2023-03-24 16:00:00,20.2,43.0,30.1,34.2,32.0,27.7,0.0
2023-03-24 17:00:00,19.9,43.0,29.8,33.8,31.8,27.5,0.0
2023-03-24 18:00:00,18.5,43.0,29.6,33.4,31.7,27.5,0.0
2023-03-24 19:00:00,15.7,43.0,29.2,33.0,31.4,27.2,0.0
2023-03-24 20:00:00,15.4,43.0,28.9,32.6,31.0,26.9,0.0
2023-03-24 21:00:00,14.6,43.0,28.5,32.2,30.8,26.9,0.0
2023-03-24 22:00:00,14.1,43.0,28.2,31.7,30.5,26.6,0.0
2023-03-24 23:00:00,12.9,43.3,27.8,31.2,30.2,26.5,0.0
2023-03-25 00:00:00,12.2,43.6,27.4,30.7,29.8,26.2,0.0
2023-03-25 01:00:00,11.6,43.8,26.9,30.1,29.5,26.0,0.0
2023-03-25 02:00:00,11.0,44.0,26.5,29.4,29.0,25.9,0.0
2023-03-25 03:00:00,10.6,44.1,26.0,28.6,28.5,25.8,0.0
2023-03-25 04:00:00,9.8,44.4,25.4,28.1,27.9,25.5,0.0
2023-03-25 05:00:00,10.1,44.3,24.7,27.5,27.2,25.4,0.0
2023-03-25 06:00:00,9.9,44.3,81.0,36.4,42.1,27.8,80.0
2023-03-25 07:00:00,10.8,44.0,73.7,37.2,43.1,38.9,190.0
2023-03-25 08:00:00,13.2,43.2,67.0,37.6,43.2,38.8,120.0
2023-03-25 09:00:00,15.7,43.0,60.7,36.5,37.1,36.9,80.0
2023-03-25 10:00:00,16.8,43.0,32.9,35.3,34.0,32.8,0.0
2023-03-25 11:00:00,18.6,43.0,30.8,34.3,32.6,31.7,0.0
2023-03-25 12:00:00,20.0,43.0,29.2,33.3,30.3,28.7,0.0
2023-03-25 13:00:00,20.9,43.0,28.5,32.5,30.1,27.8,0.0
2023-03-25 14:00:00,20.8,43.0,27.9,31.8,30.0,27.3,0.0
2023-03-25 15:00:00,20.7,43.0,27.7,31.3,30.1,26.9,0.0
2023-03-25 16:00:00,20.5,43.0,27.8,31.4,30.4,26.7,0.0
2023-03-25 17:00:00,19.5,43.0,28.0,31.6,30.5,26.5,0.0
2023-03-25 18:00:00,18.1,43.0,27.8,31.4,30.3,26.5,0.0
2023-03-25 19:00:00,17.1,43.0,59.3,32.7,37.6,27.8,50.0
2023-03-25 20:00:00,14.3,43.0,66.9,37.0,42.5,38.7,200.0
2023-03-25 21:00:00,14.2,43.0,67.9,37.0,42.8,38.2,100.0
2023-03-25 22:00:00,13.4,43.1,56.4,36.9,38.1,37.6,90.0
2023-03-25 23:00:00,12.1,43.7,32.9,35.8,35.5,33.0,0.0
2023-03-26 00:00:00,11.7,43.7,31.5,34.6,33.0,31.9,0.0
2023-03-26 01:00:00,11.1,43.9,29.1,33.7,29.5,28.7,0.0
2023-03-26 02:00:00,11.3,43.85,28.8,33.2,29.8,28.6,0.0
2023-03-26 03:00:00,11.5,43.8,28.5,32.7,30.1,28.5,0.0
2023-03-26 04:00:00,11.6,43.8,28.3,32.0,30.7,27.4,0.0
2023-03-26 05:00:00,11.5,43.8,28.4,32.5,30.8,26.9,0.0
2023-03-26 06:00:00,10.3,44.2,51.4,30.1,34.2,26.6,0.0
2023-03-26 07:00:00,10.2,44.3,73.8,38.1,43.8,39.9,220.0
2023-03-26 08:00:00,10.6,44.1,69.7,37.9,43.9,39.2,120.0
2023-03-26 09:00:00,11.4,43.9,63.9,38.1,43.8,39.1,120.0
2023-03-26 10:00:00,12.3,43.6,64.6,38.0,43.7,39.3,120.0
2023-03-26 11:00:00,13.6,43.1,40.3,37.3,35.1,35.1,50.0
2023-03-26 12:00:00,14.6,43.0,32.5,35.8,34.3,33.0,0.0
2023-03-26 13:00:00,15.0,43.0,30.5,34.9,30.8,30.3,0.0
2023-03-26 14:00:00,15.3,43.0,29.1,34.1,30.2,28.3,0.0
2023-03-26 15:00:00,15.6,43.0,29.1,33.3,30.9,27.8,0.0
2023-03-26 16:00:00,16.0,43.0,28.7,33.0,31.0,27.2,0.0
2023-03-26 17:00:00,16.2,43.0,28.8,33.1,31.0,27.1,0.0
2023-03-26 18:00:00,16.1,43.0,28.9,33.2,31.0,27.0,0.0
2023-03-26 19:00:00,14.7,43.0,71.3,37.8,43.6,31.5,90.0
2023-03-26 20:00:00,13.7,43.1,69.8,36.7,42.3,38.6,160.0
2023-03-26 21:00:00,13.2,45.0,70.8,40.6,46.8,40.2,140.0
2023-03-26 22:00:00,12.4,45.1,66.9,38.2,40.0,39.6,110.0
2023-03-26 23:00:00,12.5,45.1,34.9,37.2,34.7,33.9,0.0
2023-03-27 00:00:00,12.0,45.2,32.2,36.3,33.1,32.4,0.0
2023-03-27 01:00:00,11.6,45.2,30.2,35.3,30.6,29.6,0.0
2023-03-27 02:00:00,11.6,45.2,29.7,34.4,31.3,29.3,0.0
2023-03-27 03:00:00,11.6,45.2,29.4,33.7,31.5,28.0,0.0
2023-03-27 04:00:00,11.6,45.2,29.1,33.3,31.4,27.4,0.0
2023-03-27 05:00:00,11.7,45.2,29.5,33.9,31.6,27.1,0.0
2023-03-27 06:00:00,12.1,45.5,68.4,40.9,46.5,35.3,140.0
2023-03-27 07:00:00,12.1,45.5,78.4,39.4,45.7,40.6,160.0
2023-03-27 08:00:00,12.8,45.3,77.5,39.1,45.3,40.5,130.0
2023-03-27 09:00:00,13.5,44.0,75.3,38.8,44.5,40.3,130.0
2023-03-27 10:00:00,13.9,44.0,70.1,37.7,43.6,39.1,100.0
2023-03-27 11:00:00,11.2,44.6,71.5,38.8,44.8,40.0,130.0
2023-03-27 12:00:00,10.0,44.8,77.9,39.2,45.5,40.6,140.0
2023-03-27 13:00:00,10.9,44.7,77.0,38.8,45.1,40.4,120.0
2023-03-27 14:00:00,12.8,44.2,73.3,38.3,44.2,40.0,120.0
2023-03-27 15:00:00,13.7,44.0,70.0,37.6,43.3,39.4,110.0
2023-03-27 16:00:00,14.5,44.0,43.6,37.1,37.5,37.4,70.0
2023-03-27 17:00:00,10.4,44.8,70.9,37.2,43.2,33.0,50.0
2023-03-27 18:00:00,9.6,44.9,65.4,38.7,44.4,39.4,150.0
2023-03-27 19:00:00,10.1,44.8,78.3,39.1,45.3,40.7,140.0
2023-03-27 20:00:00,10.1,44.8,72.0,38.3,44.3,39.8,120.0
2023-03-27 21:00:00,10.4,44.8,76.3,39.3,45.5,40.4,120.0
2023-03-27 22:00:00,8.5,45.2,65.1,38.2,40.7,39.8,110.0
2023-03-27 23:00:00,7.4,45.4,34.7,37.1,37.5,33.9,0.0
2023-03-28 00:00:00,6.3,45.7,33.0,35.9,35.2,32.8,0.0
2023-03-28 01:00:00,5.5,45.8,31.7,36.5,33.2,29.4,0.0
2023-03-28 02:00:00,5.6,45.8,31.5,36.2,33.2,29.1,0.0
2023-03-28 03:00:00,5.6,45.8,31.2,35.7,32.5,27.8,0.0
2023-03-28 04:00:00,5.0,45.9,30.2,34.5,31.7,27.2,0.0
2023-03-28 05:00:00,5.1,46.0,29.4,33.4,31.1,26.8,0.0
2023-03-28 06:00:00,5.2,45.9,65.8,37.2,42.7,31.2,90.0
2023-03-28 07:00:00,5.1,46.0,76.8,39.8,46.0,40.7,200.0
2023-03-28 08:00:00,5.1,45.9,82.6,39.6,46.2,40.6,150.0
2023-03-28 09:00:00,5.5,45.8,82.9,39.5,46.0,40.6,140.0
2023-03-28 10:00:00,6.0,45.8,82.2,39.3,45.8,40.1,130.0
2023-03-28 11:00:00,6.7,45.6,79.5,38.8,45.2,40.0,140.0
2023-03-28 12:00:00,7.5,45.4,79.2,38.6,45.2,39.9,120.0
2023-03-28 13:00:00,7.6,45.3,78.2,38.8,45.1,39.9,140.0
2023-03-28 14:00:00,8.0,45.3,78.1,38.8,45.0,39.7,130.0
2023-03-28 15:00:00,5.8,45.8,82.4,39.3,45.9,40.2,130.0
2023-03-28 16:00:00,5.8,45.8,78.6,39.4,45.5,40.7,140.0
2023-03-28 17:00:00,4.7,46.2,81.1,39.3,45.8,40.3,130.0
2023-03-28 18:00:00,4.6,46.2,78.7,39.9,46.2,41.0,140.0
2023-03-28 19:00:00,3.9,46.9,85.1,41.0,47.7,41.8,160.0
2023-03-28 20:00:00,3.9,47.1,71.7,39.8,46.1,41.4,130.0
2023-03-28 21:00:00,3.7,47.2,83.7,41.3,48.0,42.0,160.0
2023-03-28 22:00:00,3.7,47.0,71.2,39.7,41.7,40.9,120.0
2023-03-28 23:00:00,3.1,47.6,35.0,38.4,37.2,34.8,0.0
2023-03-29 00:00:00,2.6,48.0,33.2,37.3,34.6,33.4,0.0
2023-03-29 01:00:00,2.5,48.2,30.5,36.4,31.5,29.3,0.0
2023-03-29 02:00:00,2.5,48.0,31.1,36.2,32.7,28.1,0.0
2023-03-29 03:00:00,2.5,48.3,30.7,36.0,31.9,27.6,0.0
2023-03-29 04:00:00,3.2,47.8,30.4,35.9,31.6,27.0,0.0
2023-03-29 05:00:00,2.5,48.1,29.7,33.9,33.2,26.6,0.0
2023-03-29 06:00:00,2.4,47.0,73.6,39.7,44.6,31.8,100.0
2023-03-29 07:00:00,2.8,46.8,85.4,40.3,46.9,41.4,210.0
2023-03-29 08:00:00,3.7,45.6,84.7,39.6,46.4,40.8,140.0
2023-03-29 09:00:00,4.4,45.3,82.8,38.5,44.8,40.1,140.0
2023-03-29 10:00:00,5.7,44.9,82.4,37.9,44.3,39.4,120.0
2023-03-29 11:00:00,6.4,44.8,79.8,37.9,44.2,39.3,130.0
2023-03-29 12:00:00,6.6,44.8,79.3,37.9,44.2,39.3,0.0
2023-03-29 13:00:00,8.5,44.6,77.1,37.7,44.0,39.3,220.0
2023-03-29 14:00:00,8.8,44.5,76.0,37.9,44.1,39.4,130.0
2023-03-29 15:00:00,9.4,44.5,74.5,37.8,43.9,39.2,120.0
2023-03-29 16:00:00,9.7,44.4,74.2,38.0,44.1,39.4,120.0
2023-03-29 17:00:00,10.0,44.4,69.3,38.0,43.9,39.4,120.0
2023-03-29 18:00:00,9.5,44.4,71.0,38.1,44.0,39.4,130.0
2023-03-29 19:00:00,9.1,45.0,74.3,38.8,45.1,39.8,130.0
2023-03-29 20:00:00,8.5,45.0,69.0,39.4,45.2,40.0,130.0
2023-03-29 21:00:00,8.2,45.0,69.4,39.1,44.7,40.4,130.0
2023-03-29 22:00:00,8.5,45.0,75.2,39.4,43.9,40.4,130.0
2023-03-29 23:00:00,8.3,45.0,36.8,37.9,34.4,33.8,0.0
2023-03-30 00:00:00,8.1,45.0,32.9,36.6,34.7,32.5,0.0
2023-03-30 01:00:00,7.9,45.0,31.1,35.7,31.9,30.4,0.0
2023-03-30 02:00:00,7.8,45.0,29.8,35.0,31.2,29.0,0.0
2023-03-30 03:00:00,7.9,45.0,30.7,35.6,32.6,27.8,0.0
2023-03-30 04:00:00,7.8,45.0,30.3,35.4,31.9,27.3,0.0
2023-03-30 05:00:00,7.4,45.0,30.0,35.2,31.3,26.8,0.0
2023-03-30 06:00:00,7.2,46.8,69.6,41.7,46.5,35.2,150.0
2023-03-30 07:00:00,7.5,46.7,83.0,40.5,47.1,41.3,180.0
2023-03-30 08:00:00,8.1,46.6,83.6,40.3,46.9,41.4,160.0
2023-03-30 09:00:00,10.0,45.5,80.8,39.9,46.2,41.2,140.0
2023-03-30 10:00:00,9.9,45.6,79.7,38.9,45.4,40.6,130.0
2023-03-30 11:00:00,11.0,45.2,74.0,38.7,44.8,40.0,130.0
2023-03-30 12:00:00,12.2,44.7,34.8,37.4,37.5,34.5,0.0
2023-03-30 13:00:00,13.2,44.2,32.9,36.4,35.0,33.2,0.0
2023-03-30 14:00:00,14.4,44.0,31.4,35.9,32.6,30.3,0.0
2023-03-30 15:00:00,15.7,44.0,31.0,35.4,31.8,28.8,0.0
2023-03-30 16:00:00,15.7,44.0,30.7,35.1,32.1,28.3,0.0
2023-03-30 17:00:00,16.3,44.0,30.3,34.6,31.8,27.8,0.0
2023-03-30 18:00:00,16.1,44.0,30.4,34.2,31.9,27.7,0.0
2023-03-30 19:00:00,15.4,44.0,27.1,31.3,30.4,27.5,0.0
2023-03-30 20:00:00,14.5,44.0,71.0,39.5,45.0,39.7,210.0
2023-03-30 21:00:00,14.6,44.0,49.1,37.1,41.8,38.8,110.0
2023-03-30 22:00:00,13.5,44.1,41.5,35.7,33.9,33.9,0.0
2023-03-30 23:00:00,13.1,44.3,33.8,33.8,33.0,32.3,0.0
2023-03-31 00:00:00,12.2,44.6,37.7,30.6,30.7,30.5,0.0
2023-03-31 01:00:00,12.6,44.4,37.6,27.7,28.5,28.3,0.0
2023-03-31 02:00:00,12.8,44.4,35.4,25.7,27.4,27.9,0.0
2023-03-31 03:00:00,12.5,44.6,32.0,25.0,27.1,27.2,0.0
2023-03-31 04:00:00,12.5,44.5,29.1,25.3,26.7,26.8,0.0
2023-03-31 05:00:00,12.4,44.7,27.1,24.9,26.6,26.4,0.0
2023-03-31 06:00:00,12.4,44.7,61.4,38.1,42.6,32.5,120.0
2023-03-31 07:00:00,12.3,44.7,70.7,39.4,45.3,40.3,170.0
2023-03-31 08:00:00,12.7,44.5,73.7,38.6,44.7,39.9,130.0
2023-03-31 09:00:00,13.5,44.2,71.9,38.1,44.1,39.6,120.0
2023-03-31 10:00:00,14.7,44.0,70.2,37.4,39.9,39.3,110.0
2023-03-31 11:00:00,16.4,44.0,34.1,36.2,35.3,33.9,0.0
2023-03-31 12:00:00,17.1,44.0,32.0,35.2,33.4,32.7,0.0
2023-03-31 13:00:00,18.0,44.0,29.8,34.2,30.1,29.8,0.0
2023-03-31 14:00:00,18.2,44.0,28.6,33.3,30.4,29.3,0.0
2023-03-31 15:00:00,18.0,44.0,29.1,32.6,31.3,28.3,0.0
2023-03-31 16:00:00,18.4,44.0,29.7,33.4,32.3,27.7,0.0
2023-03-31 17:00:00,18.8,44.0,29.8,33.7,32.1,27.5,0.0
2023-03-31 18:00:00,18.6,44.0,30.5,34.4,32.2,27.4,0.0
2023-03-31 19:00:00,17.7,44.0,29.9,34.1,31.4,27.5,0.0
2023-03-31 20:00:00,16.7,42.0,51.6,34.8,39.8,32.4,100.0
2023-03-31 21:00:00,16.8,42.0,70.9,38.0,43.5,38.5,130.0
2023-03-31 22:00:00,16.4,42.0,68.3,35.1,38.0,37.4,80.0
2023-03-31 23:00:00,16.2,42.0,32.5,34.1,35.5,32.7,0.0
2023-11-01 06:00:00,16.0,44.0,69.9,32.5,35.4,23.6,46900.0
2023-11-01 07:00:00,15.6,44.0,73.2,40.0,43.6,39.0,260.0
2023-11-01 08:00:00,16.2,44.0,71.7,39.5,43.5,38.5,130.0
2023-11-01 09:00:00,16.3,44.0,65.3,37.0,34.3,34.2,50.0
2023-11-01 10:00:00,17.3,44.0,53.8,34.7,35.6,31.5,0.0
2023-11-01 11:00:00,17.4,44.0,59.5,30.3,49.4,30.7,0.0
2023-11-01 12:00:00,18.0,44.0,55.2,27.5,46.1,27.3,0.0
2023-11-01 13:00:00,19.0,44.0,49.4,26.4,41.6,27.3,0.0
2023-11-01 14:00:00,18.9,44.0,57.4,24.5,25.9,25.9,0.0
2023-11-01 15:00:00,18.0,44.0,56.0,24.0,27.1,26.0,0.0
2023-11-01 16:00:00,17.2,44.0,54.0,24.1,27.4,25.9,0.0
2023-11-01 17:00:00,16.5,44.0,49.1,23.9,25.9,25.7,0.0
2023-11-01 18:00:00,15.7,42.0,68.4,36.0,39.9,28.6,70.0
2023-11-01 19:00:00,15.3,42.0,75.7,37.5,41.3,37.4,180.0
2023-11-01 20:00:00,14.9,42.0,81.9,38.3,42.9,37.5,130.0
2023-11-01 21:00:00,14.8,42.0,77.9,37.7,41.8,37.7,110.0
2023-11-01 22:00:00,14.4,42.0,77.8,37.1,37.1,36.7,90.0
2023-11-01 23:00:00,14.3,42.0,33.7,36.2,33.9,31.9,0.0
2023-11-02 00:00:00,14.4,42.0,31.9,35.3,31.2,30.8,0.0
2023-11-02 01:00:00,14.1,42.0,30.5,34.6,30.0,29.5,0.0
2023-11-02 02:00:00,14.1,42.0,29.5,33.9,28.5,27.2,0.0
2023-11-02 03:00:00,14.1,42.0,29.2,33.6,28.9,26.1,0.0
2023-11-02 04:00:00,13.9,42.0,29.2,33.4,29.1,25.7,0.0
2023-11-02 05:00:00,13.9,42.0,29.1,33.2,28.9,25.4,0.0
2023-11-02 06:00:00,13.8,46.0,70.2,41.9,45.4,34.1,160.0
2023-11-02 07:00:00,14.0,46.0,79.2,42.0,46.4,40.5,190.0
2023-11-02 08:00:00,15.1,44.0,77.9,39.1,43.3,38.7,120.0
2023-11-02 09:00:00,16.2,44.0,38.7,38.3,33.6,33.5,40.0
2023-11-02 10:00:00,16.6,44.0,34.0,37.3,33.5,31.9,0.0
2023-11-02 11:00:00,17.2,44.0,31.6,36.5,30.1,28.9,0.0
2023-11-02 12:00:00,18.1,44.0,28.4,31.7,27.4,27.0,0.0
2023-11-02 13:00:00,18.6,44.0,38.1,24.4,34.7,26.6,0.0
2023-11-02 14:00:00,19.1,44.0,50.9,24.4,26.5,26.5,0.0
2023-11-02 15:00:00,19.9,44.0,56.2,24.5,26.5,26.3,0.0
2023-11-02 16:00:00,18.9,44.0,55.1,24.4,26.1,25.9,0.0
2023-11-02 17:00:00,17.5,44.0,51.7,24.3,46.0,26.1,0.0
2023-11-02 18:00:00,16.7,44.0,46.9,24.3,42.4,26.0,0.0
2023-11-02 19:00:00,16.4,44.0,45.6,25.0,42.0,25.7,0.0
2023-11-02 20:00:00,16.3,43.0,72.3,41.7,45.7,35.5,170.0
2023-11-02 21:00:00,15.9,43.0,74.5,38.5,42.6,37.8,130.0
2023-11-02 22:00:00,16.2,43.0,74.6,38.5,38.8,38.3,120.0
2023-11-02 23:00:00,16.0,43.0,35.0,37.7,35.3,32.7,0.0
2023-11-03 00:00:00,16.0,43.0,33.3,36.9,32.8,31.6,0.0
2023-11-03 01:00:00,15.7,43.0,31.7,36.1,30.8,28.4,0.0
2023-11-03 02:00:00,15.1,43.0,31.6,35.7,30.9,27.0,0.0
2023-11-03 03:00:00,15.5,43.0,31.4,35.5,30.9,26.6,0.0
2023-11-03 04:00:00,16.4,43.0,31.1,35.2,30.5,26.2,0.0
2023-11-03 05:00:00,16.5,43.0,30.8,34.9,30.2,26.0,0.0
2023-11-03 06:00:00,16.4,43.0,71.8,42.3,46.2,36.1,170.0
2023-11-03 07:00:00,16.5,43.0,71.4,38.5,42.3,38.2,120.0
2023-11-03 08:00:00,17.4,43.0,71.3,38.7,42.6,38.2,120.0
2023-11-03 09:00:00,18.1,43.0,38.4,38.0,35.0,35.0,60.0
2023-11-03 10:00:00,20.7,43.0,34.1,37.1,34.3,31.3,0.0
2023-11-03 11:00:00,22.2,43.0,32.6,36.2,32.0,30.5,0.0
2023-11-03 12:00:00,23.2,43.0,33.1,35.7,31.3,28.0,0.0
2023-11-03 13:00:00,23.4,43.0,30.5,35.5,29.5,26.7,0.0
2023-11-03 14:00:00,23.2,43.0,30.5,35.0,30.6,26.6,0.0
2023-11-03 15:00:00,21.5,43.0,30.5,34.5,30.4,26.3,0.0
2023-11-03 16:00:00,21.5,43.0,30.0,34.1,29.7,26.1,0.0
2023-11-03 17:00:00,21.6,43.0,29.7,33.7,29.7,25.7,0.0
2023-11-03 18:00:00,20.0,43.0,29.4,33.4,29.3,25.6,0.0
2023-11-03 19:00:00,19.5,43.0,29.0,33.1,28.9,25.5,0.0
2023-11-03 20:00:00,19.1,43.0,52.9,30.6,33.4,25.7,0.0
2023-11-03 21:00:00,19.0,43.0,48.0,39.9,36.5,36.1,170.0
2023-11-03 22:00:00,18.8,43.0,35.4,39.0,35.9,31.1,0.0
2023-11-03 23:00:00,18.1,43.0,33.5,38.3,32.0,30.3,0.0
2023-11-04 00:00:00,18.1,43.0,31.8,37.5,30.4,28.2,0.0
2023-11-04 01:00:00,18.4,43.0,31.5,36.4,30.4,27.2,0.0
2023-11-04 02:00:00,18.5,43.0,31.4,36.1,30.9,26.8,0.0
2023-11-04 03:00:00,18.5,43.0,31.3,36.1,30.5,26.1,0.0
2023-11-04 04:00:00,18.5,43.0,31.0,35.6,30.4,25.7,0.0
2023-11-04 05:00:00,18.2,43.0,30.7,35.1,30.2,25.6,0.0
2023-11-04 06:00:00,18.4,43.0,83.8,40.1,44.8,30.6,110.0
2023-11-04 07:00:00,18.0,43.0,39.2,39.2,35.4,35.3,100.0
2023-11-04 08:00:00,18.0,43.0,74.7,39.3,36.8,36.1,80.0
2023-11-04 09:00:00,17.7,43.0,35.6,38.3,35.1,32.2,0.0
2023-11-04 10:00:00,17.8,43.0,32.9,37.1,31.8,30.7,0.0
2023-11-04 11:00:00,18.0,43.0,30.8,35.8,27.0,27.4,0.0
2023-11-04 12:00:00,18.1,43.0,28.6,35.4,27.1,27.2,0.0
2023-11-04 13:00:00,18.5,43.0,27.9,33.7,26.0,26.2,0.0
2023-11-04 14:00:00,18.2,43.0,28.2,33.8,27.0,25.8,0.0
2023-11-04 15:00:00,18.3,43.0,27.8,33.5,28.2,25.6,0.0
2023-11-04 16:00:00,17.6,43.0,26.6,30.9,26.7,25.2,0.0
2023-11-04 17:00:00,16.9,43.0,27.9,23.7,29.5,24.8,0.0
2023-11-04 18:00:00,15.8,43.0,31.0,26.4,32.8,24.6,0.0
2023-11-04 19:00:00,15.5,44.0,48.8,33.9,36.1,29.3,90.0
2023-11-04 20:00:00,14.7,44.0,96.5,39.2,44.0,39.2,200.0
2023-11-04 21:00:00,14.0,44.0,92.7,38.5,40.1,38.7,120.0
2023-11-04 22:00:00,13.1,44.0,60.5,39.4,39.2,38.2,110.0
2023-11-04 23:00:00,12.8,44.0,35.1,39.3,34.0,32.9,0.0
2023-11-05 00:00:00,12.7,44.0,33.5,38.9,32.0,31.6,0.0
2023-11-05 01:00:00,12.0,44.0,32.1,38.0,28.4,29.0,0.0
2023-11-05 02:00:00,12.4,44.0,30.1,36.7,27.1,27.2,0.0
2023-11-05 03:00:00,12.4,44.0,29.2,35.6,26.2,26.4,0.0
2023-11-05 04:00:00,12.2,44.0,27.8,34.3,26.2,25.9,0.0
2023-11-05 05:00:00,12.4,44.0,28.2,34.2,27.6,25.5,0.0
2023-11-05 06:00:00,12.6,44.0,65.3,31.3,33.9,25.0,0.0
2023-11-05 07:00:00,13.2,44.0,72.4,40.3,43.8,39.3,240.0
2023-11-05 08:00:00,16.3,43.0,56.4,38.1,35.7,35.5,70.0
2023-11-05 09:00:00,17.5,43.0,33.7,37.2,33.4,31.7,0.0
2023-11-05 10:00:00,18.6,43.0,32.3,36.4,30.2,29.7,0.0
2023-11-05 11:00:00,19.0,43.0,29.9,35.3,27.2,27.3,0.0
2023-11-05 12:00:00,19.5,43.0,29.2,34.7,26.5,26.4,0.0
2023-11-05 13:00:00,20.7,43.0,29.2,34.2,29.0,25.9,0.0
2023-11-05 14:00:00,20.9,43.0,29.1,33.6,29.0,25.8,0.0
2023-11-05 15:00:00,20.9,43.0,28.8,33.1,29.0,25.2,0.0
2023-11-05 16:00:00,20.7,43.0,28.8,32.9,29.0,24.9,0.0
2023-11-05 17:00:00,20.4,43.0,28.8,32.8,29.1,24.8,0.0
2023-11-05 18:00:00,20.6,43.0,28.8,32.7,29.0,24.7,0.0
2023-11-05 19:00:00,20.2,43.0,29.0,33.0,29.1,24.7,0.0
2023-11-05 20:00:00,19.6,43.0,29.0,33.1,29.2,24.7,0.0
2023-11-05 21:00:00,18.9,42.0,51.1,38.9,41.4,37.7,200.0
2023-11-05 22:00:00,18.8,42.0,60.9,37.6,37.4,36.7,100.0
2023-11-05 23:00:00,18.4,42.0,62.9,31.9,31.5,30.9,0.0
2023-11-06 00:00:00,17.8,42.0,52.1,29.2,39.7,29.5,0.0
2023-11-06 01:00:00,17.0,42.0,42.4,29.6,28.3,28.8,0.0
2023-11-06 02:00:00,16.9,42.0,30.7,30.1,26.7,27.8,0.0
2023-11-06 03:00:00,16.6,42.0,49.7,26.0,26.2,25.9,0.0
2023-11-06 04:00:00,15.9,42.0,49.4,24.1,36.2,25.9,0.0
2023-11-06 05:00:00,15.6,42.0,53.3,24.3,28.1,25.9,0.0
2023-11-06 06:00:00,14.7,44.0,74.5,40.4,44.5,32.0,120.0
2023-11-06 07:00:00,14.7,44.0,73.6,39.3,43.1,38.8,170.0
2023-11-06 08:00:00,15.3,44.0,55.1,39.1,37.6,37.2,90.0
2023-11-06 09:00:00,17.1,44.0,34.4,37.9,35.2,31.3,0.0
2023-11-06 10:00:00,19.0,44.0,32.8,37.0,32.0,30.4,0.0
2023-11-06 11:00:00,20.0,44.0,31.7,36.3,30.7,28.3,0.0
2023-11-06 12:00:00,21.1,44.0,31.2,35.9,30.2,26.6,0.0
2023-11-06 13:00:00,21.6,44.0,31.1,35.9,30.0,26.4,0.0
2023-11-06 14:00:00,21.8,44.0,30.4,35.4,29.3,26.5,0.0
2023-11-06 15:00:00,22.1,44.0,30.4,34.9,30.3,26.2,0.0
2023-11-06 16:00:00,20.8,44.0,30.3,34.6,30.1,26.0,0.0
2023-11-06 17:00:00,18.7,44.0,30.1,34.3,29.9,25.9,0.0
2023-11-06 18:00:00,18.0,44.0,29.8,34.0,29.9,25.8,0.0
2023-11-06 19:00:00,16.6,44.0,29.5,33.7,29.2,25.4,0.0
2023-11-06 20:00:00,15.8,44.0,57.7,31.9,34.2,25.2,0.0
2023-11-06 21:00:00,15.4,44.0,69.0,40.0,43.5,39.3,240.0
2023-11-06 22:00:00,14.3,44.0,64.7,39.5,39.5,38.6,120.0
2023-11-06 23:00:00,13.9,44.0,35.1,39.1,34.3,32.6,0.0
2023-11-07 00:00:00,13.2,44.0,33.0,37.8,31.9,31.4,0.0
2023-11-07 01:00:00,12.7,44.0,31.4,37.0,29.7,30.0,0.0
2023-11-07 02:00:00,12.0,44.0,30.4,36.1,27.6,27.4,0.0
2023-11-07 03:00:00,11.7,44.2,29.2,35.2,27.3,26.2,0.0
2023-11-07 04:00:00,11.1,44.4,28.7,34.5,28.0,25.7,0.0
2023-11-07 05:00:00,10.6,44.6,28.5,33.8,28.3,25.2,0.0
2023-11-07 06:00:00,10.6,43.3,72.9,39.0,42.4,30.2,90.0
2023-11-07 07:00:00,10.8,43.1,78.1,38.6,42.5,38.3,180.0
2023-11-07 08:00:00,11.9,42.2,76.4,38.1,42.2,37.5,120.0
2023-11-07 09:00:00,13.0,42.0,69.5,37.7,41.6,37.2,110.0
2023-11-07 10:00:00,14.7,42.0,58.0,37.2,36.0,35.6,80.0
2023-11-07 11:00:00,16.4,42.0,33.4,36.3,33.2,31.7,0.0
2023-11-07 12:00:00,18.3,42.0,31.7,35.5,30.3,30.6,0.0
2023-11-07 13:00:00,18.7,42.0,30.0,34.7,27.6,27.8,0.0
2023-11-07 14:00:00,18.7,42.0,29.7,34.5,27.3,27.3,0.0
2023-11-07 15:00:00,19.6,42.0,29.5,33.4,29.4,26.3,0.0
2023-11-07 16:00:00,17.6,42.0,28.7,32.7,28.5,25.8,0.0
2023-11-07 17:00:00,16.5,42.0,28.4,32.0,28.2,25.5,0.0
2023-11-07 18:00:00,16.9,42.0,28.3,31.8,28.6,24.9,0.0
2023-11-07 19:00:00,16.5,42.0,28.4,32.0,28.4,24.8,0.0
2023-11-07 20:00:00,16.1,42.0,28.3,32.0,28.5,24.7,0.0
2023-11-07 21:00:00,16.9,42.0,70.7,38.9,42.4,38.3,230.0
2023-11-07 22:00:00,17.0,42.0,58.5,37.2,36.2,35.9,70.0
2023-11-07 23:00:00,16.5,42.0,33.6,36.3,33.2,31.5,0.0
2023-11-08 00:00:00,16.3,42.0,32.0,35.4,31.4,30.5,0.0
2023-11-08 01:00:00,16.0,42.0,30.3,34.5,28.0,27.9,0.0
2023-11-08 02:00:00,16.0,42.0,28.7,33.1,26.3,26.4,0.0
2023-11-08 03:00:00,16.2,42.0,28.7,33.1,28.3,26.1,0.0
2023-11-08 04:00:00,15.9,42.0,28.4,32.4,28.8,25.7,0.0
2023-11-08 05:00:00,15.6,42.0,28.3,32.2,28.5,25.2,0.0
2023-11-08 06:00:00,15.5,43.0,68.8,41.0,44.9,33.3,140.0
2023-11-08 07:00:00,15.6,43.0,72.9,38.3,42.2,38.0,150.0
2023-11-08 08:00:00,15.4,43.0,72.5,38.7,42.7,38.0,120.0
2023-11-08 09:00:00,14.8,42.0,73.2,39.0,43.0,38.3,130.0
2023-11-08 10:00:00,14.7,42.0,72.9,37.7,41.5,37.5,100.0
2023-11-08 11:00:00,14.8,42.0,72.7,37.6,41.5,37.3,110.0
2023-11-08 12:00:00,14.9,42.0,73.1,37.8,41.7,37.6,120.0
2023-11-08 13:00:00,15.0,42.0,73.4,37.9,41.8,37.6,110.0
2023-11-08 14:00:00,15.1,42.0,73.0,37.9,41.8,37.7,120.0
2023-11-08 15:00:00,15.1,42.0,72.8,38.0,41.9,37.7,110.0
2023-11-08 16:00:00,15.0,42.0,72.8,38.0,41.9,37.9,110.0
2023-11-08 17:00:00,14.5,42.0,73.5,38.1,42.1,37.9,120.0
2023-11-08 18:00:00,13.7,42.0,72.9,38.1,41.9,37.9,110.0
2023-11-08 19:00:00,12.8,42.0,74.1,38.1,42.1,37.8,110.0
2023-11-08 20:00:00,12.5,42.0,71.2,37.8,41.8,37.7,110.0
2023-11-08 21:00:00,12.2,44.0,63.6,40.8,44.3,39.4,140.0
2023-11-08 22:00:00,12.1,44.0,67.5,39.5,41.6,39.1,120.0
2023-11-08 23:00:00,12.1,44.0,35.4,38.3,35.2,33.2,0.0
2023-11-09 00:00:00,12.0,44.0,33.4,37.5,32.6,32.2,0.0
2023-11-09 01:00:00,11.2,44.4,31.1,36.6,28.6,28.9,0.0
2023-11-09 02:00:00,10.3,44.9,30.0,35.8,28.0,27.4,0.0
2023-11-09 03:00:00,9.8,45.2,29.7,35.0,28.0,26.9,0.0
2023-11-09 04:00:00,8.8,45.8,29.2,34.3,27.7,26.1,0.0
2023-11-09 05:00:00,8.2,46.1,28.7,33.6,27.4,25.7,0.0
2023-11-09 06:00:00,8.3,44.8,81.0,39.3,43.7,29.3,100.0
2023-11-09 07:00:00,8.1,45.2,80.1,40.1,44.4,39.3,200.0
2023-11-09 08:00:00,9.4,43.8,79.4,40.3,44.6,39.4,140.0
2023-11-09 09:00:00,10.0,43.3,77.6,39.3,43.5,38.9,130.0
2023-11-09 10:00:00,10.2,43.2,77.5,38.9,42.9,38.5,130.0
2023-11-09 11:00:00,10.4,43.0,76.8,38.5,42.6,38.3,120.0
2023-11-09 12:00:00,11.0,42.5,75.9,38.5,42.5,38.3,120.0
2023-11-09 13:00:00,11.8,41.5,70.8,37.9,41.6,37.8,110.0
2023-11-09 14:00:00,12.4,41.5,69.3,37.4,41.1,37.3,110.0
2023-11-09 15:00:00,12.8,41.5,38.7,36.8,33.2,33.3,40.0
2023-11-09 16:00:00,12.3,41.5,33.4,35.9,33.8,32.0,0.0
2023-11-09 17:00:00,11.2,42.7,76.5,40.4,44.4,38.7,180.0
2023-11-09 18:00:00,10.8,43.7,73.6,39.2,43.0,38.8,130.0
2023-11-09 19:00:00,10.4,44.2,79.2,41.2,45.7,40.0,140.0
2023-11-09 20:00:00,9.8,44.6,65.5,40.3,43.7,39.0,120.0
2023-11-09 21:00:00,9.0,45.0,70.9,40.3,40.4,40.0,130.0
2023-11-09 22:00:00,9.1,45.0,89.0,41.1,42.0,40.6,160.0
2023-11-09 23:00:00,9.0,45.2,37.3,40.4,37.1,33.9,0.0
2023-11-10 00:00:00,9.0,45.0,34.4,39.1,33.4,32.5,0.0
2023-11-10 01:00:00,8.5,45.4,32.4,38.7,31.1,28.9,0.0
2023-11-10 02:00:00,7.9,45.9,32.7,38.5,31.6,27.6,0.0
2023-11-10 03:00:00,8.2,45.6,32.4,38.1,31.4,26.9,0.0
2023-11-10 04:00:00,9.0,45.2,31.9,37.5,30.7,26.4,0.0
2023-11-10 05:00:00,9.8,44.6,54.2,31.2,33.0,25.7,0.0
2023-11-10 06:00:00,9.9,44.4,68.9,40.0,43.4,39.6,230.0
2023-11-10 07:00:00,10.2,44.3,80.2,40.4,44.7,39.7,140.0
2023-11-10 08:00:00,11.1,43.6,78.1,39.7,43.8,39.0,130.0
2023-11-10 09:00:00,11.6,40.5,68.5,36.1,39.2,36.9,90.0
2023-11-10 10:00:00,13.7,40.0,67.3,37.2,41.0,33.0,70.0
2023-11-10 11:00:00,14.7,40.0,32.9,35.5,34.0,31.9,0.0
2023-11-10 12:00:00,15.3,40.0,31.8,35.2,31.0,30.9,0.0
2023-11-10 13:00:00,16.5,40.0,30.2,34.4,28.2,28.6,0.0
2023-11-10 14:00:00,16.3,40.0,28.6,32.4,26.0,26.6,0.0
2023-11-10 15:00:00,16.3,40.0,26.6,32.7,26.4,26.3,0.0
2023-11-10 16:00:00,15.5,40.0,27.1,32.8,26.8,25.6,0.0
2023-11-10 17:00:00,14.7,40.0,26.9,32.1,26.5,25.2,0.0
2023-11-10 18:00:00,14.3,40.0,26.3,31.3,26.0,24.8,0.0
2023-11-10 19:00:00,14.1,40.0,26.2,30.9,26.2,24.5,0.0
2023-11-10 20:00:00,14.0,44.0,60.2,41.1,44.1,26.9,60.0
2023-11-10 21:00:00,14.1,45.0,69.4,41.3,44.8,40.2,230.0
2023-11-10 22:00:00,14.0,44.0,59.4,39.5,39.8,38.5,120.0
2023-11-10 23:00:00,14.3,44.0,44.0,36.5,33.8,32.2,0.0
2023-11-11 00:00:00,14.1,44.0,46.0,31.2,29.9,29.6,0.0
2023-11-11 01:00:00,14.0,44.0,48.7,29.1,28.0,27.5,0.0
2023-11-11 02:00:00,13.9,44.0,44.4,27.2,32.2,26.9,0.0
2023-11-11 03:00:00,14.0,44.0,42.9,26.0,30.4,26.4,0.0
2023-11-11 04:00:00,14.0,44.0,40.8,25.3,28.6,25.8,0.0
2023-11-11 05:00:00,13.6,44.0,38.3,24.8,26.2,25.3,0.0
2023-11-11 06:00:00,13.8,45.0,55.1,38.6,35.4,26.1,50.0
2023-11-11 07:00:00,13.9,45.0,70.4,41.4,45.2,40.1,240.0
2023-11-11 08:00:00,14.2,44.0,67.8,39.7,43.7,38.6,120.0
2023-11-11 09:00:00,14.7,44.0,67.4,40.9,44.6,39.5,150.0
2023-11-11 10:00:00,16.6,44.0,51.0,39.6,35.8,35.8,60.0
2023-11-11 11:00:00,16.6,44.0,57.5,36.8,34.9,34.4,60.0
2023-11-11 12:00:00,16.4,44.0,33.9,36.5,32.1,30.9,0.0
2023-11-11 13:00:00,16.9,42.0,66.9,40.6,43.9,38.6,180.0
2023-11-11 14:00:00,17.0,42.0,37.7,38.3,35.5,33.0,0.0
2023-11-11 15:00:00,16.7,42.0,33.3,37.6,32.8,31.6,0.0
2023-11-11 16:00:00,16.1,42.0,38.5,36.3,38.4,36.6,140.0
2023-11-11 17:00:00,15.0,42.0,66.9,38.1,41.5,38.0,140.0
2023-11-11 18:00:00,14.9,42.0,67.0,38.6,42.6,37.6,110.0
2023-11-11 19:00:00,14.0,42.0,60.5,38.5,41.6,37.7,120.0
2023-11-11 20:00:00,13.6,42.0,60.0,38.5,41.4,38.0,110.0
2023-11-11 21:00:00,12.6,42.0,71.6,38.8,43.0,37.6,110.0
2023-11-11 22:00:00,12.4,44.0,62.5,40.2,40.4,39.3,140.0
2023-11-11 23:00:00,12.1,44.0,35.6,39.2,35.3,33.2,0.0
2023-11-12 00:00:00,10.8,44.6,33.9,38.3,33.1,32.0,0.0
2023-11-12 01:00:00,10.5,44.9,31.5,37.4,29.4,29.2,0.0
2023-11-12 02:00:00,9.2,45.6,30.7,36.5,28.4,28.2,0.0
2023-11-12 03:00:00,8.7,45.9,30.3,35.7,29.7,26.8,0.0
2023-11-12 04:00:00,8.9,45.7,30.0,35.0,30.1,26.2,0.0
2023-11-12 05:00:00,8.9,45.6,29.8,34.8,29.3,25.7,0.0
2023-11-12 06:00:00,8.9,45.7,55.1,31.2,33.9,25.5,0.0
2023-11-12 07:00:00,9.1,45.6,76.9,41.3,45.1,40.3,260.0
2023-11-12 08:00:00,9.6,45.3,65.2,41.9,45.2,39.7,140.0
2023-11-12 09:00:00,10.5,44.9,66.1,40.2,43.7,39.7,140.0
2023-11-12 10:00:00,11.0,44.5,69.7,41.2,44.8,39.8,140.0
2023-11-12 11:00:00,11.9,44.1,59.8,40.3,43.1,39.0,130.0
2023-11-12 12:00:00,12.9,44.0,68.0,40.7,44.2,39.5,140.0
2023-11-12 13:00:00,13.1,43.0,63.7,39.1,42.4,38.5,120.0
2023-11-12 14:00:00,12.9,43.0,66.8,39.3,43.1,38.4,120.0
2023-11-12 15:00:00,12.9,43.0,69.2,39.6,43.4,38.7,130.0
2023-11-12 16:00:00,12.5,43.0,71.5,39.4,43.5,38.5,120.0
2023-11-12 17:00:00,12.4,43.0,70.3,39.3,43.4,38.5,130.0
2023-11-12 18:00:00,12.1,43.0,69.4,39.2,42.7,38.8,120.0
2023-11-12 19:00:00,11.6,43.2,69.0,39.7,43.4,38.5,120.0
2023-11-12 20:00:00,11.0,43.6,70.1,39.9,43.2,39.1,130.0
2023-11-12 21:00:00,10.5,44.0,73.3,40.1,44.2,39.6,140.0
2023-11-12 22:00:00,10.3,44.2,67.5,39.4,39.9,39.1,110.0
2023-11-12 23:00:00,9.7,44.7,35.4,38.8,34.9,32.8,0.0
2023-11-13 00:00:00,10.1,44.4,33.2,37.8,32.3,31.7,0.0
2023-11-13 01:00:00,10.8,43.9,31.9,37.1,30.6,30.4,0.0
2023-11-13 02:00:00,10.0,44.4,30.9,36.2,29.4,28.2,0.0
2023-11-13 03:00:00,9.5,44.7,30.5,35.6,29.8,26.7,0.0
2023-11-13 04:00:00,8.6,45.5,30.4,35.5,29.4,26.0,0.0
2023-11-13 05:00:00,8.3,45.7,30.2,35.2,29.5,25.6,0.0
2023-11-13 06:00:00,7.7,46.1,70.9,36.2,40.9,28.9,70.0
2023-11-13 07:00:00,8.0,45.7,82.1,41.2,45.4,40.5,230.0
2023-11-13 08:00:00,8.5,45.5,80.9,40.7,45.0,39.8,140.0
2023-11-13 09:00:00,9.3,45.0,78.0,40.3,44.5,39.6,140.0
2023-11-13 10:00:00,10.0,44.4,78.7,40.0,44.3,39.3,140.0
2023-11-13 11:00:00,10.9,43.6,77.2,39.9,44.0,39.2,130.0
2023-11-13 12:00:00,11.9,43.2,71.0,39.1,42.8,38.7,130.0
2023-11-13 13:00:00,13.2,43.0,47.7,37.9,35.0,35.0,60.0
2023-11-13 14:00:00,13.5,43.0,34.0,37.0,34.0,32.4,0.0
2023-11-13 15:00:00,13.7,43.0,32.1,36.1,30.4,31.4,0.0
2023-11-13 16:00:00,12.7,42.0,65.1,37.6,42.9,31.9,80.0
2023-11-13 17:00:00,11.5,42.2,73.1,37.7,41.5,38.0,160.0
2023-11-13 18:00:00,10.8,45.6,75.0,41.6,45.8,39.8,160.0
2023-11-13 19:00:00,11.0,45.6,75.1,41.9,45.8,40.8,150.0
2023-11-13 20:00:00,10.3,46.0,64.0,41.9,45.2,40.3,140.0
2023-11-13 21:00:00,9.5,46.3,63.3,41.5,45.2,40.6,150.0
2023-11-13 22:00:00,9.1,46.6,67.5,42.5,42.8,41.4,160.0
2023-11-13 23:00:00,8.4,47.0,33.9,41.7,33.1,33.2,0.0
2023-11-14 00:00:00,8.2,47.2,32.4,38.5,31.3,31.2,0.0
2023-11-14 01:00:00,7.7,47.4,30.6,36.0,28.8,30.1,0.0
2023-11-14 02:00:00,7.4,47.5,29.4,33.8,26.9,29.0,0.0
2023-11-14 03:00:00,7.3,47.6,28.1,31.9,25.7,27.5,0.0
2023-11-14 04:00:00,8.1,47.2,26.6,35.9,26.4,26.5,0.0
2023-11-14 05:00:00,7.5,47.6,29.6,28.8,30.3,25.9,0.0
2023-11-14 06:00:00,7.0,47.8,73.6,44.4,47.5,35.9,160.0
2023-11-14 07:00:00,7.3,47.8,83.4,43.6,48.3,42.0,210.0
2023-11-14 08:00:00,8.0,46.6,80.2,42.5,46.8,41.4,160.0
2023-11-14 09:00:00,9.8,45.3,78.0,41.5,45.7,40.6,150.0
2023-11-14 10:00:00,11.9,44.1,74.5,40.6,44.7,39.9,140.0
2023-11-14 11:00:00,13.6,44.0,54.8,41.9,34.8,34.9,50.0
2023-11-14 12:00:00,15.3,44.0,70.2,41.6,42.7,30.7,50.0
2023-11-14 13:00:00,17.1,44.0,39.2,37.0,32.9,31.9,0.0
2023-11-14 14:00:00,17.0,44.0,32.8,36.7,31.3,31.1,0.0
2023-11-14 15:00:00,17.7,44.0,31.0,35.1,28.3,28.7,0.0
2023-11-14 16:00:00,16.6,44.0,29.4,33.4,26.3,27.0,0.0
2023-11-14 17:00:00,15.5,43.0,71.2,37.2,40.3,28.6,70.0
2023-11-14 18:00:00,14.8,43.0,67.7,39.4,42.9,38.8,190.0
2023-11-14 19:00:00,14.2,43.0,68.5,38.8,42.6,38.1,120.0
2023-11-14 20:00:00,13.4,43.0,69.8,39.9,44.0,38.2,120.0
2023-11-14 21:00:00,12.4,43.0,68.9,39.3,43.2,38.7,130.0
2023-11-14 22:00:00,11.9,43.0,72.5,39.5,40.5,39.4,130.0
2023-11-14 23:00:00,12.0,43.1,37.5,38.3,34.7,33.3,0.0
2023-11-15 00:00:00,11.9,43.2,33.2,37.3,32.4,32.2,0.0
2023-11-15 01:00:00,11.4,43.3,31.4,36.4,28.9,29.5,0.0
2023-11-15 02:00:00,12.9,43.0,30.3,35.8,28.4,27.7,0.0
2023-11-15 03:00:00,14.5,43.0,30.1,35.1,28.7,26.7,0.0
2023-11-15 04:00:00,14.2,43.0,29.9,34.5,29.9,26.2,0.0
2023-11-15 05:00:00,14.2,43.0,29.3,29.0,31.0,25.8,0.0
2023-11-15 06:00:00,14.7,43.0,69.4,41.1,44.8,33.0,130.0
2023-11-15 07:00:00,15.5,43.0,67.2,38.7,42.2,38.2,150.0
2023-11-15 08:00:00,15.6,43.0,66.5,38.8,42.4,37.8,120.0
2023-11-15 09:00:00,14.4,43.0,69.6,39.2,43.2,38.3,120.0
2023-11-15 10:00:00,14.4,43.0,68.7,39.7,43.4,38.8,130.0
2023-11-15 11:00:00,14.7,43.0,69.9,39.8,43.5,38.8,130.0
2023-11-15 12:00:00,15.2,43.0,68.2,39.5,43.0,38.9,130.0
2023-11-15 13:00:00,15.6,43.0,69.7,39.1,42.9,38.4,120.0
2023-11-15 14:00:00,15.4,43.0,68.5,38.9,42.7,38.2,120.0
2023-11-15 15:00:00,15.0,43.0,71.5,38.8,42.7,38.3,110.0
2023-11-15 16:00:00,14.2,43.0,72.7,39.6,43.6,38.9,130.0
2023-11-15 17:00:00,13.9,43.0,71.2,39.3,43.0,38.8,130.0
2023-11-15 18:00:00,13.5,43.0,71.4,38.8,42.7,38.5,110.0
2023-11-15 19:00:00,13.6,43.0,72.0,38.9,42.8,38.5,120.0
2023-11-15 20:00:00,13.3,43.0,69.0,39.4,43.0,38.3,120.0
2023-11-15 21:00:00,13.4,44.0,63.5,39.1,42.7,39.0,120.0
2023-11-15 22:00:00,13.2,44.0,68.8,40.7,40.7,39.7,140.0
2023-11-15 23:00:00,12.9,44.0,35.6,39.1,34.7,33.9,0.0
2023-11-16 00:00:00,12.9,44.0,34.0,38.2,33.1,33.0,0.0
2023-11-16 01:00:00,12.68,44.04,33.12,37.46,32.32,31.56,0.0
2023-11-16 02:00:00,12.46,44.08,32.24,36.72,31.54,30.12,0.0
2023-11-16 03:00:00,12.24,44.12,31.36,35.98,30.76,28.68,0.0
2023-11-16 04:00:00,12.02,44.16,30.48,35.24,29.98,27.24,0.0
2023-11-16 05:00:00,11.8,44.2,29.6,34.5,29.2,25.8,0.0
2023-11-16 06:00:00,10.7,43.1,68.8,39.2,42.5,31.0,90.0
2023-11-16 07:00:00,10.8,42.9,78.5,38.6,42.5,38.3,170.0
2023-11-16 08:00:00,10.8,43.0,76.5,38.4,42.6,38.0,110.0
2023-11-16 09:00:00,11.2,43.5,76.3,39.0,43.1,38.3,130.0
2023-11-16 10:00:00,12.2,43.0,70.8,39.1,42.7,38.6,130.0
2023-11-16 11:00:00,14.2,43.0,45.2,38.0,34.7,34.8,50.0
2023-11-16 12:00:00,14.4,43.0,70.5,36.0,34.9,34.8,90.0
2023-11-16 13:00:00,15.1,43.0,40.6,36.5,31.9,31.5,0.0
2023-11-16 14:00:00,15.0,43.0,32.8,30.0,30.5,30.0,0.0
2023-11-16 15:00:00,13.9,43.0,28.7,29.6,29.4,29.3,0.0
2023-11-16 16:00:00,13.3,42.0,73.7,38.2,40.0,29.0,60.0
2023-11-16 17:00:00,12.0,42.0,73.0,38.1,41.7,38.0,170.0
2023-11-16 18:00:00,11.5,44.2,73.9,38.9,43.0,37.7,120.0
2023-11-16 19:00:00,11.1,44.5,75.4,40.8,44.9,39.7,150.0
2023-11-16 20:00:00,11.3,44.4,62.1,39.8,43.0,39.4,130.0
2023-11-16 21:00:00,11.5,44.4,73.7,40.8,45.2,39.8,140.0
2023-11-16 22:00:00,11.3,44.4,68.5,40.7,40.4,39.4,130.0
2023-11-16 23:00:00,11.4,44.4,36.4,39.2,36.1,33.7,0.0
2023-11-17 00:00:00,11.3,44.3,33.8,37.8,32.6,32.3,0.0
2023-11-17 01:00:00,11.0,44.6,31.6,37.0,30.1,28.6,0.0
2023-11-17 02:00:00,10.9,44.6,31.4,36.4,30.6,27.5,0.0
2023-11-17 03:00:00,10.6,44.8,31.0,35.9,30.1,26.6,0.0
2023-11-17 04:00:00,10.5,44.8,30.6,35.7,29.8,26.0,0.0
2023-11-17 05:00:00,10.5,44.7,29.2,29.5,30.9,25.7,0.0
2023-11-17 06:00:00,10.9,45.9,81.9,44.2,48.8,35.1,140.0
2023-11-17 07:00:00,11.0,45.6,81.5,41.2,45.6,40.1,170.0
2023-11-17 08:00:00,11.4,45.3,81.0,40.7,44.9,39.8,140.0
2023-11-17 09:00:00,12.0,45.0,79.9,40.2,44.3,39.5,140.0
2023-11-17 10:00:00,13.0,45.0,73.2,40.3,44.2,39.6,130.0
2023-11-17 11:00:00,14.5,43.0,63.6,38.6,41.8,38.3,110.0
2023-11-17 12:00:00,15.3,43.0,34.5,37.6,35.2,33.1,0.0
2023-11-17 13:00:00,16.1,43.0,33.2,36.6,32.9,31.9,0.0
2023-11-17 14:00:00,15.9,43.0,31.6,35.6,29.3,29.4,0.0
2023-11-17 15:00:00,14.5,43.0,71.8,42.2,45.6,36.4,160.0
2023-11-17 16:00:00,13.1,43.0,74.0,38.5,42.4,38.2,120.0
2023-11-17 17:00:00,13.0,43.0,73.4,38.5,42.4,38.3,120.0
2023-11-17 18:00:00,12.9,43.0,72.8,38.8,42.8,38.3,120.0
2023-11-17 19:00:00,13.0,43.0,72.3,38.9,42.7,38.3,120.0
2023-11-17 20:00:00,12.1,43.0,60.3,38.5,41.8,38.2,110.0
2023-11-17 21:00:00,11.5,44.3,73.8,40.9,45.1,39.0,140.0
2023-11-17 22:00:00,10.3,44.9,64.1,40.7,44.3,39.4,140.0
2023-11-17 23:00:00,10.3,45.0,36.0,39.5,35.8,33.4,0.0
2023-11-18 00:00:00,10.4,44.9,33.4,38.4,32.4,32.3,0.0
2023-11-18 01:00:00,9.2,45.4,31.9,37.0,29.5,29.7,0.0
2023-11-18 02:00:00,8.6,45.8,30.2,33.7,27.4,27.3,0.0
2023-11-18 03:00:00,8.4,46.0,28.0,32.5,26.7,26.8,0.0
2023-11-18 04:00:00,8.3,46.0,26.9,31.6,25.8,26.1,0.0
2023-11-18 05:00:00,8.0,46.2,25.8,30.8,25.5,25.6,0.0
2023-11-18 06:00:00,8.3,45.1,79.5,41.2,45.5,31.9,140.0
2023-11-18 07:00:00,7.5,45.6,78.8,40.4,44.5,39.5,180.0
2023-11-18 08:00:00,7.4,45.7,75.4,42.2,46.3,39.9,160.0
2023-11-18 09:00:00,7.2,45.9,81.5,41.3,45.7,39.9,150.0
2023-11-18 10:00:00,7.4,46.2,81.5,42.2,47.1,40.4,150.0
2023-11-18 11:00:00,7.7,46.1,81.2,42.0,46.5,40.6,160.0
2023-11-18 12:00:00,8.0,45.8,79.5,41.5,45.8,40.3,150.0
2023-11-18 13:00:00,8.1,45.7,78.8,41.0,45.3,39.9,140.0
2023-11-18 14:00:00,8.5,45.6,76.3,40.9,45.0,39.7,150.0
2023-11-18 15:00:00,8.5,45.6,74.4,41.5,45.7,39.6,140.0
2023-11-18 16:00:00,8.5,45.5,77.5,41.5,45.8,40.0,150.0
2023-11-18 17:00:00,8.0,45.9,59.0,41.1,44.3,39.9,140.0
2023-11-18 18:00:00,8.2,45.6,69.9,41.2,45.3,40.4,150.0
2023-11-18 19:00:00,8.0,45.7,77.6,42.2,46.6,40.1,140.0
2023-11-18 20:00:00,8.0,45.9,67.1,41.7,45.8,40.0,150.0
2023-11-18 21:00:00,8.3,45.7,70.5,41.5,45.1,40.5,150.0
2023-11-18 22:00:00,8.1,45.9,74.7,42.4,46.4,40.4,150.0
2023-11-18 23:00:00,7.8,46.1,45.8,40.8,34.3,34.2,0.0
2023-11-19 00:00:00,7.5,46.2,34.9,39.5,33.1,31.5,0.0
2023-11-19 01:00:00,7.0,46.5,32.1,38.4,30.1,29.8,0.0
2023-11-19 02:00:00,6.6,46.8,31.2,37.5,29.5,27.5,0.0
2023-11-19 03:00:00,6.6,46.7,30.6,36.8,28.8,26.5,0.0
2023-11-19 04:00:00,6.1,47.1,30.4,36.2,30.1,25.7,0.0
2023-11-19 05:00:00,6.1,47.3,29.7,35.1,28.5,25.1,0.0
2023-11-19 06:00:00,6.3,45.2,82.7,43.7,48.5,36.8,190.0
2023-11-19 07:00:00,6.3,45.0,67.1,40.2,43.8,38.9,140.0
2023-11-19 08:00:00,6.9,44.8,71.4,40.3,44.2,39.7,150.0
2023-11-19 09:00:00,7.9,43.9,62.3,39.7,43.3,38.9,130.0
2023-11-19 10:00:00,8.5,43.6,74.5,40.1,44.4,38.9,150.0
2023-11-19 11:00:00,8.9,43.8,66.2,39.6,43.2,38.4,130.0
2023-11-19 12:00:00,8.7,43.8,72.7,40.1,44.3,38.8,140.0
2023-11-19 13:00:00,9.1,43.7,66.9,39.9,43.5,38.8,140.0
2023-11-19 14:00:00,9.1,43.6,69.9,39.6,43.4,39.1,130.0
2023-11-19 15:00:00,9.2,43.7,72.6,40.4,44.4,38.8,140.0
2023-11-19 16:00:00,8.9,43.8,65.8,39.6,43.9,38.8,130.0
2023-11-19 17:00:00,9.1,43.6,70.8,40.1,43.9,39.3,140.0
2023-11-19 18:00:00,9.1,45.7,70.9,40.7,44.8,39.0,130.0
2023-11-19 19:00:00,9.0,45.7,78.7,41.8,46.0,40.8,170.0
2023-11-19 20:00:00,9.2,45.7,78.6,41.5,45.7,40.5,140.0
2023-11-19 21:00:00,9.2,44.9,78.4,41.1,45.3,40.3,150.0
2023-11-19 22:00:00,9.1,44.9,69.4,40.6,40.5,39.6,120.0
2023-11-19 23:00:00,8.4,45.4,33.6,39.2,32.1,32.1,0.0
2023-11-20 00:00:00,8.7,45.1,33.7,38.2,32.0,31.0,0.0
2023-11-20 01:00:00,7.7,45.7,31.8,37.3,29.8,29.7,0.0
2023-11-20 02:00:00,7.2,46.2,31.0,36.5,30.0,28.0,0.0
2023-11-20 03:00:00,6.4,46.7,30.5,36.0,29.6,26.5,0.0
2023-11-20 04:00:00,6.1,46.8,30.3,35.9,29.6,25.7,0.0
2023-11-20 05:00:00,5.5,47.2,31.2,35.3,32.4,25.2,0.0
2023-11-20 06:00:00,5.4,48.7,75.7,43.4,46.9,34.2,150.0
2023-11-20 07:00:00,5.1,48.8,83.1,44.5,49.2,42.3,220.0
2023-11-20 08:00:00,5.6,48.7,86.7,43.8,48.6,42.3,180.0
2023-11-20 09:00:00,7.1,46.9,85.1,42.9,47.5,41.6,170.0
2023-11-20 10:00:00,8.4,46.5,83.4,42.3,46.8,41.3,160.0
2023-11-20 11:00:00,9.5,45.4,81.1,41.0,45.2,40.3,140.0
2023-11-20 12:00:00,10.5,45.2,76.0,40.5,44.7,39.6,130.0
2023-11-20 13:00:00,11.4,44.8,74.7,40.7,45.1,39.4,140.0
2023-11-20 14:00:00,12.1,44.6,73.9,41.1,45.1,40.0,140.0
2023-11-20 15:00:00,11.4,44.8,74.6,41.0,45.1,40.1,140.0
2023-11-20 16:00:00,10.7,45.1,76.5,41.3,45.6,40.2,150.0
2023-11-20 17:00:00,10.2,44.6,78.0,41.3,45.5,40.6,140.0
2023-11-20 18:00:00,9.55,44.95,78.9,41.05,45.35,40.25,140.0
2023-11-20 19:00:00,8.9,45.3,79.8,40.8,45.2,39.9,140.0
2023-11-20 20:00:00,8.9,45.3,66.2,40.8,44.2,40.3,140.0
2023-11-20 21:00:00,8.2,45.5,68.7,41.2,45.0,39.9,140.0
2023-11-20 22:00:00,7.9,45.6,72.0,41.7,41.8,40.9,150.0
2023-11-20 23:00:00,7.9,45.6,33.9,40.7,32.5,32.7,0.0
2023-11-21 00:00:00,7.7,45.8,34.4,39.7,32.5,31.2,0.0
2023-11-21 01:00:00,7.5,45.8,32.8,38.5,30.0,29.9,0.0
2023-11-21 02:00:00,6.9,46.1,30.8,37.4,27.3,27.4,0.0
2023-11-21 03:00:00,6.5,46.4,29.9,36.4,27.7,26.5,0.0
2023-11-21 04:00:00,6.4,46.2,28.8,35.4,26.7,25.8,0.0
2023-11-21 05:00:00,6.8,46.1,27.9,34.5,26.3,25.3,0.0
2023-11-21 06:00:00,6.8,46.2,53.7,38.0,33.8,25.5,0.0
2023-11-21 07:00:00,7.5,45.9,85.7,43.5,47.7,41.6,290.0
2023-11-21 08:00:00,8.9,45.3,83.9,40.3,44.9,39.6,130.0
2023-11-21 09:00:00,10.6,44.6,81.0,40.3,44.3,39.4,140.0
2023-11-21 10:00:00,10.9,44.3,79.0,39.5,43.6,38.9,130.0
2023-11-21 11:00:00,11.5,44.1,78.2,39.7,43.8,39.1,140.0
2023-11-21 12:00:00,11.8,43.9,78.9,39.5,43.8,38.8,130.0
2023-11-21 13:00:00,12.3,42.8,79.2,39.6,43.8,39.1,130.0
2023-11-21 14:00:00,11.9,43.0,72.6,38.5,42.3,38.1,120.0
2023-11-21 15:00:00,11.6,43.3,73.8,39.2,43.2,38.6,130.0
2023-11-21 16:00:00,11.4,43.4,74.6,39.6,43.6,39.0,130.0
2023-11-21 17:00:00,11.2,43.5,74.6,39.8,43.6,39.1,130.0
2023-11-21 18:00:00,11.2,43.5,74.6,39.8,43.9,39.2,130.0
2023-11-21 19:00:00,11.3,43.4,77.0,40.1,44.0,39.3,140.0
2023-11-21 20:00:00,11.2,43.5,64.1,39.0,42.2,38.6,110.0
2023-11-21 21:00:00,11.5,43.5,72.2,40.2,44.1,39.2,140.0
2023-11-21 22:00:00,11.3,43.5,67.9,39.0,39.2,38.6,110.0
2023-11-21 23:00:00,11.3,43.6,35.4,38.2,34.3,32.9,0.0
2023-11-22 00:00:00,11.4,43.5,32.7,36.9,31.4,31.9,0.0
2023-11-22 01:00:00,11.4,43.4,30.9,36.0,28.2,28.9,0.0
2023-11-22 02:00:00,11.7,43.3,29.3,35.3,27.3,27.3,0.0
2023-11-22 03:00:00,11.5,43.5,29.3,34.4,27.6,26.4,0.0
2023-11-22 04:00:00,10.8,43.7,29.0,33.7,28.5,25.9,0.0
2023-11-22 05:00:00,10.7,43.8,28.0,28.0,29.3,25.5,0.0
2023-11-22 06:00:00,10.8,46.2,76.3,34.6,39.8,29.6,90.0
2023-11-22 07:00:00,10.8,46.2,82.7,43.2,47.4,41.7,240.0
2023-11-22 08:00:00,11.0,45.3,81.3,40.9,45.4,40.0,130.0
2023-11-22 09:00:00,11.3,45.0,81.3,41.2,45.5,40.3,150.0
2023-11-22 10:00:00,11.5,45.1,81.1,41.2,45.5,40.2,150.0
2023-11-22 11:00:00,11.5,45.0,79.4,41.5,40.4,39.6,130.0
2023-11-22 12:00:00,11.4,44.8,77.2,40.6,44.5,40.3,160.0
2023-11-22 13:00:00,11.7,44.7,77.3,40.0,44.2,39.4,130.0
2023-11-22 14:00:00,11.2,43.7,76.2,39.5,43.5,39.1,130.0
2023-11-22 15:00:00,11.2,43.6,77.7,39.6,43.8,39.0,120.0
2023-11-22 16:00:00,11.2,43.9,77.6,39.6,43.9,39.1,140.0
2023-11-22 17:00:00,11.2,43.8,78.2,42.7,47.5,38.8,120.0
2023-11-22 18:00:00,11.4,43.6,76.7,38.9,42.7,39.1,130.0
2023-11-22 19:00:00,11.4,43.6,74.8,39.3,43.3,38.8,120.0
2023-11-22 20:00:00,11.5,43.6,69.2,39.5,43.1,38.5,130.0
2023-11-22 21:00:00,11.5,43.6,67.8,39.6,43.3,39.3,130.0
2023-11-22 22:00:00,11.5,43.3,72.9,38.9,39.8,38.8,110.0
2023-11-22 23:00:00,11.5,43.6,40.0,38.0,33.2,33.0,0.0
2023-11-23 00:00:00,11.4,43.7,33.5,37.2,31.5,31.8,0.0
2023-11-23 01:00:00,11.2,43.6,30.9,36.3,29.5,30.0,0.0
2023-11-23 02:00:00,11.1,44.0,30.3,35.4,27.5,27.6,0.0
2023-11-23 03:00:00,10.6,44.3,29.1,34.1,26.1,26.5,0.0
2023-11-23 04:00:00,10.1,45.0,28.5,33.9,28.8,25.9,0.0
2023-11-23 05:00:00,9.5,45.4,29.5,28.3,30.9,25.5,0.0
2023-11-23 06:00:00,8.9,46.7,79.2,34.8,40.1,29.8,80.0
2023-11-23 07:00:00,8.8,46.0,84.4,42.3,46.5,41.4,240.0
2023-11-23 08:00:00,8.6,46.3,84.2,41.1,45.9,39.9,140.0
2023-11-23 09:00:00,8.2,46.5,84.2,41.9,46.6,40.7,160.0
2023-11-23 10:00:00,8.5,46.4,84.5,42.2,46.8,40.9,150.0
2023-11-23 11:00:00,8.2,46.4,83.8,41.9,46.3,40.9,160.0
2023-11-23 12:00:00,8.2,46.6,84.1,41.4,45.9,40.4,150.0
2023-11-23 13:00:00,8.4,46.1,84.4,42.1,46.7,40.9,160.0
2023-11-23 14:00:00,8.7,45.4,83.2,41.3,45.8,40.7,150.0
2023-11-23 15:00:00,8.6,45.5,83.4,40.8,45.2,40.2,80.0
2023-11-23 16:00:00,8.4,45.4,84.3,40.8,45.2,40.3,200.0
2023-11-23 17:00:00,8.4,45.6,83.5,40.9,45.3,40.3,110.0
2023-11-23 18:00:00,8.4,45.8,84.7,40.9,45.3,40.2,170.0
2023-11-23 19:00:00,8.2,45.9,84.7,41.0,45.5,40.6,140.0
2023-11-23 20:00:00,8.1,45.9,83.2,41.1,45.5,40.5,140.0
2023-11-23 21:00:00,8.3,45.7,75.1,40.8,45.1,40.0,100.0
2023-11-23 22:00:00,8.2,45.7,76.4,41.6,42.1,41.0,190.0
2023-11-23 23:00:00,8.4,45.7,36.8,40.4,36.4,34.3,0.0
2023-11-24 00:00:00,8.5,45.6,34.1,39.3,32.6,33.0,0.0
2023-11-24 01:00:00,8.6,45.4,31.9,38.1,28.7,29.2,0.0
2023-11-24 02:00:00,8.5,45.3,30.5,37.2,28.6,27.5,0.0
2023-11-24 03:00:00,8.6,45.4,30.2,36.2,28.5,26.8,0.0
2023-11-24 04:00:00,8.6,45.3,30.2,35.4,30.0,26.2,0.0
2023-11-24 05:00:00,8.6,45.3,29.7,34.7,29.7,25.9,0.0
2023-11-24 06:00:00,8.9,46.2,83.4,33.3,38.9,27.8,60.0
2023-11-24 07:00:00,9.1,46.1,82.8,42.7,46.7,41.8,250.0
2023-11-24 08:00:00,9.3,45.8,82.5,40.6,45.0,39.8,140.0
2023-11-24 09:00:00,10.3,44.6,82.4,40.8,45.3,40.0,140.0
2023-11-24 10:00:00,10.6,44.3,80.6,40.1,44.5,39.6,140.0
2023-11-24 11:00:00,11.0,44.0,80.1,39.8,44.0,39.2,130.0
2023-11-24 12:00:00,11.2,43.9,80.1,39.6,43.7,39.1,120.0
2023-11-24 13:00:00,11.5,43.4,79.1,39.5,43.7,39.0,130.0
2023-11-24 14:00:00,11.4,43.5,76.4,39.1,43.1,38.8,130.0
2023-11-24 15:00:00,11.6,43.3,76.0,39.3,43.4,38.9,120.0
2023-11-24 16:00:00,11.8,43.4,76.1,39.3,43.2,38.9,120.0
2023-11-24 17:00:00,11.8,43.0,75.9,39.2,43.3,38.8,130.0
2023-11-24 18:00:00,11.9,43.0,73.5,39.0,42.7,38.7,120.0
2023-11-24 19:00:00,11.7,43.5,69.8,38.8,42.4,38.6,120.0
2023-11-24 20:00:00,11.1,43.9,62.4,39.1,42.5,38.6,120.0
2023-11-24 21:00:00,11.0,44.1,67.2,40.6,44.0,39.8,140.0
2023-11-24 22:00:00,10.5,44.7,67.6,39.3,40.1,39.2,110.0
2023-11-24 23:00:00,9.7,45.5,35.6,38.3,34.4,32.9,0.0
2023-11-25 00:00:00,9.2,45.9,33.1,37.7,31.9,31.8,0.0
2023-11-25 01:00:00,7.9,47.0,31.5,36.8,29.6,30.5,0.0
2023-11-25 02:00:00,6.7,48.4,30.4,35.8,28.4,27.7,0.0
2023-11-25 03:00:00,6.6,48.5,29.6,35.1,27.5,26.3,0.0
2023-11-25 04:00:00,5.8,49.2,28.8,34.2,26.7,25.7,0.0
2023-11-25 05:00:00,5.7,49.4,28.3,33.4,26.4,25.2,0.0
2023-11-25 06:00:00,5.6,49.3,79.2,30.9,42.0,26.0,40.0
2023-11-25 07:00:00,5.3,48.5,79.7,45.9,50.3,43.2,300.0
2023-11-25 08:00:00,5.7,48.2,77.4,43.8,47.8,41.5,160.0
2023-11-25 09:00:00,6.2,48.0,74.6,44.0,47.7,42.0,100.0
2023-11-25 10:00:00,6.8,47.4,81.6,43.2,47.6,41.9,240.0
2023-11-25 11:00:00,6.7,47.4,81.9,42.5,47.1,41.3,160.0
2023-11-25 12:00:00,6.5,47.6,82.1,42.9,47.3,41.3,170.0
2023-11-25 13:00:00,5.4,47.5,84.1,43.3,48.1,41.6,170.0
2023-11-25 14:00:00,4.8,48.1,83.2,44.0,48.6,42.3,170.0
2023-11-25 15:00:00,4.6,48.3,69.5,43.4,46.9,41.6,160.0
2023-11-25 16:00:00,4.7,47.8,75.3,43.4,47.2,42.1,170.0
2023-11-25 17:00:00,3.7,48.4,71.0,43.7,47.4,41.7,170.0
2023-11-25 18:00:00,3.3,48.7,65.6,43.5,46.7,42.2,170.0
2023-11-25 19:00:00,3.0,48.9,82.4,44.9,49.3,42.7,180.0
2023-11-25 20:00:00,3.0,49.0,70.3,44.4,48.0,42.8,170.0
2023-11-25 21:00:00,3.2,48.1,83.3,44.4,49.0,42.3,180.0
2023-11-25 22:00:00,3.6,47.7,66.9,42.9,43.4,41.5,150.0
2023-11-25 23:00:00,3.6,47.8,37.1,41.5,36.5,34.1,0.0
2023-11-26 00:00:00,3.0,48.1,34.1,39.7,31.6,32.7,0.0
2023-11-26 01:00:00,2.5,48.5,31.2,37.0,28.5,28.8,0.0
2023-11-26 02:00:00,2.8,48.5,29.5,33.3,26.7,26.9,0.0
2023-11-26 03:00:00,2.7,48.6,28.0,30.3,25.9,25.7,0.0
2023-11-26 04:00:00,2.6,48.6,26.7,28.0,25.1,24.9,0.0
2023-11-26 05:00:00,2.5,48.5,32.2,23.9,31.7,24.3,0.0
2023-11-26 06:00:00,2.5,48.6,87.8,38.8,44.3,32.2,150.0
2023-11-26 07:00:00,2.5,48.5,82.6,44.3,48.6,42.8,250.0
2023-11-26 08:00:00,2.9,48.1,86.7,44.3,49.5,41.3,170.0
2023-11-26 09:00:00,3.4,48.0,79.9,43.2,47.9,40.8,160.0
2023-11-26 10:00:00,4.2,47.0,81.3,42.4,46.8,41.0,170.0
2023-11-26 11:00:00,4.9,47.5,85.1,43.3,48.1,40.9,170.0
2023-11-26 12:00:00,5.1,47.2,82.0,43.0,47.6,41.1,170.0
2023-11-26 13:00:00,5.3,47.2,82.1,42.9,47.4,41.0,170.0
2023-11-26 14:00:00,5.1,46.4,81.0,42.5,46.9,40.9,170.0
2023-11-26 15:00:00,5.3,46.3,83.7,42.2,46.7,40.8,160.0
2023-11-26 16:00:00,4.6,46.6,84.0,41.8,46.5,40.5,150.0
2023-11-26 17:00:00,4.6,46.7,84.2,42.1,46.8,40.8,160.0
2023-11-26 18:00:00,4.6,47.4,85.5,42.3,47.0,40.9,160.0
2023-11-26 19:00:00,3.9,47.8,85.8,42.9,47.5,41.0,170.0
2023-11-26 20:00:00,4.1,47.6,81.4,43.0,47.3,41.6,160.0
2023-11-26 21:00:00,3.9,47.9,85.6,43.2,47.8,41.5,170.0
2023-11-26 22:00:00,4.2,47.7,85.5,43.1,47.8,41.5,170.0
2023-11-26 23:00:00,4.5,47.4,41.3,41.5,37.1,33.9,0.0
2023-11-27 00:00:00,4.4,47.6,34.3,40.2,32.8,32.3,0.0
2023-11-27 01:00:00,4.2,47.6,33.8,36.7,29.6,28.2,0.0
2023-11-27 02:00:00,4.1,47.8,46.8,24.5,30.9,26.2,0.0
2023-11-27 03:00:00,3.8,48.0,60.2,23.9,25.9,25.6,0.0
2023-11-27 04:00:00,3.6,48.1,59.3,23.5,26.4,24.8,0.0
2023-11-27 05:00:00,3.6,48.2,23.0,23.3,24.7,24.6,0.0
2023-11-27 06:00:00,3.5,48.1,86.1,31.8,37.3,25.5,60.0
2023-11-27 07:00:00,3.3,48.5,86.4,46.2,50.9,42.4,290.0
2023-11-27 08:00:00,3.2,48.5,88.5,42.9,47.9,41.1,180.0
2023-11-27 09:00:00,3.4,48.3,89.2,43.3,48.4,41.4,180.0
2023-11-27 10:00:00,4.4,47.6,86.6,43.2,47.9,41.7,180.0
2023-11-27 11:00:00,4.9,47.0,86.0,42.6,47.4,41.2,170.0
2023-11-27 12:00:00,5.8,46.4,84.6,42.2,46.9,41.0,160.0
2023-11-27 13:00:00,6.5,45.9,83.0,41.9,46.4,40.8,170.0
2023-11-27 14:00:00,6.9,44.1,78.2,39.2,43.2,39.0,120.0
2023-11-27 15:00:00,7.2,43.8,78.3,39.4,43.6,38.7,130.0
2023-11-27 16:00:00,7.4,43.9,79.2,39.6,43.9,38.8,140.0
2023-11-27 17:00:00,7.2,44.0,79.5,39.7,43.9,39.0,140.0
2023-11-27 18:00:00,7.1,44.1,80.2,40.0,44.4,39.1,140.0
2023-11-27 19:00:00,7.0,44.0,80.0,39.8,44.2,39.2,140.0
2023-11-27 20:00:00,7.2,44.0,71.1,39.3,43.3,38.4,130.0
2023-11-27 21:00:00,7.3,43.9,76.1,40.0,44.2,39.3,150.0
2023-11-27 22:00:00,6.2,44.4,72.5,40.7,40.9,39.3,140.0
2023-11-27 23:00:00,5.4,44.7,33.3,39.3,31.9,32.0,0.0
2023-11-28 00:00:00,5.8,44.6,33.2,38.0,31.3,30.7,0.0
2023-11-28 01:00:00,6.2,44.4,31.5,36.9,28.8,28.9,0.0
2023-11-28 02:00:00,6.7,44.2,29.6,35.9,27.0,26.4,0.0
2023-11-28 03:00:00,6.6,44.2,29.1,35.0,27.9,25.6,0.0
2023-11-28 04:00:00,6.7,44.2,28.5,34.0,26.5,24.9,0.0
2023-11-28 05:00:00,6.7,44.2,28.0,33.4,28.2,24.6,0.0
2023-11-28 06:00:00,6.9,44.2,52.1,27.6,30.0,24.8,0.0
2023-11-28 07:00:00,7.1,44.0,82.7,43.1,47.7,39.0,260.0
2023-11-28 08:00:00,7.6,44.4,81.5,39.1,43.4,38.4,130.0
2023-11-28 09:00:00,7.9,44.3,82.3,39.9,44.3,38.9,150.0
2023-11-28 10:00:00,8.8,44.1,80.6,40.0,44.3,39.2,150.0
2023-11-28 11:00:00,10.4,43.7,80.0,39.9,44.3,38.9,140.0
2023-11-28 12:00:00,11.3,43.6,76.1,39.4,43.5,38.7,130.0
2023-11-28 13:00:00,11.5,43.5,74.4,39.0,43.1,38.2,130.0
2023-11-28 14:00:00,11.3,43.5,74.3,39.2,43.2,38.4,130.0
2023-11-28 15:00:00,11.7,45.3,75.0,41.8,45.9,40.0,170.0
2023-11-28 16:00:00,11.3,45.3,74.6,41.7,45.9,40.3,150.0
2023-11-28 17:00:00,10.2,46.1,78.1,42.2,46.6,40.7,160.0
2023-11-28 18:00:00,10.1,46.2,77.1,42.2,46.4,41.0,160.0
2023-11-28 19:00:00,10.0,46.2,78.5,42.2,46.4,40.9,150.0
2023-11-28 20:00:00,10.0,46.2,74.6,42.0,46.2,40.8,150.0
2023-11-28 21:00:00,10.0,46.1,63.9,42.3,45.3,40.9,160.0
2023-11-28 22:00:00,9.9,46.1,66.3,41.9,42.2,41.1,140.0
2023-11-28 23:00:00,9.9,46.2,36.4,40.8,35.6,33.6,0.0
2023-11-29 00:00:00,9.7,46.3,33.8,39.4,32.5,32.3,0.0
2023-11-29 01:00:00,9.5,46.6,31.9,37.6,28.4,29.3,0.0
2023-11-29 02:00:00,8.4,47.0,29.5,35.6,27.0,27.3,0.0
2023-11-29 03:00:00,8.0,47.2,28.3,35.8,27.0,26.4,0.0
2023-11-29 04:00:00,7.6,47.5,27.4,34.4,25.6,25.6,0.0
2023-11-29 05:00:00,6.6,48.0,26.5,32.0,24.7,25.1,0.0
2023-11-29 06:00:00,6.8,47.8,70.7,33.6,36.9,27.5,60.0
2023-11-29 07:00:00,7.1,48.3,79.1,44.9,49.5,40.2,240.0
2023-11-29 08:00:00,7.6,47.9,84.1,42.5,46.8,41.5,190.0
2023-11-29 09:00:00,8.0,47.0,83.3,41.7,46.2,40.4,150.0
2023-11-29 10:00:00,7.8,47.2,84.7,42.0,46.7,40.8,160.0
2023-11-29 11:00:00,7.7,47.2,80.6,42.0,46.3,40.6,160.0
2023-11-29 12:00:00,7.8,47.1,80.3,42.4,46.8,40.8,170.0
2023-11-29 13:00:00,7.7,47.1,80.5,42.4,46.8,40.7,170.0
2023-11-29 14:00:00,8.2,46.8,80.4,42.4,46.8,40.9,170.0
2023-11-29 15:00:00,8.1,46.9,79.3,42.1,46.5,40.7,160.0
2023-11-29 16:00:00,7.8,47.2,80.2,42.3,46.7,40.9,160.0
2023-11-29 17:00:00,7.5,47.3,80.3,42.5,46.8,41.1,160.0
2023-11-29 18:00:00,7.4,47.3,82.4,42.8,47.4,41.3,160.0
2023-11-29 19:00:00,7.2,47.5,82.3,43.2,47.5,41.6,170.0
2023-11-29 20:00:00,6.8,47.6,67.0,42.4,45.9,41.4,160.0
2023-11-29 21:00:00,6.7,47.6,75.5,43.4,47.6,42.2,180.0
2023-11-29 22:00:00,6.9,47.6,77.5,43.1,42.2,41.3,140.0
2023-11-29 23:00:00,6.7,47.7,37.1,41.4,36.1,34.2,0.0
2023-11-30 00:00:00,6.6,47.7,34.1,40.1,31.5,32.2,0.0
2023-11-30 01:00:00,6.4,47.8,31.5,38.9,28.8,28.7,0.0
2023-11-30 02:00:00,5.2,48.3,31.0,37.9,28.3,27.0,0.0
2023-11-30 03:00:00,4.4,48.8,30.8,37.1,30.1,26.0,0.0
2023-11-30 04:00:00,4.0,49.1,29.5,35.8,27.0,25.5,0.0
2023-11-30 05:00:00,3.5,49.4,29.2,33.5,30.2,25.2,0.0
2023-11-30 06:00:00,3.3,48.4,71.9,29.9,34.5,25.7,0.0
2023-11-30 07:00:00,3.9,47.9,82.8,46.5,51.2,41.4,300.0
2023-11-30 08:00:00,4.3,47.4,85.4,42.0,46.5,40.9,160.0
2023-11-30 09:00:00,5.4,46.5,83.2,42.1,46.6,40.7,170.0
2023-11-30 10:00:00,6.6,45.6,83.0,41.9,46.3,40.7,160.0
2023-11-30 11:00:00,7.7,44.8,79.9,41.2,45.3,40.2,120.0
2023-11-30 12:00:00,8.6,44.2,78.3,40.6,44.7,39.8,90.0
2023-11-30 13:00:00,10.2,42.9,76.1,39.4,43.3,38.9,210.0
2023-11-30 14:00:00,10.4,42.9,74.6,39.1,43.0,38.6,40.0
2023-11-30 15:00:00,10.4,42.9,74.6,39.1,43.0,38.6,0.0
2023-11-30 16:00:00,10.4,42.9,74.6,39.1,43.0,38.6,0.0
2023-11-30 17:00:00,10.4,42.9,74.6,39.1,43.0,38.6,0.0
2023-11-30 18:00:00,10.4,42.9,74.6,39.1,43.0,38.6,0.0
2023-11-30 19:00:00,10.4,42.9,74.6,39.1,43.0,38.6,0.0
2023-11-30 20:00:00,10.4,42.9,74.6,39.1,43.0,38.6,0.0
2023-11-30 21:00:00,10.4,42.9,74.6,39.1,43.0,38.6,0.0
2023-11-30 22:00:00,10.4,42.9,74.6,39.1,43.0,38.6,0.0
2023-11-30 23:00:00,10.4,42.9,74.6,39.1,43.0,38.6,0.0
2023-12-01 00:00:00,10.4,42.9,74.6,39.1,43.0,38.6,0.0
2023-12-01 01:00:00,10.4,42.9,74.6,39.1,43.0,38.6,0.0
2023-12-01 02:00:00,10.4,42.9,74.6,39.1,43.0,38.6,0.0
2023-12-01 03:00:00,10.4,42.9,74.6,39.1,43.0,38.6,0.0
2023-12-01 04:00:00,10.4,42.9,74.6,39.1,43.0,38.6,0.0
2023-12-01 05:00:00,10.4,42.9,74.6,39.1,43.0,38.6,0.0
2023-12-01 06:00:00,10.4,42.9,74.6,39.1,43.0,38.6,0.0
2023-12-01 07:00:00,10.4,42.9,74.6,39.1,43.0,38.6,0.0
2023-12-01 08:00:00,15.3,40.0,70.3,35.6,39.4,35.4,1390.0
2023-12-01 09:00:00,16.1,43.0,57.4,38.7,35.8,35.5,100.0
2023-12-01 10:00:00,16.8,43.0,33.9,37.3,33.2,31.6,0.0
2023-12-01 11:00:00,17.4,43.0,31.8,36.2,29.4,30.1,0.0
2023-12-01 12:00:00,18.1,43.0,31.5,35.2,32.1,27.1,0.0
2023-12-01 13:00:00,19.0,43.0,30.1,34.2,29.0,26.6,0.0
2023-12-01 14:00:00,18.6,43.0,63.1,28.7,27.5,26.6,0.0
2023-12-01 15:00:00,19.0,43.0,27.1,27.5,28.0,26.5,0.0
2023-12-01 16:00:00,18.9,42.0,64.6,37.3,41.1,33.7,140.0
2023-12-01 17:00:00,18.8,42.0,70.7,38.6,42.1,38.4,150.0
2023-12-01 18:00:00,18.1,42.0,69.9,37.6,41.4,37.1,110.0
2023-12-01 19:00:00,18.3,42.0,70.8,37.9,41.6,37.3,120.0
2023-12-01 20:00:00,18.3,42.0,64.4,37.9,41.4,37.1,110.0
2023-12-01 21:00:00,18.5,42.0,67.6,38.8,42.6,38.0,120.0
2023-12-01 22:00:00,18.2,42.0,63.1,38.0,38.2,37.5,100.0
2023-12-01 23:00:00,18.0,42.0,34.7,36.9,33.6,32.1,0.0
2023-12-02 00:00:00,18.0,42.0,32.1,35.8,31.1,30.8,0.0
2023-12-02 01:00:00,17.8,42.0,30.3,34.9,28.4,28.4,0.0
2023-12-02 02:00:00,16.4,42.0,29.1,34.0,27.6,26.6,0.0
2023-12-02 03:00:00,16.9,42.0,28.9,33.2,28.3,26.4,0.0
2023-12-02 04:00:00,17.4,42.0,28.7,32.4,28.4,25.8,0.0
2023-12-02 05:00:00,17.3,42.0,28.2,31.8,28.3,25.5,0.0
2023-12-02 06:00:00,16.9,43.0,70.8,33.0,37.2,28.3,70.0
2023-12-02 07:00:00,16.6,43.0,71.1,41.0,44.4,39.7,210.0
2023-12-02 08:00:00,17.2,43.0,70.7,38.6,42.4,37.9,100.0
2023-12-02 09:00:00,18.0,43.0,64.1,38.4,37.2,36.9,100.0
2023-12-02 10:00:00,18.1,43.0,34.2,37.2,34.0,32.1,0.0
2023-12-02 11:00:00,19.9,43.0,32.1,36.1,31.1,30.6,0.0
2023-12-02 12:00:00,19.9,43.0,30.3,35.1,28.8,27.8,0.0
2023-12-02 13:00:00,19.9,43.0,29.7,34.4,28.7,26.5,0.0
2023-12-02 14:00:00,20.5,43.0,29.9,34.1,29.7,26.4,0.0
2023-12-02 15:00:00,20.7,43.0,29.8,33.8,29.7,26.0,0.0
2023-12-02 16:00:00,19.8,43.0,29.6,33.6,29.6,25.7,0.0
2023-12-02 17:00:00,19.6,43.0,29.4,33.4,29.2,25.6,0.0
2023-12-02 18:00:00,18.9,43.0,29.1,33.0,29.2,25.4,0.0
2023-12-02 19:00:00,19.2,43.0,28.9,32.6,28.9,25.4,0.0
2023-12-02 20:00:00,19.0,42.0,71.3,39.9,43.9,35.2,170.0
2023-12-02 21:00:00,19.1,42.0,62.2,37.7,40.5,37.5,130.0
2023-12-02 22:00:00,18.9,42.0,62.0,37.9,38.0,37.3,100.0
2023-12-02 23:00:00,18.8,42.0,34.5,37.1,34.5,32.2,0.0
2023-12-03 00:00:00,18.2,42.0,32.3,35.8,31.4,31.0,0.0
2023-12-03 01:00:00,18.4,42.0,30.2,34.7,28.3,27.9,0.0
2023-12-03 02:00:00,15.7,42.0,29.0,33.7,27.5,26.5,0.0
2023-12-03 03:00:00,13.0,42.5,28.5,32.8,28.8,26.1,0.0
2023-12-03 04:00:00,11.7,43.2,28.3,31.8,28.7,25.5,0.0
2023-12-03 05:00:00,10.0,44.2,27.8,31.2,28.1,25.0,0.0
2023-12-03 06:00:00,8.6,45.0,58.6,27.8,31.0,24.3,0.0
2023-12-03 07:00:00,7.9,46.4,33.2,28.2,29.8,28.3,60.0
2023-12-03 08:00:00,7.6,47.2,89.5,44.8,49.4,42.1,270.0
2023-12-03 09:00:00,7.0,47.5,78.6,42.6,47.2,39.6,140.0
2023-12-03 10:00:00,6.8,47.7,73.9,42.7,46.3,41.3,190.0
2023-12-03 11:00:00,7.0,47.5,85.5,44.1,49.0,41.3,170.0
2023-12-03 12:00:00,6.0,48.2,80.5,43.3,47.5,41.1,160.0
2023-12-03 13:00:00,6.7,47.8,83.3,43.7,48.4,41.7,190.0
2023-12-03 14:00:00,6.8,47.7,76.2,43.0,47.6,41.0,160.0
2023-12-03 15:00:00,6.9,46.2,82.2,42.3,46.5,41.3,160.0
2023-12-03 16:00:00,6.2,46.5,83.1,41.8,46.2,40.6,150.0
2023-12-03 17:00:00,5.8,46.9,83.7,41.9,46.5,40.6,150.0
2023-12-03 18:00:00,5.6,47.1,83.8,42.4,46.8,41.1,160.0
2023-12-03 19:00:00,5.6,47.2,83.1,42.4,46.8,40.9,160.0
2023-12-03 20:00:00,5.5,47.0,84.2,42.4,46.8,40.9,160.0
2023-12-03 21:00:00,5.1,47.5,83.9,42.4,47.1,40.9,160.0
2023-12-03 22:00:00,4.9,47.5,82.7,42.5,42.3,40.9,150.0
2023-12-03 23:00:00,4.7,47.9,36.8,40.8,36.3,33.9,0.0
2023-12-04 00:00:00,4.2,48.4,33.6,39.6,32.3,32.0,0.0
2023-12-04 01:00:00,3.8,48.8,31.2,38.2,28.3,28.1,0.0
2023-12-04 02:00:00,4.0,48.5,31.0,37.2,29.6,27.1,0.0
2023-12-04 03:00:00,3.6,48.9,30.5,36.4,30.4,25.8,0.0
2023-12-04 04:00:00,3.9,48.7,30.1,35.8,29.7,25.3,0.0
2023-12-04 05:00:00,2.8,49.3,34.5,36.6,36.0,24.6,0.0
2023-12-04 06:00:00,2.2,48.7,75.9,37.6,41.8,31.9,120.0
2023-12-04 07:00:00,1.8,49.3,87.5,46.5,51.1,43.1,260.0
2023-12-04 08:00:00,2.1,49.0,87.3,43.6,48.5,41.7,170.0
2023-12-04 09:00:00,2.5,48.3,85.8,43.3,48.0,41.6,180.0
2023-12-04 10:00:00,3.4,47.8,84.9,43.2,47.9,41.5,170.0
2023-12-04 11:00:00,3.8,47.0,83.8,43.0,47.4,41.4,170.0
2023-12-04 12:00:00,4.2,46.6,83.3,42.7,47.2,41.2,170.0
2023-12-04 13:00:00,4.6,46.5,83.0,42.5,47.0,41.1,160.0
2023-12-04 14:00:00,4.6,46.3,82.0,42.0,46.3,40.8,160.0
2023-12-04 15:00:00,4.7,46.1,81.0,41.8,46.1,40.4,160.0
2023-12-04 16:00:00,4.2,46.7,83.1,42.2,46.7,40.8,160.0
2023-12-04 17:00:00,3.4,47.5,84.7,42.5,47.1,41.0,160.0
2023-12-04 18:00:00,3.0,47.9,86.0,43.3,48.1,41.6,180.0
2023-12-04 19:00:00,2.7,48.4,85.5,43.6,48.1,42.1,170.0
2023-12-04 20:00:00,2.2,48.7,87.1,44.0,48.6,42.1,180.0
2023-12-04 21:00:00,2.1,48.6,85.1,44.9,49.6,42.3,170.0
2023-12-04 22:00:00,1.7,48.7,76.4,43.8,47.4,41.9,170.0
2023-12-04 23:00:00,1.2,49.1,36.7,41.9,36.8,33.8,0.0
2023-12-05 00:00:00,2.0,48.4,34.6,40.7,32.5,32.4,0.0
2023-12-05 01:00:00,2.9,47.8,32.6,39.3,29.5,30.1,0.0
2023-12-05 02:00:00,3.0,47.5,31.1,37.9,28.0,27.3,0.0
2023-12-05 03:00:00,3.4,47.3,29.3,33.7,26.7,26.1,0.0
2023-12-05 04:00:00,3.5,47.0,28.7,27.6,26.7,25.1,0.0
2023-12-05 05:00:00,3.8,46.9,35.0,36.5,36.5,24.9,0.0
2023-12-05 06:00:00,4.2,48.1,83.2,35.3,40.5,29.4,80.0
2023-12-05 07:00:00,4.3,48.0,87.4,46.2,50.9,42.5,270.0
2023-12-05 08:00:00,4.7,47.8,87.1,42.4,47.1,41.0,160.0
2023-12-05 09:00:00,5.3,47.3,86.3,42.3,46.9,40.8,170.0
2023-12-05 10:00:00,7.4,45.8,85.2,41.9,46.3,40.6,160.0
2023-12-05 11:00:00,8.1,45.3,82.8,40.8,45.1,39.9,150.0
2023-12-05 12:00:00,8.6,44.9,78.6,40.2,44.4,39.2,140.0
2023-12-05 13:00:00,9.4,44.5,78.3,40.1,44.3,39.2,140.0
2023-12-05 14:00:00,9.5,44.5,78.0,40.0,44.1,39.1,140.0
2023-12-05 15:00:00,9.5,44.6,77.5,40.0,44.0,39.0,140.0
2023-12-05 16:00:00,8.3,45.3,78.3,40.3,44.6,39.2,150.0
2023-12-05 17:00:00,7.6,45.5,80.0,40.9,45.1,39.6,150.0
2023-12-05 18:00:00,7.2,46.4,80.1,41.6,45.9,40.2,150.0
2023-12-05 19:00:00,6.8,46.6,82.2,42.3,46.7,40.6,170.0
2023-12-05 20:00:00,7.1,46.3,67.6,42.2,45.0,41.0,160.0
2023-12-05 21:00:00,7.9,45.9,77.0,42.2,46.4,40.3,150.0
2023-12-05 22:00:00,7.7,45.9,76.3,41.3,40.7,39.9,140.0
2023-12-05 23:00:00,7.7,46.1,35.9,40.0,35.0,33.2,0.0
2023-12-06 00:00:00,7.8,45.8,33.3,38.6,31.5,31.8,0.0
2023-12-06 01:00:00,8.0,45.9,31.0,37.2,27.7,27.8,0.0
2023-12-06 02:00:00,8.2,45.8,29.7,36.2,27.6,26.4,0.0
2023-12-06 03:00:00,8.6,45.6,29.5,35.3,27.4,25.8,0.0
2023-12-06 04:00:00,8.0,45.9,29.1,34.6,28.2,24.9,0.0
2023-12-06 05:00:00,7.5,46.1,28.5,33.9,27.0,24.3,0.0
2023-12-06 06:00:00,7.7,45.9,29.3,23.4,25.2,24.2,0.0
2023-12-06 07:00:00,8.1,47.1,65.9,39.8,43.8,37.1,220.0
2023-12-06 08:00:00,8.0,47.1,79.7,45.2,49.6,41.3,200.0
2023-12-06 09:00:00,7.8,47.2,83.9,42.0,46.5,40.9,170.0
2023-12-06 10:00:00,9.0,46.0,83.3,41.7,46.2,40.5,160.0
2023-12-06 11:00:00,9.0,46.2,82.2,41.4,45.8,40.2,150.0
2023-12-06 12:00:00,9.1,46.1,82.6,41.4,45.9,40.1,160.0
2023-12-06 13:00:00,9.3,46.0,81.2,41.1,45.3,40.2,150.0
2023-12-06 14:00:00,9.1,46.1,78.8,41.3,45.6,40.0,150.0
2023-12-06 15:00:00,8.8,46.3,76.7,41.8,46.0,40.3,160.0
2023-12-06 16:00:00,8.7,46.3,80.3,42.7,46.9,41.0,160.0
2023-12-06 17:00:00,8.9,46.2,77.5,41.9,46.0,40.6,150.0
2023-12-06 18:00:00,8.6,46.4,78.5,41.9,46.1,40.5,160.0
2023-12-06 19:00:00,7.1,47.6,79.8,43.1,47.4,41.1,160.0
2023-12-06 20:00:00,7.1,47.8,74.0,43.4,47.4,41.5,170.0
2023-12-06 21:00:00,7.0,47.8,69.4,43.7,47.0,41.8,170.0
2023-12-06 22:00:00,7.0,47.9,77.0,43.3,42.8,41.8,150.0
2023-12-06 23:00:00,6.6,48.1,37.0,41.8,35.7,34.0,0.0
2023-12-07 00:00:00,6.4,48.2,34.2,40.2,31.6,32.5,0.0
2023-12-07 01:00:00,6.3,48.3,31.5,39.0,28.1,28.2,0.0
2023-12-07 02:00:00,6.3,48.2,29.3,36.7,26.3,26.7,0.0
2023-12-07 03:00:00,6.2,48.4,27.8,36.9,26.8,25.9,0.0
2023-12-07 04:00:00,6.1,48.3,28.2,36.1,26.7,25.2,0.0
2023-12-07 05:00:00,5.8,48.5,28.7,35.1,27.9,24.5,0.0
2023-12-07 06:00:00,5.1,47.5,69.5,32.7,36.7,28.4,80.0
2023-12-07 07:00:00,5.1,47.5,78.0,44.7,48.9,39.7,230.0
2023-12-07 08:00:00,5.1,47.3,84.8,42.1,46.6,40.9,180.0
2023-12-07 09:00:00,5.2,47.4,86.4,42.2,46.9,40.6,170.0
2023-12-07 10:00:00,5.7,46.9,86.6,42.1,46.8,40.8,160.0
2023-12-07 11:00:00,6.4,46.6,84.8,41.8,46.3,40.5,160.0
2023-12-07 12:00:00,7.2,45.9,83.0,41.4,45.9,40.3,160.0
2023-12-07 13:00:00,6.9,46.2,83.0,41.3,45.6,40.1,150.0
2023-12-07 14:00:00,6.8,46.0,83.0,41.3,45.8,40.0,160.0
2023-12-07 15:00:00,6.2,46.6,83.1,41.5,46.1,40.0,150.0
2023-12-07 16:00:00,6.3,46.2,82.7,41.7,46.2,40.5,160.0
2023-12-07 17:00:00,6.3,46.3,84.1,41.8,46.4,40.7,160.0
2023-12-07 18:00:00,6.3,46.2,82.7,41.9,46.3,40.7,160.0
2023-12-07 19:00:00,6.3,46.1,82.2,41.8,46.1,40.6,150.0
2023-12-07 20:00:00,6.2,46.2,70.1,41.2,44.8,40.4,150.0
2023-12-07 21:00:00,6.5,46.1,77.6,42.2,46.5,40.8,160.0
2023-12-07 22:00:00,6.5,46.2,79.4,42.2,42.2,40.7,160.0
2023-12-07 23:00:00,6.5,46.1,36.9,40.4,35.1,33.8,0.0
2023-12-08 00:00:00,6.3,46.3,33.3,39.4,31.4,32.2,0.0
2023-12-08 01:00:00,6.5,46.1,31.4,38.0,27.4,28.1,0.0
2023-12-08 02:00:00,6.3,46.2,29.0,35.3,25.9,26.6,0.0
2023-12-08 03:00:00,6.4,46.2,29.7,36.3,27.4,25.4,0.0
2023-12-08 04:00:00,6.2,46.2,27.9,34.9,25.4,24.8,0.0
2023-12-08 05:00:00,6.2,46.3,26.9,33.5,28.1,24.3,0.0
2023-12-08 06:00:00,6.1,47.1,66.4,33.8,37.7,29.4,80.0
2023-12-08 07:00:00,6.2,47.1,79.3,44.5,49.0,39.5,230.0
2023-12-08 08:00:00,6.5,47.0,86.1,41.9,46.2,40.9,180.0
2023-12-08 09:00:00,6.7,46.8,86.0,41.9,46.5,40.4,170.0
2023-12-08 10:00:00,6.7,46.8,83.1,41.7,46.2,40.2,160.0
2023-12-08 11:00:00,7.6,46.2,82.8,41.6,46.1,40.2,160.0
2023-12-08 12:00:00,7.7,45.5,80.6,41.3,45.5,40.0,150.0
2023-12-08 13:00:00,7.5,46.2,80.8,40.7,45.0,39.6,150.0
2023-12-08 14:00:00,7.6,46.4,80.2,41.2,45.6,39.5,50.0
2023-12-08 15:00:00,7.0,46.6,82.0,42.2,46.7,40.8,290.0
2023-12-08 16:00:00,6.9,46.8,82.7,42.3,46.8,40.7,170.0
2023-12-08 17:00:00,6.6,46.9,82.4,42.3,46.7,40.7,170.0
2023-12-08 18:00:00,6.7,46.8,82.6,42.5,46.9,41.0,160.0
2023-12-08 19:00:00,6.7,47.2,83.3,42.6,47.1,41.0,170.0
2023-12-08 20:00:00,6.3,47.4,78.9,42.5,46.8,41.2,160.0
2023-12-08 21:00:00,6.5,47.2,65.1,42.8,45.9,41.4,170.0
2023-12-08 22:00:00,6.4,47.3,79.3,43.5,48.0,41.1,170.0
2023-12-08 23:00:00,6.2,47.4,37.1,41.9,36.6,33.9,0.0
2023-12-09 00:00:00,6.2,47.6,34.4,39.9,32.4,32.5,0.0
2023-12-09 01:00:00,4.8,48.3,31.9,38.5,28.1,28.5,0.0
2023-12-09 02:00:00,4.1,48.9,29.6,37.5,27.2,26.8,0.0
2023-12-09 03:00:00,3.6,49.2,30.0,36.6,27.6,25.7,0.0
2023-12-09 04:00:00,3.1,49.6,29.5,35.8,27.6,25.0,0.0
2023-12-09 05:00:00,3.4,49.3,29.1,28.2,30.7,24.3,0.0
2023-12-09 06:00:00,4.1,48.6,85.5,44.7,49.7,39.4,260.0
2023-12-09 07:00:00,3.7,48.7,86.0,43.9,48.5,42.1,210.0
2023-12-09 08:00:00,3.6,48.9,84.7,43.6,48.3,41.6,180.0
2023-12-09 09:00:00,4.2,48.4,85.3,43.7,48.4,41.7,180.0
2023-12-09 10:00:00,4.8,48.1,83.1,43.4,47.8,41.7,180.0
2023-12-09 11:00:00,5.5,47.6,82.6,43.2,47.6,41.6,170.0
2023-12-09 12:00:00,7.7,45.6,78.1,41.9,45.9,40.8,160.0
2023-12-09 13:00:00,8.0,45.1,76.5,40.9,44.8,39.6,140.0
2023-12-09 14:00:00,8.2,45.4,73.1,40.6,44.5,39.6,150.0
2023-12-09 15:00:00,7.5,45.8,80.5,41.6,46.2,40.0,160.0
2023-12-09 16:00:00,7.2,45.9,76.9,41.9,46.0,40.3,160.0
2023-12-09 17:00:00,7.2,45.9,78.7,41.6,46.0,40.0,150.0
2023-12-09 18:00:00,7.2,45.9,70.7,42.0,45.6,41.0,160.0
2023-12-09 19:00:00,6.9,46.4,81.4,42.4,47.1,40.3,160.0
2023-12-09 20:00:00,6.7,46.6,82.7,42.3,47.1,40.5,150.0
2023-12-09 21:00:00,6.4,46.6,65.4,41.9,44.8,40.7,160.0
2023-12-09 22:00:00,5.9,47.2,80.9,42.8,42.0,41.0,160.0
2023-12-09 23:00:00,5.8,47.3,37.8,41.4,36.2,33.9,0.0
2023-12-10 00:00:00,5.4,47.7,34.2,40.0,31.7,31.9,0.0
2023-12-10 01:00:00,5.7,47.4,31.3,38.5,27.8,28.1,0.0
2023-12-10 02:00:00,5.4,47.4,30.3,37.4,28.0,26.8,0.0
2023-12-10 03:00:00,5.4,47.3,29.8,36.2,27.5,25.8,0.0
2023-12-10 04:00:00,5.0,47.9,29.4,35.4,27.8,25.1,0.0
2023-12-10 05:00:00,4.8,48.0,28.7,34.6,26.9,24.6,0.0
2023-12-10 06:00:00,5.1,47.8,86.2,33.9,38.9,27.7,70.0
2023-12-10 07:00:00,4.8,48.0,83.0,45.2,49.2,42.6,280.0
2023-12-10 08:00:00,4.4,48.3,85.4,44.2,49.1,40.6,160.0
2023-12-10 09:00:00,5.8,47.2,82.0,43.0,47.1,42.0,190.0
2023-12-10 10:00:00,6.8,46.2,80.2,41.6,45.9,40.1,150.0
2023-12-10 11:00:00,7.5,45.7,76.8,41.2,45.2,40.0,150.0
2023-12-10 12:00:00,8.7,44.7,76.4,40.7,44.8,39.5,150.0
2023-12-10 13:00:00,10.0,43.6,75.2,40.1,44.0,39.1,140.0
2023-12-10 14:00:00,10.2,43.5,74.0,39.8,43.7,38.9,60.0
2023-12-10 15:00:00,9.7,44.0,77.0,40.2,44.4,39.0,210.0
2023-12-10 16:00:00,9.3,44.2,75.6,40.4,44.4,39.5,140.0
2023-12-10 17:00:00,9.3,44.1,78.5,40.7,44.8,39.6,150.0
2023-12-10 18:00:00,8.8,44.7,80.0,40.9,45.1,39.7,140.0
2023-12-10 19:00:00,8.6,44.8,80.0,41.1,45.2,40.0,150.0
2023-12-10 20:00:00,8.3,45.0,80.2,41.2,45.5,40.0,150.0
2023-12-10 21:00:00,8.2,45.0,82.4,41.3,45.6,40.3,150.0
2023-12-10 22:00:00,8.1,45.1,54.9,40.5,36.4,36.4,70.0
2023-12-10 23:00:00,8.3,45.0,34.9,39.0,34.1,32.9,0.0
2023-12-11 00:00:00,8.2,45.2,32.5,37.9,30.7,30.4,0.0
2023-12-11 01:00:00,8.0,45.2,30.4,36.9,28.2,27.4,0.0
2023-12-11 02:00:00,7.9,45.3,29.9,35.8,27.2,26.3,0.0
2023-12-11 03:00:00,8.1,45.1,29.2,31.0,28.8,25.6,0.0
2023-12-11 04:00:00,8.0,45.2,30.2,24.2,31.5,25.3,0.0
2023-12-11 05:00:00,8.0,45.2,40.2,22.9,34.2,24.6,0.0
2023-12-11 06:00:00,8.0,45.5,67.3,38.1,42.1,33.9,150.0
2023-12-11 07:00:00,7.7,45.6,77.2,42.7,46.7,41.0,210.0
2023-12-11 08:00:00,7.6,45.6,82.3,40.8,45.1,39.7,140.0
2023-12-11 09:00:00,8.2,44.9,81.8,40.6,44.8,39.4,150.0
2023-12-11 10:00:00,8.8,44.7,79.9,40.1,44.3,39.1,140.0
2023-12-11 11:00:00,8.5,44.9,78.6,40.2,44.3,39.1,140.0
2023-12-11 12:00:00,9.1,44.4,78.5,40.5,44.8,39.5,150.0
2023-12-11 13:00:00,10.0,43.4,75.8,39.3,39.5,39.0,120.0
2023-12-11 14:00:00,10.8,42.9,35.0,38.3,34.7,32.7,0.0
2023-12-11 15:00:00,10.9,42.8,33.2,37.2,30.7,31.5,0.0
2023-12-11 16:00:00,9.9,46.1,73.0,31.6,35.8,28.1,0.0
2023-12-11 17:00:00,8.8,47.0,79.1,42.8,47.4,39.1,220.0
2023-12-11 18:00:00,7.8,47.7,79.6,43.6,47.7,42.2,190.0
2023-12-11 19:00:00,7.0,48.3,81.7,43.4,47.8,41.5,160.0
2023-12-11 20:00:00,6.8,48.5,69.9,43.3,47.2,41.7,170.0
2023-12-11 21:00:00,7.4,48.1,81.6,44.4,48.9,42.5,190.0
2023-12-11 22:00:00,8.0,47.6,78.8,43.7,42.7,41.7,150.0
2023-12-11 23:00:00,7.9,47.5,37.7,41.7,36.8,34.4,0.0
2023-12-12 00:00:00,8.2,47.5,34.1,40.2,32.3,32.7,0.0
2023-12-12 01:00:00,7.9,47.6,32.1,39.2,29.2,29.2,0.0
2023-12-12 02:00:00,8.2,47.4,30.7,38.0,27.6,27.3,0.0
2023-12-12 03:00:00,8.5,47.4,30.3,37.1,29.0,26.4,0.0
2023-12-12 04:00:00,8.3,47.3,29.6,36.0,28.1,25.8,0.0
2023-12-12 05:00:00,8.4,47.6,29.2,28.8,31.0,25.1,0.0
2023-12-12 06:00:00,8.9,47.5,74.9,33.6,38.0,28.7,70.0
2023-12-12 07:00:00,8.7,47.5,83.6,46.3,50.8,40.9,240.0
2023-12-12 08:00:00,9.0,47.2,82.0,42.0,46.3,40.7,170.0
2023-12-12 09:00:00,9.8,46.8,78.4,42.0,46.1,40.7,160.0
2023-12-12 10:00:00,10.7,46.3,77.2,41.8,45.9,40.3,150.0
2023-12-12 11:00:00,11.6,45.7,76.7,41.6,45.7,40.3,160.0
2023-12-12 12:00:00,11.3,45.0,72.3,40.7,44.4,39.7,140.0
2023-12-12 13:00:00,11.8,44.2,73.8,40.4,44.2,39.4,140.0
2023-12-12 14:00:00,12.5,43.8,73.1,40.3,44.2,39.4,130.0
2023-12-12 15:00:00,12.5,43.8,72.3,40.5,44.2,39.4,140.0
2023-12-12 16:00:00,11.4,44.5,73.9,40.6,44.6,39.6,140.0
2023-12-12 17:00:00,10.1,45.2,76.8,41.4,45.4,40.0,150.0
2023-12-12 18:00:00,10.1,45.0,78.1,41.7,45.8,40.5,150.0
2023-12-12 19:00:00,10.0,45.1,77.7,41.4,45.5,40.2,150.0
2023-12-12 20:00:00,9.2,45.6,70.9,41.2,44.9,40.4,140.0
2023-12-12 21:00:00,10.1,45.7,76.2,42.6,46.3,40.7,150.0
2023-12-12 22:00:00,9.7,45.9,70.4,41.0,41.0,39.9,130.0
2023-12-12 23:00:00,9.4,46.0,36.2,39.8,34.5,33.3,0.0
2023-12-13 00:00:00,10.3,45.6,33.6,38.5,32.0,32.2,0.0
2023-12-13 01:00:00,10.5,45.5,32.0,37.1,28.7,29.7,0.0
2023-12-13 02:00:00,10.5,45.5,29.9,35.1,27.1,27.5,0.0
2023-12-13 03:00:00,10.1,45.7,28.7,35.1,28.6,27.0,0.0
2023-12-13 04:00:00,10.5,45.5,28.0,33.3,25.7,26.2,0.0
2023-12-13 05:00:00,10.9,45.3,33.4,34.1,34.9,26.0,0.0
2023-12-13 06:00:00,11.2,45.2,76.8,34.5,38.9,29.0,80.0
2023-12-13 07:00:00,11.2,45.2,76.6,42.6,46.4,41.0,240.0
2023-12-13 08:00:00,11.8,45.0,76.6,40.4,44.5,39.4,130.0
2023-12-13 09:00:00,12.5,44.7,74.9,40.4,44.3,39.3,140.0
2023-12-13 10:00:00,13.2,44.2,72.7,40.1,43.8,39.1,130.0
2023-12-13 11:00:00,14.3,44.0,71.7,39.7,43.4,38.9,130.0
2023-12-13 12:00:00,15.0,44.0,71.3,39.7,43.5,38.6,130.0
2023-12-13 13:00:00,16.1,43.0,36.7,38.7,34.0,33.9,50.0
2023-12-13 14:00:00,16.0,43.0,69.4,38.9,42.8,35.2,100.0
2023-12-13 15:00:00,15.6,43.0,71.8,41.2,45.1,37.4,120.0
2023-12-13 16:00:00,15.3,43.0,71.2,38.9,42.4,38.6,130.0
2023-12-13 17:00:00,15.4,44.0,71.1,39.2,43.1,38.1,120.0
2023-12-13 18:00:00,14.9,44.0,72.4,40.9,44.7,39.4,150.0
2023-12-13 19:00:00,14.8,44.0,71.9,40.8,44.4,39.6,140.0
2023-12-13 20:00:00,14.6,44.0,64.6,39.8,40.4,39.4,120.0
2023-12-13 21:00:00,14.3,44.0,59.1,41.4,44.2,40.6,150.0
2023-12-13 22:00:00,13.7,44.3,71.4,40.9,40.9,39.8,120.0
2023-12-13 23:00:00,13.7,44.1,36.8,39.7,35.0,33.6,0.0
2023-12-14 00:00:00,13.6,44.3,33.7,38.5,32.4,32.5,0.0
2023-12-14 01:00:00,13.4,44.6,31.9,36.9,28.5,29.1,0.0
2023-12-14 02:00:00,12.9,45.4,29.3,35.8,27.0,27.5,0.0
2023-12-14 03:00:00,12.7,45.4,30.1,35.3,28.9,26.6,0.0
2023-12-14 04:00:00,12.3,46.2,29.5,34.3,29.5,26.0,0.0
2023-12-14 05:00:00,12.9,45.2,28.9,33.4,28.9,25.5,0.0
2023-12-14 06:00:00,13.6,44.6,67.2,37.9,41.9,34.4,140.0
2023-12-14 07:00:00,13.2,44.8,74.1,42.3,45.8,40.7,200.0
2023-12-14 08:00:00,12.9,45.3,74.8,40.4,44.2,39.3,80.0
2023-12-14 09:00:00,11.8,44.4,74.4,41.0,44.9,39.7,180.0
2023-12-14 10:00:00,11.6,44.4,77.3,40.8,44.9,39.7,140.0
2023-12-14 11:00:00,11.7,44.4,77.6,40.8,44.9,39.7,140.0
2023-12-14 12:00:00,11.5,44.5,77.4,40.5,44.5,39.7,140.0
2023-12-14 13:00:00,11.6,44.8,77.4,40.4,44.5,39.4,140.0
2023-12-14 14:00:00,11.5,44.9,77.6,40.5,44.5,39.7,140.0
2023-12-14 15:00:00,11.5,45.8,77.7,41.2,45.4,40.0,140.0
2023-12-14 16:00:00,11.3,45.9,77.9,41.7,45.9,40.4,150.0
2023-12-14 17:00:00,11.0,46.1,78.1,41.9,46.1,40.6,150.0
2023-12-14 18:00:00,10.8,46.0,78.7,42.1,46.2,40.9,150.0
2023-12-14 19:00:00,10.8,46.0,78.4,42.1,46.2,40.9,80.0
2023-12-14 20:00:00,10.8,46.0,78.4,42.1,46.2,40.9,0.0
2023-12-14 21:00:00,10.8,46.0,78.4,42.1,46.2,40.9,0.0
2023-12-14 22:00:00,10.8,46.0,78.4,42.1,46.2,40.9,0.0
2023-12-14 23:00:00,10.8,46.0,78.4,42.1,46.2,40.9,0.0
2023-12-15 00:00:00,10.8,46.0,78.4,42.1,46.2,40.9,0.0
2023-12-15 01:00:00,10.8,46.0,78.4,42.1,46.2,40.9,0.0
2023-12-15 02:00:00,10.3,46.4,28.3,26.7,25.8,25.5,0.0
2023-12-15 03:00:00,10.0,46.6,27.6,24.7,25.1,25.0,0.0
2023-12-15 04:00:00,10.1,46.5,27.9,23.6,26.1,24.7,0.0
2023-12-15 05:00:00,9.8,46.8,27.4,22.8,26.0,24.4,0.0
2023-12-15 06:00:00,9.0,48.6,62.0,35.6,38.9,32.1,130.0
2023-12-15 07:00:00,8.9,49.0,77.1,43.4,48.0,39.4,190.0
2023-12-15 08:00:00,8.6,49.0,84.6,44.4,48.8,42.7,220.0
2023-12-15 09:00:00,9.0,48.8,84.0,43.8,48.4,41.7,170.0
2023-12-15 10:00:00,9.4,48.2,83.5,43.7,48.4,41.7,170.0
2023-12-15 11:00:00,9.4,48.3,81.6,39.4,43.2,39.7,130.0
2023-12-15 12:00:00,9.4,48.1,82.9,43.7,48.4,41.4,190.0
2023-12-15 13:00:00,9.8,47.9,82.3,44.6,49.2,42.3,190.0
2023-12-15 14:00:00,9.5,44.4,77.7,39.0,42.9,38.8,110.0
2023-12-15 15:00:00,9.5,44.4,78.3,40.5,44.7,39.4,140.0
2023-12-15 16:00:00,9.2,44.6,78.5,40.8,44.8,39.8,150.0
2023-12-15 17:00:00,9.2,44.6,77.1,39.8,43.9,39.1,130.0
2023-12-15 18:00:00,9.0,44.7,77.5,40.4,44.5,39.4,150.0
2023-12-15 19:00:00,9.0,44.7,79.0,40.6,44.8,39.5,140.0
2023-12-15 20:00:00,8.9,44.7,73.4,40.3,44.3,39.2,130.0
2023-12-15 21:00:00,8.4,44.8,67.0,41.3,44.4,40.1,150.0
2023-12-15 22:00:00,8.2,44.9,75.1,41.2,40.9,39.7,130.0
2023-12-15 23:00:00,8.1,45.0,32.1,39.6,32.1,32.0,0.0
2023-12-16 00:00:00,8.1,44.9,33.6,38.3,32.4,30.6,0.0
2023-12-16 01:00:00,7.8,45.0,31.8,36.8,28.8,29.3,0.0
2023-12-16 02:00:00,7.8,45.1,29.4,34.9,27.0,27.0,0.0
2023-12-16 03:00:00,7.8,45.1,29.3,35.0,27.9,26.1,0.0
2023-12-16 04:00:00,7.9,45.0,28.8,34.0,28.9,25.3,0.0
2023-12-16 05:00:00,7.4,45.1,28.4,33.0,28.7,24.8,0.0
2023-12-16 06:00:00,7.4,47.3,82.7,39.3,44.2,33.5,150.0
2023-12-16 07:00:00,7.5,47.3,64.3,42.7,45.6,41.7,230.0
2023-12-16 08:00:00,7.0,47.4,83.4,43.6,48.2,41.4,170.0
2023-12-16 09:00:00,6.1,48.0,83.3,43.2,47.8,41.3,180.0
2023-12-16 10:00:00,6.1,48.0,84.9,43.3,48.2,41.2,170.0
2023-12-16 11:00:00,6.5,47.7,83.1,43.7,48.3,41.6,180.0
2023-12-16 12:00:00,6.1,48.0,83.3,43.5,48.2,41.6,170.0
2023-12-16 13:00:00,6.2,48.0,75.4,43.5,47.3,41.7,180.0
2023-12-16 14:00:00,5.4,48.5,84.0,44.5,49.2,42.1,180.0
2023-12-16 15:00:00,5.0,48.6,81.0,44.5,48.9,41.9,170.0
2023-12-16 16:00:00,5.2,48.6,83.7,44.3,49.1,41.9,180.0
2023-12-16 17:00:00,5.2,48.7,84.0,44.2,48.7,42.4,180.0
2023-12-16 18:00:00,4.9,48.7,86.6,44.5,49.4,42.2,170.0
2023-12-16 19:00:00,5.0,48.7,83.2,44.2,48.5,42.4,180.0
2023-12-16 20:00:00,5.3,48.6,79.9,43.7,48.0,42.0,170.0
2023-12-16 21:00:00,5.4,48.4,84.2,44.6,49.3,42.3,180.0
2023-12-16 22:00:00,4.7,48.9,74.0,42.7,41.0,40.7,130.0
2023-12-16 23:00:00,4.7,48.9,37.1,42.0,36.5,33.9,0.0
2023-12-17 00:00:00,4.4,49.2,34.1,40.5,32.6,32.0,0.0
2023-12-17 01:00:00,3.8,49.5,32.4,39.4,30.3,28.4,0.0
2023-12-17 02:00:00,4.3,49.2,31.6,37.9,30.3,26.9,0.0
2023-12-17 03:00:00,3.9,49.4,31.1,37.2,29.9,26.0,0.0
2023-12-17 04:00:00,4.3,49.2,30.5,36.8,29.2,25.5,0.0
2023-12-17 05:00:00,4.8,48.7,29.9,36.1,27.9,24.9,0.0
2023-12-17 06:00:00,5.0,48.8,65.9,28.4,31.6,24.6,0.0
2023-12-17 07:00:00,5.2,47.9,85.1,46.2,51.0,40.8,290.0
2023-12-17 08:00:00,5.3,47.8,83.6,42.5,47.0,40.9,170.0
2023-12-17 09:00:00,5.5,47.7,80.5,43.1,47.4,41.4,170.0
2023-12-17 10:00:00,6.6,47.6,79.9,43.1,47.4,41.4,180.0
2023-12-17 11:00:00,7.2,47.3,76.3,42.6,46.7,41.1,160.0
2023-12-17 12:00:00,7.5,47.2,79.3,43.3,47.6,41.3,180.0
2023-12-17 13:00:00,7.8,46.6,79.6,42.1,46.5,40.6,150.0
2023-12-17 14:00:00,8.0,46.6,81.4,42.7,47.2,40.9,170.0
2023-12-17 15:00:00,6.9,47.4,79.5,42.9,47.3,41.1,170.0
2023-12-17 16:00:00,6.2,47.4,82.0,43.2,47.7,41.4,170.0
2023-12-17 17:00:00,5.1,47.9,84.0,43.7,48.2,41.8,170.0
2023-12-17 18:00:00,4.3,48.1,77.7,43.3,47.6,41.6,170.0
2023-12-17 19:00:00,3.9,48.2,86.9,44.2,48.8,42.3,190.0
2023-12-17 20:00:00,3.3,47.5,86.4,42.7,47.3,41.6,160.0
2023-12-17 21:00:00,2.8,47.6,86.6,42.5,47.2,41.0,160.0
2023-12-17 22:00:00,2.5,47.6,85.8,42.6,42.8,41.2,170.0
2023-12-17 23:00:00,2.3,47.7,36.6,40.9,36.3,33.9,0.0
2023-12-18 00:00:00,2.0,47.8,34.0,39.7,32.9,32.3,0.0
2023-12-18 01:00:00,1.7,47.9,31.7,38.4,29.8,28.2,0.0
2023-12-18 02:00:00,1.5,48.1,30.7,32.8,30.2,26.6,0.0
2023-12-18 03:00:00,1.2,48.1,32.9,24.6,33.4,25.7,0.0
2023-12-18 04:00:00,1.1,48.1,47.7,23.4,30.7,25.2,0.0
2023-12-18 05:00:00,0.9,48.1,58.2,30.1,25.0,24.7,0.0
2023-12-18 06:00:00,0.7,50.5,72.1,33.3,37.4,28.0,70.0
2023-12-18 07:00:00,0.6,50.6,78.7,44.1,48.7,39.5,240.0
2023-12-18 08:00:00,1.0,50.2,84.1,46.9,51.5,43.9,240.0
2023-12-18 09:00:00,1.6,49.8,89.9,44.2,49.0,42.5,180.0
2023-12-18 10:00:00,2.6,49.0,86.5,43.8,48.5,42.0,180.0
2023-12-18 11:00:00,3.2,48.4,84.6,43.4,47.9,41.6,180.0
2023-12-18 12:00:00,4.2,47.7,83.2,43.1,47.5,41.4,170.0
2023-12-18 13:00:00,5.0,46.9,82.1,42.8,47.2,41.2,170.0
2023-12-18 14:00:00,5.6,46.6,80.7,42.4,46.7,41.0,160.0
2023-12-18 15:00:00,6.0,46.6,79.7,42.0,46.2,40.6,160.0
2023-12-18 16:00:00,5.6,46.7,80.3,42.0,46.3,40.6,160.0
2023-12-18 17:00:00,4.5,47.4,82.7,42.5,47.0,41.0,170.0
2023-12-18 18:00:00,4.2,47.5,83.9,43.0,47.5,41.2,170.0
2023-12-18 19:00:00,4.0,47.9,85.0,43.3,47.9,41.6,170.0
2023-12-18 20:00:00,3.3,48.2,86.0,43.5,48.2,41.8,170.0
2023-12-18 21:00:00,2.9,48.7,81.4,44.3,48.6,41.8,180.0
2023-12-18 22:00:00,2.4,49.2,76.2,43.7,43.7,42.4,170.0
2023-12-18 23:00:00,2.6,48.8,37.6,42.6,36.9,34.1,0.0
2023-12-19 00:00:00,2.1,49.4,34.6,41.2,33.1,32.5,0.0
2023-12-19 01:00:00,1.9,49.6,32.9,39.9,30.6,29.0,0.0
2023-12-19 02:00:00,1.8,49.6,31.4,38.5,27.8,26.8,0.0
2023-12-19 03:00:00,1.4,49.8,30.8,28.7,31.5,25.8,0.0
2023-12-19 04:00:00,0.8,50.2,32.0,23.6,32.4,25.0,0.0
2023-12-19 05:00:00,1.1,50.1,23.8,24.7,25.1,24.6,0.0
2023-12-19 06:00:00,1.0,49.4,84.1,30.8,35.5,24.9,0.0
2023-12-19 07:00:00,0.6,49.7,89.2,47.7,52.6,41.6,310.0
2023-12-19 08:00:00,1.1,49.4,88.4,43.8,48.6,42.0,190.0
2023-12-19 09:00:00,1.9,48.9,86.4,43.7,48.2,41.7,190.0
2023-12-19 10:00:00,3.0,48.2,84.8,43.1,47.6,41.3,170.0
2023-12-19 11:00:00,4.2,47.4,83.2,42.7,47.1,41.0,180.0
2023-12-19 12:00:00,5.6,46.7,80.1,42.1,46.4,40.8,160.0
2023-12-19 13:00:00,6.5,46.3,78.7,41.6,45.7,40.3,150.0
2023-12-19 14:00:00,7.3,45.9,77.7,41.7,45.8,40.3,160.0
2023-12-19 15:00:00,8.0,45.6,77.7,41.6,45.6,40.3,160.0
2023-12-19 16:00:00,7.2,45.9,78.1,41.4,45.7,40.1,150.0
2023-12-19 17:00:00,5.3,46.8,82.4,42.2,46.7,40.4,170.0
2023-12-19 18:00:00,4.8,47.2,84.1,43.0,47.7,41.2,170.0
2023-12-19 19:00:00,4.1,47.4,76.6,42.3,46.7,41.1,170.0
2023-12-19 20:00:00,4.0,47.6,84.3,43.7,48.2,41.8,180.0
2023-12-19 21:00:00,3.7,47.8,85.8,43.3,48.0,41.7,170.0
2023-12-19 22:00:00,3.1,48.2,74.0,42.5,39.2,38.8,120.0
2023-12-19 23:00:00,2.6,48.3,48.2,40.2,34.2,33.6,0.0
2023-12-20 00:00:00,2.4,48.6,66.2,32.2,28.4,30.0,0.0
2023-12-20 01:00:00,2.1,48.6,71.4,25.6,28.2,26.9,0.0
2023-12-20 02:00:00,1.8,48.9,68.9,24.6,26.6,26.0,0.0
2023-12-20 03:00:00,1.5,49.0,61.7,24.1,49.8,25.7,0.0
2023-12-20 04:00:00,1.3,49.2,52.9,24.1,43.3,25.4,0.0
2023-12-20 05:00:00,1.2,49.2,48.1,23.9,42.6,24.8,0.0
2023-12-20 06:00:00,1.7,48.9,63.3,37.3,40.8,33.9,170.0
2023-12-20 07:00:00,2.3,48.6,76.2,42.9,47.3,38.8,180.0
2023-12-20 08:00:00,2.0,48.8,86.5,44.7,49.1,43.1,230.0
2023-12-20 09:00:00,3.5,48.0,85.9,42.9,47.5,41.1,170.0
2023-12-20 10:00:00,4.8,47.1,83.2,42.3,47.0,40.8,170.0
2023-12-20 11:00:00,5.8,46.6,82.6,42.0,46.5,40.5,170.0
2023-12-20 12:00:00,7.0,46.1,80.3,41.4,45.7,40.2,160.0
2023-12-20 13:00:00,7.6,45.8,79.6,41.3,45.6,40.1,150.0
2023-12-20 14:00:00,7.8,45.7,78.5,41.1,45.3,39.8,150.0
2023-12-20 15:00:00,8.9,45.2,77.4,40.9,44.9,39.9,150.0
2023-12-20 16:00:00,8.2,45.4,77.8,40.8,45.0,39.5,150.0
2023-12-20 17:00:00,6.5,46.2,80.3,41.7,46.0,40.2,160.0
2023-12-20 18:00:00,5.9,46.6,83.5,42.6,47.3,40.9,170.0
2023-12-20 19:00:00,5.5,46.7,83.6,42.5,46.9,41.1,170.0
2023-12-20 20:00:00,5.4,46.8,88.1,42.4,47.3,40.9,160.0
2023-12-20 21:00:00,5.6,46.7,82.3,42.9,47.5,40.7,160.0
2023-12-20 22:00:00,7.0,46.1,74.3,41.9,41.6,40.7,150.0
2023-12-20 23:00:00,6.3,46.4,36.4,40.2,36.1,33.8,0.0
2023-12-21 00:00:00,6.5,46.3,33.7,38.9,32.6,32.2,0.0
2023-12-21 01:00:00,6.6,46.3,31.5,37.9,29.6,28.3,0.0
2023-12-21 02:00:00,7.0,46.1,31.0,36.9,29.7,26.6,0.0
2023-12-21 03:00:00,7.0,46.1,30.4,36.3,29.4,25.8,0.0
2023-12-21 04:00:00,7.2,46.1,29.4,35.5,27.3,25.2,0.0
2023-12-21 05:00:00,6.8,46.2,29.0,28.5,30.9,24.8,0.0
2023-12-21 06:00:00,6.3,48.0,71.7,34.1,38.4,29.2,80.0
2023-12-21 07:00:00,6.4,48.0,78.4,45.5,49.5,40.4,240.0
2023-12-21 08:00:00,6.3,48.0,86.4,43.2,47.8,41.8,190.0
2023-12-21 09:00:00,7.2,47.6,85.9,42.6,47.3,40.8,170.0
2023-12-21 10:00:00,8.4,46.7,83.9,42.7,47.1,41.2,170.0
2023-12-21 11:00:00,8.1,46.8,79.5,41.9,46.0,40.7,160.0
2023-12-21 12:00:00,8.9,46.4,77.4,41.5,45.5,40.1,150.0
2023-12-21 13:00:00,9.2,46.2,78.1,42.2,46.4,40.5,170.0
2023-12-21 14:00:00,8.7,46.4,78.1,42.1,46.4,40.6,160.0
2023-12-21 15:00:00,8.3,46.6,78.2,42.2,46.3,40.6,160.0
2023-12-21 16:00:00,7.6,47.1,78.8,42.3,46.5,40.9,160.0
2023-12-21 17:00:00,6.6,48.0,82.8,43.1,47.7,41.3,170.0
2023-12-21 18:00:00,6.2,48.2,83.5,44.1,48.7,42.1,180.0
2023-12-21 19:00:00,5.8,48.4,83.5,44.5,48.9,42.5,180.0
2023-12-21 20:00:00,4.9,49.0,84.3,44.7,49.3,42.7,180.0
2023-12-21 21:00:00,4.5,49.2,81.1,44.6,49.0,42.4,180.0
2023-12-21 22:00:00,5.1,48.9,81.9,44.8,44.6,42.9,180.0
2023-12-21 23:00:00,5.1,48.9,38.1,43.0,37.1,34.8,0.0
2023-12-22 00:00:00,5.0,48.9,35.4,41.4,33.2,33.2,0.0
2023-12-22 01:00:00,5.2,48.8,32.8,40.4,30.5,29.1,0.0
2023-12-22 02:00:00,5.7,48.4,32.3,39.0,30.7,27.7,0.0
2023-12-22 03:00:00,6.1,48.4,31.4,38.1,30.2,26.5,0.0
2023-12-22 04:00:00,6.2,48.3,30.8,37.6,28.9,25.7,0.0
2023-12-22 05:00:00,6.4,48.1,31.9,36.8,34.3,25.2,0.0
2023-12-22 06:00:00,6.7,47.8,76.3,31.4,36.4,26.4,0.0
2023-12-22 07:00:00,7.1,47.7,83.4,45.9,50.4,42.0,280.0
2023-12-22 08:00:00,7.3,47.4,82.1,42.2,46.7,40.9,150.0
2023-12-22 09:00:00,7.7,47.2,80.5,42.4,46.7,40.9,170.0
2023-12-22 10:00:00,8.2,46.9,80.2,42.3,46.5,40.7,160.0
2023-12-22 11:00:00,9.1,46.3,78.7,42.2,46.4,40.7,160.0
2023-12-22 12:00:00,9.4,46.0,78.8,42.0,46.1,40.3,160.0
2023-12-22 13:00:00,10.2,45.6,78.4,41.9,46.1,40.6,160.0
2023-12-22 14:00:00,9.8,45.7,78.3,41.7,45.9,40.5,150.0
2023-12-22 15:00:00,9.9,45.8,78.2,41.8,45.9,40.5,160.0
2023-12-22 16:00:00,9.0,46.2,78.5,41.8,46.0,40.6,150.0
2023-12-22 17:00:00,8.4,46.6,79.9,42.1,46.5,40.7,160.0
2023-12-22 18:00:00,8.5,46.7,80.0,42.3,46.6,41.0,160.0
2023-12-22 19:00:00,8.4,46.6,67.8,41.8,41.0,40.4,140.0
2023-12-22 20:00:00,7.7,47.1,85.1,42.0,46.9,36.1,90.0
2023-12-22 21:00:00,7.7,47.2,82.6,44.0,48.1,42.6,210.0
2023-12-22 22:00:00,7.5,47.4,54.5,40.4,39.0,38.7,90.0
2023-12-22 23:00:00,7.5,47.2,38.6,39.0,34.0,33.1,0.0
2023-12-23 00:00:00,7.5,47.4,33.8,36.8,30.0,31.6,0.0
2023-12-23 01:00:00,7.1,47.6,34.7,33.0,27.5,28.0,0.0
2023-12-23 02:00:00,7.3,47.5,38.4,29.1,28.1,26.7,0.0
2023-12-23 03:00:00,7.1,47.6,42.4,25.5,32.5,25.8,0.0
2023-12-23 04:00:00,7.2,47.5,44.3,23.8,34.0,25.3,0.0
2023-12-23 05:00:00,7.4,47.4,45.5,23.0,34.5,24.8,0.0
2023-12-23 06:00:00,7.3,47.3,80.8,44.0,48.4,37.7,220.0
2023-12-23 07:00:00,7.4,47.2,80.1,42.5,46.7,41.2,190.0
2023-12-23 08:00:00,8.9,46.4,77.6,42.0,46.2,40.3,160.0
2023-12-23 09:00:00,9.5,46.1,76.2,41.8,46.0,39.8,150.0
2023-12-23 10:00:00,8.8,46.4,78.0,42.4,46.5,40.5,170.0
2023-12-23 11:00:00,9.0,46.2,79.9,42.5,46.8,40.7,160.0
2023-12-23 12:00:00,8.5,46.8,76.8,41.9,46.1,40.3,160.0
2023-12-23 13:00:00,8.2,46.9,78.8,42.1,46.2,40.4,160.0
2023-12-23 14:00:00,7.8,47.0,78.0,42.5,46.3,40.7,160.0
2023-12-23 15:00:00,7.9,47.1,83.5,43.2,47.6,41.6,180.0
2023-12-23 16:00:00,8.3,46.6,82.5,42.0,46.4,40.9,150.0
2023-12-23 17:00:00,7.7,46.8,76.7,41.8,46.2,40.3,140.0
2023-12-23 18:00:00,7.0,47.3,78.8,42.7,46.7,41.3,180.0
2023-12-23 19:00:00,6.7,47.4,82.7,43.1,47.7,41.4,160.0
2023-12-23 20:00:00,6.7,47.3,84.3,43.6,47.6,41.6,170.0
2023-12-23 21:00:00,6.9,47.4,82.3,42.7,47.1,41.1,160.0
2023-12-23 22:00:00,7.2,47.1,80.2,43.4,43.6,41.7,160.0
2023-12-23 23:00:00,7.1,47.0,37.1,41.4,37.2,34.4,0.0
2023-12-24 00:00:00,7.4,47.0,34.7,40.3,33.7,33.0,0.0
2023-12-24 01:00:00,7.1,47.1,33.1,39.1,31.8,29.5,0.0
2023-12-24 02:00:00,7.1,47.0,32.5,38.8,31.4,27.2,0.0
2023-12-24 03:00:00,6.8,47.4,32.9,40.0,31.8,26.5,0.0
2023-12-24 04:00:00,7.3,47.1,32.6,40.4,31.1,26.0,0.0
2023-12-24 05:00:00,7.6,46.8,32.1,39.9,30.1,25.5,0.0
2023-12-24 06:00:00,7.4,47.0,61.8,28.4,32.4,25.1,0.0
2023-12-24 07:00:00,6.9,47.4,86.9,44.9,49.3,42.2,300.0
2023-12-24 08:00:00,6.9,47.4,84.5,42.0,46.6,40.5,140.0
2023-12-24 09:00:00,7.5,47.0,82.6,42.7,47.2,41.1,180.0
2023-12-24 10:00:00,8.4,46.3,81.2,42.7,46.8,40.7,160.0
2023-12-24 11:00:00,10.2,45.0,77.4,40.6,44.8,40.1,140.0
2023-12-24 12:00:00,11.6,44.3,67.1,40.3,40.4,39.3,140.0
2023-12-24 13:00:00,12.4,43.9,55.2,38.1,33.4,33.3,0.0
2023-12-24 14:00:00,13.6,43.3,72.7,42.5,46.3,38.2,170.0
2023-12-24 15:00:00,14.0,43.0,66.1,38.5,41.8,38.3,120.0
2023-12-24 16:00:00,13.6,44.2,73.6,41.1,45.1,39.2,150.0
2023-12-24 17:00:00,10.9,45.4,81.2,42.1,46.6,39.9,150.0
2023-12-24 18:00:00,10.7,45.5,81.2,41.2,45.3,40.3,150.0
2023-12-24 19:00:00,9.9,45.8,82.6,41.1,45.5,40.0,150.0
2023-12-24 20:00:00,8.7,46.2,82.9,41.5,45.9,40.3,150.0
2023-12-24 21:00:00,8.3,46.5,84.2,41.9,46.5,40.7,160.0
2023-12-24 22:00:00,7.7,46.7,84.1,42.0,42.3,41.0,150.0
2023-12-24 23:00:00,7.4,46.8,36.7,40.3,36.3,34.1,0.0
2023-12-25 00:00:00,7.7,46.8,33.9,39.1,32.6,32.7,0.0
2023-12-25 01:00:00,7.6,46.8,32.4,37.8,29.1,30.1,0.0
2023-12-25 02:00:00,7.0,47.1,31.7,33.4,29.1,27.6,0.0
2023-12-25 03:00:00,6.5,47.2,33.8,25.2,33.9,26.5,0.0
2023-12-25 04:00:00,7.0,47.1,48.7,24.0,26.0,25.7,0.0
2023-12-25 05:00:00,7.5,46.8,44.5,29.3,31.8,27.8,50.0
2023-12-25 06:00:00,7.3,46.9,70.3,43.5,47.0,40.6,240.0
2023-12-25 07:00:00,7.4,46.9,78.5,44.6,48.6,42.3,190.0
2023-12-25 08:00:00,7.5,46.8,85.4,42.2,46.7,41.1,160.0
2023-12-25 09:00:00,8.1,46.6,83.6,41.6,45.9,40.6,150.0
2023-12-25 10:00:00,10.1,45.7,81.4,41.7,46.0,40.5,160.0
2023-12-25 11:00:00,12.5,44.6,79.2,41.0,45.0,40.3,140.0
2023-12-25 12:00:00,14.1,44.0,49.8,39.7,36.5,36.5,80.0
2023-12-25 13:00:00,15.4,44.0,35.5,38.5,35.6,31.9,0.0
2023-12-25 14:00:00,15.9,44.0,33.4,37.2,32.5,31.0,0.0
2023-12-25 15:00:00,16.5,44.0,32.1,36.1,31.6,29.5,0.0
2023-12-25 16:00:00,15.0,43.0,70.6,34.3,38.3,30.8,70.0
2023-12-25 17:00:00,12.0,44.0,75.2,41.9,45.9,40.1,210.0
2023-12-25 18:00:00,11.0,44.6,74.8,39.9,43.9,38.8,130.0
2023-12-25 19:00:00,10.2,45.0,78.6,41.2,45.5,39.8,150.0
2023-12-25 20:00:00,10.6,45.0,72.9,41.0,44.7,39.7,140.0
2023-12-25 21:00:00,9.2,45.7,77.7,42.1,46.5,40.3,150.0
2023-12-25 22:00:00,8.6,46.0,64.6,41.0,41.0,40.3,140.0
2023-12-25 23:00:00,7.9,46.5,37.8,40.0,34.6,33.5,0.0
2023-12-26 00:00:00,7.5,46.5,33.9,39.0,33.1,32.5,0.0
2023-12-26 01:00:00,7.0,46.7,31.8,37.3,29.4,30.9,0.0
2023-12-26 02:00:00,6.9,46.9,31.4,37.1,29.3,30.4,0.0
2023-12-26 03:00:00,6.7,46.9,30.4,36.0,30.2,27.6,0.0
2023-12-26 04:00:00,5.9,47.5,28.4,34.0,27.6,25.9,0.0
2023-12-26 05:00:00,5.5,47.6,27.4,33.0,27.0,25.2,0.0
2023-12-26 06:00:00,5.0,47.9,68.0,38.0,41.8,34.5,170.0
2023-12-26 07:00:00,5.1,48.0,76.1,44.2,48.2,40.2,190.0
2023-12-26 08:00:00,5.3,47.9,86.9,43.0,47.4,42.0,190.0
2023-12-26 09:00:00,6.2,47.3,84.9,42.2,46.7,41.0,160.0
2023-12-26 10:00:00,8.2,45.6,81.8,41.8,46.2,40.7,160.0
2023-12-26 11:00:00,9.4,45.0,77.6,40.8,45.0,39.4,140.0
2023-12-26 12:00:00,11.0,44.2,74.9,40.8,44.7,39.6,140.0
2023-12-26 13:00:00,13.1,43.4,71.3,39.6,39.4,39.0,120.0
2023-12-26 14:00:00,14.4,43.0,35.6,38.5,35.6,33.0,0.0
2023-12-26 15:00:00,15.2,43.0,34.1,37.4,32.9,32.0,0.0
2023-12-26 16:00:00,13.7,43.0,30.7,36.2,28.2,28.2,0.0
2023-12-26 17:00:00,11.9,43.8,80.2,33.3,38.6,29.1,50.0
2023-12-26 18:00:00,12.1,43.8,75.3,41.8,45.4,40.5,220.0
2023-12-26 19:00:00,10.9,44.3,66.9,40.1,43.0,38.1,110.0
2023-12-26 20:00:00,9.9,44.8,79.1,42.9,47.1,39.3,160.0
2023-12-26 21:00:00,9.0,45.2,76.4,40.6,44.6,39.6,140.0
2023-12-26 22:00:00,9.0,45.1,72.1,41.7,39.9,39.4,120.0
2023-12-26 23:00:00,8.1,45.5,36.7,40.5,36.3,33.3,0.0
2023-12-27 00:00:00,7.3,45.9,34.0,39.1,32.8,31.6,0.0
2023-12-27 01:00:00,6.9,46.2,32.2,38.1,30.8,27.7,0.0
2023-12-27 02:00:00,6.5,46.3,31.9,37.7,30.9,27.5,0.0
2023-12-27 03:00:00,7.4,45.9,31.5,37.5,30.5,26.0,0.0
2023-12-27 04:00:00,6.7,46.2,30.9,36.9,29.9,25.4,0.0
2023-12-27 05:00:00,5.7,46.6,30.1,36.1,28.8,25.0,0.0
2023-12-27 06:00:00,5.3,46.8,84.3,41.4,46.2,35.2,190.0
2023-12-27 07:00:00,5.3,46.9,73.1,43.9,47.9,40.4,180.0
2023-12-27 08:00:00,5.5,47.3,86.5,42.7,47.0,41.7,190.0
2023-12-27 09:00:00,6.2,46.8,86.1,41.8,46.3,40.6,150.0
2023-12-27 10:00:00,7.3,46.4,84.2,41.7,46.2,40.5,160.0
2023-12-27 11:00:00,8.4,45.7,78.7,41.1,45.3,39.9,140.0
2023-12-27 12:00:00,10.0,45.0,77.7,40.8,44.8,39.8,150.0
2023-12-27 13:00:00,11.0,44.4,73.0,40.1,43.9,39.3,130.0
2023-12-27 14:00:00,12.4,43.7,73.3,39.9,43.7,39.1,130.0
2023-12-27 15:00:00,12.6,43.6,73.1,39.9,43.8,38.9,130.0
2023-12-27 16:00:00,12.1,43.9,73.4,39.9,43.7,39.0,130.0
2023-12-27 17:00:00,10.1,44.9,76.6,40.5,44.5,39.4,140.0
2023-12-27 18:00:00,8.8,45.6,78.5,41.4,45.6,40.2,150.0
2023-12-27 19:00:00,8.2,45.8,79.5,41.6,45.8,40.4,150.0
2023-12-27 20:00:00,7.8,46.1,74.7,41.8,45.5,40.5,150.0
2023-12-27 21:00:00,7.2,46.5,79.7,42.3,46.9,40.0,140.0
2023-12-27 22:00:00,6.5,46.8,74.2,42.5,46.0,41.2,170.0
2023-12-27 23:00:00,6.1,46.8,33.4,40.9,33.2,33.1,0.0
2023-12-28 00:00:00,5.5,47.3,34.7,39.5,36.2,29.5,0.0
2023-12-28 01:00:00,5.3,47.4,33.8,38.9,33.1,28.7,0.0
2023-12-28 02:00:00,4.3,48.1,32.8,38.5,32.2,28.0,0.0
2023-12-28 03:00:00,4.3,47.9,32.1,38.0,31.6,26.5,0.0
2023-12-28 04:00:00,3.8,48.4,31.6,37.3,31.2,25.3,0.0
2023-12-28 05:00:00,3.4,48.7,57.1,29.2,31.5,24.9,0.0
2023-12-28 06:00:00,3.3,48.7,66.0,43.8,47.2,40.3,270.0
2023-12-28 07:00:00,3.1,48.7,77.4,45.8,49.8,41.7,190.0
2023-12-28 08:00:00,3.4,48.7,86.3,43.7,48.0,42.5,190.0
2023-12-28 09:00:00,4.5,48.0,84.3,43.0,47.5,41.4,160.0
2023-12-28 10:00:00,5.9,47.0,82.4,42.6,47.0,41.1,170.0
2023-12-28 11:00:00,7.4,46.2,79.9,41.7,45.9,40.7,150.0
2023-12-28 12:00:00,9.1,45.3,77.2,41.0,45.1,40.0,140.0
2023-12-28 13:00:00,11.8,44.1,73.5,40.3,44.1,39.6,140.0
2023-12-28 14:00:00,13.0,43.4,66.9,38.9,37.5,37.3,90.0
2023-12-28 15:00:00,13.6,43.2,35.0,37.9,34.9,32.6,0.0
2023-12-28 16:00:00,12.4,43.8,69.4,40.5,43.9,36.6,150.0
2023-12-28 17:00:00,9.8,45.0,76.7,41.0,44.8,40.2,180.0
2023-12-28 18:00:00,8.7,45.7,77.8,40.9,45.0,39.7,140.0
2023-12-28 19:00:00,7.9,46.1,77.6,41.9,46.0,40.3,160.0
2023-12-28 20:00:00,7.2,46.3,68.6,41.9,45.2,40.5,150.0
2023-12-28 21:00:00,6.7,46.6,81.5,43.0,47.3,41.4,170.0
2023-12-28 22:00:00,6.1,46.9,80.0,42.7,47.1,40.6,150.0
2023-12-28 23:00:00,6.0,47.0,40.7,40.9,34.7,34.0,0.0
2023-12-29 00:00:00,5.4,47.3,35.4,38.9,31.9,32.5,0.0
2023-12-29 01:00:00,5.1,47.5,48.6,32.2,34.0,29.8,0.0
2023-12-29 02:00:00,4.7,47.8,58.6,25.5,26.6,26.5,0.0
2023-12-29 03:00:00,4.2,48.1,62.0,24.4,26.3,26.1,0.0
2023-12-29 04:00:00,4.3,48.1,57.3,24.0,26.2,25.6,0.0
2023-12-29 05:00:00,3.7,48.5,52.0,23.6,35.7,25.1,0.0
2023-12-29 06:00:00,3.4,48.8,65.8,38.5,41.9,34.8,160.0
2023-12-29 07:00:00,3.2,48.7,76.9,45.3,49.5,40.8,200.0
2023-12-29 08:00:00,3.4,48.6,89.2,43.9,48.5,42.5,210.0
2023-12-29 09:00:00,4.6,47.8,86.7,42.8,47.4,41.2,160.0
2023-12-29 10:00:00,5.3,47.3,85.8,42.5,47.0,41.0,170.0
2023-12-29 11:00:00,6.3,46.7,84.2,41.9,46.3,40.8,160.0
2023-12-29 12:00:00,8.1,45.9,78.2,41.4,45.3,40.4,150.0
2023-12-29 13:00:00,9.8,45.1,74.7,40.6,44.4,39.8,130.0
2023-12-29 14:00:00,10.4,44.7,72.9,40.2,44.1,39.4,140.0
2023-12-29 15:00:00,10.7,44.5,73.5,40.4,44.2,39.2,140.0
2023-12-29 16:00:00,10.0,44.9,74.2,40.5,44.5,39.3,140.0
2023-12-29 17:00:00,8.1,45.9,78.6,41.7,45.9,40.1,150.0
2023-12-29 18:00:00,7.5,46.2,75.2,41.8,45.9,40.6,160.0
2023-12-29 19:00:00,6.8,46.5,65.6,42.6,45.6,40.3,140.0
2023-12-29 20:00:00,6.4,46.8,80.1,43.8,48.1,42.3,180.0
2023-12-29 21:00:00,5.9,47.0,82.3,42.2,46.7,40.8,150.0
2023-12-29 22:00:00,5.6,47.2,80.2,43.0,42.4,41.2,150.0
2023-12-29 23:00:00,5.1,47.4,37.7,41.6,37.2,34.0,0.0
2023-12-30 00:00:00,5.1,47.4,34.6,40.1,33.7,32.7,0.0
2023-12-30 01:00:00,4.6,47.8,32.2,38.4,30.8,28.6,0.0
2023-12-30 02:00:00,4.1,48.1,31.8,37.7,30.8,27.7,0.0
2023-12-30 03:00:00,4.0,48.3,31.4,37.3,30.3,26.5,0.0
2023-12-30 04:00:00,3.9,48.4,30.8,36.8,29.8,25.6,0.0
2023-12-30 05:00:00,3.7,48.4,30.3,36.4,29.5,25.2,0.0
2023-12-30 06:00:00,4.1,48.3,85.1,35.0,40.0,28.4,80.0
2023-12-30 07:00:00,3.4,48.7,86.1,44.9,49.1,43.1,290.0
2023-12-30 08:00:00,4.7,47.8,75.1,43.4,47.0,40.9,160.0
2023-12-30 09:00:00,5.0,47.4,79.8,43.2,47.5,41.4,170.0
2023-12-30 10:00:00,6.3,46.7,77.4,42.8,47.1,41.1,170.0
2023-12-30 11:00:00,7.1,46.3,74.8,43.0,46.7,40.5,160.0
2023-12-30 12:00:00,8.9,45.5,65.8,41.9,44.7,40.6,150.0
2023-12-30 13:00:00,10.2,45.0,75.2,41.6,45.7,38.8,140.0
2023-12-30 14:00:00,10.8,44.7,66.2,40.8,44.0,40.0,160.0
2023-12-30 15:00:00,10.6,44.6,75.8,41.6,45.8,39.4,140.0
2023-12-30 16:00:00,9.8,45.0,63.1,40.9,43.5,39.4,140.0
2023-12-30 17:00:00,8.7,45.7,77.3,42.1,46.3,40.7,160.0
2023-12-30 18:00:00,8.7,45.6,70.7,41.3,45.0,40.4,150.0
2023-12-30 19:00:00,8.8,46.3,75.3,42.4,46.2,40.5,160.0
2023-12-30 20:00:00,8.4,46.6,79.1,43.3,47.7,40.8,150.0
2023-12-30 21:00:00,8.8,46.4,76.5,42.7,46.7,40.9,160.0
2023-12-30 22:00:00,8.7,46.4,72.0,43.0,46.1,41.0,150.0
2023-12-30 23:00:00,8.2,46.7,37.5,41.2,37.3,34.1,0.0
2023-12-31 00:00:00,7.3,47.3,34.6,39.8,33.3,32.7,0.0
2023-12-31 01:00:00,6.3,47.8,32.5,38.7,31.0,28.9,0.0
2023-12-31 02:00:00,6.0,47.9,31.5,37.8,30.3,28.2,0.0
2023-12-31 03:00:00,6.3,47.8,31.0,37.3,29.8,26.4,0.0
2023-12-31 04:00:00,5.1,48.5,30.6,36.9,29.5,25.7,0.0
2023-12-31 05:00:00,4.7,48.8,30.1,36.3,28.8,25.3,0.0
2023-12-31 06:00:00,4.6,48.8,80.1,33.6,37.9,27.2,60.0
2023-12-31 07:00:00,4.3,49.2,85.4,46.7,51.3,43.2,290.0
2023-12-31 08:00:00,4.1,49.3,82.4,44.7,49.1,41.6,170.0
2023-12-31 09:00:00,5.1,48.7,80.5,44.0,48.6,42.0,190.0
2023-12-31 10:00:00,6.4,47.9,73.8,44.2,47.7,41.9,180.0
2023-12-31 11:00:00,7.4,47.1,74.9,43.6,47.3,41.5,160.0
2023-12-31 12:00:00,9.0,46.1,69.6,42.4,45.8,40.8,160.0
2023-12-31 13:00:00,9.9,45.7,71.3,41.7,45.4,40.2,150.0
2023-12-31 14:00:00,10.7,45.1,67.1,42.0,45.1,39.6,140.0
2023-12-31 15:00:00,10.9,44.9,65.1,40.7,44.1,40.0,150.0
2023-12-31 16:00:00,10.2,45.4,72.7,41.6,45.5,39.7,140.0
2023-12-31 17:00:00,8.3,46.4,70.5,42.5,46.2,41.1,160.0
2023-12-31 18:00:00,7.6,45.8,75.6,42.9,46.8,41.2,160.0
2023-12-31 19:00:00,7.8,45.7,70.9,41.8,45.0,40.6,150.0
2023-12-31 20:00:00,6.6,46.3,82.1,42.9,47.2,41.0,150.0
2023-12-31 21:00:00,7.0,46.1,67.3,41.1,44.4,40.4,150.0
2023-12-31 22:00:00,7.0,46.0,80.4,42.9,47.1,41.1,160.0
2023-12-31 23:00:00,6.9,46.1,78.9,42.1,46.4,40.6,140.0
2024-01-01 00:00:00,7.2,46.0,75.2,42.3,46.1,41.0,160.0
2024-01-01 01:00:00,7.0,40.0,81.3,42.0,46.0,40.5,150.0
2024-01-01 02:00:00,6.8,40.0,75.6,34.8,38.2,35.9,60.0
2024-01-01 03:00:00,6.3,40.0,74.7,36.2,40.1,36.1,90.0
2024-01-01 04:00:00,6.1,40.0,72.9,36.8,40.5,36.5,110.0
2024-01-01 05:00:00,6.4,40.0,69.0,36.2,39.4,36.5,100.0
2024-01-01 06:00:00,5.6,40.0,69.4,36.3,39.7,36.3,100.0
2024-01-01 07:00:00,6.1,44.5,78.1,39.2,43.8,37.6,130.0
2024-01-01 08:00:00,6.2,44.3,74.4,40.9,44.7,40.0,160.0
2024-01-01 09:00:00,7.4,43.6,75.8,40.0,43.7,39.0,130.0
2024-01-01 10:00:00,9.2,42.7,70.7,38.9,42.6,38.1,120.0
2024-01-01 11:00:00,10.9,41.7,69.3,38.6,42.0,38.1,120.0
2024-01-01 12:00:00,11.9,41.1,53.8,36.7,39.4,36.8,100.0
2024-01-01 13:00:00,13.7,40.2,72.4,38.6,42.4,37.4,120.0
2024-01-01 14:00:00,14.3,40.0,35.4,37.0,34.9,32.9,0.0
2024-01-01 15:00:00,14.7,40.0,33.4,36.2,33.3,31.6,0.0
2024-01-01 16:00:00,14.2,40.0,70.2,34.3,38.2,30.2,50.0
2024-01-01 17:00:00,13.8,40.1,71.5,37.1,40.3,37.3,170.0
2024-01-01 18:00:00,12.5,43.3,74.0,40.8,44.8,38.0,130.0
2024-01-01 19:00:00,11.8,44.1,72.1,40.3,43.8,39.1,140.0
2024-01-01 20:00:00,11.1,44.5,74.7,41.0,45.0,39.6,140.0
2024-01-01 21:00:00,10.9,44.8,76.6,41.5,45.4,40.0,150.0
2024-01-01 22:00:00,10.6,44.7,64.1,40.7,43.8,39.7,130.0
2024-01-01 23:00:00,10.7,44.8,68.1,40.9,44.2,39.6,140.0
2024-01-02 00:00:00,10.4,45.0,65.4,41.0,44.1,40.2,140.0
2024-01-02 01:00:00,10.1,45.0,72.0,41.6,45.1,40.3,150.0
2024-01-02 02:00:00,10.1,45.2,76.9,41.9,46.0,40.1,140.0
2024-01-02 03:00:00,9.7,45.4,77.8,42.1,45.8,40.6,140.0
2024-01-02 04:00:00,9.4,43.0,67.0,38.1,42.0,38.4,100.0
2024-01-02 05:00:00,9.3,43.0,74.3,39.9,43.6,38.7,130.0
2024-01-02 06:00:00,9.1,44.6,71.7,38.3,43.9,39.0,120.0
2024-01-02 07:00:00,9.1,44.6,72.7,39.6,44.7,40.3,150.0
2024-01-02 08:00:00,9.1,44.6,75.4,39.5,45.2,39.6,130.0
2024-01-02 09:00:00,9.2,44.5,70.8,38.9,44.4,39.6,130.0
2024-01-02 10:00:00,9.2,44.6,74.6,39.2,44.8,40.0,140.0
2024-01-02 11:00:00,11.0,44.0,73.4,39.1,44.6,39.3,140.0
2024-01-02 12:00:00,10.7,44.1,63.2,37.7,43.0,38.8,120.0
2024-01-02 13:00:00,10.8,44.0,72.7,38.7,44.2,39.4,140.0
2024-01-02 14:00:00,10.9,44.0,67.4,38.4,44.0,39.0,130.0
2024-01-02 15:00:00,11.0,44.0,67.5,38.7,44.0,39.6,140.0
2024-01-02 16:00:00,10.0,44.4,70.2,38.9,44.7,39.6,130.0
2024-01-02 17:00:00,8.9,44.7,73.8,39.1,44.9,39.8,140.0
2024-01-02 18:00:00,8.0,44.9,61.9,38.8,44.4,39.4,130.0
2024-01-02 19:00:00,7.7,45.0,73.0,39.5,45.7,39.0,130.0
2024-01-02 20:00:00,7.0,45.3,64.2,38.3,43.6,40.9,150.0
2024-01-02 21:00:00,6.5,45.5,48.6,38.0,42.4,39.7,120.0
2024-01-02 22:00:00,6.0,45.6,58.6,39.9,44.7,40.6,160.0
2024-01-02 23:00:00,5.8,45.7,71.7,40.5,46.2,40.8,150.0
2024-01-03 00:00:00,6.0,45.6,52.4,38.9,39.4,39.1,110.0
2024-01-03 01:00:00,6.0,45.7,34.2,37.7,35.4,33.8,0.0
2024-01-03 02:00:00,6.2,45.6,30.9,36.4,30.8,32.2,0.0
2024-01-03 03:00:00,6.4,45.5,28.9,34.4,28.8,29.3,0.0
2024-01-03 04:00:00,6.5,45.4,27.8,31.2,27.4,27.6,0.0
2024-01-03 05:00:00,7.1,45.3,28.3,26.4,27.0,26.7,0.0
2024-01-03 06:00:00,7.6,45.1,78.7,39.5,46.1,35.1,160.0
2024-01-03 07:00:00,8.0,47.0,78.0,40.9,46.8,41.7,170.0
2024-01-03 08:00:00,8.5,46.7,76.8,40.1,46.2,40.6,0.0
2024-01-03 09:00:00,9.1,46.2,67.9,39.6,45.0,40.5,0.0
2024-01-03 10:00:00,9.6,45.9,73.4,40.3,46.3,40.9,140.0
2024-01-03 11:00:00,10.3,45.4,65.8,39.0,44.7,40.2,140.0
2024-01-03 12:00:00,11.3,44.9,71.0,39.4,45.1,40.0,80.0
2024-01-03 13:00:00,11.4,44.6,72.6,39.4,45.1,40.0,0.0
2024-01-03 14:00:00,11.41,44.59,71.76,39.21,44.73,39.74,0.0
2024-01-03 15:00:00,11.42,44.59,70.93,39.02,44.36,39.47,0.0
2024-01-03 16:00:00,11.43,44.58,70.09,38.82,44.0,39.21,0.0
2024-01-03 17:00:00,11.44,44.58,69.26,38.63,43.63,38.94,0.0
2024-01-03 18:00:00,11.45,44.57,68.42,38.44,43.26,38.68,0.0
2024-01-03 19:00:00,11.46,44.56,67.58,38.25,42.89,38.42,0.0
2024-01-03 20:00:00,11.47,44.56,66.75,38.06,42.52,38.15,0.0
2024-01-03 21:00:00,11.48,44.55,65.91,37.86,42.16,37.89,0.0
2024-01-03 22:00:00,11.49,44.55,65.08,37.67,41.79,37.62,0.0
2024-01-03 23:00:00,11.5,44.54,64.24,37.48,41.42,37.36,0.0
2024-01-04 00:00:00,11.51,44.53,63.4,37.29,41.05,37.1,0.0
2024-01-04 01:00:00,11.52,44.53,62.57,37.1,40.68,36.83,0.0
2024-01-04 02:00:00,11.53,44.52,61.73,36.9,40.32,36.57,0.0
2024-01-04 03:00:00,11.54,44.52,60.9,36.71,39.95,36.3,0.0
2024-01-04 04:00:00,11.55,44.51,60.06,36.52,39.58,36.04,0.0
2024-01-04 05:00:00,11.56,44.5,59.22,36.33,39.21,35.78,0.0
2024-01-04 06:00:00,11.57,44.5,58.39,36.14,38.84,35.51,0.0
2024-01-04 07:00:00,11.58,44.49,57.55,35.94,38.48,35.25,0.0
2024-01-04 08:00:00,11.59,44.49,56.72,35.75,38.11,34.98,0.0
2024-01-04 09:00:00,11.6,44.48,55.88,35.56,37.74,34.72,0.0
2024-01-04 10:00:00,11.61,44.47,55.04,35.37,37.37,34.46,0.0
2024-01-04 11:00:00,11.62,44.47,54.21,35.18,37.0,34.19,0.0
2024-01-04 12:00:00,11.63,44.46,53.37,34.98,36.64,33.93,0.0
2024-01-04 13:00:00,11.64,44.46,52.54,34.79,36.27,33.66,0.0
2024-01-04 14:00:00,11.65,44.45,51.7,34.6,35.9,33.4,0.0
2024-01-04 15:00:00,11.66,44.44,50.86,34.41,35.53,33.14,0.0
2024-01-04 16:00:00,11.67,44.44,50.03,34.22,35.16,32.87,0.0
2024-01-04 17:00:00,11.68,44.43,49.19,34.02,34.8,32.61,0.0
2024-01-04 18:00:00,11.69,44.43,48.36,33.83,34.43,32.34,0.0
2024-01-04 19:00:00,11.7,44.42,47.52,33.64,34.06,32.08,0.0
2024-01-04 20:00:00,11.71,44.41,46.68,33.45,33.69,31.82,0.0
2024-01-04 21:00:00,11.72,44.41,45.85,33.26,33.32,31.55,0.0
2024-01-04 22:00:00,11.73,44.4,45.01,33.06,32.96,31.29,0.0
2024-01-04 23:00:00,11.74,44.4,44.18,32.87,32.59,31.02,0.0
2024-01-05 00:00:00,11.75,44.39,43.34,32.68,32.22,30.76,0.0
2024-01-05 01:00:00,11.76,44.38,42.5,32.49,31.85,30.5,0.0
2024-01-05 02:00:00,11.77,44.38,41.67,32.3,31.48,30.23,0.0
2024-01-05 03:00:00,11.78,44.37,40.83,32.1,31.12,29.97,0.0
2024-01-05 04:00:00,11.79,44.37,40.0,31.91,30.75,29.7,0.0
2024-01-05 05:00:00,11.8,44.36,39.16,31.72,30.38,29.44,0.0
2024-01-05 06:00:00,11.81,44.35,38.32,31.53,30.01,29.18,0.0
2024-01-05 07:00:00,11.82,44.35,37.49,31.34,29.64,28.91,0.0
2024-01-05 08:00:00,11.83,44.34,36.65,31.14,29.28,28.65,0.0
2024-01-05 09:00:00,11.84,44.34,35.82,30.95,28.91,28.38,0.0
2024-01-05 10:00:00,11.85,44.33,34.98,30.76,28.54,28.12,0.0
2024-01-05 11:00:00,11.86,44.32,34.14,30.57,28.17,27.86,0.0
2024-01-05 12:00:00,11.87,44.32,33.31,30.38,27.8,27.59,0.0
2024-01-05 13:00:00,11.88,44.31,32.47,30.18,27.44,27.33,0.0
2024-01-05 14:00:00,11.89,44.31,31.64,29.99,27.07,27.06,0.0
2024-01-05 15:00:00,11.9,44.3,30.8,29.8,26.7,26.8,0.0
2024-01-05 16:00:00,11.3,44.4,30.7,35.1,32.6,26.6,0.0
2024-01-05 17:00:00,11.4,44.4,59.6,29.3,32.3,25.8,0.0
2024-01-05 18:00:00,11.1,45.5,75.5,43.6,47.2,38.5,230.0
2024-01-05 19:00:00,10.8,45.5,75.4,41.1,44.7,40.3,160.0
2024-01-05 20:00:00,10.5,45.6,72.3,41.5,45.0,39.8,140.0
2024-01-05 21:00:00,10.0,45.7,76.4,42.3,46.2,40.6,160.0
2024-01-05 22:00:00,10.2,45.7,72.7,41.7,41.8,40.5,140.0
2024-01-05 23:00:00,11.1,45.5,37.1,40.3,36.8,34.0,0.0
2024-01-06 00:00:00,11.1,45.4,34.5,39.1,33.5,32.4,0.0
2024-01-06 01:00:00,11.0,45.4,31.8,38.0,30.6,28.3,0.0
2024-01-06 02:00:00,10.5,45.6,31.3,37.4,30.2,26.9,0.0
2024-01-06 03:00:00,9.9,45.8,30.7,36.8,29.6,27.0,0.0
2024-01-06 04:00:00,9.9,45.8,30.2,36.3,29.0,26.4,0.0
2024-01-06 05:00:00,9.9,45.7,29.7,35.5,28.3,25.2,0.0
2024-01-06 06:00:00,9.6,45.8,80.4,42.1,46.1,35.1,170.0
2024-01-06 07:00:00,9.7,45.8,74.5,41.2,44.8,40.6,180.0
2024-01-06 08:00:00,9.9,45.8,71.5,41.9,45.2,39.8,150.0
2024-01-06 09:00:00,10.9,45.5,71.5,41.3,45.3,40.0,140.0
2024-01-06 10:00:00,11.3,45.4,74.4,41.7,45.7,40.0,150.0
2024-01-06 11:00:00,11.8,43.9,68.0,41.3,44.5,40.1,150.0
2024-01-06 12:00:00,12.8,43.4,68.5,40.1,43.5,38.9,120.0
2024-01-06 13:00:00,14.6,43.0,63.0,39.2,38.7,38.1,110.0
2024-01-06 14:00:00,15.1,43.0,34.5,38.1,35.6,31.7,0.0
2024-01-06 15:00:00,14.9,43.0,33.3,36.9,32.5,30.8,0.0
2024-01-06 16:00:00,13.5,43.1,54.0,30.6,33.5,28.2,0.0
2024-01-06 17:00:00,12.1,45.3,77.5,43.4,47.1,37.6,200.0
2024-01-06 18:00:00,12.9,45.2,72.0,40.5,44.2,40.0,150.0
2024-01-06 19:00:00,12.6,45.3,74.6,42.4,46.3,40.3,150.0
2024-01-06 20:00:00,12.4,45.3,77.4,42.0,46.2,40.2,140.0
2024-01-06 21:00:00,12.3,45.4,74.5,42.1,45.9,40.4,150.0
2024-01-06 22:00:00,12.1,45.4,75.4,42.1,46.0,40.2,140.0
2024-01-06 23:00:00,12.7,43.4,71.6,39.6,43.2,39.1,120.0
2024-01-07 00:00:00,12.3,43.5,69.1,39.6,43.5,38.6,120.0
2024-01-07 01:00:00,12.2,43.5,72.3,40.4,39.1,38.7,110.0
2024-01-07 02:00:00,12.4,43.5,35.6,38.6,35.4,33.1,0.0
2024-01-07 03:00:00,12.7,43.4,33.7,37.7,32.7,31.9,0.0
2024-01-07 04:00:00,13.1,43.3,31.2,36.7,29.8,28.4,0.0
2024-01-07 05:00:00,12.6,43.4,30.5,35.4,29.6,27.2,0.0
2024-01-07 06:00:00,12.7,45.3,68.2,32.9,36.0,27.7,50.0
2024-01-07 07:00:00,11.4,46.0,81.7,42.8,46.6,41.5,250.0
2024-01-07 08:00:00,11.4,46.0,80.4,41.5,45.8,39.8,130.0
2024-01-07 09:00:00,11.6,46.0,79.1,42.1,46.1,40.5,160.0
2024-01-07 10:00:00,11.5,45.9,72.8,42.1,45.5,40.6,150.0
2024-01-07 11:00:00,12.1,45.7,74.1,42.0,45.6,40.5,150.0
2024-01-07 12:00:00,12.8,45.2,75.6,41.9,45.5,40.5,150.0
2024-01-07 13:00:00,14.0,44.5,70.4,40.4,43.9,39.2,120.0
2024-01-07 14:00:00,14.6,44.5,64.2,40.4,39.0,38.7,110.0
2024-01-07 15:00:00,14.1,44.5,67.5,36.0,39.3,32.1,0.0
2024-01-07 16:00:00,13.9,44.6,73.4,38.6,42.5,34.1,80.0
2024-01-07 17:00:00,12.7,45.1,70.4,41.6,45.2,40.8,190.0
2024-01-07 18:00:00,12.2,45.6,77.0,41.2,45.0,40.0,130.0
2024-01-07 19:00:00,11.4,46.0,77.9,41.7,45.7,40.4,150.0
2024-01-07 20:00:00,11.6,44.8,78.1,41.5,45.3,40.5,140.0
2024-01-07 21:00:00,11.4,44.9,77.2,40.9,44.8,39.9,140.0
2024-01-07 22:00:00,11.6,44.8,77.5,40.8,44.8,40.0,130.0
2024-01-07 23:00:00,11.5,44.8,77.2,40.8,44.8,39.8,130.0
2024-01-08 00:00:00,10.9,45.0,71.7,40.3,39.1,38.8,110.0
2024-01-08 01:00:00,9.5,45.4,35.8,38.9,36.0,33.3,0.0
2024-01-08 02:00:00,8.7,45.7,33.8,37.7,33.2,32.0,0.0
2024-01-08 03:00:00,7.8,46.0,31.7,36.5,31.2,28.4,0.0
2024-01-08 04:00:00,6.8,46.3,31.5,36.0,30.9,27.2,0.0
2024-01-08 05:00:00,6.4,46.5,31.2,31.0,33.2,26.6,0.0
2024-01-08 06:00:00,5.8,47.6,85.2,47.1,51.4,39.7,260.0
2024-01-08 07:00:00,5.7,47.7,83.9,42.4,46.8,41.0,160.0
2024-01-08 08:00:00,5.5,47.6,84.4,43.0,47.3,41.0,160.0
2024-01-08 09:00:00,5.9,47.6,84.1,43.2,47.6,41.3,160.0
2024-01-08 10:00:00,5.7,47.7,84.4,43.3,47.6,41.5,170.0
2024-01-08 11:00:00,6.0,47.6,83.9,43.1,47.4,41.3,160.0
2024-01-08 12:00:00,5.5,47.7,84.4,43.1,47.5,41.2,160.0
2024-01-08 13:00:00,5.4,47.8,84.0,43.7,48.1,41.9,170.0
2024-01-08 14:00:00,5.5,47.8,84.4,43.6,47.9,41.7,160.0
2024-01-08 15:00:00,5.0,48.0,85.2,44.0,48.5,42.0,170.0
2024-01-08 16:00:00,4.4,48.5,85.6,44.2,48.6,42.2,170.0
2024-01-08 17:00:00,4.2,48.6,86.5,44.3,48.7,42.5,180.0
2024-01-08 18:00:00,4.0,48.8,86.3,44.2,48.6,42.4,170.0
2024-01-08 19:00:00,3.7,49.1,86.4,44.4,48.9,42.6,170.0
2024-01-08 20:00:00,3.2,49.4,85.9,44.5,49.0,42.5,170.0
2024-01-08 21:00:00,2.9,49.6,86.0,44.6,49.0,42.6,180.0
2024-01-08 22:00:00,2.8,48.3,86.4,43.8,48.2,42.0,160.0
2024-01-08 23:00:00,2.7,48.5,86.0,43.8,48.2,42.0,170.0
2024-01-09 00:00:00,2.6,48.6,42.9,42.4,37.5,35.3,40.0
2024-01-09 01:00:00,2.4,48.7,35.6,41.0,34.7,33.4,0.0
2024-01-09 02:00:00,2.2,48.8,33.0,39.6,30.1,29.9,0.0
2024-01-09 03:00:00,1.7,49.2,33.2,27.3,33.1,27.4,0.0
2024-01-09 04:00:00,1.8,49.4,37.9,24.2,31.9,26.4,0.0
2024-01-09 05:00:00,1.9,48.7,61.2,33.7,37.1,30.1,80.0
2024-01-09 06:00:00,1.4,49.1,73.8,44.6,48.0,39.5,220.0
2024-01-09 07:00:00,1.5,49.2,86.2,45.2,49.6,43.3,220.0
2024-01-09 08:00:00,1.7,49.0,90.2,44.6,49.4,42.6,180.0
2024-01-09 09:00:00,1.9,48.8,90.0,44.3,48.9,42.3,180.0
2024-01-09 10:00:00,2.4,48.4,89.5,44.3,48.9,42.5,180.0
2024-01-09 11:00:00,3.3,47.6,88.6,43.2,47.8,41.7,160.0
2024-01-09 12:00:00,3.1,47.7,88.8,42.8,47.3,41.3,170.0
2024-01-09 13:00:00,3.1,47.6,88.6,42.7,47.2,41.2,160.0
2024-01-09 14:00:00,2.6,48.3,88.5,42.8,47.6,41.3,170.0
2024-01-09 15:00:00,2.0,48.6,85.7,43.6,48.0,41.7,170.0
2024-01-09 16:00:00,1.3,49.1,87.3,44.4,49.0,42.3,180.0
2024-01-09 17:00:00,0.9,49.7,88.4,45.0,49.6,42.6,190.0
2024-01-09 18:00:00,1.1,49.6,88.8,45.5,50.1,43.1,180.0
2024-01-09 19:00:00,1.3,49.2,88.3,44.9,49.3,42.9,190.0
2024-01-09 20:00:00,1.0,49.6,87.3,44.6,49.0,42.7,180.0
2024-01-09 21:00:00,0.7,50.0,89.1,45.2,49.8,42.9,180.0
2024-01-09 22:00:00,0.1,50.5,90.1,45.5,50.2,43.3,190.0
2024-01-09 23:00:00,0.2,42.0,85.3,36.5,40.1,37.5,80.0
2024-01-10 00:00:00,0.6,42.0,85.1,37.8,42.1,37.4,120.0
2024-01-10 01:00:00,0.8,42.0,84.4,38.2,42.4,38.0,120.0
2024-01-10 02:00:00,0.7,42.0,86.9,38.0,42.2,37.7,120.0
2024-01-10 03:00:00,0.9,42.0,85.8,38.0,42.1,37.7,120.0
2024-01-10 04:00:00,0.4,42.0,85.9,38.0,42.1,37.8,120.0
2024-01-10 05:00:00,0.0,47.0,84.6,40.9,45.3,39.0,140.0
2024-01-10 06:00:00,0.0,46.8,91.3,43.3,47.6,41.8,190.0
2024-01-10 07:00:00,-0.5,47.3,91.5,42.2,46.8,40.9,160.0
2024-01-10 08:00:00,-1.0,47.6,92.6,42.9,47.7,41.3,170.0
2024-01-10 09:00:00,-0.5,47.3,91.5,43.1,47.7,41.6,170.0
2024-01-10 10:00:00,0.1,47.0,91.0,42.9,47.5,41.5,170.0
2024-01-10 11:00:00,0.5,46.6,90.0,41.6,46.0,40.6,160.0
2024-01-10 12:00:00,1.3,46.1,88.8,41.5,46.1,40.3,150.0
2024-01-10 13:00:00,1.7,46.1,89.0,41.6,46.1,40.5,160.0
2024-01-10 14:00:00,1.8,45.8,88.7,41.6,46.2,40.3,160.0
2024-01-10 15:00:00,1.9,45.9,87.1,41.4,45.8,40.1,150.0
2024-01-10 16:00:00,1.5,46.1,88.6,41.6,46.1,40.3,150.0
2024-01-10 17:00:00,0.7,46.5,89.7,41.7,46.2,40.5,160.0
2024-01-10 18:00:00,0.6,46.7,88.5,41.9,46.4,40.7,160.0
2024-01-10 19:00:00,0.1,46.9,89.4,41.9,46.4,40.8,160.0
2024-01-10 20:00:00,0.0,48.5,91.6,44.2,49.0,42.0,190.0
2024-01-10 21:00:00,-0.9,48.8,83.3,43.6,47.6,42.1,180.0
2024-01-10 22:00:00,-1.3,48.9,89.6,44.5,49.1,42.2,180.0
2024-01-10 23:00:00,-1.6,43.0,90.0,41.3,45.0,41.4,160.0
2024-01-11 00:00:00,-1.9,43.0,88.2,36.9,41.0,37.3,90.0
2024-01-11 01:00:00,-2.4,43.0,90.5,39.1,43.6,38.5,140.0
2024-01-11 02:00:00,-3.0,43.0,90.9,39.0,43.4,38.6,130.0
2024-01-11 03:00:00,-3.2,43.0,92.2,39.2,43.6,38.8,130.0
2024-01-11 04:00:00,-3.3,43.0,93.2,38.8,43.3,38.5,130.0
2024-01-11 05:00:00,-3.4,43.0,91.8,38.6,43.1,38.3,140.0
2024-01-11 06:00:00,-4.0,54.3,93.9,44.6,49.8,41.8,190.0
2024-01-11 07:00:00,-4.0,52.2,85.5,46.7,51.0,44.1,220.0
2024-01-11 08:00:00,-3.7,52.1,86.4,45.3,49.7,42.9,180.0
2024-01-11 09:00:00,-2.8,51.4,84.4,45.0,49.3,42.7,190.0
2024-01-11 10:00:00,-1.9,50.5,83.8,44.7,49.0,42.5,180.0
2024-01-11 11:00:00,-0.9,49.8,83.0,44.5,48.6,42.2,180.0
2024-01-11 12:00:00,-0.2,49.0,80.7,44.0,48.0,41.9,170.0
2024-01-11 13:00:00,0.4,48.1,79.3,42.8,47.0,40.8,160.0
2024-01-11 14:00:00,1.1,47.6,79.4,43.3,47.3,41.2,170.0
2024-01-11 15:00:00,1.0,47.7,80.1,43.3,47.4,41.1,170.0
2024-01-11 16:00:00,0.9,47.8,79.5,43.5,47.4,41.4,170.0
2024-01-11 17:00:00,0.3,48.3,81.0,43.7,47.8,41.5,170.0
2024-01-11 18:00:00,-0.2,48.6,81.7,44.0,48.2,41.9,180.0
2024-01-11 19:00:00,-0.5,49.0,83.0,44.3,48.5,42.1,180.0
2024-01-11 20:00:00,-1.1,51.3,83.3,44.5,48.8,42.1,180.0
2024-01-11 21:00:00,-1.7,51.8,84.1,44.5,48.8,42.3,180.0
2024-01-11 22:00:00,-1.5,51.5,84.2,44.7,49.0,42.1,180.0
2024-01-11 23:00:00,-1.2,51.5,84.9,44.8,49.1,42.3,190.0
2024-01-12 00:00:00,-1.3,43.6,83.4,38.2,42.0,38.5,110.0
2024-01-12 01:00:00,-1.1,43.6,84.6,39.7,44.2,38.6,140.0
2024-01-12 02:00:00,-0.9,43.6,83.6,39.7,43.8,38.8,140.0
2024-01-12 03:00:00,-1.0,43.6,83.5,39.6,43.8,38.7,140.0
2024-01-12 04:00:00,-0.8,43.6,83.7,39.6,43.9,38.7,130.0
2024-01-12 05:00:00,-0.7,53.1,90.0,41.5,46.3,38.9,150.0
2024-01-12 06:00:00,-0.6,53.0,90.4,45.6,50.4,42.8,210.0
2024-01-12 07:00:00,-0.4,50.5,83.5,45.7,49.8,43.3,200.0
2024-01-12 08:00:00,-0.4,49.0,83.5,44.8,49.0,42.2,180.0
2024-01-12 09:00:00,0.0,48.4,82.7,44.6,48.8,42.2,190.0
2024-01-12 10:00:00,0.6,48.0,81.2,44.3,48.2,42.0,180.0
2024-01-12 11:00:00,0.5,47.9,81.6,43.9,47.9,41.5,170.0
2024-01-12 12:00:00,1.1,47.6,87.5,43.5,47.7,41.9,190.0
2024-01-12 13:00:00,1.8,47.2,85.6,42.4,46.8,40.7,160.0
2024-01-12 14:00:00,1.8,47.3,86.5,42.7,47.1,40.8,160.0
2024-01-12 15:00:00,1.8,47.4,86.0,42.9,47.1,40.9,170.0
2024-01-12 16:00:00,1.6,47.4,88.0,43.1,47.7,41.1,180.0
2024-01-12 17:00:00,1.4,47.6,87.0,43.4,47.8,41.6,170.0
2024-01-12 18:00:00,1.3,47.5,86.8,43.4,47.8,41.6,170.0
2024-01-12 19:00:00,1.2,47.9,87.3,43.4,47.8,41.3,180.0
2024-01-12 20:00:00,1.2,47.9,87.5,43.4,48.0,41.5,170.0
2024-01-12 21:00:00,1.5,47.7,87.3,43.4,47.8,41.5,180.0
2024-01-12 22:00:00,1.5,47.4,87.7,43.1,47.6,41.4,170.0
2024-01-12 23:00:00,1.7,42.7,86.7,40.2,43.9,40.5,140.0
2024-01-13 00:00:00,1.5,42.9,85.8,37.6,42.0,37.3,100.0
2024-01-13 01:00:00,1.4,43.0,87.3,39.2,43.6,38.3,150.0
2024-01-13 02:00:00,1.3,43.0,86.5,38.7,43.0,38.2,130.0
2024-01-13 03:00:00,1.3,43.0,87.3,38.5,42.6,38.2,120.0
2024-01-13 04:00:00,1.4,42.9,86.5,38.7,42.9,38.0,130.0
2024-01-13 05:00:00,1.5,42.8,86.2,38.8,43.1,38.2,140.0
2024-01-13 06:00:00,1.3,48.0,88.7,43.2,48.0,40.1,170.0
2024-01-13 07:00:00,1.6,47.0,87.5,43.5,47.6,42.3,190.0
2024-01-13 08:00:00,1.7,47.0,87.4,42.2,46.5,40.7,150.0
2024-01-13 09:00:00,2.1,46.7,85.7,42.0,46.4,40.6,160.0
2024-01-13 10:00:00,2.9,45.9,85.5,41.7,46.0,40.3,160.0
2024-01-13 11:00:00,3.1,45.6,86.0,41.4,45.7,40.1,160.0
2024-01-13 12:00:00,4.4,44.5,84.8,41.1,45.3,39.8,160.0
2024-01-13 13:00:00,3.8,45.0,84.6,40.5,44.8,39.1,140.0
2024-01-13 14:00:00,4.0,45.0,83.6,40.8,45.0,39.5,150.0
2024-01-13 15:00:00,3.3,45.6,84.5,40.9,45.1,39.6,150.0
2024-01-13 16:00:00,3.0,45.8,80.9,41.5,45.3,40.0,160.0
2024-01-13 17:00:00,2.0,46.5,83.2,41.6,45.8,40.2,160.0
2024-01-13 18:00:00,1.4,47.3,80.4,42.4,46.3,40.6,170.0
2024-01-13 19:00:00,0.5,48.1,89.1,44.1,48.9,41.7,180.0
2024-01-13 20:00:00,0.0,48.5,86.4,43.9,48.5,41.8,180.0
2024-01-13 21:00:00,-0.2,48.8,86.1,44.6,48.8,42.2,180.0
2024-01-13 22:00:00,-0.7,49.1,88.2,45.1,49.4,42.6,190.0
2024-01-13 23:00:00,-1.0,49.5,93.5,45.6,50.6,42.5,190.0
2024-01-14 00:00:00,-1.9,50.3,91.2,45.9,50.6,43.4,200.0
2024-01-14 01:00:00,-2.4,50.5,93.1,46.1,50.7,43.6,200.0
2024-01-14 02:00:00,-2.4,43.2,89.8,41.4,44.8,42.0,170.0
2024-01-14 03:00:00,-2.9,43.2,87.0,37.0,41.4,37.2,80.0
2024-01-14 04:00:00,-3.1,43.2,87.9,39.1,43.3,38.7,150.0
2024-01-14 05:00:00,-3.5,43.1,92.2,39.0,43.4,38.6,130.0
2024-01-14 06:00:00,-3.1,50.4,93.8,42.3,47.4,39.4,160.0
2024-01-14 07:00:00,-3.6,54.5,93.4,46.5,51.4,43.5,230.0
2024-01-14 08:00:00,-3.0,53.9,93.5,47.4,52.2,44.5,220.0
2024-01-14 09:00:00,-1.4,51.9,91.4,47.2,51.9,44.6,210.0
2024-01-14 10:00:00,0.0,49.8,89.6,46.7,51.2,44.1,210.0
2024-01-14 11:00:00,1.2,48.5,84.3,43.6,47.9,42.1,170.0
2024-01-14 12:00:00,2.5,47.0,84.9,42.9,47.4,40.9,160.0
2024-01-14 13:00:00,3.2,46.1,79.2,42.6,46.3,40.8,170.0
2024-01-14 14:00:00,3.6,45.6,77.8,41.6,45.3,40.2,150.0
2024-01-14 15:00:00,4.1,44.9,82.4,41.6,45.7,40.2,160.0
2024-01-14 16:00:00,3.4,45.6,82.4,40.8,45.0,39.5,150.0
2024-01-14 17:00:00,2.2,47.6,86.3,43.0,47.5,41.0,170.0
2024-01-14 18:00:00,1.6,48.3,86.4,43.8,48.1,41.6,180.0
2024-01-14 19:00:00,1.4,47.4,85.6,43.5,47.7,41.8,180.0
2024-01-14 20:00:00,1.3,47.2,87.3,43.2,47.5,41.6,170.0
2024-01-14 21:00:00,0.7,48.0,88.3,43.5,47.9,41.5,170.0
2024-01-14 22:00:00,0.5,40.0,88.9,42.5,46.2,42.1,180.0
2024-01-14 23:00:00,0.1,40.0,85.4,34.6,38.4,35.6,50.0
2024-01-15 00:00:00,0.1,40.0,81.9,35.7,39.9,35.6,100.0
2024-01-15 01:00:00,0.0,40.0,84.6,36.6,40.7,36.7,120.0
2024-01-15 02:00:00,-0.4,40.0,85.9,36.4,40.5,36.5,110.0
2024-01-15 03:00:00,-0.5,40.0,84.6,36.5,40.5,36.5,110.0
2024-01-15 04:00:00,-0.5,40.0,83.4,36.4,40.4,36.6,110.0
2024-01-15 05:00:00,-0.4,47.7,89.5,40.0,44.8,37.3,130.0
2024-01-15 06:00:00,0.0,49.0,89.5,44.8,49.4,42.0,210.0
2024-01-15 07:00:00,1.0,48.1,87.3,44.4,48.5,42.8,190.0
2024-01-15 08:00:00,2.4,47.0,85.9,42.6,47.0,41.3,160.0
2024-01-15 09:00:00,3.4,46.3,84.8,41.8,46.0,40.6,160.0
2024-01-15 10:00:00,4.2,46.6,84.6,43.0,47.3,41.2,170.0
2024-01-15 11:00:00,5.2,46.0,83.2,42.4,46.6,40.9,160.0
2024-01-15 12:00:00,6.4,45.0,80.1,41.3,45.3,40.1,150.0
2024-01-15 13:00:00,7.2,44.5,79.0,40.6,44.6,39.4,140.0
2024-01-15 14:00:00,8.3,43.8,77.8,40.2,44.0,39.4,140.0
2024-01-15 15:00:00,7.4,44.4,79.1,40.1,44.1,39.0,130.0
2024-01-15 16:00:00,6.9,44.8,80.2,40.8,44.8,39.4,150.0
2024-01-15 17:00:00,7.1,44.4,80.1,41.0,44.9,39.7,140.0
2024-01-15 18:00:00,7.2,45.3,80.0,41.1,45.1,39.8,150.0
2024-01-15 19:00:00,6.7,45.6,82.2,41.2,45.4,39.9,150.0
2024-01-15 20:00:00,6.9,45.5,76.0,41.2,44.8,40.1,140.0
2024-01-15 21:00:00,7.2,45.2,74.5,41.5,44.9,39.8,150.0
2024-01-15 22:00:00,6.8,45.6,68.9,41.5,39.5,39.1,120.0
2024-01-15 23:00:00,7.3,45.3,36.5,40.0,36.2,33.5,0.0
2024-01-16 00:00:00,7.8,44.7,34.0,38.6,32.9,31.9,0.0
2024-01-16 01:00:00,7.8,44.9,32.2,38.1,31.3,28.0,0.0
2024-01-16 02:00:00,5.1,46.8,31.8,37.6,30.8,26.6,0.0
2024-01-16 03:00:00,4.5,47.3,31.2,37.1,30.1,25.8,0.0
2024-01-16 04:00:00,4.7,47.1,32.2,36.2,33.7,25.2,0.0
2024-01-16 05:00:00,4.6,47.1,28.3,40.0,27.4,26.2,0.0
2024-01-16 06:00:00,4.6,47.2,83.7,46.5,50.8,39.5,250.0
2024-01-16 07:00:00,4.9,47.8,85.0,42.7,47.0,41.1,180.0
2024-01-16 08:00:00,4.9,47.7,85.2,43.3,47.8,41.2,180.0
2024-01-16 09:00:00,5.2,47.5,84.1,43.3,47.7,41.2,170.0
2024-01-16 10:00:00,6.0,46.9,83.4,43.1,47.4,41.2,180.0
2024-01-16 11:00:00,6.9,45.9,82.6,42.3,46.5,40.6,160.0
2024-01-16 12:00:00,7.1,45.9,81.8,41.8,46.0,40.4,160.0
2024-01-16 13:00:00,7.6,45.4,80.1,41.4,45.6,40.0,150.0
2024-01-16 14:00:00,8.3,44.9,80.3,41.3,45.3,39.9,150.0
2024-01-16 15:00:00,7.4,44.4,78.8,41.1,45.0,39.7,150.0
2024-01-16 16:00:00,6.4,45.0,80.0,40.7,44.8,39.6,140.0
2024-01-16 17:00:00,5.1,46.0,83.4,41.6,45.8,39.9,160.0
2024-01-16 18:00:00,4.2,46.5,84.0,42.1,46.2,40.6,160.0
2024-01-16 19:00:00,3.6,47.1,84.3,42.4,46.7,40.9,160.0
2024-01-16 20:00:00,3.4,47.5,83.7,43.0,47.5,41.0,160.0
2024-01-16 21:00:00,3.0,47.8,85.0,44.0,48.5,42.0,180.0
2024-01-16 22:00:00,2.9,47.9,79.7,43.4,47.4,41.4,160.0
2024-01-16 23:00:00,2.3,48.5,83.5,44.2,43.3,42.3,170.0
2024-01-17 00:00:00,2.1,48.5,32.7,42.3,33.1,32.9,0.0
2024-01-17 01:00:00,1.3,49.1,32.5,40.4,33.4,29.0,0.0
2024-01-17 02:00:00,2.5,48.2,34.9,39.2,36.0,27.0,0.0
2024-01-17 03:00:00,2.7,48.2,34.1,39.2,34.1,26.8,0.0
2024-01-17 04:00:00,2.6,47.9,32.8,39.0,32.1,26.3,0.0
2024-01-17 05:00:00,3.0,48.7,25.1,34.5,26.6,25.3,0.0
2024-01-17 06:00:00,3.8,47.8,75.3,42.4,46.2,37.2,210.0
2024-01-17 07:00:00,3.4,48.3,84.1,44.8,49.0,42.6,230.0
2024-01-17 08:00:00,4.1,47.5,89.1,43.5,48.1,41.5,180.0
2024-01-17 09:00:00,4.7,47.2,88.6,42.9,47.4,41.3,170.0
2024-01-17 10:00:00,5.4,46.7,86.8,42.1,46.6,40.8,160.0
2024-01-17 11:00:00,7.7,45.0,83.8,41.1,45.1,40.3,150.0
2024-01-17 12:00:00,9.8,43.2,81.1,39.9,43.8,39.1,130.0
2024-01-17 13:00:00,10.5,42.8,79.4,38.7,42.6,38.4,130.0
2024-01-17 14:00:00,10.8,42.5,78.1,38.4,42.4,38.0,120.0
2024-01-17 15:00:00,11.6,41.7,72.9,37.8,41.5,37.6,120.0
2024-01-17 16:00:00,12.0,43.9,74.1,39.8,43.8,37.7,130.0
2024-01-17 17:00:00,11.7,44.0,74.9,40.8,44.6,39.5,150.0
2024-01-17 18:00:00,10.7,44.4,75.1,40.7,44.5,39.4,150.0
2024-01-17 19:00:00,11.0,44.4,74.8,40.6,44.5,39.6,140.0
2024-01-17 20:00:00,10.7,44.4,71.9,40.3,43.9,39.3,140.0
2024-01-17 21:00:00,11.0,44.3,72.3,40.4,44.2,39.1,130.0
2024-01-17 22:00:00,12.1,43.8,72.7,40.3,43.9,39.1,140.0
2024-01-17 23:00:00,11.0,44.2,35.8,38.7,35.8,33.2,0.0
2024-01-18 00:00:00,11.1,44.3,33.6,37.3,32.9,31.8,0.0
2024-01-18 01:00:00,11.0,44.3,31.4,36.2,30.2,28.4,0.0
2024-01-18 02:00:00,11.4,44.2,30.9,35.7,30.0,27.4,0.0
2024-01-18 03:00:00,10.9,44.3,30.5,35.3,29.7,26.2,0.0
2024-01-18 04:00:00,11.4,44.1,29.9,34.9,28.8,25.5,0.0
2024-01-18 05:00:00,11.6,43.9,27.7,28.8,29.4,25.1,0.0
2024-01-18 06:00:00,12.0,43.8,68.0,37.9,41.1,32.5,130.0
2024-01-18 07:00:00,12.7,43.5,78.3,39.9,43.5,39.6,190.0
2024-01-18 08:00:00,13.3,43.3,78.4,38.9,42.9,38.1,120.0
2024-01-18 09:00:00,13.4,43.3,77.7,39.1,43.0,38.3,130.0
2024-01-18 10:00:00,14.7,43.0,77.2,39.2,43.0,38.3,130.0
2024-01-18 11:00:00,16.0,43.0,63.8,38.6,37.9,37.3,100.0
2024-01-18 12:00:00,16.9,43.0,34.6,37.2,35.4,31.3,0.0
2024-01-18 13:00:00,17.1,43.0,32.7,36.3,32.4,30.4,0.0
2024-01-18 14:00:00,16.9,43.0,31.5,36.2,30.8,27.9,0.0
2024-01-18 15:00:00,16.7,43.0,30.8,35.8,29.9,26.4,0.0
2024-01-18 16:00:00,16.2,43.0,57.3,30.5,32.3,26.0,40.0
2024-01-18 17:00:00,15.8,44.0,76.1,43.1,46.8,40.0,240.0
2024-01-18 18:00:00,15.4,44.0,75.8,39.4,43.3,38.4,120.0
2024-01-18 19:00:00,14.7,44.0,75.9,39.9,43.7,38.8,130.0
2024-01-18 20:00:00,15.0,44.0,62.1,39.3,42.2,38.6,130.0
2024-01-18 21:00:00,14.5,44.0,75.3,41.0,44.9,39.2,140.0
2024-01-18 22:00:00,14.9,44.0,68.5,39.5,39.8,39.0,120.0
2024-01-18 23:00:00,14.4,44.0,35.5,38.4,35.9,32.9,0.0
2024-01-19 00:00:00,14.2,44.0,33.4,37.2,32.4,31.7,0.0
2024-01-19 01:00:00,14.1,44.0,31.5,36.3,30.8,28.7,0.0
2024-01-19 02:00:00,13.7,44.0,30.8,35.8,29.9,26.9,0.0
2024-01-19 03:00:00,13.7,44.0,30.6,35.4,29.8,26.3,0.0
2024-01-19 04:00:00,13.5,44.1,30.1,34.9,29.1,25.8,0.0
2024-01-19 05:00:00,13.8,44.0,29.7,28.4,31.6,25.4,0.0
2024-01-19 06:00:00,13.9,44.0,68.0,36.2,39.6,30.8,100.0
2024-01-19 07:00:00,14.1,44.0,72.0,41.0,44.5,40.0,200.0
2024-01-19 08:00:00,14.6,44.0,71.8,39.7,43.3,38.4,130.0
2024-01-19 09:00:00,15.6,44.0,71.5,39.8,43.4,38.7,130.0
2024-01-19 10:00:00,16.0,44.0,71.3,39.9,43.6,38.8,130.0
2024-01-19 11:00:00,17.0,44.0,40.5,38.9,34.8,34.7,60.0
2024-01-19 12:00:00,18.0,44.0,34.4,37.6,34.3,32.1,0.0
2024-01-19 13:00:00,18.6,44.0,32.4,36.5,31.1,30.0,0.0
2024-01-19 14:00:00,18.3,44.0,31.3,31.2,27.8,27.4,0.0
2024-01-19 15:00:00,11.9,44.5,62.3,34.6,37.5,30.1,70.0
2024-01-19 16:00:00,8.7,45.5,80.7,43.4,47.1,41.5,230.0
2024-01-19 17:00:00,6.3,45.8,83.1,41.1,45.3,39.5,140.0
2024-01-19 18:00:00,5.9,47.4,84.6,42.0,46.4,40.2,150.0
2024-01-19 19:00:00,5.0,47.7,84.9,43.0,47.4,40.9,180.0
2024-01-19 20:00:00,5.2,47.7,80.7,43.2,47.1,41.3,160.0
2024-01-19 21:00:00,5.6,47.5,80.6,43.0,47.1,41.1,170.0
2024-01-19 22:00:00,5.3,47.5,82.4,43.6,47.9,41.5,170.0
2024-01-19 23:00:00,4.5,47.9,37.9,41.6,37.7,34.2,0.0
2024-01-20 00:00:00,4.0,48.3,34.9,40.3,34.0,32.6,0.0
2024-01-20 01:00:00,3.4,48.8,32.8,39.7,31.4,28.0,0.0
2024-01-20 02:00:00,3.1,48.9,32.3,39.1,31.2,26.3,0.0
2024-01-20 03:00:00,2.9,49.0,31.8,38.5,30.8,25.6,0.0
2024-01-20 04:00:00,2.6,49.3,31.1,37.9,30.0,25.0,0.0
2024-01-20 05:00:00,2.6,49.5,30.5,37.0,29.5,24.7,0.0
2024-01-20 06:00:00,2.5,49.6,87.8,47.7,51.9,39.1,260.0
2024-01-20 07:00:00,2.5,49.5,83.8,44.2,48.8,41.9,200.0
2024-01-20 08:00:00,2.6,49.4,85.5,44.5,48.8,41.7,190.0
2024-01-20 09:00:00,2.9,49.3,84.8,44.6,49.1,42.1,190.0
2024-01-20 10:00:00,3.0,49.0,85.1,44.7,49.1,42.2,180.0
2024-01-20 11:00:00,3.2,49.0,84.8,44.6,49.0,42.0,190.0
2024-01-20 12:00:00,3.1,49.0,83.7,44.6,48.9,42.0,180.0
2024-01-20 13:00:00,2.9,49.2,82.3,44.8,48.7,42.2,190.0
2024-01-20 14:00:00,3.4,48.8,86.0,44.9,49.4,42.3,180.0
2024-01-20 15:00:00,3.2,48.8,85.8,44.7,49.3,42.2,180.0
2024-01-20 16:00:00,3.1,49.0,84.3,44.7,49.0,42.2,180.0
2024-01-20 17:00:00,2.7,49.5,85.0,44.9,49.3,42.3,190.0
2024-01-20 18:00:00,2.3,49.5,84.3,45.5,49.7,42.8,180.0
2024-01-20 19:00:00,2.7,49.3,76.0,44.5,48.7,42.7,180.0
2024-01-20 20:00:00,2.5,49.3,87.1,45.7,50.2,43.2,200.0
2024-01-20 21:00:00,2.6,49.3,86.0,44.8,49.2,42.7,180.0
2024-01-20 22:00:00,2.7,49.3,86.4,44.6,49.1,42.5,180.0
2024-01-20 23:00:00,2.7,49.3,85.4,44.5,43.9,42.4,170.0
2024-01-21 00:00:00,2.5,49.4,38.4,42.6,38.1,34.5,0.0
2024-01-21 01:00:00,2.0,49.8,35.0,41.2,33.5,32.5,0.0
2024-01-21 02:00:00,1.6,50.3,32.8,40.1,31.4,28.0,0.0
2024-01-21 03:00:00,1.4,50.1,32.5,39.5,31.3,26.8,0.0
2024-01-21 04:00:00,1.1,50.6,31.6,38.9,30.1,25.9,0.0
2024-01-21 05:00:00,0.6,50.8,62.5,37.9,40.8,34.4,160.0
2024-01-21 06:00:00,0.7,50.7,81.7,46.4,50.5,40.2,210.0
2024-01-21 07:00:00,1.0,50.5,91.2,45.2,49.9,43.5,230.0
2024-01-21 08:00:00,1.1,49.4,88.0,44.9,49.6,42.6,180.0
2024-01-21 09:00:00,2.0,48.6,87.4,44.3,48.7,42.2,190.0
2024-01-21 10:00:00,2.9,47.8,86.3,43.3,47.6,41.4,170.0
2024-01-21 11:00:00,3.2,47.7,85.7,42.8,47.3,41.0,170.0
2024-01-21 12:00:00,3.5,47.1,85.2,43.2,47.6,41.1,180.0
2024-01-21 13:00:00,4.8,46.1,84.1,42.5,46.7,40.9,170.0
2024-01-21 14:00:00,4.0,46.9,83.4,42.0,46.2,40.3,160.0
2024-01-21 15:00:00,3.5,47.1,84.5,42.4,46.7,40.6,170.0
2024-01-21 16:00:00,3.1,47.6,83.5,42.9,47.2,41.0,180.0
2024-01-21 17:00:00,2.1,48.5,85.0,43.4,47.8,41.4,180.0
2024-01-21 18:00:00,1.3,49.2,88.1,44.4,49.0,42.0,180.0
2024-01-21 19:00:00,1.8,48.7,88.5,45.0,49.7,42.7,190.0
2024-01-21 20:00:00,1.4,49.4,88.1,44.5,49.1,42.4,180.0
2024-01-21 21:00:00,0.2,50.2,88.8,44.9,49.5,42.6,190.0
2024-01-21 22:00:00,-0.8,51.1,90.0,45.9,50.7,43.1,200.0
2024-01-21 23:00:00,-1.2,42.7,91.2,46.5,51.3,43.8,200.0
2024-01-22 00:00:00,-1.4,42.6,88.2,36.5,40.6,37.4,80.0
2024-01-22 01:00:00,-2.1,42.5,90.2,38.7,43.2,38.0,130.0
2024-01-22 02:00:00,-2.3,42.5,89.1,38.4,42.9,38.1,130.0
2024-01-22 03:00:00,-1.9,42.5,89.7,38.4,42.7,37.9,130.0
2024-01-22 04:00:00,-1.4,42.6,88.8,38.5,42.8,38.1,130.0
2024-01-22 05:00:00,-1.5,42.6,88.0,38.3,42.7,38.0,120.0
2024-01-22 06:00:00,-0.7,50.0,90.3,43.9,48.8,41.0,200.0
2024-01-22 07:00:00,-0.6,50.0,90.1,46.1,50.8,43.2,210.0
2024-01-22 08:00:00,-0.9,50.0,90.0,45.8,50.5,43.4,200.0
2024-01-22 09:00:00,0.1,50.0,89.4,45.2,49.9,43.0,190.0
2024-01-22 10:00:00,0.9,50.0,87.9,44.8,49.4,42.6,180.0
2024-01-22 11:00:00,0.6,50.0,86.4,45.0,49.5,42.6,190.0
2024-01-22 12:00:00,1.1,50.0,86.1,45.1,49.6,42.6,190.0
2024-01-22 13:00:00,1.3,50.0,86.5,45.1,49.7,42.5,190.0
2024-01-22 14:00:00,1.6,50.0,86.1,45.4,49.7,42.9,190.0
2024-01-22 15:00:00,1.7,47.9,85.6,43.2,47.4,41.6,160.0
2024-01-22 16:00:00,1.6,48.0,86.3,43.3,47.7,41.5,170.0
2024-01-22 17:00:00,1.0,48.2,86.4,43.4,47.8,41.6,170.0
2024-01-22 18:00:00,0.2,48.4,88.5,43.8,48.3,42.0,180.0
2024-01-22 19:00:00,-0.1,48.1,89.3,43.9,48.5,42.3,180.0
2024-01-22 20:00:00,-0.6,48.2,89.7,43.7,48.3,42.1,170.0
2024-01-22 21:00:00,-1.0,48.1,91.3,43.7,48.4,42.0,170.0
2024-01-22 22:00:00,-1.5,48.2,90.5,43.8,48.5,42.0,180.0
2024-01-22 23:00:00,-1.5,48.3,89.3,43.9,43.3,42.3,170.0
2024-01-23 00:00:00,-1.8,48.4,32.8,42.1,33.0,32.9,0.0
2024-01-23 01:00:00,-1.7,48.4,33.4,40.1,29.0,28.6,0.0
2024-01-23 02:00:00,-1.9,48.5,34.9,38.3,35.8,27.4,0.0
2024-01-23 03:00:00,-0.2,47.7,33.5,38.9,32.8,26.7,0.0
2024-01-23 04:00:00,-1.5,48.4,32.6,39.1,31.6,25.4,0.0
2024-01-23 05:00:00,-2.3,48.6,66.5,40.3,43.6,36.7,200.0
2024-01-23 06:00:00,-2.2,40.1,86.8,47.5,51.2,41.7,230.0
2024-01-23 07:00:00,-2.6,52.0,85.2,47.7,52.0,43.6,210.0
2024-01-23 08:00:00,-2.1,51.7,90.4,48.2,52.8,44.7,240.0
2024-01-23 09:00:00,0.1,48.5,88.3,43.8,48.2,42.6,170.0
2024-01-23 10:00:00,1.5,46.9,86.0,42.1,46.7,40.6,150.0
2024-01-23 11:00:00,2.2,46.1,85.8,41.7,46.0,40.1,170.0
2024-01-23 12:00:00,3.0,45.3,84.8,41.4,45.7,40.0,150.0
2024-01-23 13:00:00,3.5,44.4,83.5,41.0,45.2,39.7,90.0
2024-01-23 14:00:00,5.6,44.6,78.8,38.2,42.4,37.7,180.0
2024-01-23 15:00:00,5.1,46.4,83.4,42.4,46.8,40.1,180.0
2024-01-23 16:00:00,4.5,47.0,84.1,42.8,47.2,41.0,170.0
2024-01-23 17:00:00,4.3,47.0,84.1,42.8,47.0,41.0,170.0
2024-01-23 18:00:00,4.6,46.9,84.2,42.9,47.2,41.1,170.0
2024-01-23 19:00:00,4.6,46.8,83.7,42.9,47.2,41.3,160.0
2024-01-23 20:00:00,4.7,46.9,78.7,42.8,46.5,41.2,170.0
2024-01-23 21:00:00,4.5,46.8,78.8,42.8,46.5,40.9,160.0
2024-01-23 22:00:00,4.5,46.8,77.2,42.5,46.3,41.1,170.0
2024-01-23 23:00:00,4.7,46.7,37.0,40.9,37.4,33.3,0.0
2024-01-24 00:00:00,4.7,46.6,34.3,39.6,33.2,32.0,0.0
2024-01-24 01:00:00,4.6,46.9,33.0,38.7,32.0,29.6,0.0
2024-01-24 02:00:00,4.8,46.7,31.9,38.4,30.6,27.2,0.0
2024-01-24 03:00:00,4.6,46.6,31.4,37.9,30.4,26.0,0.0
2024-01-24 04:00:00,4.7,46.6,30.8,37.3,29.4,25.6,0.0
2024-01-24 05:00:00,4.4,47.1,33.8,36.6,35.5,25.2,0.0
2024-01-24 06:00:00,4.0,48.1,67.7,38.6,42.0,33.9,160.0
2024-01-24 07:00:00,4.2,48.1,81.0,46.7,50.6,42.2,250.0
2024-01-24 08:00:00,4.0,48.3,88.1,43.3,47.8,41.4,180.0
2024-01-24 09:00:00,5.2,47.4,85.8,42.7,47.0,41.0,170.0
2024-01-24 10:00:00,5.2,46.9,86.1,42.4,46.9,40.7,170.0
2024-01-24 11:00:00,6.0,46.5,85.1,42.6,47.0,40.7,170.0
2024-01-24 12:00:00,6.6,45.4,80.1,42.0,45.9,40.6,160.0
2024-01-24 13:00:00,7.2,45.3,78.9,44.9,48.6,38.9,130.0
2024-01-24 14:00:00,8.1,44.9,76.1,40.2,43.9,39.6,160.0
2024-01-24 15:00:00,9.0,44.6,76.2,40.6,44.5,39.4,140.0
2024-01-24 16:00:00,8.4,44.8,77.9,40.6,44.4,39.3,140.0
2024-01-24 17:00:00,7.5,45.1,78.1,40.8,44.8,39.5,150.0
2024-01-24 18:00:00,7.1,45.2,80.2,41.3,45.3,39.8,150.0
2024-01-24 19:00:00,7.4,45.2,80.0,41.5,45.6,40.1,160.0
2024-01-24 20:00:00,6.5,45.5,77.1,41.2,45.3,40.1,140.0
2024-01-24 21:00:00,6.9,45.3,78.0,41.9,45.7,40.2,160.0
2024-01-24 22:00:00,6.6,45.5,82.9,41.6,42.1,40.1,150.0
2024-01-24 23:00:00,6.6,45.4,36.7,39.9,36.6,33.6,0.0
2024-01-25 00:00:00,6.6,45.4,33.9,38.5,32.9,32.1,0.0
2024-01-25 01:00:00,6.7,45.4,31.7,37.4,30.7,28.6,0.0
2024-01-25 02:00:00,6.6,45.4,31.2,36.8,30.2,26.9,0.0
2024-01-25 03:00:00,6.9,45.4,30.5,36.3,29.4,25.8,0.0
2024-01-25 04:00:00,6.4,45.5,30.1,35.9,29.1,25.2,0.0
2024-01-25 05:00:00,5.8,45.6,32.7,35.6,34.1,24.8,0.0
2024-01-25 06:00:00,5.9,46.2,75.4,36.5,40.0,29.0,90.0
2024-01-25 07:00:00,5.6,46.4,83.3,43.4,47.3,41.6,250.0
2024-01-25 08:00:00,5.8,46.2,83.1,41.4,45.7,39.7,150.0
2024-01-25 09:00:00,7.2,45.8,82.2,41.7,45.8,40.0,160.0
2024-01-25 10:00:00,7.7,45.5,80.1,41.3,45.3,39.8,160.0
2024-01-25 11:00:00,9.1,45.0,77.3,40.8,44.8,39.6,140.0
2024-01-25 12:00:00,10.9,42.2,76.1,39.4,43.0,38.7,140.0
2024-01-25 13:00:00,12.0,41.5,71.8,37.2,40.8,36.9,100.0
2024-01-25 14:00:00,12.1,43.6,74.0,38.9,42.8,37.0,120.0
2024-01-25 15:00:00,11.3,43.8,75.6,41.0,44.9,38.8,160.0
2024-01-25 16:00:00,10.7,44.0,75.9,40.4,44.1,39.2,140.0
2024-01-25 17:00:00,9.6,44.4,77.2,40.4,44.3,39.0,140.0
2024-01-25 18:00:00,9.2,44.6,78.6,40.9,44.7,39.5,150.0
2024-01-25 19:00:00,8.7,44.8,77.2,40.7,44.6,39.4,140.0
2024-01-25 20:00:00,9.1,45.0,77.9,40.9,44.9,39.2,140.0
2024-01-25 21:00:00,8.2,45.5,78.9,42.0,46.0,40.1,160.0
2024-01-25 22:00:00,7.9,45.8,76.3,41.9,41.2,40.3,140.0
2024-01-25 23:00:00,8.9,45.3,36.7,40.1,36.4,33.4,0.0
2024-01-26 00:00:00,7.8,45.7,34.1,38.8,33.4,32.1,0.0
2024-01-26 01:00:00,6.8,46.1,32.1,37.7,31.0,28.1,0.0
2024-01-26 02:00:00,6.3,46.4,31.3,37.1,30.2,26.7,0.0
2024-01-26 03:00:00,7.1,46.1,31.2,36.6,30.4,26.0,0.0
2024-01-26 04:00:00,7.8,45.7,30.6,36.0,29.7,25.5,0.0
2024-01-26 05:00:00,8.5,45.4,29.9,35.4,29.0,25.1,0.0
2024-01-26 06:00:00,7.8,45.6,65.3,35.4,38.2,30.0,90.0
2024-01-26 07:00:00,8.0,45.7,80.7,43.8,47.8,41.2,250.0
2024-01-26 08:00:00,8.3,45.5,80.1,40.7,44.8,39.3,130.0
2024-01-26 09:00:00,9.4,45.0,78.2,40.9,44.9,39.2,150.0
2024-01-26 10:00:00,10.0,44.7,77.2,40.5,44.5,39.0,150.0
2024-01-26 11:00:00,10.1,44.6,77.1,40.5,44.4,38.7,150.0
2024-01-26 12:00:00,9.8,44.8,77.4,40.6,44.5,39.1,140.0
2024-01-26 13:00:00,10.4,44.6,77.4,40.7,44.7,39.1,150.0
2024-01-26 14:00:00,8.4,47.2,77.5,43.3,47.2,40.6,170.0
2024-01-26 15:00:00,8.0,45.8,78.8,43.0,46.7,41.4,170.0
2024-01-26 16:00:00,7.7,44.9,77.6,40.0,44.0,39.0,130.0
2024-01-26 17:00:00,6.8,45.8,77.5,41.1,45.0,39.7,150.0
2024-01-26 18:00:00,6.0,46.7,80.4,42.3,46.5,40.4,160.0
2024-01-26 19:00:00,6.0,47.0,80.2,42.9,46.9,40.9,160.0
2024-01-26 20:00:00,4.6,48.2,80.1,44.5,48.5,40.9,170.0
2024-01-26 21:00:00,3.8,48.8,81.5,44.3,48.5,42.3,190.0
2024-01-26 22:00:00,2.7,49.5,79.9,45.4,49.4,42.3,190.0
2024-01-26 23:00:00,2.2,50.0,38.6,43.3,38.1,34.9,0.0
2024-01-27 00:00:00,1.6,50.3,35.6,42.0,34.1,33.2,0.0
2024-01-27 01:00:00,2.2,49.9,32.7,40.1,30.4,28.5,0.0
2024-01-27 02:00:00,2.7,49.5,31.4,38.2,29.5,27.2,0.0
2024-01-27 03:00:00,3.0,49.4,30.5,37.0,27.1,26.0,0.0
2024-01-27 04:00:00,3.1,49.4,29.6,24.3,30.2,25.3,0.0
2024-01-27 05:00:00,2.9,49.4,29.2,22.6,27.3,24.7,0.0
2024-01-27 06:00:00,3.1,48.6,78.2,41.5,45.0,34.8,170.0
2024-01-27 07:00:00,3.0,48.5,87.0,44.2,48.3,42.8,240.0
2024-01-27 08:00:00,3.3,47.5,87.0,43.6,48.2,41.4,170.0
2024-01-27 09:00:00,5.4,46.8,84.4,42.0,46.2,40.8,170.0
2024-01-27 10:00:00,5.5,47.5,82.6,42.0,46.3,39.9,150.0
2024-01-27 11:00:00,5.9,47.0,80.2,43.1,47.1,40.9,180.0
2024-01-27 12:00:00,6.9,46.4,78.1,42.9,46.8,40.8,160.0
2024-01-27 13:00:00,7.8,45.6,77.6,42.4,46.3,40.6,160.0
2024-01-27 14:00:00,8.0,45.5,76.9,41.6,45.5,39.8,150.0
2024-01-27 15:00:00,7.7,45.7,72.6,41.3,44.9,39.6,150.0
2024-01-27 16:00:00,7.1,46.3,78.2,42.7,46.7,40.0,150.0
2024-01-27 17:00:00,6.3,46.8,78.8,43.3,47.4,41.0,170.0
2024-01-27 18:00:00,6.0,47.3,79.1,43.2,47.2,40.9,160.0
2024-01-27 19:00:00,5.9,47.2,79.5,43.4,47.5,41.3,170.0
2024-01-27 20:00:00,5.5,47.7,79.1,43.9,47.9,41.7,170.0
2024-01-27 21:00:00,5.1,47.8,77.2,43.9,47.5,41.5,170.0
2024-01-27 22:00:00,5.3,47.6,81.6,43.8,44.9,41.8,170.0
2024-01-27 23:00:00,4.8,48.2,38.2,42.0,37.8,34.5,0.0
2024-01-28 00:00:00,4.4,48.4,35.1,40.6,34.3,32.8,0.0
2024-01-28 01:00:00,3.7,48.8,33.6,39.9,32.2,29.1,0.0
2024-01-28 02:00:00,3.5,48.9,32.5,39.3,31.5,27.1,0.0
2024-01-28 03:00:00,3.4,49.1,32.2,38.6,31.2,26.2,0.0
2024-01-28 04:00:00,3.4,49.1,31.5,37.7,30.4,25.7,0.0
2024-01-28 05:00:00,3.2,49.2,30.7,36.7,29.7,25.4,0.0
2024-01-28 06:00:00,3.7,48.8,85.2,42.7,46.8,34.5,170.0
2024-01-28 07:00:00,3.4,49.1,82.4,44.7,48.6,42.5,250.0
2024-01-28 08:00:00,3.5,48.9,84.5,44.6,49.0,41.7,180.0
2024-01-28 09:00:00,3.9,49.4,82.8,45.1,49.3,42.1,190.0
2024-01-28 10:00:00,4.5,49.1,81.9,45.1,49.4,42.8,190.0
2024-01-28 11:00:00,4.6,49.2,81.6,45.0,48.9,42.0,180.0
2024-01-28 12:00:00,4.9,49.0,82.1,45.1,49.3,42.4,190.0
2024-01-28 13:00:00,5.1,48.7,82.5,45.0,49.2,42.3,180.0
2024-01-28 14:00:00,5.2,45.7,78.9,41.1,45.0,40.6,150.0
2024-01-28 15:00:00,5.1,46.0,80.5,42.0,46.2,39.8,150.0
2024-01-28 16:00:00,4.7,46.0,83.3,42.8,47.1,40.9,160.0
2024-01-28 17:00:00,4.4,46.4,83.2,42.0,46.2,40.4,150.0
2024-01-28 18:00:00,4.4,46.3,83.1,42.0,46.2,40.5,160.0
2024-01-28 19:00:00,4.5,46.2,83.1,41.9,46.1,40.5,160.0
2024-01-28 20:00:00,4.7,46.1,83.1,42.0,46.2,40.5,150.0
2024-01-28 21:00:00,4.8,46.2,83.2,42.0,46.2,40.6,160.0
2024-01-28 22:00:00,4.6,46.2,81.8,42.2,41.9,40.9,150.0
2024-01-28 23:00:00,4.7,46.1,37.1,40.7,36.9,33.9,0.0
2024-01-29 00:00:00,4.5,46.4,34.4,39.3,33.6,32.3,0.0
2024-01-29 01:00:00,4.5,46.3,32.3,38.1,31.1,28.6,0.0
2024-01-29 02:00:00,4.5,46.2,31.9,37.6,30.9,26.9,0.0
2024-01-29 03:00:00,4.3,46.6,31.3,37.1,30.3,26.1,0.0
2024-01-29 04:00:00,4.0,46.6,30.7,36.4,29.6,25.5,0.0
2024-01-29 05:00:00,3.9,46.6,26.3,43.9,25.8,24.8,0.0
2024-01-29 06:00:00,4.1,46.7,80.5,41.8,45.6,34.4,160.0
2024-01-29 07:00:00,3.9,46.8,86.3,42.6,46.8,41.4,220.0
2024-01-29 08:00:00,4.1,46.7,86.0,41.9,46.4,40.3,160.0
2024-01-29 09:00:00,4.5,48.3,85.8,43.3,47.7,40.5,170.0
2024-01-29 10:00:00,5.2,47.8,82.5,44.2,48.5,41.8,190.0
2024-01-29 11:00:00,5.9,47.4,80.6,43.1,47.3,41.1,160.0
2024-01-29 12:00:00,6.3,45.3,79.4,41.5,45.4,40.3,160.0
2024-01-29 13:00:00,6.6,45.2,79.1,40.3,44.3,39.2,140.0
2024-01-29 14:00:00,6.7,45.5,79.2,40.9,44.8,39.4,140.0
2024-01-29 15:00:00,6.3,45.6,80.3,41.2,45.3,39.6,160.0
2024-01-29 16:00:00,6.0,46.2,80.3,41.7,45.7,40.1,150.0
2024-01-29 17:00:00,5.5,46.3,80.1,41.8,45.9,40.2,160.0
2024-01-29 18:00:00,5.5,46.2,81.4,42.1,46.3,40.5,160.0
2024-01-29 19:00:00,5.2,47.0,82.3,42.5,46.8,40.9,160.0
2024-01-29 20:00:00,5.2,46.9,86.0,42.6,47.1,41.0,160.0
2024-01-29 21:00:00,5.0,47.0,79.3,42.8,46.9,40.8,160.0
2024-01-29 22:00:00,4.1,47.4,80.0,43.2,47.3,41.4,170.0
2024-01-29 23:00:00,3.5,47.8,36.3,41.5,37.6,34.7,0.0
2024-01-30 00:00:00,3.7,47.6,35.1,40.2,34.0,32.8,0.0
2024-01-30 01:00:00,3.5,47.9,32.3,38.8,30.6,28.9,0.0
2024-01-30 02:00:00,3.0,48.3,31.1,37.8,29.5,27.3,0.0
2024-01-30 03:00:00,2.0,48.8,30.8,37.0,29.4,26.2,0.0
2024-01-30 04:00:00,1.2,49.1,29.7,30.9,29.5,25.5,0.0
2024-01-30 05:00:00,0.6,49.5,34.5,36.2,35.8,24.8,0.0
2024-01-30 06:00:00,0.2,49.9,71.4,39.5,43.0,34.2,160.0
2024-01-30 07:00:00,-0.2,50.1,82.8,48.8,52.4,42.1,250.0
2024-01-30 08:00:00,0.0,49.0,89.8,44.8,49.3,42.8,210.0
2024-01-30 09:00:00,1.0,48.2,89.3,43.5,48.1,41.6,170.0
2024-01-30 10:00:00,2.1,46.8,86.3,43.0,47.4,41.4,180.0
2024-01-30 11:00:00,2.9,46.4,83.0,41.9,46.1,40.4,150.0
2024-01-30 12:00:00,3.4,45.9,82.2,41.5,45.8,40.0,160.0
2024-01-30 13:00:00,4.4,45.4,79.9,40.9,44.8,39.7,150.0
2024-01-30 14:00:00,5.7,44.9,78.4,40.5,44.5,39.4,140.0
2024-01-30 15:00:00,5.4,44.9,78.4,40.3,44.2,39.3,140.0
2024-01-30 16:00:00,5.3,44.9,78.5,40.7,44.7,39.4,150.0
2024-01-30 17:00:00,4.2,45.6,80.3,40.8,44.9,39.4,140.0
2024-01-30 18:00:00,3.5,46.1,83.3,42.0,46.3,40.3,160.0
2024-01-30 19:00:00,2.4,48.2,84.2,43.9,48.3,41.4,180.0
2024-01-30 20:00:00,1.3,48.8,83.7,44.7,48.9,42.6,190.0
2024-01-30 21:00:00,0.7,49.1,85.4,44.5,48.8,42.2,180.0
2024-01-30 22:00:00,0.1,49.3,86.0,44.9,49.4,42.5,180.0
2024-01-30 23:00:00,0.0,49.6,84.3,44.9,43.7,42.6,180.0
2024-01-31 00:00:00,1.8,48.7,39.0,43.0,39.6,37.4,0.0
2024-01-31 01:00:00,0.9,49.0,35.1,41.5,36.1,35.4,0.0
2024-01-31 02:00:00,0.5,49.1,32.8,40.8,33.7,30.7,0.0
2024-01-31 03:00:00,0.4,49.3,32.9,40.3,34.3,29.4,0.0
2024-01-31 04:00:00,0.0,49.6,32.1,39.7,33.2,28.5,0.0
2024-01-31 05:00:00,-0.5,49.7,32.2,37.9,37.0,29.6,0.0
2024-01-31 06:00:00,-0.8,49.9,82.5,44.1,50.5,39.3,180.0
2024-01-31 07:00:00,-1.1,51.2,90.6,43.3,50.7,43.8,210.0
2024-01-31 08:00:00,-0.4,50.8,90.5,43.7,51.1,44.1,190.0
2024-01-31 09:00:00,0.6,50.4,89.0,43.5,50.6,44.0,180.0
2024-01-31 10:00:00,1.6,49.8,86.5,43.0,50.0,44.0,180.0
2024-01-31 11:00:00,2.8,49.4,86.0,42.6,49.6,43.5,170.0
2024-01-31 12:00:00,3.9,48.6,86.0,42.4,49.4,43.5,170.0
2024-01-31 13:00:00,5.0,48.3,91.8,41.5,48.7,43.1,160.0
2024-01-31 14:00:00,6.1,46.4,96.7,39.4,46.4,42.0,130.0
2024-01-31 15:00:00,7.0,46.1,96.6,38.5,45.6,41.2,130.0
2024-01-31 16:00:00,7.0,46.1,83.0,38.0,44.9,40.1,120.0
2024-01-31 17:00:00,5.5,46.7,79.6,40.3,47.1,41.5,150.0
2024-01-31 18:00:00,3.8,47.6,83.8,41.3,48.2,42.4,160.0
2024-01-31 19:00:00,3.4,47.9,85.0,41.5,48.4,42.8,160.0
2024-01-31 20:00:00,2.9,48.1,79.0,40.8,47.3,42.3,150.0
2024-01-31 21:00:00,2.4,48.6,86.2,42.0,49.1,43.0,160.0
2024-01-31 22:00:00,1.7,48.9,81.1,41.9,48.5,43.0,160.0
2024-01-31 23:00:00,1.7,48.9,36.6,40.3,39.5,36.2,0.0
2024-02-01 00:00:00,0.8,49.4,34.1,38.9,35.1,34.4,0.0
2024-02-01 01:00:00,0.4,49.7,34.4,29.2,33.8,31.0,0.0
2024-02-01 02:00:00,0.0,49.9,38.9,24.5,32.5,28.8,0.0
2024-02-01 03:00:00,-0.1,50.2,34.7,23.9,27.7,27.9,0.0
2024-02-01 04:00:00,-0.3,50.3,24.6,24.3,27.1,27.3,0.0
2024-02-01 05:00:00,-0.5,50.4,25.0,40.9,28.6,27.0,0.0
2024-02-01 06:00:00,-0.8,50.4,73.4,39.5,45.3,35.4,140.0
2024-02-01 07:00:00,-1.2,50.6,81.1,45.5,52.1,45.0,250.0
2024-02-01 08:00:00,-0.3,50.3,87.2,43.7,50.8,44.1,180.0
2024-02-01 09:00:00,0.4,49.7,89.3,43.0,50.2,43.8,180.0
2024-02-01 10:00:00,1.6,47.1,85.6,41.7,48.5,43.2,170.0
2024-02-01 11:00:00,3.2,45.6,84.1,38.3,45.0,40.6,120.0
2024-02-01 12:00:00,4.8,47.0,82.8,41.0,47.8,41.8,160.0
2024-02-01 13:00:00,6.3,46.3,79.8,40.0,46.5,41.6,140.0
2024-02-01 14:00:00,7.3,45.7,78.0,39.2,45.6,41.0,130.0
2024-02-01 15:00:00,8.2,45.1,77.7,39.0,45.5,40.7,140.0
2024-02-01 16:00:00,8.6,45.0,76.7,38.7,45.1,40.4,120.0
2024-02-01 17:00:00,7.4,45.5,78.5,38.9,45.5,40.5,140.0
2024-02-01 18:00:00,6.1,46.3,79.9,39.7,46.4,41.0,140.0
2024-02-01 19:00:00,5.8,46.5,82.5,40.4,47.1,41.6,150.0
2024-02-01 20:00:00,5.2,46.8,79.2,40.1,46.6,41.8,140.0
2024-02-01 21:00:00,4.8,47.0,79.0,40.0,46.5,41.4,140.0
2024-02-01 22:00:00,4.8,47.0,42.3,39.1,37.1,37.2,70.0
2024-02-01 23:00:00,4.3,47.3,34.2,37.7,36.8,34.5,0.0
2024-02-02 00:00:00,4.4,47.3,31.9,37.8,33.4,31.4,0.0
2024-02-02 01:00:00,5.0,47.0,31.2,37.8,32.4,28.8,0.0
2024-02-02 02:00:00,5.4,46.8,31.0,37.3,32.4,28.0,0.0
2024-02-02 03:00:00,5.5,46.7,30.6,36.9,31.8,27.5,0.0
2024-02-02 04:00:00,5.6,46.7,30.1,36.3,31.4,27.1,0.0
2024-02-02 05:00:00,5.9,46.3,29.5,35.7,30.9,26.8,0.0
2024-02-02 06:00:00,5.9,46.4,83.9,37.8,44.7,33.4,120.0
2024-02-02 07:00:00,6.1,46.4,73.9,41.9,48.1,42.3,210.0
2024-02-02 08:00:00,6.3,46.2,82.7,39.9,46.6,41.3,150.0
2024-02-02 09:00:00,7.4,45.6,83.1,39.5,46.3,40.9,150.0
2024-02-02 10:00:00,8.4,45.1,79.7,38.7,45.3,40.5,130.0
2024-02-02 11:00:00,8.3,45.1,78.4,38.1,44.6,39.6,130.0
2024-02-02 12:00:00,9.9,44.3,78.3,37.9,44.5,39.7,130.0
2024-02-02 13:00:00,9.9,44.1,77.3,37.7,44.2,39.6,120.0
2024-02-02 14:00:00,10.2,44.0,75.5,37.9,44.2,39.6,130.0
2024-02-02 15:00:00,10.1,44.2,74.7,37.7,44.0,39.7,120.0
2024-02-02 16:00:00,9.5,45.5,76.4,38.3,44.8,39.4,130.0
2024-02-02 17:00:00,8.5,46.0,77.3,39.7,46.2,40.9,140.0
2024-02-02 18:00:00,7.3,46.7,79.2,40.4,47.0,41.5,150.0
2024-02-02 19:00:00,6.4,47.2,81.1,40.9,47.7,42.0,160.0
2024-02-02 20:00:00,5.2,47.7,78.9,41.0,47.5,42.3,150.0
2024-02-02 21:00:00,4.7,48.7,82.9,41.9,48.8,42.5,160.0
2024-02-02 22:00:00,4.9,48.6,83.0,42.5,49.1,43.3,170.0
2024-02-02 23:00:00,4.7,48.7,37.3,40.8,39.9,36.2,0.0
2024-02-03 00:00:00,4.1,49.0,34.4,39.5,36.2,34.6,0.0
2024-02-03 01:00:00,3.7,49.4,32.1,39.8,33.1,30.3,0.0
2024-02-03 02:00:00,3.3,49.6,32.2,39.4,33.5,29.1,0.0
2024-02-03 03:00:00,3.6,49.4,31.4,38.8,32.7,28.1,0.0
2024-02-03 04:00:00,3.9,49.1,30.9,38.2,32.0,27.6,0.0
2024-02-03 05:00:00,3.9,49.2,30.3,37.4,31.7,27.1,0.0
2024-02-03 06:00:00,3.2,49.6,87.4,46.1,52.7,40.3,230.0
2024-02-03 07:00:00,4.0,49.2,85.2,41.5,48.3,42.7,180.0
2024-02-03 08:00:00,4.6,48.4,84.5,42.0,49.0,42.7,170.0
2024-02-03 09:00:00,5.4,47.2,79.6,40.8,47.4,42.0,160.0
2024-02-03 10:00:00,6.8,46.6,80.5,40.2,46.9,41.4,150.0
2024-02-03 11:00:00,7.8,46.0,75.6,39.5,45.8,41.0,140.0
2024-02-03 12:00:00,7.6,46.1,75.1,39.4,45.8,40.7,140.0
2024-02-03 13:00:00,8.9,45.5,74.3,39.2,45.6,40.7,140.0
2024-02-03 14:00:00,9.9,44.9,69.0,38.4,44.3,40.2,120.0
2024-02-03 15:00:00,10.6,44.7,73.8,38.4,44.7,39.7,130.0
2024-02-03 16:00:00,11.6,44.2,72.6,38.4,44.8,39.9,130.0
2024-02-03 17:00:00,10.2,44.9,76.3,38.8,45.4,40.0,130.0
2024-02-03 18:00:00,8.1,46.9,79.1,39.7,46.5,41.0,140.0
2024-02-03 19:00:00,7.1,47.9,73.7,40.8,46.7,41.7,160.0
2024-02-03 20:00:00,6.3,50.1,82.7,42.1,49.1,42.6,160.0
2024-02-03 21:00:00,6.2,50.0,83.8,43.8,50.7,44.1,180.0
2024-02-03 22:00:00,5.4,50.7,81.9,43.3,50.0,44.0,180.0
2024-02-03 23:00:00,5.0,50.7,37.8,41.6,39.9,36.7,0.0
2024-02-04 00:00:00,5.2,50.7,34.8,40.4,36.6,35.1,0.0
2024-02-04 01:00:00,4.3,51.1,33.0,41.0,33.9,30.7,0.0
2024-02-04 02:00:00,4.7,50.9,32.6,40.4,33.7,29.1,0.0
2024-02-04 03:00:00,5.7,50.5,31.8,39.7,32.6,28.2,0.0
2024-02-04 04:00:00,5.1,50.9,31.2,38.8,32.0,27.5,0.0
2024-02-04 05:00:00,5.3,50.7,30.6,37.7,31.7,27.2,0.0
2024-02-04 06:00:00,5.5,50.5,79.9,31.8,39.1,27.8,40.0
2024-02-04 07:00:00,5.6,50.5,83.8,45.8,52.5,44.8,310.0
2024-02-04 08:00:00,6.3,49.9,82.6,42.9,49.7,43.0,160.0
2024-02-04 09:00:00,7.6,49.1,77.1,42.4,49.0,43.4,170.0
2024-02-04 10:00:00,8.5,48.6,78.7,42.3,48.9,42.8,160.0
2024-02-04 11:00:00,9.1,48.2,74.2,42.3,48.2,42.6,170.0
2024-02-04 12:00:00,10.8,47.2,75.0,41.0,47.4,42.1,140.0
2024-02-04 13:00:00,12.3,46.1,71.4,40.0,46.0,41.0,140.0
2024-02-04 14:00:00,13.9,45.1,48.8,39.7,37.5,37.6,70.0
2024-02-04 15:00:00,13.7,45.1,34.8,38.3,36.8,34.6,0.0
2024-02-04 16:00:00,13.4,45.4,32.3,37.1,33.7,32.8,0.0
2024-02-04 17:00:00,11.9,46.4,30.7,36.5,32.3,29.3,0.0
2024-02-04 18:00:00,9.9,47.6,69.6,41.9,47.6,39.4,200.0
2024-02-04 19:00:00,9.3,48.0,74.4,40.7,46.8,42.4,180.0
2024-02-04 20:00:00,8.4,48.5,80.5,41.5,48.3,42.3,160.0
2024-02-04 21:00:00,7.8,49.1,80.2,41.9,48.5,42.8,160.0
2024-02-04 22:00:00,7.0,49.5,77.1,41.9,43.4,42.6,140.0
2024-02-04 23:00:00,6.8,49.7,36.7,40.2,39.0,35.8,0.0
2024-02-05 00:00:00,5.9,50.1,34.1,40.0,35.9,34.4,0.0
2024-02-05 01:00:00,6.1,50.2,33.0,40.4,33.9,30.1,0.0
2024-02-05 02:00:00,5.6,50.6,32.8,39.9,33.8,29.0,0.0
2024-02-05 03:00:00,5.4,50.6,32.3,39.0,33.5,28.4,0.0
2024-02-05 04:00:00,4.7,51.0,31.6,37.9,32.9,27.9,0.0
2024-02-05 05:00:00,4.5,46.5,25.1,36.7,27.6,27.2,0.0
2024-02-05 06:00:00,4.4,46.5,70.7,35.9,41.9,32.6,100.0
2024-02-05 07:00:00,4.2,46.8,81.0,41.3,47.5,42.5,220.0
2024-02-05 08:00:00,5.3,45.7,84.1,38.4,45.2,40.3,130.0
2024-02-05 09:00:00,6.5,44.9,82.9,38.2,44.9,40.0,130.0
2024-02-05 10:00:00,8.1,43.8,78.1,37.7,44.1,39.7,120.0
2024-02-05 11:00:00,9.3,43.0,78.1,37.3,43.8,39.4,120.0
2024-02-05 12:00:00,11.8,42.9,73.8,36.1,39.4,38.8,100.0
2024-02-05 13:00:00,14.5,42.0,32.8,34.9,36.1,33.6,0.0
2024-02-05 14:00:00,15.5,42.0,31.3,34.0,33.8,32.7,0.0
2024-02-05 15:00:00,16.4,42.0,30.1,34.5,32.1,30.0,0.0
2024-02-05 16:00:00,16.9,42.0,30.0,34.3,31.9,28.6,0.0
2024-02-05 17:00:00,16.2,43.0,69.9,33.2,38.7,29.8,60.0
2024-02-05 18:00:00,13.8,44.0,72.6,38.1,44.0,40.1,190.0
2024-02-05 19:00:00,11.8,44.0,74.8,37.3,43.6,38.9,120.0
2024-02-05 20:00:00,10.7,44.4,77.3,38.3,44.8,40.0,130.0
2024-02-05 21:00:00,9.5,46.6,76.7,40.4,46.9,40.8,140.0
2024-02-05 22:00:00,8.7,46.5,77.3,40.6,47.1,41.7,160.0
2024-02-05 23:00:00,8.5,46.4,35.7,39.2,38.9,35.5,0.0
2024-02-06 00:00:00,7.1,46.3,33.4,37.8,35.7,34.0,0.0
2024-02-06 01:00:00,6.8,46.2,31.5,37.6,32.7,30.2,0.0
2024-02-06 02:00:00,5.9,46.1,31.6,37.3,33.1,29.0,0.0
2024-02-06 03:00:00,5.7,46.0,31.0,36.8,32.7,28.1,0.0
2024-02-06 04:00:00,5.7,46.1,30.4,36.4,31.7,27.5,0.0
2024-02-06 05:00:00,5.5,46.0,29.9,28.4,34.3,27.2,0.0
2024-02-06 06:00:00,4.5,48.2,65.2,28.8,34.6,26.5,0.0
2024-02-06 07:00:00,4.2,48.5,70.8,42.7,48.3,40.6,260.0
2024-02-06 08:00:00,4.7,48.0,85.0,41.6,48.3,42.9,190.0
2024-02-06 09:00:00,6.7,47.7,83.1,40.3,47.1,41.6,150.0
2024-02-06 10:00:00,8.9,47.4,78.6,40.2,46.6,41.4,150.0
2024-02-06 11:00:00,11.6,47.0,74.8,40.0,46.3,41.4,140.0
2024-02-06 12:00:00,14.1,44.0,41.6,38.3,36.1,36.2,50.0
2024-02-06 13:00:00,16.0,44.0,34.0,37.3,36.5,34.2,0.0
2024-02-06 14:00:00,17.2,44.0,31.8,36.4,31.6,31.5,0.0
2024-02-06 15:00:00,17.4,44.0,30.1,35.9,31.5,29.5,0.0
2024-02-06 16:00:00,17.2,44.0,30.5,35.4,33.1,28.7,0.0
2024-02-06 17:00:00,15.9,45.0,65.4,29.3,34.8,27.8,0.0
2024-02-06 18:00:00,12.9,45.0,73.5,41.5,47.3,38.3,190.0
2024-02-06 19:00:00,12.2,45.0,74.3,38.3,44.4,40.5,150.0
2024-02-06 20:00:00,11.1,45.2,74.3,38.5,44.8,40.0,130.0
2024-02-06 21:00:00,10.5,45.4,75.7,39.2,45.5,40.5,130.0
2024-02-06 22:00:00,10.0,45.5,75.6,39.2,41.9,40.6,130.0
2024-02-06 23:00:00,8.9,45.8,34.8,37.5,37.6,34.3,0.0
2024-02-07 00:00:00,8.0,46.1,32.6,36.4,34.5,33.1,0.0
2024-02-07 01:00:00,7.7,46.2,31.3,37.3,33.1,29.8,0.0
2024-02-07 02:00:00,7.3,46.3,31.4,37.4,32.8,28.2,0.0
2024-02-07 03:00:00,6.7,46.4,31.1,37.0,32.4,27.8,0.0
2024-02-07 04:00:00,6.5,46.5,30.3,36.4,31.8,27.2,0.0
2024-02-07 05:00:00,6.0,46.6,30.1,28.9,34.5,26.8,0.0
2024-02-07 06:00:00,5.7,49.4,69.9,36.8,42.4,33.6,120.0
2024-02-07 07:00:00,5.6,49.7,77.6,46.9,52.5,43.2,250.0
2024-02-07 08:00:00,6.2,48.0,86.7,40.4,47.3,41.9,140.0
2024-02-07 09:00:00,7.2,47.3,84.1,40.0,46.7,41.4,150.0
2024-02-07 10:00:00,8.9,44.3,78.5,39.4,45.7,41.0,140.0
2024-02-07 11:00:00,11.6,43.1,75.3,36.8,43.0,39.4,110.0
2024-02-07 12:00:00,13.4,43.0,41.4,35.3,34.9,34.7,40.0
2024-02-07 13:00:00,15.0,43.0,32.1,34.3,34.9,33.0,0.0
2024-02-07 14:00:00,16.2,43.0,30.4,34.0,32.2,30.7,0.0
2024-02-07 15:00:00,16.4,43.0,30.0,34.8,31.7,28.5,0.0
2024-02-07 16:00:00,16.6,43.0,30.3,34.5,32.1,28.2,0.0
2024-02-07 17:00:00,14.7,43.0,30.7,34.3,33.4,28.1,0.0
2024-02-07 18:00:00,14.0,43.0,55.9,30.7,35.7,29.5,50.0
2024-02-07 19:00:00,12.8,43.0,72.2,38.2,44.0,40.3,200.0
2024-02-07 20:00:00,12.0,43.0,69.9,35.9,42.1,37.9,90.0
2024-02-07 21:00:00,11.4,43.3,68.5,37.6,43.3,39.4,140.0
2024-02-07 22:00:00,10.7,43.5,66.9,37.3,38.7,38.3,90.0
2024-02-07 23:00:00,10.0,43.8,33.4,35.8,36.2,33.7,0.0
2024-02-08 00:00:00,9.9,43.9,31.3,35.1,33.5,32.4,0.0
2024-02-08 01:00:00,9.1,44.2,30.3,36.0,32.0,28.9,0.0
2024-02-08 02:00:00,8.8,44.3,30.3,35.5,32.0,27.9,0.0
2024-02-08 03:00:00,8.1,44.6,30.1,35.1,31.9,27.6,0.0
2024-02-08 04:00:00,7.6,44.9,29.5,34.7,31.4,27.2,0.0
2024-02-08 05:00:00,7.2,44.9,29.1,34.2,30.9,26.7,0.0
2024-02-08 06:00:00,6.8,45.2,64.8,31.8,37.0,28.6,50.0
2024-02-08 07:00:00,6.4,45.3,76.8,41.7,47.9,41.6,240.0
2024-02-08 08:00:00,7.1,45.6,82.4,37.8,44.5,39.7,120.0
2024-02-08 09:00:00,8.8,44.8,78.8,38.3,44.8,40.0,130.0
2024-02-08 10:00:00,10.7,43.6,77.2,37.9,44.4,39.9,130.0
2024-02-08 11:00:00,13.2,43.0,35.2,36.6,35.4,34.3,0.0
2024-02-08 12:00:00,15.0,43.0,32.5,35.5,34.8,33.0,0.0
2024-02-08 13:00:00,16.7,43.0,30.6,35.6,32.0,30.0,0.0
2024-02-08 14:00:00,17.1,43.0,30.6,35.7,32.0,28.5,0.0
2024-02-08 15:00:00,17.4,43.0,30.5,35.3,32.0,28.8,0.0
2024-02-08 16:00:00,17.3,43.0,30.1,34.8,31.7,27.8,0.0
2024-02-08 17:00:00,16.6,44.0,46.8,37.6,34.1,27.5,0.0
2024-02-08 18:00:00,15.7,44.0,71.6,40.5,46.5,40.3,240.0
2024-02-08 19:00:00,14.2,44.0,71.7,37.1,43.3,39.1,100.0
2024-02-08 20:00:00,13.1,44.0,72.3,37.7,43.6,39.3,130.0
2024-02-08 21:00:00,11.5,46.2,76.7,41.6,47.9,41.4,150.0
2024-02-08 22:00:00,10.7,46.3,70.8,39.8,45.7,41.5,140.0
2024-02-08 23:00:00,10.1,46.4,35.3,38.3,38.0,34.9,0.0
2024-02-09 00:00:00,9.6,46.4,33.2,37.1,35.1,33.5,0.0
2024-02-09 01:00:00,9.5,46.4,31.4,37.1,33.0,29.8,0.0
2024-02-09 02:00:00,9.0,46.5,30.7,36.7,32.1,28.4,0.0
2024-02-09 03:00:00,8.5,46.6,30.3,36.2,31.7,27.8,0.0
2024-02-09 04:00:00,8.7,46.5,29.8,35.6,31.5,27.3,0.0
2024-02-09 05:00:00,8.0,46.6,29.5,32.0,33.8,27.0,0.0
2024-02-09 06:00:00,7.5,47.1,72.5,36.4,42.3,32.8,100.0
2024-02-09 07:00:00,7.4,47.2,82.7,41.1,47.4,42.4,230.0
2024-02-09 08:00:00,8.5,46.9,82.5,39.8,46.5,41.0,130.0
2024-02-09 09:00:00,10.6,46.4,77.7,39.3,45.7,40.9,140.0
2024-02-09 10:00:00,14.2,46.2,75.9,39.3,45.8,40.7,140.0
2024-02-09 11:00:00,15.6,46.2,71.3,39.5,45.6,40.7,130.0
2024-02-09 12:00:00,16.9,46.2,69.8,39.3,41.5,40.7,130.0
2024-02-09 13:00:00,17.8,46.2,35.0,37.9,37.5,34.4,0.0
2024-02-09 14:00:00,18.2,46.2,33.0,36.8,34.7,33.0,0.0
2024-02-09 15:00:00,18.2,46.2,30.7,36.3,32.2,29.7,0.0
2024-02-09 16:00:00,17.8,46.2,30.8,36.0,32.2,29.4,0.0
2024-02-09 17:00:00,16.6,45.0,72.0,42.5,48.2,39.4,200.0
2024-02-09 18:00:00,15.5,45.0,71.1,38.3,44.3,40.2,130.0
2024-02-09 19:00:00,15.3,45.0,70.9,38.4,44.5,39.9,120.0
2024-02-09 20:00:00,15.2,45.0,68.6,38.4,44.4,40.0,120.0
2024-02-09 21:00:00,14.7,45.0,71.9,39.6,45.7,40.3,130.0
2024-02-09 22:00:00,14.7,45.0,67.3,38.5,40.8,40.2,110.0
2024-02-09 23:00:00,14.6,45.0,34.3,37.0,36.9,34.4,0.0
2024-02-10 00:00:00,14.2,45.0,32.4,36.1,34.4,33.3,0.0
2024-02-10 01:00:00,13.3,45.0,30.8,36.0,32.2,30.3,0.0
2024-02-10 02:00:00,12.7,45.0,31.0,36.1,32.6,29.0,0.0
2024-02-10 03:00:00,12.7,45.0,30.7,35.8,32.6,28.4,0.0
2024-02-10 04:00:00,12.9,45.0,30.2,35.4,32.0,27.9,0.0
2024-02-10 05:00:00,12.4,45.0,30.1,29.7,34.0,27.7,0.0
2024-02-10 06:00:00,12.7,45.0,79.8,42.7,48.9,38.1,180.0
2024-02-10 07:00:00,13.1,45.0,78.8,37.7,44.1,40.0,140.0
2024-02-10 08:00:00,14.9,45.0,71.5,38.2,44.2,39.9,120.0
2024-02-10 09:00:00,15.9,45.0,70.6,38.4,44.5,39.8,120.0
2024-02-10 10:00:00,16.4,45.0,71.2,38.8,44.9,40.3,130.0
2024-02-10 11:00:00,17.6,45.0,55.8,38.4,39.2,39.0,90.0
2024-02-10 12:00:00,17.8,45.0,34.3,37.0,36.8,34.3,0.0
2024-02-10 13:00:00,18.2,45.0,32.3,36.0,34.4,33.2,0.0
2024-02-10 14:00:00,17.8,45.0,31.1,36.8,32.7,29.7,0.0
2024-02-10 15:00:00,17.8,45.0,30.8,36.3,32.3,28.7,0.0
2024-02-10 16:00:00,17.2,45.0,30.8,35.9,32.6,28.4,0.0
2024-02-10 17:00:00,16.5,45.0,30.4,35.3,32.2,28.0,0.0
2024-02-10 18:00:00,16.7,45.0,71.9,37.7,43.3,33.7,110.0
2024-02-10 19:00:00,17.0,45.0,69.3,39.2,44.9,41.1,180.0
2024-02-10 20:00:00,15.8,45.0,70.1,39.0,45.0,39.7,120.0
2024-02-10 21:00:00,16.3,45.0,68.2,39.5,42.3,40.7,130.0
2024-02-10 22:00:00,16.1,45.0,56.5,40.8,39.3,38.9,80.0
2024-02-10 23:00:00,15.8,45.0,35.0,39.4,36.5,34.5,0.0
2024-02-11 00:00:00,15.5,45.0,33.1,37.8,33.5,33.4,0.0
2024-02-11 01:00:00,16.9,45.0,30.3,36.6,30.3,29.6,0.0
2024-02-11 02:00:00,16.7,45.0,30.0,35.6,30.6,28.9,0.0
2024-02-11 03:00:00,16.5,45.0,29.3,34.4,30.2,28.3,0.0
2024-02-11 04:00:00,16.4,45.0,27.8,33.2,28.7,27.8,0.0
2024-02-11 05:00:00,17.1,45.0,26.6,31.4,27.3,27.5,0.0
2024-02-11 06:00:00,17.3,45.0,54.4,30.0,35.1,29.0,50.0
2024-02-11 07:00:00,17.4,45.0,70.9,40.7,46.5,41.7,220.0
2024-02-11 08:00:00,17.7,45.0,64.0,37.3,41.6,37.2,60.0
2024-02-11 09:00:00,18.4,45.0,59.0,38.6,39.8,38.6,110.0
2024-02-11 10:00:00,19.7,45.0,35.2,39.4,37.5,33.8,0.0
2024-02-11 11:00:00,20.5,45.0,33.1,38.2,34.4,32.7,0.0
2024-02-11 12:00:00,20.4,45.0,31.1,36.9,31.4,29.8,0.0
2024-02-11 13:00:00,20.4,45.0,30.1,35.4,30.7,28.6,0.0
2024-02-11 14:00:00,19.8,45.0,28.9,33.6,30.3,28.1,0.0
2024-02-11 15:00:00,19.4,45.0,28.0,31.9,29.2,27.5,0.0
2024-02-11 16:00:00,18.4,43.2,27.0,28.7,29.5,27.0,0.0
2024-02-11 17:00:00,17.5,43.2,71.9,41.0,46.7,39.2,200.0
2024-02-11 18:00:00,16.9,43.2,65.7,36.1,41.7,38.5,90.0
2024-02-11 19:00:00,16.3,43.2,70.4,37.8,43.8,38.8,120.0
2024-02-11 20:00:00,16.2,43.2,65.3,36.9,42.7,39.0,100.0
2024-02-11 21:00:00,15.9,43.2,64.5,37.4,43.0,39.4,110.0
2024-02-11 22:00:00,14.7,43.2,70.8,37.4,40.7,39.2,110.0
2024-02-11 23:00:00,13.8,43.2,33.6,35.8,36.8,34.2,0.0
2024-02-12 00:00:00,14.5,43.2,32.0,34.8,34.5,33.1,0.0
2024-02-12 01:00:00,14.1,43.2,30.6,35.0,32.8,30.7,0.0
2024-02-12 02:00:00,13.4,43.2,30.4,35.2,31.8,28.8,0.0
2024-02-12 03:00:00,13.1,43.2,30.0,34.8,32.0,28.7,0.0
2024-02-12 04:00:00,12.7,43.2,29.6,34.3,31.4,27.8,0.0
2024-02-12 05:00:00,12.4,43.2,30.9,34.0,34.9,27.4,0.0
2024-02-12 06:00:00,11.9,43.2,74.7,33.1,38.9,29.0,50.0
2024-02-12 07:00:00,12.2,45.2,77.7,40.3,46.3,42.0,220.0
2024-02-12 08:00:00,12.8,45.2,76.0,38.0,44.4,39.8,110.0
2024-02-12 09:00:00,13.9,45.2,73.5,39.5,45.7,41.0,140.0
2024-02-12 10:00:00,15.2,45.2,71.9,39.0,45.0,40.5,120.0
2024-02-12 11:00:00,15.5,45.2,71.9,38.8,44.8,40.3,120.0
2024-02-12 12:00:00,16.0,45.2,72.2,39.1,45.1,40.3,120.0
2024-02-12 13:00:00,16.5,44.0,71.6,38.6,44.6,40.5,130.0
2024-02-12 14:00:00,16.9,43.0,64.3,36.6,38.1,37.7,70.0
2024-02-12 15:00:00,16.5,43.0,47.8,35.8,36.1,35.6,40.0
2024-02-12 16:00:00,16.1,43.0,71.7,38.7,44.3,40.9,170.0
2024-02-12 17:00:00,15.0,43.0,70.4,35.9,41.9,38.5,80.0
2024-02-12 18:00:00,13.5,46.0,75.4,37.1,43.6,39.1,110.0
2024-02-12 19:00:00,13.5,46.0,74.5,40.3,46.6,41.7,150.0
2024-02-12 20:00:00,13.6,46.0,64.6,39.7,45.2,41.4,130.0
2024-02-12 21:00:00,13.4,46.0,74.6,39.6,46.0,41.2,120.0
2024-02-12 22:00:00,12.6,46.0,75.0,39.8,42.2,41.4,130.0
2024-02-12 23:00:00,12.5,46.0,35.3,38.1,38.1,35.6,0.0
2024-02-13 00:00:00,12.5,46.0,33.2,37.1,35.1,34.1,0.0
2024-02-13 01:00:00,12.2,46.0,31.5,36.9,33.4,30.5,0.0
2024-02-13 02:00:00,11.9,46.1,31.4,37.3,32.8,29.2,0.0
2024-02-13 03:00:00,11.5,46.1,31.2,36.9,32.5,28.7,0.0
2024-02-13 04:00:00,11.4,46.2,30.8,36.5,32.2,28.0,0.0
2024-02-13 05:00:00,11.5,46.2,28.6,30.0,32.5,27.8,0.0
2024-02-13 06:00:00,11.4,46.8,72.2,37.5,43.2,33.9,100.0
2024-02-13 07:00:00,11.2,47.0,81.3,41.4,47.6,43.2,210.0
2024-02-13 08:00:00,11.4,46.8,80.7,39.8,46.5,41.2,120.0
2024-02-13 09:00:00,12.3,46.5,80.3,40.2,46.7,41.7,140.0
2024-02-13 10:00:00,12.5,46.5,79.4,40.2,46.8,41.7,140.0
2024-02-13 11:00:00,12.8,44.0,76.1,38.9,45.1,41.2,130.0
2024-02-13 12:00:00,13.2,44.0,74.0,37.0,43.2,39.4,90.0
2024-02-13 13:00:00,13.1,44.0,72.4,37.2,43.3,39.3,110.0
2024-02-13 14:00:00,13.5,44.0,74.2,37.3,43.5,39.3,110.0
2024-02-13 15:00:00,12.5,44.0,74.3,37.4,43.6,39.3,110.0
2024-02-13 16:00:00,12.0,44.0,76.5,37.7,44.0,39.6,110.0
2024-02-13 17:00:00,11.9,44.0,76.9,38.0,44.3,39.8,120.0
2024-02-13 18:00:00,11.2,44.2,77.4,38.0,44.4,40.0,110.0
2024-02-13 19:00:00,11.1,44.2,77.8,38.1,44.5,40.0,120.0
2024-02-13 20:00:00,10.8,44.3,71.7,37.9,43.9,39.9,110.0
2024-02-13 21:00:00,10.6,44.4,73.1,37.9,44.0,39.5,110.0
2024-02-13 22:00:00,10.9,44.3,68.5,37.6,39.3,38.9,80.0
2024-02-13 23:00:00,10.6,44.4,33.9,36.4,37.1,34.2,0.0
2024-02-14 00:00:00,10.6,44.4,31.9,35.2,34.3,32.9,0.0
2024-02-14 01:00:00,10.4,44.4,30.8,35.5,32.6,30.7,0.0
2024-02-14 02:00:00,10.4,44.4,30.6,35.8,32.4,28.6,0.0
2024-02-14 03:00:00,9.8,44.6,30.3,35.3,31.9,27.9,0.0
2024-02-14 04:00:00,9.7,44.6,29.9,35.0,31.8,27.3,0.0
2024-02-14 05:00:00,9.4,44.7,29.5,34.6,31.1,27.2,0.0
2024-02-14 06:00:00,9.5,44.6,66.3,33.0,38.1,30.0,60.0
2024-02-14 07:00:00,9.2,44.7,80.2,40.5,46.7,41.6,220.0
2024-02-14 08:00:00,9.1,44.8,79.6,37.4,44.0,39.2,100.0
2024-02-14 09:00:00,9.4,44.7,78.6,37.9,44.3,39.6,120.0
2024-02-14 10:00:00,9.7,44.6,78.2,37.8,44.3,39.6,120.0
2024-02-14 11:00:00,10.2,44.4,77.8,37.7,44.1,39.5,120.0
2024-02-14 12:00:00,10.6,44.3,77.0,37.5,43.9,39.4,120.0
2024-02-14 13:00:00,11.3,44.1,76.2,37.6,43.8,39.5,120.0
2024-02-14 14:00:00,11.5,44.1,74.0,37.4,43.5,39.4,110.0
2024-02-14 15:00:00,11.6,44.0,76.1,37.3,43.6,39.4,110.0
2024-02-14 16:00:00,10.9,44.2,75.4,37.3,43.6,39.4,110.0
2024-02-14 17:00:00,10.6,44.4,74.2,37.6,43.9,39.4,120.0
2024-02-14 18:00:00,9.9,44.5,78.2,38.5,45.0,40.2,130.0
2024-02-14 19:00:00,9.2,44.7,79.4,38.8,45.3,40.4,120.0
2024-02-14 20:00:00,8.8,44.9,70.8,38.6,44.4,40.7,130.0
2024-02-14 21:00:00,7.8,45.1,77.7,38.5,45.1,40.0,110.0
2024-02-14 22:00:00,6.8,46.1,76.0,40.0,42.7,41.5,150.0
2024-02-14 23:00:00,6.6,46.1,35.6,38.5,38.5,35.3,0.0
2024-02-15 00:00:00,6.6,46.1,33.2,37.4,35.5,34.1,0.0
2024-02-15 01:00:00,5.2,46.0,32.0,37.8,33.6,30.7,0.0
2024-02-15 02:00:00,4.8,46.2,31.5,37.5,32.9,28.7,0.0
2024-02-15 03:00:00,4.3,46.7,31.3,37.1,33.0,28.1,0.0
2024-02-15 04:00:00,3.8,47.0,30.9,36.7,32.6,27.8,0.0
2024-02-15 05:00:00,3.3,47.4,30.3,36.1,31.9,27.5,0.0
2024-02-15 06:00:00,3.2,49.4,78.3,34.7,40.5,30.0,70.0
2024-02-15 07:00:00,2.6,49.6,85.9,43.2,49.7,44.0,270.0
2024-02-15 08:00:00,3.4,49.0,82.9,42.5,49.2,42.3,160.0
2024-02-15 09:00:00,4.4,48.2,82.8,42.0,48.5,42.9,170.0
2024-02-15 10:00:00,5.8,47.8,78.3,41.0,47.7,42.2,140.0
2024-02-15 11:00:00,7.6,47.7,79.6,41.4,48.1,41.7,160.0
2024-02-15 12:00:00,9.4,47.2,76.3,41.2,47.6,41.6,150.0
2024-02-15 13:00:00,10.7,46.9,73.2,40.9,47.1,41.6,150.0
2024-02-15 14:00:00,11.0,46.8,74.5,41.2,47.5,41.7,150.0
2024-02-15 15:00:00,11.6,46.6,65.0,40.5,46.1,41.7,140.0
2024-02-15 16:00:00,11.7,46.5,64.0,40.1,45.6,41.2,130.0
2024-02-15 17:00:00,11.1,46.7,72.7,41.3,47.5,41.8,150.0
2024-02-15 18:00:00,10.2,46.9,68.4,40.4,46.2,41.9,140.0
2024-02-15 19:00:00,8.8,47.3,71.0,40.9,46.8,41.8,150.0
2024-02-15 20:00:00,7.1,47.9,80.0,41.7,48.2,42.5,160.0
2024-02-15 21:00:00,6.6,48.0,80.9,41.5,48.0,42.6,160.0
2024-02-15 22:00:00,5.9,48.1,81.8,41.4,48.1,42.2,140.0
2024-02-15 23:00:00,5.4,48.3,32.4,39.8,35.0,35.1,0.0
2024-02-16 00:00:00,4.9,48.6,33.4,38.5,31.4,31.1,0.0
2024-02-16 01:00:00,4.2,49.0,31.7,39.1,29.3,29.2,0.0
2024-02-16 02:00:00,3.8,49.2,30.0,38.6,34.1,28.2,0.0
2024-02-16 03:00:00,3.4,49.6,32.7,38.1,36.3,27.6,0.0
2024-02-16 04:00:00,2.9,49.8,30.9,37.4,34.7,26.9,0.0
2024-02-16 05:00:00,2.5,50.1,32.5,36.8,36.0,26.9,0.0
2024-02-16 06:00:00,2.1,50.3,84.8,35.3,41.7,29.6,70.0
2024-02-16 07:00:00,1.8,50.4,87.2,44.2,51.0,44.9,290.0
2024-02-16 08:00:00,2.9,49.8,85.9,42.7,49.8,42.7,160.0
2024-02-16 09:00:00,4.0,49.0,75.3,42.6,48.6,43.3,180.0
2024-02-16 10:00:00,5.4,48.3,78.1,41.8,48.3,42.5,150.0
2024-02-16 11:00:00,7.4,47.8,77.5,41.3,47.8,42.1,160.0
2024-02-16 12:00:00,8.7,45.4,75.1,39.8,46.0,41.1,140.0
2024-02-16 13:00:00,10.0,44.1,36.5,38.2,35.5,35.0,0.0
2024-02-16 14:00:00,11.0,43.4,33.8,37.3,36.0,33.9,0.0
2024-02-16 15:00:00,11.8,42.5,31.4,36.4,32.7,31.3,0.0
2024-02-16 16:00:00,11.9,42.5,30.6,36.5,32.1,29.0,0.0
2024-02-16 17:00:00,11.7,42.6,30.5,36.1,32.0,28.3,0.0
2024-02-16 18:00:00,10.0,46.5,79.6,43.8,49.9,39.2,210.0
2024-02-16 19:00:00,8.2,47.6,75.8,40.0,46.6,41.4,150.0
2024-02-16 20:00:00,7.4,48.4,76.1,42.1,48.4,42.5,170.0
2024-02-16 21:00:00,6.6,48.7,82.9,42.2,48.9,42.8,160.0
2024-02-16 22:00:00,6.2,49.1,54.6,41.2,39.2,39.1,90.0
2024-02-16 23:00:00,5.7,49.5,35.8,39.7,37.9,34.9,0.0
2024-02-17 00:00:00,5.0,49.8,32.9,38.7,34.6,32.7,0.0
2024-02-17 01:00:00,4.5,50.2,32.4,39.7,33.5,29.4,0.0
2024-02-17 02:00:00,4.1,50.4,32.0,39.2,33.3,28.3,0.0
2024-02-17 03:00:00,3.6,50.7,31.4,38.6,32.7,27.8,0.0
2024-02-17 04:00:00,3.4,50.8,30.8,37.9,31.7,27.5,0.0
2024-02-17 05:00:00,3.2,50.9,30.1,37.0,31.3,26.9,0.0
2024-02-17 06:00:00,2.9,51.1,85.2,33.2,39.2,27.2,40.0
2024-02-17 07:00:00,2.6,48.2,86.4,42.0,48.5,43.4,290.0
2024-02-17 08:00:00,3.6,47.7,76.6,40.5,46.8,41.1,140.0
2024-02-17 09:00:00,5.0,47.0,81.9,40.6,47.2,41.9,160.0
2024-02-17 10:00:00,6.6,45.3,80.5,39.4,46.2,40.5,140.0
2024-02-17 11:00:00,8.8,43.3,73.0,37.7,43.9,39.6,130.0
2024-02-17 12:00:00,10.0,41.9,72.2,36.3,42.4,38.3,100.0
2024-02-17 13:00:00,11.8,40.1,35.8,35.1,33.6,33.5,0.0
2024-02-17 14:00:00,13.0,40.0,31.7,34.2,34.3,32.4,0.0
2024-02-17 15:00:00,13.7,40.0,30.0,34.1,31.8,30.6,0.0
2024-02-17 16:00:00,14.0,40.0,30.0,35.6,31.4,28.2,0.0
2024-02-17 17:00:00,14.3,40.0,48.1,39.4,35.4,28.2,0.0
2024-02-17 18:00:00,11.6,46.0,73.8,35.7,41.6,38.2,200.0
2024-02-17 19:00:00,9.7,46.3,71.8,41.1,47.2,41.0,160.0
2024-02-17 20:00:00,8.8,46.4,69.6,40.1,45.7,41.6,150.0
2024-02-17 21:00:00,8.6,47.2,79.2,41.5,48.1,41.6,150.0
2024-02-17 22:00:00,7.7,47.5,78.8,41.2,47.8,42.0,150.0
2024-02-17 23:00:00,6.6,47.8,36.3,39.4,38.9,35.3,0.0
2024-02-18 00:00:00,6.92,47.69,38.93,39.44,39.44,35.72,84.62
2024-02-18 01:00:00,7.23,47.58,41.56,39.48,39.98,36.15,84.62
2024-02-18 02:00:00,7.55,47.48,44.19,39.52,40.52,36.57,84.62
2024-02-18 03:00:00,7.86,47.37,46.82,39.55,41.05,36.99,84.62
2024-02-18 04:00:00,8.18,47.26,49.45,39.59,41.59,37.42,84.62
2024-02-18 05:00:00,8.49,47.15,52.08,39.63,42.13,37.84,84.62
2024-02-18 06:00:00,8.81,47.05,54.72,39.67,42.67,38.26,84.62
2024-02-18 07:00:00,9.12,46.94,57.35,39.71,43.21,38.68,84.62
2024-02-18 08:00:00,9.44,46.83,59.98,39.75,43.75,39.11,84.62
2024-02-18 09:00:00,9.75,46.72,62.61,39.78,44.28,39.53,84.62
2024-02-18 10:00:00,10.07,46.62,65.24,39.82,44.82,39.95,84.62
2024-02-18 11:00:00,10.38,46.51,67.87,39.86,45.36,40.38,84.62
2024-02-18 12:00:00,10.7,46.4,70.5,39.9,45.9,40.8,84.62
2024-02-18 13:00:00,12.7,46.0,72.7,39.8,46.1,40.8,140.0
2024-02-18 14:00:00,13.4,46.0,71.5,40.5,46.5,40.9,140.0
2024-02-18 15:00:00,13.4,46.0,71.5,40.1,46.3,41.0,140.0
2024-02-18 16:00:00,13.2,46.0,65.2,39.6,45.5,40.6,140.0
2024-02-18 17:00:00,12.3,46.0,70.0,40.3,46.2,41.3,150.0
2024-02-18 18:00:00,11.3,46.2,80.3,40.2,46.8,41.7,150.0
2024-02-18 19:00:00,10.4,46.5,81.1,39.9,46.5,41.4,140.0
2024-02-18 20:00:00,10.0,46.6,82.4,40.0,46.6,41.5,140.0
2024-02-18 21:00:00,9.4,46.8,82.1,40.1,46.7,41.7,140.0
2024-02-18 22:00:00,8.9,47.1,83.4,40.3,46.9,41.7,150.0
2024-02-18 23:00:00,8.4,47.3,35.9,38.7,38.6,35.6,0.0
2024-02-19 00:00:00,7.7,47.5,33.5,37.5,35.3,34.2,0.0
2024-02-19 01:00:00,6.8,47.8,32.3,37.9,33.7,30.8,0.0
2024-02-19 02:00:00,6.3,48.0,31.9,37.6,33.3,29.0,0.0
2024-02-19 03:00:00,5.7,48.2,31.8,37.1,33.3,28.4,0.0
2024-02-19 04:00:00,6.8,47.8,31.0,36.0,32.5,28.0,0.0
2024-02-19 05:00:00,6.6,47.9,28.7,31.0,32.6,27.6,0.0
2024-02-19 06:00:00,6.8,48.9,69.1,37.0,42.8,34.2,120.0
2024-02-19 07:00:00,7.3,48.8,78.7,44.8,50.9,43.9,240.0
2024-02-19 08:00:00,8.0,48.5,84.1,41.5,48.1,42.7,150.0
2024-02-19 09:00:00,9.3,47.8,83.0,40.6,47.2,41.9,150.0
2024-02-19 10:00:00,9.8,47.4,79.1,40.3,46.9,41.5,150.0
2024-02-19 11:00:00,10.9,46.7,77.6,39.9,46.2,41.3,140.0
2024-02-19 12:00:00,11.8,45.2,74.9,37.5,43.8,39.6,110.0
2024-02-19 13:00:00,12.4,45.0,34.2,36.2,34.9,34.3,0.0
2024-02-19 14:00:00,13.0,44.0,72.5,40.6,46.5,41.3,190.0
2024-02-19 15:00:00,13.4,44.0,71.5,37.0,43.0,39.3,100.0
2024-02-19 16:00:00,13.0,44.0,71.0,37.6,43.5,39.4,110.0
2024-02-19 17:00:00,11.4,44.4,71.1,37.6,43.7,39.4,120.0
2024-02-19 18:00:00,10.2,45.8,77.7,39.8,46.3,40.7,140.0
2024-02-19 19:00:00,10.0,46.2,77.2,39.9,46.2,41.4,140.0
2024-02-19 20:00:00,9.2,44.8,71.1,37.9,43.8,40.2,120.0
2024-02-19 21:00:00,8.3,45.0,76.1,38.6,44.8,40.3,120.0
2024-02-19 22:00:00,7.7,45.2,76.3,38.8,41.2,40.5,120.0
2024-02-19 23:00:00,6.8,45.5,34.7,37.5,37.6,34.7,0.0
2024-02-20 00:00:00,6.3,45.6,32.5,36.2,34.7,33.4,0.0
2024-02-20 01:00:00,6.0,45.7,31.8,36.5,33.5,31.0,0.0
2024-02-20 02:00:00,5.5,45.8,31.0,36.7,32.4,28.9,0.0
2024-02-20 03:00:00,4.7,46.1,30.8,36.3,32.9,28.1,0.0
2024-02-20 04:00:00,4.2,46.7,30.2,35.8,32.0,27.5,0.0
2024-02-20 05:00:00,3.9,46.9,29.6,35.0,31.4,27.0,0.0
2024-02-20 06:00:00,3.6,47.1,63.5,31.5,36.4,28.3,40.0
2024-02-20 07:00:00,3.6,47.1,79.1,45.3,51.1,41.2,250.0
2024-02-20 08:00:00,4.9,46.0,88.5,39.9,46.7,41.4,150.0
2024-02-20 09:00:00,7.0,44.8,84.1,38.4,45.1,40.3,130.0
2024-02-20 10:00:00,8.3,44.0,79.2,37.5,43.9,39.6,120.0
2024-02-20 11:00:00,8.8,44.8,78.9,37.1,43.5,39.0,120.0
2024-02-20 12:00:00,10.7,43.8,77.7,38.1,44.5,39.7,130.0
2024-02-20 13:00:00,11.1,44.3,74.3,37.3,43.6,39.2,120.0
2024-02-20 14:00:00,10.7,44.6,77.5,38.1,44.6,39.6,130.0
2024-02-20 15:00:00,10.5,44.6,77.7,38.8,45.2,40.3,130.0
2024-02-20 16:00:00,10.6,44.6,78.3,38.8,45.1,40.5,130.0
2024-02-20 17:00:00,10.3,46.2,77.7,38.7,45.1,40.5,130.0
2024-02-20 18:00:00,10.0,46.3,79.4,39.9,46.4,41.2,150.0
2024-02-20 19:00:00,9.8,46.3,79.4,40.2,46.6,41.5,140.0
2024-02-20 20:00:00,9.7,46.3,82.9,40.2,47.0,41.7,140.0
2024-02-20 21:00:00,9.8,46.3,78.7,40.4,47.1,40.9,130.0
2024-02-20 22:00:00,9.6,46.3,71.7,40.3,44.2,41.6,140.0
2024-02-20 23:00:00,8.9,46.4,35.7,38.7,38.3,35.4,0.0
2024-02-21 00:00:00,8.9,46.4,33.3,37.5,35.2,34.0,0.0
2024-02-21 01:00:00,9.0,46.4,31.3,37.3,32.6,30.4,0.0
2024-02-21 02:00:00,8.9,46.4,31.1,37.1,32.3,29.0,0.0
2024-02-21 03:00:00,9.1,46.4,30.8,36.6,32.3,28.1,0.0
2024-02-21 04:00:00,8.8,46.4,30.4,36.1,32.3,27.5,0.0
2024-02-21 05:00:00,8.7,46.4,33.9,35.8,37.8,27.3,0.0
2024-02-21 06:00:00,9.0,46.4,75.4,38.4,44.4,33.6,120.0
2024-02-21 07:00:00,8.9,46.4,80.0,39.9,46.1,41.9,210.0
2024-02-21 08:00:00,9.2,46.4,80.0,39.4,46.0,40.8,130.0
2024-02-21 09:00:00,10.2,46.2,78.4,39.4,45.8,40.8,140.0
2024-02-21 10:00:00,11.1,46.1,78.4,39.4,45.9,40.6,140.0
2024-02-21 11:00:00,12.1,46.0,76.5,39.3,45.6,40.6,130.0
2024-02-21 12:00:00,10.5,46.2,74.4,39.6,45.8,40.7,140.0
2024-02-21 13:00:00,11.4,46.0,74.0,39.9,46.1,40.9,140.0
2024-02-21 14:00:00,11.2,44.8,72.7,38.8,45.0,40.6,130.0
2024-02-21 15:00:00,9.3,45.4,74.0,38.4,44.6,40.1,120.0
2024-02-21 16:00:00,9.3,45.5,78.6,39.7,46.0,41.1,140.0
2024-02-21 17:00:00,9.0,45.6,78.1,39.5,45.9,41.2,140.0
2024-02-21 18:00:00,8.4,45.8,78.3,39.6,45.9,41.1,130.0
2024-02-21 19:00:00,7.4,46.8,78.5,39.8,46.1,41.2,140.0
2024-02-21 20:00:00,6.2,47.4,79.4,40.5,47.0,41.8,140.0
2024-02-21 21:00:00,5.6,46.8,81.3,40.5,47.2,41.4,140.0
2024-02-21 22:00:00,4.8,47.2,80.3,40.9,44.4,42.2,150.0
2024-02-21 23:00:00,4.7,47.3,36.2,39.3,38.7,35.7,0.0
2024-02-22 00:00:00,4.1,47.8,33.5,38.0,35.5,34.4,0.0
2024-02-22 01:00:00,3.6,47.9,32.4,38.7,33.7,30.9,0.0
2024-02-22 02:00:00,2.9,48.6,31.6,38.4,32.9,28.9,0.0
2024-02-22 03:00:00,2.8,48.7,31.4,38.5,32.4,28.0,0.0
2024-02-22 04:00:00,3.2,48.5,31.0,38.3,32.2,27.4,0.0
2024-02-22 05:00:00,2.7,48.6,29.1,33.7,33.7,27.1,0.0
2024-02-22 06:00:00,2.1,49.3,68.2,37.0,42.0,33.2,100.0
2024-02-22 07:00:00,2.1,49.2,78.2,46.1,52.0,43.4,250.0
2024-02-22 08:00:00,3.1,48.6,88.0,42.0,48.8,42.9,160.0
2024-02-22 09:00:00,4.0,46.9,85.0,40.3,46.9,41.7,140.0
2024-02-22 10:00:00,4.9,45.9,85.8,39.7,46.5,41.3,140.0
2024-02-22 11:00:00,5.2,45.8,83.9,39.4,46.2,40.9,140.0
2024-02-22 12:00:00,6.7,46.2,79.2,39.5,46.1,40.9,140.0
2024-02-22 13:00:00,9.4,44.6,73.4,38.6,41.2,40.6,120.0
2024-02-22 14:00:00,11.6,44.0,34.8,37.6,37.6,34.7,0.0
2024-02-22 15:00:00,12.3,44.0,70.0,34.5,40.1,31.9,0.0
2024-02-22 16:00:00,12.6,44.0,31.6,34.0,34.9,31.8,0.0
2024-02-22 17:00:00,11.8,44.0,67.8,39.1,44.7,36.8,130.0
2024-02-22 18:00:00,11.2,44.1,72.6,38.0,43.9,40.4,150.0
2024-02-22 19:00:00,10.9,44.3,63.6,37.5,43.0,39.2,100.0
2024-02-22 20:00:00,10.8,44.3,72.1,38.8,44.9,40.3,140.0
2024-02-22 21:00:00,9.5,44.7,72.0,38.4,44.5,40.0,110.0
2024-02-22 22:00:00,8.5,45.0,72.6,38.5,40.7,40.0,110.0
2024-02-22 23:00:00,7.6,45.2,34.3,36.9,37.3,34.5,0.0
2024-02-23 00:00:00,7.1,45.3,32.5,35.8,34.5,33.4,0.0
2024-02-23 01:00:00,6.5,45.5,31.2,36.1,33.1,30.8,0.0
2024-02-23 02:00:00,6.2,45.6,30.6,36.0,32.1,28.8,0.0
2024-02-23 03:00:00,6.4,45.6,30.6,35.6,32.3,28.2,0.0
2024-02-23 04:00:00,6.4,45.5,30.0,35.4,31.8,27.7,0.0
2024-02-23 05:00:00,6.5,45.6,29.5,34.9,31.2,27.5,0.0
2024-02-23 06:00:00,6.2,45.6,59.9,33.3,37.9,30.9,70.0
2024-02-23 07:00:00,6.8,45.5,79.4,42.0,48.2,41.9,230.0
2024-02-23 08:00:00,8.3,45.0,77.9,37.7,44.1,39.7,100.0
2024-02-23 09:00:00,12.0,44.0,73.1,37.7,43.7,39.6,120.0
2024-02-23 10:00:00,13.7,44.0,70.8,37.5,43.5,39.1,110.0
2024-02-23 11:00:00,14.6,44.0,35.5,36.5,34.6,34.3,40.0
2024-02-23 12:00:00,15.4,44.0,32.5,35.3,34.9,32.9,0.0
2024-02-23 13:00:00,16.1,44.0,30.9,34.7,32.9,31.5,0.0
2024-02-23 14:00:00,16.3,44.0,30.2,34.8,31.7,29.0,0.0
2024-02-23 15:00:00,15.7,44.0,30.1,34.5,32.1,28.2,0.0
2024-02-23 16:00:00,15.7,44.0,29.9,34.2,31.9,27.9,0.0
2024-02-23 17:00:00,14.8,44.0,71.6,36.4,42.1,33.6,110.0
2024-02-23 18:00:00,14.5,44.0,71.3,38.3,44.2,40.4,170.0
2024-02-23 19:00:00,14.1,44.0,70.8,37.4,43.5,39.1,110.0
2024-02-23 20:00:00,13.3,44.0,67.7,37.8,43.6,39.5,120.0
2024-02-23 21:00:00,13.3,44.0,68.8,38.0,44.1,39.4,110.0
2024-02-23 22:00:00,13.8,44.0,61.4,38.1,40.9,39.9,120.0
2024-02-23 23:00:00,13.0,44.0,34.5,37.0,37.2,34.4,0.0
2024-02-24 00:00:00,12.0,44.0,32.7,35.8,35.0,33.3,0.0
2024-02-24 01:00:00,12.2,44.0,31.2,35.8,33.1,30.8,0.0
2024-02-24 02:00:00,12.0,44.0,30.6,35.5,32.3,28.9,0.0
2024-02-24 03:00:00,12.1,44.0,30.5,35.2,32.6,28.4,0.0
2024-02-24 04:00:00,12.5,44.0,30.1,34.8,32.0,27.9,0.0
2024-02-24 05:00:00,12.3,44.0,29.8,34.5,31.7,27.5,0.0
2024-02-24 06:00:00,12.2,44.0,66.6,34.5,40.1,31.4,80.0
2024-02-24 07:00:00,12.1,44.0,72.7,38.5,44.3,40.9,180.0
2024-02-24 08:00:00,12.4,44.0,72.6,37.3,43.5,38.9,110.0
2024-02-24 09:00:00,13.1,44.0,71.1,37.5,43.5,39.3,120.0
2024-02-24 10:00:00,13.1,44.0,67.4,37.4,43.2,39.3,110.0
2024-02-24 11:00:00,13.6,44.0,68.95,37.45,43.4,39.25,115.0
2024-02-24 12:00:00,14.1,44.0,70.5,37.5,43.6,39.2,115.0
2024-02-24 13:00:00,14.5,44.0,68.9,37.6,40.1,39.4,110.0
2024-02-24 14:00:00,15.3,44.0,34.0,36.4,36.8,34.2,0.0
2024-02-24 15:00:00,15.3,44.0,32.3,35.2,34.5,33.2,0.0
2024-02-24 16:00:00,15.3,44.0,30.6,35.2,32.5,30.2,0.0
2024-02-24 17:00:00,14.7,42.0,41.9,34.1,36.6,29.1,0.0
2024-02-24 18:00:00,13.9,42.0,71.4,38.2,43.8,40.1,210.0
2024-02-24 19:00:00,13.2,42.0,65.4,34.7,40.4,37.5,70.0
2024-02-24 20:00:00,13.4,42.0,67.9,36.5,42.4,38.1,100.0
2024-02-24 21:00:00,13.0,42.0,70.6,36.7,42.7,38.8,110.0
2024-02-24 22:00:00,13.0,42.0,64.6,36.0,38.7,38.2,90.0
2024-02-24 23:00:00,13.0,42.0,32.8,34.9,35.8,33.6,0.0
2024-02-25 00:00:00,13.6,42.0,31.3,33.9,33.9,32.5,0.0
2024-02-25 01:00:00,13.5,42.0,29.8,34.0,31.9,30.0,0.0
2024-02-25 02:00:00,12.7,42.0,30.1,34.8,32.1,28.6,0.0
2024-02-25 03:00:00,12.0,42.0,29.8,34.4,31.5,28.2,0.0
2024-02-25 04:00:00,11.8,42.0,29.5,34.1,31.4,27.8,0.0
2024-02-25 05:00:00,11.7,42.2,29.2,33.7,31.1,27.5,0.0
2024-02-25 06:00:00,11.1,42.5,28.8,33.2,31.1,27.3,0.0
2024-02-25 07:00:00,10.9,45.1,75.6,43.4,49.0,39.3,210.0
2024-02-25 08:00:00,12.0,45.0,67.6,37.9,43.7,40.0,120.0
2024-02-25 09:00:00,13.3,42.0,65.8,36.8,42.5,39.0,110.0
2024-02-25 10:00:00,14.5,42.0,37.8,35.6,34.4,34.3,0.0
2024-02-25 11:00:00,16.4,42.0,32.2,34.7,34.6,32.8,0.0
2024-02-25 12:00:00,17.4,42.0,30.6,33.7,32.7,31.0,0.0
2024-02-25 13:00:00,17.1,42.0,29.1,33.9,30.9,29.0,0.0
2024-02-25 14:00:00,18.5,42.0,29.4,33.8,31.4,28.4,0.0
2024-02-25 15:00:00,18.5,42.0,29.0,33.3,31.1,28.1,0.0
2024-02-25 16:00:00,17.7,42.0,28.3,32.6,30.3,28.1,0.0
2024-02-25 17:00:00,17.0,42.0,27.3,27.2,29.4,27.7,0.0
2024-02-25 18:00:00,16.1,42.0,27.7,31.2,30.8,27.3,0.0
2024-02-25 19:00:00,15.3,45.0,71.8,38.6,44.3,35.0,130.0
2024-02-25 20:00:00,14.4,45.0,71.9,39.4,45.2,41.2,180.0
2024-02-25 21:00:00,14.3,45.0,72.0,38.4,44.5,40.0,110.0
2024-02-25 22:00:00,13.3,45.0,55.4,37.8,37.5,37.5,70.0
2024-02-25 23:00:00,12.8,45.0,33.4,36.6,35.7,34.2,0.0
2024-02-26 00:00:00,12.0,45.0,31.5,35.4,32.7,32.8,0.0
2024-02-26 01:00:00,11.7,45.3,29.6,34.1,30.1,30.1,0.0
2024-02-26 02:00:00,11.1,45.5,28.5,33.4,29.3,28.5,0.0
2024-02-26 03:00:00,11.3,45.4,27.9,32.4,29.8,27.8,0.0
2024-02-26 04:00:00,11.6,45.3,27.5,31.5,29.7,27.5,0.0
2024-02-26 05:00:00,11.3,45.4,27.0,30.7,29.3,27.1,0.0
2024-02-26 06:00:00,10.7,45.8,78.6,39.4,45.6,35.1,140.0
2024-02-26 07:00:00,11.1,45.7,74.6,40.0,46.0,42.0,180.0
2024-02-26 08:00:00,12.2,45.0,73.6,38.2,44.4,40.1,110.0
2024-02-26 09:00:00,13.5,45.0,72.1,38.3,44.4,39.9,120.0
2024-02-26 10:00:00,14.7,45.0,66.9,37.9,39.3,38.9,90.0
2024-02-26 11:00:00,16.0,45.0,34.0,36.7,36.8,34.3,0.0
2024-02-26 12:00:00,17.2,45.0,31.8,35.5,33.2,33.2,0.0
2024-02-26 13:00:00,17.8,45.0,30.1,34.0,29.7,29.8,0.0
2024-02-26 14:00:00,18.2,45.0,28.6,31.4,28.7,29.0,0.0
2024-02-26 15:00:00,18.1,45.0,27.6,32.5,30.3,28.6,0.0
2024-02-26 16:00:00,18.3,45.0,27.9,31.7,30.5,28.0,0.0
2024-02-26 17:00:00,17.0,45.0,27.5,30.8,30.4,27.4,0.0
2024-02-26 18:00:00,16.4,44.0,71.5,34.9,40.7,31.2,80.0
2024-02-26 19:00:00,15.4,44.0,67.9,38.5,44.1,40.7,190.0
2024-02-26 20:00:00,14.6,44.0,64.7,37.3,43.1,38.8,90.0
2024-02-26 21:00:00,14.0,44.0,68.1,38.5,44.4,40.2,140.0
2024-02-26 22:00:00,13.3,44.0,63.1,37.2,40.0,39.5,90.0
2024-02-26 23:00:00,13.0,44.0,33.7,36.2,36.2,34.2,0.0
2024-02-27 00:00:00,12.8,44.0,31.5,35.0,33.1,33.0,0.0
2024-02-27 01:00:00,12.3,44.0,29.5,34.1,30.5,30.5,0.0
2024-02-27 02:00:00,12.0,44.0,28.4,33.1,29.4,29.0,0.0
2024-02-27 03:00:00,11.6,44.3,28.1,32.2,29.9,28.2,0.0
2024-02-27 04:00:00,11.5,44.4,27.4,31.3,28.8,27.7,0.0
2024-02-27 05:00:00,11.0,44.8,26.5,30.1,27.3,27.3,0.0
2024-02-27 06:00:00,10.9,44.9,65.5,33.2,38.0,29.6,60.0
2024-02-27 07:00:00,10.6,45.1,75.3,39.9,45.9,41.7,210.0
2024-02-27 08:00:00,11.7,44.2,76.9,38.3,44.6,40.0,110.0
2024-02-27 09:00:00,12.2,43.0,71.1,37.4,43.3,39.7,120.0
2024-02-27 10:00:00,14.3,43.0,51.4,36.1,36.0,35.9,50.0
2024-02-27 11:00:00,16.3,43.0,32.3,35.0,34.9,33.3,0.0
2024-02-27 12:00:00,17.4,43.0,30.7,34.0,32.0,31.7,0.0
2024-02-27 13:00:00,18.9,43.0,28.7,33.0,29.1,29.1,0.0
2024-02-27 14:00:00,19.2,43.0,28.0,32.2,29.4,29.0,0.0
2024-02-27 15:00:00,18.6,43.0,27.9,31.4,30.7,28.2,0.0
2024-02-27 16:00:00,17.8,43.0,27.7,30.7,30.5,27.7,0.0
2024-02-27 17:00:00,17.2,43.0,27.5,30.8,30.1,27.4,0.0
2024-02-27 18:00:00,14.8,43.0,72.1,35.0,41.2,32.5,90.0
2024-02-27 19:00:00,14.0,43.0,71.9,38.4,44.1,40.3,170.0
2024-02-27 20:00:00,13.4,43.0,71.6,36.2,42.3,38.4,90.0
2024-02-27 21:00:00,12.7,44.5,70.6,38.8,44.8,39.1,120.0
2024-02-27 22:00:00,12.5,44.5,66.1,38.7,44.4,40.5,130.0
2024-02-27 23:00:00,12.3,44.5,34.8,37.4,37.6,34.8,0.0
2024-02-28 00:00:00,12.3,44.5,32.9,36.1,35.2,33.6,0.0
2024-02-28 01:00:00,12.0,44.5,31.1,36.0,32.7,30.4,0.0
2024-02-28 02:00:00,11.7,44.8,30.6,36.1,32.3,28.9,0.0
2024-02-28 03:00:00,11.7,44.8,30.4,35.7,32.1,28.4,0.0
2024-02-28 04:00:00,11.3,45.0,30.0,35.2,31.7,27.8,0.0
2024-02-28 05:00:00,11.6,44.8,32.9,35.0,30.1,27.7,0.0
2024-02-28 06:00:00,11.4,44.8,25.8,24.8,29.0,28.4,0.0
2024-02-28 07:00:00,11.3,45.1,74.8,42.0,47.9,41.1,220.0
2024-02-28 08:00:00,12.0,44.5,74.0,37.6,43.8,39.7,110.0
2024-02-28 09:00:00,13.6,44.5,72.6,37.8,43.9,39.5,120.0
2024-02-28 10:00:00,15.3,44.5,71.0,37.8,43.9,39.5,110.0
2024-02-28 11:00:00,17.0,44.5,47.8,37.9,38.7,38.3,80.0
2024-02-28 12:00:00,17.9,44.5,36.1,35.9,34.5,34.1,0.0
2024-02-28 13:00:00,18.5,44.5,32.7,36.5,34.3,32.6,0.0
2024-02-28 14:00:00,19.0,44.5,30.7,36.4,30.6,29.9,0.0
2024-02-28 15:00:00,19.3,44.5,29.9,35.7,30.2,29.2,0.0
2024-02-28 16:00:00,18.3,44.5,29.5,34.9,30.6,28.6,0.0
2024-02-28 17:00:00,17.4,44.5,28.5,33.8,29.7,28.0,0.0
2024-02-28 18:00:00,16.2,44.5,58.0,28.3,32.9,27.6,0.0
2024-02-28 19:00:00,15.5,44.5,71.6,40.9,46.8,41.1,230.0
2024-02-28 20:00:00,14.7,44.5,65.4,37.3,43.2,39.4,100.0
2024-02-28 21:00:00,13.9,44.5,70.3,39.1,45.1,40.3,130.0
2024-02-28 22:00:00,13.0,44.5,66.9,37.1,37.7,37.7,70.0
2024-02-28 23:00:00,12.6,44.5,45.0,35.3,34.3,33.6,0.0
2024-02-29 00:00:00,11.7,44.5,54.5,31.1,42.0,32.7,0.0
2024-02-29 01:00:00,11.7,44.8,48.6,25.7,29.2,29.2,0.0
2024-02-29 02:00:00,11.1,45.2,43.1,24.2,28.5,28.4,0.0
2024-02-29 03:00:00,11.1,45.2,44.7,23.7,28.0,28.0,0.0
2024-02-29 04:00:00,10.3,45.7,44.2,23.4,27.8,27.7,0.0
2024-02-29 05:00:00,10.4,45.7,42.5,23.2,28.5,27.4,0.0
2024-02-29 06:00:00,10.1,45.9,74.7,37.8,43.6,34.4,130.0
2024-02-29 07:00:00,10.0,46.1,77.1,43.4,49.5,41.4,190.0
2024-02-29 08:00:00,11.0,45.3,76.8,38.3,44.5,40.3,110.0
2024-02-29 09:00:00,13.2,44.0,72.5,37.3,43.3,39.4,110.0
2024-02-29 10:00:00,13.9,44.0,71.6,37.3,43.3,39.2,110.0
2024-02-29 11:00:00,15.5,44.0,34.7,36.1,36.2,34.5,0.0
2024-02-29 12:00:00,16.7,44.0,32.0,35.0,33.2,32.9,0.0
2024-02-29 13:00:00,17.4,44.0,30.0,33.8,30.2,30.3,0.0
2024-02-29 14:00:00,17.1,44.0,28.4,32.2,28.6,29.3,0.0
2024-02-29 15:00:00,17.6,44.0,28.6,30.2,28.9,28.5,0.0
2024-02-29 16:00:00,16.9,44.0,30.6,25.5,33.4,27.8,0.0
2024-02-29 17:00:00,16.4,44.0,37.9,23.4,27.6,27.5,0.0
2024-02-29 18:00:00,15.9,44.0,56.9,30.8,35.9,30.2,50.0
2024-02-29 19:00:00,15.6,44.0,71.8,40.9,46.8,40.5,200.0
2024-02-29 20:00:00,15.3,44.0,67.1,37.1,42.9,39.1,100.0
2024-02-29 21:00:00,15.2,44.0,65.5,37.9,43.6,39.5,110.0
2024-02-29 22:00:00,14.8,44.0,64.9,37.7,40.4,39.5,110.0
2024-02-29 23:00:00,15.1,44.0,36.6,36.5,34.8,34.0,0.0
2024-03-01 00:00:00,14.5,44.0,31.9,35.5,33.6,32.7,0.0
2024-03-01 01:00:00,13.8,44.0,30.1,34.3,30.3,30.4,0.0
2024-03-01 02:00:00,13.9,44.0,28.5,33.3,29.4,28.8,0.0
2024-03-01 03:00:00,13.6,44.0,28.2,32.6,30.1,28.4,0.0
2024-03-01 04:00:00,13.7,44.0,27.9,31.8,30.3,27.9,0.0
2024-03-01 05:00:00,13.4,44.0,27.5,31.1,30.2,27.5,0.0
2024-03-01 06:00:00,13.2,44.0,65.4,35.5,40.2,32.1,80.0
2024-03-01 07:00:00,13.5,44.0,72.7,38.6,44.4,40.7,190.0
2024-03-01 08:00:00,13.9,44.0,71.6,37.3,43.5,39.1,100.0
2024-03-01 09:00:00,14.4,43.0,70.8,37.5,43.5,39.3,110.0
2024-03-01 10:00:00,15.4,43.0,45.7,36.5,35.8,35.7,50.0
2024-03-01 11:00:00,17.3,43.0,32.4,35.4,34.6,33.3,0.0
2024-03-01 12:00:00,17.9,43.0,31.3,34.4,34.1,30.5,0.0
2024-03-01 13:00:00,18.0,43.0,29.8,33.4,30.7,29.8,0.0
2024-03-01 14:00:00,18.5,43.0,28.2,32.5,29.3,28.8,0.0
2024-03-01 15:00:00,17.1,43.0,27.8,31.7,28.9,27.9,0.0
2024-03-01 16:00:00,16.6,43.0,27.1,31.0,29.6,27.3,0.0
2024-03-01 17:00:00,15.6,43.0,72.5,37.4,43.0,33.3,110.0
2024-03-01 18:00:00,15.0,43.0,71.0,37.2,43.1,39.6,150.0
2024-03-01 19:00:00,14.1,43.0,71.3,36.3,42.4,38.5,100.0
2024-03-01 20:00:00,14.0,43.0,71.2,36.5,42.6,38.8,100.0
2024-03-01 21:00:00,13.3,43.0,65.5,36.7,42.3,38.6,100.0
2024-03-01 22:00:00,12.8,45.0,69.3,39.8,45.8,40.9,140.0
2024-03-01 23:00:00,12.0,45.0,43.3,37.7,35.5,35.4,0.0
2024-03-02 00:00:00,11.9,45.0,33.8,36.8,34.3,34.1,0.0
2024-03-02 01:00:00,11.0,45.6,31.0,35.6,31.4,31.6,0.0
2024-03-02 02:00:00,10.9,45.9,28.9,34.8,29.4,29.3,0.0
2024-03-02 03:00:00,10.6,45.9,28.3,33.9,30.2,28.4,0.0
2024-03-02 04:00:00,10.5,46.1,28.5,33.3,31.1,28.0,0.0
2024-03-02 05:00:00,10.4,46.2,28.3,32.4,30.7,27.5,0.0
2024-03-02 06:00:00,10.5,46.1,50.9,32.6,37.2,31.9,80.0
2024-03-02 07:00:00,10.6,46.0,75.9,40.5,46.4,42.2,210.0
2024-03-02 08:00:00,10.7,45.8,72.2,39.6,45.6,40.2,120.0
2024-03-02 09:00:00,11.0,45.6,66.8,39.6,45.2,40.9,130.0
2024-03-02 10:00:00,11.6,45.3,63.4,39.7,44.9,41.1,140.0
2024-03-02 11:00:00,12.7,45.0,65.8,38.5,44.3,40.3,110.0
2024-03-02 12:00:00,14.0,45.0,70.6,39.8,45.8,40.4,130.0
2024-03-02 13:00:00,14.9,45.0,67.7,39.0,44.9,40.3,130.0
2024-03-02 14:00:00,14.2,45.0,36.8,37.7,35.7,35.0,0.0
2024-03-02 15:00:00,14.1,45.0,32.8,36.6,34.6,34.0,0.0
2024-03-02 16:00:00,14.1,45.0,30.8,35.4,31.2,31.1,0.0
2024-03-02 17:00:00,13.0,45.0,29.5,34.4,30.7,29.5,0.0
2024-03-02 18:00:00,11.7,45.2,29.3,33.6,31.7,28.7,0.0
2024-03-02 19:00:00,10.6,45.9,75.6,44.0,49.7,39.7,200.0
2024-03-02 20:00:00,10.3,46.1,72.0,39.1,45.1,40.9,140.0
2024-03-02 21:00:00,9.7,46.5,78.0,41.3,47.8,41.4,140.0
2024-03-02 22:00:00,8.9,47.0,56.1,39.7,39.4,39.1,90.0
2024-03-02 23:00:00,8.4,47.6,34.5,38.4,35.5,34.9,0.0
2024-03-03 00:00:00,7.7,48.0,32.0,37.4,32.4,33.1,0.0
2024-03-03 01:00:00,7.4,48.2,30.3,36.2,29.7,30.3,0.0
2024-03-03 02:00:00,7.0,48.6,28.4,34.5,28.7,29.0,0.0
2024-03-03 03:00:00,6.5,49.0,26.9,33.6,28.4,28.1,0.0
2024-03-03 04:00:00,6.5,49.0,26.1,31.7,27.6,27.6,0.0
2024-03-03 05:00:00,6.5,48.8,25.1,32.3,28.3,27.2,0.0
2024-03-03 06:00:00,6.2,49.0,81.5,39.8,45.9,34.5,130.0
2024-03-03 07:00:00,6.2,49.0,79.7,42.8,49.0,43.7,230.0
2024-03-03 08:00:00,8.1,47.7,65.6,41.3,46.4,41.8,140.0
2024-03-03 09:00:00,8.9,47.2,67.0,41.0,46.3,42.3,150.0
2024-03-03 10:00:00,9.6,46.6,72.2,41.0,46.9,41.5,130.0
2024-03-03 11:00:00,11.0,45.6,50.1,40.3,39.6,39.3,90.0
2024-03-03 12:00:00,12.6,45.0,35.0,38.9,36.5,34.5,0.0
2024-03-03 13:00:00,13.7,45.0,32.3,37.4,32.4,33.3,0.0
2024-03-03 14:00:00,14.9,45.0,30.4,36.0,30.3,31.6,0.0
2024-03-03 15:00:00,15.3,45.0,29.0,34.8,29.3,30.3,0.0
2024-03-03 16:00:00,15.8,45.0,27.8,33.2,28.5,28.8,0.0
2024-03-03 17:00:00,15.0,45.0,26.8,31.4,27.6,28.0,0.0
2024-03-03 18:00:00,14.1,44.0,41.1,26.0,30.0,27.2,0.0
2024-03-03 19:00:00,13.6,44.0,72.2,40.6,46.5,41.1,230.0
2024-03-03 20:00:00,13.0,44.0,67.2,36.7,42.6,38.9,90.0
2024-03-03 21:00:00,12.0,44.0,65.4,38.2,43.6,39.5,120.0
2024-03-03 22:00:00,11.8,44.2,68.9,38.4,41.0,40.3,120.0
2024-03-03 23:00:00,11.7,44.2,34.1,37.1,36.4,34.8,0.0
2024-03-04 00:00:00,11.6,44.2,32.1,36.1,33.6,33.5,0.0
2024-03-04 01:00:00,11.3,44.6,30.2,35.0,30.8,30.3,0.0
2024-03-04 02:00:00,11.0,44.6,28.9,33.2,28.7,29.8,0.0
2024-03-04 03:00:00,10.7,45.0,27.1,33.1,29.3,28.6,0.0
2024-03-04 04:00:00,10.5,45.4,28.0,32.3,30.4,28.0,0.0
2024-03-04 05:00:00,10.0,45.7,27.4,31.6,30.3,27.5,0.0
2024-03-04 06:00:00,9.5,47.4,68.8,33.4,39.0,30.1,60.0
2024-03-04 07:00:00,9.5,47.3,79.9,44.0,50.3,43.3,240.0
2024-03-04 08:00:00,10.9,46.6,79.7,39.5,45.9,41.1,120.0
2024-03-04 09:00:00,12.4,46.0,77.3,39.0,45.3,40.7,130.0
2024-03-04 10:00:00,13.9,43.0,71.9,39.2,45.1,40.8,120.0
2024-03-04 11:00:00,14.6,43.0,48.7,36.8,36.3,36.3,50.0
2024-03-04 12:00:00,15.9,43.0,32.8,35.9,35.2,33.9,0.0
2024-03-04 13:00:00,17.0,43.0,31.3,35.0,31.8,31.9,0.0
2024-03-04 14:00:00,17.4,43.0,29.2,34.0,29.2,29.5,0.0
2024-03-04 15:00:00,17.6,43.0,28.7,33.2,30.5,29.2,0.0
2024-03-04 16:00:00,17.2,43.0,28.5,32.5,31.0,28.3,0.0
2024-03-04 17:00:00,16.5,43.0,28.0,31.8,30.7,27.9,0.0
2024-03-04 18:00:00,14.5,43.0,72.0,38.4,44.0,34.5,120.0
2024-03-04 19:00:00,13.9,43.0,71.5,36.8,42.7,39.5,150.0
2024-03-04 20:00:00,13.6,43.0,70.9,36.4,42.3,38.6,100.0
2024-03-04 21:00:00,13.1,45.0,70.2,38.2,44.3,38.9,110.0
2024-03-04 22:00:00,12.9,45.0,72.2,39.6,42.3,41.0,130.0
2024-03-04 23:00:00,12.6,45.0,35.3,38.2,37.9,35.1,0.0
2024-03-05 00:00:00,12.2,45.0,33.4,37.1,34.9,33.9,0.0
2024-03-05 01:00:00,12.1,45.0,31.3,37.0,33.0,30.4,0.0
2024-03-05 02:00:00,12.1,45.0,31.4,37.3,32.8,29.9,0.0
2024-03-05 03:00:00,12.0,45.0,31.3,36.8,33.2,28.7,0.0
2024-03-05 04:00:00,11.1,45.4,30.8,36.3,32.6,28.3,0.0
2024-03-05 05:00:00,10.5,45.5,31.6,35.6,35.6,27.9,0.0
2024-03-05 06:00:00,10.0,45.8,75.2,38.1,44.2,33.5,110.0
2024-03-05 07:00:00,9.7,45.9,77.3,39.2,45.2,41.4,190.0
2024-03-05 08:00:00,10.5,45.6,76.5,38.7,45.1,40.3,120.0
2024-03-05 09:00:00,11.3,45.2,74.6,38.6,44.7,40.2,120.0
2024-03-05 10:00:00,12.3,43.0,72.7,37.9,43.8,40.1,120.0
2024-03-05 11:00:00,12.8,43.0,55.9,36.3,36.6,36.6,60.0
2024-03-05 12:00:00,13.3,43.0,32.5,35.2,35.0,33.4,0.0
2024-03-05 13:00:00,13.7,43.0,30.8,34.3,32.0,31.9,0.0
2024-03-05 14:00:00,14.3,43.0,28.8,33.4,29.2,29.3,0.0
2024-03-05 15:00:00,13.7,43.0,28.2,32.6,29.5,29.0,0.0
2024-03-05 16:00:00,12.9,43.0,27.8,31.8,29.2,28.0,0.0
2024-03-05 17:00:00,12.2,43.0,27.6,31.1,30.1,27.5,0.0
2024-03-05 18:00:00,11.7,45.1,74.9,35.8,41.9,31.9,90.0
2024-03-05 19:00:00,11.2,45.4,73.9,39.8,45.6,41.5,190.0
2024-03-05 20:00:00,10.7,45.5,72.6,39.2,45.4,39.7,110.0
2024-03-05 21:00:00,10.1,45.8,69.1,39.8,45.8,41.1,150.0
2024-03-05 22:00:00,9.2,46.2,70.4,40.1,42.7,41.4,130.0
2024-03-05 23:00:00,8.5,46.4,35.1,38.7,37.0,35.1,0.0
2024-03-06 00:00:00,8.3,46.5,32.9,37.6,34.4,33.9,0.0
2024-03-06 01:00:00,8.2,46.6,30.6,36.3,30.5,30.6,0.0
2024-03-06 02:00:00,7.5,46.7,29.4,35.4,30.0,28.9,0.0
2024-03-06 03:00:00,7.4,46.9,28.5,34.4,29.8,28.2,0.0
2024-03-06 04:00:00,7.2,46.9,28.5,33.5,30.0,27.6,0.0
2024-03-06 05:00:00,6.7,47.1,27.9,32.7,30.0,27.2,0.0
2024-03-06 06:00:00,7.0,47.1,64.5,36.8,42.4,35.0,130.0
2024-03-06 07:00:00,7.1,47.0,75.7,43.3,49.3,43.0,210.0
2024-03-06 08:00:00,8.4,46.4,79.2,39.2,45.6,41.0,110.0
2024-03-06 09:00:00,9.7,44.0,78.0,38.0,44.3,40.0,130.0
2024-03-06 10:00:00,10.4,45.2,75.4,37.2,43.3,39.3,110.0
2024-03-06 11:00:00,11.7,44.1,63.7,38.1,40.4,38.9,100.0
2024-03-06 12:00:00,12.3,44.0,73.3,38.1,44.0,40.4,150.0
2024-03-06 13:00:00,12.8,44.0,69.9,37.3,40.9,39.3,100.0
2024-03-06 14:00:00,14.1,44.0,33.6,36.0,36.4,34.2,0.0
2024-03-06 15:00:00,13.9,43.0,69.1,33.7,38.9,31.3,0.0
2024-03-06 16:00:00,14.3,43.0,39.2,38.2,38.2,36.7,80.0
2024-03-06 17:00:00,13.5,42.0,67.2,35.4,40.6,32.8,40.0
2024-03-06 18:00:00,12.7,43.0,72.6,37.8,43.5,40.2,170.0
2024-03-06 19:00:00,12.4,44.0,72.3,36.3,42.5,38.6,90.0
2024-03-06 20:00:00,11.4,44.1,65.7,37.7,43.5,39.5,120.0
2024-03-06 21:00:00,10.9,44.3,65.8,38.2,43.9,40.0,120.0
2024-03-06 22:00:00,10.8,44.3,71.4,38.4,41.4,40.6,120.0
2024-03-06 23:00:00,11.0,44.3,34.9,37.2,36.6,34.6,0.0
2024-03-07 00:00:00,10.6,44.3,32.6,36.2,34.5,33.6,0.0
2024-03-07 01:00:00,10.2,44.5,30.8,35.1,31.0,31.6,0.0
2024-03-07 02:00:00,10.4,44.4,29.1,33.1,28.9,29.3,0.0
2024-03-07 03:00:00,10.3,44.5,27.8,33.2,29.9,28.5,0.0
2024-03-07 04:00:00,9.8,44.6,27.6,32.5,30.3,28.1,0.0
2024-03-07 05:00:00,9.8,44.6,27.4,31.7,30.0,27.7,0.0
2024-03-07 06:00:00,9.9,45.9,65.8,35.4,40.5,32.4,90.0
2024-03-07 07:00:00,9.9,45.8,81.0,40.7,46.8,42.4,210.0
2024-03-07 08:00:00,10.3,45.8,80.9,38.6,45.1,40.3,110.0
2024-03-07 09:00:00,11.0,45.4,74.6,38.8,44.9,40.7,130.0
2024-03-07 10:00:00,12.6,43.0,74.0,37.2,43.4,39.5,100.0
2024-03-07 11:00:00,12.1,43.0,71.6,36.2,42.4,38.6,100.0
2024-03-07 12:00:00,12.0,43.0,71.6,36.4,42.4,38.6,100.0
2024-03-07 13:00:00,12.3,43.0,71.6,36.4,42.5,38.6,110.0
2024-03-07 14:00:00,12.4,43.0,70.7,36.3,42.4,38.7,100.0
2024-03-07 15:00:00,11.6,43.5,72.4,37.0,43.0,39.0,110.0
2024-03-07 16:00:00,10.4,44.0,73.3,37.4,43.5,39.4,120.0
2024-03-07 17:00:00,9.2,46.1,77.7,39.8,46.4,40.6,130.0
2024-03-07 18:00:00,7.9,46.8,78.6,40.9,47.3,41.9,150.0
2024-03-07 19:00:00,7.9,46.8,79.3,40.9,47.3,42.2,140.0
2024-03-07 20:00:00,8.0,46.6,78.0,40.7,46.9,41.9,150.0
2024-03-07 21:00:00,8.1,46.7,66.8,39.9,45.4,41.4,120.0
2024-03-07 22:00:00,8.0,46.7,76.4,40.8,43.1,42.2,140.0
2024-03-07 23:00:00,7.8,46.8,35.9,39.5,37.6,35.9,0.0
2024-03-08 00:00:00,7.7,46.8,33.3,38.3,34.2,34.5,0.0
2024-03-08 01:00:00,7.8,46.8,31.5,37.1,31.0,31.6,0.0
2024-03-08 02:00:00,7.5,46.8,29.7,36.0,29.7,29.6,0.0
2024-03-08 03:00:00,7.5,46.8,29.3,35.2,30.7,28.6,0.0
2024-03-08 04:00:00,7.4,46.9,29.1,34.3,30.8,28.1,0.0
2024-03-08 05:00:00,7.3,46.9,28.4,35.3,28.0,27.8,0.0
2024-03-08 06:00:00,7.2,47.0,79.8,40.5,46.2,34.8,130.0
2024-03-08 07:00:00,7.2,47.0,78.7,40.3,46.5,42.1,190.0
2024-03-08 08:00:00,7.4,47.0,78.3,40.2,46.7,41.3,140.0
2024-03-08 09:00:00,8.7,46.4,77.9,40.5,46.8,41.7,140.0
2024-03-08 10:00:00,9.0,46.2,77.0,40.3,46.6,41.4,140.0
2024-03-08 11:00:00,9.4,46.0,76.5,40.1,46.4,41.3,140.0
2024-03-08 12:00:00,10.2,45.7,73.1,39.6,45.5,41.0,130.0
2024-03-08 13:00:00,11.2,44.5,73.2,39.2,45.2,40.8,130.0
2024-03-08 14:00:00,11.4,44.4,71.6,38.5,44.6,40.2,120.0
2024-03-08 15:00:00,11.2,44.5,72.1,38.0,43.9,39.8,110.0
2024-03-08 16:00:00,9.8,45.1,73.4,38.3,44.5,39.8,120.0
2024-03-08 17:00:00,9.1,45.7,75.8,39.2,45.4,40.5,130.0
2024-03-08 18:00:00,7.8,46.4,77.5,39.9,46.3,41.2,140.0
2024-03-08 19:00:00,7.2,46.6,80.3,40.5,47.0,41.9,140.0
2024-03-08 20:00:00,6.2,47.2,78.3,41.4,47.8,41.7,140.0
2024-03-08 21:00:00,5.5,47.7,77.1,41.2,47.6,42.5,150.0
2024-03-08 22:00:00,4.8,48.0,68.4,41.8,41.6,41.1,110.0
2024-03-08 23:00:00,4.4,48.4,36.1,40.3,37.4,35.8,0.0
2024-03-09 00:00:00,3.9,48.8,33.1,38.8,33.2,34.3,0.0
2024-03-09 01:00:00,4.1,48.6,31.3,37.3,30.8,31.0,0.0
2024-03-09 02:00:00,4.1,48.7,30.3,36.5,32.1,29.3,0.0
2024-03-09 03:00:00,3.6,48.8,29.9,35.5,32.2,28.5,0.0
2024-03-09 04:00:00,4.4,48.4,28.8,34.5,31.1,27.9,0.0
2024-03-09 05:00:00,4.5,48.3,28.2,33.6,30.5,27.3,0.0
2024-03-09 06:00:00,4.3,48.4,84.0,37.9,44.3,32.9,110.0
2024-03-09 07:00:00,4.4,48.2,83.3,41.9,48.2,43.4,240.0
2024-03-09 08:00:00,5.6,47.7,80.3,41.2,47.8,41.5,130.0
2024-03-09 09:00:00,7.6,46.6,71.9,40.4,46.3,41.9,150.0
2024-03-09 10:00:00,9.2,45.7,71.6,39.5,45.5,40.7,130.0
2024-03-09 11:00:00,10.8,44.5,64.8,38.8,44.3,40.3,130.0
2024-03-09 12:00:00,11.3,44.2,65.9,38.0,43.6,39.6,110.0
2024-03-09 13:00:00,13.4,44.0,64.0,38.5,44.1,39.9,120.0
2024-03-09 14:00:00,13.3,44.0,36.4,37.2,35.5,34.5,0.0
2024-03-09 15:00:00,13.3,44.0,32.4,36.3,34.0,33.5,0.0
2024-03-09 16:00:00,13.1,44.0,30.7,35.2,31.2,30.8,0.0
2024-03-09 17:00:00,12.8,44.0,29.0,34.4,29.5,29.3,0.0
2024-03-09 18:00:00,11.8,43.0,72.7,36.9,42.4,33.3,100.0
2024-03-09 19:00:00,11.0,43.7,71.3,37.5,43.3,39.9,160.0
2024-03-09 20:00:00,10.3,44.5,74.1,39.1,45.5,39.7,120.0
2024-03-09 21:00:00,10.7,44.5,67.2,38.1,43.9,40.2,120.0
2024-03-09 22:00:00,10.2,44.6,73.3,38.9,41.2,40.3,120.0
2024-03-09 23:00:00,9.9,44.7,34.7,37.5,37.0,34.7,0.0
2024-03-10 00:00:00,9.7,44.7,32.2,36.4,33.4,33.2,0.0
2024-03-10 01:00:00,9.9,44.7,30.3,35.3,30.8,30.5,0.0
2024-03-10 02:00:00,9.8,44.7,29.3,34.2,29.9,29.5,0.0
2024-03-10 03:00:00,9.7,44.7,28.8,33.5,31.3,29.0,0.0
2024-03-10 04:00:00,9.7,44.8,28.5,33.2,31.3,28.0,0.0
2024-03-10 05:00:00,9.4,44.8,28.6,33.4,31.1,27.5,0.0
2024-03-10 06:00:00,9.4,44.8,31.4,29.4,33.2,27.2,0.0
2024-03-10 07:00:00,9.8,44.7,77.0,40.6,46.5,41.6,250.0
2024-03-10 08:00:00,10.3,44.5,71.1,37.1,43.3,39.1,100.0
2024-03-10 09:00:00,12.0,44.0,69.1,38.2,44.2,39.3,120.0
2024-03-10 10:00:00,13.1,43.0,68.0,37.5,43.4,39.3,110.0
2024-03-10 11:00:00,15.1,43.0,65.0,37.0,42.7,38.6,110.0
2024-03-10 12:00:00,16.0,43.0,63.7,36.6,39.1,38.5,90.0
2024-03-10 13:00:00,17.1,43.0,33.5,35.9,36.0,33.7,0.0
2024-03-10 14:00:00,17.7,43.0,31.8,34.8,34.0,32.7,0.0
2024-03-10 15:00:00,17.9,43.0,30.4,34.3,32.4,30.3,0.0
2024-03-10 16:00:00,17.9,43.0,30.0,34.3,32.0,29.0,0.0
2024-03-10 17:00:00,16.8,43.0,30.0,34.0,32.7,28.4,0.0
2024-03-10 18:00:00,16.0,43.0,82.8,34.3,40.4,29.0,50.0
2024-03-10 19:00:00,15.7,43.0,69.9,38.3,43.7,40.4,190.0
2024-03-10 20:00:00,15.4,44.0,64.3,36.1,42.0,38.2,80.0
2024-03-10 21:00:00,15.1,44.0,69.6,39.0,44.8,40.1,140.0
2024-03-10 22:00:00,14.5,44.0,62.4,37.8,40.4,39.7,100.0
2024-03-10 23:00:00,14.6,44.0,35.3,36.7,35.3,34.4,0.0
2024-03-11 00:00:00,13.8,44.0,32.0,35.8,33.5,33.3,0.0
2024-03-11 01:00:00,13.3,44.0,30.4,34.6,31.3,31.0,0.0
2024-03-11 02:00:00,13.2,44.0,29.1,33.6,30.3,29.3,0.0
2024-03-11 03:00:00,12.9,44.0,28.5,32.7,30.6,28.7,0.0
2024-03-11 04:00:00,12.5,44.0,28.1,31.9,30.2,28.2,0.0
2024-03-11 05:00:00,12.3,44.0,30.0,31.8,33.8,27.7,0.0
2024-03-11 06:00:00,12.2,44.0,74.1,34.5,40.2,30.4,60.0
2024-03-11 07:00:00,12.8,44.0,73.2,38.5,44.3,40.6,200.0
2024-03-11 08:00:00,13.4,44.0,59.4,36.8,42.3,38.8,90.0
2024-03-11 09:00:00,13.9,44.0,71.8,40.2,46.1,41.8,150.0
2024-03-11 10:00:00,15.8,44.0,70.7,37.2,43.3,39.5,90.0
2024-03-11 11:00:00,16.5,44.0,58.7,37.0,37.2,37.0,70.0
2024-03-11 12:00:00,19.1,44.0,33.1,35.8,35.4,33.8,0.0
2024-03-11 13:00:00,19.2,44.0,31.4,34.8,32.7,32.8,0.0
2024-03-11 14:00:00,18.6,44.0,29.5,32.6,30.3,30.1,0.0
2024-03-11 15:00:00,18.0,44.0,28.5,32.9,30.6,29.2,0.0
2024-03-11 16:00:00,18.1,44.0,28.4,32.1,30.7,28.4,0.0
2024-03-11 17:00:00,17.5,44.0,81.4,34.7,40.9,30.1,50.0
2024-03-11 18:00:00,14.1,44.0,72.8,39.4,45.3,41.1,210.0
2024-03-11 19:00:00,12.6,44.0,75.4,37.1,43.2,39.2,90.0
2024-03-11 20:00:00,11.2,44.5,75.0,38.2,44.6,39.4,120.0
2024-03-11 21:00:00,12.2,44.0,71.4,38.1,44.1,40.0,120.0
2024-03-11 22:00:00,12.0,44.0,69.4,37.7,43.7,39.4,100.0
2024-03-11 23:00:00,11.9,44.1,33.5,36.6,37.3,34.9,0.0
2024-03-12 00:00:00,11.6,44.1,32.5,35.5,34.6,33.5,0.0
2024-03-12 01:00:00,11.5,44.4,30.5,34.6,31.6,31.3,0.0
2024-03-12 02:00:00,10.5,44.8,28.9,33.6,30.3,29.4,0.0
2024-03-12 03:00:00,9.9,45.2,28.5,32.9,30.4,28.5,0.0
2024-03-12 04:00:00,9.3,45.6,28.3,32.9,30.7,27.9,0.0
2024-03-12 05:00:00,8.8,45.7,28.5,32.8,30.8,27.3,0.0
2024-03-12 06:00:00,9.2,45.6,63.7,36.2,41.0,34.0,110.0
2024-03-12 07:00:00,9.8,45.2,78.0,41.1,47.2,42.5,200.0
2024-03-12 08:00:00,10.6,44.9,76.1,37.7,43.9,39.8,90.0
2024-03-12 09:00:00,11.8,44.1,73.6,37.7,43.9,39.7,120.0
2024-03-12 10:00:00,13.2,44.0,38.3,36.8,35.9,35.9,50.0
2024-03-12 11:00:00,15.2,44.0,32.8,35.6,35.1,33.6,0.0
2024-03-12 12:00:00,16.4,44.0,30.8,34.6,32.0,31.8,0.0
2024-03-12 13:00:00,16.5,44.0,28.9,33.7,29.7,29.3,0.0
2024-03-12 14:00:00,16.7,44.0,28.5,32.9,30.5,28.9,0.0
2024-03-12 15:00:00,16.5,44.0,28.4,32.4,30.8,28.1,0.0
2024-03-12 16:00:00,13.8,43.0,64.2,29.5,34.6,27.4,0.0
2024-03-12 17:00:00,12.5,43.0,75.5,40.1,46.2,40.5,210.0
2024-03-12 18:00:00,12.8,44.0,73.3,36.5,42.6,38.7,90.0
2024-03-12 19:00:00,12.4,44.0,74.8,38.1,44.5,39.7,120.0
2024-03-12 20:00:00,12.2,44.0,67.3,38.1,43.8,40.2,120.0
2024-03-12 21:00:00,12.2,44.0,64.9,37.5,43.1,39.4,100.0
2024-03-12 22:00:00,12.0,44.0,68.3,37.9,40.7,39.8,120.0
2024-03-12 23:00:00,11.6,44.3,30.9,36.9,33.5,33.4,0.0
2024-03-13 00:00:00,11.1,44.4,32.0,35.6,34.6,31.4,0.0
2024-03-13 01:00:00,11.1,44.6,30.4,34.7,31.5,30.8,0.0
2024-03-13 02:00:00,10.83,44.73,29.73,34.23,31.27,29.6,0.0
2024-03-13 03:00:00,10.57,44.87,29.07,33.77,31.03,28.4,0.0
2024-03-13 04:00:00,10.3,45.0,28.4,33.3,30.8,27.2,0.0
2024-03-13 05:00:00,10.2,45.0,28.7,33.3,31.2,27.0,0.0
2024-03-13 06:00:00,10.1,46.0,70.0,36.3,42.1,32.8,90.0
2024-03-13 07:00:00,10.4,45.7,80.3,39.9,46.1,42.0,200.0
2024-03-13 08:00:00,10.6,45.6,79.3,38.6,45.0,40.3,110.0
2024-03-13 09:00:00,12.0,45.0,78.4,39.0,45.3,40.6,130.0
2024-03-13 10:00:00,11.9,45.0,74.5,38.3,44.4,40.0,120.0
2024-03-13 11:00:00,12.0,43.1,74.2,37.5,43.6,39.7,120.0
2024-03-13 12:00:00,12.7,43.0,73.3,36.4,42.5,38.7,90.0
2024-03-13 13:00:00,12.7,43.0,72.4,36.4,42.5,38.5,100.0
2024-03-13 14:00:00,11.2,43.5,73.1,36.7,42.9,38.8,110.0
2024-03-13 15:00:00,11.4,43.3,74.1,37.4,43.5,39.4,110.0
2024-03-13 16:00:00,10.6,44.0,76.2,37.4,43.7,39.3,110.0
2024-03-13 17:00:00,10.7,44.1,76.4,37.9,44.2,39.7,120.0
2024-03-13 18:00:00,10.6,44.1,76.9,37.9,44.2,40.0,110.0
2024-03-13 19:00:00,10.4,44.1,77.4,38.1,44.4,40.1,120.0
2024-03-13 20:00:00,10.6,45.8,76.1,38.7,45.0,40.2,120.0
2024-03-13 21:00:00,10.6,45.8,68.3,40.1,45.7,41.1,130.0
2024-03-13 22:00:00,10.5,45.8,75.0,39.5,45.7,41.1,120.0
2024-03-13 23:00:00,10.2,45.9,34.9,38.2,37.8,35.3,0.0
2024-03-14 00:00:00,10.2,46.0,33.0,36.9,34.6,34.1,0.0
2024-03-14 01:00:00,10.0,45.9,31.1,35.8,31.6,31.8,0.0
2024-03-14 02:00:00,10.0,46.0,29.6,34.7,29.9,29.8,0.0
2024-03-14 03:00:00,9.9,46.0,29.1,34.0,30.2,28.7,0.0
2024-03-14 04:00:00,10.0,46.0,28.3,33.1,30.0,28.2,0.0
2024-03-14 05:00:00,9.8,46.0,32.8,34.1,36.8,27.8,0.0
2024-03-14 06:00:00,10.2,45.9,78.4,40.8,46.5,35.3,130.0
2024-03-14 07:00:00,10.2,45.9,77.2,39.1,45.1,41.1,170.0
2024-03-14 08:00:00,9.3,46.3,77.3,39.4,45.7,40.4,130.0
2024-03-14 09:00:00,9.0,46.4,78.4,39.9,46.4,41.1,140.0
2024-03-14 10:00:00,9.3,46.2,78.9,40.0,46.4,41.3,130.0
2024-03-14 11:00:00,9.8,44.6,78.3,39.4,45.7,41.1,130.0
2024-03-14 12:00:00,9.7,44.6,77.6,37.8,44.1,39.8,110.0
2024-03-14 13:00:00,9.7,44.6,76.8,37.8,44.1,39.7,120.0
2024-03-14 14:00:00,10.5,44.4,77.2,38.3,44.6,40.0,120.0
2024-03-14 15:00:00,10.9,44.3,74.2,38.0,44.2,40.0,110.0
2024-03-14 16:00:00,10.6,44.3,75.6,37.8,44.1,39.8,110.0
2024-03-14 17:00:00,10.4,44.4,74.0,37.7,43.9,39.8,110.0
2024-03-14 18:00:00,10.2,44.4,75.5,38.0,44.2,39.9,120.0
2024-03-14 19:00:00,9.9,44.6,76.1,38.4,44.7,40.3,120.0
2024-03-14 20:00:00,9.8,44.6,64.5,37.9,43.3,39.9,100.0
2024-03-14 21:00:00,9.6,44.6,64.6,38.3,44.1,40.2,120.0
2024-03-14 22:00:00,9.5,44.7,45.0,38.1,39.5,39.1,90.0
2024-03-14 23:00:00,8.2,45.0,33.5,36.7,35.8,34.5,0.0
2024-03-15 00:00:00,7.3,45.3,31.7,35.7,33.3,33.5,0.0
2024-03-15 01:00:00,7.7,45.2,30.1,34.5,30.3,31.0,0.0
2024-03-15 02:00:00,7.6,45.2,28.2,33.4,28.7,29.1,0.0
2024-03-15 03:00:00,7.5,45.2,26.9,32.0,27.9,28.3,0.0
2024-03-15 04:00:00,7.5,45.3,26.1,30.2,27.4,27.6,0.0
2024-03-15 05:00:00,7.6,45.2,26.3,27.8,27.8,27.1,0.0
2024-03-15 06:00:00,7.4,45.2,80.2,37.8,44.1,33.6,120.0
2024-03-15 07:00:00,7.8,45.1,78.3,40.1,46.0,41.8,190.0
2024-03-15 08:00:00,8.5,45.0,77.9,37.9,44.4,39.8,100.0
2024-03-15 09:00:00,9.1,44.1,76.7,38.2,44.5,39.9,110.0
2024-03-15 10:00:00,10.2,43.6,74.4,37.7,43.9,39.7,130.0
2024-03-15 11:00:00,10.9,43.4,45.5,37.0,35.5,35.6,50.0
2024-03-15 12:00:00,12.5,43.0,32.6,36.0,34.9,33.2,0.0
2024-03-15 13:00:00,13.7,43.0,31.1,35.1,31.7,32.1,0.0
2024-03-15 14:00:00,14.2,43.0,29.2,34.1,29.1,29.2,0.0
2024-03-15 15:00:00,14.6,43.0,28.2,33.3,29.4,28.4,0.0
2024-03-15 16:00:00,14.4,43.0,27.6,32.4,29.7,28.0,0.0
2024-03-15 17:00:00,13.9,43.0,27.4,31.5,29.0,27.5,0.0
2024-03-15 18:00:00,12.9,43.0,67.7,36.7,42.4,33.8,110.0
2024-03-15 19:00:00,12.5,43.0,72.3,37.2,42.9,39.6,160.0
2024-03-15 20:00:00,11.8,45.0,71.2,39.2,45.1,40.0,120.0
2024-03-15 21:00:00,10.9,45.3,73.8,40.1,46.1,40.8,140.0
2024-03-15 22:00:00,10.6,45.6,73.4,39.2,41.4,40.6,130.0
2024-03-15 23:00:00,10.1,45.7,34.6,37.9,36.7,34.8,0.0
2024-03-16 00:00:00,10.1,45.7,32.3,36.6,33.7,33.5,0.0
2024-03-16 01:00:00,10.0,45.8,30.4,35.2,30.2,30.5,0.0
2024-03-16 02:00:00,10.1,45.8,28.5,34.1,28.8,29.1,0.0
2024-03-16 03:00:00,9.9,45.9,27.5,33.1,28.7,28.4,0.0
2024-03-16 04:00:00,9.5,46.0,27.0,32.7,28.9,27.6,0.0
2024-03-16 05:00:00,9.0,46.2,26.7,31.8,28.3,27.1,0.0
2024-03-16 06:00:00,8.9,46.5,82.9,35.9,41.8,30.3,70.0
2024-03-16 07:00:00,9.1,46.4,77.9,40.7,46.7,42.2,230.0
2024-03-16 08:00:00,10.1,45.9,69.8,39.0,44.9,40.1,120.0
2024-03-16 09:00:00,11.5,45.3,72.2,39.7,45.8,41.0,140.0
2024-03-16 10:00:00,12.3,44.0,63.6,37.9,43.4,39.7,110.0
2024-03-16 11:00:00,13.8,43.0,39.6,37.1,35.7,35.8,50.0
2024-03-16 12:00:00,15.3,43.0,32.5,36.0,34.6,33.6,0.0
2024-03-16 13:00:00,16.1,43.0,30.9,35.0,31.4,31.3,0.0
2024-03-16 14:00:00,16.9,43.0,29.0,34.0,28.8,29.0,0.0
2024-03-16 15:00:00,16.9,43.0,28.1,32.9,29.4,28.4,0.0
2024-03-16 16:00:00,16.6,43.0,27.7,32.3,30.5,28.1,0.0
2024-03-16 17:00:00,15.7,43.0,27.3,31.3,28.7,27.5,0.0
2024-03-16 18:00:00,14.0,44.0,76.3,34.7,39.7,29.7,60.0
2024-03-16 19:00:00,13.3,44.0,72.5,38.7,44.7,40.9,200.0
2024-03-16 20:00:00,12.6,44.0,68.4,37.1,43.0,38.8,100.0
2024-03-16 21:00:00,11.9,45.5,72.1,38.8,44.8,40.0,130.0
2024-03-16 22:00:00,11.0,45.8,73.2,40.1,42.4,40.9,130.0
2024-03-16 23:00:00,10.4,46.2,35.6,38.9,36.7,35.0,0.0
2024-03-17 00:00:00,9.6,46.4,32.9,37.6,34.1,33.7,0.0
2024-03-17 01:00:00,9.3,46.6,30.8,36.2,30.2,30.2,0.0
2024-03-17 02:00:00,8.7,46.8,28.6,35.2,29.4,28.9,0.0
2024-03-17 03:00:00,8.5,46.9,28.1,34.2,29.6,28.1,0.0
2024-03-17 04:00:00,8.5,46.9,28.3,33.3,30.4,27.5,0.0
2024-03-17 05:00:00,8.7,46.8,27.8,32.5,30.0,27.1,0.0
2024-03-17 06:00:00,8.7,46.8,64.7,34.4,39.1,30.8,80.0
2024-03-17 07:00:00,9.1,46.7,77.3,41.3,47.3,42.7,220.0
2024-03-17 08:00:00,9.7,46.5,74.5,39.6,45.9,40.6,120.0
2024-03-17 09:00:00,10.6,46.0,77.1,40.7,46.9,41.4,150.0
2024-03-17 10:00:00,10.7,46.1,75.3,39.7,46.0,40.7,130.0
2024-03-17 11:00:00,12.1,45.5,73.8,39.8,45.9,41.2,140.0
2024-03-17 12:00:00,13.1,45.5,63.8,39.3,44.8,40.3,120.0
2024-03-17 13:00:00,13.9,44.0,64.6,39.1,44.7,41.0,140.0
2024-03-17 14:00:00,14.3,44.0,63.5,37.5,43.1,39.4,90.0
2024-03-17 15:00:00,13.9,44.0,65.6,38.0,43.8,39.5,120.0
2024-03-17 16:00:00,13.4,44.0,68.2,38.8,44.5,39.7,120.0
2024-03-17 17:00:00,12.5,44.0,67.1,38.1,43.9,39.9,120.0
2024-03-17 18:00:00,11.2,44.4,66.4,38.3,44.0,39.7,110.0
2024-03-17 19:00:00,10.2,45.1,74.1,39.6,45.8,40.9,140.0
2024-03-17 20:00:00,9.2,45.7,76.8,40.1,46.4,41.4,130.0
2024-03-17 21:00:00,8.7,46.1,77.5,39.9,46.4,41.0,130.0
2024-03-17 22:00:00,8.6,45.0,71.1,38.2,40.9,40.3,100.0
2024-03-17 23:00:00,7.8,45.2,35.2,37.1,36.0,34.8,0.0
2024-03-18 00:00:00,7.2,45.4,32.1,36.1,34.2,33.6,0.0
2024-03-18 01:00:00,7.2,45.4,30.6,35.3,31.3,30.7,0.0
2024-03-18 02:00:00,7.2,45.3,29.0,34.2,28.8,29.0,0.0
2024-03-18 03:00:00,6.7,45.4,28.5,33.5,29.1,28.2,0.0
2024-03-18 04:00:00,6.6,45.5,27.9,32.7,28.7,27.6,0.0
2024-03-18 05:00:00,6.6,45.5,26.6,27.2,30.2,27.1,0.0
2024-03-18 06:00:00,6.8,44.4,76.6,38.5,43.9,33.4,110.0
2024-03-18 07:00:00,7.1,44.3,79.6,38.1,44.2,40.6,180.0
2024-03-18 08:00:00,8.5,44.0,77.9,37.0,43.4,39.0,100.0
2024-03-18 09:00:00,9.7,43.6,76.8,37.0,43.2,39.1,110.0
2024-03-18 10:00:00,10.4,43.4,74.0,36.8,42.9,39.0,120.0
2024-03-18 11:00:00,12.6,43.0,58.7,36.1,37.0,36.9,70.0
2024-03-18 12:00:00,15.1,43.0,32.3,35.0,35.0,33.3,0.0
2024-03-18 13:00:00,15.5,43.0,30.6,34.1,32.1,32.3,0.0
2024-03-18 14:00:00,15.6,43.0,29.0,33.2,29.9,30.0,0.0
2024-03-18 15:00:00,15.8,43.0,28.2,32.4,29.2,28.7,0.0
2024-03-18 16:00:00,16.2,43.0,27.6,31.4,28.2,28.4,0.0
2024-03-18 17:00:00,15.3,43.0,27.3,30.9,30.0,27.6,0.0
2024-03-18 18:00:00,14.5,43.0,63.8,36.6,42.2,33.6,110.0
2024-03-18 19:00:00,14.0,43.0,71.7,37.5,43.2,40.0,150.0
2024-03-18 20:00:00,13.6,44.0,71.2,36.6,42.8,38.4,90.0
2024-03-18 21:00:00,13.1,44.0,71.8,38.8,44.9,39.8,140.0
2024-03-18 22:00:00,12.8,44.0,67.9,37.6,40.6,39.4,110.0
2024-03-18 23:00:00,12.8,44.0,33.5,36.3,36.0,34.4,0.0
2024-03-19 00:00:00,12.2,44.0,31.7,35.3,33.6,33.1,0.0
2024-03-19 01:00:00,11.3,44.1,30.0,34.2,31.5,30.9,0.0
2024-03-19 02:00:00,10.9,44.1,28.3,33.2,28.8,29.0,0.0
2024-03-19 03:00:00,10.3,44.2,27.1,32.0,28.1,28.2,0.0
2024-03-19 04:00:00,10.6,44.2,27.1,31.7,29.1,27.7,0.0
2024-03-19 05:00:00,10.3,44.2,27.0,26.5,31.2,27.1,0.0
2024-03-19 06:00:00,10.2,46.2,71.7,37.0,42.1,32.4,90.0
2024-03-19 07:00:00,10.2,46.4,81.3,40.2,46.3,42.3,210.0
2024-03-19 08:00:00,10.4,46.0,81.0,39.1,45.6,40.5,120.0
2024-03-19 09:00:00,11.2,45.6,79.5,39.3,45.8,40.8,130.0
2024-03-19 10:00:00,11.9,45.1,78.1,39.2,45.5,40.8,130.0
2024-03-19 11:00:00,12.7,42.0,72.7,35.7,41.6,38.6,90.0
2024-03-19 12:00:00,12.9,42.0,74.7,34.8,41.1,37.5,80.0
2024-03-19 13:00:00,13.1,42.0,69.3,35.6,41.4,38.0,100.0
2024-03-19 14:00:00,12.5,42.0,69.4,35.5,41.5,37.7,100.0
2024-03-19 15:00:00,12.0,42.0,70.8,35.8,41.8,37.9,100.0
2024-03-19 16:00:00,11.2,43.0,70.5,36.1,42.0,38.3,100.0
2024-03-19 17:00:00,10.2,45.5,71.0,38.5,44.7,39.5,120.0
2024-03-19 18:00:00,8.8,46.6,75.6,40.8,47.0,41.4,150.0
2024-03-19 19:00:00,8.1,47.2,78.0,41.2,47.5,42.1,150.0
2024-03-19 20:00:00,7.7,46.5,78.5,40.5,46.7,42.1,140.0
2024-03-19 21:00:00,6.6,47.0,78.8,40.9,47.4,41.4,130.0
2024-03-19 22:00:00,6.1,47.3,70.3,40.4,42.6,42.0,130.0
2024-03-19 23:00:00,5.5,47.6,35.4,39.3,37.4,35.7,0.0
2024-03-20 00:00:00,5.3,47.7,32.9,38.2,33.7,34.2,0.0
2024-03-20 01:00:00,4.9,48.1,30.9,37.1,30.9,30.9,0.0
2024-03-20 02:00:00,4.6,48.2,30.2,36.1,31.0,29.2,0.0
2024-03-20 03:00:00,4.0,48.7,29.7,35.2,31.5,28.2,0.0
2024-03-20 04:00:00,3.3,49.1,29.6,35.0,31.4,27.6,0.0
2024-03-20 05:00:00,3.2,47.6,24.4,36.2,27.5,27.0,0.0
2024-03-20 06:00:00,3.0,47.6,79.9,39.6,45.7,35.2,130.0
2024-03-20 07:00:00,3.4,47.4,84.1,40.7,46.9,42.4,200.0
2024-03-20 08:00:00,4.4,47.1,81.0,40.3,46.8,41.4,140.0
2024-03-20 09:00:00,6.3,46.4,79.5,40.3,46.7,41.4,150.0
2024-03-20 10:00:00,7.7,45.8,76.6,39.6,45.9,41.0,130.0
2024-03-20 11:00:00,8.8,45.4,75.2,39.2,45.3,40.6,140.0
2024-03-20 12:00:00,9.5,45.0,72.8,38.7,44.8,40.2,120.0
2024-03-20 13:00:00,10.4,44.6,71.5,38.4,44.4,40.0,120.0
2024-03-20 14:00:00,10.9,44.5,70.8,38.2,44.1,39.8,120.0
2024-03-20 15:00:00,11.1,44.3,71.2,38.2,44.1,39.7,120.0
2024-03-20 16:00:00,11.2,44.3,68.8,37.7,43.6,39.5,110.0
2024-03-20 17:00:00,11.0,44.3,68.9,37.8,43.8,39.4,110.0
2024-03-20 18:00:00,10.1,44.8,69.3,38.2,44.1,39.7,120.0
2024-03-20 19:00:00,9.0,45.2,74.8,39.5,45.8,40.6,140.0
2024-03-20 20:00:00,7.9,45.8,68.7,39.3,44.9,40.9,130.0
2024-03-20 21:00:00,7.0,46.0,78.7,40.5,47.0,41.3,140.0
2024-03-20 22:00:00,6.3,46.4,76.4,39.9,42.3,41.2,120.0
2024-03-20 23:00:00,5.7,46.6,37.0,38.6,36.4,34.9,0.0
2024-03-21 00:00:00,4.8,47.0,32.7,37.3,34.5,33.8,0.0
2024-03-21 01:00:00,4.6,47.1,31.0,35.9,30.7,31.3,0.0
2024-03-21 02:00:00,3.9,47.3,28.8,35.0,29.6,29.0,0.0
2024-03-21 03:00:00,3.3,47.4,28.0,34.1,29.0,28.1,0.0
2024-03-21 04:00:00,2.8,47.6,27.7,33.1,28.2,27.4,0.0
2024-03-21 05:00:00,2.9,47.6,26.5,31.3,26.9,27.0,0.0
2024-03-21 06:00:00,2.6,47.6,67.1,35.7,40.9,32.1,100.0
2024-03-21 07:00:00,3.1,47.5,83.8,42.9,49.4,43.4,240.0
2024-03-21 08:00:00,4.4,47.2,85.3,39.7,46.5,41.3,130.0
2024-03-21 09:00:00,6.0,44.7,79.7,38.9,45.3,40.7,130.0
2024-03-21 10:00:00,8.2,44.1,74.7,38.0,44.1,40.0,120.0
2024-03-21 11:00:00,9.2,43.7,72.6,37.1,43.0,39.2,110.0
2024-03-21 12:00:00,10.7,43.3,70.8,37.1,43.1,38.9,110.0
2024-03-21 13:00:00,12.7,43.0,42.1,36.3,34.7,34.6,40.0
2024-03-21 14:00:00,14.5,43.0,32.2,35.2,34.7,33.3,0.0
2024-03-21 15:00:00,14.9,43.0,30.7,34.2,30.9,31.1,0.0
2024-03-21 16:00:00,15.1,43.0,28.4,33.3,28.7,28.9,0.0
2024-03-21 17:00:00,14.8,43.0,27.8,32.5,29.6,28.4,0.0
2024-03-21 18:00:00,13.3,43.0,70.4,33.8,39.2,30.8,70.0
2024-03-21 19:00:00,12.2,43.0,70.3,38.6,44.2,40.3,180.0
2024-03-21 20:00:00,11.5,43.2,70.1,36.4,42.5,38.3,90.0
2024-03-21 21:00:00,10.9,43.8,70.2,38.3,44.3,39.5,120.0
2024-03-21 22:00:00,10.8,43.9,68.3,37.7,43.5,39.7,120.0
2024-03-21 23:00:00,10.1,44.3,35.8,36.5,35.8,34.4,0.0
2024-03-22 00:00:00,8.6,45.3,31.8,35.4,33.9,33.0,0.0
2024-03-22 01:00:00,8.1,45.8,30.0,34.5,30.2,30.2,0.0
2024-03-22 02:00:00,7.2,46.3,28.1,33.6,28.7,28.6,0.0
2024-03-22 03:00:00,6.9,46.6,27.8,32.8,29.0,27.7,0.0
2024-03-22 04:00:00,6.2,47.2,27.4,32.0,28.6,27.1,0.0
2024-03-22 05:00:00,5.4,47.7,26.8,31.3,28.3,26.4,0.0
2024-03-22 06:00:00,5.4,48.5,72.3,36.1,41.8,32.0,100.0
2024-03-22 07:00:00,6.5,47.6,84.4,43.5,49.8,44.0,240.0
2024-03-22 08:00:00,7.7,46.5,82.1,39.2,45.8,41.0,120.0
2024-03-22 09:00:00,9.3,45.0,76.0,39.1,45.2,40.8,130.0
2024-03-22 10:00:00,10.8,43.8,71.0,37.9,41.1,39.8,120.0
2024-03-22 11:00:00,12.6,43.0,34.0,36.6,36.9,34.2,0.0
2024-03-22 12:00:00,13.4,43.0,32.4,35.6,34.4,33.0,0.0
2024-03-22 13:00:00,14.6,43.0,30.6,35.0,30.4,30.0,0.0
2024-03-22 14:00:00,16.0,43.0,30.0,35.1,31.8,28.7,0.0
2024-03-22 15:00:00,16.6,43.0,30.1,34.9,31.8,28.9,0.0
2024-03-22 16:00:00,16.5,43.0,29.4,34.5,31.0,28.1,0.0
2024-03-22 17:00:00,16.0,43.0,29.2,34.0,31.5,27.5,0.0
2024-03-22 18:00:00,14.7,43.0,28.4,28.3,32.9,27.3,0.0
2024-03-22 19:00:00,13.0,43.0,70.9,38.9,44.0,35.8,170.0
2024-03-22 20:00:00,11.8,43.2,72.3,36.8,42.5,39.3,140.0
2024-03-22 21:00:00,10.5,44.8,71.7,38.5,44.6,38.8,110.0
2024-03-22 22:00:00,9.5,45.3,70.6,39.1,41.4,40.5,130.0
2024-03-22 23:00:00,9.1,45.6,34.4,37.8,36.7,34.6,0.0
2024-03-23 00:00:00,8.3,46.1,32.3,36.8,33.4,33.3,0.0
2024-03-23 01:00:00,7.9,46.4,30.1,35.8,31.0,30.3,0.0
2024-03-23 02:00:00,7.0,46.9,29.4,34.9,30.3,28.7,0.0
2024-03-23 03:00:00,6.1,47.3,29.1,34.2,30.0,28.1,0.0
2024-03-23 04:00:00,5.8,47.6,28.9,34.0,31.6,27.4,0.0
2024-03-23 05:00:00,5.6,47.6,28.7,33.8,30.7,26.8,0.0
2024-03-23 06:00:00,5.1,47.0,84.3,40.4,46.5,34.6,150.0
2024-03-23 07:00:00,5.8,46.7,81.5,39.7,46.0,41.7,190.0
2024-03-23 08:00:00,7.3,45.9,75.0,39.3,45.6,40.4,130.0
2024-03-23 09:00:00,9.1,45.2,70.5,39.5,45.2,40.8,140.0
2024-03-23 10:00:00,11.1,44.3,66.3,38.4,44.2,40.0,120.0
2024-03-23 11:00:00,12.9,44.0,65.1,38.3,43.9,40.0,130.0
2024-03-23 12:00:00,14.7,44.0,34.6,37.3,37.5,34.5,0.0
2024-03-23 13:00:00,15.8,44.0,33.0,36.2,35.1,33.6,0.0
2024-03-23 14:00:00,16.5,44.0,30.4,35.2,29.9,30.2,0.0
2024-03-23 15:00:00,16.8,44.0,28.8,34.3,29.3,29.3,0.0
2024-03-23 16:00:00,16.7,44.0,28.8,33.6,31.0,28.8,0.0
2024-03-23 17:00:00,16.5,44.0,28.4,33.0,31.1,28.1,0.0
2024-03-23 18:00:00,15.9,44.0,28.5,32.6,31.2,27.6,0.0
2024-03-23 19:00:00,14.6,44.0,28.3,32.2,30.8,27.4,0.0
2024-03-23 20:00:00,14.0,44.0,71.7,41.1,46.5,36.8,160.0
2024-03-23 21:00:00,14.0,44.0,65.2,37.4,42.8,39.7,130.0
2024-03-23 22:00:00,13.6,44.0,65.0,37.2,39.5,38.9,100.0
2024-03-23 23:00:00,13.2,44.0,37.1,36.2,34.4,33.8,0.0
2024-03-24 00:00:00,12.8,44.0,31.7,35.3,32.9,32.7,0.0
2024-03-24 01:00:00,12.4,44.0,29.9,34.5,30.5,30.2,0.0
2024-03-24 02:00:00,12.2,44.0,28.5,33.5,29.6,28.7,0.0
2024-03-24 03:00:00,11.3,44.2,28.7,32.6,30.6,28.3,0.0
2024-03-24 04:00:00,10.8,44.5,27.8,31.7,29.1,27.8,0.0
2024-03-24 05:00:00,10.0,44.8,26.4,30.9,28.2,27.4,0.0
2024-03-24 06:00:00,10.0,44.8,75.5,37.9,43.6,33.2,110.0
2024-03-24 07:00:00,10.7,44.6,73.4,38.6,44.3,40.7,180.0
2024-03-24 08:00:00,11.3,44.2,67.5,37.7,43.4,39.0,100.0
2024-03-24 09:00:00,12.7,44.0,71.8,38.5,44.5,39.9,130.0
2024-03-24 10:00:00,13.5,44.0,34.2,37.4,37.8,34.7,0.0
2024-03-24 11:00:00,16.2,44.0,32.7,36.2,34.3,33.5,0.0
2024-03-24 12:00:00,13.3,44.0,56.8,32.2,38.4,31.3,40.0
2024-03-24 13:00:00,12.6,44.0,72.5,38.7,44.5,40.7,200.0
2024-03-24 14:00:00,12.9,44.0,68.9,37.1,43.0,38.8,100.0
2024-03-24 15:00:00,11.3,44.2,71.7,38.8,44.8,39.9,130.0
2024-03-24 16:00:00,9.7,44.9,69.8,38.4,44.4,40.0,120.0
2024-03-24 17:00:00,8.1,45.6,79.3,40.0,46.4,41.1,150.0
2024-03-24 18:00:00,8.3,45.6,76.7,39.1,45.6,40.6,120.0
2024-03-24 19:00:00,7.5,46.0,78.8,39.9,46.2,41.1,140.0
2024-03-24 20:00:00,7.2,45.9,76.0,40.0,46.3,41.5,130.0
2024-03-24 21:00:00,7.4,45.9,76.9,39.4,45.9,41.1,130.0
2024-03-24 22:00:00,6.7,46.3,81.0,40.5,45.0,41.3,140.0
2024-03-24 23:00:00,6.7,46.3,36.9,39.0,38.1,35.3,0.0
2024-03-25 00:00:00,6.2,46.5,33.0,37.6,33.8,33.9,0.0
2024-03-25 01:00:00,6.4,46.3,31.0,36.4,31.3,31.8,0.0
2024-03-25 02:00:00,6.5,46.3,29.8,35.4,30.3,29.6,0.0
2024-03-25 03:00:00,6.4,46.3,28.9,34.4,29.7,28.4,0.0
2024-03-25 04:00:00,6.3,46.4,28.4,33.4,29.1,27.7,0.0
2024-03-25 05:00:00,6.2,46.4,27.7,29.5,30.0,27.2,0.0
2024-03-25 06:00:00,6.5,48.8,68.4,36.0,41.3,33.0,100.0
2024-03-25 07:00:00,7.1,48.1,81.2,44.6,51.0,43.5,240.0
2024-03-25 08:00:00,7.8,47.6,83.6,40.1,46.8,41.6,120.0
2024-03-25 09:00:00,8.1,47.2,82.2,40.0,46.7,41.3,140.0
2024-03-25 10:00:00,7.9,46.7,82.5,40.4,47.1,41.6,150.0
2024-03-25 11:00:00,9.8,45.7,81.0,39.7,46.1,41.4,130.0
2024-03-25 12:00:00,9.9,45.5,80.5,38.9,45.3,40.5,130.0
2024-03-25 13:00:00,10.7,43.0,73.7,36.5,42.4,39.3,100.0
2024-03-25 14:00:00,11.1,42.9,74.2,36.2,42.3,38.3,100.0
2024-03-25 15:00:00,11.1,42.8,72.7,36.7,42.7,38.8,110.0
2024-03-25 16:00:00,12.0,42.0,70.9,36.6,42.6,38.8,90.0
2024-03-25 17:00:00,11.4,42.6,70.7,36.1,42.1,38.3,100.0
2024-03-25 18:00:00,9.7,43.8,71.4,37.3,43.4,38.9,120.0
2024-03-25 19:00:00,8.6,44.8,77.6,39.0,45.3,40.6,130.0
2024-03-25 20:00:00,7.5,45.7,74.4,39.3,45.5,40.8,130.0
2024-03-25 21:00:00,6.8,46.5,80.0,40.4,47.0,41.3,140.0
2024-03-25 22:00:00,6.1,47.1,75.7,40.4,42.8,41.9,130.0
2024-03-25 23:00:00,6.0,47.3,35.4,39.1,37.4,35.7,0.0
2024-03-26 00:00:00,5.5,47.4,33.2,37.9,34.3,34.4,0.0
2024-03-26 01:00:00,4.8,48.1,31.0,36.7,30.6,30.7,0.0
2024-03-26 02:00:00,4.3,48.3,29.1,35.5,29.8,29.1,0.0
2024-03-26 03:00:00,4.2,48.5,29.4,34.7,31.3,28.3,0.0
2024-03-26 04:00:00,3.4,49.0,28.6,33.9,30.0,27.7,0.0
2024-03-26 05:00:00,2.9,48.1,32.6,34.3,36.6,27.2,0.0
2024-03-26 06:00:00,2.8,48.2,71.2,37.7,43.0,33.6,120.0
2024-03-26 07:00:00,4.0,47.5,84.6,41.9,48.2,43.5,220.0
2024-03-26 08:00:00,6.5,45.8,82.7,38.9,45.4,40.7,120.0
2024-03-26 09:00:00,8.9,44.3,75.9,37.7,43.7,39.7,120.0
2024-03-26 10:00:00,10.6,42.8,76.2,36.8,43.1,39.0,110.0
2024-03-26 11:00:00,12.3,42.0,70.7,36.1,42.1,38.5,100.0
2024-03-26 12:00:00,13.3,42.0,70.4,35.6,41.6,38.1,90.0
2024-03-26 13:00:00,14.8,42.0,32.3,34.4,35.5,33.3,0.0
2024-03-26 14:00:00,14.9,42.0,31.0,33.5,33.7,32.4,0.0
2024-03-26 15:00:00,14.1,44.0,65.6,34.3,39.8,32.5,60.0
2024-03-26 16:00:00,13.4,44.0,72.4,38.7,44.5,40.9,190.0
2024-03-26 17:00:00,12.7,44.0,72.1,37.4,43.6,39.1,100.0
2024-03-26 18:00:00,11.5,44.1,74.9,38.2,44.4,39.7,130.0
2024-03-26 19:00:00,11.2,44.3,75.7,38.7,44.9,40.2,130.0
2024-03-26 20:00:00,10.9,44.5,68.4,37.8,43.7,39.8,110.0
2024-03-26 21:00:00,10.4,44.6,75.9,38.8,45.2,40.2,130.0
2024-03-26 22:00:00,10.0,43.3,69.1,37.1,39.8,39.4,90.0
2024-03-26 23:00:00,9.8,43.5,34.4,36.0,35.6,34.2,0.0
2024-03-27 00:00:00,9.2,43.9,31.6,35.1,33.3,33.1,0.0
2024-03-27 01:00:00,9.1,44.1,29.7,34.3,30.7,30.2,0.0
2024-03-27 02:00:00,9.3,43.9,28.8,33.5,30.4,28.5,0.0
2024-03-27 03:00:00,9.2,44.0,28.7,33.0,30.7,28.0,0.0
2024-03-27 04:00:00,9.4,43.9,28.8,33.5,31.0,27.5,0.0
2024-03-27 05:00:00,9.5,43.7,28.8,33.6,30.8,27.1,0.0
2024-03-27 06:00:00,9.7,44.2,69.8,36.2,41.8,32.4,90.0
2024-03-27 07:00:00,10.5,43.8,76.6,38.2,44.0,40.6,190.0
2024-03-27 08:00:00,11.9,43.0,73.1,36.3,42.3,38.3,90.0
2024-03-27 09:00:00,13.4,43.0,71.7,36.3,42.4,38.5,110.0
2024-03-27 10:00:00,15.2,43.0,41.5,35.6,34.9,34.8,40.0
2024-03-27 11:00:00,16.2,43.0,32.0,34.5,34.4,33.0,0.0
2024-03-27 12:00:00,17.8,43.0,30.3,33.6,32.0,31.8,0.0
2024-03-27 13:00:00,19.2,43.0,28.7,32.8,29.9,29.0,0.0
2024-03-27 14:00:00,19.1,43.0,28.6,32.6,30.9,28.4,0.0
2024-03-27 15:00:00,19.1,43.0,29.0,33.1,31.5,27.9,0.0
2024-03-27 16:00:00,18.5,43.0,28.9,33.0,31.2,27.5,0.0
2024-03-27 17:00:00,17.6,43.0,28.7,32.9,31.0,27.2,0.0
2024-03-27 18:00:00,16.3,43.0,28.5,32.6,30.9,27.1,0.0
2024-03-27 19:00:00,15.3,43.0,28.3,32.3,30.8,27.0,0.0
2024-03-27 20:00:00,15.1,43.0,71.9,36.6,42.0,32.4,90.0
2024-03-27 21:00:00,14.9,43.0,70.0,37.4,43.0,39.8,170.0
2024-03-27 22:00:00,15.0,43.0,66.1,35.8,38.4,37.8,70.0
2024-03-27 23:00:00,14.7,43.0,33.2,34.7,34.3,33.3,0.0
2024-03-28 00:00:00,14.8,43.0,30.6,33.7,32.1,32.1,0.0
2024-03-28 01:00:00,14.8,43.0,29.2,32.7,30.8,29.8,0.0
2024-03-28 02:00:00,14.3,43.0,28.2,32.0,30.8,28.5,0.0
2024-03-28 03:00:00,14.7,43.0,27.8,31.3,30.1,28.0,0.0
2024-03-28 04:00:00,14.1,43.0,27.5,30.7,29.9,27.5,0.0
2024-03-28 05:00:00,13.1,43.0,27.7,31.6,30.6,27.2,0.0
2024-03-28 06:00:00,12.9,45.0,68.8,35.7,41.3,32.2,100.0
2024-03-28 07:00:00,13.4,45.0,72.4,39.4,45.1,41.6,190.0
2024-03-28 08:00:00,14.2,45.0,71.9,38.3,44.4,39.5,110.0
2024-03-28 09:00:00,15.5,45.0,37.4,37.4,36.3,34.4,0.0
2024-03-28 10:00:00,18.1,45.0,32.4,36.2,34.4,33.0,0.0
2024-03-28 11:00:00,18.0,45.0,30.7,35.1,31.5,30.3,0.0
2024-03-28 12:00:00,18.7,45.0,29.4,34.2,31.1,28.7,0.0
2024-03-28 13:00:00,19.4,45.0,29.9,32.7,30.4,28.3,0.0
2024-03-28 14:00:00,19.1,45.0,29.6,34.4,31.7,28.1,0.0
2024-03-28 15:00:00,19.0,45.0,29.6,34.5,31.6,27.7,0.0
2024-03-28 16:00:00,18.5,45.0,29.5,34.3,31.5,27.5,0.0
2024-03-28 17:00:00,17.8,45.0,29.4,34.1,31.8,27.4,0.0
2024-03-28 18:00:00,16.8,45.0,29.2,33.8,31.5,27.4,0.0
2024-03-28 19:00:00,15.7,45.0,28.9,33.4,31.2,27.2,0.0
2024-03-28 20:00:00,15.0,44.0,72.1,41.5,46.9,37.3,180.0
2024-03-28 21:00:00,14.4,44.0,67.7,37.3,42.9,39.5,120.0
2024-03-28 22:00:00,13.9,44.0,69.4,37.7,40.1,39.2,110.0
2024-03-28 23:00:00,13.8,44.0,33.3,36.3,35.9,34.0,0.0
2024-03-29 00:00:00,14.5,44.0,31.5,35.2,33.5,32.6,0.0
2024-03-29 01:00:00,14.2,44.0,29.9,34.2,30.7,30.3,0.0
2024-03-29 02:00:00,14.1,44.0,28.5,33.2,29.0,28.8,0.0
2024-03-29 03:00:00,12.7,44.0,27.3,32.4,29.3,28.2,0.0
2024-03-29 04:00:00,11.9,44.0,27.7,31.7,29.9,27.8,0.0
2024-03-29 05:00:00,11.3,44.5,32.0,33.2,36.2,27.4,0.0
2024-03-29 06:00:00,11.1,44.6,75.9,38.4,43.8,33.0,110.0
2024-03-29 07:00:00,12.2,44.0,72.5,37.7,43.6,40.2,170.0
2024-03-29 08:00:00,13.7,44.0,72.4,37.5,42.9,39.1,100.0
2024-03-29 09:00:00,15.2,44.0,34.2,36.1,36.0,34.0,0.0
2024-03-29 10:00:00,17.4,44.0,31.8,35.1,33.9,32.9,0.0
2024-03-29 11:00:00,18.2,44.0,30.1,34.1,30.3,30.3,0.0
2024-03-29 12:00:00,19.1,44.0,28.7,33.2,30.0,29.5,0.0
2024-03-29 13:00:00,20.0,44.0,28.6,32.3,31.0,28.6,0.0
2024-03-29 14:00:00,21.2,44.0,28.4,31.6,31.2,28.1,0.0
2024-03-29 15:00:00,21.6,44.0,28.0,31.3,30.8,27.9,0.0
2024-03-29 16:00:00,21.6,44.0,28.0,31.3,30.9,27.6,0.0
2024-03-29 17:00:00,21.3,44.0,28.0,31.2,30.7,27.4,0.0
2024-03-29 18:00:00,19.2,44.0,27.9,31.2,30.8,27.4,0.0
2024-03-29 19:00:00,18.3,44.0,28.0,31.4,30.9,27.2,0.0
2024-03-29 20:00:00,17.1,44.0,27.9,31.2,30.8,27.2,0.0
2024-03-29 21:00:00,16.0,44.0,27.8,31.0,30.4,27.1,0.0
2024-03-29 22:00:00,15.6,44.0,27.6,30.7,30.5,27.0,0.0
2024-03-29 23:00:00,15.1,44.0,27.4,30.4,30.2,26.9,0.0
2024-03-30 00:00:00,14.1,44.0,27.1,30.0,30.0,26.7,0.0
2024-03-30 01:00:00,13.2,44.0,26.8,29.7,29.7,26.6,0.0
2024-03-30 02:00:00,12.6,44.0,26.6,29.4,29.3,26.4,0.0
2024-03-30 03:00:00,12.1,44.0,26.3,29.1,29.2,26.3,0.0
2024-03-30 04:00:00,12.4,44.0,26.0,28.8,29.1,26.2,0.0
2024-03-30 05:00:00,12.5,44.0,25.8,28.4,28.7,26.2,0.0
2024-03-30 06:00:00,12.7,44.0,25.6,28.1,28.5,26.1,0.0
2024-03-30 07:00:00,13.3,44.0,25.2,27.7,28.2,26.0,0.0
2024-03-30 08:00:00,15.7,44.0,56.2,35.0,33.9,33.2,100.0
2024-03-30 09:00:00,18.1,44.0,30.8,32.8,33.4,31.1,0.0
2024-03-30 10:00:00,19.5,44.0,29.5,31.9,31.9,30.3,0.0
2024-03-30 11:00:00,21.2,44.0,28.4,31.1,30.0,28.9,0.0
2024-03-30 12:00:00,22.4,44.0,27.0,30.1,29.7,27.8,0.0
2024-03-30 13:00:00,23.1,44.0,26.8,29.3,30.0,27.6,0.0
2024-03-30 14:00:00,23.7,44.0,27.0,29.1,30.1,27.4,0.0
2024-03-30 15:00:00,23.7,44.0,27.1,29.1,30.4,27.5,0.0
2024-03-30 16:00:00,23.4,44.0,27.1,29.1,30.2,27.5,0.0
2024-03-30 17:00:00,22.9,44.0,27.0,29.1,30.2,27.4,0.0
2024-03-30 18:00:00,22.1,44.0,26.9,29.2,30.1,27.2,0.0
2024-03-30 19:00:00,20.9,44.0,26.8,29.0,30.0,27.2,0.0
2024-03-30 20:00:00,20.5,44.0,26.7,28.8,30.0,27.2,0.0
2024-03-30 21:00:00,19.6,44.0,26.6,28.6,29.8,27.1,0.0
2024-03-30 22:00:00,18.6,44.0,26.4,28.3,29.7,27.1,0.0
2024-03-30 23:00:00,18.7,44.0,26.3,28.1,29.4,27.1,0.0
2024-03-31 00:00:00,17.3,44.0,26.1,27.8,29.3,27.0,0.0
2024-03-31 01:00:00,16.9,44.0,25.9,27.6,29.1,26.8,0.0
2024-03-31 02:00:00,16.7,44.0,25.8,27.45,28.95,26.85,0.0
2024-03-31 03:00:00,16.5,44.0,25.7,27.3,28.8,26.9,0.0
2024-03-31 04:00:00,15.7,44.0,25.4,27.1,28.6,26.6,0.0
2024-03-31 05:00:00,14.7,44.0,25.1,26.8,28.4,26.6,0.0
2024-03-31 06:00:00,13.8,44.0,24.9,26.6,28.2,26.5,0.0
2024-03-31 07:00:00,14.4,44.0,24.7,26.3,28.0,26.2,0.0
2024-03-31 08:00:00,16.5,44.0,24.5,26.1,27.8,26.1,0.0
2024-03-31 09:00:00,18.0,44.0,24.4,25.8,27.8,26.0,0.0
2024-03-31 10:00:00,19.4,44.0,24.2,25.5,27.6,26.0,0.0
2024-03-31 11:00:00,21.3,44.0,24.0,25.3,27.6,26.0,0.0
2024-03-31 12:00:00,21.7,44.0,23.8,25.0,27.3,25.8,0.0
2024-03-31 13:00:00,22.1,44.0,23.7,24.7,27.2,25.8,0.0
2024-03-31 14:00:00,23.8,44.0,23.5,24.5,27.0,25.7,0.0
2024-03-31 15:00:00,24.1,44.0,23.4,24.3,27.0,25.7,0.0
2024-03-31 16:00:00,24.5,44.0,23.2,24.0,26.9,25.6,0.0
2024-03-31 17:00:00,23.9,44.0,23.0,23.7,26.8,25.6,0.0
2024-03-31 18:00:00,22.7,44.0,22.8,23.5,26.6,25.4,0.0
2024-03-31 19:00:00,22.1,44.0,22.6,23.2,26.3,25.5,0.0
2024-03-31 20:00:00,20.4,44.0,22.4,23.0,26.2,25.4,0.0
2024-03-31 21:00:00,19.7,44.0,22.2,22.8,25.8,25.3,0.0
2024-03-31 22:00:00,18.7,44.0,22.1,22.6,25.8,25.2,0.0
2024-03-31 23:00:00,18.6,44.0,22.1,22.0,26.0,25.1,0.0
