datetime,t_amb,t_ref,t_sup_prim,t_ret_prim,t_sup_sec,t_ret_sec,delta_e
2019-11-01 07:00:00,7.1,45.1,66.4,42.0,43.6,39.7,496.0
2019-11-01 08:00:00,7.5,44.9,78.1,42.6,45.0,38.9,318.0
2019-11-01 09:00:00,8.3,44.5,77.1,42.0,44.5,38.5,302.0
2019-11-01 10:00:00,9.0,44.2,74.2,41.4,43.7,37.9,289.0
2019-11-01 11:00:00,9.5,44.0,74.0,42.4,44.7,38.4,303.0
2019-11-01 12:00:00,9.7,43.9,73.6,41.2,43.4,37.8,275.0
2019-11-01 13:00:00,9.9,43.2,73.1,41.3,43.6,38.0,283.0
2019-11-01 14:00:00,9.8,43.3,71.9,39.7,37.4,36.9,200.0
2019-11-01 15:00:00,8.6,43.4,68.5,31.0,28.7,28.3,0.0
2019-11-01 16:00:00,8.3,43.5,71.3,40.8,41.4,28.5,128.0
2019-11-01 17:00:00,8.1,43.5,46.3,39.6,39.3,36.2,315.0
2019-11-01 18:00:00,8.1,43.5,76.5,40.0,42.6,37.7,321.0
2019-11-01 19:00:00,8.0,43.5,71.9,41.7,43.8,38.1,281.0
2019-11-01 20:00:00,8.3,43.5,72.5,41.6,44.0,37.8,265.0
2019-11-01 21:00:00,8.4,43.5,73.4,39.2,37.5,37.0,232.0
2019-11-01 22:00:00,8.7,43.4,69.4,32.1,29.5,29.1,0.0
2019-11-01 23:00:00,8.9,43.4,65.9,28.3,26.7,26.2,0.0
2019-11-02 00:00:00,8.5,43.5,63.3,25.6,25.4,25.0,0.0
2019-11-02 01:00:00,8.3,43.5,62.1,24.5,24.8,24.4,0.0
2019-11-02 02:00:00,8.4,43.5,61.3,24.0,24.3,24.0,0.0
2019-11-02 03:00:00,9.0,43.4,59.3,23.6,24.1,23.7,0.0
2019-11-02 04:00:00,9.5,43.3,58.1,23.4,24.0,23.5,0.0
2019-11-02 05:00:00,9.6,43.3,56.8,23.3,24.0,23.4,0.0
2019-11-02 06:00:00,9.4,43.4,55.4,23.1,23.7,23.2,0.0
2019-11-02 07:00:00,9.3,43.4,72.1,41.0,41.7,28.8,176.0
2019-11-02 08:00:00,9.7,43.3,71.7,39.9,42.1,37.6,403.0
2019-11-02 09:00:00,10.9,43.1,70.6,41.4,43.2,37.5,282.0
2019-11-02 10:00:00,12.0,43.0,71.2,41.8,43.7,37.6,283.0
2019-11-02 11:00:00,13.4,43.0,67.2,36.5,33.2,32.8,138.0
2019-11-02 12:00:00,14.4,43.0,65.3,31.3,28.7,28.2,45.0
2019-11-02 13:00:00,15.0,43.0,61.3,27.7,25.9,25.6,0.0
2019-11-02 14:00:00,16.2,43.0,58.3,26.0,24.7,24.5,0.0
2019-11-02 15:00:00,15.7,43.0,55.9,24.8,24.1,23.7,0.0
2019-11-02 16:00:00,14.9,43.0,54.2,24.1,23.7,23.3,0.0
2019-11-02 17:00:00,14.5,43.0,52.9,23.6,23.4,23.1,0.0
2019-11-02 18:00:00,14.1,44.0,51.4,23.1,23.4,23.0,0.0
2019-11-02 19:00:00,13.7,44.0,43.8,27.6,25.7,25.4,85.0
2019-11-02 20:00:00,14.1,44.0,71.2,42.0,39.7,39.3,484.0
2019-11-02 21:00:00,13.5,44.0,54.5,35.0,34.9,34.7,124.0
2019-11-02 22:00:00,13.4,44.0,73.1,41.5,39.4,38.9,287.0
2019-11-02 23:00:00,13.0,44.0,70.3,32.9,30.0,29.7,0.0
2019-11-03 00:00:00,13.0,44.0,67.8,27.8,26.9,26.4,0.0
2019-11-03 01:00:00,12.8,44.0,65.4,25.7,25.5,25.1,0.0
2019-11-03 02:00:00,12.5,44.0,63.9,24.4,25.0,24.4,0.0
2019-11-03 03:00:00,12.4,44.0,63.4,24.2,24.5,24.1,0.0
2019-11-03 04:00:00,12.5,44.0,61.9,23.8,24.5,23.9,0.0
2019-11-03 05:00:00,12.5,44.0,60.4,23.7,24.4,23.8,0.0
2019-11-03 06:00:00,12.5,44.0,62.0,36.5,36.5,25.8,99.0
2019-11-03 07:00:00,12.6,44.0,68.6,41.6,43.3,38.8,457.0
2019-11-03 08:00:00,14.0,44.0,61.0,39.3,33.8,33.6,154.0
2019-11-03 09:00:00,17.1,44.0,59.9,30.3,27.9,27.6,0.0
2019-11-03 10:00:00,17.6,44.0,59.5,26.6,25.9,25.5,0.0
2019-11-03 11:00:00,17.4,44.0,59.5,26.6,25.8,25.5,0.0
2019-11-03 12:00:00,17.4,44.0,57.5,24.3,24.4,24.1,0.0
2019-11-03 13:00:00,17.2,44.0,57.3,23.8,24.2,23.8,0.0
2019-11-03 14:00:00,16.8,44.0,56.9,23.6,24.3,23.7,0.0
2019-11-03 15:00:00,16.8,44.0,54.9,23.7,45.5,23.8,0.0
2019-11-03 16:00:00,17.2,44.0,52.1,24.0,45.9,24.0,0.0
2019-11-03 17:00:00,17.1,44.0,47.5,24.1,41.8,24.3,0.0
2019-11-03 18:00:00,16.2,44.0,48.3,24.7,42.5,24.4,0.0
2019-11-03 19:00:00,15.9,44.0,47.0,24.9,41.8,24.5,0.0
2019-11-03 20:00:00,15.7,42.0,45.8,25.0,41.1,24.3,0.0
2019-11-03 21:00:00,15.5,42.0,70.4,44.5,43.3,29.1,202.0
2019-11-03 22:00:00,13.9,42.0,49.0,40.2,32.3,32.0,210.0
2019-11-03 23:00:00,13.3,42.0,45.0,37.2,27.0,26.7,0.0
2019-11-04 00:00:00,13.6,42.0,43.2,32.8,25.0,24.8,0.0
2019-11-04 01:00:00,12.8,42.0,41.1,29.9,24.1,23.8,0.0
2019-11-04 02:00:00,16.7,42.0,39.6,27.5,23.6,23.5,0.0
2019-11-04 03:00:00,16.8,42.0,37.4,26.7,23.3,23.2,0.0
2019-11-04 04:00:00,16.8,42.0,35.7,26.2,23.2,23.0,0.0
2019-11-04 05:00:00,17.0,42.0,34.2,25.7,23.1,22.9,0.0
2019-11-04 06:00:00,17.6,42.0,53.0,33.3,32.8,24.4,70.0
2019-11-04 07:00:00,16.9,42.0,58.2,39.6,40.9,37.3,405.0
2019-11-04 08:00:00,18.3,42.0,70.3,39.8,36.5,36.4,231.0
2019-11-04 09:00:00,20.5,42.0,62.7,36.4,28.8,28.6,0.0
2019-11-04 10:00:00,20.2,42.0,55.6,34.8,26.2,25.9,0.0
2019-11-04 11:00:00,20.2,42.0,49.8,33.3,25.0,24.7,0.0
2019-11-04 12:00:00,20.3,42.0,58.7,26.4,36.4,25.0,0.0
2019-11-04 13:00:00,19.0,42.0,57.7,24.9,45.2,24.8,0.0
2019-11-04 14:00:00,19.7,42.0,53.1,24.7,42.9,24.7,0.0
2019-11-04 15:00:00,19.6,42.0,50.8,24.8,41.2,24.7,0.0
2019-11-04 16:00:00,18.9,42.0,51.3,24.9,41.9,24.7,0.0
2019-11-04 17:00:00,18.1,42.0,50.8,25.0,43.1,24.6,0.0
2019-11-04 18:00:00,17.0,42.0,47.9,24.8,41.5,24.5,0.0
2019-11-04 19:00:00,17.2,42.0,48.6,25.0,41.6,24.4,0.0
2019-11-04 20:00:00,16.6,42.0,47.4,24.8,41.3,24.4,0.0
2019-11-04 21:00:00,15.2,42.0,47.1,24.8,41.3,24.2,0.0
2019-11-04 22:00:00,14.7,42.0,46.5,24.9,41.4,24.1,0.0
2019-11-04 23:00:00,13.7,42.0,45.6,24.8,40.8,24.0,0.0
2019-11-05 00:00:00,12.6,42.0,44.5,24.8,40.1,23.9,0.0
2019-11-05 01:00:00,11.6,42.0,43.4,24.7,39.2,23.8,0.0
2019-11-05 02:00:00,10.3,42.4,42.4,24.6,38.2,23.7,0.0
2019-11-05 03:00:00,9.8,42.6,41.5,24.4,37.5,23.6,0.0
2019-11-05 04:00:00,9.4,42.7,40.6,24.1,36.5,23.4,0.0
2019-11-05 05:00:00,9.4,42.7,39.8,23.9,35.9,23.2,0.0
2019-11-05 06:00:00,8.5,43.0,39.2,23.6,35.2,22.9,0.0
2019-11-05 07:00:00,9.0,42.8,75.5,46.1,46.0,34.7,363.0
2019-11-05 08:00:00,11.5,42.1,76.8,40.3,42.7,37.1,315.0
2019-11-05 09:00:00,14.4,42.0,66.0,31.3,44.5,31.1,0.0
2019-11-05 10:00:00,18.1,42.0,63.0,30.6,46.5,30.3,0.0
2019-11-05 11:00:00,19.1,42.0,55.4,29.8,41.1,29.9,0.0
2019-11-05 12:00:00,19.3,42.0,54.7,29.3,42.9,28.8,0.0
2019-11-05 13:00:00,20.8,42.0,56.1,29.0,42.9,28.3,0.0
2019-11-05 14:00:00,20.4,42.0,52.6,28.6,41.1,27.7,0.0
2019-11-05 15:00:00,19.8,42.0,53.3,28.5,41.4,27.2,0.0
2019-11-05 16:00:00,20.0,42.0,53.6,27.5,42.2,26.9,0.0
2019-11-05 17:00:00,19.6,42.0,50.5,26.8,40.5,26.5,0.0
2019-11-05 18:00:00,19.3,42.0,51.6,26.5,42.5,25.9,0.0
2019-11-05 19:00:00,19.1,42.0,49.1,26.2,41.4,25.5,0.0
2019-11-05 20:00:00,18.3,42.0,50.0,26.0,41.7,25.0,0.0
2019-11-05 21:00:00,18.2,42.0,48.7,25.6,41.7,25.1,0.0
2019-11-05 22:00:00,17.4,42.0,48.3,25.5,41.5,25.0,0.0
2019-11-05 23:00:00,17.1,42.0,47.8,25.6,41.7,24.8,0.0
2019-11-06 00:00:00,17.9,42.0,47.0,25.5,41.6,24.6,0.0
2019-11-06 01:00:00,17.6,42.0,46.5,25.4,41.4,24.4,0.0
2019-11-06 02:00:00,17.6,42.0,45.8,25.2,41.3,24.1,0.0
2019-11-06 03:00:00,16.9,42.0,45.4,25.2,41.4,24.0,0.0
2019-11-06 04:00:00,16.5,42.0,44.8,25.1,41.2,24.0,0.0
2019-11-06 05:00:00,15.2,42.0,44.6,25.6,41.8,24.0,0.0
2019-11-06 06:00:00,14.3,42.0,44.1,26.8,42.3,23.8,0.0
2019-11-06 07:00:00,14.4,42.0,42.4,26.8,41.2,23.7,0.0
2019-11-06 08:00:00,16.4,42.0,39.7,29.1,39.2,23.7,0.0
2019-11-06 09:00:00,18.1,42.0,36.1,29.0,36.0,23.6,0.0
2019-11-06 10:00:00,18.7,42.0,34.6,27.4,34.6,23.6,0.0
2019-11-06 11:00:00,19.9,42.0,34.3,26.5,33.6,23.5,0.0
2019-11-06 12:00:00,19.7,42.0,29.1,26.0,34.1,23.2,0.0
2019-11-06 13:00:00,16.7,42.0,27.1,27.4,29.8,23.9,0.0
2019-11-06 14:00:00,16.3,42.0,26.3,25.1,29.9,24.0,0.0
2019-11-06 15:00:00,15.8,42.0,26.7,26.0,27.4,24.1,0.0
2019-11-06 16:00:00,15.5,42.0,26.6,25.8,26.7,24.1,0.0
2019-11-06 17:00:00,15.0,42.0,26.4,25.5,26.5,24.2,0.0
2019-11-06 18:00:00,14.6,42.0,26.1,25.2,26.3,24.1,0.0
2019-11-06 19:00:00,14.5,42.0,25.8,24.8,26.0,23.9,0.0
2019-11-06 20:00:00,14.2,50.0,26.9,25.9,26.0,24.0,0.0
2019-11-06 21:00:00,14.3,50.0,65.9,41.2,39.0,38.4,452.0
2019-11-06 22:00:00,14.1,50.0,53.2,38.6,33.7,31.2,0.0
2019-11-06 23:00:00,13.9,50.0,53.8,38.2,33.1,31.3,0.0
2019-11-07 00:00:00,13.8,50.0,46.9,30.5,29.9,28.3,0.0
2019-11-07 01:00:00,13.6,50.0,44.1,29.2,31.3,27.7,0.0
2019-11-07 02:00:00,13.9,50.0,41.2,28.3,30.4,27.6,0.0
2019-11-07 03:00:00,13.7,50.0,38.7,27.5,30.2,27.4,0.0
2019-11-07 04:00:00,13.3,50.0,36.8,26.8,29.6,26.9,0.0
2019-11-07 05:00:00,13.2,50.0,35.1,26.2,29.1,26.6,0.0
2019-11-07 06:00:00,13.0,44.0,59.9,36.6,41.3,25.3,99.0
2019-11-07 07:00:00,13.2,44.0,67.6,44.7,45.6,39.5,452.0
2019-11-07 08:00:00,13.6,44.0,66.9,42.2,43.4,38.1,273.0
2019-11-07 09:00:00,13.5,44.0,67.7,42.2,43.5,37.8,273.0
2019-11-07 10:00:00,14.4,43.0,66.7,41.9,43.4,37.8,270.0
2019-11-07 11:00:00,15.0,42.0,50.1,40.1,33.7,33.6,142.0
2019-11-07 12:00:00,16.2,42.0,57.3,32.2,33.0,31.4,0.0
2019-11-07 13:00:00,16.4,42.0,57.3,31.0,45.2,30.8,0.0
2019-11-07 14:00:00,15.9,42.0,52.9,30.3,43.0,30.5,0.0
2019-11-07 15:00:00,15.5,42.0,48.2,29.7,40.1,30.3,0.0
2019-11-07 16:00:00,15.1,42.0,51.1,29.7,41.8,29.6,0.0
2019-11-07 17:00:00,14.7,42.0,55.3,42.8,42.0,36.7,322.0
2019-11-07 18:00:00,14.9,42.0,42.8,36.1,32.1,31.4,0.0
2019-11-07 19:00:00,14.6,42.0,58.7,38.5,38.1,29.7,93.0
2019-11-07 20:00:00,14.7,42.0,71.1,39.5,41.4,37.3,357.0
2019-11-07 21:00:00,14.6,42.0,47.3,39.0,33.4,33.1,130.0
2019-11-07 22:00:00,14.6,42.0,35.5,38.6,31.9,31.2,0.0
2019-11-07 23:00:00,14.4,42.0,34.8,35.8,31.3,30.4,0.0
2019-11-08 00:00:00,14.4,42.0,33.5,33.4,31.4,30.3,0.0
2019-11-08 01:00:00,14.3,42.0,32.7,31.9,30.9,30.1,0.0
2019-11-08 02:00:00,14.6,42.0,32.0,30.7,30.5,29.8,0.0
2019-11-08 03:00:00,14.2,42.0,31.4,29.6,29.9,29.6,0.0
2019-11-08 04:00:00,14.2,42.0,30.7,28.7,29.3,29.6,0.0
2019-11-08 05:00:00,13.4,42.0,30.0,28.0,29.0,29.0,0.0
2019-11-08 06:00:00,12.9,42.0,29.3,27.4,28.4,27.6,0.0
2019-11-08 07:00:00,13.0,42.0,66.8,40.5,41.3,31.5,210.0
2019-11-08 08:00:00,13.5,42.0,71.9,40.2,42.1,37.8,350.0
2019-11-08 09:00:00,14.6,42.0,68.9,35.2,32.5,32.1,102.0
2019-11-08 10:00:00,15.7,42.0,66.3,31.1,43.5,30.9,0.0
2019-11-08 11:00:00,16.7,42.0,61.1,30.3,46.1,29.6,0.0
2019-11-08 12:00:00,17.1,42.0,54.5,29.7,40.7,29.3,0.0
2019-11-08 13:00:00,18.5,42.0,54.2,29.1,43.0,28.6,0.0
2019-11-08 14:00:00,18.4,42.0,53.3,28.7,42.4,28.5,0.0
2019-11-08 15:00:00,18.3,42.0,51.7,28.3,42.0,27.8,0.0
2019-11-08 16:00:00,18.3,42.0,51.6,28.3,42.2,27.7,0.0
2019-11-08 17:00:00,16.9,42.0,50.1,27.7,41.5,26.6,0.0
2019-11-08 18:00:00,16.8,42.0,49.4,27.3,41.5,26.0,0.0
2019-11-08 19:00:00,16.1,42.0,48.5,26.7,41.4,25.4,0.0
2019-11-08 20:00:00,14.7,42.0,48.2,26.1,41.4,24.9,0.0
2019-11-08 21:00:00,14.3,42.0,47.5,25.7,41.5,24.6,0.0
2019-11-08 22:00:00,12.9,42.0,46.8,25.3,41.3,24.4,0.0
2019-11-08 23:00:00,12.1,42.0,46.1,25.0,41.1,24.2,0.0
2019-11-09 00:00:00,11.5,42.3,45.2,24.9,40.6,24.1,0.0
2019-11-09 01:00:00,11.5,42.2,44.2,24.7,39.8,24.0,0.0
2019-11-09 02:00:00,12.5,42.0,43.3,24.6,39.0,23.9,0.0
2019-11-09 03:00:00,12.0,42.0,42.4,24.5,38.3,23.7,0.0
2019-11-09 04:00:00,10.7,42.9,41.6,24.3,37.5,23.5,0.0
2019-11-09 05:00:00,10.3,43.1,40.9,24.1,36.9,23.4,0.0
2019-11-09 06:00:00,10.1,43.3,40.0,23.9,36.3,23.3,0.0
2019-11-09 07:00:00,10.0,46.2,78.6,48.3,49.5,40.1,509.0
2019-11-09 08:00:00,12.6,46.0,64.3,44.1,44.8,38.6,301.0
2019-11-09 09:00:00,14.5,46.0,58.3,43.5,43.9,39.9,337.0
2019-11-09 10:00:00,16.1,46.0,68.9,40.8,36.9,36.6,224.0
2019-11-09 11:00:00,16.6,46.0,62.2,38.6,32.8,32.0,0.0
2019-11-09 12:00:00,18.9,46.0,56.1,35.7,31.4,30.7,0.0
2019-11-09 13:00:00,18.6,46.0,51.5,33.3,28.6,28.1,0.0
2019-11-09 14:00:00,18.9,46.0,48.9,31.1,27.1,26.5,0.0
2019-11-09 15:00:00,18.1,46.0,47.8,28.3,26.5,26.1,0.0
2019-11-09 16:00:00,17.1,46.0,44.0,27.5,26.2,25.8,0.0
2019-11-09 17:00:00,17.0,46.0,42.6,26.8,26.1,25.6,0.0
2019-11-09 18:00:00,16.4,46.0,42.2,26.1,25.4,24.7,0.0
2019-11-09 19:00:00,14.2,46.0,42.1,25.5,24.4,24.0,0.0
2019-11-09 20:00:00,13.2,46.0,42.0,24.6,24.0,23.3,0.0
2019-11-09 21:00:00,13.2,46.0,41.8,23.8,23.7,23.0,0.0
2019-11-09 22:00:00,12.8,46.0,41.6,23.2,23.2,22.7,0.0
2019-11-09 23:00:00,12.3,46.0,41.4,22.7,23.4,22.6,0.0
2019-11-10 00:00:00,12.8,46.0,40.1,22.4,23.1,22.5,0.0
2019-11-10 01:00:00,12.8,46.0,41.6,22.3,26.2,22.4,0.0
2019-11-10 02:00:00,12.3,46.0,41.8,22.1,28.9,22.8,0.0
2019-11-10 03:00:00,12.3,46.0,42.0,22.2,32.4,23.0,0.0
2019-11-10 04:00:00,12.4,46.0,41.8,22.5,36.8,23.0,0.0
2019-11-10 05:00:00,13.0,46.0,40.7,22.7,37.6,22.9,0.0
2019-11-10 06:00:00,13.3,46.0,39.3,22.8,36.4,23.0,0.0
2019-11-10 07:00:00,13.1,45.0,72.3,48.5,48.4,37.8,441.0
2019-11-10 08:00:00,13.4,45.0,63.2,43.1,43.8,38.1,301.0
2019-11-10 09:00:00,14.7,45.0,64.6,43.5,44.7,39.1,316.0
2019-11-10 10:00:00,15.2,45.0,70.1,45.4,46.5,39.2,303.0
2019-11-10 11:00:00,17.1,45.0,57.1,36.6,32.6,32.4,96.0
2019-11-10 12:00:00,17.3,45.0,58.5,31.9,33.4,31.5,0.0
2019-11-10 13:00:00,18.1,45.0,58.3,30.8,44.7,30.7,0.0
2019-11-10 14:00:00,15.4,45.0,53.7,30.1,43.0,30.5,0.0
2019-11-10 15:00:00,13.5,45.0,49.7,29.5,41.6,30.1,0.0
2019-11-10 16:00:00,13.1,45.0,47.0,28.9,39.9,29.5,0.0
2019-11-10 17:00:00,12.7,45.0,44.9,28.5,38.7,28.8,0.0
2019-11-10 18:00:00,12.5,45.0,51.3,32.0,31.1,22.7,0.0
2019-11-10 19:00:00,12.2,45.0,73.2,43.8,45.4,40.2,506.0
2019-11-10 20:00:00,11.4,45.1,45.4,40.4,39.9,37.6,217.0
2019-11-10 21:00:00,10.7,45.3,43.6,35.0,33.4,31.4,63.0
2019-11-10 22:00:00,10.0,45.5,41.3,33.3,31.1,30.5,0.0
2019-11-10 23:00:00,8.8,45.9,40.0,30.4,28.7,28.1,0.0
2019-11-11 00:00:00,8.4,46.0,38.7,28.8,27.4,26.7,0.0
2019-11-11 01:00:00,7.9,46.1,37.8,27.0,26.4,25.7,0.0
2019-11-11 02:00:00,7.9,46.1,37.7,25.7,26.0,25.3,0.0
2019-11-11 03:00:00,7.6,46.2,38.2,24.5,26.3,23.9,0.0
2019-11-11 04:00:00,6.9,46.4,38.2,22.8,28.5,22.9,0.0
2019-11-11 05:00:00,6.1,46.6,38.2,22.2,32.2,23.2,0.0
2019-11-11 06:00:00,5.6,46.8,42.6,30.9,30.0,25.0,87.0
2019-11-11 07:00:00,5.5,46.8,71.8,50.7,49.9,39.8,504.0
2019-11-11 08:00:00,6.8,46.5,80.3,43.3,45.6,39.5,337.0
2019-11-11 09:00:00,7.6,46.2,79.9,43.8,46.1,39.4,324.0
2019-11-11 10:00:00,8.7,45.9,75.1,40.5,36.4,34.4,181.0
2019-11-11 11:00:00,10.4,45.4,45.2,40.4,39.2,37.8,335.0
2019-11-11 12:00:00,11.5,45.0,43.4,35.8,32.3,31.6,0.0
2019-11-11 13:00:00,12.6,45.0,41.2,32.9,30.8,30.3,0.0
2019-11-11 14:00:00,13.2,45.0,38.9,31.4,28.2,27.7,0.0
2019-11-11 15:00:00,14.1,45.0,37.2,30.2,26.8,26.2,0.0
2019-11-11 16:00:00,12.8,45.0,35.9,28.9,26.1,25.8,0.0
2019-11-11 17:00:00,11.4,45.1,73.9,42.0,41.6,28.2,160.0
2019-11-11 18:00:00,10.3,45.4,72.6,42.1,39.6,39.1,428.0
2019-11-11 19:00:00,10.5,45.4,61.2,38.9,34.0,33.6,110.0
2019-11-11 20:00:00,10.2,45.5,77.1,50.2,49.6,37.1,268.0
2019-11-11 21:00:00,9.9,45.6,74.3,44.6,45.5,38.6,313.0
2019-11-11 22:00:00,8.8,45.9,73.0,43.1,39.8,39.3,304.0
2019-11-11 23:00:00,8.2,46.0,70.8,33.2,40.8,32.3,0.0
2019-11-12 00:00:00,8.5,46.0,66.2,31.8,50.7,31.9,0.0
2019-11-12 01:00:00,7.6,46.2,58.3,30.9,45.5,31.6,0.0
2019-11-12 02:00:00,7.8,46.1,59.8,30.6,46.9,31.0,0.0
2019-11-12 03:00:00,7.2,46.3,57.7,30.1,46.3,29.8,0.0
2019-11-12 04:00:00,7.0,46.4,55.7,29.5,45.6,28.7,0.0
2019-11-12 05:00:00,7.7,46.2,57.3,28.9,44.1,28.0,0.0
2019-11-12 06:00:00,11.0,45.2,61.9,38.4,38.9,30.0,196.0
2019-11-12 07:00:00,11.6,45.1,75.2,43.8,45.4,39.9,433.0
2019-11-12 08:00:00,13.8,45.0,72.2,42.8,44.3,38.4,285.0
2019-11-12 09:00:00,14.5,45.0,70.3,38.3,34.7,34.3,173.0
2019-11-12 10:00:00,15.8,45.0,67.9,31.8,44.0,31.6,0.0
2019-11-12 11:00:00,16.8,45.0,62.8,31.0,48.1,31.1,0.0
2019-11-12 12:00:00,18.2,45.0,56.2,30.4,44.4,31.0,0.0
2019-11-12 13:00:00,17.3,45.0,56.3,30.0,44.8,30.5,0.0
2019-11-12 14:00:00,16.9,45.0,56.2,30.0,44.6,30.6,0.0
2019-11-12 15:00:00,18.9,45.0,55.6,29.6,43.5,28.5,0.0
2019-11-12 16:00:00,18.5,45.0,55.2,27.5,46.1,26.6,0.0
2019-11-12 17:00:00,18.2,45.0,52.9,26.3,46.3,26.2,0.0
2019-11-12 18:00:00,17.7,45.0,50.4,26.0,44.5,25.9,0.0
2019-11-12 19:00:00,17.5,45.0,51.5,26.0,45.2,25.6,0.0
2019-11-12 20:00:00,17.2,45.0,47.1,25.8,42.1,25.9,0.0
2019-11-12 21:00:00,16.8,45.0,45.2,25.7,40.6,25.9,0.0
2019-11-12 22:00:00,16.6,45.0,45.7,25.8,40.0,25.6,0.0
2019-11-12 23:00:00,16.4,45.0,46.0,25.9,40.3,25.1,0.0
2019-11-13 00:00:00,16.1,45.0,45.4,25.5,40.6,24.8,0.0
2019-11-13 01:00:00,16.3,45.0,44.0,25.2,40.0,24.7,0.0
2019-11-13 02:00:00,16.1,45.0,43.0,25.3,38.9,24.4,0.0
2019-11-13 03:00:00,16.2,45.0,42.6,25.2,38.3,24.3,0.0
2019-11-13 04:00:00,16.1,45.0,42.0,25.0,38.0,24.1,0.0
2019-11-13 05:00:00,13.6,45.0,41.2,24.8,37.7,24.2,0.0
2019-11-13 06:00:00,12.5,44.0,62.7,35.0,35.7,24.0,71.0
2019-11-13 07:00:00,11.7,43.0,73.1,41.8,43.7,38.3,457.0
2019-11-13 08:00:00,12.8,43.0,72.8,40.8,42.7,37.2,258.0
2019-11-13 09:00:00,14.7,43.0,72.0,40.7,42.3,37.2,258.0
2019-11-13 10:00:00,15.5,43.0,68.6,32.6,38.2,31.5,0.0
2019-11-13 11:00:00,16.7,43.0,59.6,31.6,46.8,31.1,0.0
2019-11-13 12:00:00,17.4,43.0,52.5,31.0,42.8,31.1,0.0
2019-11-13 13:00:00,18.0,43.0,51.2,30.3,42.7,30.5,0.0
2019-11-13 14:00:00,18.4,43.0,48.5,29.6,40.9,29.8,0.0
2019-11-13 15:00:00,17.6,43.0,46.0,29.1,39.3,29.1,0.0
2019-11-13 16:00:00,17.1,43.0,45.1,28.8,37.5,27.9,0.0
2019-11-13 17:00:00,16.2,43.0,46.1,28.2,34.7,27.1,0.0
2019-11-13 18:00:00,15.8,43.0,49.6,27.1,36.0,26.3,0.0
2019-11-13 19:00:00,15.7,43.0,50.58,27.35,36.92,26.59,89.47
2019-11-13 20:00:00,15.6,43.0,51.56,27.61,37.85,26.88,89.47
2019-11-13 21:00:00,15.5,43.0,52.55,27.86,38.77,27.16,89.47
2019-11-13 22:00:00,15.4,43.0,53.53,28.11,39.69,27.45,89.47
2019-11-13 23:00:00,15.3,43.0,54.51,28.36,40.62,27.74,89.47
2019-11-14 00:00:00,15.2,43.0,55.49,28.62,41.54,28.03,89.47
2019-11-14 01:00:00,15.1,43.0,56.48,28.87,42.46,28.32,89.47
2019-11-14 02:00:00,15.0,43.0,57.46,29.12,43.39,28.61,89.47
2019-11-14 03:00:00,14.9,43.0,58.44,29.38,44.31,28.89,89.47
2019-11-14 04:00:00,14.8,43.0,59.42,29.63,45.24,29.18,89.47
2019-11-14 05:00:00,14.7,43.0,60.41,29.88,46.16,29.47,89.47
2019-11-14 06:00:00,14.6,43.0,61.39,30.14,47.08,29.76,89.47
2019-11-14 07:00:00,14.5,43.0,62.37,30.39,48.01,30.05,89.47
2019-11-14 08:00:00,14.4,43.0,63.35,30.64,48.93,30.34,89.47
2019-11-14 09:00:00,14.3,43.0,64.34,30.89,49.85,30.62,89.47
2019-11-14 10:00:00,14.2,43.0,65.32,31.15,50.78,30.91,89.47
2019-11-14 11:00:00,14.1,43.0,66.3,31.4,51.7,31.2,89.47
2019-11-14 12:00:00,15.8,43.0,59.4,30.8,45.6,30.8,0.0
2019-11-14 13:00:00,15.5,43.0,53.4,30.2,42.1,30.7,0.0
2019-11-14 14:00:00,15.7,43.0,54.8,30.0,43.4,30.2,0.0
2019-11-14 15:00:00,15.2,43.0,52.3,29.9,42.2,29.2,0.0
2019-11-14 16:00:00,14.8,43.0,55.6,29.2,42.3,28.0,0.0
2019-11-14 17:00:00,13.8,43.0,53.6,27.5,44.1,26.6,0.0
2019-11-14 18:00:00,13.5,43.0,50.1,27.2,42.4,27.0,0.0
2019-11-14 19:00:00,13.1,43.0,53.5,25.6,32.2,23.6,49.0
2019-11-14 20:00:00,11.9,43.1,73.3,43.2,44.4,39.1,417.0
2019-11-14 21:00:00,11.2,43.4,60.6,37.2,35.3,35.1,172.0
2019-11-14 22:00:00,10.8,43.6,75.0,42.7,40.1,39.5,297.0
2019-11-14 23:00:00,9.8,44.2,72.2,32.9,38.8,31.8,0.0
2019-11-15 00:00:00,9.0,44.6,69.8,30.6,48.6,29.5,0.0
2019-11-15 01:00:00,9.2,44.5,63.2,29.1,47.3,28.8,0.0
2019-11-15 02:00:00,9.9,44.3,55.9,28.6,41.5,28.7,0.0
2019-11-15 03:00:00,9.4,44.4,53.6,28.1,42.7,28.4,0.0
2019-11-15 04:00:00,8.6,45.0,58.1,28.2,46.4,28.0,0.0
2019-11-15 05:00:00,8.9,44.8,53.0,27.7,44.0,27.4,0.0
2019-11-15 06:00:00,8.0,45.2,66.4,40.2,42.0,31.0,208.0
2019-11-15 07:00:00,8.2,45.1,78.5,43.6,45.4,39.9,434.0
2019-11-15 08:00:00,9.4,44.4,78.1,42.0,44.1,38.0,279.0
2019-11-15 09:00:00,10.9,43.5,76.5,41.9,43.9,38.0,286.0
2019-11-15 10:00:00,12.6,43.0,72.9,32.8,38.6,31.6,0.0
2019-11-15 11:00:00,14.1,43.0,70.5,31.0,48.8,30.4,0.0
2019-11-15 12:00:00,14.9,43.0,68.6,27.0,51.0,27.5,0.0
2019-11-15 13:00:00,15.5,43.0,60.3,27.1,44.5,27.5,0.0
2019-11-15 14:00:00,17.2,43.0,53.7,27.2,42.0,27.6,0.0
2019-11-15 15:00:00,17.0,43.0,53.3,27.1,42.0,27.3,0.0
2019-11-15 16:00:00,16.2,43.0,55.4,27.4,42.8,26.9,0.0
2019-11-15 17:00:00,15.6,43.0,54.1,27.4,43.0,26.6,0.0
2019-11-15 18:00:00,14.0,43.0,53.2,27.0,43.3,25.9,0.0
2019-11-15 19:00:00,12.7,43.0,50.8,26.7,42.4,25.5,0.0
2019-11-15 20:00:00,13.5,44.0,74.4,48.5,47.6,35.7,376.0
2019-11-15 21:00:00,12.5,44.0,67.7,42.1,43.3,37.5,299.0
2019-11-15 22:00:00,13.0,44.0,65.4,43.0,37.5,37.4,251.0
2019-11-15 23:00:00,12.4,44.0,60.0,33.5,33.3,31.5,0.0
2019-11-16 00:00:00,12.5,44.0,59.3,31.1,41.3,30.5,0.0
2019-11-16 01:00:00,12.7,44.0,57.1,30.0,47.0,30.0,0.0
2019-11-16 02:00:00,12.9,44.0,51.9,29.5,43.4,29.9,0.0
2019-11-16 03:00:00,12.6,44.0,49.9,29.1,42.0,29.7,0.0
2019-11-16 04:00:00,12.1,44.0,45.8,28.6,40.1,29.3,0.0
2019-11-16 05:00:00,12.5,44.0,45.8,28.6,38.9,28.6,0.0
2019-11-16 06:00:00,12.2,44.0,54.5,32.8,32.5,23.1,37.0
2019-11-16 07:00:00,12.3,44.0,72.3,43.1,44.6,39.5,489.0
2019-11-16 08:00:00,12.8,44.0,67.6,43.1,44.4,37.7,264.0
2019-11-16 09:00:00,13.4,44.0,64.2,41.4,37.9,37.8,269.0
2019-11-16 10:00:00,14.2,44.0,60.7,32.7,35.7,31.6,0.0
2019-11-16 11:00:00,14.9,44.0,60.2,31.2,48.3,30.8,0.0
2019-11-16 12:00:00,15.8,44.0,54.2,30.7,44.5,30.8,0.0
2019-11-16 13:00:00,16.4,44.0,50.3,30.2,43.2,30.6,0.0
2019-11-16 14:00:00,16.8,44.0,52.3,30.1,43.0,29.8,0.0
2019-11-16 15:00:00,16.0,44.0,50.2,29.9,41.8,29.0,0.0
2019-11-16 16:00:00,15.4,44.0,53.8,37.5,42.3,25.9,0.0
2019-11-16 17:00:00,14.7,44.0,60.2,31.0,30.0,29.5,148.0
2019-11-16 18:00:00,14.2,44.0,47.5,33.4,32.6,26.4,52.0
2019-11-16 19:00:00,14.1,44.0,71.4,42.6,39.5,39.3,430.0
2019-11-16 20:00:00,13.8,44.0,53.0,41.1,41.4,36.3,191.0
2019-11-16 21:00:00,13.7,44.0,45.9,37.9,34.0,33.9,205.0
2019-11-16 22:00:00,13.8,44.0,44.4,32.5,32.7,31.3,0.0
2019-11-16 23:00:00,13.6,44.0,43.7,30.9,31.9,30.3,0.0
2019-11-17 00:00:00,13.2,44.0,43.0,29.9,37.8,30.0,0.0
2019-11-17 01:00:00,12.7,44.0,41.9,29.5,38.3,29.6,0.0
2019-11-17 02:00:00,12.2,44.0,41.1,29.5,37.8,28.8,0.0
2019-11-17 03:00:00,11.9,44.0,40.8,29.7,37.6,28.3,0.0
2019-11-17 04:00:00,12.0,44.0,40.1,27.4,34.7,27.0,0.0
2019-11-17 05:00:00,11.6,44.2,39.3,25.0,33.5,25.8,0.0
2019-11-17 06:00:00,11.3,44.3,38.4,24.5,34.5,25.0,0.0
2019-11-17 07:00:00,11.4,44.1,75.0,48.1,46.5,32.5,278.0
2019-11-17 08:00:00,12.6,44.0,68.1,41.0,37.5,37.4,322.0
2019-11-17 09:00:00,14.1,44.0,43.8,40.1,40.0,38.2,268.0
2019-11-17 10:00:00,15.5,44.0,43.7,35.1,32.5,31.5,0.0
2019-11-17 11:00:00,16.3,44.0,41.7,32.3,30.9,30.4,0.0
2019-11-17 12:00:00,17.2,44.0,39.7,31.1,30.6,29.9,0.0
2019-11-17 13:00:00,18.1,44.0,38.1,30.1,31.2,29.7,0.0
2019-11-17 14:00:00,17.4,44.0,36.6,29.3,30.8,29.6,0.0
2019-11-17 15:00:00,15.7,44.0,35.3,28.5,30.3,29.4,0.0
2019-11-17 16:00:00,14.4,44.0,34.5,27.9,30.0,29.2,0.0
2019-11-17 17:00:00,14.0,44.0,34.1,27.4,29.7,28.9,0.0
2019-11-17 18:00:00,13.7,44.0,34.2,27.3,29.6,28.6,0.0
2019-11-17 19:00:00,13.5,44.0,72.4,40.2,39.1,25.8,106.0
2019-11-17 20:00:00,13.5,44.0,72.6,42.1,37.5,37.2,398.0
2019-11-17 21:00:00,13.9,44.0,55.9,36.3,32.4,32.0,119.0
2019-11-17 22:00:00,13.2,44.0,70.6,41.7,39.3,38.8,383.0
2019-11-17 23:00:00,13.0,44.0,69.1,32.9,39.2,31.9,0.0
2019-11-18 00:00:00,13.4,44.0,64.5,31.6,48.9,31.5,0.0
2019-11-18 01:00:00,13.5,44.0,57.4,31.0,44.8,31.4,0.0
2019-11-18 02:00:00,13.5,44.0,51.8,30.4,41.4,31.1,0.0
2019-11-18 03:00:00,13.7,44.0,53.9,30.3,43.2,30.2,0.0
2019-11-18 04:00:00,14.0,44.0,55.7,30.4,43.6,29.1,0.0
2019-11-18 05:00:00,14.2,44.0,57.0,27.8,46.6,26.9,0.0
2019-11-18 06:00:00,14.1,44.0,51.6,27.3,41.9,27.0,0.0
2019-11-18 07:00:00,14.1,44.0,71.7,44.7,45.5,39.8,472.0
2019-11-18 08:00:00,14.6,44.0,71.3,42.2,43.7,37.7,259.0
2019-11-18 09:00:00,14.8,44.0,67.8,33.3,35.4,31.4,0.0
2019-11-18 10:00:00,15.3,44.0,64.4,31.4,49.0,31.0,0.0
2019-11-18 11:00:00,15.7,44.0,57.6,30.8,44.9,30.9,0.0
2019-11-18 12:00:00,16.2,44.0,52.0,30.4,41.4,30.8,0.0
2019-11-18 13:00:00,16.9,44.0,54.5,30.2,43.7,29.9,0.0
2019-11-18 14:00:00,16.8,44.0,52.3,30.0,42.8,29.0,0.0
2019-11-18 15:00:00,16.5,44.0,55.3,28.7,42.6,27.2,0.0
2019-11-18 16:00:00,15.8,44.0,54.3,26.6,46.6,26.4,0.0
2019-11-18 17:00:00,14.7,44.0,50.6,26.1,43.9,26.3,0.0
2019-11-18 18:00:00,13.9,44.0,50.2,26.3,42.4,26.5,0.0
2019-11-18 19:00:00,13.1,44.0,51.1,26.1,45.6,25.9,0.0
2019-11-18 20:00:00,12.4,44.0,47.8,25.8,43.6,25.9,0.0
2019-11-18 21:00:00,11.8,44.1,47.4,26.4,42.2,25.6,0.0
2019-11-18 22:00:00,11.0,44.3,47.2,26.2,42.1,25.1,0.0
2019-11-18 23:00:00,10.7,44.5,44.9,25.8,40.9,25.1,0.0
2019-11-19 00:00:00,10.1,44.8,44.6,25.8,39.9,24.8,0.0
2019-11-19 01:00:00,9.2,45.1,44.1,25.3,39.5,24.4,0.0
2019-11-19 02:00:00,8.7,45.3,43.2,24.7,38.9,23.9,0.0
2019-11-19 03:00:00,8.7,45.3,42.3,24.2,38.2,23.6,0.0
2019-11-19 04:00:00,8.5,45.5,41.9,23.9,37.7,23.1,0.0
2019-11-19 05:00:00,7.9,45.8,41.4,23.4,37.5,22.6,0.0
2019-11-19 06:00:00,7.4,45.9,36.0,22.1,22.1,21.9,0.0
2019-11-19 07:00:00,7.2,46.0,75.8,45.7,45.5,34.2,328.0
2019-11-19 08:00:00,8.5,45.5,78.8,43.2,45.0,39.3,413.0
2019-11-19 09:00:00,10.5,44.6,77.1,42.3,44.1,38.1,287.0
2019-11-19 10:00:00,11.8,44.0,74.3,42.3,43.8,37.9,289.0
2019-11-19 11:00:00,12.9,44.0,69.3,40.0,34.8,34.3,183.0
2019-11-19 12:00:00,13.3,44.0,67.9,31.7,37.3,31.2,0.0
2019-11-19 13:00:00,14.0,44.0,66.1,30.1,40.0,28.5,0.0
2019-11-19 14:00:00,15.5,44.0,63.7,27.3,49.5,26.8,0.0
2019-11-19 15:00:00,15.4,44.0,56.7,27.0,44.5,27.2,0.0
2019-11-19 16:00:00,14.6,44.0,56.6,26.9,44.8,27.4,0.0
2019-11-19 17:00:00,14.2,44.0,56.1,27.0,45.2,27.3,0.0
2019-11-19 18:00:00,14.1,44.0,54.2,27.3,43.9,27.3,0.0
2019-11-19 19:00:00,13.6,44.0,54.1,39.3,38.8,32.3,246.0
2019-11-19 20:00:00,13.4,44.0,43.7,31.7,31.7,31.0,0.0
2019-11-19 21:00:00,13.6,44.0,41.3,30.7,30.7,29.9,0.0
2019-11-19 22:00:00,13.4,44.0,38.9,29.9,31.1,29.3,0.0
2019-11-19 23:00:00,12.8,44.0,37.0,29.1,30.5,29.2,0.0
2019-11-20 00:00:00,12.6,44.0,35.2,28.5,29.6,29.0,0.0
2019-11-20 01:00:00,12.5,44.0,33.7,27.8,28.9,29.0,0.0
2019-11-20 02:00:00,12.4,44.0,33.7,27.4,27.9,28.7,0.0
2019-11-20 03:00:00,12.4,44.0,34.5,27.2,27.9,28.6,0.0
2019-11-20 04:00:00,12.5,44.0,35.4,27.0,28.4,28.6,0.0
2019-11-20 05:00:00,13.0,44.0,35.4,27.0,29.6,27.9,0.0
2019-11-20 06:00:00,13.3,44.0,35.4,26.8,31.1,27.3,0.0
2019-11-20 07:00:00,13.7,44.0,59.5,42.0,41.5,34.8,345.0
2019-11-20 08:00:00,14.0,44.0,71.5,42.2,43.6,38.4,357.0
2019-11-20 09:00:00,12.8,44.0,72.2,42.4,43.9,37.7,278.0
2019-11-20 10:00:00,12.9,44.0,73.4,43.0,44.4,38.3,297.0
2019-11-20 11:00:00,12.8,44.0,72.4,42.3,39.3,38.4,290.0
2019-11-20 12:00:00,13.1,44.0,69.0,32.9,37.1,31.6,0.0
2019-11-20 13:00:00,12.4,44.0,66.8,31.1,38.9,29.9,0.0
2019-11-20 14:00:00,13.3,44.0,64.1,28.8,49.9,28.3,0.0
2019-11-20 15:00:00,13.6,44.0,57.3,28.4,44.1,28.5,0.0
2019-11-20 16:00:00,13.5,44.0,56.9,28.2,45.1,28.6,0.0
2019-11-20 17:00:00,13.2,44.0,50.2,29.9,29.5,29.2,93.0
2019-11-20 18:00:00,12.7,44.0,71.4,41.3,40.9,30.0,160.0
2019-11-20 19:00:00,12.5,44.0,72.8,42.9,44.5,39.3,403.0
2019-11-20 20:00:00,11.7,44.1,69.6,36.9,32.7,32.3,108.0
2019-11-20 21:00:00,11.6,44.1,53.1,35.4,32.3,31.6,110.0
2019-11-20 22:00:00,11.2,44.3,74.9,42.6,39.1,39.0,394.0
2019-11-20 23:00:00,10.3,44.6,70.4,33.4,35.8,32.0,0.0
2019-11-21 00:00:00,9.9,44.9,68.8,31.1,36.5,29.8,0.0
2019-11-21 01:00:00,10.3,44.7,67.3,27.2,49.0,27.0,0.0
2019-11-21 02:00:00,9.3,45.1,61.1,26.7,47.4,26.7,0.0
2019-11-21 03:00:00,7.9,45.8,57.5,26.6,46.0,26.9,0.0
2019-11-21 04:00:00,7.9,45.8,54.8,26.5,44.5,27.0,0.0
2019-11-21 05:00:00,7.2,46.0,56.1,26.8,45.6,27.0,0.0
2019-11-21 06:00:00,6.7,46.2,60.9,38.0,36.7,28.6,154.0
2019-11-21 07:00:00,6.9,46.1,77.9,42.3,39.8,39.6,359.0
2019-11-21 08:00:00,7.68,45.77,75.57,42.07,40.0,38.37,45.67
2019-11-21 09:00:00,8.47,45.43,73.23,41.83,40.2,37.13,45.67
2019-11-21 10:00:00,9.25,45.1,70.9,41.6,40.4,35.9,45.67
2019-11-21 11:00:00,10.03,44.77,68.57,41.37,40.6,34.67,45.67
2019-11-21 12:00:00,10.82,44.43,66.23,41.13,40.8,33.43,45.67
2019-11-21 13:00:00,11.6,44.1,63.9,40.9,41.0,32.2,45.67
2019-11-21 14:00:00,12.4,44.0,69.8,39.4,34.9,34.4,276.0
2019-11-21 15:00:00,13.9,44.0,67.0,31.9,34.6,31.0,0.0
2019-11-21 16:00:00,13.0,44.0,65.4,29.8,34.8,28.3,0.0
2019-11-21 17:00:00,12.2,44.0,69.0,45.3,45.6,39.4,416.0
2019-11-21 18:00:00,12.0,44.0,61.2,41.8,42.5,37.7,265.0
2019-11-21 19:00:00,11.8,44.0,74.1,44.1,45.3,38.8,306.0
2019-11-21 20:00:00,11.7,44.1,63.3,43.6,43.9,38.0,275.0
2019-11-21 21:00:00,11.7,44.1,64.6,42.4,43.8,38.5,285.0
2019-11-21 22:00:00,10.3,44.7,55.3,43.2,34.7,34.6,173.0
2019-11-21 23:00:00,9.3,45.0,50.1,36.2,32.0,31.5,0.0
2019-11-22 00:00:00,8.8,45.3,46.3,34.3,30.8,30.1,0.0
2019-11-22 01:00:00,8.5,45.5,43.3,32.6,27.7,27.3,0.0
2019-11-22 02:00:00,8.1,45.6,40.8,31.1,26.6,26.1,0.0
2019-11-22 03:00:00,8.2,45.6,38.9,29.7,26.0,25.6,0.0
2019-11-22 04:00:00,8.4,45.4,37.7,28.5,25.6,25.1,0.0
2019-11-22 05:00:00,8.6,45.4,37.8,27.2,23.9,23.6,0.0
2019-11-22 06:00:00,8.6,45.5,63.9,36.6,36.8,25.6,106.0
2019-11-22 07:00:00,8.2,45.6,77.9,45.4,46.8,39.9,506.0
2019-11-22 08:00:00,8.6,45.9,79.0,43.6,45.5,38.8,308.0
2019-11-22 09:00:00,8.6,45.9,78.4,44.6,46.3,39.2,329.0
2019-11-22 10:00:00,8.7,45.9,78.1,45.0,46.5,39.5,339.0
2019-11-22 11:00:00,9.4,44.4,77.4,43.0,44.8,38.7,300.0
2019-11-22 12:00:00,9.1,44.6,75.3,42.9,44.4,38.0,283.0
2019-11-22 13:00:00,9.5,44.3,75.2,42.9,44.5,38.7,304.0
2019-11-22 14:00:00,8.5,45.0,74.4,43.2,44.5,38.2,289.0
2019-11-22 15:00:00,8.4,45.0,77.6,43.4,45.2,39.0,316.0
2019-11-22 16:00:00,7.7,45.4,73.0,42.8,44.1,38.7,299.0
2019-11-22 17:00:00,7.4,45.5,80.6,43.9,45.7,39.5,318.0
2019-11-22 18:00:00,7.2,45.7,76.9,43.7,45.0,39.0,294.0
2019-11-22 19:00:00,7.1,45.8,73.1,44.7,43.8,31.8,118.0
2019-11-22 20:00:00,6.8,45.9,70.3,43.3,34.7,32.6,182.0
2019-11-22 21:00:00,7.2,45.7,47.1,36.7,35.1,34.9,205.0
2019-11-22 22:00:00,6.9,45.9,45.0,34.3,32.0,31.6,0.0
2019-11-22 23:00:00,6.9,45.9,42.2,32.7,31.2,30.8,0.0
2019-11-23 00:00:00,6.8,46.0,39.7,31.3,31.2,30.3,0.0
2019-11-23 01:00:00,6.5,46.1,37.4,30.1,30.7,30.2,0.0
2019-11-23 02:00:00,6.6,46.2,35.4,29.0,30.2,29.9,0.0
2019-11-23 03:00:00,5.9,46.4,33.7,28.0,29.4,29.7,0.0
2019-11-23 04:00:00,5.8,46.4,32.2,27.0,29.1,29.3,0.0
2019-11-23 05:00:00,5.5,46.7,31.0,26.2,28.0,27.7,0.0
2019-11-23 06:00:00,5.7,46.5,35.2,25.5,25.9,24.5,0.0
2019-11-23 07:00:00,5.6,46.6,38.5,28.1,27.4,22.5,0.0
2019-11-23 08:00:00,5.8,46.5,80.6,45.3,47.3,41.0,567.0
2019-11-23 09:00:00,6.9,45.8,80.5,44.2,46.2,39.4,326.0
2019-11-23 10:00:00,8.0,45.3,78.0,43.9,45.5,38.3,314.0
2019-11-23 11:00:00,9.1,44.7,77.3,43.6,45.3,38.7,322.0
2019-11-23 12:00:00,10.0,44.1,67.3,39.2,37.3,37.0,239.0
2019-11-23 13:00:00,9.5,44.4,63.7,32.4,34.9,31.5,0.0
2019-11-23 14:00:00,9.7,44.3,61.6,30.7,37.4,29.6,0.0
2019-11-23 15:00:00,9.3,44.5,62.7,33.2,30.2,30.6,101.0
2019-11-23 16:00:00,7.8,45.4,79.1,46.2,47.6,40.1,416.0
2019-11-23 17:00:00,7.2,45.6,74.3,43.6,45.0,38.6,297.0
2019-11-23 18:00:00,6.7,46.0,57.7,41.9,36.2,35.9,191.0
2019-11-23 19:00:00,6.5,46.2,83.8,53.3,51.2,36.5,267.0
2019-11-23 20:00:00,5.2,46.8,79.9,48.9,47.9,34.6,254.0
2019-11-23 21:00:00,4.3,47.4,85.7,54.9,52.8,36.3,289.0
2019-11-23 22:00:00,4.1,47.6,74.8,43.6,40.6,40.5,357.0
2019-11-23 23:00:00,3.8,48.0,55.0,41.8,33.0,32.7,0.0
2019-11-24 00:00:00,3.9,47.8,50.3,38.2,32.3,31.7,0.0
2019-11-24 01:00:00,3.8,47.8,46.5,35.3,32.1,31.0,0.0
2019-11-24 02:00:00,3.3,48.2,43.3,33.0,31.6,30.9,0.0
2019-11-24 03:00:00,2.7,48.6,40.5,31.1,31.0,30.3,0.0
2019-11-24 04:00:00,2.9,48.7,38.0,29.6,30.3,30.1,0.0
2019-11-24 05:00:00,2.7,48.8,36.6,28.2,28.7,27.5,0.0
2019-11-24 06:00:00,2.0,49.4,73.5,39.4,37.8,23.3,75.0
2019-11-24 07:00:00,2.0,49.4,86.4,48.1,49.8,42.7,599.0
2019-11-24 08:00:00,3.0,48.5,82.7,46.7,48.4,40.7,355.0
2019-11-24 09:00:00,4.5,46.2,83.6,43.9,45.9,41.3,413.0
2019-11-24 10:00:00,6.2,44.5,72.9,37.2,39.1,35.2,146.0
2019-11-24 11:00:00,7.9,44.7,78.6,38.9,47.7,34.5,261.0
2019-11-24 12:00:00,8.5,44.4,73.1,34.2,34.2,31.7,108.0
2019-11-24 13:00:00,9.2,44.2,72.5,30.3,36.4,30.4,87.0
2019-11-24 14:00:00,10.9,43.4,69.8,30.3,34.9,29.6,0.0
2019-11-24 15:00:00,10.4,43.6,67.7,27.9,48.9,27.0,0.0
2019-11-24 16:00:00,8.8,44.4,60.7,34.2,33.3,23.7,34.0
2019-11-24 17:00:00,8.3,45.0,77.6,43.1,44.9,39.5,485.0
2019-11-24 18:00:00,8.3,45.0,71.1,43.3,44.6,38.5,294.0
2019-11-24 19:00:00,8.2,45.1,69.9,44.6,44.5,38.9,318.0
2019-11-24 20:00:00,8.2,45.0,75.8,44.3,45.7,39.0,308.0
2019-11-24 21:00:00,8.2,45.0,71.3,44.9,45.3,38.7,295.0
2019-11-24 22:00:00,9.1,44.8,71.1,42.4,38.3,38.1,255.0
2019-11-24 23:00:00,9.4,44.7,69.6,33.1,36.8,32.1,0.0
2019-11-25 00:00:00,9.5,44.7,69.2,31.3,47.1,30.1,0.0
2019-11-25 01:00:00,6.2,45.6,63.2,29.7,47.8,29.4,0.0
2019-11-25 02:00:00,7.5,45.2,58.3,29.0,46.3,29.5,0.0
2019-11-25 03:00:00,8.2,45.0,54.5,28.5,43.5,29.1,0.0
2019-11-25 04:00:00,8.3,45.0,57.5,28.6,45.6,28.7,0.0
2019-11-25 05:00:00,7.6,45.2,54.6,28.5,44.5,28.5,0.0
2019-11-25 06:00:00,5.5,45.9,61.2,34.3,41.4,25.5,73.0
2019-11-25 07:00:00,6.3,46.6,79.0,52.0,51.3,39.7,500.0
2019-11-25 08:00:00,7.3,46.3,80.2,43.5,45.7,39.0,322.0
2019-11-25 09:00:00,9.5,45.7,78.0,44.2,45.9,39.3,328.0
2019-11-25 10:00:00,10.7,45.3,75.1,43.6,45.0,38.9,306.0
2019-11-25 11:00:00,11.5,45.1,73.7,43.0,44.3,38.4,289.0
2019-11-25 12:00:00,11.4,45.2,68.6,33.9,36.0,31.6,0.0
2019-11-25 13:00:00,11.9,45.0,37.2,41.2,35.7,29.9,0.0
2019-11-25 14:00:00,10.5,45.4,35.8,38.6,28.5,27.7,0.0
2019-11-25 15:00:00,9.7,45.6,43.8,36.9,36.0,35.7,300.0
2019-11-25 16:00:00,9.8,45.6,73.8,43.0,42.7,30.4,99.0
2019-11-25 17:00:00,9.6,45.6,77.2,44.7,46.3,40.9,442.0
2019-11-25 18:00:00,9.0,45.8,80.9,44.3,45.2,39.0,296.0
2019-11-25 19:00:00,9.0,45.8,46.2,40.5,39.8,37.1,198.0
2019-11-25 20:00:00,9.0,45.8,42.4,36.4,34.9,34.6,164.0
2019-11-25 21:00:00,9.1,45.8,36.5,36.0,31.9,31.4,0.0
2019-11-25 22:00:00,9.4,45.6,35.1,34.3,30.1,29.5,0.0
2019-11-25 23:00:00,9.2,45.8,33.9,32.7,27.9,27.4,0.0
2019-11-26 00:00:00,9.9,45.5,32.8,31.3,26.9,26.4,0.0
2019-11-26 01:00:00,9.8,45.6,31.9,30.3,26.4,26.1,0.0
2019-11-26 02:00:00,9.6,45.6,30.9,29.3,26.0,25.6,0.0
2019-11-26 03:00:00,9.1,45.8,30.1,28.5,25.7,25.1,0.0
2019-11-26 04:00:00,9.0,45.8,29.3,27.8,24.4,24.1,0.0
2019-11-26 05:00:00,9.2,45.8,28.6,27.1,23.7,23.5,0.0
2019-11-26 06:00:00,8.9,45.8,69.6,40.2,39.8,27.9,175.0
2019-11-26 07:00:00,8.6,45.9,77.7,44.9,46.3,40.9,469.0
2019-11-26 08:00:00,9.0,45.8,78.6,44.6,46.1,39.2,312.0
2019-11-26 09:00:00,9.6,45.6,75.4,44.1,45.5,39.1,319.0
2019-11-26 10:00:00,10.7,49.1,75.2,49.2,49.7,41.9,417.0
2019-11-26 11:00:00,10.9,49.1,73.6,44.8,41.4,41.1,333.0
2019-11-26 12:00:00,12.1,49.0,69.5,34.8,34.9,32.9,0.0
2019-11-26 13:00:00,11.6,49.0,66.3,32.6,34.1,31.3,0.0
2019-11-26 14:00:00,10.9,49.1,65.2,29.0,30.6,27.5,0.0
2019-11-26 15:00:00,10.5,45.2,67.8,33.3,30.9,30.5,171.0
2019-11-26 16:00:00,9.9,45.7,76.6,45.6,44.3,31.9,182.0
2019-11-26 17:00:00,9.1,46.4,77.0,45.3,46.8,40.9,440.0
2019-11-26 18:00:00,7.9,47.0,78.9,45.1,46.6,39.6,311.0
2019-11-26 19:00:00,6.7,48.3,79.9,46.3,47.7,40.5,348.0
2019-11-26 20:00:00,7.0,48.0,78.6,47.8,48.7,40.9,356.0
2019-11-26 21:00:00,5.8,48.9,79.8,48.9,50.2,41.8,372.0
2019-11-26 22:00:00,5.6,47.4,59.5,40.9,40.1,40.0,262.0
2019-11-26 23:00:00,5.4,47.4,55.7,35.3,33.4,32.7,0.0
2019-11-27 00:00:00,5.6,47.2,51.3,33.2,32.2,31.5,0.0
2019-11-27 01:00:00,5.9,46.7,51.7,30.6,30.6,28.2,0.0
2019-11-27 02:00:00,6.5,46.2,52.0,27.1,31.9,26.5,0.0
2019-11-27 03:00:00,6.7,45.9,53.9,25.5,38.2,25.2,0.0
2019-11-27 04:00:00,7.3,45.3,57.0,26.1,49.7,25.7,0.0
2019-11-27 05:00:00,7.2,45.3,54.0,25.9,46.8,25.1,0.0
2019-11-27 06:00:00,6.5,46.5,79.6,46.2,43.1,25.7,129.0
2019-11-27 07:00:00,6.1,46.6,80.5,45.0,46.7,40.4,508.0
2019-11-27 08:00:00,7.0,45.7,80.4,43.7,45.6,39.1,306.0
2019-11-27 09:00:00,8.3,44.2,79.2,42.9,44.8,38.9,302.0
2019-11-27 10:00:00,9.0,43.5,78.2,42.2,44.1,38.2,277.0
2019-11-27 11:00:00,10.1,42.1,75.1,36.8,33.4,32.8,126.0
2019-11-27 12:00:00,11.2,40.9,71.9,29.3,28.2,27.6,0.0
2019-11-27 13:00:00,12.4,40.0,69.9,26.6,26.3,25.8,0.0
2019-11-27 14:00:00,13.5,40.0,68.4,25.2,25.7,25.0,0.0
2019-11-27 15:00:00,13.8,40.0,66.8,24.7,25.3,24.7,0.0
2019-11-27 16:00:00,12.8,40.0,65.3,24.3,25.0,24.4,0.0
2019-11-27 17:00:00,11.6,40.4,65.9,41.2,40.8,32.2,220.0
2019-11-27 18:00:00,9.9,42.4,74.3,39.7,41.4,37.3,334.0
2019-11-27 19:00:00,10.6,41.4,75.4,40.3,41.9,36.9,255.0
2019-11-27 20:00:00,10.6,41.4,72.3,39.0,41.0,35.9,226.0
2019-11-27 21:00:00,10.6,41.7,75.5,43.4,44.0,36.6,252.0
2019-11-27 22:00:00,10.4,41.9,60.7,37.4,34.8,34.6,180.0
2019-11-27 23:00:00,10.8,41.4,55.9,30.8,28.5,28.1,0.0
2019-11-28 00:00:00,10.8,41.4,59.5,26.6,26.3,25.9,0.0
2019-11-28 01:00:00,11.2,40.9,59.7,25.5,25.3,24.9,0.0
2019-11-28 02:00:00,11.0,41.1,57.0,24.8,24.5,24.1,0.0
2019-11-28 03:00:00,11.47,40.98,58.23,25.2,24.82,24.41,120.56
2019-11-28 04:00:00,11.93,40.86,59.47,25.6,25.14,24.72,120.56
2019-11-28 05:00:00,12.4,40.73,60.7,26.0,25.47,25.03,120.56
2019-11-28 06:00:00,12.87,40.61,61.93,26.4,25.79,25.34,120.56
2019-11-28 07:00:00,13.33,40.49,63.17,26.8,26.11,25.66,120.56
2019-11-28 08:00:00,13.8,40.37,64.4,27.2,26.43,25.97,120.56
2019-11-28 09:00:00,14.27,40.24,65.63,27.6,26.76,26.28,120.56
2019-11-28 10:00:00,14.73,40.12,66.87,28.0,27.08,26.59,120.56
2019-11-28 11:00:00,15.2,40.0,68.1,28.4,27.4,26.9,120.56
2019-11-28 12:00:00,15.1,40.0,66.3,25.9,25.8,25.3,0.0
2019-11-28 13:00:00,15.8,40.0,65.0,24.7,25.1,24.7,0.0
2019-11-28 14:00:00,16.0,40.0,63.4,24.3,25.0,24.4,0.0
2019-11-28 15:00:00,15.8,40.0,62.2,24.1,24.7,24.2,0.0
2019-11-28 16:00:00,15.6,40.0,61.2,23.9,24.6,23.9,0.0
2019-11-28 17:00:00,15.2,40.0,59.9,23.8,24.3,23.8,0.0
2019-11-28 18:00:00,15.3,40.0,59.2,23.6,24.3,23.7,0.0
2019-11-28 19:00:00,15.02,40.07,60.29,24.68,25.47,24.56,106.0
2019-11-28 20:00:00,14.74,40.13,61.37,25.76,26.63,25.42,106.0
2019-11-28 21:00:00,14.46,40.2,62.46,26.84,27.8,26.28,106.0
2019-11-28 22:00:00,14.18,40.27,63.55,27.92,28.97,27.14,106.0
2019-11-28 23:00:00,13.9,40.33,64.63,29.0,30.13,28.0,106.0
2019-11-29 00:00:00,13.62,40.4,65.72,30.08,31.3,28.86,106.0
2019-11-29 01:00:00,13.34,40.47,66.81,31.16,32.47,29.72,106.0
2019-11-29 02:00:00,13.06,40.53,67.89,32.24,33.63,30.58,106.0
2019-11-29 03:00:00,12.78,40.6,68.98,33.32,34.8,31.44,106.0
2019-11-29 04:00:00,12.5,40.67,70.07,34.4,35.97,32.3,106.0
2019-11-29 05:00:00,12.22,40.73,71.15,35.48,37.13,33.16,106.0
2019-11-29 06:00:00,11.94,40.8,72.24,36.56,38.3,34.02,106.0
2019-11-29 07:00:00,11.66,40.87,73.33,37.64,39.47,34.88,106.0
2019-11-29 08:00:00,11.38,40.93,74.41,38.72,40.63,35.74,106.0
2019-11-29 09:00:00,11.1,41.0,75.5,39.8,41.8,36.6,106.0
2019-11-29 10:00:00,11.9,40.2,73.8,38.1,35.4,35.3,200.0
2019-11-29 11:00:00,13.1,40.0,70.6,30.7,28.8,28.3,0.0
2019-11-29 12:00:00,13.5,40.0,68.0,26.9,26.2,25.8,0.0
2019-11-29 13:00:00,14.1,40.0,66.0,25.1,25.1,24.7,0.0
2019-11-29 14:00:00,14.4,40.0,64.5,24.3,24.9,24.3,0.0
2019-11-29 15:00:00,13.7,40.0,62.3,24.0,24.6,24.1,0.0
2019-11-29 16:00:00,13.3,40.0,61.3,23.8,24.6,23.9,0.0
2019-11-29 17:00:00,12.3,44.0,61.6,29.4,28.5,28.1,136.0
2019-11-29 18:00:00,11.6,44.3,74.4,49.9,48.5,38.4,426.0
2019-11-29 19:00:00,11.5,44.5,74.4,42.7,44.3,37.8,278.0
2019-11-29 20:00:00,11.2,44.6,68.1,43.8,44.5,38.3,298.0
2019-11-29 21:00:00,10.2,45.3,74.3,44.4,45.1,39.2,312.0
2019-11-29 22:00:00,9.1,46.4,72.4,42.7,39.2,38.8,299.0
2019-11-29 23:00:00,8.7,46.8,64.8,39.2,30.4,30.1,0.0
2019-11-30 00:00:00,9.2,46.2,60.0,35.0,26.9,26.6,0.0
2019-11-30 01:00:00,8.8,46.8,55.9,30.8,25.2,25.0,0.0
2019-11-30 02:00:00,9.3,46.3,51.2,29.2,24.3,24.1,0.0
2019-11-30 03:00:00,9.3,46.3,47.5,28.1,23.8,23.6,0.0
2019-11-30 04:00:00,9.0,46.6,44.3,27.3,23.4,23.2,0.0
2019-11-30 05:00:00,8.4,47.0,42.6,26.5,23.1,23.0,0.0
2019-11-30 06:00:00,9.0,45.6,69.5,38.6,37.3,24.2,66.0
2019-11-30 07:00:00,8.9,45.5,78.4,43.8,45.5,39.8,519.0
2019-11-30 08:00:00,8.5,46.1,75.6,44.6,45.4,38.9,303.0
2019-11-30 09:00:00,8.6,45.8,75.0,45.1,45.7,39.0,316.0
2019-11-30 10:00:00,6.0,48.7,78.4,47.9,48.7,40.4,361.0
2019-11-30 11:00:00,6.5,46.8,79.6,46.4,47.5,39.8,334.0
2019-11-30 12:00:00,7.4,45.9,76.9,45.1,46.3,39.5,310.0
2019-11-30 13:00:00,7.5,45.6,79.0,46.1,47.0,39.8,318.0
2019-11-30 14:00:00,8.4,45.0,62.2,43.1,43.5,38.5,277.0
2019-11-30 15:00:00,8.1,45.2,76.6,43.9,45.6,39.2,307.0
2019-11-30 16:00:00,6.9,46.4,59.5,44.4,45.0,39.5,302.0
2019-11-30 17:00:00,5.7,47.4,80.8,46.9,47.8,40.1,335.0
2019-11-30 18:00:00,4.5,48.8,81.9,48.5,49.2,41.7,368.0
2019-11-30 19:00:00,3.9,48.6,85.0,48.9,49.7,42.4,381.0
2019-11-30 20:00:00,3.0,50.5,72.9,51.1,50.2,42.0,351.0
2019-11-30 21:00:00,4.4,46.2,79.7,42.8,44.9,39.8,298.0
2019-11-30 22:00:00,4.0,47.0,71.4,45.9,47.1,40.4,313.0
2019-11-30 23:00:00,3.6,48.2,70.0,35.2,32.2,31.7,45.0
2019-12-01 00:00:00,2.7,50.7,72.0,29.1,28.1,27.7,0.0
2019-12-01 01:00:00,2.1,52.2,71.0,26.4,26.6,25.9,0.0
2019-12-01 02:00:00,0.8,55.7,68.6,25.1,25.8,25.1,0.0
2019-12-01 03:00:00,0.6,56.0,68.6,24.6,25.3,24.6,0.0
2019-12-01 04:00:00,0.4,56.5,66.5,24.1,24.7,24.1,0.0
2019-12-01 05:00:00,-0.5,85.0,63.2,23.5,24.1,23.6,0.0
2019-12-01 06:00:00,-0.8,85.0,61.2,30.1,33.8,23.2,0.0
2019-12-01 07:00:00,-1.0,49.3,90.8,48.5,50.6,43.0,608.0
2019-12-01 08:00:00,-0.2,48.7,84.4,46.9,48.5,40.9,357.0
2019-12-01 09:00:00,1.2,47.6,71.7,47.4,46.2,40.5,357.0
2019-12-01 10:00:00,2.9,46.4,79.0,45.2,46.8,39.8,331.0
2019-12-01 11:00:00,3.9,45.7,71.9,44.3,44.8,39.6,325.0
2019-12-01 12:00:00,4.1,45.6,75.7,44.6,45.0,39.1,312.0
2019-12-01 13:00:00,4.3,45.3,73.6,44.8,45.7,39.1,308.0
2019-12-01 14:00:00,4.6,45.2,61.6,39.6,37.2,36.8,229.0
2019-12-01 15:00:00,4.4,45.4,56.6,38.3,39.6,30.6,68.0
2019-12-01 16:00:00,4.0,50.1,85.3,56.2,54.2,40.3,442.0
2019-12-01 17:00:00,2.9,50.4,82.0,49.8,49.6,41.8,395.0
2019-12-01 18:00:00,1.8,50.6,86.6,50.4,51.6,42.4,406.0
2019-12-01 19:00:00,1.3,50.7,86.1,50.5,51.5,42.8,396.0
2019-12-01 20:00:00,1.1,50.8,87.0,49.4,51.0,43.0,399.0
2019-12-01 21:00:00,0.6,50.8,87.0,49.3,50.8,42.8,386.0
2019-12-01 22:00:00,0.7,50.8,83.1,42.8,36.9,36.4,196.0
2019-12-01 23:00:00,0.3,50.9,78.6,32.4,29.3,29.0,0.0
2019-12-02 00:00:00,-0.3,51.0,78.0,27.1,27.0,26.4,0.0
2019-12-02 01:00:00,-0.6,51.1,76.5,25.3,26.0,25.2,0.0
2019-12-02 02:00:00,0.0,51.0,74.2,24.7,25.4,24.7,0.0
2019-12-02 03:00:00,-0.6,51.1,72.5,24.2,25.1,24.3,0.0
2019-12-02 04:00:00,-0.6,51.1,71.3,23.8,24.7,23.9,0.0
2019-12-02 05:00:00,-0.4,51.0,70.0,23.4,24.2,23.5,0.0
2019-12-02 06:00:00,-0.1,51.0,75.9,48.6,46.6,35.1,338.0
2019-12-02 07:00:00,1.8,50.6,85.9,49.7,50.7,42.6,513.0
2019-12-02 08:00:00,1.5,50.7,86.5,50.1,51.0,42.7,418.0
2019-12-02 09:00:00,3.3,50.3,86.0,49.6,51.0,42.6,411.0
2019-12-02 10:00:00,5.6,49.5,81.0,48.0,49.1,41.8,376.0
2019-12-02 11:00:00,6.4,49.0,79.0,47.8,48.6,41.0,351.0
2019-12-02 12:00:00,6.6,48.7,79.6,48.2,49.1,41.4,369.0
2019-12-02 13:00:00,6.8,48.7,79.4,47.5,48.5,41.5,361.0
2019-12-02 14:00:00,7.7,47.3,79.3,46.9,48.1,40.9,342.0
2019-12-02 15:00:00,8.3,46.7,78.5,46.0,47.3,40.4,329.0
2019-12-02 16:00:00,7.9,47.3,78.1,46.0,47.0,40.4,324.0
2019-12-02 17:00:00,6.8,48.2,80.1,46.4,47.6,40.6,335.0
2019-12-02 18:00:00,6.6,46.9,80.3,45.1,46.6,40.4,322.0
2019-12-02 19:00:00,6.7,46.9,78.7,45.2,46.4,39.7,301.0
2019-12-02 20:00:00,6.8,46.5,73.7,47.0,47.1,39.9,318.0
2019-12-02 21:00:00,6.8,46.8,75.0,45.9,46.7,39.5,297.0
2019-12-02 22:00:00,5.8,47.9,77.8,45.9,42.1,41.2,344.0
2019-12-02 23:00:00,5.0,49.0,77.2,34.0,31.7,31.1,0.0
2019-12-03 00:00:00,4.0,49.2,74.8,28.7,27.9,27.4,0.0
2019-12-03 01:00:00,3.1,49.5,72.3,26.0,26.3,25.8,0.0
2019-12-03 02:00:00,3.0,49.6,71.4,25.1,25.6,25.0,0.0
2019-12-03 03:00:00,2.8,49.6,68.8,24.4,25.1,24.5,0.0
2019-12-03 04:00:00,2.6,49.7,67.3,24.0,24.7,24.1,0.0
2019-12-03 05:00:00,2.3,49.7,66.3,23.7,24.4,23.8,0.0
2019-12-03 06:00:00,1.9,49.2,62.5,40.9,39.6,31.4,234.0
2019-12-03 07:00:00,2.0,49.1,77.9,51.3,51.1,42.4,510.0
2019-12-03 08:00:00,2.2,49.1,85.8,47.5,49.1,41.3,368.0
2019-12-03 09:00:00,1.6,49.3,85.6,47.4,49.0,41.2,376.0
2019-12-03 10:00:00,2.4,49.0,86.3,47.7,49.4,41.5,379.0
2019-12-03 11:00:00,1.6,49.4,86.8,47.9,49.6,41.6,381.0
2019-12-03 12:00:00,1.9,49.2,85.8,47.8,49.3,41.6,377.0
2019-12-03 13:00:00,2.3,49.0,84.1,47.6,49.0,41.5,370.0
2019-12-03 14:00:00,2.2,46.3,85.4,43.6,45.8,39.4,301.0
2019-12-03 15:00:00,2.4,46.3,85.6,44.6,46.8,39.7,318.0
2019-12-03 16:00:00,1.9,46.5,85.5,45.0,46.9,40.0,324.0
2019-12-03 17:00:00,2.1,46.4,85.2,44.9,47.0,40.1,326.0
2019-12-03 18:00:00,1.9,46.5,84.4,44.7,46.6,40.0,321.0
2019-12-03 19:00:00,1.8,46.5,85.3,44.7,46.7,39.9,317.0
2019-12-03 20:00:00,2.0,46.5,80.4,45.1,46.6,39.5,302.0
2019-12-03 21:00:00,2.1,46.4,73.3,44.7,44.7,40.1,324.0
2019-12-03 22:00:00,2.0,46.5,80.5,47.2,47.1,39.8,311.0
2019-12-03 23:00:00,2.0,46.5,77.5,34.6,31.1,30.7,0.0
2019-12-04 00:00:00,2.0,46.4,73.4,28.6,27.4,26.9,0.0
2019-12-04 01:00:00,2.4,46.4,71.6,26.8,26.7,26.1,0.0
2019-12-04 02:00:00,2.0,46.5,70.9,24.9,25.3,24.8,0.0
2019-12-04 03:00:00,1.6,46.7,67.5,24.2,24.8,24.2,0.0
2019-12-04 04:00:00,1.4,46.8,65.4,23.7,24.4,23.8,0.0
2019-12-04 05:00:00,0.3,47.3,64.8,23.4,24.1,23.5,0.0
2019-12-04 06:00:00,0.7,47.2,46.8,30.1,30.0,23.5,0.0
2019-12-04 07:00:00,0.4,47.3,76.2,51.4,50.6,40.3,553.0
2019-12-04 08:00:00,1.6,46.8,86.9,44.7,46.9,39.9,355.0
2019-12-04 09:00:00,2.2,46.4,84.9,44.0,46.0,39.2,327.0
2019-12-04 10:00:00,3.7,45.6,83.8,43.6,45.7,39.0,320.0
2019-12-04 11:00:00,4.4,45.3,82.4,43.3,45.0,38.6,309.0
2019-12-04 12:00:00,4.2,45.4,80.9,43.6,45.3,38.5,305.0
2019-12-04 13:00:00,4.3,45.4,81.1,43.9,45.5,38.8,320.0
2019-12-04 14:00:00,4.6,45.1,81.0,43.9,45.5,38.9,318.0
2019-12-04 15:00:00,4.5,45.2,81.4,44.0,45.7,39.0,320.0
2019-12-04 16:00:00,3.3,50.0,83.3,50.5,50.9,42.4,387.0
2019-12-04 17:00:00,3.3,50.0,84.5,49.6,50.5,42.3,398.0
2019-12-04 18:00:00,3.1,50.0,83.7,48.8,50.1,42.4,398.0
2019-12-04 19:00:00,3.0,50.0,82.0,50.2,50.6,41.5,372.0
2019-12-04 20:00:00,2.9,50.0,76.8,48.6,48.5,42.1,390.0
2019-12-04 21:00:00,2.8,50.0,78.8,44.6,41.7,41.2,336.0
2019-12-04 22:00:00,2.8,50.0,76.7,34.4,37.8,33.5,0.0
2019-12-04 23:00:00,2.5,50.0,71.9,33.1,54.0,33.1,0.0
2019-12-05 00:00:00,2.2,50.0,63.2,32.2,48.7,32.9,0.0
2019-12-05 01:00:00,2.0,50.0,63.9,31.9,50.0,32.3,0.0
2019-12-05 02:00:00,1.4,50.0,61.5,31.5,49.7,31.2,0.0
2019-12-05 03:00:00,0.9,50.0,60.5,30.8,49.5,30.0,0.0
2019-12-05 04:00:00,-0.4,50.0,58.8,30.3,48.9,28.9,0.0
2019-12-05 05:00:00,-0.5,50.0,60.5,27.9,51.9,27.3,0.0
2019-12-05 06:00:00,-0.3,50.0,76.9,47.1,45.9,33.1,299.0
2019-12-05 07:00:00,-0.6,50.0,76.3,49.7,49.8,42.3,526.0
2019-12-05 08:00:00,-0.6,50.0,89.6,48.9,50.6,42.0,410.0
2019-12-05 09:00:00,0.0,47.4,88.0,46.0,48.2,41.6,395.0
2019-12-05 10:00:00,1.1,47.0,86.4,44.2,46.5,39.3,317.0
2019-12-05 11:00:00,2.0,46.5,86.7,44.1,46.3,39.2,334.0
2019-12-05 12:00:00,2.7,46.1,85.5,44.0,46.1,39.1,332.0
2019-12-05 13:00:00,4.1,45.3,83.2,43.6,45.6,38.9,318.0
2019-12-05 14:00:00,5.3,44.7,78.4,42.8,44.5,38.3,300.0
2019-12-05 15:00:00,6.1,44.1,79.1,42.3,44.1,37.9,288.0
2019-12-05 16:00:00,5.5,46.5,79.5,45.2,46.6,39.2,322.0
2019-12-05 17:00:00,4.6,47.1,81.9,45.8,47.4,40.3,357.0
2019-12-05 18:00:00,3.4,47.4,83.5,45.9,47.5,40.3,344.0
2019-12-05 19:00:00,3.2,47.5,87.2,46.4,47.6,40.4,353.0
2019-12-05 20:00:00,2.9,47.6,74.5,46.1,47.6,39.9,330.0
2019-12-05 21:00:00,2.6,47.6,83.6,45.9,47.3,40.5,355.0
2019-12-05 22:00:00,2.7,47.7,83.3,45.7,41.4,40.7,338.0
2019-12-05 23:00:00,2.3,47.7,74.2,35.6,33.9,32.7,0.0
2019-12-06 00:00:00,2.0,47.9,66.3,33.0,33.1,31.8,0.0
2019-12-06 01:00:00,1.6,48.0,64.5,30.8,35.3,28.9,0.0
2019-12-06 02:00:00,1.4,48.0,63.3,26.1,44.9,26.3,0.0
2019-12-06 03:00:00,1.3,48.0,62.4,25.9,52.3,26.3,0.0
2019-12-06 04:00:00,1.0,48.2,55.2,25.8,46.4,26.7,0.0
2019-12-06 05:00:00,0.5,48.3,58.7,26.8,49.4,26.5,0.0
2019-12-06 06:00:00,0.3,48.3,69.2,40.3,39.1,28.2,183.0
2019-12-06 07:00:00,0.5,48.3,83.7,50.4,50.8,41.9,533.0
2019-12-06 08:00:00,0.6,48.3,88.4,46.5,48.3,40.4,365.0
2019-12-06 09:00:00,2.3,47.8,86.0,45.7,47.4,40.2,361.0
2019-12-06 10:00:00,4.8,47.1,83.4,45.0,46.7,39.8,342.0
2019-12-06 11:00:00,5.1,46.9,83.9,44.9,46.7,39.6,106.0
2019-12-06 12:00:00,5.4,46.7,80.5,45.8,47.3,40.1,574.0
2019-12-06 13:00:00,5.9,46.4,79.1,44.1,45.6,39.2,315.0
2019-12-06 14:00:00,6.0,46.2,79.4,45.1,46.5,39.4,330.0
2019-12-06 15:00:00,6.3,46.1,77.3,45.0,46.2,39.5,329.0
2019-12-06 16:00:00,5.5,46.6,79.0,45.2,46.6,39.5,327.0
2019-12-06 17:00:00,3.8,47.3,82.1,46.0,47.3,40.0,340.0
2019-12-06 18:00:00,3.0,47.6,84.0,46.4,48.1,40.7,357.0
2019-12-06 19:00:00,2.7,47.7,82.3,46.4,47.6,40.1,337.0
2019-12-06 20:00:00,3.0,47.6,81.9,46.2,46.9,40.6,353.0
2019-12-06 21:00:00,2.1,47.8,78.0,47.3,48.3,40.6,340.0
2019-12-06 22:00:00,2.3,47.8,74.8,46.5,47.7,40.7,343.0
2019-12-06 23:00:00,2.5,47.7,75.3,35.2,35.9,32.8,0.0
2019-12-07 00:00:00,2.0,47.9,73.2,32.3,44.9,30.6,0.0
2019-12-07 01:00:00,2.0,47.9,67.8,30.0,51.3,28.8,0.0
2019-12-07 02:00:00,2.4,47.8,59.5,29.4,44.6,29.0,0.0
2019-12-07 03:00:00,2.8,47.6,59.2,28.7,47.4,28.7,0.0
2019-12-07 04:00:00,3.2,47.5,58.2,28.3,46.6,28.6,0.0
2019-12-07 05:00:00,3.1,47.6,58.9,28.6,47.7,28.2,0.0
2019-12-07 06:00:00,3.3,47.5,76.1,43.3,41.4,28.1,189.0
2019-12-07 07:00:00,3.5,47.4,84.1,45.8,47.6,41.4,486.0
2019-12-07 08:00:00,3.8,47.3,83.3,44.8,46.6,39.5,326.0
2019-12-07 09:00:00,4.6,47.1,79.8,45.7,46.6,40.0,354.0
2019-12-07 10:00:00,5.5,46.6,80.9,46.0,47.3,39.7,339.0
2019-12-07 11:00:00,7.3,45.3,78.7,44.0,45.4,39.0,322.0
2019-12-07 12:00:00,8.1,44.7,76.2,43.7,45.1,38.6,302.0
2019-12-07 13:00:00,8.0,44.8,73.1,44.0,45.2,38.1,296.0
2019-12-07 14:00:00,8.3,44.7,74.3,41.0,36.3,36.0,224.0
2019-12-07 15:00:00,8.1,44.8,71.0,32.4,37.0,31.8,0.0
2019-12-07 16:00:00,7.7,48.1,70.2,47.9,46.2,36.4,354.0
2019-12-07 17:00:00,6.1,49.2,80.6,50.9,50.9,42.4,401.0
2019-12-07 18:00:00,6.0,49.3,80.0,48.2,49.0,41.3,350.0
2019-12-07 19:00:00,5.8,49.4,81.1,50.5,50.7,41.2,369.0
2019-12-07 20:00:00,5.8,49.4,78.6,49.7,49.9,41.9,380.0
2019-12-07 21:00:00,6.1,49.2,69.4,41.6,36.7,36.2,202.0
2019-12-07 22:00:00,6.5,48.9,68.2,33.8,35.0,33.1,0.0
2019-12-07 23:00:00,6.4,49.0,67.8,32.7,54.6,32.7,0.0
2019-12-08 00:00:00,6.5,48.7,61.6,32.1,49.6,32.2,0.0
2019-12-08 01:00:00,6.3,49.1,59.1,31.4,48.2,32.0,0.0
2019-12-08 02:00:00,6.1,49.2,59.0,31.6,49.0,30.7,0.0
2019-12-08 03:00:00,5.9,49.4,56.5,30.9,48.2,29.6,0.0
2019-12-08 04:00:00,5.6,49.5,55.4,30.8,47.3,28.8,0.0
2019-12-08 05:00:00,5.3,49.6,55.7,30.0,51.7,27.1,0.0
2019-12-08 06:00:00,5.4,49.7,55.5,26.8,50.9,26.0,0.0
2019-12-08 07:00:00,5.3,49.9,81.7,53.5,50.9,36.2,387.0
2019-12-08 08:00:00,5.8,49.4,80.6,48.2,49.3,41.8,462.0
2019-12-08 09:00:00,6.3,49.0,77.6,49.4,49.5,40.9,360.0
2019-12-08 10:00:00,6.7,48.7,77.5,48.6,48.8,41.2,374.0
2019-12-08 11:00:00,7.0,48.6,75.3,47.7,48.6,41.5,372.0
2019-12-08 12:00:00,8.2,47.7,76.2,47.7,48.2,40.7,346.0
2019-12-08 13:00:00,8.9,47.2,67.8,46.7,46.5,40.2,333.0
2019-12-08 14:00:00,8.4,47.5,75.9,47.5,48.1,40.8,352.0
2019-12-08 15:00:00,7.5,48.15,72.85,41.95,40.05,36.3,95.5
2019-12-08 16:00:00,6.6,48.8,69.8,36.4,32.0,31.8,95.5
2019-12-08 17:00:00,7.0,48.5,80.6,50.4,50.7,42.4,446.0
2019-12-08 18:00:00,7.3,48.4,75.5,47.2,47.6,40.7,327.0
2019-12-08 19:00:00,6.9,48.7,74.2,39.3,35.5,35.0,173.0
2019-12-08 20:00:00,6.3,49.0,77.7,49.0,46.9,33.3,227.0
2019-12-08 21:00:00,5.9,49.4,69.1,47.0,47.5,41.9,467.0
2019-12-08 22:00:00,5.4,49.7,77.2,47.2,42.4,42.2,362.0
2019-12-08 23:00:00,4.7,49.85,74.6,40.25,40.85,35.0,0.0
2019-12-09 00:00:00,4.0,50.0,72.0,33.3,39.3,27.8,0.0
2019-12-09 01:00:00,4.1,50.0,70.6,27.6,48.8,28.2,0.0
2019-12-09 02:00:00,3.5,50.0,65.4,27.8,51.6,27.9,0.0
2019-12-09 03:00:00,3.5,50.0,62.6,27.7,49.9,28.0,0.0
2019-12-09 04:00:00,3.7,50.0,59.5,27.6,49.7,27.6,0.0
2019-12-09 05:00:00,3.0,50.0,24.5,28.6,24.2,23.8,0.0
2019-12-09 06:00:00,2.1,50.0,72.8,39.7,38.5,26.3,109.0
2019-12-09 07:00:00,1.5,50.0,85.9,51.7,52.5,43.3,580.0
2019-12-09 08:00:00,2.0,50.0,85.8,48.1,49.6,41.6,356.0
2019-12-09 09:00:00,3.7,50.0,85.0,48.1,49.6,41.7,391.0
2019-12-09 10:00:00,5.1,46.0,84.3,44.2,46.1,40.4,333.0
2019-12-09 11:00:00,6.4,46.4,81.1,44.6,46.3,38.8,287.0
2019-12-09 12:00:00,7.5,45.1,79.2,43.6,45.2,39.2,310.0
2019-12-09 13:00:00,8.5,44.2,76.8,42.7,44.3,38.5,280.0
2019-12-09 14:00:00,8.6,44.0,75.0,42.1,43.5,38.0,272.0
2019-12-09 15:00:00,9.5,42.8,74.5,41.3,42.9,37.7,260.0
2019-12-09 16:00:00,8.8,43.6,75.3,41.6,43.1,37.1,245.0
2019-12-09 17:00:00,7.7,44.6,78.9,43.2,44.8,38.4,294.0
2019-12-09 18:00:00,6.5,46.4,79.8,45.0,46.4,39.5,313.0
2019-12-09 19:00:00,5.7,46.9,80.5,45.9,47.3,40.3,333.0
2019-12-09 20:00:00,5.0,47.0,67.7,45.4,45.6,39.6,311.0
2019-12-09 21:00:00,4.8,47.0,81.8,46.9,47.8,40.4,339.0
2019-12-09 22:00:00,4.3,47.2,74.3,44.3,40.0,39.7,285.0
2019-12-09 23:00:00,4.0,47.3,65.4,35.9,34.3,32.8,0.0
2019-12-10 00:00:00,3.5,47.4,59.6,33.0,32.8,32.1,0.0
2019-12-10 01:00:00,3.5,47.4,54.9,32.0,34.6,31.6,0.0
2019-12-10 02:00:00,3.6,47.4,50.9,30.9,35.0,31.5,0.0
2019-12-10 03:00:00,4.0,47.3,47.8,30.0,34.6,31.0,0.0
2019-12-10 04:00:00,4.5,47.1,45.3,29.2,33.7,30.6,0.0
2019-12-10 05:00:00,3.7,47.3,43.9,28.5,33.3,30.2,0.0
2019-12-10 06:00:00,3.6,47.4,84.7,53.4,50.0,33.4,340.0
2019-12-10 07:00:00,3.6,47.4,81.8,45.4,47.2,39.8,410.0
2019-12-10 08:00:00,4.6,47.1,83.5,45.8,47.4,40.4,357.0
2019-12-10 09:00:00,5.6,46.4,80.9,45.1,46.8,39.8,331.0
2019-12-10 10:00:00,6.7,45.3,79.4,43.9,45.5,39.3,313.0
2019-12-10 11:00:00,7.9,44.1,77.5,42.3,43.9,38.4,280.0
2019-12-10 12:00:00,8.7,43.2,76.3,41.3,43.0,37.5,257.0
2019-12-10 13:00:00,8.9,43.1,76.2,41.0,42.8,37.2,254.0
2019-12-10 14:00:00,9.2,47.1,78.4,47.1,47.9,40.4,353.0
2019-12-10 15:00:00,8.7,47.3,77.3,46.0,47.0,40.3,334.0
2019-12-10 16:00:00,7.9,47.9,78.2,47.1,47.9,40.6,334.0
2019-12-10 17:00:00,7.2,48.4,79.2,45.8,47.5,41.2,383.0
2019-12-10 18:00:00,6.4,49.0,74.0,48.4,48.6,41.0,353.0
2019-12-10 19:00:00,6.3,48.9,78.7,49.0,49.2,41.8,368.0
2019-12-10 20:00:00,6.4,49.0,79.6,50.1,50.5,41.6,350.0
2019-12-10 21:00:00,6.2,49.1,73.0,42.1,39.5,39.0,260.0
2019-12-10 22:00:00,5.7,49.4,71.4,34.4,35.1,33.5,0.0
2019-12-10 23:00:00,5.5,49.5,66.4,33.2,43.8,33.1,0.0
2019-12-11 00:00:00,5.7,49.4,63.3,32.6,47.6,32.7,0.0
2019-12-11 01:00:00,5.4,49.7,58.4,31.9,46.3,32.1,0.0
2019-12-11 02:00:00,5.6,49.6,54.7,31.2,44.5,31.5,0.0
2019-12-11 03:00:00,5.1,49.8,53.7,30.8,43.7,30.2,0.0
2019-12-11 04:00:00,5.3,49.7,52.0,30.5,42.6,29.4,0.0
2019-12-11 05:00:00,4.4,50.0,55.1,28.8,43.7,27.6,0.0
2019-12-11 06:00:00,4.5,50.0,83.0,49.1,47.8,34.2,315.0
2019-12-11 07:00:00,3.8,50.0,76.5,54.5,52.4,42.1,472.0
2019-12-11 08:00:00,3.8,50.0,84.5,48.7,50.0,42.0,400.0
2019-12-11 09:00:00,3.8,50.0,83.4,47.9,49.3,41.5,374.0
2019-12-11 10:00:00,3.8,50.0,83.9,49.3,50.4,42.1,397.0
2019-12-11 11:00:00,3.9,50.0,83.0,49.4,50.5,42.3,395.0
2019-12-11 12:00:00,3.7,50.0,82.5,49.3,50.3,42.3,386.0
2019-12-11 13:00:00,3.8,50.0,84.3,49.0,50.5,42.5,390.0
2019-12-11 14:00:00,3.6,50.0,84.1,48.5,49.8,42.0,371.0
2019-12-11 15:00:00,4.3,50.0,83.8,48.3,49.8,42.0,373.0
2019-12-11 16:00:00,3.2,48.3,83.6,46.8,48.5,41.5,361.0
2019-12-11 17:00:00,3.0,48.4,83.9,46.0,47.7,40.7,331.0
2019-12-11 18:00:00,3.2,48.4,83.8,47.0,48.5,40.7,174.0
2019-12-11 19:00:00,3.1,48.4,85.9,46.3,48.2,40.8,517.0
2019-12-11 20:00:00,3.2,49.1,74.3,42.3,38.8,38.3,288.0
2019-12-11 21:00:00,3.2,49.1,84.4,51.6,52.0,42.4,343.0
2019-12-11 22:00:00,3.7,49.1,75.7,45.1,41.9,41.0,305.0
2019-12-11 23:00:00,3.7,49.1,73.3,34.4,36.5,32.8,0.0
2019-12-12 00:00:00,3.7,49.1,69.6,32.6,50.5,32.5,0.0
2019-12-12 01:00:00,3.9,49.1,63.7,31.9,50.1,32.2,0.0
2019-12-12 02:00:00,3.7,49.1,57.3,31.1,47.7,32.0,0.0
2019-12-12 03:00:00,3.9,49.1,55.3,30.5,45.9,31.4,0.0
2019-12-12 04:00:00,3.5,49.1,53.2,30.1,44.2,30.8,0.0
2019-12-12 05:00:00,3.7,49.1,51.4,30.1,42.9,30.4,0.0
2019-12-12 06:00:00,3.9,49.1,65.4,38.6,38.8,30.6,212.0
2019-12-12 07:00:00,3.9,49.1,82.9,50.3,50.9,42.7,522.0
2019-12-12 08:00:00,4.2,49.0,83.0,47.0,48.5,41.1,353.0
2019-12-12 09:00:00,4.3,49.0,83.0,46.7,48.2,40.9,356.0
2019-12-12 10:00:00,5.3,47.6,81.0,46.6,48.2,41.0,359.0
2019-12-12 11:00:00,6.3,47.0,79.8,46.0,47.3,40.4,331.0
2019-12-12 12:00:00,6.5,46.7,78.4,45.6,46.8,40.1,328.0
2019-12-12 13:00:00,7.2,46.2,78.4,44.7,46.2,39.7,317.0
2019-12-12 14:00:00,6.9,46.3,77.9,44.3,45.7,39.4,302.0
2019-12-12 15:00:00,7.0,46.3,79.0,44.5,46.2,39.5,310.0
2019-12-12 16:00:00,6.7,46.4,78.7,44.6,46.0,39.5,311.0
2019-12-12 17:00:00,6.6,46.8,78.8,44.7,46.1,39.6,309.0
2019-12-12 18:00:00,6.1,47.0,80.1,44.9,46.5,39.8,314.0
2019-12-12 19:00:00,6.0,47.1,80.0,45.0,46.6,39.9,314.0
2019-12-12 20:00:00,6.1,47.1,74.2,47.3,47.6,39.8,313.0
2019-12-12 21:00:00,6.2,47.0,69.5,45.7,45.8,40.6,332.0
2019-12-12 22:00:00,6.2,46.9,71.5,43.7,40.1,39.9,278.0
2019-12-12 23:00:00,5.8,47.2,69.5,34.3,36.6,33.1,0.0
2019-12-13 00:00:00,5.3,47.7,69.3,32.5,35.7,31.4,0.0
2019-12-13 01:00:00,5.2,47.7,67.2,29.6,33.1,28.5,0.0
2019-12-13 02:00:00,5.1,47.9,64.9,27.6,48.6,27.8,0.0
2019-12-13 03:00:00,4.8,48.0,60.4,27.4,49.5,27.8,0.0
2019-12-13 04:00:00,5.1,47.9,53.8,27.3,44.9,27.9,0.0
2019-12-13 05:00:00,5.2,47.8,56.9,27.9,47.9,27.9,0.0
2019-12-13 06:00:00,4.6,48.1,49.7,31.5,30.5,23.3,39.0
2019-12-13 07:00:00,4.7,48.0,74.7,49.6,49.0,41.5,557.0
2019-12-13 08:00:00,5.6,47.6,80.9,45.2,46.7,40.1,326.0
2019-12-13 09:00:00,6.4,46.8,80.2,46.0,47.3,40.2,341.0
2019-12-13 10:00:00,8.0,45.6,78.4,44.0,45.6,39.4,306.0
2019-12-13 11:00:00,10.0,43.6,75.4,42.1,43.8,38.5,277.0
2019-12-13 12:00:00,11.2,42.6,73.5,40.7,42.2,37.2,239.0
2019-12-13 13:00:00,12.0,42.0,72.8,40.9,42.5,37.0,244.0
2019-12-13 14:00:00,11.2,43.8,72.8,42.3,43.5,37.5,263.0
2019-12-13 15:00:00,11.3,43.6,71.9,42.9,44.1,38.3,281.0
2019-12-13 16:00:00,10.2,44.9,74.0,43.4,44.7,38.5,282.0
2019-12-13 17:00:00,9.3,45.7,75.7,44.2,45.5,39.2,297.0
2019-12-13 18:00:00,9.0,49.4,64.2,47.8,46.9,40.1,328.0
2019-12-13 19:00:00,8.5,49.5,77.1,48.5,49.4,42.1,385.0
2019-12-13 20:00:00,8.3,49.5,67.2,47.8,47.8,42.2,357.0
2019-12-13 21:00:00,6.9,49.7,77.6,43.3,40.2,39.8,275.0
2019-12-13 22:00:00,6.0,49.8,72.6,34.9,39.7,33.9,0.0
2019-12-13 23:00:00,7.3,49.6,71.0,32.3,40.9,30.7,0.0
2019-12-14 00:00:00,7.8,49.6,69.5,29.1,56.5,28.6,0.0
2019-12-14 01:00:00,7.5,49.6,62.4,28.7,50.2,28.6,0.0
2019-12-14 02:00:00,7.5,49.6,61.0,29.0,49.5,28.9,0.0
2019-12-14 03:00:00,7.6,49.6,59.2,28.9,49.4,29.0,0.0
2019-12-14 04:00:00,7.2,49.6,56.1,29.3,47.6,29.0,0.0
2019-12-14 05:00:00,7.7,49.6,56.1,29.7,47.4,28.7,0.0
2019-12-14 06:00:00,8.1,49.5,55.1,29.8,47.2,27.9,0.0
2019-12-14 07:00:00,8.3,49.5,79.0,53.4,52.3,41.9,566.0
2019-12-14 08:00:00,8.7,49.4,74.7,49.7,49.7,41.2,366.0
2019-12-14 09:00:00,9.2,49.4,69.9,48.1,48.5,41.6,371.0
2019-12-14 10:00:00,9.7,49.3,75.9,50.0,50.0,42.0,378.0
2019-12-14 11:00:00,11.3,49.0,73.6,50.3,49.9,41.7,361.0
2019-12-14 12:00:00,12.0,49.0,71.9,49.4,49.2,41.8,360.0
2019-12-14 13:00:00,12.6,49.0,67.9,41.6,34.3,34.0,120.0
2019-12-14 14:00:00,12.7,49.0,62.3,38.1,33.5,33.0,0.0
2019-12-14 15:00:00,12.4,49.0,56.8,36.1,31.5,30.6,0.0
2019-12-14 16:00:00,11.0,48.1,60.3,41.6,38.7,30.6,216.0
2019-12-14 17:00:00,9.3,48.3,75.2,48.0,48.5,42.1,479.0
2019-12-14 18:00:00,9.4,48.4,73.8,42.0,38.4,38.1,236.0
2019-12-14 19:00:00,9.1,48.3,55.9,40.9,33.0,32.8,113.0
2019-12-14 20:00:00,8.9,48.4,77.9,49.1,49.7,42.7,446.0
2019-12-14 21:00:00,8.3,48.5,76.9,47.5,48.4,40.9,323.0
2019-12-14 22:00:00,7.2,48.6,80.0,46.0,42.0,41.7,327.0
2019-12-14 23:00:00,6.3,48.8,75.9,35.6,36.0,33.9,0.0
2019-12-15 00:00:00,6.3,48.8,72.6,33.6,52.8,33.3,0.0
2019-12-15 01:00:00,5.0,49.0,65.5,32.7,49.8,32.9,0.0
2019-12-15 02:00:00,4.1,49.1,58.2,32.0,47.7,32.6,0.0
2019-12-15 03:00:00,3.8,49.1,56.8,31.2,46.0,31.8,0.0
2019-12-15 04:00:00,3.2,49.1,55.4,30.7,44.7,30.6,0.0
2019-12-15 05:00:00,2.4,49.2,54.2,30.0,43.4,29.5,0.0
2019-12-15 06:00:00,2.3,48.5,65.4,38.9,37.2,25.6,106.0
2019-12-15 07:00:00,1.9,48.6,84.4,46.2,48.1,41.5,554.0
2019-12-15 08:00:00,2.0,48.6,83.5,46.7,48.5,40.8,347.0
2019-12-15 09:00:00,3.0,48.4,84.0,47.4,49.0,41.3,358.0
2019-12-15 10:00:00,4.3,48.1,79.1,47.3,48.5,40.7,345.0
2019-12-15 11:00:00,5.1,48.0,80.0,47.6,48.4,40.4,337.0
2019-12-15 12:00:00,5.7,48.0,81.0,48.0,48.9,40.6,352.0
2019-12-15 13:00:00,6.2,46.6,64.8,42.4,36.2,35.9,200.0
2019-12-15 14:00:00,8.7,45.9,65.6,33.2,33.3,32.5,0.0
2019-12-15 15:00:00,10.3,45.5,64.9,31.8,46.7,31.8,0.0
2019-12-15 16:00:00,9.1,44.8,67.3,38.6,36.9,25.3,49.0
2019-12-15 17:00:00,7.3,45.3,76.9,45.7,46.9,40.5,481.0
2019-12-15 18:00:00,5.7,45.8,79.1,43.7,45.3,38.8,283.0
2019-12-15 19:00:00,6.2,45.6,65.7,44.0,44.0,38.9,291.0
2019-12-15 20:00:00,5.4,45.8,68.7,43.6,45.1,39.4,306.0
2019-12-15 21:00:00,4.2,46.0,75.0,44.9,45.9,39.5,310.0
2019-12-15 22:00:00,4.3,46.0,70.7,43.3,39.4,39.1,276.0
2019-12-15 23:00:00,4.5,46.0,63.4,34.4,34.5,32.4,0.0
2019-12-16 00:00:00,4.5,46.0,62.9,31.5,43.6,31.6,0.0
2019-12-16 01:00:00,2.7,46.2,61.0,30.3,48.9,30.8,0.0
2019-12-16 02:00:00,2.1,46.2,55.4,29.2,45.8,30.2,0.0
2019-12-16 03:00:00,1.7,46.3,54.9,28.2,44.6,29.6,0.0
2019-12-16 04:00:00,1.4,46.3,56.0,28.6,45.7,28.7,0.0
2019-12-16 05:00:00,1.3,46.3,56.8,26.8,49.3,27.1,0.0
2019-12-16 06:00:00,1.0,46.3,57.0,33.7,33.0,24.1,67.0
2019-12-16 07:00:00,1.0,47.0,70.1,50.4,50.4,38.8,471.0
2019-12-16 08:00:00,2.0,47.0,86.5,45.0,47.3,40.1,376.0
2019-12-16 09:00:00,4.7,47.0,84.9,44.5,46.8,39.8,330.0
2019-12-16 10:00:00,7.4,46.3,80.1,44.3,46.0,39.3,310.0
2019-12-16 11:00:00,9.8,45.6,76.4,43.8,45.1,39.0,299.0
2019-12-16 12:00:00,11.9,45.0,71.3,43.0,38.0,37.8,240.0
2019-12-16 13:00:00,13.7,40.0,66.3,33.3,33.8,32.0,0.0
2019-12-16 14:00:00,14.2,40.0,65.7,31.3,35.8,30.5,0.0
2019-12-16 15:00:00,14.0,40.0,64.4,28.2,43.7,27.5,0.0
2019-12-16 16:00:00,13.6,49.0,52.5,35.1,32.7,24.8,49.0
2019-12-16 17:00:00,11.6,49.0,72.1,48.4,46.8,35.0,329.0
2019-12-16 18:00:00,8.9,49.4,72.8,48.2,48.7,42.3,484.0
2019-12-16 19:00:00,8.8,49.4,77.2,49.5,49.9,41.8,368.0
2019-12-16 20:00:00,8.3,49.5,79.3,50.4,50.8,41.8,365.0
2019-12-16 21:00:00,7.0,49.7,78.9,49.8,50.3,41.8,373.0
2019-12-16 22:00:00,5.6,49.9,74.6,36.0,39.1,33.5,49.0
2019-12-16 23:00:00,5.3,49.9,71.4,33.0,54.7,33.0,0.0
2019-12-17 00:00:00,4.1,49.7,62.1,31.6,48.5,32.6,0.0
2019-12-17 01:00:00,3.9,49.6,61.7,30.8,48.7,31.8,0.0
2019-12-17 02:00:00,3.2,49.5,56.7,29.9,46.5,30.9,0.0
2019-12-17 03:00:00,3.1,49.4,55.8,29.2,45.2,30.1,0.0
2019-12-17 04:00:00,3.1,49.4,54.9,29.3,43.9,29.8,0.0
2019-12-17 05:00:00,2.6,49.2,58.9,27.3,49.6,27.5,0.0
2019-12-17 06:00:00,2.7,49.3,83.0,49.7,48.2,34.8,332.0
2019-12-17 07:00:00,3.1,49.4,85.1,49.5,50.9,43.2,477.0
2019-12-17 08:00:00,3.6,49.5,84.9,48.0,49.7,41.5,358.0
2019-12-17 09:00:00,6.3,49.7,81.9,47.8,49.1,41.6,372.0
2019-12-17 10:00:00,8.6,49.4,79.5,48.1,49.1,41.4,360.0
2019-12-17 11:00:00,10.6,49.2,75.0,46.1,41.6,41.1,339.0
2019-12-17 12:00:00,11.7,49.0,54.6,39.1,34.7,34.4,136.0
2019-12-17 13:00:00,13.1,49.0,52.3,33.4,33.6,32.3,0.0
2019-12-17 14:00:00,14.4,47.0,51.0,31.9,36.2,31.6,0.0
2019-12-17 15:00:00,14.7,47.0,50.3,30.9,42.1,31.0,0.0
2019-12-17 16:00:00,12.3,47.0,48.9,30.5,43.0,30.5,0.0
2019-12-17 17:00:00,10.3,47.0,70.7,48.6,46.4,37.2,396.0
2019-12-17 18:00:00,8.1,47.0,78.1,44.9,46.4,40.1,379.0
2019-12-17 19:00:00,7.2,47.0,79.2,45.8,47.3,40.1,327.0
2019-12-17 20:00:00,6.6,47.0,79.1,47.5,48.5,39.7,319.0
2019-12-17 21:00:00,6.9,47.0,70.4,44.7,46.0,40.4,329.0
2019-12-17 22:00:00,5.5,47.0,77.7,43.2,40.4,39.7,290.0
2019-12-17 23:00:00,4.4,47.2,76.3,33.7,40.3,32.8,0.0
2019-12-18 00:00:00,3.4,47.4,72.9,32.2,54.5,31.4,0.0
2019-12-18 01:00:00,4.2,47.2,64.6,31.2,47.6,30.6,0.0
2019-12-18 02:00:00,3.4,47.4,63.2,30.4,48.5,29.9,0.0
2019-12-18 03:00:00,3.0,47.6,57.2,29.6,46.3,29.5,0.0
2019-12-18 04:00:00,2.2,47.8,57.7,28.9,46.4,28.9,0.0
2019-12-18 05:00:00,1.5,47.9,56.6,28.7,46.5,28.2,0.0
2019-12-18 06:00:00,2.3,48.5,68.5,37.8,37.4,25.8,106.0
2019-12-18 07:00:00,2.1,48.6,78.4,51.2,50.6,41.7,535.0
2019-12-18 08:00:00,2.7,48.4,85.7,46.0,47.9,40.4,342.0
2019-12-18 09:00:00,4.6,48.0,84.0,45.8,47.6,40.4,351.0
2019-12-18 10:00:00,6.9,46.7,80.0,45.0,46.8,39.9,329.0
2019-12-18 11:00:00,8.0,46.5,77.2,44.2,46.2,39.3,311.0
2019-12-18 12:00:00,9.2,46.3,74.5,43.5,39.8,39.2,292.0
2019-12-18 13:00:00,10.7,46.2,73.9,51.7,49.3,37.0,212.0
2019-12-18 14:00:00,12.0,46.0,72.1,45.1,46.0,39.7,351.0
2019-12-18 15:00:00,12.1,46.0,68.8,34.5,37.2,32.4,0.0
2019-12-18 16:00:00,10.9,46.1,66.0,32.4,51.5,32.3,0.0
2019-12-18 17:00:00,9.6,43.7,75.6,43.0,44.4,38.5,420.0
2019-12-18 18:00:00,7.7,45.4,78.0,44.0,45.6,38.6,285.0
2019-12-18 19:00:00,6.3,46.2,78.6,44.1,45.9,39.6,320.0
2019-12-18 20:00:00,6.5,46.1,71.4,43.9,45.3,38.9,281.0
2019-12-18 21:00:00,4.9,46.9,79.5,45.9,47.4,40.3,338.0
2019-12-18 22:00:00,4.8,47.0,73.0,44.4,41.0,40.7,315.0
2019-12-18 23:00:00,4.48,47.1,70.68,43.74,40.64,39.78,39.78
2019-12-19 00:00:00,4.16,47.2,68.36,43.09,40.29,38.86,39.78
2019-12-19 01:00:00,3.83,47.3,66.03,42.43,39.93,37.93,39.78
2019-12-19 02:00:00,3.51,47.4,63.71,41.78,39.58,37.01,39.78
2019-12-19 03:00:00,3.19,47.5,61.39,41.12,39.22,36.09,39.78
2019-12-19 04:00:00,2.87,47.6,59.07,40.47,38.87,35.17,39.78
2019-12-19 05:00:00,2.54,47.7,56.74,39.81,38.51,34.24,39.78
2019-12-19 06:00:00,2.22,47.8,54.42,39.16,38.16,33.32,39.78
2019-12-19 07:00:00,1.9,47.9,52.1,38.5,37.8,32.4,39.78
2019-12-19 08:00:00,2.1,47.8,78.8,54.0,52.1,39.9,425.0
2019-12-19 09:00:00,3.6,47.4,80.6,44.9,46.6,39.8,350.0
2019-12-19 10:00:00,5.0,47.0,79.0,45.2,46.8,39.7,335.0
2019-12-19 11:00:00,6.3,44.6,76.8,42.4,44.0,38.3,282.0
2019-12-19 12:00:00,7.2,44.3,77.0,42.4,44.2,37.9,278.0
2019-12-19 13:00:00,8.2,44.0,77.3,42.7,44.3,38.2,290.0
2019-12-19 14:00:00,8.6,48.0,75.7,48.1,48.7,40.9,370.0
2019-12-19 15:00:00,8.6,48.0,75.5,47.3,48.0,40.8,346.0
2019-12-19 16:00:00,7.1,48.8,78.3,47.9,48.9,41.0,353.0
2019-12-19 17:00:00,6.7,49.0,80.1,48.8,49.8,41.8,373.0
2019-12-19 18:00:00,6.5,49.0,79.9,48.2,49.5,41.8,365.0
2019-12-19 19:00:00,6.3,49.2,75.5,48.9,49.4,41.7,354.0
2019-12-19 20:00:00,5.5,49.6,78.7,49.7,50.2,41.8,368.0
2019-12-19 21:00:00,5.5,49.7,74.3,48.9,49.1,42.0,372.0
2019-12-19 22:00:00,5.1,50.0,75.5,37.5,36.2,33.3,56.0
2019-12-19 23:00:00,3.8,50.0,71.2,33.7,35.9,33.1,0.0
2019-12-20 00:00:00,3.9,50.0,67.7,30.7,34.6,28.6,0.0
2019-12-20 01:00:00,4.1,50.0,64.4,27.6,42.1,28.1,0.0
2019-12-20 02:00:00,4.0,50.0,62.0,27.7,53.7,28.1,0.0
2019-12-20 03:00:00,3.6,50.0,55.7,27.5,47.3,28.3,0.0
2019-12-20 04:00:00,3.6,50.0,59.5,28.0,51.7,27.9,0.0
2019-12-20 05:00:00,3.6,50.0,55.0,28.1,49.0,27.9,0.0
2019-12-20 06:00:00,3.6,50.0,84.8,52.6,51.0,35.7,351.0
2019-12-20 07:00:00,3.5,50.0,74.4,49.1,49.7,41.1,457.0
2019-12-20 08:00:00,4.1,50.0,84.2,49.1,50.6,42.2,416.0
2019-12-20 09:00:00,5.5,49.7,83.2,52.9,51.7,38.4,337.0
2019-12-20 10:00:00,6.9,48.9,79.3,46.6,47.9,41.6,403.0
2019-12-20 11:00:00,8.4,48.0,77.6,46.3,47.6,40.5,333.0
2019-12-20 12:00:00,10.2,47.0,74.1,45.5,46.4,40.1,321.0
2019-12-20 13:00:00,10.3,45.4,74.1,45.1,46.3,39.8,312.0
2019-12-20 14:00:00,11.1,45.2,69.9,43.4,44.4,38.7,278.0
2019-12-20 15:00:00,10.8,45.3,73.5,44.4,45.5,38.8,291.0
2019-12-20 16:00:00,10.2,45.4,74.5,44.5,45.8,39.4,309.0
2019-12-20 17:00:00,10.0,45.5,75.4,44.6,46.0,39.4,298.0
2019-12-20 18:00:00,9.3,45.7,74.9,44.7,46.0,39.6,299.0
2019-12-20 19:00:00,8.6,46.0,75.7,45.2,46.2,39.9,309.0
2019-12-20 20:00:00,7.0,46.4,77.0,46.4,47.3,39.6,300.0
2019-12-20 21:00:00,7.6,46.2,73.8,44.2,45.6,39.9,303.0
2019-12-20 22:00:00,7.8,46.2,77.4,42.7,39.2,39.1,258.0
2019-12-20 23:00:00,8.4,46.0,68.4,39.5,33.3,32.9,0.0
2019-12-21 00:00:00,8.7,45.9,61.4,37.0,33.0,32.4,0.0
2019-12-21 01:00:00,8.2,46.0,58.9,33.7,36.8,31.7,0.0
2019-12-21 02:00:00,9.2,45.8,53.9,31.9,37.5,31.5,0.0
2019-12-21 03:00:00,11.3,45.2,52.1,31.0,38.1,31.3,0.0
2019-12-21 04:00:00,10.8,45.3,52.8,30.5,40.4,30.9,0.0
2019-12-21 05:00:00,12.0,45.0,49.7,30.2,39.9,30.4,0.0
2019-12-21 06:00:00,9.9,45.6,70.4,45.0,43.9,32.6,242.0
2019-12-21 07:00:00,9.5,45.6,75.5,43.4,45.0,39.2,386.0
2019-12-21 08:00:00,9.5,45.6,76.3,44.2,45.7,39.1,295.0
2019-12-21 09:00:00,10.4,45.4,74.2,44.4,45.7,39.1,298.0
2019-12-21 10:00:00,13.3,45.0,73.0,43.3,39.6,39.0,283.0
2019-12-21 11:00:00,14.3,45.0,67.8,33.7,36.9,32.4,0.0
2019-12-21 12:00:00,14.5,45.0,66.3,31.8,40.8,30.8,0.0
2019-12-21 13:00:00,14.9,45.0,63.5,29.5,49.9,28.5,0.0
2019-12-21 14:00:00,14.7,45.0,56.7,29.2,44.2,28.8,0.0
2019-12-21 15:00:00,14.4,45.0,57.2,29.0,46.2,28.7,0.0
2019-12-21 16:00:00,14.5,45.0,53.4,28.7,44.5,28.5,0.0
2019-12-21 17:00:00,14.0,45.0,53.0,28.6,44.1,28.3,0.0
2019-12-21 18:00:00,13.9,43.0,70.2,47.4,44.9,32.4,253.0
2019-12-21 19:00:00,14.6,43.0,71.2,47.1,46.8,38.0,288.0
2019-12-21 20:00:00,14.9,43.0,67.1,41.2,42.1,37.1,237.0
2019-12-21 21:00:00,14.8,43.0,54.7,40.9,41.1,37.5,247.0
2019-12-21 22:00:00,14.7,43.0,70.5,41.5,38.2,37.7,249.0
2019-12-21 23:00:00,15.0,43.0,66.7,33.1,36.0,31.9,0.0
2019-12-22 00:00:00,15.2,43.0,62.9,31.6,47.4,31.6,0.0
2019-12-22 01:00:00,14.8,43.0,56.1,31.1,43.8,31.4,0.0
2019-12-22 02:00:00,14.9,43.0,50.5,30.6,40.4,31.1,0.0
2019-12-22 03:00:00,14.7,43.0,54.0,30.5,43.3,30.1,0.0
2019-12-22 04:00:00,14.6,43.0,52.1,30.1,42.8,29.0,0.0
2019-12-22 05:00:00,14.8,43.0,50.6,29.6,42.0,28.5,0.0
2019-12-22 06:00:00,14.5,43.0,60.5,36.3,35.0,24.3,60.0
2019-12-22 07:00:00,15.0,43.0,72.1,42.8,44.1,39.4,442.0
2019-12-22 08:00:00,14.5,43.0,66.5,41.3,42.3,37.1,220.0
2019-12-22 09:00:00,14.3,43.0,63.7,42.8,42.7,37.3,249.0
2019-12-22 10:00:00,15.4,43.0,64.9,41.5,42.6,37.6,254.0
2019-12-22 11:00:00,15.1,43.0,63.5,37.0,32.2,32.0,84.0
2019-12-22 12:00:00,15.8,43.0,57.8,33.7,32.2,31.4,0.0
2019-12-22 13:00:00,17.0,43.0,53.1,32.0,32.0,30.7,0.0
2019-12-22 14:00:00,16.6,43.0,49.7,30.9,34.8,30.4,0.0
2019-12-22 15:00:00,16.8,43.0,46.7,30.0,34.7,30.2,0.0
2019-12-22 16:00:00,13.1,45.0,72.2,45.3,43.9,31.5,219.0
2019-12-22 17:00:00,11.4,45.4,65.1,45.8,46.0,40.5,361.0
2019-12-22 18:00:00,11.3,45.5,74.5,45.1,46.3,39.6,286.0
2019-12-22 19:00:00,11.5,45.3,74.3,44.6,45.8,39.6,292.0
2019-12-22 20:00:00,12.1,45.0,73.4,43.7,45.0,39.2,280.0
2019-12-22 21:00:00,11.9,45.0,72.3,41.9,38.6,38.5,236.0
2019-12-22 22:00:00,12.2,45.0,69.1,33.7,38.6,32.8,0.0
2019-12-22 23:00:00,11.9,45.2,66.8,32.3,47.6,31.4,0.0
2019-12-23 00:00:00,12.0,45.0,61.7,31.1,47.6,29.9,0.0
2019-12-23 01:00:00,11.2,45.6,54.9,30.5,44.0,29.8,0.0
2019-12-23 02:00:00,11.5,45.4,55.4,29.8,45.5,29.2,0.0
2019-12-23 03:00:00,11.1,45.6,54.2,29.1,44.6,29.1,0.0
2019-12-23 04:00:00,10.4,46.1,53.9,28.9,44.5,28.5,0.0
2019-12-23 05:00:00,10.1,46.3,53.1,29.1,44.6,28.2,0.0
2019-12-23 06:00:00,10.6,46.0,74.9,49.8,48.2,35.8,325.0
2019-12-23 07:00:00,8.8,47.2,75.6,45.5,46.7,40.4,367.0
2019-12-23 08:00:00,6.1,49.2,80.5,48.5,49.8,41.9,372.0
2019-12-23 09:00:00,6.9,48.6,81.1,47.4,48.9,41.7,353.0
2019-12-23 10:00:00,7.9,47.9,80.3,46.8,48.4,41.2,331.0
2019-12-23 11:00:00,8.1,47.7,79.3,46.4,48.0,41.0,326.0
2019-12-23 12:00:00,8.8,47.3,78.2,46.1,47.6,40.8,318.0
2019-12-23 13:00:00,8.8,47.2,77.3,45.9,47.3,40.7,315.0
2019-12-23 14:00:00,8.8,45.3,74.7,42.8,44.6,39.1,259.0
2019-12-23 15:00:00,8.6,45.0,75.1,43.0,44.6,38.9,268.0
2019-12-23 16:00:00,8.4,44.5,78.2,43.4,45.0,39.1,273.0
2019-12-23 17:00:00,8.4,44.5,78.1,42.8,44.8,38.9,263.0
2019-12-23 18:00:00,7.5,46.5,79.2,43.8,46.1,39.0,268.0
2019-12-23 19:00:00,7.8,46.4,79.9,44.8,46.5,40.4,314.0
2019-12-23 20:00:00,7.7,46.4,71.5,45.0,46.0,39.6,280.0
2019-12-23 21:00:00,7.2,46.7,77.0,45.7,47.0,40.4,307.0
2019-12-23 22:00:00,6.7,47.0,71.0,43.1,40.8,40.2,279.0
2019-12-23 23:00:00,6.4,47.2,68.5,34.0,40.7,33.3,0.0
2019-12-24 00:00:00,6.0,47.4,68.6,32.3,54.5,31.2,0.0
2019-12-24 01:00:00,5.7,47.6,60.5,31.2,46.2,30.8,0.0
2019-12-24 02:00:00,5.7,47.4,61.2,30.1,48.8,29.6,0.0
2019-12-24 03:00:00,6.3,47.3,55.2,29.2,46.1,29.0,0.0
2019-12-24 04:00:00,5.6,47.7,58.2,28.4,47.3,28.0,0.0
2019-12-24 05:00:00,5.5,47.7,56.3,27.5,48.1,27.2,0.0
2019-12-24 06:00:00,5.5,45.8,67.7,39.8,39.8,29.2,165.0
2019-12-24 07:00:00,5.7,45.7,80.8,44.2,46.2,41.0,442.0
2019-12-24 08:00:00,6.1,45.6,80.7,43.3,45.4,38.9,271.0
2019-12-24 09:00:00,5.9,45.7,80.9,43.6,45.6,39.2,299.0
2019-12-24 10:00:00,6.0,45.7,80.7,43.8,45.7,39.3,297.0
2019-12-24 11:00:00,5.9,45.7,81.0,43.8,45.9,39.4,297.0
2019-12-24 12:00:00,5.8,45.7,80.7,43.8,45.9,39.4,297.0
2019-12-24 13:00:00,5.7,45.7,80.7,43.8,45.9,39.4,296.0
2019-12-24 14:00:00,6.1,45.7,82.4,44.1,46.2,39.5,298.0
2019-12-24 15:00:00,6.1,45.6,81.9,44.0,46.2,39.6,299.0
2019-12-24 16:00:00,5.9,45.7,80.3,43.4,45.5,39.4,290.0
2019-12-24 17:00:00,6.1,45.6,78.8,43.0,45.1,39.1,280.0
2019-12-24 18:00:00,6.1,45.6,80.8,43.1,45.3,39.1,281.0
2019-12-24 19:00:00,6.1,45.6,80.4,43.2,45.3,39.2,283.0
2019-12-24 20:00:00,6.3,45.6,74.9,43.7,44.8,39.0,278.0
2019-12-24 21:00:00,6.2,45.6,70.4,44.6,45.3,39.5,297.0
2019-12-24 22:00:00,6.0,45.6,71.7,42.6,39.6,39.1,264.0
2019-12-24 23:00:00,6.4,45.6,65.8,34.0,34.5,32.6,0.0
2019-12-25 00:00:00,6.6,45.5,67.5,31.9,40.5,31.2,0.0
2019-12-25 01:00:00,6.2,45.6,65.4,28.8,50.4,27.7,0.0
2019-12-25 02:00:00,5.9,45.7,57.8,28.3,43.4,27.9,0.0
2019-12-25 03:00:00,5.6,45.8,57.1,27.7,45.9,27.8,0.0
2019-12-25 04:00:00,5.1,45.9,56.1,27.3,45.3,27.9,0.0
2019-12-25 05:00:00,5.0,46.0,55.3,27.6,45.6,27.6,0.0
2019-12-25 06:00:00,4.5,46.2,82.4,43.2,42.5,27.0,150.0
2019-12-25 07:00:00,4.7,46.1,80.6,44.2,46.3,40.1,465.0
2019-12-25 08:00:00,5.0,46.0,81.1,43.4,45.5,39.2,299.0
2019-12-25 09:00:00,5.4,45.8,82.8,43.7,46.0,38.9,296.0
2019-12-25 10:00:00,5.7,45.8,80.8,43.7,45.8,39.5,317.0
2019-12-25 11:00:00,6.3,45.6,80.2,43.0,45.0,38.9,287.0
2019-12-25 12:00:00,5.8,44.7,80.8,42.8,44.9,38.7,288.0
2019-12-25 13:00:00,5.3,44.8,80.4,42.8,44.9,38.7,285.0
2019-12-25 14:00:00,5.7,44.8,80.7,43.1,45.2,38.9,289.0
2019-12-25 15:00:00,5.7,44.8,81.3,43.0,45.0,39.1,290.0
2019-12-25 16:00:00,6.1,44.7,82.5,42.7,44.9,39.0,282.0
2019-12-25 17:00:00,6.4,48.6,81.2,47.9,49.2,41.5,358.0
2019-12-25 18:00:00,5.8,49.2,72.0,46.5,46.8,41.4,346.0
2019-12-25 19:00:00,6.1,48.9,80.0,47.9,49.6,42.2,359.0
2019-12-25 20:00:00,6.5,48.6,76.4,47.8,48.6,41.4,332.0
2019-12-25 21:00:00,6.4,48.7,76.5,42.5,39.5,39.2,252.0
2019-12-25 22:00:00,6.7,48.3,73.6,34.2,38.6,33.6,0.0
2019-12-25 23:00:00,6.3,48.7,71.6,32.5,53.7,31.2,0.0
2019-12-26 00:00:00,6.2,49.0,64.5,31.1,48.8,29.8,0.0
2019-12-26 01:00:00,5.5,49.5,62.9,30.2,50.2,29.3,0.0
2019-12-26 02:00:00,6.1,48.8,58.4,29.4,48.2,29.0,0.0
2019-12-26 03:00:00,6.4,48.8,59.8,28.8,48.4,28.1,0.0
2019-12-26 04:00:00,5.8,49.2,57.3,28.2,48.2,27.5,0.0
2019-12-26 05:00:00,5.8,49.3,56.8,27.8,47.6,26.6,0.0
2019-12-26 06:00:00,5.8,49.2,81.7,50.4,49.4,35.7,341.0
2019-12-26 07:00:00,5.9,49.2,81.4,53.3,52.5,42.2,454.0
2019-12-26 08:00:00,5.7,49.3,81.1,47.3,48.8,41.1,348.0
2019-12-26 09:00:00,5.5,49.6,80.8,48.2,49.5,41.6,374.0
2019-12-26 10:00:00,6.0,46.0,81.2,46.6,48.4,41.8,371.0
2019-12-26 11:00:00,5.8,46.2,80.0,43.9,46.0,38.9,263.0
2019-12-26 12:00:00,5.8,46.3,80.5,44.6,46.5,39.6,316.0
2019-12-26 13:00:00,5.9,46.2,80.0,44.7,46.5,39.8,316.0
2019-12-26 14:00:00,6.0,46.0,78.3,43.3,45.4,39.2,291.0
2019-12-26 15:00:00,6.2,45.9,81.1,44.7,46.5,39.7,316.0
2019-12-26 16:00:00,5.8,46.2,81.6,43.9,46.0,39.5,302.0
2019-12-26 17:00:00,5.3,46.5,82.9,44.1,46.4,39.6,305.0
2019-12-26 18:00:00,5.4,46.7,82.7,44.1,46.3,39.7,305.0
2019-12-26 19:00:00,5.5,46.5,82.5,44.1,46.2,39.8,307.0
2019-12-26 20:00:00,5.9,46.2,67.7,44.5,45.0,39.3,293.0
2019-12-26 21:00:00,5.2,46.8,72.5,44.3,45.3,40.1,322.0
2019-12-26 22:00:00,5.3,46.9,76.1,42.3,40.4,39.7,278.0
2019-12-26 23:00:00,5.0,47.0,75.4,33.7,40.6,32.8,0.0
2019-12-27 00:00:00,4.9,47.0,73.6,31.8,54.0,30.3,0.0
2019-12-27 01:00:00,4.3,47.2,65.6,30.7,49.2,29.7,0.0
2019-12-27 02:00:00,4.7,47.0,62.5,30.0,48.6,29.7,0.0
2019-12-27 03:00:00,4.6,47.1,55.6,29.3,45.1,29.5,0.0
2019-12-27 04:00:00,4.6,47.0,58.3,28.8,46.6,29.0,0.0
2019-12-27 05:00:00,4.7,47.0,56.8,28.8,46.2,28.7,0.0
2019-12-27 06:00:00,4.0,47.3,61.7,35.3,35.1,24.7,80.0
2019-12-27 07:00:00,3.5,47.4,84.1,46.9,48.8,41.8,534.0
2019-12-27 08:00:00,4.0,47.3,83.7,44.4,46.5,39.5,304.0
2019-12-27 09:00:00,4.1,47.2,83.8,45.0,47.1,39.8,335.0
2019-12-27 10:00:00,4.6,47.0,83.1,45.2,47.3,40.1,336.0
2019-12-27 11:00:00,5.2,46.8,80.8,44.6,46.5,39.7,321.0
2019-12-27 12:00:00,6.0,45.9,80.4,44.4,46.4,39.5,313.0
2019-12-27 13:00:00,5.8,46.2,80.6,44.45,46.45,39.5,308.5
2019-12-27 14:00:00,5.6,46.5,80.8,44.5,46.5,39.5,308.5
2019-12-27 15:00:00,6.0,46.0,81.0,44.7,46.7,39.7,319.0
2019-12-27 16:00:00,5.5,46.5,80.2,44.7,46.5,39.8,318.0
2019-12-27 17:00:00,4.9,47.0,80.8,44.9,46.8,39.6,309.0
2019-12-27 18:00:00,4.7,47.0,82.9,45.0,47.2,40.4,333.0
2019-12-27 19:00:00,4.6,47.1,83.6,44.8,47.1,40.1,316.0
2019-12-27 20:00:00,4.5,47.1,68.5,45.0,46.3,39.8,307.0
2019-12-27 21:00:00,4.5,47.2,82.0,46.3,48.0,40.3,336.0
2019-12-27 22:00:00,3.3,47.5,71.0,45.0,42.5,40.8,323.0
2019-12-27 23:00:00,3.9,47.3,71.0,35.4,35.3,33.1,0.0
2019-12-28 00:00:00,3.4,47.4,68.5,32.6,35.7,31.9,0.0
2019-12-28 01:00:00,3.7,47.3,67.1,29.0,41.4,27.8,0.0
2019-12-28 02:00:00,3.4,47.4,64.5,26.6,51.7,26.4,0.0
2019-12-28 03:00:00,3.2,47.5,56.9,26.4,45.9,26.6,0.0
2019-12-28 04:00:00,2.6,47.6,59.0,26.5,48.1,26.9,0.0
2019-12-28 05:00:00,2.4,47.8,56.3,26.8,47.4,27.0,0.0
2019-12-28 06:00:00,2.3,47.7,71.6,39.0,37.6,23.5,76.0
2019-12-28 07:00:00,2.5,47.7,86.2,46.1,48.2,41.8,545.0
2019-12-28 08:00:00,2.2,47.8,80.0,44.7,46.6,39.8,317.0
2019-12-28 09:00:00,2.1,47.9,85.9,46.3,48.6,40.5,362.0
2019-12-28 10:00:00,2.5,47.7,83.1,46.5,48.6,40.4,342.0
2019-12-28 11:00:00,2.8,47.6,79.7,45.4,46.7,40.4,343.0
2019-12-28 12:00:00,3.1,47.5,82.9,46.5,48.5,40.3,337.0
2019-12-28 13:00:00,2.8,46.1,79.6,43.6,45.6,39.7,321.0
2019-12-28 14:00:00,2.6,49.2,84.1,48.3,50.0,42.0,386.0
2019-12-28 15:00:00,2.5,49.2,85.8,48.7,50.5,41.6,359.0
2019-12-28 16:00:00,2.3,49.2,74.3,46.8,48.5,41.4,363.0
2019-12-28 17:00:00,1.3,49.3,85.1,47.4,49.5,41.5,369.0
2019-12-28 18:00:00,1.6,49.3,87.1,47.8,50.1,41.8,371.0
2019-12-28 19:00:00,1.7,49.3,82.4,47.5,49.4,41.8,364.0
2019-12-28 20:00:00,1.6,49.3,76.7,47.8,48.4,41.5,356.0
2019-12-28 21:00:00,0.9,49.4,82.2,48.0,40.8,40.6,307.0
2019-12-28 22:00:00,0.9,49.4,75.9,35.5,34.9,33.4,0.0
2019-12-28 23:00:00,0.8,49.4,77.1,32.6,41.5,31.7,0.0
2019-12-29 00:00:00,0.2,49.4,74.8,27.9,56.6,26.7,0.0
2019-12-29 01:00:00,0.4,49.4,64.2,27.4,47.7,27.3,0.0
2019-12-29 02:00:00,0.3,49.4,63.8,26.7,49.6,27.3,0.0
2019-12-29 03:00:00,0.7,49.4,64.3,26.6,50.4,27.4,0.0
2019-12-29 04:00:00,0.4,49.4,60.4,26.7,49.0,27.2,0.0
2019-12-29 05:00:00,0.1,49.5,59.9,26.9,48.8,26.5,0.0
2019-12-29 06:00:00,0.0,49.5,71.1,38.6,37.1,22.6,74.0
2019-12-29 07:00:00,-0.1,49.5,87.3,47.5,49.5,41.9,624.0
2019-12-29 08:00:00,0.0,49.5,85.8,48.4,50.0,41.5,392.0
2019-12-29 09:00:00,0.0,49.5,83.8,48.6,50.4,41.1,377.0
2019-12-29 10:00:00,0.3,49.4,84.6,48.3,49.9,41.1,392.0
2019-12-29 11:00:00,0.0,49.5,75.1,46.8,47.6,41.4,391.0
2019-12-29 12:00:00,0.1,49.4,85.1,49.0,50.5,41.0,380.0
2019-12-29 13:00:00,0.0,49.5,82.7,47.2,48.9,41.3,381.0
2019-12-29 14:00:00,-0.1,48.1,71.6,45.5,47.0,40.1,338.0
2019-12-29 15:00:00,0.0,48.0,84.9,47.7,49.1,40.3,359.0
2019-12-29 16:00:00,0.0,48.0,83.3,47.2,48.6,40.5,351.0
2019-12-29 17:00:00,0.0,48.5,80.0,46.4,48.4,41.0,360.0
2019-12-29 18:00:00,0.2,48.4,82.7,46.9,49.1,40.9,356.0
2019-12-29 19:00:00,-0.1,48.5,81.2,47.8,48.9,40.5,352.0
2019-12-29 20:00:00,-0.3,48.6,82.4,47.1,49.0,40.9,364.0
2019-12-29 21:00:00,-0.3,48.6,82.6,47.0,48.5,41.2,357.0
2019-12-29 22:00:00,-0.6,48.7,78.1,43.3,41.4,40.6,325.0
2019-12-29 23:00:00,-0.4,48.6,78.0,34.1,35.3,32.6,0.0
2019-12-30 00:00:00,-0.8,48.7,73.4,32.1,55.4,32.2,0.0
2019-12-30 01:00:00,-0.8,48.7,64.5,31.1,48.6,31.8,0.0
2019-12-30 02:00:00,-0.6,48.7,62.7,30.3,48.8,31.2,0.0
2019-12-30 03:00:00,-1.1,48.8,59.7,29.6,47.8,30.3,0.0
2019-12-30 04:00:00,-1.2,48.9,60.1,29.6,48.1,29.3,0.0
2019-12-30 05:00:00,-1.4,48.9,36.2,38.0,35.5,24.1,0.0
2019-12-30 06:00:00,-1.7,49.0,85.6,49.9,49.4,34.3,327.0
2019-12-30 07:00:00,-1.8,49.0,89.5,47.2,49.7,40.7,468.0
2019-12-30 08:00:00,-1.6,49.6,92.7,46.8,49.7,40.9,406.0
2019-12-30 09:00:00,-1.4,50.0,92.2,46.8,49.6,41.0,384.0
2019-12-30 10:00:00,-1.0,50.0,91.8,47.4,50.1,41.7,427.0
2019-12-30 11:00:00,-1.4,50.0,87.9,47.6,49.6,41.1,387.0
2019-12-30 12:00:00,-0.5,49.1,86.2,46.0,48.4,40.7,376.0
2019-12-30 13:00:00,-1.3,49.2,87.1,47.3,49.4,41.0,388.0
2019-12-30 14:00:00,-1.1,48.0,86.5,45.2,47.6,40.1,355.0
2019-12-30 15:00:00,-1.1,48.0,87.4,45.9,48.4,40.0,355.0
2019-12-30 16:00:00,-2.0,48.0,89.1,45.5,48.2,40.2,368.0
2019-12-30 17:00:00,-2.2,48.0,90.6,45.7,48.4,40.4,366.0
2019-12-30 18:00:00,-1.7,48.0,90.4,45.9,48.5,40.5,366.0
2019-12-30 19:00:00,-1.9,48.0,90.4,45.9,48.6,40.6,367.0
2019-12-30 20:00:00,-2.1,48.0,73.3,46.9,45.8,39.9,348.0
2019-12-30 21:00:00,-1.9,48.0,69.4,44.9,45.8,40.2,360.0
2019-12-30 22:00:00,-1.9,48.0,79.7,45.6,46.9,40.4,361.0
2019-12-30 23:00:00,-1.6,48.0,81.4,34.5,35.6,32.4,0.0
2019-12-31 00:00:00,-1.5,48.0,77.4,31.8,52.3,31.9,0.0
2019-12-31 01:00:00,-1.4,48.0,68.5,30.8,49.3,31.4,0.0
2019-12-31 02:00:00,-1.8,48.0,64.0,29.7,48.7,31.1,0.0
2019-12-31 03:00:00,-1.7,48.0,61.1,29.0,47.4,30.3,0.0
2019-12-31 04:00:00,-1.8,48.0,61.5,28.9,48.1,29.0,0.0
2019-12-31 05:00:00,-2.0,48.0,39.3,40.0,38.5,28.1,0.0
2019-12-31 06:00:00,-2.0,48.0,73.5,43.7,43.1,30.9,264.0
2019-12-31 07:00:00,-2.3,48.0,88.6,45.8,48.4,40.4,488.0
2019-12-31 08:00:00,-2.2,48.0,90.4,45.5,48.2,40.0,379.0
2019-12-31 09:00:00,-1.7,48.0,90.4,45.6,48.3,40.0,381.0
2019-12-31 10:00:00,-0.8,48.0,89.7,45.5,48.0,40.0,377.0
2019-12-31 11:00:00,0.2,48.0,88.7,45.4,48.0,40.0,373.0
2019-12-31 12:00:00,0.6,48.0,87.0,45.1,47.4,39.8,360.0
2019-12-31 13:00:00,0.9,48.0,86.3,46.4,48.4,40.2,376.0
2019-12-31 14:00:00,1.9,48.0,85.6,45.0,47.4,39.9,360.0
2019-12-31 15:00:00,1.2,50.3,74.3,48.7,48.8,41.8,417.0
2019-12-31 16:00:00,1.3,50.3,81.6,49.6,50.6,41.7,404.0
2019-12-31 17:00:00,1.4,50.3,82.6,49.4,50.6,42.0,405.0
2019-12-31 18:00:00,1.5,50.3,83.7,49.1,50.9,41.9,404.0
2019-12-31 19:00:00,1.4,50.3,83.9,49.6,51.1,42.2,403.0
2019-12-31 20:00:00,1.1,50.3,84.9,50.5,51.5,41.7,391.0
2019-12-31 21:00:00,0.9,50.4,80.8,35.3,38.2,33.2,38.0
2019-12-31 22:00:00,0.0,50.5,89.6,51.1,52.4,41.4,460.0
2019-12-31 23:00:00,0.1,52.0,88.3,50.1,52.0,42.7,424.0
2020-01-01 00:00:00,0.0,52.0,86.6,51.5,52.3,43.2,433.0
2020-01-01 01:00:00,0.5,52.0,86.2,49.3,43.6,43.2,410.0
2020-01-01 02:00:00,0.9,52.0,79.6,36.2,36.6,33.9,0.0
2020-01-01 03:00:00,0.4,52.0,76.9,33.3,54.1,33.1,0.0
2020-01-01 04:00:00,0.2,52.0,69.9,32.2,53.5,32.6,0.0
2020-01-01 05:00:00,0.4,52.0,64.4,31.2,51.3,32.2,0.0
2020-01-01 06:00:00,0.4,52.0,65.6,30.9,52.1,30.5,0.0
2020-01-01 07:00:00,0.5,52.0,87.8,51.5,51.1,36.1,382.0
2020-01-01 08:00:00,0.9,52.0,86.0,50.8,52.1,42.8,519.0
2020-01-01 09:00:00,1.6,52.0,86.6,51.8,52.7,42.5,448.0
2020-01-01 10:00:00,2.2,52.0,81.3,50.5,51.4,42.7,433.0
2020-01-01 11:00:00,3.5,52.0,85.0,52.6,53.2,42.7,441.0
2020-01-01 12:00:00,3.5,52.0,83.4,51.9,52.5,42.7,429.0
2020-01-01 13:00:00,3.1,52.0,84.4,51.5,52.4,43.0,438.0
2020-01-01 14:00:00,3.0,48.0,81.1,45.7,47.7,41.7,375.0
2020-01-01 15:00:00,2.3,48.3,80.2,47.1,48.8,40.9,352.0
2020-01-01 16:00:00,2.2,48.4,78.9,46.7,48.5,40.4,356.0
2020-01-01 17:00:00,2.3,48.3,83.5,46.9,49.2,41.0,372.0
2020-01-01 18:00:00,1.7,48.6,79.0,47.2,48.1,40.8,364.0
2020-01-01 19:00:00,1.9,48.5,80.3,48.2,48.7,40.7,362.0
2020-01-01 20:00:00,2.1,49.8,85.6,49.1,50.5,41.9,400.0
2020-01-01 21:00:00,1.9,49.9,85.4,49.5,50.6,41.8,380.0
2020-01-01 22:00:00,1.7,49.9,73.9,47.5,49.6,41.8,376.0
2020-01-01 23:00:00,1.8,49.9,83.0,49.0,50.1,42.1,394.0
2020-01-02 00:00:00,2.0,49.8,83.4,49.8,50.5,41.6,375.0
2020-01-02 01:00:00,2.4,49.8,73.4,45.8,41.8,41.3,348.0
2020-01-02 02:00:00,2.0,49.8,66.2,35.1,36.3,33.2,0.0
2020-01-02 03:00:00,1.9,49.9,66.7,32.8,55.7,32.6,0.0
2020-01-02 04:00:00,2.2,49.8,60.4,32.0,49.9,32.3,0.0
2020-01-02 05:00:00,2.2,49.8,60.5,31.5,49.0,32.1,0.0
2020-01-02 06:00:00,1.9,49.9,86.7,50.5,49.9,35.1,330.0
2020-01-02 07:00:00,2.0,49.9,76.9,48.1,48.8,41.1,457.0
2020-01-02 08:00:00,2.2,49.8,79.0,47.8,49.9,41.6,398.0
2020-01-02 09:00:00,2.8,49.6,84.8,49.0,50.5,41.2,391.0
2020-01-02 10:00:00,3.5,49.4,79.3,48.9,49.1,41.3,380.0
2020-01-02 11:00:00,4.2,49.2,83.9,49.0,50.2,41.2,383.0
2020-01-02 12:00:00,4.7,49.0,73.9,48.2,48.8,40.8,361.0
2020-01-02 13:00:00,5.0,47.0,80.5,47.9,49.1,40.7,368.0
2020-01-02 14:00:00,4.4,47.4,76.7,46.5,47.5,39.6,321.0
2020-01-02 15:00:00,3.8,47.5,73.5,45.8,46.6,40.4,349.0
2020-01-02 16:00:00,3.6,47.7,76.7,45.9,47.6,40.5,343.0
2020-01-02 17:00:00,2.7,48.1,82.6,46.7,48.6,40.7,349.0
2020-01-02 18:00:00,2.3,48.4,84.5,47.8,49.5,40.7,348.0
2020-01-02 19:00:00,1.4,48.8,77.8,46.9,48.2,41.2,360.0
2020-01-02 20:00:00,0.9,49.0,86.2,47.6,49.7,41.5,363.0
2020-01-02 21:00:00,0.1,49.3,85.9,49.5,51.1,41.3,360.0
2020-01-02 22:00:00,0.0,49.4,82.2,46.2,42.4,41.5,348.0
2020-01-02 23:00:00,-0.1,49.6,81.0,34.6,38.3,33.4,0.0
2020-01-03 00:00:00,-0.4,49.8,75.3,32.9,55.3,33.1,0.0
2020-01-03 01:00:00,-1.4,50.3,65.2,31.9,49.2,32.9,0.0
2020-01-03 02:00:00,-1.7,50.4,66.6,31.4,51.0,32.2,0.0
2020-01-03 03:00:00,-1.9,50.4,64.0,31.0,50.7,30.9,0.0
2020-01-03 04:00:00,-2.5,50.7,62.6,30.5,50.6,30.0,0.0
2020-01-03 05:00:00,-2.5,50.8,64.3,29.2,54.5,29.2,0.0
2020-01-03 06:00:00,-3.1,51.1,89.6,52.1,52.7,41.3,587.0
2020-01-03 07:00:00,-3.2,51.2,89.5,49.2,51.3,42.3,435.0
2020-01-03 08:00:00,-2.9,50.9,89.5,49.2,51.4,42.3,421.0
2020-01-03 09:00:00,-1.8,50.5,89.0,49.1,51.0,42.2,416.0
2020-01-03 10:00:00,-0.3,49.7,86.8,48.0,50.0,41.7,391.0
2020-01-03 11:00:00,1.0,49.0,84.8,47.3,49.3,41.2,374.0
2020-01-03 12:00:00,2.0,48.5,84.2,47.2,49.1,41.1,371.0
2020-01-03 13:00:00,2.4,48.3,81.4,46.5,48.1,40.7,356.0
2020-01-03 14:00:00,2.9,48.1,81.0,46.1,47.6,40.4,343.0
2020-01-03 15:00:00,2.8,48.0,76.4,48.5,48.9,40.0,337.0
2020-01-03 16:00:00,2.6,48.2,79.4,46.8,48.5,40.9,366.0
2020-01-03 17:00:00,1.0,49.0,83.9,48.1,49.6,41.2,365.0
2020-01-03 18:00:00,1.0,50.4,84.0,51.7,52.0,41.6,379.0
2020-01-03 19:00:00,0.3,50.8,83.6,49.4,51.1,42.3,394.0
2020-01-03 20:00:00,-0.3,51.2,87.0,50.6,51.9,43.0,407.0
2020-01-03 21:00:00,-0.8,50.3,88.8,49.0,50.8,42.4,387.0
2020-01-03 22:00:00,-1.2,50.4,82.9,49.7,50.4,42.4,380.0
2020-01-03 23:00:00,-2.0,50.8,81.2,35.7,37.4,33.6,0.0
2020-01-04 00:00:00,-2.1,50.8,76.9,33.2,57.2,33.1,0.0
2020-01-04 01:00:00,-2.7,51.0,66.9,32.2,50.3,32.9,0.0
2020-01-04 02:00:00,-3.3,51.3,67.2,31.6,52.2,32.3,0.0
2020-01-04 03:00:00,-3.0,51.2,63.5,31.0,50.7,31.3,0.0
2020-01-04 04:00:00,-3.5,51.4,63.6,31.1,51.2,30.4,0.0
2020-01-04 05:00:00,-3.6,51.4,62.8,28.9,52.0,28.2,0.0
2020-01-04 06:00:00,-4.0,51.6,71.4,39.2,36.9,23.4,102.0
2020-01-04 07:00:00,-4.7,51.8,92.4,50.9,52.7,42.8,598.0
2020-01-04 08:00:00,-4.2,51.7,91.3,49.4,51.1,42.1,431.0
2020-01-04 09:00:00,-2.4,50.9,90.5,50.5,52.2,42.1,425.0
2020-01-04 10:00:00,-1.5,50.6,75.4,47.6,48.8,42.0,411.0
2020-01-04 11:00:00,0.1,50.0,79.9,48.5,48.8,41.8,399.0
2020-01-04 12:00:00,1.4,49.4,80.8,48.9,50.5,41.3,381.0
2020-01-04 13:00:00,3.0,48.8,82.1,48.4,49.7,41.0,378.0
2020-01-04 14:00:00,2.8,48.8,80.3,48.3,49.4,41.4,380.0
2020-01-04 15:00:00,2.8,48.8,79.2,48.4,49.4,41.2,367.0
2020-01-04 16:00:00,2.7,48.8,74.9,47.5,48.5,41.2,373.0
2020-01-04 17:00:00,2.8,48.9,81.3,48.0,49.4,41.0,368.0
2020-01-04 18:00:00,2.7,48.9,79.0,48.2,49.5,41.2,361.0
2020-01-04 19:00:00,2.9,48.8,82.2,48.3,49.4,41.2,371.0
2020-01-04 20:00:00,2.5,49.0,81.6,48.3,49.6,41.1,356.0
2020-01-04 21:00:00,2.2,49.0,79.5,47.8,49.0,41.5,372.0
2020-01-04 22:00:00,2.8,48.9,79.4,35.3,38.2,33.2,38.0
2020-01-04 23:00:00,2.5,48.9,76.3,33.0,39.0,32.0,0.0
2020-01-05 00:00:00,2.5,49.0,72.6,29.8,50.2,29.0,0.0
2020-01-05 01:00:00,2.3,49.0,65.5,28.2,51.0,28.0,0.0
2020-01-05 02:00:00,2.6,48.9,64.0,27.8,49.6,28.3,0.0
2020-01-05 03:00:00,3.1,48.8,58.0,27.4,47.7,28.0,0.0
2020-01-05 04:00:00,3.0,48.8,58.8,27.7,48.2,28.1,0.0
2020-01-05 05:00:00,2.9,48.9,58.1,27.9,48.5,27.3,0.0
2020-01-05 06:00:00,2.6,48.9,81.8,46.0,44.9,29.4,232.0
2020-01-05 07:00:00,2.7,48.9,83.2,47.1,48.8,40.9,505.0
2020-01-05 08:00:00,2.4,49.0,83.3,49.3,50.4,40.4,369.0
2020-01-05 09:00:00,3.1,48.8,73.2,46.6,48.2,40.6,374.0
2020-01-05 10:00:00,2.9,48.8,81.2,48.0,48.9,40.8,382.0
2020-01-05 11:00:00,2.5,49.0,79.1,47.1,48.3,41.5,382.0
2020-01-05 12:00:00,2.0,49.2,80.6,48.8,49.6,40.7,367.0
2020-01-05 13:00:00,2.3,49.0,76.4,48.0,48.3,41.1,376.0
2020-01-05 14:00:00,2.3,49.1,78.6,48.2,49.1,41.0,370.0
2020-01-05 15:00:00,2.3,49.0,83.5,47.8,49.6,41.2,376.0
2020-01-05 16:00:00,1.9,49.2,83.1,48.2,49.2,41.5,374.0
2020-01-05 17:00:00,1.7,50.6,84.9,50.0,51.4,41.9,398.0
2020-01-05 18:00:00,1.3,50.7,81.8,49.1,50.1,42.6,403.0
2020-01-05 19:00:00,1.1,50.7,80.9,48.5,50.4,42.6,391.0
2020-01-05 20:00:00,1.0,50.8,83.9,50.0,51.0,42.2,390.0
2020-01-05 21:00:00,0.4,50.9,73.8,48.9,48.8,42.4,389.0
2020-01-05 22:00:00,0.5,50.9,80.0,49.3,50.2,42.3,398.0
2020-01-05 23:00:00,0.2,50.9,79.6,35.8,38.3,33.9,0.0
2020-01-06 00:00:00,0.9,50.8,75.3,33.5,55.5,33.4,0.0
2020-01-06 01:00:00,0.2,50.9,65.4,32.4,49.7,33.1,0.0
2020-01-06 02:00:00,-0.5,51.1,66.7,32.0,51.3,32.3,0.0
2020-01-06 03:00:00,-0.8,51.2,64.6,31.4,51.4,30.7,0.0
2020-01-06 04:00:00,-1.3,51.3,63.1,30.7,50.9,29.5,0.0
2020-01-06 05:00:00,-1.6,52.6,62.3,28.8,51.7,28.2,0.0
2020-01-06 06:00:00,-1.7,53.0,90.5,54.3,54.5,41.4,609.0
2020-01-06 07:00:00,-1.7,53.0,89.7,50.8,52.7,43.1,468.0
2020-01-06 08:00:00,-1.9,53.7,89.4,52.4,53.6,43.7,462.0
2020-01-06 09:00:00,-1.3,53.5,89.9,52.6,54.1,43.9,467.0
2020-01-06 10:00:00,-1.0,53.4,89.9,52.5,53.8,43.9,462.0
2020-01-06 11:00:00,-0.8,53.3,88.8,52.2,53.9,44.0,461.0
2020-01-06 12:00:00,-0.9,53.3,87.5,52.1,53.4,43.8,455.0
2020-01-06 13:00:00,-0.8,53.3,88.8,52.2,53.6,43.7,454.0
2020-01-06 14:00:00,0.2,51.4,85.7,49.9,51.7,42.7,424.0
2020-01-06 15:00:00,-0.2,51.5,84.9,50.3,51.7,43.0,419.0
2020-01-06 16:00:00,-0.5,51.5,86.8,50.9,51.6,42.9,415.0
2020-01-06 17:00:00,-1.0,51.6,85.1,49.8,51.9,42.8,415.0
2020-01-06 18:00:00,-1.3,51.6,85.3,50.8,51.7,42.6,409.0
2020-01-06 19:00:00,-1.4,51.6,88.8,51.2,52.8,42.7,422.0
2020-01-06 20:00:00,-1.4,51.6,89.2,51.0,52.5,43.0,412.0
2020-01-06 21:00:00,-1.0,51.6,81.9,50.5,51.4,42.7,407.0
2020-01-06 22:00:00,-0.8,51.6,75.4,49.6,50.0,42.7,410.0
2020-01-06 23:00:00,-0.6,51.5,88.7,51.2,52.8,42.8,413.0
2020-01-07 00:00:00,-0.9,51.6,82.2,49.8,51.0,43.2,418.0
2020-01-07 01:00:00,-2.2,51.7,80.2,48.6,43.2,42.8,393.0
2020-01-07 02:00:00,-1.4,51.6,77.8,35.5,37.6,33.9,0.0
2020-01-07 03:00:00,-1.4,51.6,77.0,33.6,57.7,33.3,0.0
2020-01-07 04:00:00,-1.0,51.6,66.8,32.5,50.7,33.0,0.0
2020-01-07 05:00:00,-1.3,51.6,68.8,32.0,52.4,32.4,0.0
2020-01-07 06:00:00,-1.6,51.6,88.5,47.0,45.6,27.4,166.0
2020-01-07 07:00:00,-2.5,51.7,91.7,49.7,52.0,42.7,594.0
2020-01-07 08:00:00,-3.1,51.8,92.0,50.2,52.3,42.8,443.0
2020-01-07 09:00:00,-2.2,51.7,87.9,50.1,51.7,42.4,424.0
2020-01-07 10:00:00,-0.5,51.5,90.2,49.9,51.8,42.7,438.0
2020-01-07 11:00:00,0.5,51.4,88.3,49.5,51.1,42.4,419.0
2020-01-07 12:00:00,1.4,49.3,86.2,47.4,49.4,41.4,383.0
2020-01-07 13:00:00,1.3,49.3,85.6,46.9,48.9,40.9,369.0
2020-01-07 14:00:00,1.5,49.3,85.1,47.4,49.2,40.7,366.0
2020-01-07 15:00:00,1.3,49.3,85.2,47.9,49.5,41.3,385.0
2020-01-07 16:00:00,1.0,49.4,85.7,48.2,49.9,41.5,384.0
2020-01-07 17:00:00,0.4,49.4,86.2,47.0,49.1,41.2,374.0
2020-01-07 18:00:00,-1.2,49.6,82.7,48.0,49.3,41.0,367.0
2020-01-07 19:00:00,-1.0,49.6,78.2,47.9,49.1,41.4,385.0
2020-01-07 20:00:00,-1.5,49.6,78.5,48.4,49.2,41.2,371.0
2020-01-07 21:00:00,-2.4,49.7,88.5,48.3,50.4,41.9,397.0
2020-01-07 22:00:00,-2.8,49.7,88.8,47.5,49.8,41.5,372.0
2020-01-07 23:00:00,-3.2,49.8,89.8,47.6,49.8,41.5,381.0
2020-01-08 00:00:00,-3.5,43.0,87.8,39.5,42.5,36.5,210.0
2020-01-08 01:00:00,-4.2,42.4,35.9,62.4,34.5,30.9,0.0
2020-01-08 02:00:00,-4.2,42.5,35.0,47.8,27.7,27.3,0.0
2020-01-08 03:00:00,-4.1,42.5,33.4,43.7,24.9,24.7,0.0
2020-01-08 04:00:00,-4.4,42.2,31.7,40.4,23.5,23.3,0.0
2020-01-08 05:00:00,-4.9,42.0,62.9,42.0,40.3,32.1,230.0
2020-01-08 06:00:00,-5.7,54.6,75.4,52.2,51.1,41.2,504.0
2020-01-08 07:00:00,-5.6,53.9,86.8,53.6,54.3,44.0,514.0
2020-01-08 08:00:00,-4.9,52.0,85.9,51.8,52.8,43.7,463.0
2020-01-08 09:00:00,-3.8,51.7,84.8,50.5,51.6,42.7,425.0
2020-01-08 10:00:00,-2.6,51.3,83.3,49.9,51.1,42.2,421.0
2020-01-08 11:00:00,-1.9,51.8,86.5,51.2,52.3,42.7,437.0
2020-01-08 12:00:00,-1.0,51.4,85.2,50.3,51.5,42.5,426.0
2020-01-08 13:00:00,-0.3,51.1,84.9,50.3,51.5,42.5,422.0
2020-01-08 14:00:00,0.4,50.8,83.7,50.2,51.4,42.6,419.0
2020-01-08 15:00:00,0.4,50.8,86.0,50.0,51.2,42.3,405.0
2020-01-08 16:00:00,0.1,50.9,85.9,49.6,51.1,42.4,316.0
2020-01-08 17:00:00,-1.1,51.4,87.7,50.0,51.6,42.6,507.0
2020-01-08 18:00:00,-1.1,51.4,89.8,50.2,52.3,43.1,423.0
2020-01-08 19:00:00,-1.7,51.7,90.0,49.6,51.5,42.8,405.0
2020-01-08 20:00:00,-2.3,51.9,93.0,50.2,52.0,42.8,409.0
2020-01-08 21:00:00,-2.7,52.1,90.3,50.8,52.4,43.2,422.0
2020-01-08 22:00:00,-3.0,52.1,89.4,51.5,53.2,43.5,424.0
2020-01-08 23:00:00,-3.0,52.2,75.2,50.1,50.5,43.3,414.0
2020-01-09 00:00:00,-2.9,52.2,82.6,50.2,52.0,43.5,428.0
2020-01-09 01:00:00,-3.8,52.5,82.4,44.7,36.7,36.3,201.0
2020-01-09 02:00:00,-4.4,52.8,79.4,30.9,29.4,28.8,0.0
2020-01-09 03:00:00,-4.6,52.8,78.7,26.9,26.8,26.1,0.0
2020-01-09 04:00:00,-5.1,53.6,26.2,40.4,26.4,24.7,0.0
2020-01-09 05:00:00,-5.1,53.6,32.6,56.5,31.0,26.8,0.0
2020-01-09 06:00:00,-5.6,55.2,75.7,46.4,46.5,36.1,284.0
2020-01-09 07:00:00,-5.5,54.9,87.6,58.2,57.7,45.3,611.0
2020-01-09 08:00:00,-5.5,54.9,92.3,53.8,55.2,44.9,497.0
2020-01-09 09:00:00,-3.7,52.5,92.7,49.6,52.2,43.0,428.0
2020-01-09 10:00:00,-2.3,52.0,90.5,49.8,51.8,42.7,426.0
2020-01-09 11:00:00,-0.8,51.3,88.6,49.3,51.2,42.5,417.0
2020-01-09 12:00:00,-0.2,51.1,86.5,48.7,50.5,41.8,395.0
2020-01-09 13:00:00,0.7,50.7,86.0,48.9,50.5,42.1,400.0
2020-01-09 14:00:00,1.4,48.7,84.4,46.1,48.2,40.8,358.0
2020-01-09 15:00:00,1.7,48.6,83.8,47.1,48.8,41.0,362.0
2020-01-09 16:00:00,1.2,48.7,83.8,47.2,48.8,41.0,364.0
2020-01-09 17:00:00,0.0,49.0,85.8,47.7,49.6,41.4,370.0
2020-01-09 18:00:00,-0.2,49.0,86.6,46.6,48.8,41.0,363.0
2020-01-09 19:00:00,-0.2,49.0,87.6,46.4,48.6,40.8,352.0
2020-01-09 20:00:00,-0.6,49.5,80.2,47.5,48.8,41.2,368.0
2020-01-09 21:00:00,-0.6,49.5,87.7,48.2,50.3,41.9,386.0
2020-01-09 22:00:00,-0.9,49.5,87.0,48.0,43.6,41.7,368.0
2020-01-09 23:00:00,-0.6,49.5,78.3,34.6,38.8,33.3,0.0
2020-01-10 00:00:00,-1.0,49.6,73.2,32.8,54.1,33.0,0.0
2020-01-10 01:00:00,-1.6,49.6,63.9,31.8,48.7,32.8,0.0
2020-01-10 02:00:00,-2.0,49.7,64.2,31.3,49.5,32.2,0.0
2020-01-10 03:00:00,-1.8,49.6,61.2,30.8,48.7,31.3,0.0
2020-01-10 04:00:00,-1.7,49.6,63.5,31.1,50.9,30.4,0.0
2020-01-10 05:00:00,-1.8,51.0,56.6,30.7,48.7,28.8,0.0
2020-01-10 06:00:00,-1.8,51.0,89.1,43.6,42.9,25.8,147.0
2020-01-10 07:00:00,-2.5,51.3,86.3,50.9,52.2,43.0,601.0
2020-01-10 08:00:00,-2.0,51.1,90.6,49.4,51.4,42.4,428.0
2020-01-10 09:00:00,0.0,50.5,89.0,48.7,50.7,41.8,413.0
2020-01-10 10:00:00,1.7,49.9,86.7,48.0,49.9,41.4,395.0
2020-01-10 11:00:00,3.5,47.4,84.9,45.7,47.9,40.8,368.0
2020-01-10 12:00:00,4.7,47.0,80.9,44.6,46.4,39.4,317.0
2020-01-10 13:00:00,5.8,46.7,79.3,44.8,46.3,39.1,321.0
2020-01-10 14:00:00,6.6,45.0,78.0,42.8,44.6,38.3,297.0
2020-01-10 15:00:00,6.7,45.0,76.8,43.0,44.7,38.1,286.0
2020-01-10 16:00:00,6.5,45.0,78.2,43.4,45.2,38.4,302.0
2020-01-10 17:00:00,4.0,45.5,81.1,44.1,46.0,38.8,315.0
2020-01-10 18:00:00,2.4,46.2,83.8,43.9,46.2,39.1,321.0
2020-01-10 19:00:00,2.4,46.3,83.9,43.9,46.1,39.1,315.0
2020-01-10 20:00:00,0.9,46.9,79.0,44.0,45.8,39.4,317.0
2020-01-10 21:00:00,0.0,47.5,83.0,46.1,48.3,40.4,353.0
2020-01-10 22:00:00,0.2,47.4,78.5,46.7,47.6,39.8,337.0
2020-01-10 23:00:00,-0.4,47.7,80.1,35.7,38.8,32.5,0.0
2020-01-11 00:00:00,-1.3,48.2,77.1,32.0,55.6,31.3,0.0
2020-01-11 01:00:00,-1.3,48.2,68.2,30.8,49.2,29.9,0.0
2020-01-11 02:00:00,-0.9,47.9,65.5,29.9,49.6,29.4,0.0
2020-01-11 03:00:00,-2.4,48.6,64.1,28.9,49.0,29.0,0.0
2020-01-11 04:00:00,-2.6,48.8,62.1,28.5,49.3,28.2,0.0
2020-01-11 05:00:00,-2.8,48.9,60.0,27.9,48.8,27.3,0.0
2020-01-11 06:00:00,-2.8,48.9,66.7,44.3,41.2,23.4,95.0
2020-01-11 07:00:00,-2.5,48.7,90.0,46.9,49.4,41.2,560.0
2020-01-11 08:00:00,-2.1,48.5,87.4,45.5,48.0,40.1,365.0
2020-01-11 09:00:00,-0.3,47.7,80.3,46.8,47.9,40.0,370.0
2020-01-11 10:00:00,0.5,47.2,84.7,45.4,47.5,39.6,352.0
2020-01-11 11:00:00,1.1,46.9,81.7,44.9,47.3,39.8,347.0
2020-01-11 12:00:00,2.9,46.0,76.5,45.0,46.5,39.0,323.0
2020-01-11 13:00:00,4.5,45.2,77.1,44.1,45.7,38.3,315.0
2020-01-11 14:00:00,4.1,45.4,75.0,43.5,45.4,38.6,319.0
2020-01-11 15:00:00,4.5,45.2,67.8,43.0,43.8,38.2,304.0
2020-01-11 16:00:00,4.4,47.1,79.6,45.1,46.7,38.9,329.0
2020-01-11 17:00:00,4.1,47.3,76.7,45.2,47.0,40.1,357.0
2020-01-11 18:00:00,4.0,47.2,79.6,45.9,47.5,40.1,347.0
2020-01-11 19:00:00,3.7,47.3,83.8,46.1,48.0,40.0,337.0
2020-01-11 20:00:00,4.3,47.2,81.0,47.1,48.2,39.7,330.0
2020-01-11 21:00:00,4.0,47.2,76.2,45.7,46.4,40.1,342.0
2020-01-11 22:00:00,4.3,47.2,81.5,45.0,41.1,40.0,330.0
2020-01-11 23:00:00,3.5,47.4,77.3,33.8,42.0,32.7,0.0
2020-01-12 00:00:00,3.5,47.4,71.1,32.4,52.7,32.5,0.0
2020-01-12 01:00:00,2.6,47.6,62.2,31.6,47.3,32.3,0.0
2020-01-12 02:00:00,2.7,47.6,63.9,31.3,48.5,31.9,0.0
2020-01-12 03:00:00,2.8,47.6,60.4,30.8,47.4,30.7,0.0
2020-01-12 04:00:00,3.0,47.6,59.3,30.6,47.0,29.8,0.0
2020-01-12 05:00:00,2.6,47.6,61.0,29.0,49.4,28.0,0.0
2020-01-12 06:00:00,3.0,50.0,86.5,49.2,50.8,41.8,604.0
2020-01-12 07:00:00,3.1,50.0,84.8,48.1,50.0,41.6,400.0
2020-01-12 08:00:00,2.6,50.0,86.8,49.4,51.1,41.8,396.0
2020-01-12 09:00:00,2.9,50.0,84.5,48.8,50.4,41.4,384.0
2020-01-12 10:00:00,3.1,50.0,79.1,49.0,49.3,41.5,389.0
2020-01-12 11:00:00,3.2,50.0,81.4,49.5,48.9,41.7,399.0
2020-01-12 12:00:00,3.4,50.0,81.3,49.1,49.9,41.8,393.0
2020-01-12 13:00:00,3.9,50.0,75.0,47.9,48.4,41.7,388.0
2020-01-12 14:00:00,4.2,48.1,62.8,44.6,46.0,40.5,338.0
2020-01-12 15:00:00,4.3,48.1,82.4,46.5,48.1,40.7,370.0
2020-01-12 16:00:00,4.2,48.1,81.7,47.6,48.2,40.2,350.0
2020-01-12 17:00:00,3.7,48.2,84.0,47.1,48.8,40.7,361.0
2020-01-12 18:00:00,3.6,48.2,77.3,46.3,47.3,40.9,356.0
2020-01-12 19:00:00,3.6,48.2,85.9,46.7,48.8,40.6,347.0
2020-01-12 20:00:00,2.7,48.4,83.4,47.1,48.3,41.0,359.0
2020-01-12 21:00:00,1.7,48.6,84.1,46.6,48.4,40.7,344.0
2020-01-12 22:00:00,1.7,48.6,85.0,46.1,41.2,41.0,336.0
2020-01-12 23:00:00,0.5,48.9,79.6,34.7,37.3,33.2,0.0
2020-01-13 00:00:00,0.2,48.9,74.5,32.8,53.2,32.8,0.0
2020-01-13 01:00:00,0.3,48.9,64.6,31.8,47.9,32.5,0.0
2020-01-13 02:00:00,0.1,49.0,66.2,31.3,49.7,31.9,0.0
2020-01-13 03:00:00,-0.5,49.1,63.3,30.8,49.4,30.7,0.0
2020-01-13 04:00:00,-0.8,49.2,60.9,30.4,48.7,29.6,0.0
2020-01-13 05:00:00,-0.7,49.1,39.4,41.6,39.0,23.7,0.0
2020-01-13 06:00:00,-1.7,49.3,84.2,39.5,40.2,25.0,66.0
2020-01-13 07:00:00,-1.5,49.3,86.0,48.4,50.2,42.1,601.0
2020-01-13 08:00:00,-0.9,49.2,90.0,47.1,49.4,40.9,381.0
2020-01-13 09:00:00,0.5,48.8,86.3,46.5,48.6,40.7,379.0
2020-01-13 10:00:00,1.8,48.6,85.3,46.0,47.9,40.2,364.0
2020-01-13 11:00:00,3.3,48.3,83.0,47.0,48.6,40.5,370.0
2020-01-13 12:00:00,4.8,48.0,81.2,46.6,48.1,40.4,362.0
2020-01-13 13:00:00,5.4,47.8,80.1,46.5,48.1,40.5,356.0
2020-01-13 14:00:00,5.6,47.7,79.4,46.2,47.6,40.2,346.0
2020-01-13 15:00:00,5.6,47.7,79.4,46.2,47.7,40.1,342.0
2020-01-13 16:00:00,5.2,47.9,79.6,46.2,47.6,40.1,343.0
2020-01-13 17:00:00,3.4,48.3,81.0,46.7,48.1,40.4,352.0
2020-01-13 18:00:00,2.0,47.2,83.8,44.3,46.4,39.6,320.0
2020-01-13 19:00:00,2.0,47.2,85.7,45.2,47.6,39.9,337.0
2020-01-13 20:00:00,1.4,47.4,82.8,45.1,47.1,40.1,338.0
2020-01-13 21:00:00,1.2,47.5,85.3,46.8,48.7,40.3,338.0
2020-01-13 22:00:00,0.4,47.8,86.8,46.0,48.4,40.7,351.0
2020-01-13 23:00:00,0.2,47.9,82.6,35.3,44.4,32.5,69.0
2020-01-14 00:00:00,0.0,48.0,76.2,32.7,54.9,32.8,0.0
2020-01-14 01:00:00,-0.1,48.0,65.9,31.8,49.1,32.6,0.0
2020-01-14 02:00:00,0.0,48.0,64.5,31.1,49.1,32.2,0.0
2020-01-14 03:00:00,0.2,47.8,62.0,30.8,47.9,31.1,0.0
2020-01-14 04:00:00,0.9,47.6,62.0,30.6,47.1,29.8,0.0
2020-01-14 05:00:00,0.9,47.6,40.5,41.3,38.7,28.5,0.0
2020-01-14 06:00:00,1.3,47.5,74.0,46.4,45.6,33.1,289.0
2020-01-14 07:00:00,1.7,47.3,85.8,45.0,47.2,39.8,440.0
2020-01-14 08:00:00,1.6,47.3,84.9,44.4,46.6,39.1,339.0
2020-01-14 09:00:00,2.1,47.1,85.1,45.9,48.0,39.9,369.0
2020-01-14 10:00:00,2.4,47.0,83.9,44.2,46.5,39.1,329.0
2020-01-14 11:00:00,3.3,46.6,83.9,44.0,46.2,38.9,330.0
2020-01-14 12:00:00,4.0,46.3,83.9,44.1,46.4,39.0,307.0
2020-01-14 13:00:00,3.9,46.3,83.5,44.8,46.8,39.4,361.0
2020-01-14 14:00:00,4.3,46.2,80.8,44.4,46.3,39.3,335.0
2020-01-14 15:00:00,4.4,45.4,80.8,43.4,45.4,38.7,305.0
2020-01-14 16:00:00,3.5,45.7,81.4,43.2,45.3,38.6,301.0
2020-01-14 17:00:00,2.2,46.4,83.8,43.9,46.0,39.0,319.0
2020-01-14 18:00:00,1.7,46.6,84.6,44.3,46.7,39.3,321.0
2020-01-14 19:00:00,0.8,47.1,85.5,44.6,47.0,39.5,329.0
2020-01-14 20:00:00,0.0,85.0,82.6,54.3,56.1,41.3,386.0
2020-01-14 21:00:00,-0.9,85.0,84.8,58.2,57.6,46.5,585.0
2020-01-14 22:00:00,-0.9,48.0,85.1,46.4,47.9,40.1,268.0
2020-01-14 23:00:00,-1.2,48.1,74.6,35.8,37.1,32.3,52.0
2020-01-15 00:00:00,-1.2,48.1,72.9,32.3,51.6,32.4,0.0
2020-01-15 01:00:00,-1.7,48.4,65.4,31.3,49.3,32.0,0.0
2020-01-15 02:00:00,-1.5,48.3,63.5,30.5,48.7,31.7,0.0
2020-01-15 03:00:00,-1.5,48.3,61.7,30.3,48.7,30.8,0.0
2020-01-15 04:00:00,-2.6,48.9,60.4,30.1,48.3,30.4,0.0
2020-01-15 05:00:00,-2.3,48.6,60.4,28.7,49.7,28.3,0.0
2020-01-15 06:00:00,-3.0,49.0,67.4,42.6,42.5,32.9,280.0
2020-01-15 07:00:00,-3.6,51.0,78.1,51.0,51.3,41.8,499.0
2020-01-15 08:00:00,-2.7,50.6,90.7,48.5,51.0,42.1,431.0
2020-01-15 09:00:00,-1.1,50.3,89.0,47.9,50.2,41.5,398.0
2020-01-15 10:00:00,0.4,50.3,88.1,47.7,49.8,41.3,392.0
2020-01-15 11:00:00,1.8,50.2,86.6,48.7,50.7,42.1,414.0
2020-01-15 12:00:00,2.7,49.6,85.0,48.0,49.8,41.4,386.0
2020-01-15 13:00:00,3.1,48.9,84.0,47.0,48.9,40.9,367.0
2020-01-15 14:00:00,3.3,48.8,83.2,46.9,48.6,40.7,365.0
2020-01-15 15:00:00,3.5,48.8,80.9,47.0,48.5,40.5,354.0
2020-01-15 16:00:00,2.8,48.6,83.3,47.6,49.2,40.9,369.0
2020-01-15 17:00:00,1.5,49.0,84.6,47.3,49.1,41.1,370.0
2020-01-15 18:00:00,0.4,49.3,85.8,47.7,49.7,41.4,375.0
2020-01-15 19:00:00,-0.1,49.5,87.4,47.6,49.7,41.6,381.0
2020-01-15 20:00:00,-0.4,49.6,80.1,48.9,49.8,40.9,357.0
2020-01-15 21:00:00,-0.5,49.6,82.9,48.0,50.0,41.4,362.0
2020-01-15 22:00:00,-1.4,49.8,79.1,47.3,49.1,41.8,384.0
2020-01-15 23:00:00,-1.7,49.9,75.4,36.0,42.0,33.3,0.0
2020-01-16 00:00:00,-0.9,49.7,75.8,32.6,39.9,31.7,0.0
2020-01-16 01:00:00,-1.5,50.0,71.9,30.0,55.3,29.0,0.0
2020-01-16 02:00:00,-2.3,50.2,63.6,28.8,48.9,28.5,0.0
2020-01-16 03:00:00,-2.5,50.2,64.7,27.9,51.4,28.0,0.0
2020-01-16 04:00:00,-2.7,50.3,58.9,27.3,49.4,28.0,0.0
2020-01-16 05:00:00,-2.7,50.4,59.3,27.4,49.8,27.3,0.0
2020-01-16 06:00:00,-3.5,52.3,73.1,38.0,37.5,23.9,60.0
2020-01-16 07:00:00,-3.5,52.3,79.5,51.6,51.6,39.4,528.0
2020-01-16 08:00:00,-2.9,51.9,89.4,50.6,52.5,43.1,504.0
2020-01-16 09:00:00,-1.0,51.0,89.5,49.5,51.6,42.3,428.0
2020-01-16 10:00:00,-0.1,50.5,88.8,48.9,50.9,42.1,418.0
2020-01-16 11:00:00,1.3,49.8,87.0,48.0,50.0,41.4,393.0
2020-01-16 12:00:00,1.8,48.6,86.5,46.5,48.8,41.0,378.0
2020-01-16 13:00:00,2.7,48.4,84.7,46.5,48.5,40.2,353.0
2020-01-16 14:00:00,3.5,48.3,82.4,46.6,48.2,40.5,366.0
2020-01-16 15:00:00,3.5,46.6,80.7,43.7,45.7,38.9,305.0
2020-01-16 16:00:00,3.1,46.7,81.1,45.1,46.9,39.4,335.0
2020-01-16 17:00:00,1.8,47.3,83.2,45.8,47.7,40.0,347.0
2020-01-16 18:00:00,0.8,47.6,85.6,45.0,47.3,39.9,337.0
2020-01-16 19:00:00,0.3,47.8,86.5,45.2,47.5,40.0,338.0
2020-01-16 20:00:00,-0.4,48.2,80.7,45.3,47.1,40.3,342.0
2020-01-16 21:00:00,-0.8,48.3,82.9,46.7,49.2,40.9,362.0
2020-01-16 22:00:00,-1.5,48.6,86.6,47.4,49.5,40.8,359.0
2020-01-16 23:00:00,-2.0,48.8,81.6,36.4,37.6,32.7,67.0
2020-01-17 00:00:00,-2.6,49.0,76.4,32.6,55.9,32.7,0.0
2020-01-17 01:00:00,-3.6,49.4,66.8,31.4,49.6,32.2,0.0
2020-01-17 02:00:00,-4.0,49.6,64.7,30.4,49.4,31.7,0.0
2020-01-17 03:00:00,-4.0,49.6,62.7,30.0,48.8,30.5,0.0
2020-01-17 04:00:00,-3.4,49.3,64.6,29.2,51.2,28.9,0.0
2020-01-17 05:00:00,-3.0,49.2,51.0,31.3,45.5,28.4,0.0
2020-01-17 06:00:00,-2.7,49.1,66.9,44.9,44.2,35.6,418.0
2020-01-17 07:00:00,-2.1,48.8,87.4,47.1,49.4,41.3,464.0
2020-01-17 08:00:00,-1.9,48.8,89.2,46.7,49.2,40.7,378.0
2020-01-17 09:00:00,-1.3,48.5,87.6,46.5,48.9,40.6,377.0
2020-01-17 10:00:00,-0.2,48.1,88.7,46.1,48.6,40.5,373.0
2020-01-17 11:00:00,0.6,47.8,86.6,45.5,47.8,40.1,353.0
2020-01-17 12:00:00,1.5,47.3,85.8,45.3,47.6,39.9,351.0
2020-01-17 13:00:00,2.3,47.0,84.8,45.0,47.3,39.6,346.0
2020-01-17 14:00:00,2.4,47.0,83.7,44.7,46.8,39.4,337.0
2020-01-17 15:00:00,1.8,47.2,84.5,44.6,46.9,39.3,335.0
2020-01-17 16:00:00,0.5,47.8,86.3,45.0,47.3,39.5,345.0
2020-01-17 17:00:00,-0.1,48.1,86.2,45.3,47.7,39.9,354.0
2020-01-17 18:00:00,-0.6,49.7,87.0,47.3,49.4,40.9,378.0
2020-01-17 19:00:00,-1.2,49.8,88.5,47.8,50.0,41.3,388.0
2020-01-17 20:00:00,-0.9,49.8,86.1,47.7,49.7,41.5,385.0
2020-01-17 21:00:00,-1.3,49.9,86.0,48.2,50.3,41.7,386.0
2020-01-17 22:00:00,-0.6,50.5,84.0,46.5,42.5,41.7,363.0
2020-01-17 23:00:00,-1.0,50.6,80.1,34.9,35.4,33.0,0.0
2020-01-18 00:00:00,-1.4,50.6,76.1,32.4,36.5,32.1,0.0
2020-01-18 01:00:00,-1.2,50.6,73.2,28.6,51.3,28.3,0.0
2020-01-18 02:00:00,-1.3,50.6,66.3,26.7,52.2,27.9,0.0
2020-01-18 03:00:00,-1.9,50.6,64.7,26.5,51.4,27.9,0.0
2020-01-18 04:00:00,-2.3,50.7,61.7,26.6,50.8,27.4,0.0
2020-01-18 05:00:00,-2.3,50.7,60.6,26.8,50.0,26.9,0.0
2020-01-18 06:00:00,-2.7,53.1,91.5,52.2,52.8,37.5,420.0
2020-01-18 07:00:00,-3.0,53.2,91.6,51.8,53.7,43.4,544.0
2020-01-18 08:00:00,-2.3,53.0,87.4,51.5,53.1,43.3,476.0
2020-01-18 09:00:00,-0.8,52.4,90.3,51.9,53.4,43.1,440.0
2020-01-18 10:00:00,0.2,51.9,88.4,51.5,52.5,42.4,430.0
2020-01-18 11:00:00,1.4,51.4,86.8,50.7,52.1,42.3,420.0
2020-01-18 12:00:00,3.5,50.3,73.7,48.4,48.9,41.8,398.0
2020-01-18 13:00:00,3.9,50.2,78.1,49.0,49.0,41.8,400.0
2020-01-18 14:00:00,3.9,48.4,76.6,47.3,47.5,40.3,350.0
2020-01-18 15:00:00,3.8,48.4,81.3,48.0,49.2,40.8,366.0
2020-01-18 16:00:00,2.5,49.0,81.6,48.6,49.7,41.1,369.0
2020-01-18 17:00:00,1.1,49.4,84.1,49.0,50.5,41.3,379.0
2020-01-18 18:00:00,0.2,49.9,83.7,48.9,50.2,41.4,382.0
2020-01-18 19:00:00,-0.6,50.3,87.0,48.6,50.8,42.0,397.0
2020-01-18 20:00:00,-1.1,50.4,87.4,50.0,51.3,41.8,387.0
2020-01-18 21:00:00,-1.4,50.6,83.9,50.5,51.1,41.8,387.0
2020-01-18 22:00:00,-0.6,50.2,86.4,46.5,42.4,41.6,362.0
2020-01-18 23:00:00,0.1,49.9,79.4,36.0,34.8,33.3,0.0
2020-01-19 00:00:00,1.1,49.6,74.7,32.9,49.9,32.6,0.0
2020-01-19 01:00:00,1.1,49.6,68.3,32.1,51.1,32.2,0.0
2020-01-19 02:00:00,1.4,49.4,60.1,31.3,46.6,32.1,0.0
2020-01-19 03:00:00,1.4,49.4,61.7,31.2,48.8,31.5,0.0
2020-01-19 04:00:00,0.8,49.6,58.4,30.9,47.8,31.3,0.0
2020-01-19 05:00:00,0.9,49.6,56.2,30.5,46.4,30.5,0.0
2020-01-19 06:00:00,1.4,49.4,79.3,41.8,44.5,26.5,140.0
2020-01-19 07:00:00,1.0,49.6,85.8,48.1,49.9,41.4,591.0
2020-01-19 08:00:00,1.0,49.6,82.2,47.1,48.7,40.8,382.0
2020-01-19 09:00:00,1.5,49.4,82.9,48.9,50.2,41.1,392.0
2020-01-19 10:00:00,1.2,49.4,85.3,49.2,50.7,41.0,386.0
2020-01-19 11:00:00,1.5,49.4,71.6,47.7,47.1,40.8,384.0
2020-01-19 12:00:00,1.4,49.4,81.8,48.6,49.9,40.9,389.0
2020-01-19 13:00:00,1.2,49.4,84.5,49.1,50.2,41.0,389.0
2020-01-19 14:00:00,1.1,49.5,86.0,48.5,50.3,41.3,391.0
2020-01-19 15:00:00,1.2,49.5,80.5,47.0,48.8,41.3,380.0
2020-01-19 16:00:00,0.8,49.6,87.2,48.4,50.3,41.5,391.0
2020-01-19 17:00:00,0.7,49.7,87.1,48.0,50.0,41.5,385.0
2020-01-19 18:00:00,1.0,49.5,86.5,48.0,50.1,41.6,384.0
2020-01-19 19:00:00,0.6,49.7,86.4,48.1,49.9,41.6,385.0
2020-01-19 20:00:00,0.7,49.7,86.9,48.2,50.2,41.8,380.0
2020-01-19 21:00:00,0.5,49.8,90.0,48.0,50.2,41.8,384.0
2020-01-19 22:00:00,0.6,49.8,89.1,47.3,42.1,41.8,368.0
2020-01-19 23:00:00,0.5,49.8,83.8,35.0,39.4,33.5,0.0
2020-01-20 00:00:00,0.3,49.9,80.8,32.5,59.3,30.6,0.0
2020-01-20 01:00:00,0.4,49.8,70.2,31.2,50.2,30.2,0.0
2020-01-20 02:00:00,0.4,49.8,67.1,30.3,50.2,29.5,0.0
2020-01-20 03:00:00,0.2,50.0,66.9,29.5,50.9,29.1,0.0
2020-01-20 04:00:00,0.0,50.0,64.3,29.1,50.0,28.8,0.0
2020-01-20 05:00:00,0.2,49.9,38.3,39.0,38.3,28.4,0.0
2020-01-20 06:00:00,0.1,50.0,86.2,46.9,46.5,30.5,260.0
2020-01-20 07:00:00,0.1,49.9,87.4,48.2,50.2,41.4,521.0
2020-01-20 08:00:00,0.2,49.8,90.2,47.9,50.2,41.3,409.0
2020-01-20 09:00:00,0.5,49.7,90.2,47.8,50.2,41.2,402.0
2020-01-20 10:00:00,1.2,49.5,89.0,47.7,50.0,41.2,403.0
2020-01-20 11:00:00,1.4,49.4,88.2,47.6,49.9,41.2,133.0
2020-01-20 12:00:00,2.1,49.2,87.4,47.3,49.6,41.0,647.0
2020-01-20 13:00:00,2.4,49.0,87.7,47.3,49.4,40.9,386.0
2020-01-20 14:00:00,2.0,50.5,87.8,48.0,50.0,40.9,384.0
2020-01-20 15:00:00,2.4,50.5,87.0,48.6,50.5,41.6,409.0
2020-01-20 16:00:00,1.9,51.3,87.9,48.9,50.8,41.8,407.0
2020-01-20 17:00:00,2.1,51.2,87.9,49.0,51.0,42.0,407.0
2020-01-20 18:00:00,2.0,51.3,88.8,49.3,51.3,42.1,408.0
2020-01-20 19:00:00,1.9,51.3,88.7,49.4,51.3,42.4,412.0
2020-01-20 20:00:00,1.8,51.3,88.2,48.5,50.6,42.4,405.0
2020-01-20 21:00:00,1.7,53.3,82.8,51.9,52.7,44.1,461.0
2020-01-20 22:00:00,1.4,51.3,73.1,46.8,42.2,42.1,369.0
2020-01-20 23:00:00,1.5,51.3,67.7,36.1,36.1,33.6,0.0
2020-01-21 00:00:00,1.2,51.3,65.3,33.1,34.8,32.2,0.0
2020-01-21 01:00:00,1.4,51.3,69.0,28.4,37.1,26.9,0.0
2020-01-21 02:00:00,1.4,51.3,67.8,25.5,54.4,25.9,0.0
2020-01-21 03:00:00,1.3,51.3,61.8,25.5,50.7,26.2,0.0
2020-01-21 04:00:00,0.9,51.4,62.4,26.0,51.8,26.7,0.0
2020-01-21 05:00:00,1.1,53.2,37.0,28.4,23.1,22.0,0.0
2020-01-21 06:00:00,0.8,53.8,64.7,41.9,41.8,32.9,287.0
2020-01-21 07:00:00,0.8,53.8,85.3,53.9,52.8,40.8,481.0
2020-01-21 08:00:00,0.8,53.8,90.0,52.9,54.4,44.1,529.0
2020-01-21 09:00:00,1.2,53.7,88.5,52.4,53.5,43.8,455.0
2020-01-21 10:00:00,1.9,53.6,89.4,52.5,53.9,43.7,470.0
2020-01-21 11:00:00,2.0,53.6,87.8,52.2,53.3,43.6,459.0
2020-01-21 12:00:00,1.95,53.6,87.22,52.28,53.35,43.58,452.0
2020-01-21 13:00:00,1.9,53.6,86.65,52.35,53.4,43.55,452.0
2020-01-21 14:00:00,1.85,53.6,86.08,52.42,53.45,43.52,452.0
2020-01-21 15:00:00,1.8,53.6,85.5,52.5,53.5,43.5,452.0
2020-01-21 16:00:00,1.5,53.7,86.8,53.1,53.9,43.9,459.0
2020-01-21 17:00:00,1.2,53.7,87.5,52.6,53.7,44.1,454.0
2020-01-21 18:00:00,0.4,53.9,86.8,52.2,53.2,43.8,441.0
2020-01-21 19:00:00,0.6,53.8,87.6,52.3,53.6,43.8,438.0
2020-01-21 20:00:00,0.8,49.6,83.9,48.8,49.8,41.1,337.0
2020-01-21 21:00:00,0.9,48.8,83.1,47.1,49.0,41.1,376.0
2020-01-21 22:00:00,0.7,48.8,78.6,44.3,41.0,40.3,321.0
2020-01-21 23:00:00,0.4,48.9,69.8,34.9,34.6,32.8,0.0
2020-01-22 00:00:00,0.2,48.9,67.5,32.4,56.6,32.2,0.0
2020-01-22 01:00:00,0.0,49.0,60.4,31.5,49.2,31.9,0.0
2020-01-22 02:00:00,0.0,49.0,60.6,30.8,48.6,31.7,0.0
2020-01-22 03:00:00,0.0,49.0,58.8,30.9,48.4,30.9,0.0
2020-01-22 04:00:00,-0.3,49.0,57.2,30.8,47.6,30.2,0.0
2020-01-22 05:00:00,-0.2,49.0,59.1,29.6,50.0,28.7,0.0
2020-01-22 06:00:00,-0.3,49.0,44.9,39.4,32.5,22.7,0.0
2020-01-22 07:00:00,-0.9,49.2,77.3,50.0,49.9,39.8,563.0
2020-01-22 08:00:00,-0.6,49.1,88.9,46.4,48.9,40.5,399.0
2020-01-22 09:00:00,0.2,48.4,88.8,46.0,48.5,40.1,375.0
2020-01-22 10:00:00,1.0,48.4,88.3,45.9,48.4,40.2,374.0
2020-01-22 11:00:00,1.8,48.3,86.8,45.6,47.9,40.0,361.0
2020-01-22 12:00:00,2.6,48.2,84.9,45.4,47.6,39.8,354.0
2020-01-22 13:00:00,3.4,48.1,83.7,46.6,48.6,40.4,375.0
2020-01-22 14:00:00,3.9,48.1,81.7,46.5,48.0,40.4,363.0
2020-01-22 15:00:00,4.2,48.0,80.6,45.9,47.6,40.0,346.0
2020-01-22 16:00:00,3.7,48.1,81.2,46.0,47.7,40.0,345.0
2020-01-22 17:00:00,1.7,46.9,84.7,44.5,46.8,39.7,334.0
2020-01-22 18:00:00,1.8,46.9,86.5,44.4,47.0,39.4,326.0
2020-01-22 19:00:00,1.1,47.2,86.7,44.5,47.0,39.5,329.0
2020-01-22 20:00:00,0.0,47.4,84.2,44.5,46.9,39.8,337.0
2020-01-22 21:00:00,-0.2,47.5,81.4,46.5,47.4,40.4,352.0
2020-01-22 22:00:00,-0.4,47.6,82.7,45.9,40.9,39.8,330.0
2020-01-22 23:00:00,-0.9,47.8,79.6,34.1,35.7,32.4,0.0
2020-01-23 00:00:00,-1.3,47.9,77.5,31.8,55.5,31.9,0.0
2020-01-23 01:00:00,-0.1,47.5,66.6,30.9,48.6,31.7,0.0
2020-01-23 02:00:00,0.4,47.3,64.4,30.0,47.9,31.4,0.0
2020-01-23 03:00:00,0.3,47.4,61.9,29.6,47.2,30.5,0.0
2020-01-23 04:00:00,0.5,47.3,60.4,29.3,47.0,29.6,0.0
2020-01-23 05:00:00,0.8,47.2,39.5,40.0,38.1,28.8,0.0
2020-01-23 06:00:00,0.0,48.5,76.1,48.2,46.2,34.4,346.0
2020-01-23 07:00:00,-0.7,48.5,87.1,46.3,48.5,40.3,459.0
2020-01-23 08:00:00,-0.5,48.5,88.8,46.3,48.7,40.2,381.0
2020-01-23 09:00:00,-0.1,48.5,87.0,46.2,48.3,40.1,376.0
2020-01-23 10:00:00,0.7,48.4,87.0,46.1,48.3,40.1,373.0
2020-01-23 11:00:00,1.7,48.3,85.6,45.8,48.2,39.9,364.0
2020-01-23 12:00:00,1.8,48.3,83.7,45.7,47.7,40.0,365.0
2020-01-23 13:00:00,3.0,48.2,83.8,45.6,47.6,39.8,349.0
2020-01-23 14:00:00,2.0,48.3,84.4,46.9,48.8,40.3,369.0
2020-01-23 15:00:00,1.9,49.0,84.2,45.8,47.9,40.2,360.0
2020-01-23 16:00:00,1.5,49.0,84.6,47.4,49.2,40.8,374.0
2020-01-23 17:00:00,0.9,49.5,86.2,46.9,49.0,41.1,385.0
2020-01-23 18:00:00,-0.1,49.4,86.9,46.6,48.8,40.7,365.0
2020-01-23 19:00:00,-0.4,50.5,87.5,49.4,51.4,41.9,402.0
2020-01-23 20:00:00,-1.3,50.6,90.8,49.0,51.6,42.1,410.0
2020-01-23 21:00:00,-1.5,51.9,88.9,49.8,51.7,42.2,399.0
2020-01-23 22:00:00,-1.8,52.0,86.4,50.1,44.9,43.0,422.0
2020-01-23 23:00:00,-2.5,52.3,83.0,34.8,39.6,33.7,0.0
2020-01-24 00:00:00,-3.2,52.4,79.0,32.5,53.7,30.9,0.0
2020-01-24 01:00:00,-2.9,52.4,70.9,30.3,54.3,29.5,0.0
2020-01-24 02:00:00,-3.7,52.6,70.3,29.4,54.1,29.1,0.0
2020-01-24 03:00:00,-4.3,52.8,64.4,28.4,52.0,28.8,0.0
2020-01-24 04:00:00,-4.0,52.7,64.7,28.3,52.4,28.1,0.0
2020-01-24 05:00:00,-3.9,55.4,65.3,28.6,53.6,25.4,0.0
2020-01-24 06:00:00,-4.8,55.9,68.8,44.9,43.8,34.1,349.0
2020-01-24 07:00:00,-5.3,57.1,76.8,51.4,51.4,41.2,488.0
2020-01-24 08:00:00,-4.4,54.7,89.4,54.2,55.3,45.0,571.0
2020-01-24 09:00:00,-1.9,53.4,92.6,52.1,54.1,43.9,473.0
2020-01-24 10:00:00,-0.1,52.5,89.2,51.0,52.6,43.1,447.0
2020-01-24 11:00:00,2.4,51.3,87.0,50.3,51.7,42.7,427.0
2020-01-24 12:00:00,3.5,50.3,81.5,48.7,49.9,41.8,393.0
2020-01-24 13:00:00,4.7,48.0,79.4,47.3,48.6,41.3,378.0
2020-01-24 14:00:00,6.3,47.6,80.1,46.4,47.8,40.2,344.0
2020-01-24 15:00:00,8.1,47.0,76.4,45.7,47.0,39.9,341.0
2020-01-24 16:00:00,8.3,47.0,76.1,45.3,46.6,39.5,320.0
2020-01-24 17:00:00,5.2,47.9,79.3,46.8,48.1,39.8,337.0
2020-01-24 18:00:00,3.1,48.3,82.9,47.2,48.9,40.8,378.0
2020-01-24 19:00:00,1.6,49.3,87.3,47.7,49.6,41.0,372.0
2020-01-24 20:00:00,1.8,49.9,79.9,48.0,50.0,41.2,382.0
2020-01-24 21:00:00,1.6,49.9,77.0,47.2,48.4,41.7,385.0
2020-01-24 22:00:00,0.3,50.4,87.0,45.4,42.3,41.7,358.0
2020-01-24 23:00:00,-0.5,50.6,82.9,34.5,41.8,33.4,0.0
2020-01-25 00:00:00,-0.8,50.8,75.2,32.9,54.8,33.2,0.0
2020-01-25 01:00:00,-1.5,50.9,65.2,31.9,49.0,33.0,0.0
2020-01-25 02:00:00,-1.6,51.0,67.0,31.6,51.4,32.2,0.0
2020-01-25 03:00:00,-1.9,51.0,64.1,31.1,50.5,31.4,0.0
2020-01-25 04:00:00,-2.3,51.2,63.7,31.1,50.5,30.6,0.0
2020-01-25 05:00:00,-2.4,51.2,64.8,29.6,52.5,28.6,0.0
2020-01-25 06:00:00,-2.7,49.8,61.8,28.8,50.2,27.2,0.0
2020-01-25 07:00:00,-2.0,51.8,91.8,51.9,53.1,41.1,566.0
2020-01-25 08:00:00,-0.7,51.3,91.9,49.4,51.7,42.1,448.0
2020-01-25 09:00:00,0.7,50.7,89.2,48.9,51.0,42.0,428.0
2020-01-25 10:00:00,3.5,49.6,84.4,47.5,49.6,41.2,397.0
2020-01-25 11:00:00,5.3,48.8,83.4,48.1,49.6,40.7,373.0
2020-01-25 12:00:00,7.0,48.1,77.1,48.3,49.0,40.3,370.0
2020-01-25 13:00:00,8.4,47.5,71.3,46.2,46.8,40.0,345.0
2020-01-25 14:00:00,9.3,44.3,69.7,42.0,43.2,38.1,279.0
2020-01-25 15:00:00,10.0,44.2,64.1,43.1,43.8,38.0,291.0
2020-01-25 16:00:00,9.3,44.3,65.2,42.7,44.4,38.2,291.0
2020-01-25 17:00:00,6.3,44.8,76.6,44.1,45.7,37.9,299.0
2020-01-25 18:00:00,5.9,44.8,69.4,42.9,44.4,38.3,291.0
2020-01-25 19:00:00,4.1,45.4,80.2,43.9,45.9,38.8,314.0
2020-01-25 20:00:00,5.1,44.9,75.6,44.2,46.2,38.4,289.0
2020-01-25 21:00:00,4.4,45.2,77.2,44.7,45.8,38.2,293.0
2020-01-25 22:00:00,3.3,45.6,77.5,43.2,39.2,38.6,303.0
2020-01-25 23:00:00,3.0,45.8,69.3,35.4,34.4,31.9,0.0
2020-01-26 00:00:00,2.4,46.0,67.7,32.0,38.8,31.5,0.0
2020-01-26 01:00:00,2.0,46.2,61.0,30.9,41.8,31.1,0.0
2020-01-26 02:00:00,2.7,45.9,55.5,30.2,40.7,30.9,0.0
2020-01-26 03:00:00,3.3,45.7,53.1,29.4,40.1,30.4,0.0
2020-01-26 04:00:00,2.2,46.0,49.7,28.8,38.9,30.2,0.0
2020-01-26 05:00:00,1.5,46.3,49.1,28.3,37.8,29.6,0.0
2020-01-26 06:00:00,1.3,46.4,67.8,38.5,36.4,23.5,98.0
2020-01-26 07:00:00,1.2,46.5,89.1,44.0,46.8,39.5,502.0
2020-01-26 08:00:00,2.6,45.9,84.3,43.2,45.5,38.3,312.0
2020-01-26 09:00:00,4.4,45.2,77.8,44.7,46.3,38.4,323.0
2020-01-26 10:00:00,6.0,44.8,65.9,42.2,42.9,38.0,302.0
2020-01-26 11:00:00,8.1,44.5,73.9,43.6,45.3,38.1,300.0
2020-01-26 12:00:00,9.7,44.3,71.7,44.5,45.1,37.7,293.0
2020-01-26 13:00:00,10.9,44.1,57.5,42.1,35.6,35.3,204.0
2020-01-26 14:00:00,11.0,44.1,59.0,32.7,33.7,31.5,0.0
2020-01-26 15:00:00,11.3,44.1,73.3,46.1,45.8,36.0,297.0
2020-01-26 16:00:00,11.4,44.0,73.3,43.0,44.4,37.9,307.0
2020-01-26 17:00:00,10.5,44.6,75.0,42.6,44.4,37.9,287.0
2020-01-26 18:00:00,9.0,46.8,77.7,44.9,46.4,38.3,304.0
2020-01-26 19:00:00,6.5,49.1,80.4,47.1,48.5,40.4,369.0
2020-01-26 20:00:00,5.6,49.6,81.1,48.0,49.3,41.2,372.0
2020-01-26 21:00:00,6.6,49.0,81.0,47.6,49.2,41.5,370.0
2020-01-26 22:00:00,6.1,49.3,81.9,46.4,41.7,41.1,336.0
2020-01-26 23:00:00,5.9,49.5,78.2,34.7,40.8,33.4,0.0
2020-01-27 00:00:00,5.1,49.9,72.6,33.2,53.8,33.1,0.0
2020-01-27 01:00:00,4.5,50.0,63.4,32.3,48.9,33.0,0.0
2020-01-27 02:00:00,4.4,50.0,64.7,32.1,50.0,32.4,0.0
2020-01-27 03:00:00,4.5,50.0,61.8,31.7,49.2,31.5,0.0
2020-01-27 04:00:00,5.3,49.8,61.3,31.3,49.6,30.2,0.0
2020-01-27 05:00:00,5.0,49.9,24.0,36.4,24.3,22.7,0.0
2020-01-27 06:00:00,5.4,50.7,74.2,46.3,45.4,34.2,275.0
2020-01-27 07:00:00,4.8,50.9,86.6,49.6,51.4,43.0,510.0
2020-01-27 08:00:00,5.3,50.7,86.5,48.8,50.7,42.1,390.0
2020-01-27 09:00:00,5.5,50.7,85.9,48.4,50.2,41.8,386.0
2020-01-27 10:00:00,6.0,50.6,85.8,48.5,50.3,41.8,384.0
2020-01-27 11:00:00,6.1,52.8,85.3,51.0,52.0,42.2,403.0
2020-01-27 12:00:00,6.1,52.8,85.0,51.8,53.0,43.8,445.0
2020-01-27 13:00:00,6.7,52.7,84.1,51.6,52.6,43.7,418.0
2020-01-27 14:00:00,6.9,48.3,83.9,45.7,47.8,41.6,351.0
2020-01-27 15:00:00,7.0,48.4,80.5,46.8,48.2,40.8,325.0
2020-01-27 16:00:00,6.9,48.3,80.7,46.9,48.6,40.9,343.0
2020-01-27 17:00:00,6.5,48.0,81.0,46.2,48.0,41.0,344.0
2020-01-27 18:00:00,5.5,47.4,82.9,46.0,47.9,40.5,323.0
2020-01-27 19:00:00,5.4,47.2,82.3,45.3,47.4,40.4,325.0
2020-01-27 20:00:00,5.1,49.0,79.5,49.6,49.8,41.0,358.0
2020-01-27 21:00:00,5.0,49.0,80.5,47.8,49.1,41.5,357.0
2020-01-27 22:00:00,4.6,49.0,78.4,48.0,48.7,41.2,344.0
2020-01-27 23:00:00,4.7,49.0,78.5,36.9,37.3,33.1,69.0
2020-01-28 00:00:00,4.7,49.0,73.6,33.6,50.2,33.5,0.0
2020-01-28 01:00:00,4.8,49.0,67.3,32.9,50.7,33.0,0.0
2020-01-28 02:00:00,4.7,49.0,59.5,32.0,46.5,32.9,0.0
2020-01-28 03:00:00,4.5,49.0,61.1,31.8,48.1,32.3,0.0
2020-01-28 04:00:00,4.5,49.0,58.3,31.5,47.3,31.7,0.0
2020-01-28 05:00:00,4.3,49.1,55.8,31.1,46.0,31.1,0.0
2020-01-28 06:00:00,4.0,49.2,60.1,44.1,42.8,36.3,344.0
2020-01-28 07:00:00,4.6,49.0,71.4,46.8,48.0,42.1,428.0
2020-01-28 08:00:00,4.4,49.1,83.8,47.9,49.7,41.3,374.0
2020-01-28 09:00:00,4.9,49.0,83.2,47.9,49.4,41.4,374.0
2020-01-28 10:00:00,5.3,49.0,83.4,47.4,49.2,41.2,364.0
2020-01-28 11:00:00,5.9,49.3,83.4,47.5,49.3,41.2,362.0
2020-01-28 12:00:00,6.3,49.5,80.3,47.7,49.1,41.1,359.0
2020-01-28 13:00:00,7.5,50.0,81.0,48.3,49.5,41.3,363.0
2020-01-28 14:00:00,8.3,46.0,77.8,43.4,45.2,38.9,271.0
2020-01-28 15:00:00,9.5,45.6,75.9,43.4,45.2,38.8,281.0
2020-01-28 16:00:00,9.8,45.6,75.6,43.5,45.1,38.8,292.0
2020-01-28 17:00:00,9.2,45.8,77.2,44.4,45.9,39.2,294.0
2020-01-28 18:00:00,9.6,45.7,77.3,43.6,45.4,39.2,294.0
2020-01-28 19:00:00,9.9,45.6,77.2,43.3,45.2,38.9,276.0
2020-01-28 20:00:00,10.0,45.5,62.4,43.4,43.6,39.2,278.0
2020-01-28 21:00:00,8.9,45.8,71.7,45.2,46.4,39.6,303.0
2020-01-28 22:00:00,7.5,46.2,75.9,43.4,39.7,39.3,276.0
2020-01-28 23:00:00,7.9,46.1,68.2,36.1,34.3,32.8,0.0
2020-01-29 00:00:00,8.3,46.0,63.6,32.9,43.1,32.5,0.0
2020-01-29 01:00:00,10.4,45.4,60.9,32.2,48.8,32.0,0.0
2020-01-29 02:00:00,10.5,45.4,54.7,31.5,45.1,31.9,0.0
2020-01-29 03:00:00,10.5,45.4,54.6,31.0,44.6,31.6,0.0
2020-01-29 04:00:00,10.5,45.4,55.1,31.4,46.1,30.7,0.0
2020-01-29 05:00:00,6.1,46.7,52.5,30.5,45.3,29.5,0.0
2020-01-29 06:00:00,2.1,48.0,64.1,37.2,37.1,25.3,70.0
2020-01-29 07:00:00,2.0,47.5,72.8,44.2,45.4,40.8,510.0
2020-01-29 08:00:00,2.9,47.1,86.3,45.1,47.5,40.4,339.0
2020-01-29 09:00:00,3.2,46.9,85.0,44.3,46.7,39.6,318.0
2020-01-29 10:00:00,4.0,46.5,83.8,43.9,46.1,39.2,312.0
2020-01-29 11:00:00,5.4,45.9,82.2,43.6,45.8,39.0,307.0
2020-01-29 12:00:00,6.0,45.7,80.2,43.0,45.0,38.6,287.0
2020-01-29 13:00:00,6.9,45.4,79.2,43.5,45.5,38.7,295.0
2020-01-29 14:00:00,6.9,45.4,79.1,43.6,45.6,38.8,297.0
2020-01-29 15:00:00,6.4,45.5,79.0,43.7,45.7,38.9,297.0
2020-01-29 16:00:00,6.0,47.6,80.5,46.5,48.1,40.4,346.0
2020-01-29 17:00:00,5.4,47.8,82.2,46.1,47.9,40.7,342.0
2020-01-29 18:00:00,5.5,48.7,82.6,47.5,49.1,41.2,351.0
2020-01-29 19:00:00,5.8,50.4,83.2,49.5,50.9,42.3,385.0
2020-01-29 20:00:00,5.4,50.5,70.7,48.7,48.9,42.1,367.0
2020-01-29 21:00:00,5.4,50.6,76.1,49.4,50.0,42.5,380.0
2020-01-29 22:00:00,5.9,50.5,81.5,49.4,50.7,42.8,374.0
2020-01-29 23:00:00,5.7,50.5,75.8,40.2,36.6,34.2,35.0
2020-01-30 00:00:00,5.8,50.4,67.8,36.8,34.0,33.3,0.0
2020-01-30 01:00:00,5.3,50.6,62.8,34.2,31.5,30.7,0.0
2020-01-30 02:00:00,5.0,51.0,58.9,31.7,28.8,28.2,0.0
2020-01-30 03:00:00,4.3,51.0,56.2,29.9,28.0,27.3,0.0
2020-01-30 04:00:00,2.8,51.0,54.9,28.0,27.4,26.7,0.0
2020-01-30 05:00:00,2.4,51.0,58.0,28.9,27.0,25.3,0.0
2020-01-30 06:00:00,2.1,52.0,67.3,43.9,43.0,33.3,245.0
2020-01-30 07:00:00,2.6,52.0,86.9,52.7,53.6,43.5,516.0
2020-01-30 08:00:00,2.9,52.0,85.2,50.0,51.6,43.0,409.0
2020-01-30 09:00:00,3.7,52.0,84.2,50.3,51.6,42.7,399.0
2020-01-30 10:00:00,5.1,52.0,84.1,50.4,51.7,42.8,402.0
2020-01-30 11:00:00,6.1,50.9,81.4,49.0,50.4,42.2,390.0
2020-01-30 12:00:00,6.4,50.8,80.2,50.1,51.1,42.5,389.0
2020-01-30 13:00:00,6.5,47.5,80.3,47.3,48.6,41.7,360.0
2020-01-30 14:00:00,6.5,47.5,80.4,45.6,47.3,40.0,301.0
2020-01-30 15:00:00,6.9,47.4,80.5,46.0,47.5,40.2,328.0
2020-01-30 16:00:00,6.5,47.5,80.6,46.0,47.7,40.4,330.0
2020-01-30 17:00:00,5.2,47.9,81.5,46.2,47.9,40.4,330.0
2020-01-30 18:00:00,4.0,48.4,84.8,47.1,49.1,41.1,352.0
2020-01-30 19:00:00,3.0,48.7,84.8,46.7,48.9,41.2,345.0
2020-01-30 20:00:00,1.9,49.2,78.3,47.0,48.6,41.0,338.0
2020-01-30 21:00:00,2.2,49.2,87.2,47.3,49.6,41.5,363.0
2020-01-30 22:00:00,1.1,49.5,81.2,46.1,42.0,41.2,326.0
2020-01-30 23:00:00,0.8,49.6,80.5,34.6,41.5,33.6,0.0
2020-01-31 00:00:00,1.4,49.4,74.1,33.2,53.7,33.4,0.0
2020-01-31 01:00:00,0.4,49.8,64.7,32.2,48.2,33.1,0.0
2020-01-31 02:00:00,0.8,49.6,65.2,31.7,50.1,32.4,0.0
2020-01-31 03:00:00,-0.4,50.2,62.5,31.2,49.4,31.4,0.0
2020-01-31 04:00:00,-1.1,50.4,61.2,30.7,49.2,30.0,0.0
2020-01-31 05:00:00,-1.7,50.7,57.3,30.0,47.6,29.2,0.0
2020-01-31 06:00:00,-1.9,50.0,55.3,33.3,34.3,24.3,43.0
2020-01-31 07:00:00,-1.8,50.0,84.5,53.3,52.8,40.8,550.0
2020-01-31 08:00:00,-0.5,49.7,92.1,47.4,50.0,41.5,404.0
2020-01-31 09:00:00,1.9,48.9,88.7,46.8,49.4,41.2,376.0
2020-01-31 10:00:00,4.0,48.2,86.6,46.2,48.4,40.7,357.0
2020-01-31 11:00:00,4.9,48.0,84.6,45.6,47.7,40.4,340.0
2020-01-31 12:00:00,6.8,47.4,81.1,45.1,46.9,39.9,324.0
2020-01-31 13:00:00,8.6,44.4,76.9,44.0,45.6,40.0,320.0
2020-01-31 14:00:00,10.2,44.2,71.4,42.5,43.5,37.5,237.0
2020-01-31 15:00:00,10.1,44.2,73.9,43.2,44.8,38.4,291.0
2020-01-31 16:00:00,10.8,44.1,72.4,42.8,44.2,38.1,272.0
2020-01-31 17:00:00,9.9,44.3,73.4,42.9,44.3,38.1,273.0
2020-01-31 18:00:00,9.3,44.3,75.5,43.2,44.9,38.6,287.0
2020-01-31 19:00:00,7.9,44.5,75.3,42.3,44.3,38.5,280.0
2020-01-31 20:00:00,7.3,44.6,78.3,43.5,45.0,38.6,284.0
2020-01-31 21:00:00,6.8,45.7,71.6,43.3,45.4,38.5,276.0
2020-01-31 22:00:00,6.5,45.7,68.2,43.2,40.0,39.1,297.0
2020-01-31 23:00:00,7.1,45.7,67.9,33.7,30.8,30.5,0.0
2020-02-01 00:00:00,7.1,45.7,65.5,29.1,27.3,27.0,0.0
2020-02-01 01:00:00,7.2,45.7,63.2,26.5,25.7,25.4,0.0
2020-02-01 02:00:00,6.5,45.7,59.9,25.2,24.9,24.6,0.0
2020-02-01 03:00:00,5.5,45.9,57.1,24.3,24.5,24.1,0.0
2020-02-01 04:00:00,5.2,45.9,57.5,23.8,24.4,23.8,0.0
2020-02-01 05:00:00,5.5,45.9,59.2,23.6,24.4,23.7,0.0
2020-02-01 06:00:00,6.1,45.8,64.5,40.2,39.8,29.2,166.0
2020-02-01 07:00:00,5.5,45.9,81.5,44.2,46.4,39.5,427.0
2020-02-01 08:00:00,6.3,45.8,83.2,44.3,46.5,39.3,324.0
2020-02-01 09:00:00,8.5,45.5,75.6,43.7,45.5,38.8,297.0
2020-02-01 10:00:00,10.0,45.2,74.4,43.4,45.1,38.4,292.0
2020-02-01 11:00:00,11.6,45.0,67.0,43.9,43.8,38.6,293.0
2020-02-01 12:00:00,13.2,45.0,62.9,39.3,33.0,32.7,118.0
2020-02-01 13:00:00,14.2,45.0,58.4,31.5,28.0,27.6,0.0
2020-02-01 14:00:00,14.0,45.0,57.6,27.6,26.1,25.6,0.0
2020-02-01 15:00:00,13.9,45.0,58.5,25.5,25.3,24.9,0.0
2020-02-01 16:00:00,14.4,45.0,58.5,24.7,24.8,24.4,0.0
2020-02-01 17:00:00,12.2,45.0,72.2,42.1,41.3,27.8,136.0
2020-02-01 18:00:00,10.8,45.1,75.7,43.9,45.6,39.2,430.0
2020-02-01 19:00:00,8.9,45.4,73.3,43.1,44.3,38.5,290.0
2020-02-01 20:00:00,8.3,47.6,77.9,45.1,46.6,39.2,313.0
2020-02-01 21:00:00,7.0,48.5,76.5,47.3,48.0,40.9,360.0
2020-02-01 22:00:00,6.6,48.8,77.8,48.6,48.5,41.0,350.0
2020-02-01 23:00:00,5.9,49.4,66.1,35.2,31.9,31.5,0.0
2020-02-02 00:00:00,5.3,49.7,67.6,29.1,28.0,27.5,0.0
2020-02-02 01:00:00,4.8,50.1,68.2,26.5,26.4,25.9,0.0
2020-02-02 02:00:00,4.2,50.3,67.5,25.2,25.7,25.0,0.0
2020-02-02 03:00:00,4.0,50.5,67.1,24.8,25.6,24.9,0.0
2020-02-02 04:00:00,5.0,49.9,66.4,24.6,25.5,24.6,0.0
2020-02-02 05:00:00,5.4,49.7,65.1,24.3,25.2,24.3,0.0
2020-02-02 06:00:00,5.8,49.5,81.7,51.7,53.9,36.0,250.0
2020-02-02 07:00:00,5.5,50.5,82.1,46.7,51.1,41.2,321.0
2020-02-02 08:00:00,6.6,49.5,76.6,46.1,49.9,40.7,264.0
2020-02-02 09:00:00,7.2,49.2,79.7,46.1,50.0,40.8,266.0
2020-02-02 10:00:00,8.6,47.8,75.1,45.1,47.8,40.3,244.0
2020-02-02 11:00:00,9.8,46.8,72.5,43.9,47.6,38.9,221.0
2020-02-02 12:00:00,10.2,46.5,64.5,44.1,45.3,38.8,224.0
2020-02-02 13:00:00,11.4,45.5,66.3,41.1,37.5,37.1,188.0
2020-02-02 14:00:00,11.4,45.5,65.5,32.4,29.3,29.0,0.0
2020-02-02 15:00:00,12.3,45.0,62.9,28.0,26.5,26.1,0.0
2020-02-02 16:00:00,12.8,45.0,61.6,33.1,29.7,29.3,119.0
2020-02-02 17:00:00,10.6,46.2,69.9,45.1,46.6,29.9,94.0
2020-02-02 18:00:00,8.4,48.0,76.9,43.8,45.1,35.8,326.0
2020-02-02 19:00:00,8.3,48.1,79.7,47.6,49.0,41.2,419.0
2020-02-02 20:00:00,8.0,48.4,79.6,46.5,48.0,40.7,340.0
2020-02-02 21:00:00,8.2,48.1,80.3,46.6,48.2,40.8,335.0
2020-02-02 22:00:00,7.2,49.1,79.9,44.5,41.0,40.5,304.0
2020-02-02 23:00:00,6.9,49.3,76.1,33.8,31.4,30.8,0.0
2020-02-03 00:00:00,6.4,49.8,73.4,28.7,28.0,27.4,0.0
2020-02-03 01:00:00,5.5,50.5,71.4,26.4,26.5,26.0,0.0
2020-02-03 02:00:00,5.5,50.5,69.6,25.3,25.8,25.3,0.0
2020-02-03 03:00:00,5.8,50.4,67.7,24.8,25.5,24.8,0.0
2020-02-03 04:00:00,4.7,51.0,66.3,24.5,25.2,24.5,0.0
2020-02-03 05:00:00,4.9,49.0,25.3,29.3,25.5,24.6,0.0
2020-02-03 06:00:00,5.1,48.0,81.9,42.3,42.0,26.4,44.0
2020-02-03 07:00:00,4.3,48.2,86.9,46.5,48.8,41.0,535.0
2020-02-03 08:00:00,5.1,47.9,84.0,45.7,48.0,40.4,350.0
2020-02-03 09:00:00,7.6,46.8,81.2,45.1,47.1,40.0,332.0
2020-02-03 10:00:00,10.3,45.7,78.9,44.4,46.3,39.5,311.0
2020-02-03 11:00:00,12.3,45.0,74.4,39.9,37.1,36.6,209.0
2020-02-03 12:00:00,14.7,45.0,71.2,31.6,29.8,29.3,0.0
2020-02-03 13:00:00,15.3,45.0,69.2,27.8,27.2,26.8,0.0
2020-02-03 14:00:00,14.7,45.0,67.5,26.1,26.0,25.6,0.0
2020-02-03 15:00:00,14.0,43.0,69.7,40.8,39.4,26.4,103.0
2020-02-03 16:00:00,13.6,43.0,53.0,41.2,41.0,37.0,360.0
2020-02-03 17:00:00,13.2,43.0,72.2,41.8,43.4,37.9,287.0
2020-02-03 18:00:00,12.9,43.0,72.0,41.1,42.9,37.2,246.0
2020-02-03 19:00:00,12.2,43.0,72.0,41.0,42.7,37.1,246.0
2020-02-03 20:00:00,11.3,43.5,72.9,41.3,43.1,37.4,252.0
2020-02-03 21:00:00,11.1,45.3,74.6,47.4,47.6,39.0,305.0
2020-02-03 22:00:00,10.8,45.5,68.9,43.0,39.3,38.7,268.0
2020-02-03 23:00:00,11.0,45.5,62.2,39.2,30.5,30.2,0.0
2020-02-04 00:00:00,10.1,45.8,57.2,35.6,27.2,27.0,0.0
2020-02-04 01:00:00,10.4,45.7,53.6,31.5,25.7,25.5,0.0
2020-02-04 02:00:00,9.7,45.9,50.8,29.0,24.8,24.6,0.0
2020-02-04 03:00:00,9.3,46.1,50.1,26.7,24.2,24.1,0.0
2020-02-04 04:00:00,9.4,46.1,46.9,25.8,23.9,23.7,0.0
2020-02-04 05:00:00,9.0,46.2,24.9,37.2,24.8,23.4,0.0
2020-02-04 06:00:00,9.4,46.1,67.7,42.1,41.3,30.9,183.0
2020-02-04 07:00:00,9.8,45.9,77.4,44.6,46.2,39.8,413.0
2020-02-04 08:00:00,10.1,45.7,77.3,43.8,45.7,38.9,295.0
2020-02-04 09:00:00,12.0,45.0,76.1,43.7,45.2,38.8,294.0
2020-02-04 10:00:00,13.3,45.0,71.1,43.3,44.4,38.3,275.0
2020-02-04 11:00:00,14.6,45.0,71.7,43.6,44.8,38.6,281.0
2020-02-04 12:00:00,14.9,45.0,70.2,41.0,38.7,38.1,244.0
2020-02-04 13:00:00,14.7,45.0,67.7,31.7,31.0,30.2,0.0
2020-02-04 14:00:00,15.1,45.0,28.7,31.1,27.8,27.5,0.0
2020-02-04 15:00:00,14.5,45.0,52.4,26.0,26.4,25.9,0.0
2020-02-04 16:00:00,15.1,45.0,62.9,25.8,26.9,25.9,0.0
2020-02-04 17:00:00,14.5,45.0,72.1,46.1,46.5,38.4,405.0
2020-02-04 18:00:00,7.7,47.6,72.2,45.7,46.6,38.9,302.0
2020-02-04 19:00:00,4.1,49.2,83.7,48.0,49.8,41.8,396.0
2020-02-04 20:00:00,4.4,49.1,81.6,46.7,48.6,41.5,346.0
2020-02-04 21:00:00,5.1,49.0,81.5,48.9,50.0,41.4,339.0
2020-02-04 22:00:00,5.3,48.9,76.9,47.2,48.3,41.4,334.0
2020-02-04 23:00:00,4.7,49.0,76.3,35.7,32.1,31.8,0.0
2020-02-05 00:00:00,4.4,49.1,70.9,30.5,28.1,27.7,0.0
2020-02-05 01:00:00,4.1,49.2,67.5,27.2,26.3,25.9,0.0
2020-02-05 02:00:00,3.8,49.3,65.0,25.6,25.3,25.0,0.0
2020-02-05 03:00:00,3.1,49.5,62.5,24.5,25.0,24.4,0.0
2020-02-05 04:00:00,3.0,49.6,61.6,24.1,24.7,24.2,0.0
2020-02-05 05:00:00,2.4,51.2,33.0,25.2,24.5,24.2,0.0
2020-02-05 06:00:00,2.6,51.2,69.4,45.9,45.0,35.6,305.0
2020-02-05 07:00:00,2.8,51.2,86.6,50.6,52.3,43.2,483.0
2020-02-05 08:00:00,2.3,51.2,87.8,49.8,51.8,42.9,397.0
2020-02-05 09:00:00,2.5,51.2,87.4,49.4,51.3,42.9,394.0
2020-02-05 10:00:00,2.6,51.2,87.4,49.3,51.4,42.8,387.0
2020-02-05 11:00:00,3.8,51.1,85.1,48.9,50.8,42.6,382.0
2020-02-05 12:00:00,3.4,51.1,86.3,49.6,51.4,42.4,380.0
2020-02-05 13:00:00,2.6,51.2,86.1,49.4,51.4,43.0,397.0
2020-02-05 14:00:00,2.1,50.5,87.2,48.9,50.8,42.6,377.0
2020-02-05 15:00:00,2.3,50.5,86.8,48.7,50.6,42.5,374.0
2020-02-05 16:00:00,2.2,50.5,86.9,48.5,50.5,42.4,368.0
2020-02-05 17:00:00,2.8,50.4,86.9,48.4,50.4,42.3,365.0
2020-02-05 18:00:00,2.8,50.4,87.1,48.5,50.6,42.3,367.0
2020-02-05 19:00:00,2.3,50.5,87.7,48.2,50.4,42.4,372.0
2020-02-05 20:00:00,1.7,50.6,85.4,49.4,51.3,42.5,359.0
2020-02-05 21:00:00,1.1,50.8,87.2,49.1,51.4,42.7,373.0
2020-02-05 22:00:00,0.4,50.9,88.6,49.6,51.6,42.7,375.0
2020-02-05 23:00:00,-0.3,51.0,81.5,40.3,35.7,35.2,145.0
2020-02-06 00:00:00,-0.8,51.1,79.4,30.8,29.8,29.1,0.0
2020-02-06 01:00:00,-1.1,51.2,76.7,27.5,27.3,26.6,0.0
2020-02-06 02:00:00,-1.6,51.3,73.0,25.6,26.1,25.4,0.0
2020-02-06 03:00:00,-2.0,51.4,73.0,24.9,25.7,24.9,0.0
2020-02-06 04:00:00,-2.5,51.5,71.0,24.3,25.1,24.4,0.0
2020-02-06 05:00:00,-2.6,51.5,69.9,25.9,28.9,24.1,0.0
2020-02-06 06:00:00,-2.5,51.5,67.5,38.6,37.5,25.4,59.0
2020-02-06 07:00:00,-2.6,51.5,81.3,52.7,52.8,40.9,542.0
2020-02-06 08:00:00,-2.8,51.5,90.0,49.9,52.0,42.6,454.0
2020-02-06 09:00:00,-2.3,51.5,91.9,49.0,51.5,42.5,423.0
2020-02-06 10:00:00,-1.7,51.3,91.5,48.8,51.3,42.3,404.0
2020-02-06 11:00:00,-0.6,51.1,90.9,48.7,51.2,42.2,400.0
2020-02-06 12:00:00,-1.0,51.2,88.8,48.3,50.4,41.9,389.0
2020-02-06 13:00:00,-0.5,51.1,89.2,48.3,50.6,41.9,388.0
2020-02-06 14:00:00,0.4,50.9,88.9,49.4,51.3,42.5,403.0
2020-02-06 15:00:00,0.7,50.8,86.8,49.3,51.1,42.5,396.0
2020-02-06 16:00:00,1.0,50.8,85.5,48.9,50.8,42.4,385.0
2020-02-06 17:00:00,0.3,50.9,87.5,48.9,50.8,42.1,380.0
2020-02-06 18:00:00,-0.7,51.1,89.0,49.4,51.4,42.4,399.0
2020-02-06 19:00:00,-1.1,51.2,90.5,48.4,50.8,42.4,384.0
2020-02-06 20:00:00,-0.3,51.0,83.0,50.6,51.7,42.2,374.0
2020-02-06 21:00:00,-1.1,51.2,84.6,49.4,51.4,42.4,393.0
2020-02-06 22:00:00,-1.3,51.2,88.1,49.3,51.1,42.8,398.0
2020-02-06 23:00:00,-1.1,51.2,78.9,35.8,32.4,31.8,0.0
2020-02-07 00:00:00,-0.6,51.1,78.1,29.3,28.1,27.5,0.0
2020-02-07 01:00:00,-0.4,51.1,75.1,26.5,26.2,25.6,0.0
2020-02-07 02:00:00,-0.7,51.1,71.1,24.8,25.4,24.7,0.0
2020-02-07 03:00:00,-0.2,51.0,71.9,24.3,25.2,24.4,0.0
2020-02-07 04:00:00,-0.9,51.2,70.5,23.9,24.6,24.0,0.0
2020-02-07 05:00:00,-0.4,51.0,23.7,24.1,23.9,23.5,0.0
2020-02-07 06:00:00,0.0,51.0,71.5,38.7,38.2,25.5,97.0
2020-02-07 07:00:00,0.5,50.8,75.9,51.5,50.6,40.0,503.0
2020-02-07 08:00:00,0.8,50.8,88.6,48.8,50.8,42.1,447.0
2020-02-07 09:00:00,1.5,50.7,87.8,48.4,50.5,41.7,398.0
2020-02-07 10:00:00,2.1,50.5,85.2,48.0,49.9,41.6,392.0
2020-02-07 11:00:00,2.4,50.5,85.1,48.7,50.3,41.6,392.0
2020-02-07 12:00:00,3.3,50.3,84.8,48.7,50.5,41.8,396.0
2020-02-07 13:00:00,3.2,50.3,84.1,48.8,50.3,41.9,393.0
2020-02-07 14:00:00,3.1,50.3,84.0,48.3,49.9,41.5,383.0
2020-02-07 15:00:00,3.6,50.2,84.5,48.5,50.3,41.7,387.0
2020-02-07 16:00:00,3.4,50.3,80.2,33.3,31.2,30.5,66.0
2020-02-07 17:00:00,3.4,52.8,83.6,51.9,51.8,38.9,360.0
2020-02-07 18:00:00,3.8,52.8,84.7,51.9,53.0,43.7,498.0
2020-02-07 19:00:00,3.8,52.8,84.7,51.7,52.8,43.4,429.0
2020-02-07 20:00:00,3.8,52.8,77.7,51.6,52.0,43.5,422.0
2020-02-07 21:00:00,3.7,50.2,83.3,48.1,50.0,42.1,365.0
2020-02-07 22:00:00,3.9,50.2,83.7,42.8,41.2,40.6,305.0
2020-02-07 23:00:00,4.1,50.2,79.1,33.0,31.1,30.5,0.0
2020-02-08 00:00:00,4.1,50.1,77.4,27.6,28.4,27.4,0.0
2020-02-08 01:00:00,3.6,50.3,73.8,26.1,26.8,25.9,0.0
2020-02-08 02:00:00,3.3,50.3,70.8,25.1,25.9,25.0,0.0
2020-02-08 03:00:00,3.2,50.3,70.6,24.6,25.6,24.7,0.0
2020-02-08 04:00:00,3.0,50.4,70.4,24.5,25.9,24.6,32.0
2020-02-08 05:00:00,2.7,50.4,69.9,24.7,25.9,24.8,39.0
2020-02-08 06:00:00,2.6,52.0,78.9,50.3,49.9,36.0,346.0
2020-02-08 07:00:00,1.8,52.0,86.7,50.7,52.2,43.0,522.0
2020-02-08 08:00:00,1.8,52.0,87.1,50.6,52.1,42.8,433.0
2020-02-08 09:00:00,2.7,52.0,86.2,50.5,52.2,42.9,427.0
2020-02-08 10:00:00,3.3,50.3,84.4,48.3,50.0,42.0,397.0
2020-02-08 11:00:00,4.6,50.0,83.2,48.3,50.0,41.5,380.0
2020-02-08 12:00:00,5.7,49.6,80.2,48.1,49.3,41.3,377.0
2020-02-08 13:00:00,4.8,49.0,73.6,48.9,49.0,40.9,370.0
2020-02-08 14:00:00,5.3,48.8,80.3,48.5,49.5,40.5,353.0
2020-02-08 15:00:00,5.5,48.8,80.0,47.9,49.4,41.5,373.0
2020-02-08 16:00:00,5.3,48.9,76.4,48.4,49.3,41.2,356.0
2020-02-08 17:00:00,4.7,49.0,78.7,48.8,49.7,40.8,364.0
2020-02-08 18:00:00,2.8,49.6,79.7,48.1,49.6,41.3,364.0
2020-02-08 19:00:00,2.1,49.8,75.8,47.0,48.5,41.8,381.0
2020-02-08 20:00:00,1.1,50.1,82.9,48.3,49.7,41.9,375.0
2020-02-08 21:00:00,0.6,50.3,86.5,48.8,50.5,42.1,380.0
2020-02-08 22:00:00,0.2,50.4,86.2,50.1,51.9,42.1,372.0
2020-02-08 23:00:00,-0.1,50.5,88.6,48.1,50.3,42.3,388.0
2020-02-09 00:00:00,-0.2,50.6,87.4,46.4,42.3,41.7,343.0
2020-02-09 01:00:00,-0.9,50.8,83.4,33.6,31.7,31.1,0.0
2020-02-09 02:00:00,-1.4,50.9,80.4,28.3,27.9,27.3,0.0
2020-02-09 03:00:00,-1.3,50.9,78.2,25.7,26.5,25.6,0.0
2020-02-09 04:00:00,-1.6,51.0,75.6,24.8,25.7,24.9,0.0
2020-02-09 05:00:00,-2.0,51.0,73.7,24.3,25.3,24.4,0.0
2020-02-09 06:00:00,-2.2,51.4,77.3,43.4,42.6,27.5,166.0
2020-02-09 07:00:00,-2.3,51.4,91.1,49.3,51.7,42.7,592.0
2020-02-09 08:00:00,-1.2,51.2,76.7,49.0,49.5,42.0,408.0
2020-02-09 09:00:00,0.5,48.9,82.7,46.6,48.6,41.9,404.0
2020-02-09 10:00:00,2.4,48.2,70.6,45.6,47.0,40.7,345.0
2020-02-09 11:00:00,3.9,47.2,74.3,44.9,46.5,40.2,345.0
2020-02-09 12:00:00,4.8,44.1,78.7,45.4,47.7,39.8,326.0
2020-02-09 13:00:00,5.4,45.9,68.2,43.8,44.8,39.1,304.0
2020-02-09 14:00:00,6.3,44.8,79.0,44.6,45.9,38.7,305.0
2020-02-09 15:00:00,7.1,44.6,79.1,42.9,44.9,38.3,290.0
2020-02-09 16:00:00,7.3,44.6,77.2,42.6,44.5,38.1,282.0
2020-02-09 17:00:00,6.7,44.7,75.2,43.1,44.8,37.9,277.0
2020-02-09 18:00:00,5.9,44.9,83.0,42.9,45.3,38.8,306.0
2020-02-09 19:00:00,4.0,45.4,83.6,42.8,45.3,38.7,288.0
2020-02-09 20:00:00,2.9,45.8,84.5,42.9,45.5,38.8,294.0
2020-02-09 21:00:00,2.1,46.2,86.0,43.1,45.9,39.0,300.0
2020-02-09 22:00:00,0.8,46.6,87.1,43.3,46.0,39.1,301.0
2020-02-09 23:00:00,0.9,46.6,87.8,43.5,46.2,39.3,311.0
2020-02-10 00:00:00,0.1,46.9,85.0,36.7,34.2,33.5,136.0
2020-02-10 01:00:00,-0.1,47.1,82.2,29.7,28.9,28.2,0.0
2020-02-10 02:00:00,-0.4,47.1,79.7,26.6,26.9,26.1,0.0
2020-02-10 03:00:00,-0.6,47.2,77.4,25.3,26.1,25.2,0.0
2020-02-10 04:00:00,-0.9,47.3,75.3,24.7,25.5,24.6,0.0
2020-02-10 05:00:00,-0.1,47.0,24.4,24.6,24.4,24.1,0.0
2020-02-10 06:00:00,-1.2,47.5,80.5,46.2,46.5,34.1,300.0
2020-02-10 07:00:00,-0.9,47.4,79.2,45.2,47.2,39.4,399.0
2020-02-10 08:00:00,1.7,46.2,87.1,43.6,46.3,39.3,348.0
2020-02-10 09:00:00,5.2,44.9,84.3,42.6,45.3,38.5,304.0
2020-02-10 10:00:00,8.2,44.5,80.1,41.7,44.0,37.8,283.0
2020-02-10 11:00:00,10.0,44.2,74.6,41.7,43.5,37.3,273.0
2020-02-10 12:00:00,10.4,44.2,73.5,42.9,44.4,37.8,290.0
2020-02-10 13:00:00,12.3,44.0,71.7,42.9,44.1,38.0,287.0
2020-02-10 14:00:00,12.3,43.0,72.4,40.7,42.7,37.8,274.0
2020-02-10 15:00:00,11.2,43.2,72.8,41.5,43.2,36.9,246.0
2020-02-10 16:00:00,10.8,43.3,70.2,33.4,30.8,30.3,51.0
2020-02-10 17:00:00,9.8,45.7,74.1,45.8,45.3,32.5,180.0
2020-02-10 18:00:00,9.4,45.6,51.3,40.9,30.3,30.1,96.0
2020-02-10 19:00:00,9.7,46.0,58.5,39.5,37.2,29.3,120.0
2020-02-10 20:00:00,9.6,46.0,75.5,44.9,46.4,39.6,428.0
2020-02-10 21:00:00,8.8,42.7,68.7,39.9,41.8,37.0,239.0
2020-02-10 22:00:00,8.9,42.6,73.3,41.6,43.2,37.2,258.0
2020-02-10 23:00:00,9.7,41.9,69.7,33.4,30.9,30.4,42.0
2020-02-11 00:00:00,9.0,42.5,68.2,28.2,27.3,26.8,0.0
2020-02-11 01:00:00,8.9,42.6,67.3,25.8,25.9,25.4,0.0
2020-02-11 02:00:00,9.0,42.5,63.3,25.0,25.0,24.4,0.0
2020-02-11 03:00:00,6.8,44.4,59.4,24.2,24.2,23.9,0.0
2020-02-11 04:00:00,6.2,45.0,57.7,23.6,24.1,23.6,0.0
2020-02-11 05:00:00,5.9,45.0,57.6,23.3,24.0,23.4,0.0
2020-02-11 06:00:00,6.0,47.7,62.4,39.9,39.8,30.8,215.0
2020-02-11 07:00:00,6.1,48.0,80.2,47.0,48.6,40.7,464.0
2020-02-11 08:00:00,6.7,48.0,80.5,46.0,47.9,40.1,349.0
2020-02-11 09:00:00,7.3,48.0,79.5,45.8,47.5,39.9,346.0
2020-02-11 10:00:00,10.3,48.0,78.8,46.0,47.6,40.1,343.0
2020-02-11 11:00:00,11.4,47.9,74.8,46.1,47.3,39.9,331.0
2020-02-11 12:00:00,10.9,41.1,73.3,40.4,41.8,39.1,286.0
2020-02-11 13:00:00,11.2,40.7,69.4,38.5,32.3,31.9,56.0
2020-02-11 14:00:00,7.1,47.0,64.2,43.8,43.8,35.4,248.0
2020-02-11 15:00:00,6.9,47.0,81.1,45.0,47.1,40.3,384.0
2020-02-11 16:00:00,6.9,47.0,79.2,44.9,46.8,39.5,307.0
2020-02-11 17:00:00,6.8,47.0,78.2,44.8,46.7,39.7,318.0
2020-02-11 18:00:00,6.4,47.0,78.6,44.9,46.8,39.7,314.0
2020-02-11 19:00:00,5.6,47.0,80.8,45.4,47.2,39.9,318.0
2020-02-11 20:00:00,5.3,47.0,70.7,44.7,47.0,40.0,315.0
2020-02-11 21:00:00,5.1,47.0,78.5,46.1,47.0,40.1,324.0
2020-02-11 22:00:00,5.3,47.0,80.1,43.6,40.7,39.9,288.0
2020-02-11 23:00:00,5.2,47.0,74.5,33.4,31.2,30.5,0.0
2020-02-12 00:00:00,5.2,47.0,73.7,28.1,27.9,27.3,0.0
2020-02-12 01:00:00,5.0,47.0,70.3,26.5,26.3,25.7,0.0
2020-02-12 02:00:00,5.1,47.0,66.6,25.1,25.6,24.9,0.0
2020-02-12 03:00:00,5.0,47.0,65.4,24.5,25.1,24.5,0.0
2020-02-12 04:00:00,4.8,47.0,64.2,24.2,24.9,24.2,0.0
2020-02-12 05:00:00,4.1,47.2,63.0,23.8,24.5,23.8,0.0
2020-02-12 06:00:00,4.2,47.2,37.1,27.9,28.1,24.1,0.0
2020-02-12 07:00:00,4.4,47.2,77.1,47.0,48.6,40.2,533.0
2020-02-12 08:00:00,4.7,49.0,82.5,45.0,47.1,39.8,348.0
2020-02-12 09:00:00,5.5,48.8,80.4,47.7,49.2,41.0,381.0
2020-02-12 10:00:00,5.7,48.8,81.6,47.8,49.5,41.2,376.0
2020-02-12 11:00:00,6.9,47.0,78.5,45.6,47.2,40.7,351.0
2020-02-12 12:00:00,8.6,47.0,77.1,45.1,46.8,39.4,304.0
2020-02-12 13:00:00,8.8,47.0,78.1,45.6,47.2,39.8,331.0
2020-02-12 14:00:00,8.9,44.4,75.1,42.2,44.1,38.6,288.0
2020-02-12 15:00:00,8.2,44.5,75.5,42.1,44.0,37.8,263.0
2020-02-12 16:00:00,8.3,44.5,76.6,42.7,44.5,37.9,275.0
2020-02-12 17:00:00,7.9,44.5,77.1,42.7,44.7,38.3,280.0
2020-02-12 18:00:00,7.1,44.7,76.6,42.9,44.6,38.3,291.0
2020-02-12 19:00:00,7.0,44.7,77.23,43.47,45.17,38.37,283.0
2020-02-12 20:00:00,6.9,44.7,77.87,44.03,45.73,38.43,283.0
2020-02-12 21:00:00,6.8,44.7,78.5,44.6,46.3,38.5,283.0
2020-02-12 22:00:00,6.7,44.7,67.9,42.1,39.1,38.6,271.0
2020-02-12 23:00:00,5.1,45.0,64.1,34.4,30.4,30.1,0.0
2020-02-13 00:00:00,4.0,45.5,64.5,28.8,27.1,26.7,0.0
2020-02-13 01:00:00,3.2,45.9,62.7,26.4,25.4,25.1,0.0
2020-02-13 02:00:00,2.0,46.5,61.1,24.9,24.6,24.2,0.0
2020-02-13 03:00:00,1.6,46.7,57.9,23.9,24.2,23.7,0.0
2020-02-13 04:00:00,1.1,46.9,55.9,23.4,24.0,23.5,0.0
2020-02-13 05:00:00,0.3,47.3,24.8,23.3,23.3,23.2,0.0
2020-02-13 06:00:00,0.4,47.4,86.8,46.6,46.4,28.4,203.0
2020-02-13 07:00:00,0.3,47.4,77.8,45.2,47.0,39.2,453.0
2020-02-13 08:00:00,1.4,46.8,87.1,44.6,47.4,39.8,361.0
2020-02-13 09:00:00,3.6,45.7,85.6,43.6,46.3,39.2,324.0
2020-02-13 10:00:00,5.1,44.9,83.8,42.5,45.0,38.4,300.0
2020-02-13 11:00:00,6.3,44.8,81.2,43.0,45.5,38.2,297.0
2020-02-13 12:00:00,7.5,44.6,78.2,42.5,44.6,38.2,293.0
2020-02-13 13:00:00,8.7,43.0,74.0,36.5,32.7,32.3,112.0
2020-02-13 14:00:00,8.8,42.8,71.9,29.1,27.7,27.5,0.0
2020-02-13 15:00:00,9.4,42.7,73.4,38.8,34.6,34.2,306.0
2020-02-13 16:00:00,9.6,42.7,70.6,30.1,28.4,27.9,0.0
2020-02-13 17:00:00,9.5,44.0,74.9,45.1,45.7,36.3,308.0
2020-02-13 18:00:00,8.4,47.0,79.4,45.8,47.6,39.4,345.0
2020-02-13 19:00:00,7.8,47.0,77.0,45.4,46.7,39.9,331.0
2020-02-13 20:00:00,5.9,48.6,81.2,48.5,49.9,40.5,362.0
2020-02-13 21:00:00,6.3,48.6,81.3,48.0,49.7,40.9,354.0
2020-02-13 22:00:00,4.8,49.0,82.6,48.2,49.9,41.3,358.0
2020-02-13 23:00:00,4.6,49.0,76.1,35.2,32.4,31.7,0.0
2020-02-14 00:00:00,4.7,49.0,75.7,29.1,28.3,27.6,0.0
2020-02-14 01:00:00,4.9,49.0,73.0,26.5,26.4,25.8,0.0
2020-02-14 02:00:00,3.1,49.1,69.6,25.1,25.6,24.9,0.0
2020-02-14 03:00:00,2.7,49.2,68.1,24.4,25.0,24.4,0.0
2020-02-14 04:00:00,2.9,49.2,66.0,24.1,24.7,24.1,0.0
2020-02-14 05:00:00,2.9,49.2,62.5,24.3,23.8,23.7,0.0
2020-02-14 06:00:00,2.7,50.0,63.6,41.2,41.0,32.0,227.0
2020-02-14 07:00:00,5.3,49.8,84.2,48.9,50.6,42.0,499.0
2020-02-14 08:00:00,6.6,49.3,80.2,47.0,48.8,41.0,364.0
2020-02-14 09:00:00,6.9,49.2,79.6,47.4,48.9,40.9,363.0
2020-02-14 10:00:00,7.5,48.3,78.9,46.8,48.3,41.0,361.0
2020-02-14 11:00:00,7.9,47.5,78.5,46.0,47.8,40.2,331.0
2020-02-14 12:00:00,7.6,48.2,78.8,46.0,47.7,40.1,335.0
2020-02-14 13:00:00,7.6,48.3,79.3,46.3,47.9,40.5,342.0
2020-02-14 14:00:00,7.5,47.0,79.6,45.2,47.1,40.1,318.0
2020-02-14 15:00:00,7.8,47.0,79.2,44.9,46.9,39.8,320.0
2020-02-14 16:00:00,7.7,46.6,79.5,44.9,46.8,39.8,314.0
2020-02-14 17:00:00,7.5,46.6,79.2,44.8,46.9,39.7,307.0
2020-02-14 18:00:00,7.5,46.6,79.0,44.9,46.7,39.8,313.0
2020-02-14 19:00:00,7.7,46.6,70.6,43.9,45.7,39.8,304.0
2020-02-14 20:00:00,6.8,46.7,78.6,45.8,47.7,40.1,319.0
2020-02-14 21:00:00,6.3,46.8,69.9,44.7,46.0,40.0,306.0
2020-02-14 22:00:00,6.1,48.0,78.3,44.5,40.7,40.0,299.0
2020-02-14 23:00:00,6.4,48.0,72.7,36.0,30.9,30.6,0.0
2020-02-15 00:00:00,6.7,48.0,66.6,31.5,27.4,27.0,0.0
2020-02-15 01:00:00,6.7,48.0,64.2,27.5,25.8,25.3,0.0
2020-02-15 02:00:00,6.5,48.0,61.5,26.0,24.7,24.5,0.0
2020-02-15 03:00:00,6.2,48.0,59.5,24.5,24.3,23.9,0.0
2020-02-15 04:00:00,5.9,48.0,58.2,23.7,24.4,23.8,0.0
2020-02-15 05:00:00,6.1,48.0,58.3,23.6,24.2,23.7,0.0
2020-02-15 06:00:00,5.8,48.0,63.5,36.7,35.9,23.8,43.0
2020-02-15 07:00:00,5.6,48.0,81.4,46.9,48.9,40.9,560.0
2020-02-15 08:00:00,6.0,48.0,79.0,45.7,47.9,40.1,340.0
2020-02-15 09:00:00,6.7,47.5,78.3,48.0,49.2,40.3,354.0
2020-02-15 10:00:00,7.0,46.7,74.2,45.6,47.0,38.9,300.0
2020-02-15 11:00:00,7.3,46.6,73.0,44.8,46.0,39.8,338.0
2020-02-15 12:00:00,8.4,46.5,74.0,46.9,47.6,39.3,269.0
2020-02-15 13:00:00,9.7,46.3,69.2,43.4,38.8,38.6,310.0
2020-02-15 14:00:00,9.7,46.3,63.7,34.1,29.9,29.5,0.0
2020-02-15 15:00:00,9.6,46.3,61.4,28.9,26.6,26.4,0.0
2020-02-15 16:00:00,9.6,46.3,60.6,26.3,25.3,25.0,0.0
2020-02-15 17:00:00,8.6,44.0,77.2,46.4,45.9,33.0,250.0
2020-02-15 18:00:00,8.4,44.0,78.0,41.9,44.2,38.5,342.0
2020-02-15 19:00:00,7.8,44.4,72.5,43.4,45.1,37.6,266.0
2020-02-15 20:00:00,7.3,44.6,78.8,43.3,45.3,38.4,299.0
2020-02-15 21:00:00,7.2,44.8,66.4,43.0,43.4,38.0,274.0
2020-02-15 22:00:00,6.6,45.0,76.7,43.1,39.7,38.7,292.0
2020-02-15 23:00:00,5.2,45.8,74.2,33.0,30.8,30.3,0.0
2020-02-16 00:00:00,3.7,46.6,72.2,28.3,27.4,26.9,0.0
2020-02-16 01:00:00,3.3,46.6,69.4,26.0,26.1,25.4,0.0
2020-02-16 02:00:00,2.8,46.8,68.5,24.7,25.4,24.6,0.0
2020-02-16 03:00:00,2.2,47.1,66.0,24.1,24.7,24.2,0.0
2020-02-16 04:00:00,1.2,47.5,62.4,23.7,24.3,23.8,0.0
2020-02-16 05:00:00,1.2,47.5,60.0,23.3,23.8,23.4,0.0
2020-02-16 06:00:00,0.9,48.8,61.2,36.9,35.6,24.7,94.0
2020-02-16 07:00:00,0.2,48.9,87.0,46.7,49.1,41.2,523.0
2020-02-16 08:00:00,2.1,48.6,80.3,46.4,47.5,40.3,360.0
2020-02-16 09:00:00,4.6,48.0,84.1,48.2,50.1,40.4,361.0
2020-02-16 10:00:00,5.6,47.5,79.8,46.2,47.7,40.2,351.0
2020-02-16 11:00:00,7.0,44.4,74.9,42.5,44.2,38.6,293.0
2020-02-16 12:00:00,8.8,43.8,70.1,42.6,44.1,37.6,273.0
2020-02-16 13:00:00,10.3,43.4,73.1,34.1,30.4,30.1,32.0
2020-02-16 14:00:00,11.1,43.3,69.6,28.7,26.9,26.4,0.0
2020-02-16 15:00:00,11.1,43.2,67.2,26.1,25.5,25.0,0.0
2020-02-16 16:00:00,10.7,43.3,64.3,24.7,24.8,24.3,0.0
2020-02-16 17:00:00,9.7,45.6,62.6,38.1,37.1,26.2,116.0
2020-02-16 18:00:00,7.7,46.0,77.5,44.2,46.0,39.3,466.0
2020-02-16 19:00:00,7.8,46.6,75.9,44.8,46.2,39.1,317.0
2020-02-16 20:00:00,7.0,48.1,79.5,47.7,48.6,40.8,367.0
2020-02-16 21:00:00,6.3,48.4,78.2,48.8,49.5,40.5,338.0
2020-02-16 22:00:00,5.9,48.6,77.9,47.3,43.0,40.7,349.0
2020-02-16 23:00:00,6.6,48.3,74.5,36.6,31.3,30.9,0.0
2020-02-17 00:00:00,4.7,49.0,69.2,30.9,27.1,26.8,0.0
2020-02-17 01:00:00,3.9,49.1,66.6,26.8,25.4,25.0,0.0
2020-02-17 02:00:00,4.6,49.0,65.6,24.9,24.6,24.1,0.0
2020-02-17 03:00:00,5.6,48.7,64.1,23.8,24.3,23.7,0.0
2020-02-17 04:00:00,2.9,49.2,62.3,23.4,23.9,23.5,0.0
2020-02-17 05:00:00,3.3,50.0,58.8,23.0,23.4,23.1,0.0
2020-02-17 06:00:00,1.6,50.0,87.8,52.0,52.1,37.2,405.0
2020-02-17 07:00:00,1.0,50.0,86.7,47.8,49.8,41.5,441.0
2020-02-17 08:00:00,3.7,50.0,83.5,48.4,50.7,41.2,381.0
2020-02-17 09:00:00,6.0,49.4,81.3,48.4,49.3,41.7,396.0
2020-02-17 10:00:00,8.4,48.1,75.1,47.5,48.6,40.5,339.0
2020-02-17 11:00:00,10.2,46.7,74.9,45.6,47.1,40.0,328.0
2020-02-17 12:00:00,11.3,46.3,70.4,37.0,31.9,31.5,55.0
2020-02-17 13:00:00,12.7,46.0,65.7,31.7,27.5,27.1,0.0
2020-02-17 14:00:00,12.8,46.0,61.1,28.9,25.5,25.3,0.0
2020-02-17 15:00:00,13.7,46.0,57.8,27.1,24.7,24.4,0.0
2020-02-17 16:00:00,13.6,46.0,55.1,25.8,24.0,23.8,0.0
2020-02-17 17:00:00,12.5,46.0,53.5,24.6,23.6,23.4,0.0
2020-02-17 18:00:00,11.3,46.2,74.3,44.6,44.5,32.8,281.0
2020-02-17 19:00:00,10.9,46.4,73.6,45.0,46.4,39.5,396.0
2020-02-17 20:00:00,10.4,46.7,69.1,45.4,46.2,39.0,312.0
2020-02-17 21:00:00,9.7,47.0,75.5,46.1,47.3,39.7,330.0
2020-02-17 22:00:00,8.2,47.6,75.8,44.1,40.4,39.7,312.0
2020-02-17 23:00:00,6.4,48.4,73.9,33.6,30.9,30.4,0.0
2020-02-18 00:00:00,5.5,48.7,70.8,28.7,27.3,26.8,0.0
2020-02-18 01:00:00,6.5,48.3,67.6,26.0,25.9,25.3,0.0
2020-02-18 02:00:00,4.5,49.0,64.9,24.7,25.1,24.6,0.0
2020-02-18 03:00:00,3.8,49.1,64.4,24.2,24.7,24.1,0.0
2020-02-18 04:00:00,3.6,49.1,62.2,23.8,24.5,23.8,0.0
2020-02-18 05:00:00,3.3,49.1,61.8,24.9,27.7,23.6,0.0
2020-02-18 06:00:00,4.1,47.3,80.3,39.7,41.2,24.7,61.0
2020-02-18 07:00:00,3.7,47.3,81.9,49.0,50.0,40.2,511.0
2020-02-18 08:00:00,4.4,47.2,85.2,44.5,47.1,39.8,262.0
2020-02-18 09:00:00,7.4,46.7,64.5,43.7,41.2,32.9,188.0
2020-02-18 10:00:00,8.9,46.5,80.3,44.7,46.7,39.6,391.0
2020-02-18 11:00:00,11.1,46.1,76.7,40.1,36.4,35.9,216.0
2020-02-18 12:00:00,13.0,46.0,73.6,30.9,29.2,28.7,0.0
2020-02-18 13:00:00,13.8,46.0,71.2,27.2,26.7,26.2,0.0
2020-02-18 14:00:00,13.1,46.0,71.4,40.4,39.6,25.2,53.0
2020-02-18 15:00:00,12.4,46.0,56.7,37.2,35.5,35.3,336.0
2020-02-18 16:00:00,11.4,46.1,51.3,35.9,28.4,28.2,0.0
2020-02-18 17:00:00,10.9,46.1,47.3,34.4,25.6,25.3,0.0
2020-02-18 18:00:00,10.3,46.2,75.9,46.8,47.6,39.3,449.0
2020-02-18 19:00:00,10.1,46.3,74.8,44.7,46.3,39.3,323.0
2020-02-18 20:00:00,9.1,46.4,77.6,46.2,47.7,39.5,320.0
2020-02-18 21:00:00,9.4,46.4,68.6,44.8,44.9,39.2,307.0
2020-02-18 22:00:00,9.3,46.4,74.4,45.3,47.0,39.7,320.0
2020-02-18 23:00:00,9.1,46.4,71.7,35.5,31.9,31.4,44.0
2020-02-19 00:00:00,8.7,46.5,69.9,29.5,27.8,27.4,0.0
2020-02-19 01:00:00,8.3,46.6,67.9,26.7,26.2,25.7,0.0
2020-02-19 02:00:00,7.8,46.7,66.4,25.1,25.6,25.0,0.0
2020-02-19 03:00:00,7.5,46.7,64.9,24.6,25.1,24.6,0.0
2020-02-19 04:00:00,7.3,46.7,61.8,24.3,24.9,24.3,0.0
2020-02-19 05:00:00,7.0,46.8,61.0,23.9,24.5,23.9,0.0
2020-02-19 06:00:00,7.2,46.8,79.5,45.6,46.1,32.8,257.0
2020-02-19 07:00:00,7.1,46.8,75.7,48.5,49.2,39.7,400.0
2020-02-19 08:00:00,7.1,46.8,78.8,44.3,46.3,39.5,329.0
2020-02-19 09:00:00,7.1,46.8,79.3,44.0,46.1,39.2,313.0
2020-02-19 10:00:00,8.6,46.5,78.4,45.3,47.1,39.7,332.0
2020-02-19 11:00:00,9.4,46.4,75.8,44.4,46.1,39.0,306.0
2020-02-19 12:00:00,9.1,46.5,75.5,44.5,46.1,39.2,312.0
2020-02-19 13:00:00,9.0,46.5,76.0,44.6,46.3,39.3,309.0
2020-02-19 14:00:00,8.7,46.5,77.5,45.1,46.8,39.7,318.0
2020-02-19 15:00:00,8.5,46.5,77.3,45.4,47.1,39.9,321.0
2020-02-19 16:00:00,8.7,46.5,78.2,44.7,46.6,40.0,314.0
2020-02-19 17:00:00,8.6,46.5,78.4,44.3,46.3,39.6,297.0
2020-02-19 18:00:00,8.0,47.3,77.3,45.5,47.1,40.0,312.0
2020-02-19 19:00:00,7.1,47.4,79.7,46.2,48.0,40.5,331.0
2020-02-19 20:00:00,6.5,47.4,76.2,46.9,47.8,39.7,304.0
2020-02-19 21:00:00,6.9,47.4,79.5,46.4,48.2,40.6,332.0
2020-02-19 22:00:00,6.5,46.3,79.5,45.7,47.8,40.5,308.0
2020-02-19 23:00:00,5.3,46.6,74.6,35.4,31.9,31.4,0.0
2020-02-20 00:00:00,5.6,46.6,72.5,29.2,28.2,27.8,0.0
2020-02-20 01:00:00,5.3,46.6,71.2,26.9,26.7,26.2,0.0
2020-02-20 02:00:00,5.4,46.6,68.4,25.7,25.9,25.3,0.0
2020-02-20 03:00:00,5.5,46.6,65.8,24.9,25.3,24.8,0.0
2020-02-20 04:00:00,5.8,46.5,65.0,24.5,25.0,24.5,0.0
2020-02-20 05:00:00,4.7,46.8,62.5,24.4,24.7,24.2,0.0
2020-02-20 06:00:00,3.7,47.7,65.0,39.8,40.3,30.6,175.0
2020-02-20 07:00:00,3.6,0.0,83.8,46.1,45.2,41.2,463.0
2020-02-20 08:00:00,3.2,48.3,84.1,46.8,46.8,31.9,100.0
2020-02-20 09:00:00,3.8,48.2,84.1,45.8,48.2,40.9,452.0
2020-02-20 10:00:00,4.1,48.1,83.8,45.2,47.5,40.2,330.0
2020-02-20 11:00:00,4.6,48.1,82.9,46.5,48.5,40.8,350.0
2020-02-20 12:00:00,4.4,48.1,82.8,45.3,47.5,40.4,335.0
2020-02-20 13:00:00,5.5,47.8,83.1,45.1,47.4,40.2,324.0
2020-02-20 14:00:00,5.5,47.8,81.0,45.9,47.8,40.3,332.0
2020-02-20 15:00:00,5.9,47.8,80.2,46.1,47.9,40.6,338.0
2020-02-20 16:00:00,6.1,47.6,79.6,46.2,47.8,40.7,335.0
2020-02-20 17:00:00,5.6,47.8,78.7,45.9,47.6,40.2,319.0
2020-02-20 18:00:00,5.4,47.8,78.1,45.8,47.6,40.9,342.0
2020-02-20 19:00:00,5.1,48.0,80.9,45.5,47.8,40.5,321.0
2020-02-20 20:00:00,5.0,48.0,80.1,47.5,48.8,40.7,334.0
2020-02-20 21:00:00,5.0,46.0,78.4,43.9,45.6,39.4,278.0
2020-02-20 22:00:00,4.8,46.1,65.0,42.5,39.7,39.4,271.0
2020-02-20 23:00:00,5.0,46.0,66.1,33.5,30.8,30.3,0.0
2020-02-21 00:00:00,5.0,46.0,69.0,28.3,27.6,27.1,0.0
2020-02-21 01:00:00,4.6,46.1,70.7,26.1,26.5,25.8,0.0
2020-02-21 02:00:00,4.0,46.3,70.1,25.2,25.9,25.1,0.0
2020-02-21 03:00:00,3.8,46.4,68.2,24.8,25.3,24.7,0.0
2020-02-21 04:00:00,4.0,46.4,65.7,24.3,24.8,24.3,0.0
2020-02-21 05:00:00,3.8,46.5,63.9,23.9,24.5,24.0,0.0
2020-02-21 06:00:00,3.5,46.6,33.2,27.2,27.6,24.9,0.0
2020-02-21 07:00:00,3.1,46.8,84.1,46.4,48.5,40.1,515.0
2020-02-21 08:00:00,4.7,46.2,83.9,43.3,45.8,39.0,310.0
2020-02-21 09:00:00,6.0,46.0,83.6,43.1,45.7,38.9,309.0
2020-02-21 10:00:00,7.2,46.0,81.2,42.8,45.3,38.7,303.0
2020-02-21 11:00:00,8.8,46.0,80.0,43.4,45.6,38.9,307.0
2020-02-21 12:00:00,8.6,46.0,76.1,39.2,35.3,34.9,188.0
2020-02-21 13:00:00,8.6,46.0,72.9,30.3,28.9,28.3,0.0
2020-02-21 14:00:00,9.6,46.0,70.1,26.9,26.5,26.0,0.0
2020-02-21 15:00:00,9.7,46.0,64.3,39.2,37.1,36.4,361.0
2020-02-21 16:00:00,8.9,46.0,57.9,36.7,29.1,28.9,0.0
2020-02-21 17:00:00,8.4,46.0,45.3,32.5,31.8,26.1,38.0
2020-02-21 18:00:00,8.0,46.0,78.4,44.6,46.6,39.8,453.0
2020-02-21 19:00:00,7.6,46.0,73.3,43.0,45.5,38.8,295.0
2020-02-21 20:00:00,5.5,46.0,78.0,45.0,46.8,39.4,328.0
2020-02-21 21:00:00,5.4,46.0,68.2,43.7,44.1,38.9,300.0
2020-02-21 22:00:00,5.5,46.0,70.7,43.7,45.2,39.3,315.0
2020-02-21 23:00:00,5.2,46.0,70.2,34.2,31.1,30.7,0.0
2020-02-22 00:00:00,5.1,46.0,70.8,28.4,27.5,27.0,0.0
2020-02-22 01:00:00,4.3,46.2,68.0,26.1,25.9,25.3,0.0
2020-02-22 02:00:00,3.0,46.8,63.9,24.8,24.8,24.4,0.0
2020-02-22 03:00:00,3.4,46.6,61.5,23.9,24.4,23.8,0.0
2020-02-22 04:00:00,3.3,46.6,60.0,23.5,23.9,23.5,0.0
2020-02-22 05:00:00,3.1,46.8,56.9,23.2,23.8,23.2,0.0
2020-02-22 06:00:00,2.9,46.8,54.5,22.8,23.4,23.0,0.0
2020-02-22 07:00:00,2.4,47.0,83.1,45.1,47.8,40.1,541.0
2020-02-22 08:00:00,2.9,46.8,84.3,44.4,46.9,39.5,343.0
2020-02-22 09:00:00,3.5,46.6,84.2,44.4,46.8,39.3,337.0
2020-02-22 10:00:00,5.1,46.0,79.4,44.4,46.0,39.0,321.0
2020-02-22 11:00:00,5.4,46.0,80.2,43.9,46.2,39.1,323.0
2020-02-22 12:00:00,5.6,46.0,84.2,43.9,46.8,38.9,316.0
2020-02-22 13:00:00,6.1,46.0,61.8,35.0,31.8,31.4,75.0
2020-02-22 14:00:00,6.7,46.0,57.9,28.7,27.2,26.9,0.0
2020-02-22 15:00:00,6.8,46.0,80.6,43.7,44.4,27.9,105.0
2020-02-22 16:00:00,7.1,46.7,77.8,44.1,46.0,39.3,463.0
2020-02-22 17:00:00,6.7,46.7,74.4,46.7,47.9,39.6,336.0
2020-02-22 18:00:00,5.4,47.0,79.7,45.8,47.8,39.8,331.0
2020-02-22 19:00:00,4.3,49.0,77.7,47.3,48.8,41.5,382.0
2020-02-22 20:00:00,3.1,49.1,79.9,47.6,49.3,41.2,364.0
2020-02-22 21:00:00,2.9,49.2,80.0,48.4,49.5,40.9,350.0
2020-02-22 22:00:00,2.2,49.2,83.3,46.5,42.3,41.1,366.0
2020-02-22 23:00:00,1.7,49.3,80.5,34.9,31.5,31.0,0.0
2020-02-23 00:00:00,1.6,49.3,76.3,29.0,27.6,27.0,0.0
2020-02-23 01:00:00,0.9,49.4,73.5,26.1,25.9,25.3,0.0
2020-02-23 02:00:00,0.5,49.4,72.0,24.6,25.1,24.5,0.0
2020-02-23 03:00:00,0.0,49.5,68.9,24.0,24.7,24.0,0.0
2020-02-23 04:00:00,-0.3,49.5,66.3,23.6,24.3,23.7,0.0
2020-02-23 05:00:00,-0.5,49.5,65.6,23.2,23.8,23.3,0.0
2020-02-23 06:00:00,-0.4,50.0,64.6,36.7,35.6,23.0,43.0
2020-02-23 07:00:00,-0.7,50.0,88.5,48.5,50.8,41.7,606.0
2020-02-23 08:00:00,1.1,50.0,83.5,47.8,49.0,41.0,391.0
2020-02-23 09:00:00,2.4,50.0,84.8,48.7,50.4,41.7,408.0
2020-02-23 10:00:00,4.7,50.0,82.5,51.0,51.7,41.1,387.0
2020-02-23 11:00:00,7.1,49.4,69.8,48.1,48.2,41.1,377.0
2020-02-23 12:00:00,8.1,49.1,75.4,45.5,41.5,41.1,356.0
2020-02-23 13:00:00,9.8,48.5,69.6,38.5,30.5,30.1,0.0
2020-02-23 14:00:00,11.0,48.2,64.3,32.8,26.5,26.3,0.0
2020-02-23 15:00:00,11.0,48.2,58.9,30.5,24.9,24.6,0.0
2020-02-23 16:00:00,10.6,48.4,67.8,32.5,30.1,29.8,173.0
2020-02-23 17:00:00,9.3,46.7,75.0,47.5,47.3,36.0,288.0
2020-02-23 18:00:00,7.4,47.3,78.7,45.8,47.4,39.9,388.0
2020-02-23 19:00:00,7.2,47.3,80.7,46.3,47.8,39.6,339.0
2020-02-23 20:00:00,6.1,47.6,80.1,46.3,48.0,40.5,354.0
2020-02-23 21:00:00,5.7,47.8,80.8,46.5,48.2,40.6,351.0
2020-02-23 22:00:00,4.7,48.0,82.9,45.4,41.2,40.7,327.0
2020-02-23 23:00:00,4.3,48.1,78.9,33.6,31.4,30.8,0.0
2020-02-24 00:00:00,4.8,48.0,76.1,28.3,27.8,27.2,0.0
2020-02-24 01:00:00,4.5,48.1,74.2,26.0,26.2,25.6,0.0
2020-02-24 02:00:00,3.4,48.3,71.5,24.9,25.5,24.7,0.0
2020-02-24 03:00:00,3.3,48.3,69.6,24.4,25.2,24.4,0.0
2020-02-24 04:00:00,4.1,48.2,68.4,24.0,24.7,24.0,0.0
2020-02-24 05:00:00,4.1,47.2,66.6,24.8,24.7,24.5,36.0
2020-02-24 06:00:00,4.0,47.2,47.1,30.3,31.8,25.6,0.0
2020-02-24 07:00:00,4.3,47.2,80.5,46.4,48.4,40.7,533.0
2020-02-24 08:00:00,5.1,46.9,83.1,44.6,46.9,39.6,339.0
2020-02-24 09:00:00,6.2,46.8,79.9,44.0,46.2,39.2,325.0
2020-02-24 10:00:00,7.1,46.7,78.6,44.9,46.7,39.4,329.0
2020-02-24 11:00:00,9.4,46.3,76.7,44.8,46.5,39.5,331.0
2020-02-24 12:00:00,10.7,46.2,78.2,45.0,46.8,39.6,320.0
2020-02-24 13:00:00,11.4,46.1,72.6,44.0,45.2,38.8,294.0
2020-02-24 14:00:00,12.1,46.0,72.0,44.2,45.3,38.8,301.0
2020-02-24 15:00:00,11.6,46.0,66.9,43.9,37.5,37.3,236.0
2020-02-24 16:00:00,10.9,46.1,71.0,43.2,42.4,30.1,88.0
2020-02-24 17:00:00,9.7,46.3,73.5,46.9,46.8,35.7,314.0
2020-02-24 18:00:00,8.4,46.5,77.7,45.0,46.6,39.8,380.0
2020-02-24 19:00:00,7.4,46.6,79.3,45.1,47.1,39.8,326.0
2020-02-24 20:00:00,6.1,46.8,78.1,46.5,48.0,39.2,310.0
2020-02-24 21:00:00,5.8,46.8,73.3,44.9,47.3,39.5,321.0
2020-02-24 22:00:00,5.0,46.9,80.1,44.7,47.1,40.1,329.0
2020-02-24 23:00:00,3.7,47.3,72.3,35.7,31.2,30.7,0.0
2020-02-25 00:00:00,3.1,47.5,71.8,28.8,27.4,27.0,0.0
2020-02-25 01:00:00,2.7,47.7,71.2,25.8,26.1,25.5,0.0
2020-02-25 02:00:00,1.9,47.9,68.4,24.9,25.2,24.7,0.0
2020-02-25 03:00:00,1.6,47.9,64.5,24.2,24.8,24.2,0.0
2020-02-25 04:00:00,0.6,48.2,63.9,23.7,24.4,23.7,0.0
2020-02-25 05:00:00,0.8,48.2,62.6,23.3,23.9,23.4,0.0
2020-02-25 06:00:00,0.4,48.3,76.0,46.5,46.2,35.5,364.0
2020-02-25 07:00:00,0.7,48.2,87.0,46.1,48.6,40.6,417.0
2020-02-25 08:00:00,3.1,47.5,86.3,45.3,47.8,40.2,360.0
2020-02-25 09:00:00,6.6,46.7,84.0,44.7,47.1,39.8,340.0
2020-02-25 10:00:00,10.1,46.2,79.0,43.8,45.9,39.3,316.0
2020-02-25 11:00:00,12.6,46.0,74.0,43.8,45.4,38.7,293.0
2020-02-25 12:00:00,15.6,46.0,68.5,37.2,33.2,32.8,123.0
2020-02-25 13:00:00,16.4,46.0,66.9,29.9,28.1,27.8,0.0
2020-02-25 14:00:00,17.4,46.0,64.8,27.0,26.2,25.8,0.0
2020-02-25 15:00:00,17.9,46.0,63.5,25.4,25.3,24.9,0.0
2020-02-25 16:00:00,17.5,46.0,63.9,24.6,25.1,24.5,0.0
2020-02-25 17:00:00,15.9,46.0,65.3,24.3,24.9,24.3,0.0
2020-02-25 18:00:00,14.7,46.0,60.9,36.7,34.8,24.0,0.0
2020-02-25 19:00:00,14.2,42.0,71.7,40.8,42.5,37.1,409.0
2020-02-25 20:00:00,13.9,44.0,66.3,42.9,43.4,36.8,260.0
2020-02-25 21:00:00,14.1,45.0,67.6,45.7,45.0,37.9,298.0
2020-02-25 22:00:00,13.4,45.0,68.3,36.8,33.3,33.0,140.0
2020-02-25 23:00:00,12.6,45.0,66.6,29.7,28.2,27.8,0.0
2020-02-26 00:00:00,11.9,45.0,64.9,26.8,26.2,25.7,0.0
2020-02-26 01:00:00,11.1,45.1,62.7,25.4,25.1,24.8,0.0
2020-02-26 02:00:00,11.6,45.0,61.0,24.4,24.7,24.3,0.0
2020-02-26 03:00:00,12.0,45.0,60.0,24.2,24.6,24.1,0.0
2020-02-26 04:00:00,11.6,45.0,58.2,23.8,24.3,23.8,0.0
2020-02-26 05:00:00,11.6,45.0,56.7,23.6,24.1,23.7,0.0
2020-02-26 06:00:00,10.9,45.1,48.8,31.1,30.9,24.0,46.0
2020-02-26 07:00:00,10.4,45.2,75.3,47.4,47.5,37.2,421.0
2020-02-26 08:00:00,11.3,45.1,74.4,42.8,44.6,38.3,312.0
2020-02-26 09:00:00,14.3,40.0,72.6,38.6,40.4,37.4,251.0
2020-02-26 10:00:00,15.4,40.0,70.0,32.8,30.7,30.1,43.0
2020-02-26 11:00:00,17.1,40.0,67.8,27.9,27.4,26.8,0.0
2020-02-26 12:00:00,17.8,40.0,65.7,26.0,25.9,25.4,0.0
2020-02-26 13:00:00,18.1,40.0,63.9,24.9,25.4,24.9,0.0
2020-02-26 14:00:00,18.2,40.0,61.8,24.6,25.1,24.6,0.0
2020-02-26 15:00:00,18.2,40.0,60.3,24.3,24.9,24.4,0.0
2020-02-26 16:00:00,17.2,40.0,59.2,24.1,24.7,24.1,0.0
2020-02-26 17:00:00,16.0,40.0,58.0,24.0,24.4,24.0,0.0
2020-02-26 18:00:00,14.7,40.0,57.0,23.8,24.3,23.8,0.0
2020-02-26 19:00:00,14.7,40.0,56.0,23.6,24.8,23.6,0.0
2020-02-26 20:00:00,14.1,44.0,72.1,44.3,45.4,38.1,437.0
2020-02-26 21:00:00,13.2,44.0,70.8,42.3,43.9,37.7,279.0
2020-02-26 22:00:00,13.0,44.0,62.4,40.4,37.6,37.3,242.0
2020-02-26 23:00:00,12.3,44.0,59.9,32.7,29.4,29.1,0.0
2020-02-27 00:00:00,11.1,44.5,60.4,27.8,26.7,26.2,0.0
2020-02-27 01:00:00,10.4,44.8,59.7,25.8,25.4,25.0,0.0
2020-02-27 02:00:00,9.8,45.2,58.0,24.7,24.7,24.3,0.0
2020-02-27 03:00:00,8.2,46.1,56.2,24.1,24.4,23.9,0.0
2020-02-27 04:00:00,4.6,48.1,55.4,23.6,24.1,23.6,0.0
2020-02-27 05:00:00,3.9,48.3,54.0,23.3,23.7,23.3,0.0
2020-02-27 06:00:00,3.1,47.8,39.5,28.6,28.7,24.2,0.0
2020-02-27 07:00:00,3.1,47.7,74.3,47.6,48.1,39.6,516.0
2020-02-27 08:00:00,3.7,47.5,84.0,45.1,47.7,40.2,358.0
2020-02-27 09:00:00,4.5,47.2,82.8,44.6,47.1,39.7,335.0
2020-02-27 10:00:00,3.9,47.4,82.2,45.6,47.8,39.8,339.0
2020-02-27 11:00:00,4.7,47.1,83.5,44.9,47.3,40.0,338.0
2020-02-27 12:00:00,4.8,47.0,81.2,44.1,46.5,39.5,313.0
2020-02-27 13:00:00,5.4,46.7,79.9,44.4,46.5,39.6,327.0
2020-02-27 14:00:00,5.8,46.6,80.8,44.0,46.2,39.3,308.0
2020-02-27 15:00:00,5.6,46.6,79.7,44.6,46.7,39.1,307.0
2020-02-27 16:00:00,5.9,46.5,79.9,44.3,46.5,39.5,324.0
2020-02-27 17:00:00,5.3,46.8,79.7,45.1,47.1,39.6,312.0
2020-02-27 18:00:00,5.3,46.9,80.4,44.8,47.0,40.1,329.0
2020-02-27 19:00:00,5.1,47.0,80.2,44.3,46.4,39.7,309.0
2020-02-27 20:00:00,4.1,47.3,82.9,45.3,47.7,40.2,327.0
2020-02-27 21:00:00,3.1,47.8,79.6,45.2,47.4,40.4,329.0
2020-02-27 22:00:00,2.0,48.2,84.0,45.5,48.2,40.6,330.0
2020-02-27 23:00:00,0.7,48.6,79.3,34.3,32.0,31.3,0.0
2020-02-28 00:00:00,0.4,48.8,75.3,28.8,28.0,27.5,0.0
2020-02-28 01:00:00,0.0,49.0,72.6,26.2,26.3,25.7,0.0
2020-02-28 02:00:00,0.0,48.9,71.7,25.1,25.6,25.0,0.0
2020-02-28 03:00:00,0.4,48.8,70.7,24.5,25.3,24.6,0.0
2020-02-28 04:00:00,1.6,48.4,69.5,24.2,25.0,24.3,0.0
2020-02-28 05:00:00,2.2,48.0,68.3,23.9,24.6,23.9,0.0
2020-02-28 06:00:00,4.7,47.1,80.6,45.2,45.0,29.6,207.0
2020-02-28 07:00:00,4.8,47.0,82.7,45.3,47.4,40.4,453.0
2020-02-28 08:00:00,5.2,46.9,81.0,45.5,47.5,39.9,340.0
2020-02-28 09:00:00,4.6,47.1,80.5,44.7,46.9,39.6,332.0
2020-02-28 10:00:00,4.1,47.3,82.9,45.0,47.3,39.8,336.0
2020-02-28 11:00:00,3.5,47.6,83.3,45.2,47.6,40.0,342.0
2020-02-28 12:00:00,3.2,47.7,83.5,45.6,47.8,40.3,346.0
2020-02-28 13:00:00,2.5,48.0,83.7,45.7,48.0,40.4,344.0
2020-02-28 14:00:00,3.2,47.7,84.3,45.6,48.0,40.6,349.0
2020-02-28 15:00:00,3.0,47.8,85.2,45.4,47.9,40.2,336.0
2020-02-28 16:00:00,3.5,47.6,85.1,45.6,48.0,40.4,343.0
2020-02-28 17:00:00,3.4,47.6,82.7,45.2,47.5,40.2,332.0
2020-02-28 18:00:00,3.2,47.6,83.7,44.9,47.2,40.0,323.0
2020-02-28 19:00:00,3.6,48.3,83.6,45.8,48.2,40.1,324.0
2020-02-28 20:00:00,4.0,48.3,70.0,46.1,47.4,40.5,340.0
2020-02-28 21:00:00,3.4,48.5,76.4,46.5,47.7,41.2,361.0
2020-02-28 22:00:00,3.4,48.4,78.6,45.6,41.4,40.7,327.0
2020-02-28 23:00:00,2.8,48.6,71.1,34.2,31.2,30.7,0.0
2020-02-29 00:00:00,2.5,48.7,69.8,28.1,27.6,27.0,0.0
2020-02-29 01:00:00,2.3,48.8,68.5,25.7,25.7,25.2,0.0
2020-02-29 02:00:00,2.6,48.7,65.1,24.4,24.9,24.3,0.0
2020-02-29 03:00:00,2.8,48.6,61.6,23.6,24.5,23.8,0.0
2020-02-29 04:00:00,2.6,48.7,61.8,23.3,24.1,23.5,0.0
2020-02-29 05:00:00,2.7,48.7,61.6,23.0,23.8,23.2,0.0
2020-02-29 06:00:00,2.9,48.6,69.5,45.0,44.0,33.1,296.0
2020-02-29 07:00:00,3.0,48.5,83.8,46.2,48.5,40.7,458.0
2020-02-29 08:00:00,3.4,48.5,83.7,45.9,48.2,40.4,357.0
2020-02-29 09:00:00,5.1,47.9,83.6,45.9,47.9,40.3,356.0
2020-02-29 10:00:00,5.7,47.6,80.6,44.8,47.0,39.9,338.0
2020-02-29 11:00:00,7.2,46.7,79.1,44.4,46.4,39.5,326.0
2020-02-29 12:00:00,8.2,46.1,78.5,43.7,45.8,38.9,307.0
2020-02-29 13:00:00,8.6,46.0,76.0,40.3,37.7,37.3,245.0
2020-02-29 14:00:00,7.9,46.4,73.2,31.1,29.5,28.9,0.0
2020-02-29 15:00:00,8.0,46.2,71.0,27.0,26.7,26.2,0.0
2020-02-29 16:00:00,8.2,46.1,68.9,25.1,25.4,24.9,0.0
2020-02-29 17:00:00,7.6,46.4,70.5,32.8,36.5,32.2,197.0
2020-02-29 18:00:00,6.5,47.0,78.8,45.7,47.4,40.1,442.0
2020-02-29 19:00:00,5.6,47.6,79.4,45.3,47.0,39.6,332.0
2020-02-29 20:00:00,5.2,47.8,81.0,47.1,48.5,40.5,360.0
2020-02-29 21:00:00,5.1,47.9,74.8,46.0,47.9,40.6,341.0
2020-02-29 22:00:00,5.0,47.0,79.3,44.8,40.1,40.0,307.0
2020-02-29 23:00:00,5.0,47.0,71.2,34.5,30.3,30.1,0.0
2020-03-01 00:00:00,5.3,46.8,69.3,28.5,27.1,26.5,0.0
2020-03-01 01:00:00,4.7,47.1,69.8,25.4,25.7,25.1,0.0
2020-03-01 02:00:00,5.0,46.9,68.9,24.5,24.9,24.3,0.0
2020-03-01 03:00:00,4.0,47.3,64.8,23.9,24.6,23.9,0.0
2020-03-01 04:00:00,3.5,47.5,62.8,23.5,24.1,23.6,0.0
2020-03-01 05:00:00,3.7,47.5,62.5,23.2,23.8,23.2,0.0
2020-03-01 06:00:00,3.3,47.6,55.3,33.2,34.0,24.1,81.0
2020-03-01 07:00:00,4.1,47.3,84.8,45.3,47.8,40.3,541.0
2020-03-01 08:00:00,6.1,46.4,78.5,43.8,45.9,39.0,324.0
2020-03-01 09:00:00,7.2,46.0,64.2,44.7,44.9,39.0,324.0
2020-03-01 10:00:00,10.2,44.7,73.3,42.2,38.3,38.0,278.0
2020-03-01 11:00:00,12.0,44.0,67.3,32.6,29.5,29.1,0.0
2020-03-01 12:00:00,13.1,44.0,65.2,27.2,26.4,25.9,0.0
2020-03-01 13:00:00,13.7,44.0,65.0,25.1,25.1,24.6,0.0
2020-03-01 14:00:00,13.9,44.0,63.9,24.1,24.6,24.0,0.0
2020-03-01 15:00:00,14.3,44.0,62.9,23.7,24.3,23.8,0.0
2020-03-01 16:00:00,14.2,44.0,60.6,23.6,24.2,23.6,0.0
2020-03-01 17:00:00,13.3,44.0,58.2,23.3,26.6,23.3,0.0
2020-03-01 18:00:00,12.5,44.0,63.9,43.3,43.1,33.9,383.0
2020-03-01 19:00:00,12.2,44.0,72.3,42.9,44.8,37.8,336.0
2020-03-01 20:00:00,11.1,44.3,74.4,43.0,44.7,38.2,303.0
2020-03-01 21:00:00,11.0,44.4,54.1,39.5,37.9,37.3,265.0
2020-03-01 22:00:00,11.6,44.2,53.4,33.1,29.6,29.3,0.0
2020-03-01 23:00:00,11.1,44.4,54.4,27.9,26.3,26.1,0.0
2020-03-02 00:00:00,9.9,44.9,59.0,25.1,25.1,24.8,0.0
2020-03-02 01:00:00,11.0,44.5,63.9,24.2,24.9,24.3,0.0
2020-03-02 02:00:00,10.5,44.6,64.8,24.2,25.0,24.2,0.0
2020-03-02 03:00:00,10.9,44.4,56.5,24.3,25.3,24.4,0.0
2020-03-02 04:00:00,10.0,44.8,57.2,24.3,25.2,24.4,0.0
2020-03-02 05:00:00,11.5,44.2,59.5,24.2,25.1,24.3,0.0
2020-03-02 06:00:00,10.7,44.5,70.9,43.4,43.4,31.5,252.0
2020-03-02 07:00:00,10.7,44.5,73.8,43.6,44.8,37.8,365.0
2020-03-02 08:00:00,11.3,44.3,74.5,42.7,44.5,38.2,312.0
2020-03-02 09:00:00,12.2,40.0,73.2,38.5,40.4,37.0,249.0
2020-03-02 10:00:00,16.0,40.0,70.4,35.7,33.2,32.9,125.0
2020-03-02 11:00:00,17.1,40.0,67.7,29.5,27.9,27.5,0.0
2020-03-02 12:00:00,17.8,40.0,65.4,26.5,26.0,25.5,0.0
2020-03-02 13:00:00,18.8,40.0,63.0,25.1,24.8,24.5,0.0
2020-03-02 14:00:00,18.8,40.0,61.5,24.3,24.6,24.1,0.0
2020-03-02 15:00:00,17.5,40.0,60.1,23.9,24.5,23.9,0.0
2020-03-02 16:00:00,17.4,40.0,58.3,23.7,24.3,23.8,0.0
2020-03-02 17:00:00,16.4,40.0,57.4,23.6,24.2,23.7,0.0
2020-03-02 18:00:00,15.5,40.0,67.8,39.6,40.7,32.4,239.0
2020-03-02 19:00:00,15.7,40.0,69.7,35.8,33.9,33.4,197.0
2020-03-02 20:00:00,15.6,40.0,67.1,29.0,28.0,27.6,0.0
2020-03-02 21:00:00,14.8,40.0,65.3,26.0,25.9,25.5,0.0
2020-03-02 22:00:00,14.4,40.0,65.5,26.9,26.4,26.1,56.0
2020-03-02 23:00:00,14.3,40.0,63.7,25.1,25.2,24.7,0.0
2020-03-03 00:00:00,13.9,40.0,61.6,24.3,24.5,24.0,0.0
2020-03-03 01:00:00,12.3,40.0,59.9,23.7,24.2,23.7,0.0
2020-03-03 02:00:00,10.9,41.1,58.8,23.4,24.0,23.5,0.0
2020-03-03 03:00:00,10.1,41.7,57.9,23.3,23.8,23.4,0.0
2020-03-03 04:00:00,10.8,41.2,57.2,23.2,23.8,23.2,0.0
2020-03-03 05:00:00,13.6,40.0,56.4,23.1,23.6,23.2,0.0
2020-03-03 06:00:00,12.8,45.0,64.2,37.7,37.9,27.5,140.0
2020-03-03 07:00:00,13.3,45.0,72.8,44.8,46.0,38.9,417.0
2020-03-03 08:00:00,15.5,45.0,65.7,34.3,30.4,30.1,0.0
2020-03-03 09:00:00,17.1,45.0,27.8,41.4,27.8,26.8,0.0
2020-03-03 10:00:00,17.8,45.0,26.4,39.4,25.3,25.1,0.0
2020-03-03 11:00:00,19.7,45.0,26.3,36.6,24.1,24.1,0.0
2020-03-03 12:00:00,21.1,45.0,26.1,34.4,23.7,23.5,0.0
2020-03-03 13:00:00,20.2,45.0,25.7,32.6,23.4,23.2,0.0
2020-03-03 14:00:00,19.7,45.0,25.3,31.1,23.2,23.0,0.0
2020-03-03 15:00:00,19.1,45.0,24.9,30.0,23.1,22.8,0.0
2020-03-03 16:00:00,18.6,45.0,24.5,29.1,23.0,22.7,0.0
2020-03-03 17:00:00,18.0,45.0,24.1,28.4,22.8,22.6,0.0
2020-03-03 18:00:00,17.7,45.0,24.0,27.8,22.7,22.5,0.0
2020-03-03 19:00:00,16.6,45.0,23.8,27.4,22.7,22.4,0.0
2020-03-03 20:00:00,15.0,45.0,23.7,27.0,22.6,22.3,0.0
2020-03-03 21:00:00,13.9,45.0,23.6,26.6,22.4,22.3,0.0
2020-03-03 22:00:00,14.3,45.0,23.6,26.3,22.5,22.2,0.0
2020-03-03 23:00:00,14.3,45.0,23.5,26.0,22.4,22.2,0.0
2020-03-04 00:00:00,14.0,45.0,23.4,25.7,22.4,22.1,0.0
2020-03-04 01:00:00,12.7,45.0,23.4,25.4,22.3,22.1,0.0
2020-03-04 02:00:00,12.0,45.0,23.4,25.2,22.4,22.1,0.0
2020-03-04 03:00:00,12.0,45.0,23.4,25.0,22.2,22.1,0.0
2020-03-04 04:00:00,12.0,45.0,23.4,25.0,22.2,22.1,0.0
2020-03-04 05:00:00,11.0,45.2,23.2,24.4,22.2,21.8,0.0
2020-03-04 06:00:00,9.9,45.6,36.2,26.1,26.3,22.4,0.0
2020-03-04 07:00:00,9.9,45.6,36.2,26.1,26.3,22.4,0.0
2020-03-04 08:00:00,9.55,45.5,56.5,34.7,35.85,30.4,551.5
2020-03-04 09:00:00,9.2,45.4,76.8,43.3,45.4,38.4,551.5
2020-03-04 10:00:00,8.6,45.4,75.4,44.1,45.7,38.7,308.0
2020-03-04 11:00:00,8.5,45.4,75.1,44.4,46.1,39.0,319.0
2020-03-04 12:00:00,9.3,45.4,75.2,43.3,45.1,38.6,300.0
2020-03-04 13:00:00,7.8,45.6,76.4,43.4,45.2,38.6,296.0
2020-03-04 14:00:00,7.3,45.6,77.1,43.7,45.7,38.9,306.0
2020-03-04 15:00:00,6.7,45.7,78.5,44.1,46.1,39.2,308.0
2020-03-04 16:00:00,6.7,45.7,78.8,44.3,46.2,39.3,307.0
2020-03-04 17:00:00,6.7,45.7,78.4,43.7,45.7,39.2,301.0
2020-03-04 18:00:00,6.5,45.8,78.6,43.9,45.8,39.1,299.0
2020-03-04 19:00:00,6.1,45.8,67.9,43.3,44.7,38.7,283.0
2020-03-04 20:00:00,6.4,45.8,73.3,44.1,45.1,39.3,306.0
2020-03-04 21:00:00,6.5,45.7,75.5,44.4,46.0,39.5,303.0
2020-03-04 22:00:00,6.7,45.7,74.0,44.3,41.9,39.0,280.0
2020-03-04 23:00:00,6.6,45.7,66.4,38.6,30.8,30.5,0.0
2020-03-05 00:00:00,6.5,45.7,59.6,36.0,27.2,26.9,0.0
2020-03-05 01:00:00,6.7,45.7,54.8,32.3,25.6,25.3,0.0
2020-03-05 02:00:00,6.1,45.8,54.7,26.4,24.6,24.4,0.0
2020-03-05 03:00:00,6.3,45.8,51.4,25.6,24.0,23.8,0.0
2020-03-05 04:00:00,6.3,45.8,51.2,24.2,23.7,23.3,0.0
2020-03-05 05:00:00,5.9,45.8,50.8,23.5,23.3,23.0,0.0
2020-03-05 06:00:00,5.8,45.8,61.9,42.7,42.9,34.6,298.0
2020-03-05 07:00:00,5.9,45.8,71.8,44.4,45.4,38.5,379.0
2020-03-05 08:00:00,5.8,45.8,78.4,44.3,46.2,39.2,335.0
2020-03-05 09:00:00,6.0,45.8,77.6,44.1,46.0,39.1,320.0
2020-03-05 10:00:00,6.3,45.8,75.5,43.7,45.4,38.9,308.0
2020-03-05 11:00:00,8.4,45.5,77.6,44.0,46.0,38.9,308.0
2020-03-05 12:00:00,8.5,45.4,73.7,43.1,44.9,38.4,289.0
2020-03-05 13:00:00,9.1,45.4,72.6,43.9,45.3,38.8,300.0
2020-03-05 14:00:00,10.0,45.2,69.6,38.3,34.6,34.2,159.0
2020-03-05 15:00:00,9.4,45.4,62.7,35.6,28.2,28.0,0.0
2020-03-05 16:00:00,9.0,45.4,62.7,30.0,26.0,25.7,0.0
2020-03-05 17:00:00,8.6,45.4,62.5,25.4,25.1,24.7,0.0
2020-03-05 18:00:00,7.6,46.8,70.9,41.7,41.7,30.5,199.0
2020-03-05 19:00:00,5.7,47.6,78.7,47.2,48.5,40.3,431.0
2020-03-05 20:00:00,5.0,47.9,70.1,45.2,46.0,40.1,339.0
2020-03-05 21:00:00,4.6,48.0,79.5,47.1,48.3,40.7,356.0
2020-03-05 22:00:00,4.1,48.2,81.8,47.3,49.0,41.0,348.0
2020-03-05 23:00:00,3.8,48.3,71.9,38.7,31.8,31.5,34.0
2020-03-06 00:00:00,3.2,48.5,65.3,33.2,27.3,27.0,0.0
2020-03-06 01:00:00,2.9,48.6,60.7,29.8,25.4,25.1,0.0
2020-03-06 02:00:00,3.7,48.4,56.5,27.4,24.2,23.9,0.0
2020-03-06 03:00:00,2.9,48.6,55.3,25.4,23.4,23.3,0.0
2020-03-06 04:00:00,2.0,48.9,55.6,23.7,23.1,22.8,0.0
2020-03-06 05:00:00,1.9,48.9,56.3,22.6,24.1,22.5,0.0
2020-03-06 06:00:00,2.7,48.6,73.4,42.2,41.5,29.3,177.0
2020-03-06 07:00:00,3.7,48.3,82.2,46.9,48.8,40.9,492.0
2020-03-06 08:00:00,4.7,48.0,80.1,45.7,47.5,40.3,357.0
2020-03-06 09:00:00,6.4,46.8,77.5,45.1,46.8,39.7,326.0
2020-03-06 10:00:00,8.1,45.3,74.5,44.3,45.8,39.2,318.0
2020-03-06 11:00:00,10.2,43.5,72.6,41.7,43.5,37.8,270.0
2020-03-06 12:00:00,10.9,43.0,68.4,36.1,32.8,32.5,113.0
2020-03-06 13:00:00,11.4,42.5,65.8,29.3,27.8,27.4,0.0
2020-03-06 14:00:00,12.3,42.0,64.0,26.3,25.9,25.4,0.0
2020-03-06 15:00:00,12.4,42.0,62.2,25.0,24.9,24.6,0.0
2020-03-06 16:00:00,13.1,42.0,60.5,24.2,24.5,24.0,0.0
2020-03-06 17:00:00,12.7,42.0,58.9,23.8,24.4,23.8,0.0
2020-03-06 18:00:00,12.1,46.0,70.5,46.7,46.7,35.6,372.0
2020-03-06 19:00:00,11.8,46.0,73.5,44.7,45.9,39.3,373.0
2020-03-06 20:00:00,11.1,46.2,66.1,44.4,44.6,38.9,309.0
2020-03-06 21:00:00,11.3,46.2,72.8,46.0,46.6,39.5,324.0
2020-03-06 22:00:00,10.6,46.3,68.4,40.8,37.8,37.5,236.0
2020-03-06 23:00:00,10.4,46.4,67.9,32.3,29.8,29.3,0.0
2020-03-07 00:00:00,10.9,46.2,66.2,28.0,26.7,26.4,0.0
2020-03-07 01:00:00,11.0,46.2,63.5,26.1,25.4,25.0,0.0
2020-03-07 02:00:00,10.6,46.3,60.5,25.0,24.6,24.1,0.0
2020-03-07 03:00:00,10.4,46.4,57.9,24.2,24.1,23.6,0.0
2020-03-07 04:00:00,9.5,46.6,55.7,23.6,23.8,23.4,0.0
2020-03-07 05:00:00,8.8,46.9,54.3,23.2,23.7,23.2,0.0
2020-03-07 06:00:00,7.6,46.4,77.9,42.0,41.5,26.3,122.0
2020-03-07 07:00:00,8.7,46.0,80.5,44.7,46.8,40.3,489.0
2020-03-07 08:00:00,13.2,44.0,78.3,42.2,44.5,38.3,278.0
2020-03-07 09:00:00,13.7,44.0,71.8,40.1,37.4,37.0,232.0
2020-03-07 10:00:00,14.5,44.0,69.3,31.5,29.4,28.9,0.0
2020-03-07 11:00:00,15.8,44.0,66.3,27.3,26.5,26.1,0.0
2020-03-07 12:00:00,15.6,44.0,64.0,25.4,25.3,24.9,0.0
2020-03-07 13:00:00,15.7,44.0,62.6,24.4,24.8,24.3,0.0
2020-03-07 14:00:00,14.8,44.0,61.3,24.1,24.6,24.1,0.0
2020-03-07 15:00:00,14.4,44.0,59.8,23.8,24.4,23.9,0.0
2020-03-07 16:00:00,13.3,44.0,58.8,23.7,24.3,23.7,0.0
2020-03-07 17:00:00,11.8,44.1,48.7,37.8,37.2,32.2,288.0
2020-03-07 18:00:00,10.9,44.6,76.9,42.4,44.4,38.3,371.0
2020-03-07 19:00:00,9.6,45.4,72.9,43.6,45.4,38.1,292.0
2020-03-07 20:00:00,9.1,45.6,71.7,43.6,44.6,39.3,321.0
2020-03-07 21:00:00,8.5,45.9,74.3,45.3,42.7,39.2,302.0
2020-03-07 22:00:00,8.1,46.2,71.3,33.2,31.1,30.4,0.0
2020-03-07 23:00:00,7.5,46.6,70.3,28.0,27.6,27.1,0.0
2020-03-08 00:00:00,7.1,46.8,69.7,26.0,26.2,25.6,0.0
2020-03-08 01:00:00,6.9,46.8,67.3,25.0,25.6,24.9,0.0
2020-03-08 02:00:00,6.5,47.0,64.8,24.5,25.1,24.4,0.0
2020-03-08 03:00:00,6.4,47.1,64.6,24.2,25.0,24.3,0.0
2020-03-08 04:00:00,6.0,47.4,63.8,24.0,24.7,24.1,0.0
2020-03-08 05:00:00,4.7,48.0,62.5,23.8,24.3,23.8,0.0
2020-03-08 06:00:00,4.8,48.0,61.5,36.2,35.0,23.5,49.0
2020-03-08 07:00:00,5.6,47.6,83.8,45.6,47.9,40.7,538.0
2020-03-08 08:00:00,5.3,47.8,80.7,45.7,47.8,39.8,340.0
2020-03-08 09:00:00,5.1,47.9,82.0,46.7,49.1,40.3,359.0
2020-03-08 10:00:00,5.4,47.7,79.7,46.8,48.5,40.1,342.0
2020-03-08 11:00:00,5.4,47.8,79.7,46.2,48.2,40.4,351.0
2020-03-08 12:00:00,5.9,47.4,78.7,46.3,48.0,40.3,337.0
2020-03-08 13:00:00,6.1,47.3,77.1,45.7,47.6,39.9,327.0
2020-03-08 14:00:00,6.7,47.1,66.7,34.8,30.9,30.5,0.0
2020-03-08 15:00:00,6.7,47.0,64.7,29.1,27.0,26.6,0.0
2020-03-08 16:00:00,6.1,47.3,79.4,46.5,48.1,40.4,475.0
2020-03-08 17:00:00,6.0,47.4,77.7,45.6,47.5,39.7,324.0
2020-03-08 18:00:00,5.8,47.5,71.8,45.4,46.9,40.7,354.0
2020-03-08 19:00:00,5.9,47.4,80.7,45.9,47.8,40.4,331.0
2020-03-08 20:00:00,5.7,47.7,80.5,45.7,47.8,40.2,330.0
2020-03-08 21:00:00,5.9,47.6,77.4,45.6,47.4,40.4,332.0
2020-03-08 22:00:00,5.5,47.7,79.2,45.9,44.4,40.5,333.0
2020-03-08 23:00:00,5.7,47.7,76.7,34.0,31.9,31.2,0.0
2020-03-09 00:00:00,6.0,47.6,74.5,28.7,28.3,27.4,0.0
2020-03-09 01:00:00,6.0,47.5,72.3,26.3,26.6,25.9,0.0
2020-03-09 02:00:00,5.1,47.9,69.9,25.2,25.7,25.1,0.0
2020-03-09 03:00:00,5.1,47.9,67.0,24.6,25.2,24.7,0.0
2020-03-09 04:00:00,5.1,48.0,66.1,24.3,25.0,24.3,0.0
2020-03-09 05:00:00,4.9,48.0,65.5,24.0,26.9,24.0,0.0
2020-03-09 06:00:00,4.8,49.0,71.8,42.2,42.4,31.0,198.0
2020-03-09 07:00:00,4.8,49.0,83.2,48.3,50.1,41.8,493.0
2020-03-09 08:00:00,5.4,48.6,80.9,46.2,48.1,40.7,353.0
2020-03-09 09:00:00,6.1,45.8,79.4,45.6,47.4,40.2,342.0
2020-03-09 10:00:00,6.1,45.8,79.1,43.0,45.2,38.7,290.0
2020-03-09 11:00:00,7.1,45.6,79.1,43.7,45.8,38.8,305.0
2020-03-09 12:00:00,7.4,45.6,78.3,43.7,45.7,38.9,310.0
2020-03-09 13:00:00,7.8,45.6,77.8,43.5,45.6,38.7,301.0
2020-03-09 14:00:00,7.8,45.6,78.3,43.7,45.6,38.9,306.0
2020-03-09 15:00:00,7.9,45.6,78.9,44.0,46.0,39.1,308.0
2020-03-09 16:00:00,7.3,45.6,78.1,43.9,45.7,39.1,304.0
2020-03-09 17:00:00,7.0,46.4,79.0,44.1,46.2,39.3,308.0
2020-03-09 18:00:00,6.5,46.5,80.7,44.7,46.9,39.8,317.0
2020-03-09 19:00:00,6.1,46.6,87.1,45.4,47.9,39.9,319.0
2020-03-09 20:00:00,5.9,46.6,68.2,44.5,46.5,39.2,289.0
2020-03-09 21:00:00,6.1,46.6,79.0,44.6,47.0,40.1,324.0
2020-03-09 22:00:00,5.8,46.7,72.7,44.5,40.5,40.2,298.0
2020-03-09 23:00:00,5.5,46.8,63.6,35.3,31.0,30.7,0.0
2020-03-10 00:00:00,5.7,46.8,62.2,29.4,27.3,27.0,0.0
2020-03-10 01:00:00,5.5,46.8,62.5,26.5,25.9,25.4,0.0
2020-03-10 02:00:00,5.9,46.7,63.9,24.8,25.3,24.7,0.0
2020-03-10 03:00:00,5.5,46.8,63.4,24.3,24.8,24.3,0.0
2020-03-10 04:00:00,5.3,46.8,62.1,24.0,24.6,24.1,0.0
2020-03-10 05:00:00,5.3,46.9,62.1,23.7,24.3,23.7,0.0
2020-03-10 06:00:00,5.4,46.9,45.4,30.7,30.5,24.6,0.0
2020-03-10 07:00:00,5.3,46.8,83.0,46.9,48.6,40.1,510.0
2020-03-10 08:00:00,5.2,47.0,82.6,43.7,46.2,39.3,317.0
2020-03-10 09:00:00,5.2,46.9,83.7,44.9,47.3,39.7,339.0
2020-03-10 10:00:00,5.3,46.9,83.6,44.5,46.9,40.1,340.0
2020-03-10 11:00:00,5.4,46.8,83.1,43.8,46.4,39.4,307.0
2020-03-10 12:00:00,5.4,46.9,83.6,43.7,46.3,39.3,311.0
2020-03-10 13:00:00,5.4,46.8,83.2,43.8,46.2,39.3,310.0
2020-03-10 14:00:00,6.0,46.7,81.6,44.6,46.8,39.6,321.0
2020-03-10 15:00:00,6.1,46.7,80.1,44.5,46.6,39.5,316.0
2020-03-10 16:00:00,6.4,46.6,79.7,44.6,46.6,39.8,314.0
2020-03-10 17:00:00,6.3,46.6,79.2,44.4,46.5,39.6,311.0
2020-03-10 18:00:00,5.9,46.7,80.1,44.5,46.6,39.7,310.0
2020-03-10 19:00:00,6.0,46.7,79.9,44.3,46.4,39.7,310.0
2020-03-10 20:00:00,5.9,46.7,74.4,44.8,46.3,39.9,318.0
2020-03-10 21:00:00,6.0,46.7,80.2,45.3,47.4,39.8,315.0
2020-03-10 22:00:00,5.9,46.7,79.2,43.6,40.5,39.7,300.0
2020-03-10 23:00:00,5.6,46.8,75.4,33.5,31.3,30.8,0.0
2020-03-11 00:00:00,5.9,46.7,73.2,28.5,27.8,27.3,0.0
2020-03-11 01:00:00,5.7,46.7,71.0,26.3,26.3,25.7,0.0
2020-03-11 02:00:00,5.7,46.7,69.3,25.2,25.7,25.0,0.0
2020-03-11 03:00:00,5.8,46.7,67.3,24.6,25.3,24.6,0.0
2020-03-11 04:00:00,5.6,46.8,65.7,24.3,24.9,24.3,0.0
2020-03-11 05:00:00,5.5,46.8,64.5,23.9,24.5,24.0,0.0
2020-03-11 06:00:00,5.3,46.9,81.2,48.7,48.5,35.4,343.0
2020-03-11 07:00:00,5.4,46.9,80.9,46.4,48.1,39.2,370.0
2020-03-11 08:00:00,7.9,46.1,79.8,44.2,46.4,39.5,328.0
2020-03-11 09:00:00,9.4,45.7,79.3,43.9,46.0,39.2,314.0
2020-03-11 10:00:00,9.9,45.5,77.1,37.6,34.9,34.3,165.0
2020-03-11 11:00:00,11.5,45.1,74.3,29.9,28.8,28.2,0.0
2020-03-11 12:00:00,13.0,45.0,71.8,26.7,26.5,26.0,0.0
2020-03-11 13:00:00,13.6,45.0,69.3,25.2,25.6,25.0,0.0
2020-03-11 14:00:00,13.9,45.0,67.5,24.6,25.3,24.5,0.0
2020-03-11 15:00:00,13.6,45.0,65.9,24.4,25.0,24.4,0.0
2020-03-11 16:00:00,13.9,45.0,64.4,24.2,24.8,24.1,0.0
2020-03-11 17:00:00,13.4,45.0,63.2,24.0,24.6,24.0,0.0
2020-03-11 18:00:00,12.3,45.0,73.4,42.5,42.8,31.7,246.0
2020-03-11 19:00:00,11.0,45.3,73.9,44.1,45.6,38.7,385.0
2020-03-11 20:00:00,10.7,47.0,74.0,45.5,46.7,39.3,330.0
2020-03-11 21:00:00,10.6,47.0,73.7,46.4,47.2,40.1,342.0
2020-03-11 22:00:00,9.8,47.0,74.0,46.3,46.2,40.4,338.0
2020-03-11 23:00:00,9.6,47.0,71.4,34.5,31.3,30.8,0.0
2020-03-12 00:00:00,9.7,47.0,68.3,28.9,27.5,27.1,0.0
2020-03-12 01:00:00,8.5,47.0,66.4,26.3,26.0,25.5,0.0
2020-03-12 02:00:00,7.7,47.0,64.9,24.9,25.1,24.7,0.0
2020-03-12 03:00:00,7.3,47.0,63.3,24.3,24.8,24.2,0.0
2020-03-12 04:00:00,6.3,47.0,61.9,23.9,24.3,23.9,0.0
2020-03-12 05:00:00,5.8,47.0,60.5,23.6,27.1,23.7,0.0
2020-03-12 06:00:00,5.2,47.0,76.0,41.9,42.2,29.3,179.0
2020-03-12 07:00:00,6.8,45.1,81.0,43.2,45.6,39.8,447.0
2020-03-12 08:00:00,9.7,42.2,79.8,40.4,43.0,37.5,257.0
2020-03-12 09:00:00,12.0,45.0,77.9,40.8,43.4,35.9,230.0
2020-03-12 10:00:00,13.1,45.0,52.7,43.7,35.6,35.3,234.0
2020-03-12 11:00:00,14.9,45.0,59.2,31.3,28.6,28.2,0.0
2020-03-12 12:00:00,16.1,45.0,63.2,27.0,26.3,25.9,0.0
2020-03-12 13:00:00,16.6,45.0,65.6,25.3,25.9,25.9,0.0
2020-03-12 14:00:00,17.1,45.0,62.4,25.5,48.9,25.3,0.0
2020-03-12 15:00:00,17.7,45.0,55.4,25.6,43.9,25.7,0.0
2020-03-12 16:00:00,18.2,45.0,57.3,26.0,46.1,26.0,0.0
2020-03-12 17:00:00,18.4,45.0,54.5,26.1,44.8,26.1,0.0
2020-03-12 18:00:00,15.8,45.0,53.7,26.3,45.0,25.9,0.0
2020-03-12 19:00:00,13.4,45.0,52.3,26.3,44.7,25.5,0.0
2020-03-12 20:00:00,12.3,45.0,51.4,26.2,44.3,25.2,0.0
2020-03-12 21:00:00,12.3,45.0,72.6,46.0,46.4,37.3,407.0
2020-03-12 22:00:00,11.7,45.0,71.9,40.6,37.2,36.7,245.0
2020-03-12 23:00:00,11.5,45.2,67.9,32.4,35.4,31.7,0.0
2020-03-13 00:00:00,9.7,45.6,64.1,31.1,50.1,31.2,0.0
2020-03-13 01:00:00,8.6,45.9,57.4,30.3,44.7,31.2,0.0
2020-03-13 02:00:00,8.0,46.1,56.9,29.9,45.5,31.0,0.0
2020-03-13 03:00:00,8.2,46.1,55.1,29.6,44.7,30.5,0.0
2020-03-13 04:00:00,6.9,46.4,57.3,28.7,48.0,27.6,0.0
2020-03-13 05:00:00,6.6,46.5,54.8,26.9,47.9,26.1,0.0
2020-03-13 06:00:00,7.3,46.3,31.2,31.7,32.3,23.0,0.0
2020-03-13 07:00:00,8.3,46.0,79.6,45.5,47.3,39.5,507.0
2020-03-13 08:00:00,13.0,45.0,78.5,43.3,45.5,38.7,307.0
2020-03-13 09:00:00,14.5,45.0,74.1,33.7,37.1,31.5,44.0
2020-03-13 10:00:00,15.4,45.0,70.2,31.3,51.1,31.2,0.0
2020-03-13 11:00:00,17.2,45.0,61.7,30.6,43.9,31.6,0.0
2020-03-13 12:00:00,18.2,45.0,59.1,30.2,45.8,31.3,0.0
2020-03-13 13:00:00,19.2,45.0,58.8,29.8,45.3,31.4,0.0
2020-03-13 14:00:00,19.9,45.0,56.9,29.9,45.2,30.8,0.0
2020-03-13 15:00:00,20.3,45.0,55.6,29.9,45.1,29.8,0.0
2020-03-13 16:00:00,19.8,45.0,53.7,29.8,44.6,28.9,0.0
2020-03-13 17:00:00,18.3,45.0,53.5,29.7,44.6,27.9,0.0
2020-03-13 18:00:00,16.6,45.0,52.3,28.9,44.4,26.5,0.0
2020-03-13 19:00:00,14.7,45.0,51.3,27.7,44.0,25.5,0.0
2020-03-13 20:00:00,12.7,43.0,71.9,43.1,44.4,37.6,429.0
2020-03-13 21:00:00,11.4,43.2,72.0,41.2,43.1,37.1,262.0
2020-03-13 22:00:00,11.7,43.2,71.1,40.2,37.0,36.6,230.0
2020-03-13 23:00:00,11.7,43.1,68.7,31.4,29.4,29.0,0.0
2020-03-14 00:00:00,11.0,43.5,66.2,27.6,26.7,26.2,0.0
2020-03-14 01:00:00,10.5,43.8,64.6,25.5,25.5,25.0,0.0
2020-03-14 02:00:00,10.6,43.8,63.2,24.7,25.0,24.5,0.0
2020-03-14 03:00:00,9.9,44.1,60.5,24.2,24.8,24.2,0.0
2020-03-14 04:00:00,9.5,44.4,59.2,23.9,24.4,24.0,0.0
2020-03-14 05:00:00,9.5,44.3,58.0,23.7,24.3,23.8,0.0
2020-03-14 06:00:00,9.2,44.6,59.6,35.4,34.5,23.5,33.0
2020-03-14 07:00:00,9.5,44.4,76.8,42.9,44.9,38.6,478.0
2020-03-14 08:00:00,9.5,44.3,74.5,42.4,44.1,37.5,276.0
2020-03-14 09:00:00,10.2,43.9,74.7,42.3,44.3,38.2,302.0
2020-03-14 10:00:00,10.7,43.8,48.6,40.1,40.1,36.8,245.0
2020-03-14 11:00:00,11.2,43.4,54.3,36.9,32.9,32.8,143.0
2020-03-14 12:00:00,11.3,43.2,52.1,30.2,27.6,27.3,0.0
2020-03-14 13:00:00,10.9,43.6,49.7,27.3,25.3,25.0,0.0
2020-03-14 14:00:00,11.5,43.2,47.8,25.3,30.2,25.3,0.0
2020-03-14 15:00:00,11.0,46.1,73.6,47.6,47.5,37.6,402.0
2020-03-14 16:00:00,9.3,46.3,75.1,45.4,46.7,39.5,347.0
2020-03-14 17:00:00,9.2,46.3,77.5,45.0,46.8,39.8,331.0
2020-03-14 18:00:00,9.2,46.4,76.9,44.7,46.4,39.4,313.0
2020-03-14 19:00:00,9.0,46.4,76.6,44.6,46.2,39.5,310.0
2020-03-14 20:00:00,9.0,46.4,77.0,44.7,46.5,39.6,311.0
2020-03-14 21:00:00,9.0,46.4,76.8,44.9,46.5,39.7,310.0
2020-03-14 22:00:00,8.9,46.4,76.2,45.0,46.6,39.9,308.0
2020-03-14 23:00:00,8.3,46.5,73.1,35.0,36.3,32.9,0.0
2020-03-15 00:00:00,8.2,46.5,70.3,32.6,36.3,32.2,0.0
2020-03-15 01:00:00,7.8,46.6,68.2,30.1,52.2,29.7,0.0
2020-03-15 02:00:00,7.0,46.6,61.1,29.0,47.0,29.9,0.0
2020-03-15 03:00:00,7.4,46.6,59.8,28.5,47.6,30.0,0.0
2020-03-15 04:00:00,7.2,46.6,56.1,28.2,45.9,29.5,0.0
2020-03-15 05:00:00,7.2,46.6,56.3,28.7,46.0,29.0,0.0
2020-03-15 06:00:00,7.2,46.6,60.6,34.9,34.0,22.8,0.0
2020-03-15 07:00:00,7.1,46.6,79.4,45.4,47.3,40.1,521.0
2020-03-15 08:00:00,6.9,46.7,78.6,44.7,46.7,39.5,322.0
2020-03-15 09:00:00,6.6,46.7,78.7,44.8,46.8,39.5,323.0
2020-03-15 10:00:00,6.6,46.7,81.2,45.4,47.4,39.8,333.0
2020-03-15 11:00:00,6.1,46.8,79.7,44.4,46.4,39.4,314.0
2020-03-15 12:00:00,6.5,46.7,80.0,44.3,46.5,39.3,314.0
2020-03-15 13:00:00,7.4,46.6,78.5,45.3,47.1,39.8,326.0
2020-03-15 14:00:00,6.0,46.8,76.6,44.8,46.3,39.3,314.0
2020-03-15 15:00:00,5.8,46.8,75.3,44.9,46.5,39.8,321.0
2020-03-15 16:00:00,5.5,46.9,78.3,45.0,46.9,39.5,311.0
2020-03-15 17:00:00,5.5,46.9,78.6,45.3,47.3,40.0,327.0
2020-03-15 18:00:00,5.0,47.0,80.5,45.8,47.8,40.2,331.0
2020-03-15 19:00:00,4.75,47.05,81.18,45.4,46.08,40.2,320.0
2020-03-15 20:00:00,4.5,47.1,81.85,45.0,44.35,40.2,320.0
2020-03-15 21:00:00,4.25,47.15,82.52,44.6,42.62,40.2,320.0
2020-03-15 22:00:00,4.0,47.2,83.2,44.2,40.9,40.2,320.0
2020-03-15 23:00:00,3.7,47.3,79.6,33.3,31.4,30.8,0.0
2020-03-16 00:00:00,3.9,47.3,77.1,28.6,28.1,27.4,0.0
2020-03-16 01:00:00,3.7,47.3,75.8,27.2,27.4,26.5,0.0
2020-03-16 02:00:00,3.32,47.42,73.9,26.38,26.7,25.85,0.0
2020-03-16 03:00:00,2.95,47.55,72.0,25.55,26.0,25.2,0.0
2020-03-16 04:00:00,2.58,47.68,70.1,24.72,25.3,24.55,0.0
2020-03-16 05:00:00,2.2,47.8,68.2,23.9,24.6,23.9,0.0
2020-03-16 06:00:00,2.5,48.5,56.8,33.2,34.6,24.8,60.0
2020-03-16 07:00:00,3.8,48.2,85.1,48.7,50.1,40.7,538.0
2020-03-16 08:00:00,6.1,47.6,84.0,44.6,47.0,39.8,339.0
2020-03-16 09:00:00,7.0,47.4,80.7,45.3,47.3,39.8,343.0
2020-03-16 10:00:00,7.7,47.2,79.9,45.0,46.9,39.7,334.0
2020-03-16 11:00:00,9.1,46.8,78.0,44.6,46.5,39.4,323.0
2020-03-16 12:00:00,9.6,46.7,72.8,42.8,39.3,38.9,285.0
2020-03-16 13:00:00,10.6,46.4,69.7,32.9,30.1,29.6,0.0
2020-03-16 14:00:00,10.6,46.4,67.4,27.8,26.8,26.4,0.0
2020-03-16 15:00:00,11.2,46.2,65.5,25.8,25.5,25.0,0.0
2020-03-16 16:00:00,11.5,46.1,63.9,24.6,24.9,24.4,0.0
2020-03-16 17:00:00,10.7,46.3,62.2,24.1,24.6,24.1,0.0
2020-03-16 18:00:00,9.0,46.8,65.3,37.6,36.3,24.0,60.0
2020-03-16 19:00:00,8.1,47.1,78.4,46.4,47.9,40.5,517.0
2020-03-16 20:00:00,7.8,47.2,77.5,44.8,46.5,39.5,325.0
2020-03-16 21:00:00,7.5,47.2,77.6,41.9,39.3,38.9,283.0
2020-03-16 22:00:00,6.6,47.5,74.3,31.9,30.1,29.6,0.0
2020-03-16 23:00:00,6.5,47.5,71.7,27.7,27.0,26.4,0.0
2020-03-17 00:00:00,5.6,47.8,70.2,25.6,25.8,25.2,0.0
2020-03-17 01:00:00,5.2,47.9,67.6,24.6,25.0,24.4,0.0
2020-03-17 02:00:00,5.0,48.0,65.9,24.0,24.7,24.0,0.0
2020-03-17 03:00:00,4.1,48.1,64.7,23.6,24.2,23.6,0.0
2020-03-17 04:00:00,3.9,48.2,63.6,23.3,24.0,23.4,0.0
2020-03-17 05:00:00,3.1,48.3,62.5,23.0,23.7,23.1,0.0
2020-03-17 06:00:00,3.0,48.4,86.4,47.9,47.5,30.7,258.0
2020-03-17 07:00:00,4.5,48.0,73.7,46.9,48.1,40.1,467.0
2020-03-17 08:00:00,7.6,47.2,83.5,45.0,47.1,39.9,365.0
2020-03-17 09:00:00,9.5,46.7,81.1,43.9,46.1,39.0,324.0
2020-03-17 10:00:00,10.3,46.4,79.4,44.7,46.7,39.2,332.0
2020-03-17 11:00:00,10.8,46.2,75.9,37.6,34.0,33.6,161.0
2020-03-17 12:00:00,12.7,46.0,72.5,29.7,28.1,27.6,0.0
2020-03-17 13:00:00,13.2,46.0,69.6,27.2,45.9,27.4,0.0
2020-03-17 14:00:00,13.8,46.0,63.9,27.2,48.8,27.5,0.0
2020-03-17 15:00:00,14.7,46.0,56.4,27.1,43.7,27.8,0.0
2020-03-17 16:00:00,14.7,46.0,57.0,27.3,45.3,27.9,0.0
2020-03-17 17:00:00,14.5,46.0,56.8,27.6,45.8,27.7,0.0
2020-03-17 18:00:00,13.4,46.0,72.4,44.5,43.8,31.6,241.0
2020-03-17 19:00:00,11.3,41.7,73.2,41.2,42.9,39.1,399.0
2020-03-17 20:00:00,9.5,43.6,69.9,36.3,35.1,33.4,136.0
2020-03-17 21:00:00,8.4,45.1,73.3,33.8,32.6,31.7,143.0
2020-03-17 22:00:00,8.6,44.9,79.1,42.4,39.6,38.9,401.0
2020-03-17 23:00:00,7.6,45.6,74.9,32.8,42.1,32.7,0.0
2020-03-18 00:00:00,6.6,46.6,69.8,31.7,52.0,31.9,0.0
2020-03-18 01:00:00,7.3,46.1,61.1,30.8,44.0,32.1,0.0
2020-03-18 02:00:00,7.6,45.6,57.4,30.2,44.9,31.7,0.0
2020-03-18 03:00:00,7.7,45.6,60.4,30.2,46.5,31.1,0.0
2020-03-18 04:00:00,7.0,46.2,56.7,30.0,45.5,30.9,0.0
2020-03-18 05:00:00,6.2,47.0,58.0,29.9,47.0,28.9,0.0
2020-03-18 06:00:00,6.5,46.8,81.2,47.2,47.0,32.8,290.0
2020-03-18 07:00:00,7.0,46.4,81.1,45.0,47.1,39.5,424.0
2020-03-18 08:00:00,9.7,44.7,79.6,42.0,44.3,38.1,295.0
2020-03-18 09:00:00,10.9,43.8,77.9,41.8,44.0,37.6,282.0
2020-03-18 10:00:00,11.3,43.5,75.0,41.3,43.2,37.2,274.0
2020-03-18 11:00:00,13.0,43.0,62.1,35.1,34.2,31.7,65.0
2020-03-18 12:00:00,13.8,43.0,64.8,31.6,37.9,31.4,0.0
2020-03-18 13:00:00,14.5,43.0,65.8,28.8,49.4,27.9,0.0
2020-03-18 14:00:00,14.5,43.0,59.2,27.5,45.5,27.9,0.0
2020-03-18 15:00:00,14.9,43.0,52.8,27.4,40.7,28.5,0.0
2020-03-18 16:00:00,14.3,43.0,52.5,27.1,42.8,28.4,0.0
2020-03-18 17:00:00,13.6,43.0,54.8,27.3,43.3,28.2,0.0
2020-03-18 18:00:00,12.3,43.0,83.6,44.0,43.0,26.4,155.0
2020-03-18 19:00:00,11.2,43.6,74.3,42.2,44.1,37.8,376.0
2020-03-18 20:00:00,10.9,43.8,73.9,41.4,43.3,37.1,270.0
2020-03-18 21:00:00,10.1,44.3,75.4,43.1,45.1,38.0,303.0
2020-03-18 22:00:00,8.3,45.7,76.9,43.1,38.6,38.4,283.0
2020-03-18 23:00:00,7.1,46.5,72.5,33.1,38.2,32.7,0.0
2020-03-19 00:00:00,6.2,47.0,69.6,31.5,53.0,31.4,0.0
2020-03-19 01:00:00,5.8,47.3,61.4,30.6,45.7,31.7,0.0
2020-03-19 02:00:00,5.0,48.0,60.2,30.0,47.9,31.0,0.0
2020-03-19 03:00:00,4.6,48.1,58.8,29.6,47.5,30.7,0.0
2020-03-19 04:00:00,3.0,48.4,58.6,29.9,48.0,29.6,0.0
2020-03-19 05:00:00,2.2,48.5,57.0,29.2,48.5,27.7,0.0
2020-03-19 06:00:00,2.8,48.4,66.9,40.9,39.5,28.2,196.0
2020-03-19 07:00:00,4.5,48.1,84.7,46.2,48.4,40.7,478.0
2020-03-19 08:00:00,7.6,46.2,84.1,44.3,46.7,39.5,343.0
2020-03-19 09:00:00,9.5,44.7,80.9,42.6,45.0,38.3,301.0
2020-03-19 10:00:00,10.9,43.7,78.3,41.7,44.0,37.7,286.0
2020-03-19 11:00:00,12.3,43.0,75.1,41.0,43.0,37.1,265.0
2020-03-19 12:00:00,13.5,43.0,71.4,32.8,39.4,31.6,58.0
2020-03-19 13:00:00,14.5,43.0,67.6,31.5,49.7,31.4,0.0
2020-03-19 14:00:00,15.0,43.0,60.0,30.9,43.7,32.0,0.0
2020-03-19 15:00:00,15.4,43.0,59.1,30.6,45.3,32.0,0.0
2020-03-19 16:00:00,15.7,43.0,52.0,30.0,41.5,31.8,0.0
2020-03-19 17:00:00,15.5,43.0,55.4,30.2,43.3,31.5,0.0
2020-03-19 18:00:00,14.1,43.0,54.2,30.5,43.7,30.7,0.0
2020-03-19 19:00:00,13.1,43.0,52.6,30.6,43.4,29.8,0.0
2020-03-19 20:00:00,11.9,45.0,74.1,45.6,46.5,38.4,454.0
2020-03-19 21:00:00,10.2,45.7,75.2,44.2,45.7,38.6,317.0
2020-03-19 22:00:00,9.6,45.9,74.5,42.3,39.1,38.8,291.0
2020-03-19 23:00:00,8.2,46.6,69.8,33.3,35.5,32.5,0.0
2020-03-20 00:00:00,7.2,47.0,67.8,31.4,46.3,30.9,0.0
2020-03-20 01:00:00,6.0,47.5,63.6,29.4,50.1,29.5,0.0
2020-03-20 02:00:00,5.6,47.7,57.3,28.8,47.2,30.1,0.0
2020-03-20 03:00:00,5.1,47.9,58.9,28.3,48.6,28.7,0.0
2020-03-20 04:00:00,4.7,48.0,56.1,28.3,46.9,28.5,0.0
2020-03-20 05:00:00,4.2,48.1,55.1,28.3,46.6,27.6,0.0
2020-03-20 06:00:00,3.6,46.5,82.4,44.4,44.0,27.4,170.0
2020-03-20 07:00:00,5.7,45.9,83.7,43.5,45.9,39.1,466.0
2020-03-20 08:00:00,9.3,45.3,80.6,42.6,45.0,38.0,298.0
2020-03-20 09:00:00,12.0,45.0,78.3,42.7,44.9,38.2,303.0
2020-03-20 10:00:00,13.1,45.0,73.6,37.9,34.4,33.9,173.0
2020-03-20 11:00:00,14.7,45.0,70.5,30.6,34.5,30.8,0.0
2020-03-20 12:00:00,15.5,45.0,67.7,30.3,51.6,30.4,0.0
2020-03-20 13:00:00,16.6,45.0,60.3,29.8,44.6,30.7,0.0
2020-03-20 14:00:00,17.0,45.0,59.3,29.5,46.2,30.5,0.0
2020-03-20 15:00:00,17.8,45.0,54.7,29.2,44.5,30.5,0.0
2020-03-20 16:00:00,17.7,45.0,55.1,29.4,44.3,30.1,0.0
2020-03-20 17:00:00,17.6,45.0,52.5,29.4,43.3,29.7,0.0
2020-03-20 18:00:00,15.7,45.0,52.1,29.6,42.9,29.0,0.0
2020-03-20 19:00:00,12.7,45.0,76.9,45.2,46.3,38.3,435.0
2020-03-20 20:00:00,11.8,45.0,77.3,42.9,44.9,38.2,300.0
2020-03-20 21:00:00,12.0,45.0,76.4,39.7,37.0,36.4,230.0
2020-03-20 22:00:00,11.0,45.1,72.8,32.5,37.6,32.4,0.0
2020-03-20 23:00:00,9.0,45.4,69.2,31.2,51.7,31.0,0.0
2020-03-21 00:00:00,8.5,45.5,60.7,30.5,45.4,31.5,0.0
2020-03-21 01:00:00,7.2,45.7,59.4,30.0,46.6,31.5,0.0
2020-03-21 02:00:00,6.7,45.7,57.7,29.6,45.5,31.4,0.0
2020-03-21 03:00:00,6.3,45.8,56.4,29.9,45.0,30.9,0.0
2020-03-21 04:00:00,5.8,45.8,55.9,30.3,45.5,29.9,0.0
2020-03-21 05:00:00,5.5,45.9,55.5,29.9,46.4,28.7,0.0
2020-03-21 06:00:00,5.8,45.9,54.6,29.1,47.4,27.6,0.0
2020-03-21 07:00:00,7.9,45.5,84.8,43.2,45.9,39.2,518.0
2020-03-21 08:00:00,11.8,45.0,82.3,42.3,45.0,38.0,294.0
2020-03-21 09:00:00,13.9,45.0,56.9,42.4,42.0,37.5,283.0
2020-03-21 10:00:00,15.3,45.0,47.4,33.2,33.5,32.0,0.0
2020-03-21 11:00:00,17.1,45.0,45.0,31.6,31.3,31.1,0.0
2020-03-21 12:00:00,18.8,45.0,44.4,30.1,29.2,28.3,0.0
2020-03-21 13:00:00,19.1,45.0,43.1,27.6,27.2,27.0,0.0
2020-03-21 14:00:00,19.2,45.0,42.0,26.6,27.6,26.7,0.0
2020-03-21 15:00:00,19.5,45.0,41.6,26.2,27.7,26.4,0.0
2020-03-21 16:00:00,19.4,45.0,41.2,26.0,27.5,26.1,0.0
2020-03-21 17:00:00,18.7,45.0,41.2,25.6,28.2,25.3,0.0
2020-03-21 18:00:00,17.0,45.0,41.2,24.4,26.9,24.2,0.0
2020-03-21 19:00:00,15.8,45.0,41.1,23.5,26.6,23.8,0.0
2020-03-21 20:00:00,15.2,43.0,41.7,34.9,39.8,23.3,0.0
2020-03-21 21:00:00,14.5,43.0,76.3,41.5,43.7,37.8,442.0
2020-03-21 22:00:00,14.3,43.0,73.1,40.1,37.5,36.6,236.0
2020-03-21 23:00:00,13.4,43.0,70.7,32.2,40.1,31.9,0.0
2020-03-22 00:00:00,12.8,43.0,65.8,31.1,48.4,31.2,0.0
2020-03-22 01:00:00,12.4,43.0,58.1,30.5,41.9,31.6,0.0
2020-03-22 02:00:00,10.3,43.7,56.3,29.9,44.2,31.1,0.0
2020-03-22 03:00:00,7.7,44.8,58.0,29.8,45.0,30.7,0.0
2020-03-22 04:00:00,7.5,44.8,55.4,29.6,45.4,29.7,0.0
2020-03-22 05:00:00,6.3,45.4,54.2,29.2,45.2,28.4,0.0
2020-03-22 06:00:00,6.1,45.6,85.4,45.4,45.2,29.2,218.0
2020-03-22 07:00:00,5.8,45.7,83.0,42.8,45.2,38.6,411.0
2020-03-22 08:00:00,5.9,45.7,82.6,43.0,45.6,38.4,310.0
2020-03-22 09:00:00,5.7,45.8,82.3,43.1,45.6,38.5,314.0
2020-03-22 10:00:00,6.3,45.6,82.6,43.2,45.8,38.7,314.0
2020-03-22 11:00:00,7.6,45.2,81.2,43.1,45.4,38.6,304.0
2020-03-22 12:00:00,7.9,45.2,78.7,42.9,44.9,38.5,299.0
2020-03-22 13:00:00,8.7,44.9,79.9,42.8,45.1,38.4,297.0
2020-03-22 14:00:00,7.8,45.2,81.5,42.9,45.2,38.3,293.0
2020-03-22 15:00:00,7.6,45.2,79.5,43.0,45.2,38.6,298.0
2020-03-22 16:00:00,7.4,45.3,79.6,43.2,45.3,38.8,297.0
2020-03-22 17:00:00,6.5,45.6,81.4,43.3,45.5,38.8,298.0
2020-03-22 18:00:00,5.5,45.8,82.2,43.5,46.1,39.0,300.0
2020-03-22 19:00:00,5.1,45.9,83.6,44.0,46.4,39.5,314.0
2020-03-22 20:00:00,5.2,45.9,82.9,43.2,45.8,39.2,295.0
2020-03-22 21:00:00,4.7,46.1,81.5,43.0,45.4,38.9,289.0
2020-03-22 22:00:00,3.8,46.4,83.5,43.8,40.6,39.5,308.0
2020-03-22 23:00:00,3.8,46.4,80.0,33.9,42.2,33.4,0.0
2020-03-23 00:00:00,3.3,46.7,73.2,32.5,52.7,33.1,0.0
2020-03-23 01:00:00,3.2,46.7,63.5,31.5,46.2,33.5,0.0
2020-03-23 02:00:00,3.2,46.7,61.5,30.9,47.2,33.4,0.0
2020-03-23 03:00:00,2.8,46.8,62.2,30.5,46.9,33.1,0.0
2020-03-23 04:00:00,3.0,46.8,60.0,30.8,46.9,32.0,0.0
2020-03-23 05:00:00,2.8,46.8,58.0,30.9,46.2,30.9,0.0
2020-03-23 06:00:00,2.1,47.1,86.1,48.1,47.3,31.3,251.0
2020-03-23 07:00:00,2.2,47.1,88.6,44.6,47.5,39.8,429.0
2020-03-23 08:00:00,2.2,47.0,86.5,44.0,46.8,39.4,335.0
2020-03-23 09:00:00,2.0,47.2,87.2,43.9,46.6,39.2,329.0
2020-03-23 10:00:00,1.0,47.5,88.1,45.3,48.0,39.9,356.0
2020-03-23 11:00:00,2.0,47.2,87.7,44.4,47.3,39.8,339.0
2020-03-23 12:00:00,3.2,46.7,86.5,43.8,46.6,39.3,323.0
2020-03-23 13:00:00,3.8,46.4,83.1,43.3,45.9,39.0,315.0
2020-03-23 14:00:00,4.0,46.4,83.4,44.3,46.8,39.4,330.0
2020-03-23 15:00:00,3.6,46.4,81.8,43.8,46.2,39.0,313.0
2020-03-23 16:00:00,2.4,47.0,80.9,44.0,46.3,39.2,322.0
2020-03-23 17:00:00,2.5,47.0,81.5,45.2,47.1,39.9,341.0
2020-03-23 18:00:00,1.5,47.4,82.4,45.3,47.4,40.1,334.0
2020-03-23 19:00:00,1.0,47.6,82.8,45.5,47.6,40.2,342.0
2020-03-23 20:00:00,1.3,47.5,84.9,45.7,48.3,40.4,342.0
2020-03-23 21:00:00,0.3,47.8,85.3,45.5,48.0,40.0,334.0
2020-03-23 22:00:00,-0.4,48.2,83.6,38.2,35.1,34.4,166.0
2020-03-23 23:00:00,-0.3,48.1,79.6,47.3,48.8,40.4,358.0
2020-03-24 00:00:00,-0.7,48.3,85.5,44.9,47.4,40.4,342.0
2020-03-24 01:00:00,-0.5,48.2,83.7,40.0,37.1,36.3,215.0
2020-03-24 02:00:00,-0.3,48.2,80.2,33.1,51.8,33.4,0.0
2020-03-24 03:00:00,-0.3,48.2,71.5,32.1,50.5,33.5,0.0
2020-03-24 04:00:00,-0.4,48.1,68.4,31.2,51.0,33.4,0.0
2020-03-24 05:00:00,-0.3,48.2,72.0,28.3,32.3,25.7,0.0
2020-03-24 06:00:00,-0.3,48.0,85.1,45.7,48.1,40.8,568.0
2020-03-24 07:00:00,0.2,47.8,86.3,46.1,48.7,40.2,350.0
2020-03-24 08:00:00,0.2,47.9,85.7,44.8,47.3,39.9,342.0
2020-03-24 09:00:00,0.3,47.8,84.7,46.0,48.2,40.3,352.0
2020-03-24 10:00:00,1.2,47.5,84.3,44.6,47.1,39.8,338.0
2020-03-24 11:00:00,0.9,47.6,83.0,45.6,47.7,40.0,341.0
2020-03-24 12:00:00,1.3,47.4,82.9,45.8,47.9,40.3,350.0
2020-03-24 13:00:00,0.8,47.6,82.6,45.9,47.9,40.2,345.0
2020-03-24 14:00:00,0.3,47.9,84.3,46.2,48.5,40.5,360.0
2020-03-24 15:00:00,0.3,47.8,83.4,45.5,47.9,39.8,332.0
2020-03-24 16:00:00,0.2,47.9,84.4,46.1,48.3,40.4,353.0
2020-03-24 17:00:00,0.1,47.9,84.5,46.2,48.6,40.5,354.0
2020-03-24 18:00:00,0.1,47.9,83.8,45.2,47.4,40.2,334.0
2020-03-24 19:00:00,0.2,47.9,85.6,46.0,48.4,40.0,333.0
2020-03-24 20:00:00,0.3,47.8,84.0,45.4,47.7,40.4,345.0
2020-03-24 21:00:00,0.0,48.0,84.3,45.0,47.5,40.1,330.0
2020-03-24 22:00:00,0.2,47.9,85.3,45.1,47.6,40.1,328.0
2020-03-24 23:00:00,0.9,47.6,80.5,34.8,41.3,33.0,59.0
2020-03-25 00:00:00,1.1,47.5,86.6,48.0,49.4,37.8,308.0
2020-03-25 01:00:00,1.3,47.5,83.0,36.3,35.4,33.6,121.0
2020-03-25 02:00:00,1.3,47.4,78.3,33.0,56.3,32.9,0.0
2020-03-25 03:00:00,1.2,47.5,68.2,32.4,49.4,33.6,0.0
2020-03-25 04:00:00,1.6,47.3,63.0,31.9,48.6,33.7,0.0
2020-03-25 05:00:00,1.4,47.5,59.6,31.3,46.0,33.4,0.0
2020-03-25 06:00:00,0.7,47.6,85.9,45.5,48.0,40.5,568.0
2020-03-25 07:00:00,1.5,47.4,84.5,45.7,47.8,39.8,348.0
2020-03-25 08:00:00,2.9,46.8,81.3,44.0,46.2,39.3,328.0
2020-03-25 09:00:00,4.0,46.4,79.6,44.5,46.7,39.2,324.0
2020-03-25 10:00:00,5.2,45.9,78.0,44.3,46.3,39.1,327.0
2020-03-25 11:00:00,6.4,45.5,78.3,44.0,46.0,38.7,315.0
2020-03-25 12:00:00,6.4,45.5,76.0,43.5,45.4,38.6,306.0
2020-03-25 13:00:00,6.5,45.5,75.2,43.6,45.4,38.3,302.0
2020-03-25 14:00:00,6.3,45.6,75.4,43.9,45.5,38.6,311.0
2020-03-25 15:00:00,6.3,45.6,75.4,43.9,45.5,38.6,305.0
2020-03-25 16:00:00,5.3,45.8,74.9,44.2,45.8,38.9,315.0
2020-03-25 17:00:00,3.8,46.5,76.6,44.8,46.2,39.3,324.0
2020-03-25 18:00:00,3.3,46.6,80.8,44.5,46.5,39.6,328.0
2020-03-25 19:00:00,3.1,46.7,80.7,44.3,46.4,39.3,317.0
2020-03-25 20:00:00,3.0,46.8,81.5,44.2,46.2,39.3,321.0
2020-03-25 21:00:00,3.6,46.5,81.7,44.2,46.4,39.3,314.0
2020-03-25 22:00:00,3.7,46.5,82.4,43.8,40.1,39.3,311.0
2020-03-25 23:00:00,4.0,46.4,78.5,34.0,37.8,33.1,0.0
2020-03-26 00:00:00,4.2,46.3,74.6,32.3,54.6,31.7,0.0
2020-03-26 01:00:00,4.4,46.2,65.8,31.8,47.4,32.6,0.0
2020-03-26 02:00:00,4.3,46.2,63.8,31.3,48.4,32.9,0.0
2020-03-26 03:00:00,4.2,46.3,56.2,30.9,44.4,32.7,0.0
2020-03-26 04:00:00,4.5,46.1,59.7,31.0,46.4,32.0,0.0
2020-03-26 05:00:00,4.2,46.2,57.7,31.2,46.2,31.4,0.0
2020-03-26 06:00:00,3.8,46.4,59.9,35.5,33.7,22.7,62.0
2020-03-26 07:00:00,5.0,46.0,83.2,44.2,46.5,39.2,531.0
2020-03-26 08:00:00,6.0,45.7,78.8,43.8,45.8,38.5,313.0
2020-03-26 09:00:00,6.6,45.5,78.3,44.0,46.0,38.7,328.0
2020-03-26 10:00:00,7.3,45.3,76.7,43.8,45.6,38.6,317.0
2020-03-26 11:00:00,8.4,45.0,74.0,43.1,44.7,38.1,299.0
2020-03-26 12:00:00,8.6,44.9,67.9,41.0,34.9,34.5,192.0
2020-03-26 13:00:00,8.7,44.9,70.5,44.5,45.1,32.8,171.0
2020-03-26 14:00:00,8.4,45.0,73.4,43.3,44.7,38.5,366.0
2020-03-26 15:00:00,8.1,45.0,76.5,43.7,45.5,38.6,307.0
2020-03-26 16:00:00,7.9,45.1,78.0,43.6,45.5,38.5,302.0
2020-03-26 17:00:00,7.5,45.2,76.8,43.6,45.3,38.6,303.0
2020-03-26 18:00:00,7.9,45.1,77.6,43.8,45.7,38.7,302.0
2020-03-26 19:00:00,7.9,45.1,76.0,43.8,45.4,38.8,297.0
2020-03-26 20:00:00,8.1,45.1,76.6,43.1,44.9,38.5,295.0
2020-03-26 21:00:00,8.2,45.0,75.8,42.9,44.8,38.4,286.0
2020-03-26 22:00:00,8.3,45.1,76.0,42.5,39.3,38.4,277.0
2020-03-26 23:00:00,7.4,45.3,72.7,33.5,38.5,32.8,0.0
2020-03-27 00:00:00,7.2,45.3,69.5,32.1,52.4,31.9,0.0
2020-03-27 01:00:00,7.0,45.4,62.3,31.6,45.8,32.3,0.0
2020-03-27 02:00:00,6.4,45.6,61.6,31.1,47.4,32.2,0.0
2020-03-27 03:00:00,6.0,45.7,54.7,30.7,44.9,32.1,0.0
2020-03-27 04:00:00,5.9,45.7,56.5,30.7,45.3,31.6,0.0
2020-03-27 05:00:00,5.7,45.8,56.2,31.1,45.9,30.6,0.0
2020-03-27 06:00:00,5.4,45.8,67.0,41.5,40.5,29.4,211.0
2020-03-27 07:00:00,7.1,45.4,80.1,43.8,45.8,38.9,420.0
2020-03-27 08:00:00,8.5,45.0,77.1,42.5,44.4,38.0,295.0
2020-03-27 09:00:00,10.1,44.5,75.8,42.1,43.9,37.8,285.0
2020-03-27 10:00:00,10.8,44.3,73.2,42.7,44.2,37.8,288.0
2020-03-27 11:00:00,12.1,44.0,70.3,38.4,35.0,34.4,183.0
2020-03-27 12:00:00,12.5,44.0,68.0,31.8,36.1,32.0,0.0
2020-03-27 13:00:00,13.7,44.0,65.4,30.7,49.8,30.7,0.0
2020-03-27 14:00:00,12.7,44.0,58.9,29.8,44.9,30.8,0.0
2020-03-27 15:00:00,12.5,44.0,56.5,29.2,45.0,31.0,0.0
2020-03-27 16:00:00,12.2,44.0,53.2,28.7,43.6,30.5,0.0
2020-03-27 17:00:00,11.2,44.2,64.3,29.8,26.2,25.2,86.0
2020-03-27 18:00:00,9.8,44.6,74.9,45.4,46.1,37.7,365.0
2020-03-27 19:00:00,9.6,44.6,75.9,42.3,44.2,37.8,294.0
2020-03-27 20:00:00,9.5,44.6,75.7,42.5,44.4,38.0,291.0
2020-03-27 21:00:00,9.0,44.8,75.5,42.8,44.7,38.2,293.0
2020-03-27 22:00:00,7.9,45.1,75.5,41.9,38.8,38.2,269.0
2020-03-27 23:00:00,6.7,45.5,71.8,33.0,37.9,32.5,0.0
2020-03-28 00:00:00,5.7,45.8,68.6,31.5,51.2,31.5,0.0
2020-03-28 01:00:00,4.8,46.0,60.7,30.8,43.5,32.1,0.0
2020-03-28 02:00:00,4.1,46.3,58.0,30.1,45.6,31.6,0.0
2020-03-28 03:00:00,3.9,46.3,58.2,29.8,46.3,31.1,0.0
2020-03-28 04:00:00,3.9,46.4,55.4,29.7,45.0,30.8,0.0
2020-03-28 05:00:00,3.3,46.6,54.6,29.6,44.7,29.6,0.0
2020-03-28 06:00:00,3.4,46.6,82.0,43.1,43.1,26.1,145.0
2020-03-28 07:00:00,4.5,46.1,83.4,43.7,46.2,39.1,488.0
2020-03-28 08:00:00,5.9,45.8,80.9,43.4,45.9,38.3,309.0
2020-03-28 09:00:00,9.5,45.3,79.0,43.4,45.6,38.6,321.0
2020-03-28 10:00:00,11.5,45.2,74.4,37.8,34.1,33.6,168.0
2020-03-28 11:00:00,12.8,45.0,70.6,31.7,44.4,31.7,0.0
2020-03-28 12:00:00,13.7,45.0,65.2,30.8,48.6,31.2,0.0
2020-03-28 13:00:00,14.7,45.0,57.6,30.3,42.3,31.5,0.0
2020-03-28 14:00:00,15.1,45.0,55.7,29.8,44.5,31.2,0.0
2020-03-28 15:00:00,14.9,45.0,57.4,29.7,44.8,31.1,0.0
2020-03-28 16:00:00,14.8,45.0,56.2,29.9,45.2,30.2,0.0
2020-03-28 17:00:00,14.2,45.0,55.6,30.0,45.8,28.9,0.0
2020-03-28 18:00:00,13.5,45.0,55.7,41.5,48.1,24.9,0.0
2020-03-28 19:00:00,12.1,45.0,50.1,38.4,44.0,25.8,0.0
2020-03-28 20:00:00,11.1,45.3,74.1,46.1,46.8,38.3,465.0
2020-03-28 21:00:00,10.2,45.7,75.9,44.5,46.3,38.8,329.0
2020-03-28 22:00:00,9.3,46.1,77.2,45.1,46.6,39.2,328.0
2020-03-28 23:00:00,7.9,46.7,73.8,34.0,37.7,32.4,0.0
2020-03-29 00:00:00,7.5,46.9,70.9,31.7,52.7,31.5,0.0
2020-03-29 01:00:00,6.4,47.4,63.7,30.8,46.9,31.6,0.0
2020-03-29 02:00:00,6.3,47.4,62.7,30.45,47.45,31.2,0.0
2020-03-29 03:00:00,6.2,47.4,61.7,30.1,48.0,30.8,0.0
2020-03-29 04:00:00,5.4,47.7,59.7,29.6,47.6,30.8,0.0
2020-03-29 05:00:00,5.4,47.8,58.9,29.7,47.7,29.8,0.0
2020-03-29 06:00:00,4.8,48.0,57.9,29.2,48.7,27.6,0.0
2020-03-29 07:00:00,4.9,48.0,84.5,49.5,49.4,35.5,357.0
2020-03-29 08:00:00,6.1,47.4,79.2,45.2,47.0,39.8,399.0
2020-03-29 09:00:00,9.3,46.1,79.5,44.5,46.4,39.1,336.0
2020-03-29 10:00:00,11.5,45.2,78.2,43.6,45.6,38.9,272.0
2020-03-29 11:00:00,11.5,45.2,78.2,43.6,45.6,38.9,0.0
2020-03-29 12:00:00,11.5,45.2,78.2,43.6,45.6,38.9,0.0
2020-03-29 13:00:00,15.0,45.0,53.1,37.4,29.3,29.4,0.0
2020-03-29 14:00:00,15.4,45.0,48.7,35.6,28.6,28.5,0.0
2020-03-29 15:00:00,16.2,45.0,44.9,34.0,27.7,27.7,0.0
2020-03-29 16:00:00,15.4,45.0,41.7,32.5,26.8,26.7,0.0
2020-03-29 17:00:00,14.9,45.0,43.5,30.9,26.3,25.9,0.0
2020-03-29 18:00:00,14.5,45.0,39.7,29.7,25.4,25.1,0.0
2020-03-29 19:00:00,13.5,45.0,61.7,35.1,34.3,22.5,53.0
2020-03-29 20:00:00,12.5,45.0,77.9,43.5,45.3,38.9,489.0
2020-03-29 21:00:00,11.8,45.0,77.1,43.5,45.5,38.1,297.0
2020-03-29 22:00:00,10.7,45.5,74.6,34.5,41.1,31.6,76.0
2020-03-29 23:00:00,10.2,45.7,69.9,31.8,52.6,32.0,0.0
2020-03-30 00:00:00,9.1,46.2,61.3,31.0,46.3,32.4,0.0
2020-03-30 01:00:00,8.4,46.5,61.0,30.8,47.4,32.3,0.0
2020-03-30 02:00:00,7.0,47.1,58.5,30.4,46.3,32.2,0.0
2020-03-30 03:00:00,6.3,47.4,58.5,31.3,46.7,31.7,0.0
2020-03-30 04:00:00,5.5,47.7,59.1,30.4,48.9,29.1,0.0
2020-03-30 05:00:00,5.3,47.8,55.1,28.6,47.3,28.5,0.0
2020-03-30 06:00:00,4.8,48.0,66.6,37.2,35.0,22.8,70.0
2020-03-30 07:00:00,4.8,48.0,83.9,46.7,48.6,40.7,544.0
2020-03-30 08:00:00,6.9,47.1,81.3,45.3,47.3,40.1,356.0
2020-03-30 09:00:00,10.8,45.6,79.1,43.8,45.7,39.0,320.0
2020-03-30 10:00:00,11.7,45.1,75.5,42.2,38.7,38.3,287.0
2020-03-30 11:00:00,12.1,45.0,74.5,43.4,42.4,29.0,68.0
2020-03-30 12:00:00,12.5,45.0,71.9,31.1,31.9,30.3,63.0
2020-03-30 13:00:00,13.0,45.0,64.1,30.3,30.4,30.2,0.0
2020-03-30 14:00:00,13.2,45.0,60.0,29.6,28.6,27.9,0.0
2020-03-30 15:00:00,12.7,45.0,57.6,27.6,26.9,26.5,0.0
2020-03-30 16:00:00,11.7,45.1,55.0,26.2,26.3,25.9,0.0
2020-03-30 17:00:00,10.5,45.6,52.8,25.6,26.4,25.3,0.0
2020-03-30 18:00:00,9.7,46.0,51.0,24.9,29.8,24.2,0.0
2020-03-30 19:00:00,8.6,46.4,76.4,42.7,41.5,26.9,156.0
2020-03-30 20:00:00,8.1,46.6,78.3,45.2,47.0,39.6,475.0
2020-03-30 21:00:00,7.5,46.9,78.9,45.3,46.9,39.5,337.0
2020-03-30 22:00:00,6.9,47.1,78.4,44.2,39.8,39.7,310.0
2020-03-30 23:00:00,6.0,47.5,73.9,33.7,36.1,32.8,0.0
2020-03-31 00:00:00,5.1,47.9,71.1,31.8,47.9,31.7,0.0
2020-03-31 01:00:00,5.0,48.0,65.9,30.1,50.5,30.5,0.0
2020-03-31 02:00:00,5.2,47.9,60.0,29.3,48.3,30.9,0.0
2020-03-31 03:00:00,4.9,48.0,58.5,28.6,47.5,29.7,0.0
2020-03-31 04:00:00,4.6,48.1,59.4,28.8,48.0,29.1,0.0
2020-03-31 05:00:00,4.2,48.1,57.8,28.4,48.6,27.1,0.0
2020-03-31 06:00:00,3.8,47.3,84.9,46.6,46.3,30.5,256.0
2020-03-31 07:00:00,3.5,47.4,81.9,44.8,46.7,39.5,446.0
2020-03-31 08:00:00,3.7,47.3,81.3,45.6,47.3,39.6,349.0
2020-03-31 09:00:00,4.3,47.2,82.2,44.7,46.7,39.5,344.0
2020-03-31 10:00:00,5.3,46.8,80.9,45.0,47.1,39.2,332.0
2020-03-31 11:00:00,6.3,46.6,79.5,45.1,47.0,39.5,341.0
2020-03-31 12:00:00,6.4,46.6,78.7,44.8,46.5,39.5,335.0
2020-03-31 13:00:00,6.9,46.4,77.7,44.1,45.9,38.9,313.0
2020-03-31 14:00:00,6.9,46.4,77.2,43.9,45.9,38.9,315.0
2020-03-31 15:00:00,5.9,46.7,78.5,45.4,47.1,39.5,337.0
2020-03-31 16:00:00,5.5,46.9,79.4,45.0,46.9,39.7,337.0
2020-03-31 17:00:00,5.1,46.9,80.8,45.1,47.2,39.7,328.0
2020-03-31 18:00:00,2.7,47.6,81.9,45.5,47.6,39.8,334.0
2020-03-31 19:00:00,2.6,47.7,83.3,46.1,47.9,40.4,350.0
2020-03-31 20:00:00,1.6,48.0,84.7,46.3,48.5,40.7,352.0
2020-03-31 21:00:00,1.5,48.0,85.3,45.6,48.1,40.4,339.0
2020-03-31 22:00:00,1.3,48.0,83.6,41.3,44.6,38.7,284.0
2020-03-31 23:00:00,1.1,48.2,80.3,33.2,42.7,32.5,0.0
2020-11-01 06:00:00,8.0,44.7,56.5,27.2,29.4,22.7,116300.0
2020-11-01 07:00:00,8.0,45.0,78.2,45.2,46.2,38.6,459.0
2020-11-01 08:00:00,9.6,45.0,77.2,43.4,44.8,38.5,298.0
2020-11-01 09:00:00,10.7,45.0,69.8,38.4,32.0,31.6,81.0
2020-11-01 10:00:00,12.2,45.0,69.7,31.8,32.6,31.5,0.0
2020-11-01 11:00:00,12.8,45.0,67.8,29.7,27.1,26.7,0.0
2020-11-01 12:00:00,12.0,45.0,65.3,26.0,40.8,26.6,0.0
2020-11-01 13:00:00,12.3,45.0,63.9,26.3,49.5,26.2,0.0
2020-11-01 14:00:00,12.4,45.0,56.3,26.1,44.5,26.7,0.0
2020-11-01 15:00:00,12.0,45.0,58.4,26.2,46.3,26.6,0.0
2020-11-01 16:00:00,11.8,45.0,53.5,26.3,44.4,26.3,0.0
2020-11-01 17:00:00,10.3,44.4,70.6,41.7,41.6,31.6,236.0
2020-11-01 18:00:00,9.9,44.4,75.7,43.4,45.0,38.2,365.0
2020-11-01 19:00:00,8.95,44.5,76.6,43.3,44.9,38.25,286.5
2020-11-01 20:00:00,8.0,44.6,77.5,43.2,44.8,38.3,286.5
2020-11-01 21:00:00,7.7,44.7,78.1,43.3,45.3,38.4,291.0
2020-11-01 22:00:00,7.1,44.8,78.5,43.5,45.1,38.5,293.0
2020-11-01 23:00:00,7.0,44.8,74.2,33.3,39.4,32.4,0.0
2020-11-02 00:00:00,6.3,44.8,70.5,31.6,52.1,31.5,0.0
2020-11-02 01:00:00,6.3,44.9,62.0,30.7,44.1,32.1,0.0
2020-11-02 02:00:00,6.3,44.9,58.8,29.8,46.0,31.7,0.0
2020-11-02 03:00:00,6.6,44.9,58.8,29.2,45.6,31.9,0.0
2020-11-02 04:00:00,6.5,44.8,57.0,29.3,45.3,30.0,0.0
2020-11-02 05:00:00,6.8,44.8,55.3,29.1,45.0,29.7,0.0
2020-11-02 06:00:00,7.1,44.8,79.2,43.6,44.3,32.9,300.0
2020-11-02 07:00:00,7.2,44.8,79.1,43.4,45.1,37.9,362.0
2020-11-02 08:00:00,7.7,44.7,79.2,42.8,44.8,38.2,308.0
2020-11-02 09:00:00,9.0,44.5,77.4,42.5,44.3,38.0,288.0
2020-11-02 10:00:00,11.4,44.2,74.5,42.7,44.3,37.9,277.0
2020-11-02 11:00:00,13.0,44.1,70.9,34.9,37.6,31.5,72.0
2020-11-02 12:00:00,13.4,44.0,68.1,31.7,40.7,31.6,0.0
2020-11-02 13:00:00,13.7,44.0,64.6,30.2,49.4,29.8,0.0
2020-11-02 14:00:00,14.3,44.0,57.5,29.8,43.7,30.5,0.0
2020-11-02 15:00:00,14.5,44.0,57.3,29.4,45.4,30.5,0.0
2020-11-02 16:00:00,14.0,44.0,52.6,29.1,43.3,30.4,0.0
2020-11-02 17:00:00,13.2,44.0,54.5,29.2,44.1,29.7,0.0
2020-11-02 18:00:00,12.4,44.1,72.4,39.1,38.9,28.4,145.0
2020-11-02 19:00:00,12.7,44.1,71.5,43.5,44.4,38.4,394.0
2020-11-02 20:00:00,12.5,44.1,72.6,43.5,44.5,38.2,291.0
2020-11-02 21:00:00,12.7,44.1,47.4,38.3,36.8,36.6,199.0
2020-11-02 22:00:00,13.2,44.0,44.5,35.5,33.3,33.4,0.0
2020-11-02 23:00:00,12.7,44.1,42.2,33.4,31.4,31.6,0.0
2020-11-03 00:00:00,12.5,44.1,41.8,31.1,28.3,28.4,0.0
2020-11-03 01:00:00,12.4,44.2,40.1,29.2,27.0,27.1,0.0
2020-11-03 02:00:00,12.2,44.2,39.0,27.8,26.6,26.5,0.0
2020-11-03 03:00:00,11.9,44.2,38.4,26.7,26.2,26.2,0.0
2020-11-03 04:00:00,12.1,44.2,38.3,25.9,26.1,25.8,0.0
2020-11-03 05:00:00,11.9,44.2,38.4,25.4,25.9,25.1,0.0
2020-11-03 06:00:00,11.9,44.2,61.7,32.3,32.9,23.0,36.0
2020-11-03 07:00:00,12.0,44.2,78.8,45.3,46.3,37.8,448.0
2020-11-03 08:00:00,12.5,44.1,76.9,42.3,44.1,38.1,286.0
2020-11-03 09:00:00,13.5,44.0,76.5,41.9,43.8,37.8,270.0
2020-11-03 10:00:00,13.8,44.0,76.4,41.9,43.6,37.7,265.0
2020-11-03 11:00:00,15.2,44.0,72.4,33.1,40.1,32.0,0.0
2020-11-03 12:00:00,16.3,44.0,68.6,31.7,50.9,31.7,0.0
2020-11-03 13:00:00,17.1,44.0,60.6,31.2,45.2,32.2,0.0
2020-11-03 14:00:00,17.3,44.0,57.7,30.7,45.3,32.2,0.0
2020-11-03 15:00:00,16.6,44.0,52.9,30.3,42.8,32.1,0.0
2020-11-03 16:00:00,16.0,44.0,56.6,30.6,43.6,32.1,0.0
2020-11-03 17:00:00,15.6,44.0,59.8,41.1,28.0,25.8,0.0
2020-11-03 18:00:00,15.5,44.0,76.6,43.2,44.7,38.4,445.0
2020-11-03 19:00:00,14.9,40.0,73.1,37.3,39.3,34.9,179.0
2020-11-03 20:00:00,14.6,40.0,72.6,37.5,39.6,35.0,200.0
2020-11-03 21:00:00,14.2,40.0,72.1,37.4,39.5,34.9,196.0
2020-11-03 22:00:00,14.5,40.0,71.6,37.2,34.2,33.9,154.0
2020-11-03 23:00:00,13.7,40.0,68.0,33.9,38.3,33.2,0.0
2020-11-04 00:00:00,12.6,40.0,66.7,30.4,43.1,29.3,0.0
2020-11-04 01:00:00,12.5,40.0,66.2,28.8,45.2,28.2,0.0
2020-11-04 02:00:00,12.2,40.0,54.7,27.8,40.7,28.5,0.0
2020-11-04 03:00:00,12.6,40.0,50.2,27.6,40.2,28.8,0.0
2020-11-04 04:00:00,12.7,40.0,48.8,27.4,38.7,28.6,0.0
2020-11-04 05:00:00,12.7,40.0,49.1,27.2,39.4,28.7,0.0
2020-11-04 06:00:00,12.3,46.0,74.8,42.1,42.2,30.2,185.0
2020-11-04 07:00:00,12.6,46.0,77.4,45.2,46.5,39.2,404.0
2020-11-04 08:00:00,13.2,46.0,76.3,45.1,46.4,39.6,320.0
2020-11-04 09:00:00,14.4,46.0,76.0,44.4,40.2,39.6,304.0
2020-11-04 10:00:00,14.5,46.0,72.4,34.2,37.7,33.2,0.0
2020-11-04 11:00:00,14.7,46.0,71.3,33.1,40.1,32.9,0.0
2020-11-04 12:00:00,15.8,46.0,65.1,32.0,43.45,32.35,0.0
2020-11-04 13:00:00,16.9,46.0,58.9,30.9,46.8,31.8,0.0
2020-11-04 14:00:00,15.7,46.0,54.4,30.6,45.1,31.9,0.0
2020-11-04 15:00:00,14.8,46.0,56.3,30.6,45.2,31.4,0.0
2020-11-04 16:00:00,14.2,44.0,61.0,31.0,32.2,24.0,0.0
2020-11-04 17:00:00,13.9,43.0,72.1,43.4,44.0,36.3,393.0
2020-11-04 18:00:00,13.4,43.0,71.9,41.8,43.1,37.6,273.0
2020-11-04 19:00:00,13.2,43.0,72.9,42.1,43.2,37.4,258.0
2020-11-04 20:00:00,12.9,43.0,71.4,41.3,42.9,37.0,237.0
2020-11-04 21:00:00,12.8,43.0,69.5,41.4,42.7,37.3,248.0
2020-11-04 22:00:00,12.9,43.0,68.4,41.0,38.2,37.2,238.0
2020-11-04 23:00:00,12.6,43.0,66.0,33.0,36.1,32.1,0.0
2020-11-05 00:00:00,12.5,43.0,63.8,31.7,42.2,31.6,0.0
2020-11-05 01:00:00,12.3,43.0,60.2,30.1,47.4,30.0,0.0
2020-11-05 02:00:00,12.2,43.0,53.9,29.6,42.2,30.5,0.0
2020-11-05 03:00:00,11.8,43.0,54.2,29.1,43.8,30.3,0.0
2020-11-05 04:00:00,11.8,43.0,50.1,28.7,42.1,30.2,0.0
2020-11-05 05:00:00,11.3,43.3,52.3,29.0,43.0,29.3,0.0
2020-11-05 06:00:00,11.0,43.5,59.3,35.9,36.1,29.4,159.0
2020-11-05 07:00:00,11.2,43.3,74.5,42.3,43.9,38.0,359.0
2020-11-05 08:00:00,11.9,43.0,73.6,41.9,43.5,37.7,264.0
2020-11-05 09:00:00,12.5,43.0,73.6,41.8,43.4,37.5,260.0
2020-11-05 10:00:00,13.1,43.0,71.4,41.5,40.9,37.5,252.0
2020-11-05 11:00:00,14.3,43.0,68.4,34.0,38.4,33.8,0.0
2020-11-05 12:00:00,15.3,43.0,66.1,32.3,44.7,31.6,0.0
2020-11-05 13:00:00,15.0,43.0,61.4,30.4,46.8,30.3,0.0
2020-11-05 14:00:00,14.8,43.0,54.9,30.0,41.6,30.7,0.0
2020-11-05 15:00:00,14.3,43.0,53.5,29.5,43.7,30.5,0.0
2020-11-05 16:00:00,13.5,43.0,60.8,27.0,30.2,23.8,0.0
2020-11-05 17:00:00,13.2,43.0,46.0,36.8,36.3,32.0,274.0
2020-11-05 18:00:00,12.7,43.0,77.3,41.6,43.5,37.9,325.0
2020-11-05 19:00:00,12.6,43.0,74.5,40.7,42.5,37.2,242.0
2020-11-05 20:00:00,11.9,43.0,73.9,40.7,42.3,37.1,243.0
2020-11-05 21:00:00,11.9,43.0,76.1,41.0,42.7,37.2,245.0
2020-11-05 22:00:00,11.3,43.3,74.6,37.0,34.4,33.7,143.0
2020-11-05 23:00:00,9.6,44.0,72.1,32.2,48.0,32.3,0.0
2020-11-06 00:00:00,9.3,44.2,65.1,31.6,47.5,32.3,0.0
2020-11-06 01:00:00,8.7,44.6,57.5,30.9,42.5,32.5,0.0
2020-11-06 02:00:00,7.8,45.0,54.8,30.3,44.0,32.5,0.0
2020-11-06 03:00:00,7.6,45.0,57.9,30.4,45.1,32.1,0.0
2020-11-06 04:00:00,7.4,45.1,57.1,30.7,45.9,31.0,0.0
2020-11-06 05:00:00,6.6,45.4,55.3,30.5,45.6,29.9,0.0
2020-11-06 06:00:00,6.8,45.4,79.4,39.6,40.8,28.9,164.0
2020-11-06 07:00:00,7.9,44.8,68.3,43.1,43.8,39.1,411.0
2020-11-06 08:00:00,9.1,44.2,78.1,43.3,44.9,38.6,298.0
2020-11-06 09:00:00,9.9,43.9,74.9,41.9,43.7,37.8,267.0
2020-11-06 10:00:00,10.1,43.8,74.6,41.6,43.3,37.4,259.0
2020-11-06 11:00:00,11.2,43.3,74.3,42.3,43.9,37.8,273.0
2020-11-06 12:00:00,11.4,43.3,73.8,42.2,43.8,37.8,267.0
2020-11-06 13:00:00,10.4,43.7,73.4,42.2,43.6,37.8,266.0
2020-11-06 14:00:00,10.7,43.5,74.4,42.5,44.1,37.9,270.0
2020-11-06 15:00:00,10.4,43.7,75.1,42.7,44.1,38.1,272.0
2020-11-06 16:00:00,9.8,44.6,75.1,42.8,44.3,38.2,272.0
2020-11-06 17:00:00,10.0,44.5,75.6,43.1,44.7,38.5,280.0
2020-11-06 18:00:00,10.6,44.4,75.0,43.1,44.7,38.6,272.0
2020-11-06 19:00:00,10.1,44.5,75.1,43.0,44.7,38.6,270.0
2020-11-06 20:00:00,10.3,44.5,73.3,42.7,44.1,38.3,263.0
2020-11-06 21:00:00,10.2,44.5,74.6,42.8,44.3,38.3,263.0
2020-11-06 22:00:00,10.1,44.6,74.3,42.7,38.1,38.0,232.0
2020-11-06 23:00:00,9.8,44.6,69.3,33.8,34.5,33.1,0.0
2020-11-07 00:00:00,9.5,44.7,68.2,32.3,40.9,32.1,0.0
2020-11-07 01:00:00,9.5,44.7,64.8,30.4,49.8,30.0,0.0
2020-11-07 02:00:00,9.1,44.8,57.2,29.9,43.8,30.6,0.0
2020-11-07 03:00:00,7.8,45.3,57.5,29.2,45.9,30.3,0.0
2020-11-07 04:00:00,7.0,45.5,55.9,28.7,45.1,30.1,0.0
2020-11-07 05:00:00,6.3,45.7,55.2,28.9,45.1,29.1,0.0
2020-11-07 06:00:00,5.6,46.9,75.0,41.9,43.0,33.6,266.0
2020-11-07 07:00:00,5.8,46.9,79.1,45.7,47.3,40.2,400.0
2020-11-07 08:00:00,7.2,46.7,85.5,45.1,47.4,40.0,327.0
2020-11-07 09:00:00,8.9,46.0,83.2,44.0,46.2,39.4,305.0
2020-11-07 10:00:00,10.1,45.3,79.3,43.6,45.5,38.9,291.0
2020-11-07 11:00:00,11.6,45.0,74.1,43.2,44.5,38.3,272.0
2020-11-07 12:00:00,11.5,44.1,72.2,43.2,44.2,38.1,278.0
2020-11-07 13:00:00,12.0,44.0,69.9,42.1,38.0,37.6,247.0
2020-11-07 14:00:00,11.6,44.1,66.7,33.3,34.1,32.6,0.0
2020-11-07 15:00:00,11.6,44.0,65.9,31.8,36.3,31.2,0.0
2020-11-07 16:00:00,11.3,44.1,64.2,28.9,46.4,28.5,0.0
2020-11-07 17:00:00,9.9,43.9,71.7,39.9,39.5,29.1,146.0
2020-11-07 18:00:00,9.0,44.3,81.1,43.7,45.1,37.9,359.0
2020-11-07 19:00:00,8.1,44.8,81.6,42.9,44.7,38.5,288.0
2020-11-07 20:00:00,7.7,45.0,81.6,42.9,45.0,38.6,286.0
2020-11-07 21:00:00,7.5,45.0,83.9,43.2,45.5,39.0,292.0
2020-11-07 22:00:00,6.6,45.5,84.3,42.7,45.2,38.8,281.0
2020-11-07 23:00:00,6.3,45.6,80.0,33.7,44.1,32.8,0.0
2020-11-08 00:00:00,5.4,46.1,73.6,32.4,53.5,32.8,0.0
2020-11-08 01:00:00,5.1,46.5,64.0,31.5,46.8,33.2,0.0
2020-11-08 02:00:00,4.3,47.7,64.5,30.9,48.8,33.3,0.0
2020-11-08 03:00:00,4.2,47.8,63.2,30.4,47.9,33.0,0.0
2020-11-08 04:00:00,3.7,48.5,61.1,30.6,47.9,31.6,0.0
2020-11-08 05:00:00,3.2,49.1,61.4,30.6,48.7,30.2,0.0
2020-11-08 06:00:00,2.9,49.7,67.8,36.6,35.3,22.6,34.0
2020-11-08 07:00:00,3.2,49.0,100.6,47.5,50.8,41.8,554.0
2020-11-08 08:00:00,4.1,48.0,89.0,45.0,47.4,40.2,330.0
2020-11-08 09:00:00,5.5,46.1,87.1,43.7,46.2,39.7,320.0
2020-11-08 10:00:00,7.2,45.2,86.6,42.9,45.4,38.9,293.0
2020-11-08 11:00:00,8.6,44.5,77.9,42.1,44.0,38.0,277.0
2020-11-08 12:00:00,9.9,43.9,72.2,41.8,43.1,37.6,262.0
2020-11-08 13:00:00,11.5,43.2,69.3,33.4,35.2,32.0,0.0
2020-11-08 14:00:00,12.1,43.0,66.4,31.6,41.4,31.4,0.0
2020-11-08 15:00:00,12.4,43.0,62.5,30.1,48.1,29.7,0.0
2020-11-08 16:00:00,11.7,43.0,55.7,29.8,43.1,30.4,0.0
2020-11-08 17:00:00,10.5,43.6,51.6,37.3,36.7,31.1,170.0
2020-11-08 18:00:00,9.1,44.3,68.0,43.7,45.1,38.1,323.0
2020-11-08 19:00:00,7.8,44.8,81.6,43.5,45.5,38.7,309.0
2020-11-08 20:00:00,7.4,45.1,83.1,43.5,45.7,38.9,298.0
2020-11-08 21:00:00,6.5,45.5,83.1,43.7,45.8,39.2,300.0
2020-11-08 22:00:00,6.1,45.7,81.5,37.3,35.9,35.4,160.0
2020-11-08 23:00:00,5.6,46.1,78.1,32.0,46.8,32.1,0.0
2020-11-09 00:00:00,5.1,46.5,70.3,31.3,51.1,32.0,0.0
2020-11-09 01:00:00,4.1,47.8,61.3,30.5,45.2,32.3,0.0
2020-11-09 02:00:00,3.9,48.4,60.0,29.8,46.9,32.2,0.0
2020-11-09 03:00:00,3.0,49.2,62.6,30.1,48.6,31.3,0.0
2020-11-09 04:00:00,3.0,49.2,61.7,30.2,49.7,30.3,0.0
2020-11-09 05:00:00,3.1,49.2,60.2,29.9,49.2,29.1,0.0
2020-11-09 06:00:00,3.1,49.0,68.2,39.6,39.5,29.0,170.0
2020-11-09 07:00:00,3.5,48.9,73.0,48.1,47.7,39.2,445.0
2020-11-09 08:00:00,4.0,47.1,81.6,46.1,47.7,40.5,380.0
2020-11-09 09:00:00,4.8,46.2,81.1,44.8,46.7,39.7,323.0
2020-11-09 10:00:00,5.9,45.4,79.8,44.1,45.6,39.2,310.0
2020-11-09 11:00:00,7.4,44.4,79.0,43.0,44.9,38.5,289.0
2020-11-09 12:00:00,8.0,43.9,78.1,42.5,44.4,38.1,280.0
2020-11-09 13:00:00,8.5,43.7,76.0,41.4,38.4,37.6,257.0
2020-11-09 14:00:00,8.5,43.6,73.2,32.6,42.0,32.4,0.0
2020-11-09 15:00:00,8.2,43.8,67.4,31.4,50.4,32.0,0.0
2020-11-09 16:00:00,8.3,43.8,76.1,42.6,44.1,36.9,305.0
2020-11-09 17:00:00,7.6,44.2,79.0,42.6,44.5,38.1,307.0
2020-11-09 18:00:00,6.4,47.2,79.5,45.5,46.9,38.9,314.0
2020-11-09 19:00:00,5.8,47.5,80.0,45.9,47.6,40.4,352.0
2020-11-09 20:00:00,6.2,47.2,79.4,45.8,47.2,40.2,325.0
2020-11-09 21:00:00,7.0,46.8,78.3,45.5,47.0,40.1,321.0
2020-11-09 22:00:00,7.0,46.8,75.4,44.9,39.2,38.9,262.0
2020-11-09 23:00:00,7.4,46.7,70.7,35.6,38.1,35.4,0.0
2020-11-10 00:00:00,7.1,46.7,70.5,32.8,36.1,30.8,0.0
2020-11-10 01:00:00,7.2,46.8,69.0,28.1,47.2,28.4,0.0
2020-11-10 02:00:00,7.3,46.7,64.0,27.4,50.3,28.2,0.0
2020-11-10 03:00:00,7.3,46.6,56.2,27.2,44.6,28.8,0.0
2020-11-10 04:00:00,6.9,46.8,58.4,27.3,46.9,28.4,0.0
2020-11-10 05:00:00,7.1,46.7,56.4,27.4,46.1,28.5,0.0
2020-11-10 06:00:00,7.2,46.7,71.8,38.9,39.9,28.8,169.0
2020-11-10 07:00:00,7.2,46.7,79.6,46.1,47.5,40.1,438.0
2020-11-10 08:00:00,7.9,46.3,79.4,44.5,46.2,39.3,318.0
2020-11-10 09:00:00,8.5,45.9,77.5,44.0,45.6,39.0,302.0
2020-11-10 10:00:00,9.5,45.5,75.5,43.5,44.9,38.7,298.0
2020-11-10 11:00:00,10.9,44.7,74.5,43.1,44.5,38.3,278.0
2020-11-10 12:00:00,11.5,44.3,69.4,35.5,38.5,35.3,0.0
2020-11-10 13:00:00,11.6,45.1,72.5,44.6,44.8,35.3,240.0
2020-11-10 14:00:00,11.2,43.9,73.4,42.8,44.1,38.7,340.0
2020-11-10 15:00:00,11.5,43.8,72.7,41.5,43.0,37.4,250.0
2020-11-10 16:00:00,9.8,44.4,73.4,42.8,44.1,38.1,279.0
2020-11-10 17:00:00,9.1,44.6,75.5,43.4,45.1,38.6,286.0
2020-11-10 18:00:00,7.8,45.0,78.2,43.4,45.3,39.1,295.0
2020-11-10 19:00:00,6.8,45.4,79.1,43.3,45.1,38.8,281.0
2020-11-10 20:00:00,6.0,45.6,77.7,43.8,45.4,38.7,280.0
2020-11-10 21:00:00,5.2,45.9,78.2,44.5,46.1,39.5,305.0
2020-11-10 22:00:00,4.8,46.4,79.6,44.7,46.5,39.6,300.0
2020-11-10 23:00:00,4.4,46.8,77.2,34.3,40.7,33.7,0.0
2020-11-11 00:00:00,3.9,47.2,73.6,32.7,53.7,32.9,0.0
2020-11-11 01:00:00,3.9,47.5,64.1,31.8,46.8,33.4,0.0
2020-11-11 02:00:00,3.4,48.2,60.9,30.8,47.6,33.3,0.0
2020-11-11 03:00:00,2.9,48.9,62.2,30.7,48.2,32.8,0.0
2020-11-11 04:00:00,3.0,48.9,60.8,31.2,49.2,31.6,0.0
2020-11-11 05:00:00,3.0,48.5,59.3,31.1,48.9,30.2,0.0
2020-11-11 06:00:00,3.2,48.5,58.7,30.0,48.5,29.0,0.0
2020-11-11 07:00:00,3.2,48.3,83.5,49.8,49.7,38.5,480.0
2020-11-11 08:00:00,4.4,46.7,82.7,45.3,47.5,40.2,365.0
2020-11-11 09:00:00,7.0,45.3,78.9,43.6,45.4,38.9,299.0
2020-11-11 10:00:00,8.4,44.8,76.9,42.6,44.3,38.1,279.0
2020-11-11 11:00:00,9.4,44.5,73.9,43.4,44.7,38.3,294.0
2020-11-11 12:00:00,10.1,44.3,73.3,42.3,38.8,38.0,269.0
2020-11-11 13:00:00,10.3,44.2,69.7,33.3,38.1,32.9,0.0
2020-11-11 14:00:00,10.5,44.1,66.9,31.7,50.8,31.4,0.0
2020-11-11 15:00:00,11.8,43.7,59.1,31.1,44.0,32.1,0.0
2020-11-11 16:00:00,10.6,44.1,72.0,43.2,43.1,33.0,231.0
2020-11-11 17:00:00,9.7,44.4,75.1,43.2,44.7,38.3,347.0
2020-11-11 18:00:00,9.0,44.6,76.0,43.2,44.8,38.3,286.0
2020-11-11 19:00:00,8.9,44.7,75.7,43.6,45.2,38.6,294.0
2020-11-11 20:00:00,8.3,44.9,77.2,43.6,45.1,38.9,294.0
2020-11-11 21:00:00,8.3,44.9,75.8,43.4,44.7,38.8,284.0
2020-11-11 22:00:00,6.1,45.6,78.4,41.2,38.7,38.0,247.0
2020-11-11 23:00:00,5.2,45.9,76.0,33.2,50.1,33.3,0.0
2020-11-12 00:00:00,5.0,46.0,68.3,32.4,50.1,33.4,0.0
2020-11-12 01:00:00,4.2,46.9,61.2,31.5,47.6,33.6,0.0
2020-11-12 02:00:00,3.8,47.6,57.7,30.7,44.9,33.0,0.0
2020-11-12 03:00:00,3.5,48.2,60.2,30.8,48.0,31.7,0.0
2020-11-12 04:00:00,3.1,48.6,61.1,30.8,49.9,30.3,0.0
2020-11-12 05:00:00,2.6,49.5,58.9,29.9,50.0,29.0,0.0
2020-11-12 06:00:00,3.0,48.8,27.1,23.8,26.1,24.0,0.0
2020-11-12 07:00:00,2.9,48.8,75.1,46.3,46.3,36.7,418.0
2020-11-12 08:00:00,3.2,48.5,65.9,46.9,45.9,41.1,424.0
2020-11-12 09:00:00,4.7,46.2,83.5,45.2,47.1,40.1,340.0
2020-11-12 10:00:00,5.8,47.7,89.0,45.7,48.3,40.1,341.0
2020-11-12 11:00:00,7.2,47.2,75.5,45.4,46.8,39.7,319.0
2020-11-12 12:00:00,8.6,46.8,79.6,45.6,47.2,40.1,339.0
2020-11-12 13:00:00,10.4,45.4,81.6,43.9,46.1,39.5,309.0
2020-11-12 14:00:00,11.1,43.9,82.9,41.1,43.5,38.1,275.0
2020-11-12 15:00:00,10.8,43.7,95.5,40.6,43.9,38.1,269.0
2020-11-12 16:00:00,10.5,43.7,78.2,40.5,42.7,37.6,251.0
2020-11-12 17:00:00,9.9,43.9,73.6,44.0,45.1,37.8,266.0
2020-11-12 18:00:00,8.8,44.1,79.9,42.6,44.7,38.4,281.0
2020-11-12 19:00:00,8.6,45.2,81.1,42.6,44.8,38.5,279.0
2020-11-12 20:00:00,7.4,45.4,99.2,42.1,45.7,39.3,300.0
2020-11-12 21:00:00,7.6,45.4,100.2,41.7,45.3,39.0,283.0
2020-11-12 22:00:00,7.0,45.5,78.9,42.6,39.7,38.5,268.0
2020-11-12 23:00:00,5.6,45.8,74.6,33.2,31.0,30.5,0.0
2020-11-13 00:00:00,5.7,45.8,72.0,28.5,27.8,27.3,0.0
2020-11-13 01:00:00,6.2,45.6,69.5,26.5,26.2,25.7,0.0
2020-11-13 02:00:00,6.4,45.6,67.3,25.2,25.6,25.0,0.0
2020-11-13 03:00:00,6.7,45.6,65.0,24.7,25.3,24.7,0.0
2020-11-13 04:00:00,6.7,45.6,63.2,24.4,24.8,24.3,0.0
2020-11-13 05:00:00,6.5,45.6,64.8,36.8,35.4,24.2,47.0
2020-11-13 06:00:00,6.3,45.7,87.4,45.8,47.8,38.3,427.0
2020-11-13 07:00:00,6.6,45.6,76.3,44.4,45.8,38.9,305.0
2020-11-13 08:00:00,7.1,45.5,79.7,44.1,45.8,39.3,319.0
2020-11-13 09:00:00,7.9,45.3,80.6,44.1,46.1,39.2,307.0
2020-11-13 10:00:00,8.6,45.2,81.7,43.7,45.7,39.1,298.0
2020-11-13 11:00:00,9.0,45.0,79.4,42.9,45.0,38.7,289.0
2020-11-13 12:00:00,9.8,44.9,79.0,42.4,44.3,38.1,272.0
2020-11-13 13:00:00,10.5,44.8,76.0,42.3,37.0,36.9,220.0
2020-11-13 14:00:00,11.0,44.7,73.6,35.3,39.3,35.1,0.0
2020-11-13 15:00:00,10.5,44.8,72.0,35.7,44.8,29.7,0.0
2020-11-13 16:00:00,10.2,44.8,92.8,42.4,45.4,39.1,445.0
2020-11-13 17:00:00,8.5,45.1,76.9,46.3,46.6,37.9,267.0
2020-11-13 18:00:00,7.1,45.7,74.6,44.9,46.1,39.3,318.0
2020-11-13 19:00:00,6.9,45.8,77.9,44.6,46.2,39.5,307.0
2020-11-13 20:00:00,7.6,45.7,79.1,44.3,46.1,39.4,301.0
2020-11-13 21:00:00,7.5,46.0,78.8,44.4,46.1,39.5,294.0
2020-11-13 22:00:00,6.8,46.0,79.1,43.6,39.5,39.3,281.0
2020-11-13 23:00:00,6.7,46.0,72.4,35.9,37.8,35.5,0.0
2020-11-14 00:00:00,7.3,46.0,72.3,32.6,35.9,30.9,0.0
2020-11-14 01:00:00,7.4,46.0,70.7,28.7,47.3,29.0,0.0
2020-11-14 02:00:00,7.0,46.0,64.6,28.0,50.6,28.7,0.0
2020-11-14 03:00:00,7.0,46.0,56.9,27.7,44.7,29.3,0.0
2020-11-14 04:00:00,7.0,46.0,58.3,27.7,46.4,29.0,0.0
2020-11-14 05:00:00,7.2,46.0,56.8,27.8,45.5,29.0,0.0
2020-11-14 06:00:00,7.0,46.0,55.4,28.1,45.5,28.4,0.0
2020-11-14 07:00:00,7.1,46.0,83.9,46.7,47.9,38.7,454.0
2020-11-14 08:00:00,7.5,46.0,90.1,43.0,45.9,39.1,318.0
2020-11-14 09:00:00,8.4,46.0,93.6,43.1,46.4,39.2,316.0
2020-11-14 10:00:00,9.5,43.5,76.0,44.0,44.7,38.8,294.0
2020-11-14 11:00:00,10.8,43.0,76.9,40.6,42.7,37.1,237.0
2020-11-14 12:00:00,11.0,43.0,77.3,40.4,42.6,37.0,247.0
2020-11-14 13:00:00,11.1,42.9,74.9,35.4,32.2,31.8,106.0
2020-11-14 14:00:00,11.1,42.9,71.8,31.8,52.1,31.7,0.0
2020-11-14 15:00:00,10.8,43.0,63.4,31.4,44.3,32.3,0.0
2020-11-14 16:00:00,10.2,44.4,70.1,40.8,39.6,27.0,105.0
2020-11-14 17:00:00,9.4,44.5,85.9,42.5,45.1,38.6,420.0
2020-11-14 18:00:00,8.5,45.8,77.3,43.9,45.4,38.0,280.0
2020-11-14 19:00:00,8.2,45.9,79.0,44.6,46.4,39.5,325.0
2020-11-14 20:00:00,7.1,47.3,79.1,45.7,47.0,39.8,319.0
2020-11-14 21:00:00,6.8,47.4,79.4,46.2,47.8,40.3,334.0
2020-11-14 22:00:00,5.8,47.7,78.8,45.1,40.3,40.1,297.0
2020-11-14 23:00:00,5.2,47.9,71.0,36.2,37.9,35.6,0.0
2020-11-15 00:00:00,4.6,48.7,71.0,33.3,35.4,31.7,0.0
2020-11-15 01:00:00,4.4,48.7,70.3,28.1,39.3,27.8,0.0
2020-11-15 02:00:00,3.6,49.5,68.3,27.0,55.2,27.3,0.0
2020-11-15 03:00:00,2.7,50.8,59.9,26.7,48.6,28.0,0.0
2020-11-15 04:00:00,3.6,49.9,61.7,27.1,50.7,28.1,0.0
2020-11-15 05:00:00,4.0,49.4,56.4,27.2,48.2,28.2,0.0
2020-11-15 06:00:00,4.2,48.8,58.1,28.0,48.9,27.6,0.0
2020-11-15 07:00:00,4.3,46.9,92.3,46.5,48.7,39.8,504.0
2020-11-15 08:00:00,5.0,45.9,100.6,42.6,46.2,39.0,312.0
2020-11-15 09:00:00,5.7,45.7,89.7,42.1,44.9,39.0,309.0
2020-11-15 10:00:00,6.2,45.5,82.4,42.7,44.9,38.3,291.0
2020-11-15 11:00:00,7.3,45.2,79.8,42.9,44.9,38.4,295.0
2020-11-15 12:00:00,8.4,44.8,80.3,43.0,45.2,38.4,294.0
2020-11-15 13:00:00,8.1,45.0,81.1,43.3,42.6,38.6,299.0
2020-11-15 14:00:00,8.1,44.9,79.7,45.1,44.6,31.7,119.0
2020-11-15 15:00:00,7.9,45.0,82.7,43.3,45.4,39.0,368.0
2020-11-15 16:00:00,7.3,45.2,76.6,43.1,44.6,38.2,276.0
2020-11-15 17:00:00,6.0,45.6,76.8,44.2,45.6,38.5,298.0
2020-11-15 18:00:00,5.1,45.9,77.9,44.2,45.7,39.2,316.0
2020-11-15 19:00:00,4.7,46.4,78.4,45.1,46.6,39.2,307.0
2020-11-15 20:00:00,4.6,46.4,79.1,44.7,46.4,39.6,316.0
2020-11-15 21:00:00,4.0,47.4,79.1,45.7,47.2,39.9,314.0
2020-11-15 22:00:00,3.6,47.8,76.9,45.3,40.7,40.4,313.0
2020-11-15 23:00:00,3.7,47.8,67.2,37.0,36.1,35.7,0.0
2020-11-16 00:00:00,3.6,47.9,65.9,34.2,42.6,34.6,0.0
2020-11-16 01:00:00,3.2,48.6,66.4,33.0,52.4,33.8,0.0
2020-11-16 02:00:00,2.8,48.8,59.7,31.9,48.2,33.6,0.0
2020-11-16 03:00:00,2.7,49.3,60.4,31.4,48.2,33.2,0.0
2020-11-16 04:00:00,2.3,49.7,59.2,31.7,48.7,31.7,0.0
2020-11-16 05:00:00,2.6,49.3,34.6,36.4,47.1,30.4,0.0
2020-11-16 06:00:00,2.7,47.6,70.8,43.2,42.8,31.5,211.0
2020-11-16 07:00:00,3.1,47.0,83.0,45.8,47.7,40.7,461.0
2020-11-16 08:00:00,4.4,46.9,84.5,44.4,46.5,39.0,301.0
2020-11-16 09:00:00,5.8,46.7,74.4,44.5,45.8,38.7,312.0
2020-11-16 10:00:00,7.2,46.2,71.5,45.0,45.6,39.1,317.0
2020-11-16 11:00:00,8.0,44.6,70.7,44.2,45.0,38.6,294.0
2020-11-16 12:00:00,8.6,44.6,71.7,44.2,45.0,38.6,298.0
2020-11-16 13:00:00,9.4,44.5,71.3,44.0,44.8,38.5,292.0
2020-11-16 14:00:00,10.1,44.4,70.4,43.3,39.2,38.5,277.0
2020-11-16 15:00:00,10.2,44.4,67.2,35.3,38.4,35.2,0.0
2020-11-16 16:00:00,10.5,44.4,66.4,44.0,43.8,35.8,288.0
2020-11-16 17:00:00,10.7,44.3,78.2,42.8,44.7,38.7,319.0
2020-11-16 18:00:00,9.1,44.5,79.6,42.5,44.4,38.3,273.0
2020-11-16 19:00:00,9.4,44.5,80.2,42.7,44.7,38.6,283.0
2020-11-16 20:00:00,9.9,44.4,81.7,42.2,44.5,38.6,275.0
2020-11-16 21:00:00,9.2,44.5,83.5,42.2,44.6,38.5,274.0
2020-11-16 22:00:00,9.2,44.5,77.0,41.8,38.8,38.1,253.0
2020-11-16 23:00:00,8.8,44.5,73.8,33.7,42.7,33.8,0.0
2020-11-17 00:00:00,8.7,44.6,68.3,32.8,50.5,33.0,0.0
2020-11-17 01:00:00,8.8,44.5,60.5,32.0,43.5,33.4,0.0
2020-11-17 02:00:00,8.5,44.6,57.8,31.4,45.7,33.0,0.0
2020-11-17 03:00:00,7.5,44.7,57.6,30.7,44.8,33.0,0.0
2020-11-17 04:00:00,6.6,44.8,56.3,30.8,44.7,31.8,0.0
2020-11-17 05:00:00,5.4,44.9,55.0,30.3,44.4,31.6,0.0
2020-11-17 06:00:00,5.2,44.9,36.9,37.1,37.4,31.1,0.0
2020-11-17 07:00:00,5.7,44.9,76.9,45.6,46.3,38.0,443.0
2020-11-17 08:00:00,6.9,44.7,80.9,43.0,45.1,38.6,311.0
2020-11-17 09:00:00,8.9,44.5,79.0,42.2,44.1,38.0,283.0
2020-11-17 10:00:00,9.95,44.4,75.7,37.3,48.45,35.0,48.0
2020-11-17 11:00:00,11.0,44.3,72.4,32.4,52.8,32.0,48.0
2020-11-17 12:00:00,11.0,44.3,63.3,31.6,44.9,32.7,0.0
2020-11-17 13:00:00,10.5,44.35,66.4,34.35,41.65,28.35,0.0
2020-11-17 14:00:00,10.0,44.4,69.5,37.1,38.4,24.0,0.0
2020-11-17 15:00:00,10.0,44.4,71.7,46.9,45.9,36.4,371.0
2020-11-17 16:00:00,9.2,44.5,80.2,43.2,45.0,38.5,328.0
2020-11-17 17:00:00,9.0,44.5,78.4,42.2,44.2,38.0,279.0
2020-11-17 18:00:00,8.9,44.5,79.7,41.5,38.1,37.7,252.0
2020-11-17 19:00:00,9.1,44.5,92.7,55.0,53.3,32.9,124.0
2020-11-17 20:00:00,9.0,44.5,45.1,37.7,37.4,34.5,221.0
2020-11-17 21:00:00,8.7,44.5,93.7,42.6,45.6,39.1,356.0
2020-11-17 22:00:00,8.9,44.5,96.5,35.1,49.1,34.4,106.0
2020-11-17 23:00:00,8.4,44.6,82.9,34.3,50.8,34.9,0.0
2020-11-18 00:00:00,8.5,44.6,71.2,33.3,45.6,34.9,0.0
2020-11-18 01:00:00,8.3,44.6,62.4,32.4,43.8,34.6,0.0
2020-11-18 02:00:00,8.2,44.6,63.7,31.7,45.6,34.4,0.0
2020-11-18 03:00:00,8.3,44.6,66.5,30.9,46.0,34.3,0.0
2020-11-18 04:00:00,8.3,44.6,65.2,30.8,45.9,33.6,0.0
2020-11-18 05:00:00,8.6,44.6,61.5,30.6,43.9,32.7,0.0
2020-11-18 06:00:00,8.4,44.6,66.5,44.7,47.2,29.0,159.0
2020-11-18 07:00:00,8.3,44.6,75.3,44.1,45.5,38.8,409.0
2020-11-18 08:00:00,8.8,44.5,76.5,42.6,44.4,38.0,281.0
2020-11-18 09:00:00,9.1,44.5,79.7,43.4,45.2,38.4,301.0
2020-11-18 10:00:00,9.5,44.4,80.0,42.8,44.9,38.4,292.0
2020-11-18 11:00:00,10.0,44.4,78.9,41.5,37.6,37.4,240.0
2020-11-18 12:00:00,10.8,44.3,57.5,38.6,35.1,34.9,184.0
2020-11-18 13:00:00,10.0,44.4,72.4,45.3,45.9,38.9,320.0
2020-11-18 14:00:00,10.0,44.4,80.2,42.8,44.8,38.5,285.0
2020-11-18 15:00:00,9.7,44.4,85.1,42.1,44.7,38.5,292.0
2020-11-18 16:00:00,10.0,44.4,76.6,42.8,44.5,38.1,265.0
2020-11-18 17:00:00,9.6,44.4,84.9,42.3,44.9,38.9,294.0
2020-11-18 18:00:00,9.2,44.5,76.1,42.0,43.9,37.9,251.0
2020-11-18 19:00:00,9.5,44.5,81.1,42.6,44.7,38.8,288.0
2020-11-18 20:00:00,9.3,44.5,77.3,42.0,43.8,38.1,255.0
2020-11-18 21:00:00,8.2,44.6,77.4,43.1,44.8,38.3,270.0
2020-11-18 22:00:00,8.3,44.6,76.6,42.3,39.4,38.6,259.0
2020-11-18 23:00:00,6.9,44.7,73.4,33.9,40.3,33.8,0.0
2020-11-19 00:00:00,5.8,44.9,69.4,32.5,51.8,32.1,0.0
2020-11-19 01:00:00,4.9,45.0,61.0,31.6,45.5,32.8,0.0
2020-11-19 02:00:00,5.1,44.9,57.9,30.7,46.4,32.9,0.0
2020-11-19 03:00:00,4.7,45.4,57.7,29.9,45.3,32.8,0.0
2020-11-19 04:00:00,4.2,46.2,58.8,30.6,47.0,31.4,0.0
2020-11-19 05:00:00,3.7,46.9,58.3,30.3,47.0,29.7,0.0
2020-11-19 06:00:00,2.9,47.8,42.5,40.6,37.0,29.2,0.0
2020-11-19 07:00:00,3.8,46.8,78.2,48.6,48.9,39.4,509.0
2020-11-19 08:00:00,4.4,46.0,83.8,43.9,46.1,39.3,326.0
2020-11-19 09:00:00,5.7,44.9,87.1,41.9,44.7,38.1,280.0
2020-11-19 10:00:00,6.9,44.8,82.4,42.0,44.4,38.0,288.0
2020-11-19 11:00:00,8.1,44.6,83.2,42.4,44.9,38.3,288.0
2020-11-19 12:00:00,8.3,44.6,80.7,42.0,44.2,38.1,283.0
2020-11-19 13:00:00,9.3,44.5,77.4,42.0,44.0,38.3,277.0
2020-11-19 14:00:00,10.0,44.4,75.1,42.1,43.8,38.4,278.0
2020-11-19 15:00:00,9.8,44.4,42.1,37.6,37.2,35.1,178.0
2020-11-19 16:00:00,9.5,44.5,59.6,44.4,44.0,37.3,288.0
2020-11-19 17:00:00,9.1,44.5,66.9,44.8,45.0,38.9,303.0
2020-11-19 18:00:00,7.8,44.6,70.1,44.4,45.3,38.7,295.0
2020-11-19 19:00:00,6.3,44.8,94.5,41.9,45.3,38.7,283.0
2020-11-19 20:00:00,7.2,44.7,82.9,41.5,43.3,38.8,287.0
2020-11-19 21:00:00,7.3,44.7,77.8,46.8,47.3,37.8,254.0
2020-11-19 22:00:00,7.1,44.7,80.7,35.8,35.1,34.2,158.0
2020-11-19 23:00:00,6.5,44.8,80.4,29.9,30.2,29.3,0.0
2020-11-20 00:00:00,5.3,44.9,78.6,27.7,28.4,27.6,0.0
2020-11-20 01:00:00,6.3,44.8,77.7,26.7,27.5,26.7,0.0
2020-11-20 02:00:00,3.7,46.9,73.3,26.1,26.8,25.9,0.0
2020-11-20 03:00:00,2.2,49.3,65.9,25.5,26.2,25.5,0.0
2020-11-20 04:00:00,1.0,51.0,59.6,24.9,25.6,25.0,0.0
2020-11-20 05:00:00,1.1,50.8,55.1,24.4,25.2,24.5,0.0
2020-11-20 06:00:00,0.2,49.6,71.0,44.5,43.8,33.8,297.0
2020-11-20 07:00:00,0.4,49.2,77.0,50.3,50.1,41.7,458.0
2020-11-20 08:00:00,4.1,41.8,82.4,41.0,42.9,38.9,297.0
2020-11-20 09:00:00,5.6,45.0,92.6,42.2,45.4,36.8,228.0
2020-11-20 10:00:00,6.8,45.0,90.4,42.7,45.3,38.9,326.0
2020-11-20 11:00:00,7.5,45.0,91.3,42.3,45.4,38.6,289.0
2020-11-20 12:00:00,7.6,45.0,89.2,41.6,44.7,38.0,286.0
2020-11-20 13:00:00,7.6,45.0,87.3,41.9,44.6,38.1,280.0
2020-11-20 14:00:00,7.3,45.0,75.5,42.3,44.0,38.2,286.0
2020-11-20 15:00:00,7.0,45.0,76.5,43.2,44.8,38.4,283.0
2020-11-20 16:00:00,7.1,45.0,80.9,43.8,45.7,38.6,298.0
2020-11-20 17:00:00,6.8,45.0,86.9,42.7,45.3,38.9,297.0
2020-11-20 18:00:00,7.0,45.0,76.4,42.9,44.6,38.1,276.0
2020-11-20 19:00:00,6.7,45.0,82.1,43.7,45.9,38.9,294.0
2020-11-20 20:00:00,6.9,45.0,85.8,43.1,45.7,39.1,298.0
2020-11-20 21:00:00,6.5,45.0,85.7,41.6,44.8,38.4,268.0
2020-11-20 22:00:00,6.0,45.0,83.0,41.6,38.7,37.9,248.0
2020-11-20 23:00:00,6.8,45.0,79.8,34.2,51.9,34.2,0.0
2020-11-21 00:00:00,6.3,45.0,70.8,33.2,50.4,34.1,0.0
2020-11-21 01:00:00,5.9,45.0,62.0,32.3,43.7,34.3,0.0
2020-11-21 02:00:00,4.8,45.3,59.3,31.3,46.0,33.9,0.0
2020-11-21 03:00:00,4.0,46.6,64.3,31.2,47.4,33.3,0.0
2020-11-21 04:00:00,3.8,46.8,60.0,30.8,46.9,32.3,0.0
2020-11-21 05:00:00,3.3,47.5,60.1,31.1,47.7,30.9,0.0
2020-11-21 06:00:00,3.2,47.5,68.6,37.8,36.6,24.2,85.0
2020-11-21 07:00:00,3.1,47.8,97.0,45.6,48.7,40.9,504.0
2020-11-21 08:00:00,3.0,48.0,84.5,45.9,47.9,39.6,336.0
2020-11-21 09:00:00,2.8,48.3,82.7,47.1,48.7,40.5,360.0
2020-11-21 10:00:00,3.2,47.7,82.7,46.3,48.0,40.4,361.0
2020-11-21 11:00:00,3.3,47.4,82.6,45.4,47.3,40.0,328.0
2020-11-21 12:00:00,3.5,47.4,82.6,45.3,47.2,39.8,337.0
2020-11-21 13:00:00,3.3,47.5,83.2,45.9,47.7,40.4,341.0
2020-11-21 14:00:00,3.7,46.9,83.0,44.9,46.9,39.7,323.0
2020-11-21 15:00:00,3.1,48.0,88.2,45.7,48.0,40.1,338.0
2020-11-21 16:00:00,3.5,47.2,91.5,44.7,47.5,40.3,341.0
2020-11-21 17:00:00,2.8,48.3,92.3,45.8,48.6,40.5,337.0
2020-11-21 18:00:00,2.8,48.4,90.8,46.0,48.5,40.8,352.0
2020-11-21 19:00:00,2.8,48.3,92.1,45.0,47.9,40.4,333.0
2020-11-21 20:00:00,2.1,49.3,92.2,46.3,48.9,41.1,356.0
2020-11-21 21:00:00,2.3,49.2,92.0,46.4,49.1,41.2,358.0
2020-11-21 22:00:00,2.2,49.2,89.4,37.9,35.6,34.7,156.0
2020-11-21 23:00:00,2.3,49.2,86.2,31.5,59.9,31.7,0.0
2020-11-22 00:00:00,2.2,49.5,75.2,30.9,52.9,32.1,0.0
2020-11-22 01:00:00,2.7,48.4,64.6,30.2,45.2,32.5,0.0
2020-11-22 02:00:00,2.5,48.9,61.7,29.6,46.2,32.2,0.0
2020-11-22 03:00:00,2.6,48.4,62.5,29.2,47.1,31.6,0.0
2020-11-22 04:00:00,2.7,48.4,66.6,29.7,49.9,30.8,0.0
2020-11-22 05:00:00,2.5,48.7,62.1,29.3,49.1,30.0,0.0
2020-11-22 06:00:00,3.0,48.0,60.9,29.1,47.3,28.2,0.0
2020-11-22 07:00:00,3.1,47.8,88.7,48.9,50.1,38.8,501.0
2020-11-22 08:00:00,3.5,46.9,90.3,44.0,46.8,39.6,358.0
2020-11-22 09:00:00,4.4,45.9,87.5,43.5,46.0,38.6,313.0
2020-11-22 10:00:00,5.3,45.0,87.5,42.4,45.1,38.4,311.0
2020-11-22 11:00:00,5.8,45.0,77.5,41.5,43.2,38.0,293.0
2020-11-22 12:00:00,5.4,45.0,78.8,43.7,45.3,38.4,313.0
2020-11-22 13:00:00,6.2,45.0,79.8,42.7,44.8,38.0,300.0
2020-11-22 14:00:00,5.9,45.0,83.8,43.4,45.5,38.6,311.0
2020-11-22 15:00:00,5.5,45.0,81.9,43.0,45.2,38.5,303.0
2020-11-22 16:00:00,4.8,45.3,81.0,42.9,44.9,38.4,297.0
2020-11-22 17:00:00,3.7,48.8,84.3,47.9,49.5,40.7,377.0
2020-11-22 18:00:00,3.3,49.0,72.9,45.9,46.7,41.6,377.0
2020-11-22 19:00:00,4.2,46.2,78.8,45.0,46.8,40.6,328.0
2020-11-22 20:00:00,4.0,46.5,79.5,44.3,46.1,39.2,290.0
2020-11-22 21:00:00,3.9,46.6,79.3,45.8,47.2,39.7,324.0
2020-11-22 22:00:00,3.7,46.8,80.3,43.7,40.0,39.4,290.0
2020-11-22 23:00:00,3.3,47.4,77.0,33.7,41.7,33.7,0.0
2020-11-23 00:00:00,3.5,47.1,71.5,32.4,53.3,33.1,0.0
2020-11-23 01:00:00,2.9,48.1,62.3,31.4,45.2,33.6,0.0
2020-11-23 02:00:00,3.0,48.1,60.2,30.5,47.3,32.8,0.0
2020-11-23 03:00:00,2.9,48.0,62.7,30.6,49.1,31.7,0.0
2020-11-23 04:00:00,2.6,48.3,60.1,30.0,48.6,30.6,0.0
2020-11-23 05:00:00,2.6,48.6,61.0,30.3,48.6,28.1,0.0
2020-11-23 06:00:00,2.5,49.0,55.9,33.0,31.0,21.8,0.0
2020-11-23 07:00:00,2.2,49.2,75.3,49.6,48.9,38.8,508.0
2020-11-23 08:00:00,2.4,48.7,82.7,47.6,49.2,41.1,421.0
2020-11-23 09:00:00,3.2,47.8,88.7,45.9,48.3,40.4,364.0
2020-11-23 10:00:00,3.3,47.2,88.5,45.1,47.5,40.0,349.0
2020-11-23 11:00:00,4.3,45.9,84.0,43.6,45.9,39.1,318.0
2020-11-23 12:00:00,5.5,45.0,84.3,43.1,45.5,38.6,306.0
2020-11-23 13:00:00,6.8,45.0,88.6,42.8,45.5,38.6,310.0
2020-11-23 14:00:00,7.2,45.0,77.3,42.7,44.4,38.0,278.0
2020-11-23 15:00:00,7.4,45.0,75.3,43.3,44.7,38.3,292.0
2020-11-23 16:00:00,7.1,45.0,75.6,43.4,44.9,38.4,293.0
2020-11-23 17:00:00,5.9,45.0,73.4,43.2,44.5,38.3,288.0
2020-11-23 18:00:00,5.6,45.0,80.0,44.1,45.9,38.8,296.0
2020-11-23 19:00:00,5.8,45.0,97.2,42.8,45.8,39.0,306.0
2020-11-23 20:00:00,5.9,45.9,93.9,41.8,44.9,38.7,280.0
2020-11-23 21:00:00,5.3,46.9,91.1,44.0,46.9,39.6,323.0
2020-11-23 22:00:00,4.4,47.5,89.8,44.0,40.7,39.8,308.0
2020-11-23 23:00:00,4.2,48.0,85.4,34.0,47.6,33.6,0.0
2020-11-24 00:00:00,4.0,48.4,76.7,32.8,54.6,33.6,0.0
2020-11-24 01:00:00,4.4,47.7,66.2,31.8,47.3,34.0,0.0
2020-11-24 02:00:00,4.6,47.6,62.9,31.0,48.9,33.9,0.0
2020-11-24 03:00:00,4.5,47.5,66.8,30.3,48.4,33.7,0.0
2020-11-24 04:00:00,4.5,47.6,64.4,30.5,49.0,32.8,0.0
2020-11-24 05:00:00,4.3,47.9,56.0,38.3,37.5,30.4,186.0
2020-11-24 06:00:00,4.3,47.9,79.4,45.9,47.3,40.7,456.0
2020-11-24 07:00:00,4.2,47.9,83.3,45.8,47.7,40.5,357.0
2020-11-24 08:00:00,4.2,48.0,88.1,46.1,48.3,40.4,350.0
2020-11-24 09:00:00,4.5,47.6,90.6,45.1,47.6,40.4,347.0
2020-11-24 10:00:00,5.3,46.9,87.6,44.7,47.2,40.0,332.0
2020-11-24 11:00:00,5.6,46.8,91.9,44.3,47.2,39.9,328.0
2020-11-24 12:00:00,5.8,46.8,90.8,44.0,46.7,39.7,322.0
2020-11-24 13:00:00,6.1,46.7,93.5,44.1,47.0,39.7,323.0
2020-11-24 14:00:00,6.2,46.7,91.9,44.2,46.9,39.7,326.0
2020-11-24 15:00:00,6.1,46.7,79.7,44.5,46.1,39.2,296.0
2020-11-24 16:00:00,6.0,46.7,81.8,45.4,47.1,39.9,334.0
2020-11-24 17:00:00,5.9,46.7,83.3,44.3,46.4,39.8,316.0
2020-11-24 18:00:00,5.8,46.8,84.6,44.6,46.9,39.6,308.0
2020-11-24 19:00:00,5.4,46.9,83.8,45.0,46.9,40.1,323.0
2020-11-24 20:00:00,5.5,46.8,83.5,45.0,47.0,40.0,320.0
2020-11-24 21:00:00,4.9,47.1,80.9,44.4,46.3,39.6,304.0
2020-11-24 22:00:00,3.1,49.2,61.9,43.0,41.1,40.8,318.0
2020-11-24 23:00:00,2.3,50.2,71.9,35.1,45.1,35.4,0.0
2020-11-25 00:00:00,1.9,50.9,73.4,32.4,57.5,31.8,0.0
2020-11-25 01:00:00,1.8,51.4,64.1,31.1,48.6,32.7,0.0
2020-11-25 02:00:00,1.1,52.0,64.5,30.1,51.3,31.5,0.0
2020-11-25 03:00:00,0.7,52.3,64.3,30.0,51.9,30.8,0.0
2020-11-25 04:00:00,0.6,52.5,63.3,29.7,52.5,29.1,0.0
2020-11-25 05:00:00,0.0,53.6,59.3,29.7,51.6,27.6,0.0
2020-11-25 06:00:00,0.0,51.0,72.1,42.9,42.3,31.0,228.0
2020-11-25 07:00:00,-0.5,51.1,78.9,52.1,51.5,40.8,486.0
2020-11-25 08:00:00,0.8,49.7,85.6,48.8,50.1,41.9,413.0
2020-11-25 09:00:00,2.3,47.4,87.9,45.4,47.9,40.8,366.0
2020-11-25 10:00:00,3.2,46.6,87.1,43.9,46.3,39.4,312.0
2020-11-25 11:00:00,4.4,45.4,88.2,43.5,46.2,39.2,318.0
2020-11-25 12:00:00,5.2,45.0,80.6,42.2,44.1,38.0,283.0
2020-11-25 13:00:00,6.1,45.8,80.8,43.7,45.6,38.7,319.0
2020-11-25 14:00:00,6.2,45.8,80.8,44.1,46.0,38.7,307.0
2020-11-25 15:00:00,5.7,45.9,80.7,43.8,45.7,39.2,321.0
2020-11-25 16:00:00,5.1,45.9,82.5,43.7,45.7,38.9,303.0
2020-11-25 17:00:00,3.8,47.0,87.6,46.0,47.4,39.3,323.0
2020-11-25 18:00:00,3.8,46.4,93.3,42.9,45.9,39.5,320.0
2020-11-25 19:00:00,3.2,46.7,98.8,42.7,46.2,39.2,308.0
2020-11-25 20:00:00,2.3,47.0,100.3,43.3,47.0,39.7,324.0
2020-11-25 21:00:00,1.8,47.2,82.5,47.9,49.2,39.5,315.0
2020-11-25 22:00:00,0.7,47.7,90.0,45.0,41.2,40.6,340.0
2020-11-25 23:00:00,0.3,47.8,85.8,36.5,50.5,36.1,0.0
2020-11-26 00:00:00,-0.2,48.1,76.5,34.5,52.9,35.0,0.0
2020-11-26 01:00:00,-0.3,48.1,66.1,33.0,47.6,34.9,0.0
2020-11-26 02:00:00,-0.1,48.0,64.2,31.6,48.9,34.8,0.0
2020-11-26 03:00:00,-1.1,48.4,67.7,31.2,49.2,34.3,0.0
2020-11-26 04:00:00,-1.5,48.6,62.8,30.8,48.5,33.1,0.0
2020-11-26 05:00:00,-2.0,48.8,63.4,31.3,49.1,32.0,0.0
2020-11-26 06:00:00,-2.1,48.8,87.0,40.9,41.2,26.4,156.0
2020-11-26 07:00:00,-2.0,48.8,73.5,50.0,49.4,40.6,521.0
2020-11-26 08:00:00,-0.8,48.3,82.4,47.5,48.9,40.7,375.0
2020-11-26 09:00:00,1.6,47.3,87.8,45.6,48.0,40.3,361.0
2020-11-26 10:00:00,2.9,46.8,92.3,44.7,47.4,39.8,337.0
2020-11-26 11:00:00,4.0,46.3,92.2,43.9,46.9,39.6,331.0
2020-11-26 12:00:00,4.9,46.0,84.1,42.8,44.9,39.2,319.0
2020-11-26 13:00:00,6.2,45.5,72.8,43.9,44.7,38.3,294.0
2020-11-26 14:00:00,6.8,45.2,72.0,44.0,44.9,38.3,299.0
2020-11-26 15:00:00,7.0,45.1,71.6,44.1,44.9,38.3,299.0
2020-11-26 16:00:00,6.0,45.6,73.0,44.4,45.3,38.6,304.0
2020-11-26 17:00:00,4.0,46.4,77.8,45.1,46.5,39.3,327.0
2020-11-26 18:00:00,3.8,46.4,85.3,45.9,47.9,39.3,322.0
2020-11-26 19:00:00,3.5,47.4,81.6,44.9,46.7,39.8,326.0
2020-11-26 20:00:00,1.6,48.0,82.7,46.0,47.7,40.2,342.0
2020-11-26 21:00:00,0.6,48.3,83.3,46.2,47.9,40.4,343.0
2020-11-26 22:00:00,0.3,48.4,82.6,46.3,47.9,40.5,346.0
2020-11-26 23:00:00,-0.3,48.6,77.7,34.8,37.4,33.4,0.0
2020-11-27 00:00:00,-0.9,48.8,74.9,32.4,52.5,32.3,0.0
2020-11-27 01:00:00,-0.4,48.6,66.9,30.8,49.4,32.2,0.0
2020-11-27 02:00:00,-0.2,48.5,65.2,29.6,49.9,31.6,0.0
2020-11-27 03:00:00,-0.4,48.6,61.7,28.9,48.4,31.5,0.0
2020-11-27 04:00:00,-1.1,48.8,60.7,29.1,48.3,29.8,0.0
2020-11-27 05:00:00,-0.5,48.6,46.9,30.5,46.6,28.6,0.0
2020-11-27 06:00:00,-0.7,49.1,76.7,45.4,44.4,31.9,264.0
2020-11-27 07:00:00,-0.7,49.1,78.6,49.3,49.9,41.1,495.0
2020-11-27 08:00:00,-0.9,49.2,86.9,47.8,49.6,41.2,404.0
2020-11-27 09:00:00,-0.4,49.0,89.5,47.0,49.4,41.1,391.0
2020-11-27 10:00:00,0.5,48.3,86.1,46.9,48.9,40.4,361.0
2020-11-27 11:00:00,1.3,48.1,86.7,46.2,48.1,40.5,366.0
2020-11-27 12:00:00,2.3,47.8,85.9,45.7,47.7,40.1,347.0
2020-11-27 13:00:00,3.1,47.6,81.4,45.7,47.3,39.6,338.0
2020-11-27 14:00:00,3.5,45.7,82.7,43.5,45.5,39.1,327.0
2020-11-27 15:00:00,3.4,45.8,75.1,43.9,45.0,38.3,298.0
2020-11-27 16:00:00,2.4,46.2,71.5,44.9,45.6,38.6,315.0
2020-11-27 17:00:00,1.4,46.8,85.9,45.1,47.3,39.9,356.0
2020-11-27 18:00:00,0.3,47.3,89.3,44.8,47.4,39.8,337.0
2020-11-27 19:00:00,0.2,47.4,90.6,45.3,47.8,40.2,348.0
2020-11-27 20:00:00,0.3,48.1,80.0,46.1,47.3,40.0,337.0
2020-11-27 21:00:00,0.4,48.2,77.2,46.8,47.8,40.3,346.0
2020-11-27 22:00:00,0.3,48.2,91.9,46.4,49.1,40.9,362.0
2020-11-27 23:00:00,0.5,48.1,87.6,35.1,50.6,35.2,0.0
2020-11-28 00:00:00,0.6,48.0,77.7,33.8,53.7,35.1,0.0
2020-11-28 01:00:00,0.5,48.2,67.0,32.5,45.7,35.2,0.0
2020-11-28 02:00:00,0.5,48.2,62.4,31.1,47.3,34.7,0.0
2020-11-28 03:00:00,0.4,48.2,65.3,30.5,47.8,34.0,0.0
2020-11-28 04:00:00,0.3,48.2,63.2,30.4,47.2,33.2,0.0
2020-11-28 05:00:00,0.1,48.5,63.2,30.7,49.3,31.8,0.0
2020-11-28 06:00:00,-0.1,48.6,82.5,42.9,40.9,23.7,113.0
2020-11-28 07:00:00,-0.5,48.8,92.4,46.5,49.1,41.2,541.0
2020-11-28 08:00:00,-0.2,48.7,95.9,44.9,47.9,40.1,372.0
2020-11-28 09:00:00,0.0,48.6,84.0,46.4,48.0,40.1,362.0
2020-11-28 10:00:00,0.0,48.5,80.0,46.8,48.0,40.1,372.0
2020-11-28 11:00:00,0.7,48.0,81.8,47.0,48.5,40.1,355.0
2020-11-28 12:00:00,1.0,47.8,83.7,46.2,47.9,40.2,369.0
2020-11-28 13:00:00,1.6,47.3,87.3,45.8,48.1,40.0,363.0
2020-11-28 14:00:00,1.3,47.5,86.5,45.1,47.3,39.7,346.0
2020-11-28 15:00:00,1.4,47.5,89.0,45.2,47.7,39.6,347.0
2020-11-28 16:00:00,1.0,47.8,86.1,45.1,47.3,40.1,350.0
2020-11-28 17:00:00,1.2,47.7,85.2,45.9,47.8,39.8,337.0
2020-11-28 18:00:00,0.8,47.9,87.3,45.5,47.7,40.2,352.0
2020-11-28 19:00:00,0.8,48.0,88.3,45.6,47.8,40.3,344.0
2020-11-28 20:00:00,0.7,48.0,88.8,45.8,48.2,40.4,347.0
2020-11-28 21:00:00,0.8,47.9,88.5,46.0,48.3,40.6,347.0
2020-11-28 22:00:00,0.8,47.9,88.1,45.5,41.5,40.7,335.0
2020-11-28 23:00:00,0.7,48.0,83.5,34.1,42.3,33.5,0.0
2020-11-29 00:00:00,0.0,48.4,76.0,32.4,53.3,33.4,0.0
2020-11-29 01:00:00,0.2,48.3,65.4,31.4,44.8,33.8,0.0
2020-11-29 02:00:00,0.5,48.2,61.0,30.2,46.0,33.4,0.0
2020-11-29 03:00:00,0.6,48.0,62.8,29.7,47.3,32.5,0.0
2020-11-29 04:00:00,0.7,48.0,62.9,30.1,48.2,31.7,0.0
2020-11-29 05:00:00,0.7,48.1,62.3,29.9,48.7,30.2,0.0
2020-11-29 06:00:00,0.8,47.9,61.4,29.3,48.8,28.2,0.0
2020-11-29 07:00:00,0.8,48.0,95.1,46.3,48.9,40.6,575.0
2020-11-29 08:00:00,1.1,47.7,88.9,44.9,47.5,39.3,347.0
2020-11-29 09:00:00,1.1,47.7,87.3,45.9,48.0,39.9,363.0
2020-11-29 10:00:00,1.5,48.0,88.6,45.3,47.7,39.8,362.0
2020-11-29 11:00:00,2.1,47.7,87.4,45.2,47.4,39.9,356.0
2020-11-29 12:00:00,2.3,47.6,86.4,44.8,46.9,39.4,339.0
2020-11-29 13:00:00,2.8,47.3,84.8,44.6,46.7,39.5,336.0
2020-11-29 14:00:00,2.7,47.3,80.9,45.3,46.9,39.5,340.0
2020-11-29 15:00:00,3.0,47.3,78.5,45.6,46.9,39.4,333.0
2020-11-29 16:00:00,2.9,48.4,83.0,46.3,48.3,40.1,352.0
2020-11-29 17:00:00,2.6,48.6,74.1,49.7,49.1,39.8,356.0
2020-11-29 18:00:00,2.5,48.6,78.6,48.9,49.4,41.2,389.0
2020-11-29 19:00:00,2.5,48.8,85.0,47.8,49.4,41.2,367.0
2020-11-29 20:00:00,2.5,48.8,86.2,47.3,49.2,40.9,364.0
2020-11-29 21:00:00,2.1,49.0,86.7,46.6,48.8,40.9,355.0
2020-11-29 22:00:00,2.0,49.1,86.8,47.8,49.7,41.4,366.0
2020-11-29 23:00:00,1.8,49.2,81.7,35.9,42.6,35.9,31.0
2020-11-30 00:00:00,1.7,49.2,78.0,33.2,57.4,32.7,0.0
2020-11-30 01:00:00,1.5,49.4,67.4,31.8,48.4,33.6,0.0
2020-11-30 02:00:00,1.7,49.3,65.2,30.5,49.5,32.5,0.0
2020-11-30 03:00:00,1.4,49.5,65.2,30.2,50.0,31.8,0.0
2020-11-30 04:00:00,1.1,49.6,61.9,29.8,49.1,31.0,0.0
2020-11-30 05:00:00,1.2,49.8,40.2,40.9,38.6,30.6,0.0
2020-11-30 06:00:00,1.2,49.7,74.7,48.5,47.5,36.7,413.0
2020-11-30 07:00:00,1.1,49.7,80.9,49.9,50.5,41.6,467.0
2020-11-30 08:00:00,1.2,49.7,88.4,48.5,50.3,41.5,410.0
2020-11-30 09:00:00,1.7,49.4,89.5,47.3,49.4,41.4,395.0
2020-11-30 10:00:00,1.7,49.2,85.5,47.1,48.8,40.7,366.0
2020-11-30 11:00:00,3.5,47.9,84.0,46.8,48.6,40.4,366.0
2020-11-30 12:00:00,4.1,47.6,86.0,45.5,47.6,40.2,356.0
2020-11-30 13:00:00,3.6,47.9,84.6,45.9,47.8,39.8,343.0
2020-11-30 14:00:00,3.1,48.3,82.4,46.1,47.7,39.9,351.0
2020-11-30 15:00:00,2.9,48.5,80.0,46.8,47.9,40.2,359.0
2020-11-30 16:00:00,2.3,48.8,94.1,46.5,49.2,41.0,380.0
2020-11-30 17:00:00,2.2,48.9,90.1,46.1,48.6,40.5,355.0
2020-11-30 18:00:00,1.9,49.1,99.4,46.6,49.6,41.1,378.0
2020-11-30 19:00:00,2.1,49.1,100.0,46.0,49.4,41.2,370.0
2020-11-30 20:00:00,2.1,48.9,80.7,47.6,48.9,40.7,349.0
2020-11-30 21:00:00,0.5,50.1,79.9,48.5,49.2,41.2,371.0
2020-11-30 22:00:00,0.0,50.5,77.5,47.4,40.9,40.8,330.0
2020-11-30 23:00:00,0.0,50.6,70.9,36.1,37.9,35.9,0.0
2020-12-01 00:00:00,-0.4,50.9,68.4,33.7,34.8,31.7,0.0
2020-12-01 01:00:00,-1.5,51.4,67.5,28.8,31.0,28.5,0.0
2020-12-01 02:00:00,-2.0,51.9,66.9,26.8,33.0,27.1,0.0
2020-12-01 03:00:00,-2.8,52.5,65.6,25.4,51.9,25.7,0.0
2020-12-01 04:00:00,-2.8,52.3,62.7,25.3,54.2,25.6,0.0
2020-12-01 05:00:00,-3.0,52.6,59.0,25.3,50.6,26.1,0.0
2020-12-01 06:00:00,-3.0,52.7,73.4,40.0,37.8,24.1,123.0
2020-12-01 07:00:00,-3.5,49.5,72.0,48.6,47.9,38.3,473.0
2020-12-01 08:00:00,-2.9,49.0,79.9,49.2,49.8,41.2,446.0
2020-12-01 09:00:00,-0.6,46.7,81.3,45.7,47.3,39.8,362.0
2020-12-01 10:00:00,-0.1,46.1,83.3,44.8,46.7,39.3,346.0
2020-12-01 11:00:00,1.2,45.0,84.0,43.4,45.5,38.6,325.0
2020-12-01 12:00:00,2.5,43.5,83.6,41.8,44.2,37.8,293.0
2020-12-01 13:00:00,2.9,43.0,86.5,40.2,43.0,36.8,270.0
2020-12-01 14:00:00,3.2,47.1,80.9,46.3,47.6,39.8,373.0
2020-12-01 15:00:00,2.8,48.0,88.4,45.9,48.1,40.0,360.0
2020-12-01 16:00:00,1.7,49.1,80.7,46.2,47.6,40.3,360.0
2020-12-01 17:00:00,1.2,49.8,83.9,48.0,49.4,41.2,393.0
2020-12-01 18:00:00,1.3,48.4,88.0,46.8,49.0,41.0,370.0
2020-12-01 19:00:00,0.9,49.0,86.7,47.8,49.6,41.2,373.0
2020-12-01 20:00:00,0.3,50.6,84.6,48.4,49.8,41.3,380.0
2020-12-01 21:00:00,-1.2,53.2,84.0,52.5,52.8,42.5,426.0
2020-12-01 22:00:00,-1.7,53.6,73.2,47.6,44.1,43.5,429.0
2020-12-01 23:00:00,-1.5,53.0,67.9,38.7,35.5,36.0,0.0
2020-12-02 00:00:00,-2.1,54.2,60.8,35.5,33.3,33.4,0.0
2020-12-02 01:00:00,-2.1,54.8,57.5,32.4,28.7,28.9,0.0
2020-12-02 02:00:00,-2.8,55.8,53.5,29.3,27.3,27.6,0.0
2020-12-02 03:00:00,-0.5,51.0,49.3,27.5,26.5,26.6,0.0
2020-12-02 04:00:00,-0.5,51.4,48.4,27.1,26.2,26.4,0.0
2020-12-02 05:00:00,-0.1,50.4,47.1,25.3,24.1,23.7,0.0
2020-12-02 06:00:00,-0.9,49.6,41.8,28.6,28.4,23.4,45.0
2020-12-02 07:00:00,-0.2,48.6,73.0,48.5,47.7,38.1,498.0
2020-12-02 08:00:00,-1.7,50.8,82.1,51.8,52.1,42.5,492.0
2020-12-02 09:00:00,0.6,47.9,86.5,44.6,47.2,40.0,364.0
2020-12-02 10:00:00,2.7,44.8,87.5,42.1,44.6,39.1,341.0
2020-12-02 11:00:00,4.1,47.1,88.3,42.7,45.4,38.7,327.0
2020-12-02 12:00:00,5.0,45.0,81.0,43.2,45.1,38.4,315.0
2020-12-02 13:00:00,5.2,44.8,79.1,42.4,44.2,37.8,297.0
2020-12-02 14:00:00,5.5,47.8,80.0,44.0,45.6,38.0,306.0
2020-12-02 15:00:00,5.1,48.2,80.1,47.5,48.4,40.4,394.0
2020-12-02 16:00:00,3.7,50.7,80.8,49.4,49.8,41.1,393.0
2020-12-02 17:00:00,3.0,51.9,83.6,51.8,52.3,42.7,441.0
2020-12-02 18:00:00,2.8,52.4,84.3,52.5,53.0,43.3,443.0
2020-12-02 19:00:00,2.5,53.6,85.0,52.9,53.5,43.8,446.0
2020-12-02 20:00:00,2.5,53.0,84.5,53.1,53.5,44.0,445.0
2020-12-02 21:00:00,3.0,52.2,83.7,51.9,52.6,43.7,423.0
2020-12-02 22:00:00,3.3,51.5,82.6,45.8,43.9,42.7,350.0
2020-12-02 23:00:00,3.4,51.5,79.7,44.6,42.7,42.1,0.0
2020-12-03 00:00:00,3.4,51.3,64.8,41.0,41.1,40.4,0.0
2020-12-03 01:00:00,3.3,51.7,57.9,38.8,40.0,40.3,0.0
2020-12-03 02:00:00,3.1,51.9,52.3,36.9,38.6,39.9,0.0
2020-12-03 03:00:00,2.9,52.4,47.9,35.2,37.3,39.2,0.0
2020-12-03 04:00:00,2.6,53.0,44.1,33.7,36.0,38.6,0.0
2020-12-03 05:00:00,2.7,52.6,41.0,32.4,34.9,37.9,0.0
2020-12-03 06:00:00,2.9,52.4,64.7,44.7,43.5,34.5,313.0
2020-12-03 07:00:00,2.6,52.6,85.0,53.6,53.8,43.6,558.0
2020-12-03 08:00:00,3.9,50.1,84.3,49.5,50.8,42.4,417.0
2020-12-03 09:00:00,5.8,47.6,81.1,45.6,47.3,40.3,345.0
2020-12-03 10:00:00,7.3,47.0,80.4,45.7,47.2,39.7,333.0
2020-12-03 11:00:00,8.8,46.3,76.6,45.1,46.1,39.4,330.0
2020-12-03 12:00:00,9.5,46.0,75.4,44.3,45.3,38.7,305.0
2020-12-03 13:00:00,9.7,45.8,75.5,44.5,45.6,38.8,311.0
2020-12-03 14:00:00,9.6,45.0,73.4,43.5,44.7,38.1,285.0
2020-12-03 15:00:00,8.2,45.2,75.3,44.4,45.5,38.6,311.0
2020-12-03 16:00:00,7.4,45.4,77.6,44.1,45.5,38.9,315.0
2020-12-03 17:00:00,7.2,45.5,78.9,44.2,45.7,38.9,309.0
2020-12-03 18:00:00,6.9,45.5,78.0,44.2,45.7,38.9,310.0
2020-12-03 19:00:00,6.7,45.6,77.9,44.1,45.6,38.9,304.0
2020-12-03 20:00:00,6.5,45.6,77.7,44.0,45.7,38.9,303.0
2020-12-03 21:00:00,6.5,45.6,79.0,44.5,46.1,39.2,312.0
2020-12-03 22:00:00,6.3,45.6,76.9,43.4,39.5,39.0,285.0
2020-12-03 23:00:00,5.5,45.8,74.3,34.0,37.4,33.7,0.0
2020-12-04 00:00:00,5.2,45.9,71.5,32.6,53.8,31.9,0.0
2020-12-04 01:00:00,5.0,46.2,63.7,32.1,47.3,32.6,0.0
2020-12-04 02:00:00,4.9,46.2,57.7,31.6,46.4,32.8,0.0
2020-12-04 03:00:00,4.9,46.2,57.5,31.1,45.8,32.5,0.0
2020-12-04 04:00:00,5.0,46.0,57.9,31.1,46.0,32.0,0.0
2020-12-04 05:00:00,5.1,45.9,56.9,31.8,46.0,31.3,0.0
2020-12-04 06:00:00,5.4,45.8,55.0,34.4,45.8,29.2,0.0
2020-12-04 07:00:00,5.5,45.8,80.5,47.0,47.9,39.7,525.0
2020-12-04 08:00:00,6.1,45.7,79.8,43.3,45.4,38.2,299.0
2020-12-04 09:00:00,6.5,45.6,80.0,44.2,45.9,38.6,329.0
2020-12-04 10:00:00,7.1,45.5,79.3,44.1,45.8,38.7,318.0
2020-12-04 11:00:00,7.5,45.4,78.3,44.1,45.6,38.7,319.0
2020-12-04 12:00:00,7.4,45.4,78.3,43.9,45.6,38.7,310.0
2020-12-04 13:00:00,8.2,45.3,78.4,44.0,45.5,38.7,307.0
2020-12-04 14:00:00,8.4,47.2,77.3,45.6,46.6,38.8,316.0
2020-12-04 15:00:00,8.8,47.1,75.4,46.4,47.2,40.0,349.0
2020-12-04 16:00:00,8.1,47.2,76.8,46.8,47.8,40.2,340.0
2020-12-04 17:00:00,8.1,47.3,78.0,46.2,47.3,40.2,338.0
2020-12-04 18:00:00,8.1,47.2,77.9,46.1,47.3,40.2,329.0
2020-12-04 19:00:00,8.0,47.3,78.0,46.2,47.5,40.2,330.0
2020-12-04 20:00:00,8.2,47.2,77.8,46.2,47.4,40.2,328.0
2020-12-04 21:00:00,8.3,47.2,76.9,46.2,47.3,40.3,327.0
2020-12-04 22:00:00,7.9,47.3,73.7,42.8,39.8,38.9,111.0
2020-12-04 23:00:00,7.5,47.4,70.3,36.3,34.3,33.4,0.0
2020-12-05 00:00:00,7.9,47.3,67.4,32.2,33.2,31.0,0.0
2020-12-05 01:00:00,7.5,47.4,66.9,30.0,35.7,29.7,0.0
2020-12-05 02:00:00,7.5,47.4,65.6,28.2,37.8,27.8,0.0
2020-12-05 03:00:00,7.4,47.4,64.2,28.1,41.2,28.1,0.0
2020-12-05 04:00:00,7.2,47.5,62.7,28.5,42.4,28.5,0.0
2020-12-05 05:00:00,7.3,47.4,61.8,28.7,43.9,28.5,0.0
2020-12-05 06:00:00,7.5,47.4,60.7,28.9,52.1,28.1,0.0
2020-12-05 07:00:00,6.9,47.5,81.9,49.5,49.5,38.7,427.0
2020-12-05 08:00:00,6.8,47.6,80.3,45.6,47.2,39.9,358.0
2020-12-05 09:00:00,9.7,46.9,78.6,45.1,46.4,39.5,331.0
2020-12-05 10:00:00,11.6,46.5,75.0,44.9,46.0,39.1,310.0
2020-12-05 11:00:00,12.6,46.2,73.2,44.9,45.8,39.1,311.0
2020-12-05 12:00:00,13.5,46.1,71.6,44.6,45.6,38.9,302.0
2020-12-05 13:00:00,13.3,42.2,69.9,41.1,38.6,38.1,260.0
2020-12-05 14:00:00,14.0,42.0,67.2,41.6,42.5,37.5,230.0
2020-12-05 15:00:00,13.4,42.2,65.4,41.1,41.8,36.3,226.0
2020-12-05 16:00:00,12.4,42.5,68.7,41.7,42.6,36.9,257.0
2020-12-05 17:00:00,11.5,42.8,70.3,41.4,42.8,37.3,255.0
2020-12-05 18:00:00,10.5,43.1,69.8,41.6,42.7,37.4,253.0
2020-12-05 19:00:00,10.1,43.8,73.4,42.1,43.6,37.6,260.0
2020-12-05 20:00:00,9.9,43.9,73.7,42.5,43.8,37.9,266.0
2020-12-05 21:00:00,9.5,44.4,75.3,42.7,44.2,38.1,269.0
2020-12-05 22:00:00,10.3,44.4,72.8,42.3,39.1,38.3,266.0
2020-12-05 23:00:00,10.4,44.4,68.8,34.1,38.5,33.8,0.0
2020-12-06 00:00:00,10.6,44.4,66.7,32.8,50.2,32.1,0.0
2020-12-06 01:00:00,10.6,44.3,61.0,31.9,46.5,32.2,0.0
2020-12-06 02:00:00,10.3,44.4,54.9,31.5,42.1,32.4,0.0
2020-12-06 03:00:00,10.4,44.3,54.5,31.0,44.1,32.0,0.0
2020-12-06 04:00:00,10.2,44.4,54.3,30.7,43.7,31.7,0.0
2020-12-06 05:00:00,10.0,44.4,52.8,30.9,43.3,31.1,0.0
2020-12-06 06:00:00,9.5,44.5,52.4,31.3,43.4,30.7,0.0
2020-12-06 07:00:00,8.7,44.5,79.5,43.1,45.0,39.2,492.0
2020-12-06 08:00:00,9.9,44.4,79.1,42.3,44.2,37.8,266.0
2020-12-06 09:00:00,11.4,44.2,74.8,42.1,43.7,37.8,270.0
2020-12-06 10:00:00,12.6,44.1,73.5,44.3,45.1,38.3,286.0
2020-12-06 11:00:00,13.1,44.1,71.7,42.5,43.7,38.0,266.0
2020-12-06 12:00:00,13.4,44.0,69.4,42.0,43.4,37.6,258.0
2020-12-06 13:00:00,13.1,44.0,71.0,43.4,44.3,38.2,283.0
2020-12-06 14:00:00,12.6,44.1,66.9,43.1,43.6,37.9,260.0
2020-12-06 15:00:00,12.3,44.1,67.4,43.6,44.1,38.2,273.0
2020-12-06 16:00:00,11.9,44.2,68.4,44.0,44.6,38.5,276.0
2020-12-06 17:00:00,11.9,44.2,68.3,44.0,44.7,38.6,277.0
2020-12-06 18:00:00,11.4,44.2,70.1,44.3,45.0,38.7,277.0
2020-12-06 19:00:00,11.5,44.2,70.2,43.6,44.5,38.6,270.0
2020-12-06 20:00:00,11.5,44.2,70.1,43.5,44.5,38.6,266.0
2020-12-06 21:00:00,11.5,44.2,68.8,43.2,44.1,38.3,257.0
2020-12-06 22:00:00,11.5,44.2,63.7,43.7,44.0,38.0,249.0
2020-12-06 23:00:00,11.2,44.3,53.8,38.1,35.4,35.6,0.0
2020-12-07 00:00:00,10.9,44.3,49.7,36.1,36.5,34.6,0.0
2020-12-07 01:00:00,10.8,44.3,46.7,34.4,36.6,34.5,0.0
2020-12-07 02:00:00,10.9,44.3,44.1,33.3,36.1,34.4,0.0
2020-12-07 03:00:00,10.9,44.3,43.9,32.3,36.7,34.3,0.0
2020-12-07 04:00:00,10.8,44.3,42.2,31.7,35.6,33.6,0.0
2020-12-07 05:00:00,9.8,44.4,51.4,33.7,32.1,23.3,0.0
2020-12-07 06:00:00,10.3,44.4,72.1,45.5,45.9,39.1,446.0
2020-12-07 07:00:00,10.1,44.4,71.8,43.9,44.8,38.5,283.0
2020-12-07 08:00:00,10.4,44.4,71.8,44.1,45.1,38.8,285.0
2020-12-07 09:00:00,9.7,44.4,70.8,43.3,44.4,38.3,279.0
2020-12-07 10:00:00,7.3,44.7,72.0,43.4,44.4,38.3,273.0
2020-12-07 11:00:00,6.5,44.8,74.5,44.2,45.3,38.9,298.0
2020-12-07 12:00:00,6.2,44.8,75.2,43.5,45.0,38.9,286.0
2020-12-07 13:00:00,5.8,44.9,76.5,43.4,44.9,38.7,277.0
2020-12-07 14:00:00,6.2,44.8,75.4,43.2,44.7,38.7,277.0
2020-12-07 15:00:00,5.6,44.9,75.3,43.2,44.7,38.6,274.0
2020-12-07 16:00:00,5.1,44.9,76.8,43.6,45.2,38.9,280.0
2020-12-07 17:00:00,4.8,46.4,77.7,45.5,46.9,39.8,306.0
2020-12-07 18:00:00,4.5,46.4,78.0,44.9,46.5,39.9,305.0
2020-12-07 19:00:00,4.0,48.3,79.0,46.7,47.9,40.3,314.0
2020-12-07 20:00:00,3.6,48.6,79.3,48.1,48.5,41.5,343.0
2020-12-07 21:00:00,3.9,47.6,80.6,46.5,48.0,41.1,327.0
2020-12-07 22:00:00,3.0,49.3,80.8,46.0,42.6,40.9,315.0
2020-12-07 23:00:00,3.2,48.8,77.2,35.8,43.8,35.7,0.0
2020-12-08 00:00:00,3.5,48.3,72.5,34.1,55.2,34.2,0.0
2020-12-08 01:00:00,3.1,49.8,63.6,33.1,46.2,34.8,0.0
2020-12-08 02:00:00,3.4,48.8,59.9,32.1,47.9,34.3,0.0
2020-12-08 03:00:00,3.5,48.6,63.6,32.1,50.3,33.3,0.0
2020-12-08 04:00:00,3.4,49.0,59.8,31.6,49.2,31.9,0.0
2020-12-08 05:00:00,3.1,49.5,61.9,32.9,53.4,31.0,0.0
2020-12-08 06:00:00,2.9,49.2,74.9,42.6,42.3,29.6,190.0
2020-12-08 07:00:00,3.0,49.0,84.2,48.9,50.0,42.5,504.0
2020-12-08 08:00:00,3.4,48.0,84.0,47.0,49.0,40.9,336.0
2020-12-08 09:00:00,3.8,47.0,83.0,45.0,46.9,40.2,328.0
2020-12-08 10:00:00,5.2,45.9,80.8,44.0,46.0,39.1,294.0
2020-12-08 11:00:00,5.7,45.8,79.2,43.9,45.7,39.0,301.0
2020-12-08 12:00:00,6.6,45.6,78.5,43.6,45.4,38.8,294.0
2020-12-08 13:00:00,6.8,45.5,74.4,43.9,45.2,38.7,289.0
2020-12-08 14:00:00,6.7,45.6,74.8,44.0,45.4,38.8,296.0
2020-12-08 15:00:00,5.9,45.7,78.6,44.5,46.0,38.8,298.0
2020-12-08 16:00:00,4.6,46.6,80.4,45.5,47.2,39.8,325.0
2020-12-08 17:00:00,4.0,48.7,82.3,46.8,48.3,40.6,342.0
2020-12-08 18:00:00,3.0,49.8,82.6,47.9,49.4,41.4,359.0
2020-12-08 19:00:00,2.5,50.7,85.0,49.6,51.1,42.2,380.0
2020-12-08 20:00:00,1.6,52.4,83.9,50.7,51.7,43.1,402.0
2020-12-08 21:00:00,1.8,47.4,83.9,45.0,47.1,40.1,291.0
2020-12-08 22:00:00,1.7,47.9,84.9,46.4,45.3,41.2,343.0
2020-12-08 23:00:00,1.6,48.1,80.8,35.8,44.1,35.7,0.0
2020-12-09 00:00:00,1.8,47.4,75.1,34.0,55.0,34.3,0.0
2020-12-09 01:00:00,1.6,48.1,65.1,32.7,46.4,34.9,0.0
2020-12-09 02:00:00,1.4,48.4,61.8,31.5,48.1,34.3,0.0
2020-12-09 03:00:00,2.2,47.0,54.9,30.5,43.4,34.2,0.0
2020-12-09 04:00:00,3.7,44.7,56.3,30.0,44.4,33.8,0.0
2020-12-09 05:00:00,3.2,45.0,53.4,29.7,42.9,33.7,0.0
2020-12-09 06:00:00,4.8,46.4,85.4,45.2,47.1,40.4,561.0
2020-12-09 07:00:00,5.5,47.5,81.2,46.0,47.5,39.1,300.0
2020-12-09 08:00:00,6.0,47.2,81.0,46.2,47.8,40.5,359.0
2020-12-09 09:00:00,5.7,47.5,79.9,45.8,47.3,40.2,330.0
2020-12-09 10:00:00,6.6,46.7,79.5,45.1,46.7,39.9,323.0
2020-12-09 11:00:00,7.3,46.2,78.1,44.5,46.1,39.5,307.0
2020-12-09 12:00:00,6.7,46.5,79.3,45.4,46.9,39.5,310.0
2020-12-09 13:00:00,6.8,46.6,79.2,44.7,46.4,39.7,318.0
2020-12-09 14:00:00,7.1,46.2,79.2,44.5,46.3,39.5,304.0
2020-12-09 15:00:00,6.4,46.8,78.5,45.4,46.8,39.6,310.0
2020-12-09 16:00:00,6.1,46.9,78.3,46.0,47.3,40.3,327.0
2020-12-09 17:00:00,5.3,46.6,79.4,44.9,46.6,39.9,304.0
2020-12-09 18:00:00,5.3,46.8,80.6,45.0,46.6,39.9,229.0
2020-12-09 19:00:00,4.8,47.1,80.5,44.6,46.7,40.1,385.0
2020-12-09 20:00:00,5.6,46.4,79.3,44.3,46.1,39.6,295.0
2020-12-09 21:00:00,5.9,46.2,78.9,44.2,45.9,39.5,292.0
2020-12-09 22:00:00,6.1,46.1,78.6,44.7,41.2,39.7,298.0
2020-12-09 23:00:00,6.3,46.1,72.2,36.2,39.8,35.8,0.0
2020-12-10 00:00:00,6.7,45.8,71.7,33.9,37.6,31.9,0.0
2020-12-10 01:00:00,6.5,46.0,69.9,28.7,47.6,28.7,0.0
2020-12-10 02:00:00,6.1,46.3,64.3,28.0,50.1,28.7,0.0
2020-12-10 03:00:00,5.2,46.8,56.9,27.9,44.6,29.3,0.0
2020-12-10 04:00:00,4.2,48.1,59.5,28.0,47.9,29.1,0.0
2020-12-10 05:00:00,4.8,47.1,56.8,28.1,46.9,28.9,0.0
2020-12-10 06:00:00,4.2,48.0,59.0,41.0,40.2,32.8,246.0
2020-12-10 07:00:00,4.1,48.1,74.5,51.9,51.1,40.9,444.0
2020-12-10 08:00:00,4.1,48.0,81.2,47.1,48.6,40.9,365.0
2020-12-10 09:00:00,4.7,47.6,81.1,46.5,47.9,40.4,339.0
2020-12-10 10:00:00,5.8,47.4,78.5,45.8,47.1,40.1,326.0
2020-12-10 11:00:00,6.7,46.9,75.4,45.2,46.2,39.7,314.0
2020-12-10 12:00:00,6.5,47.0,75.5,45.8,46.8,39.7,321.0
2020-12-10 13:00:00,7.6,46.3,74.9,45.8,46.8,39.8,320.0
2020-12-10 14:00:00,8.4,45.7,73.7,45.3,46.3,39.5,311.0
2020-12-10 15:00:00,8.4,45.7,77.1,45.1,46.3,39.3,301.0
2020-12-10 16:00:00,6.9,46.7,78.4,45.3,46.7,39.6,314.0
2020-12-10 17:00:00,5.9,47.3,79.6,46.0,47.4,40.2,328.0
2020-12-10 18:00:00,5.5,47.7,79.6,46.2,47.7,40.5,329.0
2020-12-10 19:00:00,5.5,47.6,80.4,46.2,47.8,40.4,326.0
2020-12-10 20:00:00,4.6,48.4,79.1,46.4,47.8,40.8,332.0
2020-12-10 21:00:00,4.1,48.9,82.4,48.2,49.4,41.5,354.0
2020-12-10 22:00:00,4.3,48.9,80.1,46.4,42.2,41.5,333.0
2020-12-10 23:00:00,4.1,48.9,77.6,35.9,40.3,35.7,0.0
2020-12-11 00:00:00,4.0,49.2,75.0,33.5,51.3,32.7,0.0
2020-12-11 01:00:00,4.0,49.3,68.1,31.1,51.2,32.0,0.0
2020-12-11 02:00:00,3.4,49.9,66.2,30.3,51.3,31.9,0.0
2020-12-11 03:00:00,3.1,50.2,61.9,29.5,49.5,31.7,0.0
2020-12-11 04:00:00,2.6,50.8,62.8,29.8,51.5,30.1,0.0
2020-12-11 05:00:00,2.4,51.1,59.7,29.3,50.2,29.4,0.0
2020-12-11 06:00:00,2.4,49.6,33.8,32.3,32.6,23.2,0.0
2020-12-11 07:00:00,3.1,48.6,75.5,50.3,50.2,40.4,536.0
2020-12-11 08:00:00,3.5,48.1,84.1,46.5,48.5,40.8,365.0
2020-12-11 09:00:00,4.4,46.8,82.4,45.5,47.4,40.4,335.0
2020-12-11 10:00:00,5.7,45.6,80.8,44.0,46.0,39.2,301.0
2020-12-11 11:00:00,6.0,45.5,80.5,43.8,45.7,39.0,300.0
2020-12-11 12:00:00,7.5,44.8,79.1,43.5,45.5,38.9,296.0
2020-12-11 13:00:00,7.3,44.9,79.1,43.3,45.0,38.7,290.0
2020-12-11 14:00:00,6.5,45.2,78.7,43.3,45.0,38.7,288.0
2020-12-11 15:00:00,6.1,47.6,78.9,46.8,48.0,40.7,354.0
2020-12-11 16:00:00,5.7,47.7,80.8,46.5,48.0,40.7,339.0
2020-12-11 17:00:00,5.5,47.8,78.6,46.2,47.6,40.7,331.0
2020-12-11 18:00:00,5.4,47.8,78.7,46.8,48.0,40.5,326.0
2020-12-11 19:00:00,5.3,47.9,78.2,47.0,48.2,40.8,334.0
2020-12-11 20:00:00,5.1,48.0,78.3,47.1,48.0,41.0,333.0
2020-12-11 21:00:00,5.0,48.0,78.5,47.0,48.3,40.9,333.0
2020-12-11 22:00:00,4.7,48.3,76.1,38.2,42.0,34.7,127.0
2020-12-11 23:00:00,4.3,48.7,73.1,34.2,56.3,33.7,0.0
2020-12-12 00:00:00,4.4,48.4,65.2,33.0,49.9,33.9,0.0
2020-12-12 01:00:00,4.2,48.9,64.6,31.8,50.9,33.5,0.0
2020-12-12 02:00:00,4.1,49.0,60.6,30.9,48.9,33.5,0.0
2020-12-12 03:00:00,4.0,48.9,60.5,31.4,49.3,31.5,0.0
2020-12-12 04:00:00,4.0,49.0,60.2,31.1,49.7,30.4,0.0
2020-12-12 05:00:00,4.0,49.3,58.5,30.7,48.5,29.0,0.0
2020-12-12 06:00:00,3.8,49.5,58.7,29.8,50.4,27.7,0.0
2020-12-12 07:00:00,3.8,49.3,85.3,52.1,51.4,38.1,418.0
2020-12-12 08:00:00,4.3,48.9,83.4,47.3,49.0,41.3,400.0
2020-12-12 09:00:00,5.3,47.9,82.2,46.3,47.9,40.9,345.0
2020-12-12 10:00:00,7.5,47.1,78.8,45.0,46.7,39.8,317.0
2020-12-12 11:00:00,7.4,47.1,77.9,45.7,47.0,39.9,321.0
2020-12-12 12:00:00,8.6,46.8,78.4,45.6,47.2,39.8,321.0
2020-12-12 13:00:00,8.0,47.0,76.9,45.5,46.7,39.9,323.0
2020-12-12 14:00:00,8.3,45.6,74.4,43.8,45.2,39.0,285.0
2020-12-12 15:00:00,7.7,45.7,76.4,43.9,45.3,38.9,290.0
2020-12-12 16:00:00,6.6,45.8,77.7,44.2,45.8,39.1,293.0
2020-12-12 17:00:00,6.3,45.8,78.5,44.5,45.9,39.2,298.0
2020-12-12 18:00:00,6.2,45.8,78.9,44.7,46.4,39.6,304.0
2020-12-12 19:00:00,6.3,45.8,78.3,44.5,46.2,39.5,297.0
2020-12-12 20:00:00,6.3,45.8,78.8,44.8,46.4,39.7,301.0
2020-12-12 21:00:00,6.2,45.8,78.5,44.2,45.9,39.4,290.0
2020-12-12 22:00:00,6.1,45.8,78.2,43.6,40.2,39.4,282.0
2020-12-12 23:00:00,5.9,45.9,74.5,34.2,41.3,33.8,0.0
2020-12-13 00:00:00,5.9,45.9,69.4,32.7,51.5,33.3,0.0
2020-12-13 01:00:00,5.4,45.9,61.0,31.8,44.1,33.7,0.0
2020-12-13 02:00:00,5.6,45.9,58.7,31.0,45.9,33.1,0.0
2020-12-13 03:00:00,5.4,45.9,60.3,30.8,46.5,32.4,0.0
2020-12-13 04:00:00,5.1,45.9,57.0,30.5,46.0,30.7,0.0
2020-12-13 05:00:00,5.4,45.9,55.1,29.8,45.2,30.1,0.0
2020-12-13 06:00:00,5.3,45.9,60.1,25.7,27.8,22.4,0.0
2020-12-13 07:00:00,5.3,45.9,80.8,44.4,46.2,39.8,521.0
2020-12-13 08:00:00,5.6,45.9,78.8,44.2,45.9,38.9,304.0
2020-12-13 09:00:00,5.8,45.9,79.1,44.7,46.5,39.4,313.0
2020-12-13 10:00:00,5.7,45.9,79.4,44.5,46.2,39.4,314.0
2020-12-13 11:00:00,5.6,45.9,78.1,44.5,46.2,39.3,302.0
2020-12-13 12:00:00,5.3,45.9,80.1,44.7,46.5,39.4,316.0
2020-12-13 13:00:00,5.7,45.9,78.7,44.8,46.4,39.6,309.0
2020-12-13 14:00:00,5.6,48.7,81.2,48.7,49.6,41.2,371.0
2020-12-13 15:00:00,5.9,48.7,81.0,47.7,49.1,41.3,353.0
2020-12-13 16:00:00,5.6,48.8,81.4,47.7,49.1,41.4,350.0
2020-12-13 17:00:00,5.0,49.0,80.9,47.7,49.0,41.3,354.0
2020-12-13 18:00:00,4.5,49.3,81.5,47.8,49.2,41.5,348.0
2020-12-13 19:00:00,4.4,49.5,83.4,48.2,49.8,42.0,370.0
2020-12-13 20:00:00,4.3,49.6,83.2,48.0,49.5,41.8,352.0
2020-12-13 21:00:00,4.8,49.2,83.5,48.2,49.8,41.9,357.0
2020-12-13 22:00:00,4.6,49.4,80.5,45.4,42.6,41.1,202.0
2020-12-13 23:00:00,4.6,49.3,74.5,40.0,37.2,35.0,0.0
2020-12-14 00:00:00,4.5,49.5,70.4,33.7,31.9,31.0,0.0
2020-12-14 01:00:00,4.5,49.4,69.9,29.9,31.5,29.5,0.0
2020-12-14 02:00:00,4.6,49.3,70.4,27.9,39.7,28.2,0.0
2020-12-14 03:00:00,4.1,50.1,69.5,28.6,47.0,28.9,0.0
2020-12-14 04:00:00,4.2,49.6,67.4,30.8,52.8,30.5,0.0
2020-12-14 05:00:00,4.2,49.9,61.0,30.2,50.1,30.8,0.0
2020-12-14 06:00:00,4.3,49.5,83.8,50.1,49.0,35.4,313.0
2020-12-14 07:00:00,4.6,49.4,76.5,47.7,49.2,41.9,442.0
2020-12-14 08:00:00,4.6,49.3,82.9,48.3,49.7,41.7,381.0
2020-12-14 09:00:00,4.5,49.5,83.5,48.2,49.8,41.5,370.0
2020-12-14 10:00:00,4.5,49.6,83.1,48.2,49.5,41.5,370.0
2020-12-14 11:00:00,4.5,49.3,81.7,47.9,49.2,41.5,362.0
2020-12-14 12:00:00,4.8,52.0,81.6,51.5,51.9,42.1,389.0
2020-12-14 13:00:00,4.7,52.2,82.1,51.8,52.3,43.6,435.0
2020-12-14 14:00:00,4.4,46.7,82.2,44.3,46.4,39.2,260.0
2020-12-14 15:00:00,4.1,46.8,81.5,44.9,46.7,39.8,322.0
2020-12-14 16:00:00,4.0,47.4,83.3,45.1,47.1,40.0,316.0
2020-12-14 17:00:00,4.0,47.2,82.6,45.2,47.4,40.2,319.0
2020-12-14 18:00:00,3.7,47.4,82.3,45.2,47.3,40.3,316.0
2020-12-14 19:00:00,3.9,47.3,82.2,45.2,47.0,40.1,316.0
2020-12-14 20:00:00,3.8,47.5,81.4,45.1,46.9,40.1,312.0
2020-12-14 21:00:00,3.8,47.3,81.6,45.1,47.1,40.1,313.0
2020-12-14 22:00:00,4.0,47.2,83.2,45.6,47.3,40.2,238.0
2020-12-14 23:00:00,4.05,47.05,77.0,39.7,49.6,37.35,36.0
2020-12-15 00:00:00,4.1,46.9,70.8,33.8,51.9,34.5,36.0
2020-12-15 01:00:00,4.1,47.2,61.8,32.8,44.0,34.9,0.0
2020-12-15 02:00:00,3.5,47.8,58.1,31.7,44.5,34.1,0.0
2020-12-15 03:00:00,3.6,47.5,62.5,31.6,48.2,31.0,0.0
2020-12-15 04:00:00,3.9,47.3,58.5,30.4,47.0,30.3,0.0
2020-12-15 05:00:00,3.9,47.3,58.9,29.4,47.1,29.4,0.0
2020-12-15 06:00:00,3.7,47.5,65.0,30.3,31.9,21.9,0.0
2020-12-15 07:00:00,4.1,46.9,73.8,47.5,48.2,41.3,556.0
2020-12-15 08:00:00,4.3,46.8,83.9,44.5,46.8,39.5,316.0
2020-12-15 09:00:00,4.6,46.4,82.8,44.3,46.2,39.4,318.0
2020-12-15 10:00:00,5.1,46.0,80.8,43.8,45.9,39.0,308.0
2020-12-15 11:00:00,5.6,46.0,79.9,43.4,45.4,38.8,299.0
2020-12-15 12:00:00,6.2,46.0,80.7,44.8,46.6,39.2,311.0
2020-12-15 13:00:00,6.3,46.0,80.2,43.7,45.6,39.0,305.0
2020-12-15 14:00:00,6.5,46.0,80.1,43.4,45.4,38.8,295.0
2020-12-15 15:00:00,6.3,46.0,80.8,45.1,46.8,39.5,321.0
2020-12-15 16:00:00,6.0,46.0,79.7,43.7,45.5,39.1,294.0
2020-12-15 17:00:00,6.0,46.0,79.0,43.5,45.3,38.9,292.0
2020-12-15 18:00:00,5.7,46.0,80.3,44.7,46.4,39.5,315.0
2020-12-15 19:00:00,6.0,46.0,79.7,44.7,46.4,39.6,307.0
2020-12-15 20:00:00,5.8,46.0,77.5,44.7,46.1,39.7,309.0
2020-12-15 21:00:00,5.9,46.0,79.6,44.8,46.6,39.7,306.0
2020-12-15 22:00:00,5.6,46.0,78.9,43.7,39.7,39.6,285.0
2020-12-15 23:00:00,5.5,46.0,75.9,34.2,39.8,33.5,0.0
2020-12-16 00:00:00,5.8,46.0,70.5,32.5,51.2,33.2,0.0
2020-12-16 01:00:00,5.5,46.0,61.8,31.7,43.3,33.5,0.0
2020-12-16 02:00:00,5.4,46.0,59.0,30.8,44.8,32.9,0.0
2020-12-16 03:00:00,4.9,46.0,61.4,30.8,46.9,30.9,0.0
2020-12-16 04:00:00,5.0,46.0,59.7,29.9,46.0,29.9,0.0
2020-12-16 05:00:00,4.9,46.2,58.9,28.1,48.6,28.2,0.0
2020-12-16 06:00:00,4.7,46.4,84.4,48.4,49.2,38.9,487.0
2020-12-16 07:00:00,4.7,46.3,83.1,44.6,46.6,39.3,322.0
2020-12-16 08:00:00,4.8,46.3,83.1,44.2,46.3,39.5,326.0
2020-12-16 09:00:00,5.5,46.0,82.8,43.6,45.9,39.0,306.0
2020-12-16 10:00:00,6.1,46.0,80.3,44.0,45.8,38.8,301.0
2020-12-16 11:00:00,7.3,46.0,80.3,44.3,46.2,39.2,313.0
2020-12-16 12:00:00,7.4,46.0,80.1,44.3,46.1,39.2,309.0
2020-12-16 13:00:00,6.9,46.0,79.8,44.2,46.1,39.2,303.0
2020-12-16 14:00:00,6.5,46.0,80.0,44.2,46.1,39.2,313.0
2020-12-16 15:00:00,5.6,45.9,80.0,44.2,46.0,39.1,308.0
2020-12-16 16:00:00,5.2,45.9,79.3,44.2,45.9,39.2,307.0
2020-12-16 17:00:00,4.5,46.6,82.7,44.7,46.8,39.5,318.0
2020-12-16 18:00:00,4.0,47.2,80.1,44.9,46.5,39.7,318.0
2020-12-16 19:00:00,3.8,47.4,82.6,45.1,47.1,39.9,318.0
2020-12-16 20:00:00,4.0,47.2,81.3,45.1,46.9,40.0,318.0
2020-12-16 21:00:00,4.0,47.0,82.4,45.3,47.1,40.0,319.0
2020-12-16 22:00:00,3.8,47.4,81.4,44.0,41.0,40.1,303.0
2020-12-16 23:00:00,3.8,47.4,78.7,34.0,45.5,33.6,0.0
2020-12-17 00:00:00,3.5,47.8,71.6,32.6,52.3,33.6,0.0
2020-12-17 01:00:00,3.1,48.1,62.3,31.6,44.7,34.0,0.0
2020-12-17 02:00:00,2.9,48.6,59.5,30.7,45.9,33.5,0.0
2020-12-17 03:00:00,2.7,48.8,61.3,30.5,47.7,31.7,0.0
2020-12-17 04:00:00,2.9,48.6,61.6,30.1,48.7,29.8,0.0
2020-12-17 05:00:00,2.6,48.2,59.5,29.0,48.2,28.0,0.0
2020-12-17 06:00:00,3.0,47.6,72.6,45.2,43.9,32.3,265.0
2020-12-17 07:00:00,3.5,47.0,83.8,45.5,47.5,40.7,450.0
2020-12-17 08:00:00,4.1,47.3,82.9,45.0,46.8,39.4,319.0
2020-12-17 09:00:00,5.0,46.2,80.9,44.2,46.1,39.5,329.0
2020-12-17 10:00:00,6.0,46.7,80.3,45.1,46.6,39.3,317.0
2020-12-17 11:00:00,7.2,46.5,79.2,45.4,46.8,39.7,329.0
2020-12-17 12:00:00,7.5,46.4,78.3,45.3,46.8,39.7,328.0
2020-12-17 13:00:00,8.1,46.2,78.4,44.5,46.2,39.8,320.0
2020-12-17 14:00:00,8.3,46.2,74.0,44.7,45.7,39.0,297.0
2020-12-17 15:00:00,8.4,46.2,71.5,44.9,45.6,39.0,302.0
2020-12-17 16:00:00,7.0,46.5,74.3,45.7,46.6,39.5,318.0
2020-12-17 17:00:00,5.6,46.9,77.2,46.1,47.2,40.2,334.0
2020-12-17 18:00:00,4.9,47.2,78.0,46.3,47.4,40.3,327.0
2020-12-17 19:00:00,3.5,48.4,78.9,46.7,47.8,40.6,336.0
2020-12-17 20:00:00,4.1,48.2,79.0,46.7,48.0,40.7,334.0
2020-12-17 21:00:00,4.0,48.2,77.9,47.3,48.2,40.6,333.0
2020-12-17 22:00:00,4.1,47.9,78.4,45.8,41.4,40.8,325.0
2020-12-17 23:00:00,3.3,48.8,74.4,35.7,40.1,35.5,0.0
2020-12-18 00:00:00,2.6,49.6,71.9,33.1,55.8,32.3,0.0
2020-12-18 01:00:00,2.5,49.6,63.9,31.4,48.6,32.8,0.0
2020-12-18 02:00:00,3.0,49.2,63.0,30.1,50.4,31.3,0.0
2020-12-18 03:00:00,3.1,49.0,57.7,29.5,48.0,31.1,0.0
2020-12-18 04:00:00,3.1,49.2,60.6,29.5,49.4,29.3,0.0
2020-12-18 05:00:00,3.0,49.2,58.1,28.5,49.4,27.6,0.0
2020-12-18 06:00:00,3.2,48.9,81.8,51.9,51.5,40.2,483.0
2020-12-18 07:00:00,2.9,49.2,80.4,48.1,49.6,41.2,387.0
2020-12-18 08:00:00,3.0,49.2,81.3,48.2,49.3,41.3,381.0
2020-12-18 09:00:00,3.8,48.3,81.1,47.7,49.1,41.2,367.0
2020-12-18 10:00:00,4.1,47.8,79.4,46.6,48.0,40.6,344.0
2020-12-18 11:00:00,5.0,46.9,79.3,46.3,47.6,40.3,337.0
2020-12-18 12:00:00,5.3,46.8,78.2,45.5,47.0,39.8,325.0
2020-12-18 13:00:00,5.0,47.0,78.6,45.3,46.7,39.7,325.0
2020-12-18 14:00:00,5.2,46.9,78.7,45.3,46.8,39.7,322.0
2020-12-18 15:00:00,4.9,47.1,77.7,45.2,46.5,39.7,318.0
2020-12-18 16:00:00,4.7,46.4,78.3,44.4,46.0,39.3,306.0
2020-12-18 17:00:00,4.6,46.6,77.3,45.5,46.6,39.6,314.0
2020-12-18 18:00:00,4.7,46.3,77.8,44.9,46.3,39.5,311.0
2020-12-18 19:00:00,4.6,46.4,78.2,44.9,46.4,39.7,311.0
2020-12-18 20:00:00,4.9,46.1,77.6,45.0,46.6,39.8,309.0
2020-12-18 21:00:00,4.6,46.6,78.5,45.1,46.7,39.8,309.0
2020-12-18 22:00:00,4.3,46.8,76.8,43.5,39.6,39.4,273.0
2020-12-18 23:00:00,4.2,46.9,70.5,35.6,37.4,35.4,0.0
2020-12-19 00:00:00,4.0,47.0,70.7,32.4,39.4,31.4,0.0
2020-12-19 01:00:00,4.1,47.0,68.2,28.3,53.5,28.5,0.0
2020-12-19 02:00:00,3.9,47.3,59.6,27.9,45.0,29.6,0.0
2020-12-19 03:00:00,3.6,47.6,59.8,27.3,47.6,28.5,0.0
2020-12-19 04:00:00,3.5,47.8,59.7,27.3,47.9,28.0,0.0
2020-12-19 05:00:00,3.7,47.5,57.7,27.0,48.0,27.0,0.0
2020-12-19 06:00:00,3.4,47.8,68.8,40.0,41.6,25.3,79.0
2020-12-19 07:00:00,3.4,47.8,82.9,45.9,47.7,40.5,549.0
2020-12-19 08:00:00,3.2,48.1,83.4,46.7,48.4,40.4,349.0
2020-12-19 09:00:00,3.5,47.8,82.9,45.5,47.6,40.2,343.0
2020-12-19 10:00:00,4.0,47.3,82.0,45.0,46.9,39.9,330.0
2020-12-19 11:00:00,4.3,47.0,82.7,45.0,46.9,39.7,328.0
2020-12-19 12:00:00,4.5,46.6,80.4,44.8,46.5,39.7,325.0
2020-12-19 13:00:00,4.4,46.8,83.2,44.8,46.9,39.5,322.0
2020-12-19 14:00:00,4.2,46.9,83.1,44.7,46.7,39.5,323.0
2020-12-19 15:00:00,4.2,48.8,82.7,47.6,49.1,40.4,350.0
2020-12-19 16:00:00,4.1,49.0,83.9,47.9,49.6,41.4,381.0
2020-12-19 17:00:00,3.9,49.1,83.4,48.0,49.4,41.4,367.0
2020-12-19 18:00:00,3.3,49.5,83.9,48.0,49.6,41.5,368.0
2020-12-19 19:00:00,3.4,49.7,83.6,48.0,49.5,41.6,368.0
2020-12-19 20:00:00,3.3,49.6,83.7,48.1,49.7,41.6,366.0
2020-12-19 21:00:00,3.3,49.5,83.9,48.2,49.7,41.6,367.0
2020-12-19 22:00:00,3.3,49.7,82.3,47.1,42.2,41.7,351.0
2020-12-19 23:00:00,3.5,49.5,78.3,35.8,42.0,35.4,0.0
2020-12-20 00:00:00,3.5,49.6,74.2,33.3,55.8,33.1,0.0
2020-12-20 01:00:00,3.7,49.4,64.7,32.2,46.3,34.1,0.0
2020-12-20 02:00:00,3.6,49.4,61.2,30.9,48.1,33.3,0.0
2020-12-20 03:00:00,3.6,49.3,64.4,30.9,50.3,31.0,0.0
2020-12-20 04:00:00,3.7,49.3,60.2,29.9,48.8,29.7,0.0
2020-12-20 05:00:00,3.6,49.4,60.5,29.1,49.1,28.4,0.0
2020-12-20 06:00:00,3.5,49.5,83.1,45.4,43.3,25.2,125.0
2020-12-20 07:00:00,3.4,49.6,83.7,48.4,49.7,41.7,552.0
2020-12-20 08:00:00,3.9,49.1,83.5,47.8,49.4,41.1,373.0
2020-12-20 09:00:00,4.1,48.8,82.4,47.6,49.0,41.1,368.0
2020-12-20 10:00:00,4.9,48.0,80.4,46.9,48.4,40.6,358.0
2020-12-20 11:00:00,5.1,47.8,80.4,46.8,48.2,40.6,353.0
2020-12-20 12:00:00,5.6,47.6,78.2,46.4,47.6,40.3,339.0
2020-12-20 13:00:00,6.0,47.5,78.8,46.3,47.8,40.3,341.0
2020-12-20 14:00:00,5.5,48.8,80.3,47.7,48.9,40.7,351.0
2020-12-20 15:00:00,4.9,49.0,79.9,48.1,49.3,41.3,367.0
2020-12-20 16:00:00,4.6,49.3,80.6,48.6,49.7,41.7,373.0
2020-12-20 17:00:00,4.6,49.3,80.7,47.9,49.3,41.7,366.0
2020-12-20 18:00:00,4.4,49.5,81.0,47.5,48.9,41.3,348.0
2020-12-20 19:00:00,4.8,49.1,80.9,48.4,49.6,41.6,356.0
2020-12-20 20:00:00,4.8,49.2,80.3,47.9,49.1,41.7,361.0
2020-12-20 21:00:00,4.8,49.2,81.3,48.2,49.4,41.9,358.0
2020-12-20 22:00:00,4.8,49.0,78.6,47.3,41.8,40.9,183.0
2020-12-20 23:00:00,5.2,48.9,71.0,41.3,34.7,34.4,0.0
2020-12-21 00:00:00,4.9,49.0,65.6,36.6,31.3,31.1,0.0
2020-12-21 01:00:00,4.8,49.0,61.8,32.3,29.2,29.0,0.0
2020-12-21 02:00:00,4.8,49.1,63.8,28.8,28.5,27.5,0.0
2020-12-21 03:00:00,4.7,49.2,67.0,25.4,45.9,25.7,0.0
2020-12-21 04:00:00,4.6,49.2,66.4,28.0,50.0,28.9,0.0
2020-12-21 05:00:00,4.5,49.4,61.0,28.9,50.3,29.9,0.0
2020-12-21 06:00:00,4.8,49.2,81.3,46.1,43.6,25.9,119.0
2020-12-21 07:00:00,4.3,49.6,78.6,54.2,52.2,41.5,546.0
2020-12-21 08:00:00,4.8,49.1,81.3,47.2,48.6,41.3,372.0
2020-12-21 09:00:00,5.2,48.9,81.2,47.5,48.9,40.9,353.0
2020-12-21 10:00:00,6.3,48.5,80.2,47.5,48.9,41.0,363.0
2020-12-21 11:00:00,7.2,48.2,78.7,47.1,48.2,40.8,352.0
2020-12-21 12:00:00,7.1,48.3,79.3,47.1,48.3,40.7,345.0
2020-12-21 13:00:00,7.0,48.3,79.0,47.0,48.2,40.9,353.0
2020-12-21 14:00:00,7.1,47.5,80.7,46.5,47.9,40.5,335.0
2020-12-21 15:00:00,6.6,47.6,79.4,46.2,47.8,40.4,330.0
2020-12-21 16:00:00,5.8,47.8,79.2,46.2,47.6,40.4,330.0
2020-12-21 17:00:00,5.5,47.8,80.8,46.6,48.0,40.7,337.0
2020-12-21 18:00:00,5.7,47.8,79.8,46.4,48.0,40.7,331.0
2020-12-21 19:00:00,5.6,47.8,79.8,46.6,48.1,40.8,334.0
2020-12-21 20:00:00,5.6,47.8,80.5,46.8,48.2,40.9,336.0
2020-12-21 21:00:00,5.3,47.9,80.6,46.8,48.4,40.9,334.0
2020-12-21 22:00:00,5.3,47.9,79.2,45.1,41.1,40.9,304.0
2020-12-21 23:00:00,5.0,48.0,76.3,35.6,43.1,35.4,0.0
2020-12-22 00:00:00,4.8,48.1,70.8,33.9,52.1,34.5,0.0
2020-12-22 01:00:00,4.7,48.3,65.4,33.0,50.1,35.0,0.0
2020-12-22 02:00:00,4.7,48.3,59.3,31.9,47.5,34.2,0.0
2020-12-22 03:00:00,4.2,48.7,61.1,31.7,48.7,31.8,0.0
2020-12-22 04:00:00,4.2,48.6,58.8,30.8,47.7,30.8,0.0
2020-12-22 05:00:00,4.3,48.6,59.3,30.3,48.8,29.1,0.0
2020-12-22 06:00:00,4.3,48.4,38.2,27.9,28.2,23.5,40.0
2020-12-22 07:00:00,4.1,48.6,77.7,51.4,50.2,40.8,539.0
2020-12-22 08:00:00,4.4,48.4,84.2,46.1,48.0,40.7,353.0
2020-12-22 09:00:00,5.3,47.9,84.0,45.6,47.6,40.1,336.0
2020-12-22 10:00:00,5.9,47.8,82.1,45.1,47.0,39.9,331.0
2020-12-22 11:00:00,7.3,47.5,78.2,45.7,47.0,40.0,336.0
2020-12-22 12:00:00,8.3,47.3,77.0,45.5,46.8,39.9,326.0
2020-12-22 13:00:00,8.2,47.2,78.6,45.7,47.1,39.8,326.0
2020-12-22 14:00:00,8.1,47.3,78.5,45.8,47.1,40.0,328.0
2020-12-22 15:00:00,8.0,47.3,78.1,45.7,47.0,40.0,323.0
2020-12-22 16:00:00,7.2,47.5,78.4,45.8,47.1,40.1,323.0
2020-12-22 17:00:00,6.9,47.5,78.9,46.0,47.4,40.4,326.0
2020-12-22 18:00:00,6.6,47.6,78.9,46.2,47.6,40.5,328.0
2020-12-22 19:00:00,6.5,47.6,78.8,46.3,47.6,40.5,326.0
2020-12-22 20:00:00,6.4,47.7,79.1,46.2,47.5,40.5,324.0
2020-12-22 21:00:00,5.9,47.8,79.4,46.4,47.7,40.6,326.0
2020-12-22 22:00:00,5.9,47.8,79.6,46.6,47.9,40.8,330.0
2020-12-22 23:00:00,5.8,47.8,76.3,36.3,40.3,35.6,38.0
2020-12-23 00:00:00,5.8,47.8,73.3,34.0,56.0,33.4,0.0
2020-12-23 01:00:00,5.9,47.8,64.9,32.8,46.8,33.8,0.0
2020-12-23 02:00:00,6.0,47.7,61.8,31.8,48.5,33.0,0.0
2020-12-23 03:00:00,5.8,47.8,62.5,31.2,48.2,32.3,0.0
2020-12-23 04:00:00,5.7,47.8,59.7,30.6,48.1,30.0,0.0
2020-12-23 05:00:00,6.0,47.7,57.1,29.5,47.2,29.4,0.0
2020-12-23 06:00:00,6.2,47.7,76.2,51.4,49.8,38.4,416.0
2020-12-23 07:00:00,6.0,47.7,79.5,45.7,47.2,40.4,374.0
2020-12-23 08:00:00,6.4,47.6,79.5,46.2,47.7,40.1,328.0
2020-12-23 09:00:00,7.1,47.5,79.4,46.6,47.9,40.5,343.0
2020-12-23 10:00:00,9.1,47.0,77.3,45.3,46.8,40.1,326.0
2020-12-23 11:00:00,10.3,46.8,74.8,45.3,46.4,39.7,303.0
2020-12-23 12:00:00,10.6,46.7,77.8,45.4,47.2,39.7,311.0
2020-12-23 13:00:00,11.1,46.6,70.1,37.0,37.3,35.5,0.0
2020-12-23 14:00:00,11.5,46.5,68.6,33.9,37.4,32.0,0.0
2020-12-23 15:00:00,11.4,46.6,66.4,28.7,33.4,28.6,0.0
2020-12-23 16:00:00,10.5,46.7,63.3,32.6,32.0,31.7,145.0
2020-12-23 17:00:00,9.2,47.0,77.6,46.6,47.8,40.7,430.0
2020-12-23 18:00:00,9.0,47.0,77.0,45.5,47.0,39.9,313.0
2020-12-23 19:00:00,8.2,47.3,77.9,45.7,47.2,40.2,321.0
2020-12-23 20:00:00,7.0,47.5,78.6,46.1,47.6,40.3,323.0
2020-12-23 21:00:00,6.2,47.7,79.2,46.3,47.8,40.6,327.0
2020-12-23 22:00:00,6.2,47.7,78.4,44.5,40.4,40.4,295.0
2020-12-23 23:00:00,5.4,47.9,74.6,34.7,39.8,34.0,0.0
2020-12-24 00:00:00,5.3,47.9,70.0,32.9,52.7,33.5,0.0
2020-12-24 01:00:00,5.8,47.8,61.5,32.1,44.4,34.0,0.0
2020-12-24 02:00:00,4.2,48.2,58.7,31.2,45.9,33.3,0.0
2020-12-24 03:00:00,3.6,48.5,62.8,31.3,49.5,30.8,0.0
2020-12-24 04:00:00,3.5,48.6,57.8,30.1,48.0,29.9,0.0
2020-12-24 05:00:00,3.6,48.6,58.3,29.0,47.9,28.6,0.0
2020-12-24 06:00:00,3.8,48.5,56.9,31.7,25.6,22.9,0.0
2020-12-24 07:00:00,3.5,48.6,74.8,51.6,50.1,40.6,542.0
2020-12-24 08:00:00,4.0,48.3,84.2,46.8,48.8,41.0,366.0
2020-12-24 09:00:00,5.4,47.8,82.9,46.1,47.9,40.5,341.0
2020-12-24 10:00:00,7.0,47.5,79.2,45.3,46.8,40.0,324.0
2020-12-24 11:00:00,8.3,47.2,78.5,46.2,47.3,40.2,329.0
2020-12-24 12:00:00,10.0,46.8,75.5,45.6,46.8,40.0,323.0
2020-12-24 13:00:00,10.7,46.7,42.2,41.5,40.4,34.5,129.0
2020-12-24 14:00:00,11.3,46.5,58.8,33.0,34.4,31.8,128.0
2020-12-24 15:00:00,11.4,46.6,53.3,30.2,38.7,28.5,0.0
2020-12-24 16:00:00,11.4,46.5,74.2,48.0,48.1,40.0,410.0
2020-12-24 17:00:00,11.0,46.6,74.4,45.7,46.7,39.9,312.0
2020-12-24 18:00:00,11.5,46.5,73.7,45.6,46.4,39.9,309.0
2020-12-24 19:00:00,11.5,46.5,73.3,45.5,46.4,39.8,302.0
2020-12-24 20:00:00,11.1,46.6,73.6,45.5,46.5,39.9,299.0
2020-12-24 21:00:00,9.5,47.0,75.4,46.0,47.2,40.2,306.0
2020-12-24 22:00:00,8.9,47.1,72.8,40.7,39.5,38.2,70.0
2020-12-24 23:00:00,9.8,46.9,69.3,35.1,34.7,32.8,0.0
2020-12-25 00:00:00,11.0,46.6,67.3,31.3,32.0,29.9,0.0
2020-12-25 01:00:00,11.5,46.5,66.3,28.8,32.7,28.4,0.0
2020-12-25 02:00:00,11.1,46.6,65.5,27.4,36.4,27.6,0.0
2020-12-25 03:00:00,11.2,46.6,64.2,27.9,37.9,27.9,0.0
2020-12-25 04:00:00,9.8,46.9,62.2,28.2,39.4,28.3,0.0
2020-12-25 05:00:00,8.7,47.1,60.7,28.4,41.2,28.4,0.0
2020-12-25 06:00:00,7.9,47.3,71.7,50.1,48.2,38.9,417.0
2020-12-25 07:00:00,8.6,47.2,78.8,46.1,47.4,40.2,336.0
2020-12-25 08:00:00,9.2,47.0,78.0,46.3,47.5,40.4,330.0
2020-12-25 09:00:00,9.9,46.9,75.4,45.7,46.8,40.1,314.0
2020-12-25 10:00:00,11.2,46.6,74.7,45.4,46.6,40.0,304.0
2020-12-25 11:00:00,13.3,46.1,40.5,44.2,38.6,35.4,82.0
2020-12-25 12:00:00,13.9,46.0,70.6,49.7,44.4,30.6,89.0
2020-12-25 13:00:00,14.4,46.0,40.7,44.5,38.5,33.6,161.0
2020-12-25 14:00:00,14.5,46.0,72.4,47.9,47.5,39.1,338.0
2020-12-25 15:00:00,14.8,44.0,69.7,42.1,43.5,37.9,248.0
2020-12-25 16:00:00,14.4,44.0,71.5,42.4,43.8,38.0,257.0
2020-12-25 17:00:00,14.3,45.0,71.4,44.5,45.4,39.0,288.0
2020-12-25 18:00:00,10.1,46.2,71.3,44.9,45.5,39.3,289.0
2020-12-25 19:00:00,8.7,46.8,77.0,45.9,47.0,40.8,328.0
2020-12-25 20:00:00,8.2,46.9,77.5,45.5,46.9,40.2,303.0
2020-12-25 21:00:00,7.6,47.1,78.8,45.7,47.1,40.3,308.0
2020-12-25 22:00:00,7.4,47.1,78.3,44.1,40.9,40.1,284.0
2020-12-25 23:00:00,7.5,47.1,74.8,35.5,42.5,35.4,0.0
2020-12-26 00:00:00,7.6,47.1,69.4,34.0,51.9,34.5,0.0
2020-12-26 01:00:00,7.5,47.1,61.1,33.1,44.5,34.8,0.0
2020-12-26 02:00:00,7.0,47.3,57.8,32.0,45.1,34.2,0.0
2020-12-26 03:00:00,6.8,47.3,60.2,32.0,47.8,32.3,0.0
2020-12-26 04:00:00,6.9,47.4,57.0,31.2,46.5,32.0,0.0
2020-12-26 05:00:00,6.6,47.4,57.3,30.9,47.2,30.3,0.0
2020-12-26 06:00:00,6.7,47.4,70.6,40.3,38.5,24.2,61.0
2020-12-26 07:00:00,6.2,47.6,80.3,46.6,48.0,40.9,523.0
2020-12-26 08:00:00,5.9,47.7,80.2,46.1,47.6,40.5,326.0
2020-12-26 09:00:00,5.3,47.8,80.9,46.2,47.9,40.5,331.0
2020-12-26 10:00:00,4.6,47.2,80.9,45.6,47.3,40.3,319.0
2020-12-26 11:00:00,3.0,47.9,83.0,45.9,47.9,40.4,325.0
2020-12-26 12:00:00,2.4,47.5,84.3,45.8,47.8,40.9,338.0
2020-12-26 13:00:00,2.8,47.3,83.0,45.0,47.1,40.3,312.0
2020-12-26 14:00:00,2.9,47.1,85.1,45.3,47.5,40.3,316.0
2020-12-26 15:00:00,3.1,47.0,85.6,45.3,47.6,40.4,317.0
2020-12-26 16:00:00,2.7,49.2,84.1,47.8,49.4,41.2,344.0
2020-12-26 17:00:00,2.7,49.1,83.9,46.2,49.2,41.2,341.0
2020-12-26 18:00:00,2.2,49.3,81.6,46.0,48.7,40.6,317.0
2020-12-26 19:00:00,2.2,49.5,84.8,46.7,49.7,41.2,339.0
2020-12-26 20:00:00,2.2,49.5,85.3,46.9,49.9,41.3,341.0
2020-12-26 21:00:00,2.7,49.2,85.3,46.2,49.4,41.3,331.0
2020-12-26 22:00:00,2.0,49.5,85.0,46.5,43.9,40.9,321.0
2020-12-26 23:00:00,1.7,49.6,80.4,35.2,45.6,34.7,0.0
2020-12-27 00:00:00,1.7,49.6,73.4,33.4,55.0,34.4,0.0
2020-12-27 01:00:00,1.5,49.8,63.7,32.3,46.3,34.9,0.0
2020-12-27 02:00:00,1.3,49.8,60.6,31.3,47.4,34.2,0.0
2020-12-27 03:00:00,1.2,49.9,63.3,31.5,50.3,31.8,0.0
2020-12-27 04:00:00,1.2,49.9,60.1,30.5,49.1,30.7,0.0
2020-12-27 05:00:00,1.3,49.8,61.1,29.6,49.7,28.5,0.0
2020-12-27 06:00:00,1.4,49.8,71.6,40.6,43.8,25.3,104.0
2020-12-27 07:00:00,1.7,49.5,86.4,46.8,49.9,41.2,534.0
2020-12-27 08:00:00,2.0,49.5,84.7,46.0,49.2,40.5,334.0
2020-12-27 09:00:00,2.6,49.3,84.7,46.0,48.9,40.5,350.0
2020-12-27 10:00:00,3.4,48.8,84.0,45.8,48.8,40.3,333.0
2020-12-27 11:00:00,4.2,48.3,83.4,45.3,48.2,39.9,334.0
2020-12-27 12:00:00,5.8,47.7,79.7,44.7,47.4,39.6,312.0
2020-12-27 13:00:00,5.9,47.7,78.2,45.0,47.6,39.2,311.0
2020-12-27 14:00:00,6.1,47.6,80.4,44.9,47.6,39.8,320.0
2020-12-27 15:00:00,7.0,47.3,77.9,44.4,47.2,39.5,308.0
2020-12-27 16:00:00,5.0,47.9,79.8,45.7,48.3,39.8,310.0
2020-12-27 17:00:00,4.5,48.2,83.7,45.6,48.4,40.3,333.0
2020-12-27 18:00:00,4.8,48.1,84.1,46.3,48.7,40.4,320.0
2020-12-27 19:00:00,5.4,47.8,84.1,45.4,48.4,40.1,317.0
2020-12-27 20:00:00,4.2,48.3,81.9,44.9,47.9,39.8,302.0
2020-12-27 21:00:00,4.3,48.3,84.1,45.7,48.8,40.5,332.0
2020-12-27 22:00:00,5.1,47.9,83.0,45.0,41.9,40.6,307.0
2020-12-27 23:00:00,4.5,48.3,78.4,35.3,40.2,34.8,0.0
2020-12-28 00:00:00,3.7,48.6,74.9,32.8,55.3,32.3,0.0
2020-12-28 01:00:00,2.8,49.0,64.9,31.8,47.3,33.4,0.0
2020-12-28 02:00:00,2.6,49.2,62.3,30.7,48.4,32.6,0.0
2020-12-28 03:00:00,1.9,49.6,64.4,30.5,50.3,30.8,0.0
2020-12-28 04:00:00,1.4,49.7,60.2,29.5,49.2,29.8,0.0
2020-12-28 05:00:00,1.5,49.1,40.6,40.8,40.5,28.7,0.0
2020-12-28 06:00:00,0.9,49.4,85.9,48.3,49.0,33.1,282.0
2020-12-28 07:00:00,1.3,49.3,86.4,45.5,48.8,40.8,453.0
2020-12-28 08:00:00,1.5,49.1,86.3,45.8,48.9,40.4,344.0
2020-12-28 09:00:00,4.9,48.1,85.0,44.4,47.7,40.0,329.0
2020-12-28 10:00:00,7.8,47.0,79.2,43.6,46.4,38.9,293.0
2020-12-28 11:00:00,9.6,46.4,76.4,43.5,46.1,38.8,291.0
2020-12-28 12:00:00,10.9,46.0,73.4,43.9,46.1,38.7,288.0
2020-12-28 13:00:00,11.2,45.9,40.4,43.0,39.7,34.3,88.0
2020-12-28 14:00:00,11.5,45.7,73.9,44.0,46.3,39.5,390.0
2020-12-28 15:00:00,11.3,45.8,72.8,42.7,45.1,38.3,265.0
2020-12-28 16:00:00,11.6,45.7,73.6,44.0,46.1,38.7,293.0
2020-12-28 17:00:00,11.8,45.7,73.9,44.2,46.3,38.9,290.0
2020-12-28 18:00:00,11.8,45.7,71.7,42.8,44.9,38.4,265.0
2020-12-28 19:00:00,11.8,45.7,73.0,43.4,45.7,38.3,268.0
2020-12-28 20:00:00,12.4,45.5,73.8,43.1,45.6,38.6,280.0
2020-12-28 21:00:00,12.0,45.6,73.9,42.8,45.3,38.3,261.0
2020-12-28 22:00:00,12.0,45.7,71.6,42.5,39.4,38.2,247.0
2020-12-28 23:00:00,11.6,45.8,68.9,34.9,39.2,34.6,0.0
2020-12-29 00:00:00,11.8,45.7,66.4,32.6,51.6,31.9,0.0
2020-12-29 01:00:00,11.6,45.8,59.7,31.3,46.3,31.9,0.0
2020-12-29 02:00:00,11.8,45.7,59.0,30.4,47.4,31.1,0.0
2020-12-29 03:00:00,11.6,45.7,53.5,29.7,45.2,30.8,0.0
2020-12-29 04:00:00,11.7,45.7,55.7,29.3,46.0,28.8,0.0
2020-12-29 05:00:00,11.8,45.7,60.3,33.1,34.0,23.3,0.0
2020-12-29 06:00:00,10.8,46.1,74.2,44.8,47.0,39.3,467.0
2020-12-29 07:00:00,10.7,46.1,75.6,44.2,46.4,38.8,291.0
2020-12-29 08:00:00,9.8,46.4,73.7,43.9,46.3,38.9,290.0
2020-12-29 09:00:00,9.6,46.5,77.4,44.3,46.8,39.2,301.0
2020-12-29 10:00:00,9.3,46.5,78.2,44.0,46.6,39.2,297.0
2020-12-29 11:00:00,9.3,46.6,76.9,43.7,46.2,38.9,288.0
2020-12-29 12:00:00,9.3,46.5,77.6,43.6,46.3,38.9,286.0
2020-12-29 13:00:00,9.3,46.5,77.3,43.7,46.3,39.0,285.0
2020-12-29 14:00:00,10.3,46.2,76.5,43.7,46.3,39.0,284.0
2020-12-29 15:00:00,9.8,46.4,75.1,43.3,45.9,38.8,272.0
2020-12-29 16:00:00,9.4,46.5,76.7,44.1,46.5,39.6,294.0
2020-12-29 17:00:00,9.3,46.6,76.0,43.7,46.1,39.1,276.0
2020-12-29 18:00:00,9.3,46.5,74.3,43.4,45.9,39.1,276.0
2020-12-29 19:00:00,9.1,46.6,76.6,43.6,46.3,39.1,272.0
2020-12-29 20:00:00,9.0,46.6,75.5,44.8,47.1,39.6,291.0
2020-12-29 21:00:00,8.8,46.6,76.1,43.9,46.6,39.5,280.0
2020-12-29 22:00:00,8.9,46.7,75.7,43.0,41.2,39.2,266.0
2020-12-29 23:00:00,8.4,46.8,72.5,35.0,44.1,34.6,0.0
2020-12-30 00:00:00,8.9,46.6,67.6,33.7,51.6,34.1,0.0
2020-12-30 01:00:00,8.4,46.9,59.9,33.0,44.1,34.4,0.0
2020-12-30 02:00:00,10.4,46.2,56.7,32.2,45.5,34.1,0.0
2020-12-30 03:00:00,9.9,46.3,59.1,32.0,46.9,33.3,0.0
2020-12-30 04:00:00,9.8,46.4,55.3,31.7,45.8,32.8,0.0
2020-12-30 05:00:00,9.9,46.9,59.1,37.2,31.5,26.7,0.0
2020-12-30 06:00:00,10.3,46.8,76.4,45.1,45.3,31.9,212.0
2020-12-30 07:00:00,11.1,46.6,77.3,43.0,45.7,39.4,392.0
2020-12-30 08:00:00,10.2,46.8,75.3,43.7,46.3,38.9,278.0
2020-12-30 09:00:00,11.0,46.6,75.0,44.1,46.3,39.3,294.0
2020-12-30 10:00:00,13.7,43.9,73.4,40.4,43.2,37.1,220.0
2020-12-30 11:00:00,15.3,44.0,38.2,39.8,38.2,34.4,73.0
2020-12-30 12:00:00,15.7,44.0,39.6,33.6,39.0,32.8,0.0
2020-12-30 13:00:00,15.4,44.0,56.0,27.9,47.4,27.6,0.0
2020-12-30 14:00:00,16.2,44.0,57.2,27.4,47.2,27.7,0.0
2020-12-30 15:00:00,15.6,44.0,51.5,27.4,41.1,28.2,0.0
2020-12-30 16:00:00,15.2,44.0,52.9,27.7,43.4,28.1,0.0
2020-12-30 17:00:00,12.8,43.8,73.1,45.1,45.5,34.0,270.0
2020-12-30 18:00:00,11.8,40.2,70.9,40.9,43.1,37.5,285.0
2020-12-30 19:00:00,11.5,42.5,73.7,37.8,41.1,34.6,157.0
2020-12-30 20:00:00,9.9,42.9,71.7,40.4,43.0,36.9,254.0
2020-12-30 21:00:00,9.8,42.9,72.8,40.5,43.1,37.0,233.0
2020-12-30 22:00:00,9.0,43.1,74.8,40.3,38.2,36.9,216.0
2020-12-30 23:00:00,8.6,43.2,71.9,33.1,45.0,32.8,0.0
2020-12-31 00:00:00,8.5,43.2,65.3,32.1,47.0,32.6,0.0
2020-12-31 01:00:00,8.0,43.3,57.7,31.2,41.1,32.8,0.0
2020-12-31 02:00:00,7.4,43.4,55.0,30.5,43.1,32.3,0.0
2020-12-31 03:00:00,7.6,43.4,57.6,30.2,44.7,31.8,0.0
2020-12-31 04:00:00,6.7,43.6,52.3,29.6,43.2,31.5,0.0
2020-12-31 05:00:00,7.1,43.5,54.3,29.8,43.8,30.2,0.0
2020-12-31 06:00:00,7.2,43.5,59.3,33.3,33.6,23.1,0.0
2020-12-31 07:00:00,8.4,43.2,78.9,40.1,43.4,37.3,441.0
2020-12-31 08:00:00,8.9,43.1,76.9,39.2,42.5,36.2,219.0
2020-12-31 09:00:00,10.0,42.8,76.4,39.8,43.0,36.5,239.0
2020-12-31 10:00:00,11.9,42.4,74.4,39.5,42.6,36.5,231.0
2020-12-31 11:00:00,12.5,42.3,37.1,38.8,37.0,34.4,59.0
2020-12-31 12:00:00,13.5,42.1,36.2,34.4,33.6,31.5,0.0
2020-12-31 13:00:00,13.9,42.0,39.2,37.2,39.2,27.3,0.0
2020-12-31 14:00:00,12.8,43.4,41.7,35.3,35.4,34.2,299.0
2020-12-31 15:00:00,12.1,43.6,39.8,33.7,34.2,33.3,0.0
2020-12-31 16:00:00,11.2,43.9,37.4,32.2,31.5,29.8,0.0
2020-12-31 17:00:00,10.6,44.1,75.7,46.1,45.5,30.2,180.0
2020-12-31 18:00:00,10.1,44.3,74.3,41.1,43.7,37.4,336.0
2020-12-31 19:00:00,9.7,44.4,72.9,41.6,44.2,37.3,251.0
2020-12-31 20:00:00,9.0,44.7,76.8,42.4,45.2,37.8,271.0
2020-12-31 21:00:00,8.2,45.2,77.2,42.8,45.7,38.3,284.0
2020-12-31 22:00:00,7.6,45.7,75.4,42.9,45.5,38.6,278.0
2020-12-31 23:00:00,7.0,45.7,77.2,43.0,46.0,38.5,276.0
2021-01-01 00:00:00,6.3,45.8,78.0,43.3,46.0,38.7,281.0
2021-01-01 01:00:00,6.6,45.8,76.0,39.7,37.8,36.3,194.0
2021-01-01 02:00:00,5.9,45.9,72.1,32.7,52.1,32.7,0.0
2021-01-01 03:00:00,5.0,46.0,64.8,31.7,47.7,32.9,0.0
2021-01-01 04:00:00,4.2,46.4,62.7,30.7,48.7,32.8,0.0
2021-01-01 05:00:00,3.3,46.9,58.3,29.9,46.7,32.7,0.0
2021-01-01 06:00:00,2.5,47.2,59.4,30.1,47.9,30.0,0.0
2021-01-01 07:00:00,2.5,47.2,84.4,44.9,48.0,40.0,468.0
2021-01-01 08:00:00,2.4,47.3,84.9,43.9,47.3,39.1,306.0
2021-01-01 09:00:00,4.4,46.3,82.9,43.6,46.7,39.2,318.0
2021-01-01 10:00:00,5.8,45.9,80.0,42.3,45.3,38.3,277.0
2021-01-01 11:00:00,7.2,45.7,77.8,42.6,45.4,38.2,283.0
2021-01-01 12:00:00,8.4,45.6,77.1,42.5,45.2,38.2,277.0
2021-01-01 13:00:00,9.4,45.5,74.5,42.8,45.4,37.9,275.0
2021-01-01 14:00:00,10.1,44.3,70.7,41.5,44.0,37.6,255.0
2021-01-01 15:00:00,10.0,44.4,68.4,37.2,39.9,33.7,132.0
2021-01-01 16:00:00,9.7,44.4,65.4,36.1,39.6,34.9,138.0
2021-01-01 17:00:00,7.3,45.2,78.0,42.3,45.3,38.5,353.0
2021-01-01 18:00:00,6.9,45.3,78.5,42.6,45.7,38.0,261.0
2021-01-01 19:00:00,7.3,45.2,77.5,42.1,45.0,38.2,275.0
2021-01-01 20:00:00,6.3,45.6,79.2,42.0,45.1,38.0,258.0
2021-01-01 21:00:00,5.3,45.9,79.3,43.1,46.1,38.7,289.0
2021-01-01 22:00:00,5.2,46.0,79.9,43.4,46.4,39.0,281.0
2021-01-01 23:00:00,4.5,46.3,76.5,34.9,45.7,34.5,37.0
2021-01-02 00:00:00,4.9,46.1,70.2,33.4,51.4,34.1,0.0
2021-01-02 01:00:00,4.4,46.3,61.3,32.3,43.9,34.3,0.0
2021-01-02 02:00:00,4.4,46.3,58.0,31.3,45.1,33.7,0.0
2021-01-02 03:00:00,2.5,47.3,61.0,31.2,47.7,32.4,0.0
2021-01-02 04:00:00,2.0,47.5,59.6,30.6,48.1,30.9,0.0
2021-01-02 05:00:00,2.8,47.1,56.2,29.8,46.9,30.0,0.0
2021-01-02 06:00:00,2.9,47.0,89.2,48.1,47.8,33.9,295.0
2021-01-02 07:00:00,2.1,47.4,84.1,44.2,47.5,39.4,377.0
2021-01-02 08:00:00,1.6,47.7,85.4,44.3,47.7,39.2,314.0
2021-01-02 09:00:00,3.5,46.6,84.4,44.0,47.3,39.3,326.0
2021-01-02 10:00:00,6.8,45.3,82.6,42.7,46.0,38.8,290.0
2021-01-02 11:00:00,9.2,44.6,77.7,41.0,44.1,37.5,258.0
2021-01-02 12:00:00,9.2,44.6,75.0,41.4,43.9,37.2,250.0
2021-01-02 13:00:00,9.9,44.3,72.7,41.3,44.0,37.3,264.0
2021-01-02 14:00:00,11.1,44.0,71.1,40.6,38.2,37.0,228.0
2021-01-02 15:00:00,11.4,43.8,67.7,33.1,40.4,32.7,0.0
2021-01-02 16:00:00,10.6,44.1,64.1,32.0,49.6,32.1,0.0
2021-01-02 17:00:00,9.9,44.3,77.2,47.9,48.0,35.8,302.0
2021-01-02 18:00:00,9.1,44.6,74.7,41.0,44.0,37.3,275.0
2021-01-02 19:00:00,8.8,44.7,77.7,41.9,44.9,37.7,271.0
2021-01-02 20:00:00,8.3,44.9,77.6,42.1,45.0,37.9,270.0
2021-01-02 21:00:00,8.3,44.9,77.7,42.3,45.3,38.1,270.0
2021-01-02 22:00:00,7.7,45.1,75.1,37.7,35.8,34.2,157.0
2021-01-02 23:00:00,7.6,45.1,72.4,32.6,55.2,32.6,0.0
2021-01-03 00:00:00,7.5,45.1,64.4,32.1,46.5,33.0,0.0
2021-01-03 01:00:00,7.4,45.2,62.5,31.7,48.1,32.8,0.0
2021-01-03 02:00:00,7.6,45.1,54.6,31.1,42.9,32.8,0.0
2021-01-03 03:00:00,6.8,45.3,57.3,31.0,45.1,31.7,0.0
2021-01-03 04:00:00,7.0,45.3,57.0,31.0,45.9,31.0,0.0
2021-01-03 05:00:00,6.8,45.4,53.3,30.4,44.8,29.9,0.0
2021-01-03 06:00:00,7.2,45.2,52.4,29.8,44.2,28.8,0.0
2021-01-03 07:00:00,7.7,45.1,79.5,43.0,45.9,38.9,457.0
2021-01-03 08:00:00,7.8,45.1,75.6,41.5,44.2,37.4,260.0
2021-01-03 09:00:00,8.8,44.7,77.1,41.6,44.5,37.5,268.0
2021-01-03 10:00:00,10.2,44.2,73.1,41.0,43.7,37.2,262.0
2021-01-03 11:00:00,11.4,43.8,72.7,41.0,43.6,36.8,247.0
2021-01-03 12:00:00,11.6,43.7,57.0,43.1,43.4,35.5,169.0
2021-01-03 13:00:00,12.9,43.4,45.6,36.2,35.5,34.7,0.0
2021-01-03 14:00:00,13.2,43.2,42.9,34.9,32.2,30.7,0.0
2021-01-03 15:00:00,12.8,43.4,41.9,32.0,28.1,27.3,0.0
2021-01-03 16:00:00,11.5,44.1,41.2,28.2,26.6,27.6,0.0
2021-01-03 17:00:00,9.5,45.0,77.0,43.9,46.2,38.3,386.0
2021-01-03 18:00:00,9.4,45.0,75.8,41.8,44.6,37.7,266.0
2021-01-03 19:00:00,9.4,45.0,74.6,41.7,44.5,37.7,263.0
2021-01-03 20:00:00,9.1,45.1,74.9,42.3,44.9,37.8,265.0
2021-01-03 21:00:00,9.2,45.0,75.0,42.8,45.4,38.3,277.0
2021-01-03 22:00:00,9.2,45.1,75.0,41.7,39.6,38.0,247.0
2021-01-03 23:00:00,9.2,45.1,71.3,33.5,41.2,32.9,0.0
2021-01-04 00:00:00,9.1,45.1,66.4,32.3,50.1,32.5,0.0
2021-01-04 01:00:00,9.0,45.1,59.0,31.7,43.1,32.9,0.0
2021-01-04 02:00:00,9.2,45.1,56.5,31.3,45.2,32.5,0.0
2021-01-04 03:00:00,9.3,45.0,59.0,31.0,46.1,32.2,0.0
2021-01-04 04:00:00,8.6,45.4,55.4,30.9,45.3,30.9,0.0
2021-01-04 05:00:00,8.7,45.3,54.4,30.4,45.2,29.4,0.0
2021-01-04 06:00:00,8.2,45.5,77.9,42.1,41.6,24.6,83.0
2021-01-04 07:00:00,8.1,45.5,78.4,42.5,45.3,38.5,453.0
2021-01-04 08:00:00,8.1,45.6,78.4,42.4,45.5,38.0,273.0
2021-01-04 09:00:00,8.1,45.5,78.3,42.7,45.7,38.3,286.0
2021-01-04 10:00:00,8.3,45.5,78.5,42.8,45.7,38.3,284.0
2021-01-04 11:00:00,8.7,45.3,77.8,42.9,45.7,38.4,282.0
2021-01-04 12:00:00,9.0,45.2,78.0,42.9,45.9,38.4,282.0
2021-01-04 13:00:00,9.0,45.2,77.2,42.9,45.7,38.5,279.0
2021-01-04 14:00:00,9.6,43.2,70.7,40.0,42.8,36.6,216.0
2021-01-04 15:00:00,9.5,43.6,73.2,41.9,44.4,37.2,246.0
2021-01-04 16:00:00,9.0,44.0,72.9,41.4,44.0,37.4,251.0
2021-01-04 17:00:00,8.3,44.4,73.5,41.5,44.1,37.5,249.0
2021-01-04 18:00:00,8.1,44.6,73.4,41.7,44.3,37.7,254.0
2021-01-04 19:00:00,8.1,44.6,72.2,41.7,44.2,37.7,255.0
2021-01-04 20:00:00,7.9,44.7,74.0,41.9,44.7,37.8,252.0
2021-01-04 21:00:00,7.6,44.9,72.9,41.9,44.4,37.9,254.0
2021-01-04 22:00:00,7.3,45.1,74.5,42.8,45.5,38.1,260.0
2021-01-04 23:00:00,7.3,45.2,71.3,33.7,39.3,32.8,0.0
2021-01-05 00:00:00,7.5,45.0,67.3,32.1,51.5,32.2,0.0
2021-01-05 01:00:00,7.3,45.1,59.5,31.3,44.7,32.7,0.0
2021-01-05 02:00:00,7.4,45.1,58.0,30.6,46.6,32.0,0.0
2021-01-05 03:00:00,7.0,45.4,57.1,30.1,45.6,32.0,0.0
2021-01-05 04:00:00,7.2,45.2,55.5,30.1,45.5,30.5,0.0
2021-01-05 05:00:00,7.1,45.2,53.9,29.6,45.0,29.7,0.0
2021-01-05 06:00:00,7.2,45.2,75.5,38.9,39.1,23.8,55.0
2021-01-05 07:00:00,7.3,45.2,77.0,42.6,45.5,38.6,468.0
2021-01-05 08:00:00,7.2,45.2,75.0,42.0,44.6,37.6,260.0
2021-01-05 09:00:00,8.3,44.7,75.2,41.8,44.6,37.1,257.0
2021-01-05 10:00:00,9.0,44.4,74.5,42.0,39.1,37.8,264.0
2021-01-05 11:00:00,9.9,43.8,38.4,41.2,37.8,34.2,0.0
2021-01-05 12:00:00,10.8,43.1,36.0,39.0,35.5,29.7,0.0
2021-01-05 13:00:00,11.3,42.8,34.5,38.6,33.7,26.5,0.0
2021-01-05 14:00:00,11.1,43.0,69.2,44.1,42.9,30.0,163.0
2021-01-05 15:00:00,10.4,43.4,68.1,41.3,43.4,36.9,327.0
2021-01-05 16:00:00,9.7,43.8,69.9,41.1,43.5,36.6,245.0
2021-01-05 17:00:00,7.9,45.0,73.0,42.0,44.5,37.2,264.0
2021-01-05 18:00:00,6.5,46.0,73.4,42.8,45.3,38.1,284.0
2021-01-05 19:00:00,6.1,46.2,76.3,43.6,46.2,38.8,293.0
2021-01-05 20:00:00,6.9,45.7,77.6,43.3,45.9,38.8,290.0
2021-01-05 21:00:00,6.3,46.0,77.4,42.8,45.8,38.5,270.0
2021-01-05 22:00:00,5.7,46.6,75.5,42.4,40.3,38.6,263.0
2021-01-05 23:00:00,4.8,47.0,72.7,34.3,42.5,34.4,0.0
2021-01-06 00:00:00,4.2,47.2,68.6,32.6,53.6,32.5,0.0
2021-01-06 01:00:00,3.3,47.4,60.3,31.5,45.1,33.0,0.0
2021-01-06 02:00:00,5.1,47.0,56.9,30.5,46.0,32.4,0.0
2021-01-06 03:00:00,4.3,47.2,61.2,30.4,47.4,30.3,0.0
2021-01-06 04:00:00,5.2,46.9,56.2,29.3,45.5,29.5,0.0
2021-01-06 05:00:00,5.2,46.8,57.5,28.2,47.4,28.2,0.0
2021-01-06 06:00:00,5.3,46.8,81.6,49.1,48.4,32.0,263.0
2021-01-06 07:00:00,5.9,47.3,81.1,43.5,46.8,38.8,376.0
2021-01-06 08:00:00,6.3,47.0,80.9,44.4,47.4,39.3,322.0
2021-01-06 09:00:00,8.6,45.2,78.6,42.3,45.1,38.6,293.0
2021-01-06 10:00:00,9.9,44.2,75.0,40.6,43.5,37.1,244.0
2021-01-06 11:00:00,11.9,44.1,73.3,41.8,44.3,37.4,252.0
2021-01-06 12:00:00,12.6,44.5,72.8,41.9,44.5,37.5,269.0
2021-01-06 13:00:00,13.0,44.4,71.8,41.9,44.3,37.5,257.0
2021-01-06 14:00:00,12.9,44.4,69.9,42.0,44.2,37.2,255.0
2021-01-06 15:00:00,12.6,44.5,71.0,42.6,44.9,37.8,266.0
2021-01-06 16:00:00,12.1,44.8,71.5,43.0,45.1,38.1,277.0
2021-01-06 17:00:00,11.6,45.0,72.3,43.2,45.4,38.3,270.0
2021-01-06 18:00:00,11.3,45.2,72.7,42.8,45.0,38.6,280.0
2021-01-06 19:00:00,11.1,45.2,71.0,42.7,45.2,37.9,249.0
2021-01-06 20:00:00,10.6,45.4,75.0,43.8,46.0,38.7,289.0
2021-01-06 21:00:00,10.9,45.3,73.7,42.5,44.8,38.2,253.0
2021-01-06 22:00:00,10.6,45.5,71.8,43.1,45.3,38.3,267.0
2021-01-06 23:00:00,10.6,45.5,74.0,43.0,45.6,38.9,275.0
2021-01-07 00:00:00,10.5,45.5,70.1,38.4,35.8,34.3,148.0
2021-01-07 01:00:00,10.1,45.7,67.5,32.8,43.9,32.8,0.0
2021-01-07 02:00:00,9.6,45.9,63.0,31.9,49.2,32.3,0.0
2021-01-07 03:00:00,10.0,45.7,56.1,31.2,42.6,32.6,0.0
2021-01-07 04:00:00,8.0,46.7,54.2,30.4,44.8,32.0,0.0
2021-01-07 05:00:00,4.6,48.0,56.8,30.4,46.9,30.7,0.0
2021-01-07 06:00:00,4.5,48.1,65.7,39.7,38.5,25.3,93.0
2021-01-07 07:00:00,4.8,48.0,83.9,44.8,48.0,40.2,496.0
2021-01-07 08:00:00,4.9,48.0,81.1,45.0,47.7,39.5,311.0
2021-01-07 09:00:00,5.2,47.9,80.7,45.2,48.0,39.9,328.0
2021-01-07 10:00:00,5.9,47.6,78.9,44.7,47.3,39.5,314.0
2021-01-07 11:00:00,6.6,47.2,79.4,44.5,47.2,39.3,310.0
2021-01-07 12:00:00,7.2,47.0,78.6,44.4,46.9,39.2,307.0
2021-01-07 13:00:00,7.2,46.9,77.5,44.2,46.9,39.1,305.0
2021-01-07 14:00:00,7.4,46.3,72.0,43.4,45.5,38.7,288.0
2021-01-07 15:00:00,7.2,46.4,74.5,44.3,46.6,38.9,297.0
2021-01-07 16:00:00,6.7,46.8,74.7,44.7,46.9,39.2,300.0
2021-01-07 17:00:00,6.8,46.8,74.3,44.8,47.2,39.5,309.0
2021-01-07 18:00:00,6.5,46.9,74.0,44.4,46.5,39.4,298.0
2021-01-07 19:00:00,6.7,46.8,76.2,44.6,47.1,39.4,297.0
2021-01-07 20:00:00,6.4,47.2,76.2,44.4,46.9,39.2,292.0
2021-01-07 21:00:00,5.7,47.5,77.6,44.8,47.2,39.5,299.0
2021-01-07 22:00:00,5.5,47.6,75.9,43.6,41.2,39.5,287.0
2021-01-07 23:00:00,5.2,47.8,71.7,34.7,42.5,34.6,0.0
2021-01-08 00:00:00,4.9,47.9,69.2,32.7,54.4,32.3,0.0
2021-01-08 01:00:00,4.6,48.0,61.0,31.8,46.3,33.1,0.0
2021-01-08 02:00:00,4.6,48.0,59.1,30.8,47.8,32.2,0.0
2021-01-08 03:00:00,4.3,48.1,60.5,30.5,48.5,30.8,0.0
2021-01-08 04:00:00,4.2,48.1,57.4,29.7,48.3,29.1,0.0
2021-01-08 05:00:00,4.2,48.1,55.4,28.6,47.4,28.6,0.0
2021-01-08 06:00:00,4.0,46.4,84.4,48.4,49.8,37.5,388.0
2021-01-08 07:00:00,4.0,46.4,83.8,42.4,45.8,38.4,304.0
2021-01-08 08:00:00,3.7,46.5,83.5,42.9,46.2,38.6,300.0
2021-01-08 09:00:00,4.0,46.4,83.4,43.0,46.3,38.6,299.0
2021-01-08 10:00:00,3.9,46.4,83.8,43.0,46.4,38.6,300.0
2021-01-08 11:00:00,4.2,46.3,83.6,43.0,46.3,38.6,299.0
2021-01-08 12:00:00,4.5,46.2,83.2,43.0,46.3,38.7,299.0
2021-01-08 13:00:00,4.4,46.3,83.6,43.1,46.4,38.8,299.0
2021-01-08 14:00:00,3.5,48.3,83.2,45.3,48.2,39.2,314.0
2021-01-08 15:00:00,2.9,48.4,83.6,45.4,48.5,40.2,340.0
2021-01-08 16:00:00,3.0,48.4,83.6,45.3,48.4,40.2,326.0
2021-01-08 17:00:00,2.4,48.5,84.1,45.3,48.4,40.2,325.0
2021-01-08 18:00:00,1.6,48.6,84.1,45.6,48.6,40.4,331.0
2021-01-08 19:00:00,1.8,48.6,85.0,45.7,48.9,40.5,324.0
2021-01-08 20:00:00,1.4,48.7,85.8,45.9,49.1,40.6,336.0
2021-01-08 21:00:00,1.4,48.7,84.9,45.9,49.0,40.7,328.0
2021-01-08 22:00:00,1.1,48.7,84.7,45.8,43.1,40.8,338.0
2021-01-08 23:00:00,1.4,48.7,80.7,38.6,47.6,37.3,0.0
2021-01-09 00:00:00,1.3,48.7,76.2,31.9,56.4,31.4,0.0
2021-01-09 01:00:00,1.6,48.6,66.6,30.9,46.0,33.0,0.0
2021-01-09 02:00:00,1.3,48.7,68.4,29.8,49.5,30.6,0.0
2021-01-09 03:00:00,1.5,48.6,60.9,29.1,46.0,30.6,0.0
2021-01-09 04:00:00,1.6,48.6,60.0,28.4,47.9,29.6,0.0
2021-01-09 05:00:00,1.7,48.6,60.1,28.1,48.6,29.0,0.0
2021-01-09 06:00:00,1.8,48.6,66.1,35.6,36.0,22.5,31.0
2021-01-09 07:00:00,1.8,48.6,85.6,45.4,48.7,40.5,571.0
2021-01-09 08:00:00,2.2,48.5,84.3,45.4,48.5,39.7,334.0
2021-01-09 09:00:00,2.6,48.4,84.4,45.8,48.9,40.1,348.0
2021-01-09 10:00:00,2.5,48.5,83.8,45.6,48.6,40.1,343.0
2021-01-09 11:00:00,2.7,48.4,83.6,45.6,48.5,39.9,338.0
2021-01-09 12:00:00,3.5,48.3,82.6,45.4,48.3,40.0,338.0
2021-01-09 13:00:00,2.9,48.4,82.5,45.4,48.1,39.9,329.0
2021-01-09 14:00:00,2.6,48.5,83.6,45.6,48.5,40.0,337.0
2021-01-09 15:00:00,2.1,48.5,83.8,45.8,48.7,40.2,338.0
2021-01-09 16:00:00,2.0,48.5,84.0,46.0,48.9,40.4,342.0
2021-01-09 17:00:00,2.0,48.6,84.6,46.2,49.1,40.5,341.0
2021-01-09 18:00:00,1.5,48.7,84.8,45.2,48.3,40.3,334.0
2021-01-09 19:00:00,1.0,48.8,84.7,45.9,48.9,40.3,330.0
2021-01-09 20:00:00,1.1,48.7,86.4,45.5,48.9,40.5,341.0
2021-01-09 21:00:00,1.0,48.8,85.3,45.0,48.2,40.1,322.0
2021-01-09 22:00:00,0.8,48.8,77.2,45.3,39.1,37.8,242.0
2021-01-09 23:00:00,0.7,48.8,79.2,34.3,40.3,34.3,0.0
2021-01-10 00:00:00,0.7,48.8,75.4,31.0,56.0,30.7,0.0
2021-01-10 01:00:00,0.6,48.8,65.1,30.1,47.1,31.7,0.0
2021-01-10 02:00:00,0.5,48.9,62.5,29.0,48.5,30.8,0.0
2021-01-10 03:00:00,0.4,48.9,64.9,28.9,50.1,29.2,0.0
2021-01-10 04:00:00,0.4,48.9,62.4,28.1,49.3,28.9,0.0
2021-01-10 05:00:00,0.4,48.9,62.4,28.1,49.3,28.9,0.0
2021-01-10 06:00:00,0.4,48.9,62.4,28.1,49.3,28.9,0.0
2021-01-10 07:00:00,0.4,48.9,62.4,28.1,49.3,28.9,0.0
2021-01-10 08:00:00,0.7,48.8,85.6,45.5,48.6,39.7,916.0
2021-01-10 09:00:00,0.6,48.8,86.2,46.1,49.2,40.2,364.0
2021-01-10 10:00:00,0.7,48.8,86.7,46.1,49.2,40.3,359.0
2021-01-10 11:00:00,1.2,48.7,86.7,46.2,49.2,40.4,360.0
2021-01-10 12:00:00,1.3,48.7,86.0,46.2,49.1,40.4,359.0
2021-01-10 13:00:00,1.1,48.7,85.9,45.4,48.4,40.4,353.0
2021-01-10 14:00:00,1.2,48.7,80.7,46.9,49.0,40.0,338.0
2021-01-10 15:00:00,1.5,48.7,86.8,45.9,49.3,40.4,357.0
2021-01-10 16:00:00,1.4,48.7,86.4,45.9,49.1,40.5,348.0
2021-01-10 17:00:00,1.1,48.8,87.1,46.0,49.3,40.5,347.0
2021-01-10 18:00:00,0.7,48.8,86.3,46.0,49.1,40.6,347.0
2021-01-10 19:00:00,1.1,48.7,86.4,46.1,49.3,40.7,347.0
2021-01-10 20:00:00,1.1,48.7,86.7,46.1,49.4,40.7,345.0
2021-01-10 21:00:00,1.1,48.8,86.4,45.4,48.7,40.4,333.0
2021-01-10 22:00:00,1.2,48.8,86.9,45.3,48.6,40.3,328.0
2021-01-10 23:00:00,1.0,48.7,82.2,35.0,45.1,34.4,0.0
2021-01-11 00:00:00,1.3,48.7,74.4,33.1,53.9,34.2,0.0
2021-01-11 01:00:00,1.0,48.8,64.4,31.9,45.4,34.5,0.0
2021-01-11 02:00:00,1.4,48.7,60.5,30.7,46.5,33.7,0.0
2021-01-11 03:00:00,1.0,48.8,62.4,30.3,48.3,32.2,0.0
2021-01-11 04:00:00,0.7,48.8,63.0,30.3,49.2,30.5,0.0
2021-01-11 05:00:00,0.8,48.8,60.2,29.4,47.8,28.2,0.0
2021-01-11 06:00:00,0.6,48.8,86.8,47.9,47.8,30.1,252.0
2021-01-11 07:00:00,0.7,48.8,86.5,45.4,48.6,39.8,471.0
2021-01-11 08:00:00,0.7,48.8,86.5,45.4,48.6,39.9,356.0
2021-01-11 09:00:00,1.7,48.6,86.8,45.4,48.6,39.8,351.0
2021-01-11 10:00:00,1.2,48.7,86.0,45.3,48.6,39.9,351.0
2021-01-11 11:00:00,1.2,48.7,85.8,45.3,48.5,39.8,347.0
2021-01-11 12:00:00,1.6,48.6,84.8,45.2,48.2,39.8,343.0
2021-01-11 13:00:00,1.6,48.6,85.0,45.2,48.2,39.8,339.0
2021-01-11 14:00:00,1.5,48.7,84.6,45.2,48.2,39.8,339.0
2021-01-11 15:00:00,1.6,48.6,85.1,45.2,48.3,39.9,336.0
2021-01-11 16:00:00,1.5,48.7,85.8,45.5,48.6,40.0,345.0
2021-01-11 17:00:00,1.2,48.7,85.6,45.0,48.3,40.0,331.0
2021-01-11 18:00:00,1.8,48.6,84.7,44.8,48.1,39.8,325.0
2021-01-11 19:00:00,1.5,48.7,85.7,45.0,48.1,39.9,333.0
2021-01-11 20:00:00,1.3,48.7,86.0,45.0,48.2,39.9,330.0
2021-01-11 21:00:00,1.2,48.7,85.7,45.0,48.3,39.9,332.0
2021-01-11 22:00:00,0.7,48.8,80.1,43.5,37.5,36.0,218.0
2021-01-11 23:00:00,0.8,48.8,78.7,33.8,51.8,33.8,0.0
2021-01-12 00:00:00,0.7,48.8,70.4,32.4,51.1,33.4,0.0
2021-01-12 01:00:00,0.4,48.9,67.1,31.1,51.4,32.9,0.0
2021-01-12 02:00:00,0.1,48.9,65.2,30.1,50.1,32.9,0.0
2021-01-12 03:00:00,-0.1,49.0,59.9,29.9,47.9,30.9,0.0
2021-01-12 04:00:00,0.0,49.0,62.5,29.0,49.8,28.2,0.0
2021-01-12 05:00:00,0.1,49.0,58.8,27.7,48.7,27.4,0.0
2021-01-12 06:00:00,0.0,49.0,82.2,48.1,47.6,31.5,286.0
2021-01-12 07:00:00,-0.2,49.0,87.0,45.8,49.1,40.1,466.0
2021-01-12 08:00:00,0.0,49.0,86.8,46.7,49.7,40.1,371.0
2021-01-12 09:00:00,-0.1,49.0,86.5,45.7,48.8,40.0,367.0
2021-01-12 10:00:00,0.1,48.9,86.8,45.5,48.8,39.8,358.0
2021-01-12 11:00:00,0.0,49.0,86.5,45.5,48.7,39.9,359.0
2021-01-12 12:00:00,0.0,49.0,86.6,45.7,48.8,40.0,359.0
2021-01-12 13:00:00,0.4,48.9,86.6,45.8,49.1,40.1,357.0
2021-01-12 14:00:00,0.9,48.8,86.0,45.6,48.8,40.0,352.0
2021-01-12 15:00:00,0.6,48.8,85.7,45.6,48.8,40.0,350.0
2021-01-12 16:00:00,0.3,52.3,87.0,50.4,52.8,42.7,447.0
2021-01-12 17:00:00,0.1,52.5,86.7,50.0,52.4,42.6,414.0
2021-01-12 18:00:00,0.6,52.2,86.4,49.8,52.4,42.4,409.0
2021-01-12 19:00:00,0.5,52.2,84.7,49.6,52.0,42.5,406.0
2021-01-12 20:00:00,0.1,52.4,84.8,50.3,52.3,42.5,404.0
2021-01-12 21:00:00,0.6,52.2,84.6,50.5,52.6,42.7,413.0
2021-01-12 22:00:00,0.1,52.4,85.0,50.7,52.8,42.7,406.0
2021-01-12 23:00:00,0.1,52.3,81.6,38.6,35.8,34.1,138.0
2021-01-13 00:00:00,-0.1,52.5,78.3,33.5,57.2,33.8,0.0
2021-01-13 01:00:00,0.0,52.5,69.9,32.1,52.7,33.7,0.0
2021-01-13 02:00:00,0.1,52.4,66.7,30.8,53.4,32.9,0.0
2021-01-13 03:00:00,0.2,52.4,64.9,30.4,51.8,31.9,0.0
2021-01-13 04:00:00,0.3,52.2,64.0,29.9,52.1,29.5,0.0
2021-01-13 05:00:00,0.2,52.3,62.3,28.7,52.7,27.5,0.0
2021-01-13 06:00:00,0.5,52.2,71.2,37.5,37.8,23.4,83.0
2021-01-13 07:00:00,0.7,52.1,78.4,52.5,51.9,39.5,539.0
2021-01-13 08:00:00,0.7,52.0,85.3,49.6,52.0,42.5,479.0
2021-01-13 09:00:00,1.2,51.8,84.4,49.3,51.7,41.7,400.0
2021-01-13 10:00:00,1.3,51.8,84.2,49.5,51.7,41.8,413.0
2021-01-13 11:00:00,1.9,51.5,84.1,49.5,51.5,41.8,405.0
2021-01-13 12:00:00,2.8,51.2,82.3,48.8,51.0,41.4,390.0
2021-01-13 13:00:00,2.2,51.3,84.1,49.4,51.8,41.8,404.0
2021-01-13 14:00:00,2.0,51.5,85.7,49.3,51.8,42.3,406.0
2021-01-13 15:00:00,1.9,51.6,85.7,49.1,51.6,42.0,396.0
2021-01-13 16:00:00,1.7,51.6,89.9,49.6,52.4,42.1,398.0
2021-01-13 17:00:00,1.8,51.6,85.5,48.6,51.3,41.8,383.0
2021-01-13 18:00:00,1.8,51.6,85.7,48.7,51.4,41.9,384.0
2021-01-13 19:00:00,1.4,51.7,85.9,48.7,51.3,41.9,383.0
2021-01-13 20:00:00,1.5,51.7,84.8,48.6,51.1,41.9,382.0
2021-01-13 21:00:00,1.5,51.7,86.0,48.8,51.5,42.1,382.0
2021-01-13 22:00:00,1.2,51.9,85.8,48.9,51.5,42.2,381.0
2021-01-13 23:00:00,1.3,51.9,85.6,49.4,52.0,42.3,384.0
2021-01-14 00:00:00,1.3,51.9,85.7,49.8,52.2,42.7,394.0
2021-01-14 01:00:00,1.0,51.9,77.7,48.4,40.4,38.9,272.0
2021-01-14 02:00:00,0.6,52.1,79.7,34.7,39.2,34.6,0.0
2021-01-14 03:00:00,0.6,52.2,76.8,32.2,58.7,31.9,0.0
2021-01-14 04:00:00,0.4,52.3,67.4,30.8,51.0,32.4,0.0
2021-01-14 05:00:00,-0.2,52.7,67.2,29.6,53.2,30.7,0.0
2021-01-14 06:00:00,-0.6,52.8,89.7,51.7,51.2,32.2,279.0
2021-01-14 07:00:00,-1.3,53.1,81.3,54.8,55.3,43.0,532.0
2021-01-14 08:00:00,-1.0,50.6,89.0,47.7,50.9,41.5,381.0
2021-01-14 09:00:00,0.6,50.4,86.4,47.4,50.4,41.3,378.0
2021-01-14 10:00:00,1.6,50.3,85.2,46.8,49.9,40.9,365.0
2021-01-14 11:00:00,2.6,50.2,84.0,47.7,50.4,41.1,370.0
2021-01-14 12:00:00,2.6,50.2,84.9,47.9,50.7,41.2,376.0
2021-01-14 13:00:00,0.9,50.4,86.2,48.4,51.2,41.5,390.0
2021-01-14 14:00:00,0.9,50.4,86.5,47.3,50.3,41.2,367.0
2021-01-14 15:00:00,0.7,50.4,86.6,47.3,50.4,41.2,367.0
2021-01-14 16:00:00,0.2,50.4,86.4,47.3,50.1,41.1,368.0
2021-01-14 17:00:00,0.4,50.4,86.3,47.3,50.3,41.2,368.0
2021-01-14 18:00:00,0.2,50.4,87.1,47.4,50.4,41.2,365.0
2021-01-14 19:00:00,0.0,50.5,86.4,47.3,50.3,41.2,366.0
2021-01-14 20:00:00,-0.1,50.5,86.1,47.3,50.3,41.2,364.0
2021-01-14 21:00:00,-0.5,50.5,86.4,47.2,50.2,41.2,360.0
2021-01-14 22:00:00,-0.6,50.5,87.5,47.6,50.7,41.4,367.0
2021-01-14 23:00:00,-0.2,50.5,83.8,37.2,45.0,33.6,114.0
2021-01-15 00:00:00,-0.2,50.5,79.1,33.3,58.5,33.5,0.0
2021-01-15 01:00:00,-0.4,50.5,68.0,32.0,48.6,34.4,0.0
2021-01-15 02:00:00,0.0,50.5,63.9,30.8,50.1,33.7,0.0
2021-01-15 03:00:00,0.0,50.5,66.8,30.8,51.4,31.9,0.0
2021-01-15 04:00:00,0.1,50.4,62.0,29.9,50.3,30.5,0.0
2021-01-15 05:00:00,0.0,50.5,65.8,30.6,50.4,26.7,0.0
2021-01-15 06:00:00,-0.1,50.5,81.9,46.2,46.6,31.7,269.0
2021-01-15 07:00:00,0.0,50.4,80.2,48.7,51.4,41.5,500.0
2021-01-15 08:00:00,0.2,50.4,87.1,48.2,51.0,41.3,408.0
2021-01-15 09:00:00,1.1,50.3,86.5,48.0,50.9,41.2,385.0
2021-01-15 10:00:00,2.1,48.8,84.5,45.3,48.3,40.1,360.0
2021-01-15 11:00:00,2.6,48.7,83.8,46.0,48.9,40.0,349.0
2021-01-15 12:00:00,2.6,47.8,83.3,45.1,48.1,40.0,355.0
2021-01-15 13:00:00,2.1,48.1,83.6,44.3,47.4,39.2,322.0
2021-01-15 14:00:00,2.1,49.5,84.3,45.9,48.7,39.9,357.0
2021-01-15 15:00:00,1.7,49.6,84.2,47.3,50.0,40.6,369.0
2021-01-15 16:00:00,1.3,49.8,84.5,47.0,49.9,41.1,378.0
2021-01-15 17:00:00,1.1,49.9,85.5,46.8,49.8,40.8,357.0
2021-01-15 18:00:00,1.0,50.0,85.5,46.9,49.8,40.8,361.0
2021-01-15 19:00:00,0.7,50.1,86.2,47.1,49.9,41.0,364.0
2021-01-15 20:00:00,1.5,49.8,85.8,47.0,49.9,41.0,362.0
2021-01-15 21:00:00,0.1,50.4,85.5,47.5,50.2,41.1,362.0
2021-01-15 22:00:00,0.0,50.5,85.8,47.9,50.6,41.5,375.0
2021-01-15 23:00:00,-0.3,50.6,82.1,35.9,41.9,34.1,72.0
2021-01-16 00:00:00,0.0,50.5,77.4,33.0,58.1,33.1,0.0
2021-01-16 01:00:00,-0.1,50.6,67.0,31.8,48.7,34.0,0.0
2021-01-16 02:00:00,0.0,50.5,63.1,30.6,50.0,33.3,0.0
2021-01-16 03:00:00,-0.2,50.8,65.1,30.6,51.4,31.5,0.0
2021-01-16 04:00:00,-0.3,50.7,61.8,29.7,50.4,29.9,0.0
2021-01-16 05:00:00,-0.9,51.0,61.1,29.0,50.2,28.3,0.0
2021-01-16 06:00:00,-0.7,50.9,77.8,48.0,48.3,33.7,312.0
2021-01-16 07:00:00,-1.0,51.1,89.0,48.6,51.6,42.0,516.0
2021-01-16 08:00:00,-1.8,51.5,89.4,48.2,51.2,41.5,400.0
2021-01-16 09:00:00,-1.9,51.4,88.7,48.1,51.1,41.4,398.0
2021-01-16 10:00:00,-1.2,51.1,88.1,49.3,51.9,41.1,399.0
2021-01-16 11:00:00,-1.5,51.2,88.5,48.8,51.6,41.8,412.0
2021-01-16 12:00:00,-1.8,51.4,88.2,48.5,51.4,41.6,402.0
2021-01-16 13:00:00,-1.7,51.4,87.7,48.4,51.2,41.6,403.0
2021-01-16 14:00:00,-2.2,51.6,88.6,48.6,51.5,41.7,403.0
2021-01-16 15:00:00,-2.2,51.7,88.7,48.8,51.6,41.8,402.0
2021-01-16 16:00:00,-3.0,52.0,89.9,49.1,51.9,42.1,407.0
2021-01-16 17:00:00,-3.5,52.3,91.1,49.5,52.4,42.4,416.0
2021-01-16 18:00:00,-3.4,52.2,90.3,49.0,52.1,42.2,403.0
2021-01-16 19:00:00,-3.2,52.1,90.3,49.3,52.2,42.4,409.0
2021-01-16 20:00:00,-3.2,52.1,90.8,49.4,52.6,42.6,408.0
2021-01-16 21:00:00,-3.5,52.3,91.1,49.5,52.7,42.7,408.0
2021-01-16 22:00:00,-3.6,52.3,91.5,49.6,52.6,42.7,409.0
2021-01-16 23:00:00,-3.8,52.4,91.3,48.4,45.1,42.6,396.0
2021-01-17 00:00:00,-4.0,42.0,89.8,39.9,43.4,38.0,168.0
2021-01-17 01:00:00,-4.6,42.0,90.0,37.4,37.0,35.2,186.0
2021-01-17 02:00:00,-4.9,42.0,85.8,29.9,30.2,28.4,0.0
2021-01-17 03:00:00,-4.2,42.0,83.1,26.0,27.3,25.6,0.0
2021-01-17 04:00:00,-4.2,42.0,80.8,24.5,26.3,24.4,0.0
2021-01-17 05:00:00,-4.1,42.0,78.6,23.7,25.6,23.7,0.0
2021-01-17 06:00:00,-4.0,54.5,90.8,51.3,52.8,36.6,468.0
2021-01-17 07:00:00,-4.4,54.7,84.4,52.1,54.1,44.0,572.0
2021-01-17 08:00:00,-4.1,54.7,84.3,53.2,54.6,43.7,455.0
2021-01-17 09:00:00,-3.4,54.2,83.9,53.3,54.6,43.7,470.0
2021-01-17 10:00:00,-2.2,53.6,80.7,52.3,53.3,43.3,436.0
2021-01-17 11:00:00,-1.1,53.1,80.4,52.0,53.2,43.0,436.0
2021-01-17 12:00:00,-0.6,52.8,80.7,51.9,53.0,42.7,422.0
2021-01-17 13:00:00,-0.7,51.9,80.4,51.9,53.0,43.0,437.0
2021-01-17 14:00:00,-1.4,51.6,80.2,50.3,51.9,42.3,396.0
2021-01-17 15:00:00,-1.8,51.6,80.6,50.4,52.1,42.2,412.0
2021-01-17 16:00:00,-2.3,51.9,81.5,50.6,52.2,42.4,398.0
2021-01-17 17:00:00,-2.5,52.0,82.0,51.0,52.7,42.7,426.0
2021-01-17 18:00:00,-2.5,50.8,81.9,48.4,50.7,41.7,372.0
2021-01-17 19:00:00,-4.0,50.6,82.9,48.1,50.4,41.3,374.0
2021-01-17 20:00:00,-3.3,50.4,83.0,48.2,50.6,41.4,381.0
2021-01-17 21:00:00,-3.0,50.2,82.1,48.0,50.4,41.3,374.0
2021-01-17 22:00:00,-2.9,50.1,82.2,47.9,50.2,41.2,368.0
2021-01-17 23:00:00,-2.8,45.0,82.4,40.8,44.3,37.2,244.0
2021-01-18 00:00:00,-3.2,45.1,80.1,37.1,35.4,33.8,173.0
2021-01-18 01:00:00,-3.2,45.1,76.7,31.1,55.4,31.2,0.0
2021-01-18 02:00:00,-3.1,45.2,66.2,30.0,47.8,32.1,0.0
2021-01-18 03:00:00,-3.2,45.2,59.5,28.9,46.0,32.3,0.0
2021-01-18 04:00:00,-3.6,45.2,55.2,27.7,42.8,31.7,0.0
2021-01-18 05:00:00,-4.1,45.6,25.3,40.0,25.4,22.1,0.0
2021-01-18 06:00:00,-4.8,55.0,87.3,50.9,51.7,37.3,428.0
2021-01-18 07:00:00,-4.6,52.7,86.8,50.8,53.2,43.7,540.0
2021-01-18 08:00:00,-3.9,52.0,89.7,49.6,52.3,42.2,426.0
2021-01-18 09:00:00,-3.3,49.1,89.5,44.7,48.3,40.2,368.0
2021-01-18 10:00:00,-2.3,50.4,85.7,47.4,50.1,40.3,381.0
2021-01-18 11:00:00,-1.5,49.9,85.1,47.7,50.5,40.8,393.0
2021-01-18 12:00:00,-0.8,50.4,85.3,47.5,50.1,40.1,375.0
2021-01-18 13:00:00,-0.5,48.8,85.2,46.4,49.4,41.0,397.0
2021-01-18 14:00:00,-1.2,49.0,84.6,46.0,48.9,39.7,342.0
2021-01-18 15:00:00,-1.5,49.3,84.7,46.5,49.4,40.2,374.0
2021-01-18 16:00:00,-2.0,49.5,85.0,46.7,49.4,40.4,369.0
2021-01-18 17:00:00,-2.2,49.6,87.8,46.5,49.5,40.7,386.0
2021-01-18 18:00:00,-3.1,50.0,87.9,46.9,50.1,40.3,364.0
2021-01-18 19:00:00,-3.6,50.3,88.8,47.9,50.9,41.2,395.0
2021-01-18 20:00:00,-3.0,50.0,88.1,46.2,49.5,40.6,366.0
2021-01-18 21:00:00,-2.9,49.9,88.7,47.6,50.6,41.0,378.0
2021-01-18 22:00:00,-3.0,45.0,88.0,47.2,50.2,40.6,365.0
2021-01-18 23:00:00,-2.4,45.0,87.2,40.5,44.3,37.1,240.0
2021-01-19 00:00:00,-2.4,45.0,84.3,37.4,35.4,33.8,184.0
2021-01-19 01:00:00,-2.8,45.0,81.2,28.9,29.0,27.4,0.0
2021-01-19 02:00:00,-3.2,45.0,77.9,25.5,26.5,24.7,0.0
2021-01-19 03:00:00,-3.5,45.0,76.0,23.7,25.5,23.7,0.0
2021-01-19 04:00:00,-4.0,45.0,73.8,23.0,24.9,23.1,0.0
2021-01-19 05:00:00,-3.8,45.0,26.3,24.7,25.8,23.9,0.0
2021-01-19 06:00:00,-4.1,51.3,89.7,49.9,51.4,38.5,549.0
2021-01-19 07:00:00,-3.9,51.3,85.3,49.5,51.9,41.6,462.0
2021-01-19 08:00:00,-3.8,51.1,84.6,49.2,51.4,41.3,421.0
2021-01-19 09:00:00,-3.2,50.7,84.3,48.9,51.2,41.4,419.0
2021-01-19 10:00:00,-2.6,50.4,83.0,48.5,50.6,41.1,403.0
2021-01-19 11:00:00,-2.0,49.9,82.3,48.2,50.4,40.9,397.0
2021-01-19 12:00:00,-1.6,49.6,81.2,47.4,49.7,40.5,384.0
2021-01-19 13:00:00,-1.0,49.2,80.2,47.0,49.2,40.1,372.0
2021-01-19 14:00:00,-0.7,49.0,83.4,46.0,48.7,40.0,369.0
2021-01-19 15:00:00,-0.7,49.0,83.9,46.7,49.5,39.9,364.0
2021-01-19 16:00:00,-1.0,49.2,84.8,46.2,49.1,40.2,375.0
2021-01-19 17:00:00,-1.8,49.9,85.8,46.3,49.2,40.1,366.0
2021-01-19 18:00:00,-3.3,50.8,88.5,48.4,51.2,41.2,407.0
2021-01-19 19:00:00,-3.1,50.7,88.9,48.5,51.3,41.2,396.0
2021-01-19 20:00:00,-4.3,51.6,87.9,48.4,51.2,41.2,395.0
2021-01-19 21:00:00,-4.7,51.8,90.7,49.2,52.3,41.8,419.0
2021-01-19 22:00:00,-5.0,46.4,90.7,48.3,51.5,41.9,413.0
2021-01-19 23:00:00,-5.3,46.8,85.8,42.6,45.9,38.5,274.0
2021-01-20 00:00:00,-5.5,47.6,84.4,43.5,46.7,38.4,315.0
2021-01-20 01:00:00,-5.6,47.4,84.9,43.9,47.2,38.6,56.0
2021-01-20 02:00:00,-5.6,47.4,84.9,43.9,47.2,38.6,0.0
2021-01-20 03:00:00,-5.6,47.4,84.9,43.9,47.2,38.6,0.0
2021-01-20 04:00:00,-5.6,47.4,84.9,43.9,47.2,38.6,0.0
2021-01-20 05:00:00,-5.6,47.4,84.9,43.9,47.2,38.6,0.0
2021-01-20 06:00:00,-5.6,47.4,84.9,43.9,47.2,38.6,0.0
2021-01-20 07:00:00,-5.6,47.4,84.9,43.9,47.2,38.6,0.0
2021-01-20 08:00:00,-5.6,47.4,84.9,43.9,47.2,38.6,0.0
2021-01-20 09:00:00,-1.5,45.6,85.7,41.9,45.5,37.6,1641.0
2021-01-20 10:00:00,0.7,49.2,84.3,47.0,49.8,40.4,425.0
2021-01-20 11:00:00,1.5,49.0,82.2,46.2,48.7,39.9,372.0
2021-01-20 12:00:00,2.2,48.7,81.1,45.8,48.4,39.5,359.0
2021-01-20 13:00:00,2.9,48.6,77.0,45.8,47.9,39.4,352.0
2021-01-20 14:00:00,3.1,48.6,79.0,46.1,48.3,39.5,353.0
2021-01-20 15:00:00,3.0,48.5,79.4,46.4,48.6,39.7,362.0
2021-01-20 16:00:00,3.2,48.5,78.5,46.2,48.4,39.8,357.0
2021-01-20 17:00:00,1.8,48.9,81.0,46.7,49.0,39.8,357.0
2021-01-20 18:00:00,0.9,49.1,84.0,46.7,49.5,40.5,382.0
2021-01-20 19:00:00,0.2,49.4,84.1,46.7,49.3,40.4,366.0
2021-01-20 20:00:00,0.2,49.4,84.7,46.7,49.6,40.4,365.0
2021-01-20 21:00:00,-0.1,49.5,84.8,46.7,49.6,40.4,367.0
2021-01-20 22:00:00,0.6,49.3,83.6,45.8,42.4,40.4,357.0
2021-01-20 23:00:00,1.6,48.9,79.2,34.8,40.1,34.6,0.0
2021-01-21 00:00:00,1.0,49.2,75.1,32.3,56.0,32.3,0.0
2021-01-21 01:00:00,0.1,49.4,65.1,31.2,47.4,33.1,0.0
2021-01-21 02:00:00,-0.2,49.5,61.9,29.9,48.7,32.5,0.0
2021-01-21 03:00:00,-0.9,49.8,64.7,29.9,50.6,30.4,0.0
2021-01-21 04:00:00,-1.0,49.8,60.3,28.8,49.6,29.0,0.0
2021-01-21 05:00:00,0.5,49.3,58.8,29.8,48.4,26.0,0.0
2021-01-21 06:00:00,-0.9,50.8,80.6,43.2,43.9,28.8,215.0
2021-01-21 07:00:00,-0.7,50.7,81.3,52.6,53.3,41.4,551.0
2021-01-21 08:00:00,1.5,50.0,87.1,47.1,50.1,40.7,396.0
2021-01-21 09:00:00,2.5,49.7,85.4,46.6,49.4,40.2,384.0
2021-01-21 10:00:00,4.0,47.4,82.8,44.3,47.3,39.1,338.0
2021-01-21 11:00:00,6.1,46.2,79.6,43.2,46.0,38.2,313.0
2021-01-21 12:00:00,7.9,45.5,78.3,42.6,45.5,37.8,299.0
2021-01-21 13:00:00,9.1,44.9,76.4,42.2,44.8,37.5,289.0
2021-01-21 14:00:00,9.8,44.2,73.8,41.4,43.9,36.9,278.0
2021-01-21 15:00:00,9.5,44.5,73.6,42.0,44.4,36.8,272.0
2021-01-21 16:00:00,9.1,44.9,74.9,42.8,45.4,37.5,305.0
2021-01-21 17:00:00,8.1,46.0,78.0,42.7,45.4,38.0,303.0
2021-01-21 18:00:00,7.8,46.3,80.1,44.2,47.0,38.5,321.0
2021-01-21 19:00:00,7.1,46.8,79.9,43.9,46.8,38.6,305.0
2021-01-21 20:00:00,6.1,47.9,81.0,45.0,47.6,39.0,335.0
2021-01-21 21:00:00,4.5,49.2,83.7,46.5,49.2,40.1,347.0
2021-01-21 22:00:00,3.7,49.7,83.1,46.3,42.8,40.9,371.0
2021-01-21 23:00:00,3.0,49.9,78.3,35.2,40.5,34.6,0.0
2021-01-22 00:00:00,3.4,49.8,73.9,32.8,55.5,33.1,0.0
2021-01-22 01:00:00,3.4,49.8,64.2,31.8,46.2,33.7,0.0
2021-01-22 02:00:00,3.4,49.8,60.6,30.7,47.4,33.0,0.0
2021-01-22 03:00:00,3.4,49.8,63.4,30.7,50.3,30.7,0.0
2021-01-22 04:00:00,4.5,49.2,60.1,29.7,49.5,29.3,0.0
2021-01-22 05:00:00,4.8,49.1,58.5,28.9,48.6,28.3,0.0
2021-01-22 06:00:00,4.4,46.4,44.3,28.8,29.3,22.1,47.0
2021-01-22 07:00:00,4.7,46.1,81.1,44.4,47.2,40.2,538.0
2021-01-22 08:00:00,5.7,45.6,80.9,41.9,44.9,37.3,274.0
2021-01-22 09:00:00,5.8,45.5,79.8,41.8,44.9,37.4,296.0
2021-01-22 10:00:00,6.3,45.1,79.3,41.9,44.9,37.4,292.0
2021-01-22 11:00:00,7.7,44.2,78.6,42.1,44.6,37.5,294.0
2021-01-22 12:00:00,8.9,43.4,77.1,40.6,43.7,36.7,260.0
2021-01-22 13:00:00,10.2,42.5,73.9,39.8,42.7,36.3,249.0
2021-01-22 14:00:00,10.2,42.5,73.3,39.5,42.3,35.8,242.0
2021-01-22 15:00:00,11.0,46.0,71.4,43.5,45.3,37.1,283.0
2021-01-22 16:00:00,10.8,46.0,74.1,44.3,46.3,38.8,325.0
2021-01-22 17:00:00,10.6,46.1,74.5,44.2,46.5,38.6,304.0
2021-01-22 18:00:00,10.6,46.1,75.0,44.0,46.1,38.7,305.0
2021-01-22 19:00:00,10.1,46.2,74.8,43.9,46.3,38.6,297.0
2021-01-22 20:00:00,10.5,46.1,75.5,44.0,46.3,38.7,299.0
2021-01-22 21:00:00,9.8,46.3,73.2,43.8,46.0,38.6,296.0
2021-01-22 22:00:00,8.4,46.8,72.1,38.2,40.4,33.7,136.0
2021-01-22 23:00:00,7.4,47.2,70.3,33.6,40.9,32.7,0.0
2021-01-23 00:00:00,6.5,47.4,67.6,30.3,53.1,30.2,0.0
2021-01-23 01:00:00,8.1,46.9,60.2,29.6,46.1,30.6,0.0
2021-01-23 02:00:00,6.5,47.5,60.9,29.0,48.4,29.5,0.0
2021-01-23 03:00:00,9.7,46.4,56.8,28.6,46.5,29.5,0.0
2021-01-23 04:00:00,8.3,46.8,55.0,28.4,46.2,28.6,0.0
2021-01-23 05:00:00,8.7,46.7,55.4,28.3,46.8,27.7,0.0
2021-01-23 06:00:00,10.1,46.3,56.5,40.3,32.3,24.5,0.0
2021-01-23 07:00:00,10.2,46.3,75.7,44.8,47.0,39.2,520.0
2021-01-23 08:00:00,10.9,46.0,74.9,43.4,46.0,38.2,305.0
2021-01-23 09:00:00,10.7,46.1,73.3,43.1,45.4,38.0,289.0
2021-01-23 10:00:00,12.2,45.6,73.6,44.2,46.2,38.5,317.0
2021-01-23 11:00:00,13.3,45.2,71.1,42.6,44.7,37.8,274.0
2021-01-23 12:00:00,13.6,45.1,71.5,42.9,44.9,37.5,277.0
2021-01-23 13:00:00,13.9,45.0,70.9,43.3,45.3,37.9,287.0
2021-01-23 14:00:00,14.6,44.0,39.6,37.0,35.1,34.2,0.0
2021-01-23 15:00:00,14.0,44.0,37.5,35.4,33.2,31.8,0.0
2021-01-23 16:00:00,13.4,44.1,62.4,29.1,32.9,31.4,75.0
2021-01-23 17:00:00,12.8,44.3,65.3,37.5,37.4,24.6,0.0
2021-01-23 18:00:00,12.3,44.3,72.5,42.3,44.6,37.8,440.0
2021-01-23 19:00:00,12.2,44.4,72.2,42.1,44.4,36.9,260.0
2021-01-23 20:00:00,11.6,44.5,72.7,42.2,44.6,37.8,285.0
2021-01-23 21:00:00,10.1,44.8,72.8,41.8,44.2,37.3,260.0
2021-01-23 22:00:00,10.2,44.8,74.8,41.7,39.0,37.6,256.0
2021-01-23 23:00:00,9.4,44.9,71.7,33.1,39.8,32.5,0.0
2021-01-24 00:00:00,9.2,45.0,66.4,31.6,50.4,32.0,0.0
2021-01-24 01:00:00,9.2,45.0,58.0,30.7,43.4,32.3,0.0
2021-01-24 02:00:00,8.9,45.1,56.9,30.0,45.4,31.4,0.0
2021-01-24 03:00:00,8.8,45.1,58.1,29.8,45.9,30.8,0.0
2021-01-24 04:00:00,9.0,45.1,55.0,29.5,45.3,29.7,0.0
2021-01-24 05:00:00,8.9,45.1,53.5,29.0,44.6,28.8,0.0
2021-01-24 06:00:00,8.4,45.2,58.4,25.5,29.8,21.8,0.0
2021-01-24 07:00:00,7.2,45.5,79.4,42.9,45.8,38.6,506.0
2021-01-24 08:00:00,8.2,45.2,74.5,41.9,44.3,37.3,274.0
2021-01-24 09:00:00,10.5,44.7,76.3,42.8,45.5,38.0,293.0
2021-01-24 10:00:00,11.7,44.4,72.3,41.9,44.4,37.4,268.0
2021-01-24 11:00:00,12.4,44.3,48.4,41.3,36.2,34.8,189.0
2021-01-24 12:00:00,12.8,44.2,39.6,35.2,34.6,33.7,0.0
2021-01-24 13:00:00,13.7,44.0,38.5,33.0,31.9,29.5,0.0
2021-01-24 14:00:00,13.0,44.2,51.0,39.4,39.1,32.3,222.0
2021-01-24 15:00:00,12.4,44.3,39.8,35.9,36.4,33.3,174.0
2021-01-24 16:00:00,11.9,44.4,72.1,42.8,42.6,28.6,75.0
2021-01-24 17:00:00,11.7,44.2,73.5,42.1,44.6,37.9,381.0
2021-01-24 18:00:00,12.2,44.2,73.1,41.4,44.0,37.1,252.0
2021-01-24 19:00:00,12.8,44.1,72.5,41.3,43.8,37.2,255.0
2021-01-24 20:00:00,12.3,44.2,72.3,41.3,43.8,37.2,249.0
2021-01-24 21:00:00,11.9,44.2,73.4,41.5,44.1,37.3,255.0
2021-01-24 22:00:00,11.8,44.2,70.8,37.0,36.9,35.3,118.0
2021-01-24 23:00:00,11.7,44.2,65.4,34.6,35.6,33.7,0.0
2021-01-25 00:00:00,10.8,44.3,63.4,31.2,30.3,28.7,0.0
2021-01-25 01:00:00,10.2,44.4,59.6,27.6,28.0,26.5,0.0
2021-01-25 02:00:00,10.4,44.4,57.7,26.0,27.5,25.8,0.0
2021-01-25 03:00:00,10.2,44.4,57.4,25.3,28.0,25.5,0.0
2021-01-25 04:00:00,10.1,44.4,57.1,24.6,29.2,24.5,0.0
2021-01-25 05:00:00,8.8,44.5,56.0,23.8,30.0,24.1,0.0
2021-01-25 06:00:00,2.5,46.5,85.2,52.1,52.2,37.3,394.0
2021-01-25 07:00:00,2.4,46.5,68.4,45.4,46.9,38.5,336.0
2021-01-25 08:00:00,2.8,46.3,84.7,43.1,46.5,38.9,318.0
2021-01-25 09:00:00,4.0,45.6,85.2,42.8,46.0,38.5,302.0
2021-01-25 10:00:00,5.5,47.8,81.1,44.9,47.7,39.2,317.0
2021-01-25 11:00:00,6.3,47.7,81.2,44.5,47.3,39.7,333.0
2021-01-25 12:00:00,7.0,47.5,79.9,44.6,47.3,39.3,311.0
2021-01-25 13:00:00,6.5,45.8,80.1,43.8,46.4,39.5,316.0
2021-01-25 14:00:00,7.2,45.7,78.1,42.3,45.1,37.9,264.0
2021-01-25 15:00:00,6.9,45.7,76.5,42.8,45.4,38.0,276.0
2021-01-25 16:00:00,7.0,45.7,77.3,43.3,46.0,38.4,294.0
2021-01-25 17:00:00,6.6,45.8,79.1,43.2,46.1,38.8,293.0
2021-01-25 18:00:00,6.5,45.8,79.2,42.9,45.8,38.5,282.0
2021-01-25 19:00:00,6.1,45.8,79.6,43.0,46.0,38.5,284.0
2021-01-25 20:00:00,5.7,45.9,79.0,42.9,45.9,38.5,284.0
2021-01-25 21:00:00,5.5,45.9,79.1,43.1,45.9,38.6,282.0
2021-01-25 22:00:00,5.8,45.9,78.3,42.0,39.7,38.3,252.0
2021-01-25 23:00:00,6.1,45.8,75.8,33.3,46.5,33.0,0.0
2021-01-26 00:00:00,5.9,45.9,68.7,32.0,51.3,32.9,0.0
2021-01-26 01:00:00,5.5,45.9,60.3,31.3,44.4,33.1,0.0
2021-01-26 02:00:00,5.7,45.9,57.9,30.6,46.0,32.8,0.0
2021-01-26 03:00:00,4.8,46.1,61.1,30.6,46.7,31.9,0.0
2021-01-26 04:00:00,2.3,47.3,57.4,30.3,46.4,30.6,0.0
2021-01-26 05:00:00,1.2,47.9,58.3,29.4,47.8,28.1,0.0
2021-01-26 06:00:00,1.1,48.0,44.3,38.8,42.0,23.6,47.0
2021-01-26 07:00:00,0.9,48.0,75.1,49.6,50.3,40.5,539.0
2021-01-26 08:00:00,0.7,48.1,86.7,43.8,47.2,39.4,317.0
2021-01-26 09:00:00,0.8,48.0,86.6,44.4,47.8,39.4,331.0
2021-01-26 10:00:00,0.9,47.9,86.3,44.4,47.8,39.5,330.0
2021-01-26 11:00:00,1.5,47.7,86.7,44.4,47.8,39.5,327.0
2021-01-26 12:00:00,1.7,47.6,85.3,44.4,47.5,39.5,324.0
2021-01-26 13:00:00,1.8,47.6,85.4,44.3,47.5,39.5,320.0
2021-01-26 14:00:00,1.9,47.5,84.5,44.3,47.5,39.5,317.0
2021-01-26 15:00:00,2.2,47.4,84.0,44.2,47.5,39.4,319.0
2021-01-26 16:00:00,1.7,47.6,84.8,44.3,47.4,39.4,313.0
2021-01-26 17:00:00,1.7,47.6,84.9,44.4,47.7,39.6,315.0
2021-01-26 18:00:00,1.3,47.8,85.0,44.4,47.7,39.7,320.0
2021-01-26 19:00:00,1.5,47.7,82.2,44.8,47.8,39.3,309.0
2021-01-26 20:00:00,1.7,47.5,83.2,44.8,47.7,40.0,334.0
2021-01-26 21:00:00,1.4,47.8,83.4,44.2,47.4,39.4,304.0
2021-01-26 22:00:00,0.9,48.0,82.0,44.1,41.7,39.8,310.0
2021-01-26 23:00:00,0.7,48.1,78.6,34.2,50.5,34.3,0.0
2021-01-27 00:00:00,0.8,48.1,70.3,32.9,52.4,34.2,0.0
2021-01-27 01:00:00,0.5,48.3,61.0,31.6,46.9,34.3,0.0
2021-01-27 02:00:00,0.3,48.3,57.8,30.3,44.9,33.5,0.0
2021-01-27 03:00:00,0.3,48.3,59.9,30.0,47.2,31.1,0.0
2021-01-27 04:00:00,-0.2,48.5,62.1,29.2,49.2,28.2,0.0
2021-01-27 05:00:00,-0.5,48.8,60.8,27.2,50.2,27.1,0.0
2021-01-27 06:00:00,-0.7,48.8,86.7,50.3,51.5,38.1,444.0
2021-01-27 07:00:00,-0.2,48.6,79.8,47.3,49.7,39.7,365.0
2021-01-27 08:00:00,0.0,45.1,86.5,54.9,55.3,43.6,482.0
2021-01-27 09:00:00,0.3,49.8,87.1,46.8,50.1,40.3,311.0
2021-01-27 10:00:00,0.7,49.7,86.8,47.4,50.3,41.1,384.0
2021-01-27 11:00:00,1.5,49.5,85.9,45.7,48.8,40.2,352.0
2021-01-27 12:00:00,2.0,49.3,85.9,46.9,50.0,40.6,366.0
2021-01-27 13:00:00,1.6,49.4,84.7,46.4,49.3,40.2,294.0
2021-01-27 14:00:00,1.6,49.4,84.7,46.4,49.3,40.2,0.0
2021-01-27 15:00:00,1.6,49.4,84.7,46.4,49.3,40.2,0.0
2021-01-27 16:00:00,1.6,49.4,84.7,46.4,49.3,40.2,0.0
2021-01-27 17:00:00,1.6,49.4,84.7,46.4,49.3,40.2,0.0
2021-01-27 18:00:00,0.4,49.8,86.4,45.9,49.2,40.5,1858.0
2021-01-27 19:00:00,0.5,49.8,86.1,46.4,49.4,41.0,368.0
2021-01-27 20:00:00,0.2,49.9,86.3,47.1,50.2,40.9,356.0
2021-01-27 21:00:00,0.3,49.8,86.4,46.7,49.9,41.3,367.0
2021-01-27 22:00:00,0.5,49.8,85.8,45.9,48.9,40.6,338.0
2021-01-27 23:00:00,0.7,49.7,81.6,34.4,58.6,34.0,0.0
2021-01-28 00:00:00,0.4,49.8,70.9,32.9,51.3,34.8,0.0
2021-01-28 01:00:00,0.5,49.8,69.3,31.6,52.3,34.1,0.0
2021-01-28 02:00:00,0.2,49.8,67.7,31.1,51.1,33.3,0.0
2021-01-28 03:00:00,-0.4,50.5,64.0,30.4,50.2,31.6,0.0
2021-01-28 04:00:00,-0.1,50.3,62.3,29.2,49.8,28.1,0.0
2021-01-28 05:00:00,0.0,50.0,48.6,31.3,47.3,26.9,0.0
2021-01-28 06:00:00,0.2,49.9,68.1,44.0,44.9,34.6,342.0
2021-01-28 07:00:00,0.2,49.9,86.5,50.7,52.5,42.0,490.0
2021-01-28 08:00:00,0.9,49.6,87.1,46.4,49.5,40.3,354.0
2021-01-28 09:00:00,1.8,49.2,86.3,46.6,49.6,40.4,375.0
2021-01-28 10:00:00,1.8,49.3,86.0,46.4,49.5,40.4,368.0
2021-01-28 11:00:00,2.7,49.0,84.2,46.3,49.0,40.4,365.0
2021-01-28 12:00:00,3.6,48.7,84.0,46.1,48.9,40.2,354.0
2021-01-28 13:00:00,4.2,48.5,83.2,45.9,48.7,40.1,351.0
2021-01-28 14:00:00,4.4,48.4,81.3,45.5,48.2,39.9,344.0
2021-01-28 15:00:00,4.8,48.2,83.0,45.7,48.6,39.8,343.0
2021-01-28 16:00:00,3.6,48.6,83.2,45.6,48.5,39.8,339.0
2021-01-28 17:00:00,2.7,49.0,83.9,46.1,48.9,40.2,350.0
2021-01-28 18:00:00,1.8,49.3,85.7,46.6,49.6,40.7,359.0
2021-01-28 19:00:00,1.3,49.5,90.2,46.6,50.2,40.7,352.0
2021-01-28 20:00:00,0.8,48.7,85.5,46.1,49.3,40.5,346.0
2021-01-28 21:00:00,0.7,48.8,85.7,46.1,49.1,40.5,348.0
2021-01-28 22:00:00,1.1,48.7,85.5,46.2,49.2,40.5,346.0
2021-01-28 23:00:00,1.3,48.7,81.1,35.1,45.3,34.3,40.0
2021-01-29 00:00:00,1.8,48.6,74.2,33.2,54.3,34.3,0.0
2021-01-29 01:00:00,1.6,48.6,64.3,32.0,45.7,34.6,0.0
2021-01-29 02:00:00,2.0,48.5,61.0,30.9,47.0,33.8,0.0
2021-01-29 03:00:00,1.6,48.6,63.3,31.0,49.2,32.3,0.0
2021-01-29 04:00:00,1.5,48.6,60.2,30.4,48.6,31.4,0.0
2021-01-29 05:00:00,1.8,48.6,61.9,30.1,52.2,30.3,0.0
2021-01-29 06:00:00,2.2,48.5,70.8,39.8,40.3,27.0,165.0
2021-01-29 07:00:00,2.7,48.4,84.1,47.9,50.2,41.3,515.0
2021-01-29 08:00:00,2.8,48.4,84.0,45.2,48.1,39.5,333.0
2021-01-29 09:00:00,3.6,48.2,84.0,45.3,48.3,39.6,347.0
2021-01-29 10:00:00,5.0,46.9,80.7,43.5,46.5,38.9,325.0
2021-01-29 11:00:00,5.9,46.1,79.0,42.7,45.6,38.1,295.0
2021-01-29 12:00:00,6.9,46.0,78.6,42.4,45.3,37.8,293.0
2021-01-29 13:00:00,8.0,45.8,78.3,43.6,46.3,38.4,310.0
2021-01-29 14:00:00,8.5,45.7,75.2,43.1,45.6,38.1,295.0
2021-01-29 15:00:00,8.4,45.8,75.2,43.0,45.4,38.0,291.0
2021-01-29 16:00:00,8.4,45.7,77.1,43.3,46.0,38.3,294.0
2021-01-29 17:00:00,8.3,45.8,78.4,43.8,46.4,38.6,303.0
2021-01-29 18:00:00,8.6,45.7,78.1,42.7,45.6,38.2,285.0
2021-01-29 19:00:00,8.1,45.8,76.8,42.5,45.1,38.1,283.0
2021-01-29 20:00:00,7.3,45.9,78.0,42.5,45.4,38.0,281.0
2021-01-29 21:00:00,6.3,46.1,78.7,42.7,45.7,38.3,287.0
2021-01-29 22:00:00,6.3,46.1,78.2,42.7,40.8,38.5,288.0
2021-01-29 23:00:00,5.9,46.1,74.9,33.4,41.3,32.8,0.0
2021-01-30 00:00:00,6.0,46.1,69.3,31.9,52.3,32.5,0.0
2021-01-30 01:00:00,5.6,46.2,60.8,31.2,45.3,32.8,0.0
2021-01-30 02:00:00,4.6,46.3,59.5,30.5,47.0,32.2,0.0
2021-01-30 03:00:00,3.9,46.4,60.6,30.2,47.1,31.7,0.0
2021-01-30 04:00:00,3.4,46.4,57.2,29.9,46.6,30.1,0.0
2021-01-30 05:00:00,3.4,46.5,54.9,29.1,45.5,29.3,0.0
2021-01-30 06:00:00,3.7,46.4,62.0,31.7,32.8,21.6,0.0
2021-01-30 07:00:00,3.5,46.5,85.1,43.9,47.1,39.5,520.0
2021-01-30 08:00:00,3.7,46.4,82.9,42.7,46.0,38.0,294.0
2021-01-30 09:00:00,3.8,47.9,82.4,44.8,47.5,38.6,323.0
2021-01-30 10:00:00,4.6,47.3,82.7,44.6,47.6,39.4,343.0
2021-01-30 11:00:00,5.3,46.8,79.6,43.9,46.8,38.9,314.0
2021-01-30 12:00:00,6.3,46.7,78.1,43.5,46.2,38.6,302.0
2021-01-30 13:00:00,6.7,46.6,77.7,44.5,47.0,38.9,296.0
2021-01-30 14:00:00,7.3,46.4,76.5,44.5,46.8,39.0,338.0
2021-01-30 15:00:00,7.4,46.4,76.1,44.4,46.7,38.9,308.0
2021-01-30 16:00:00,7.3,46.4,76.7,44.4,46.8,38.9,308.0
2021-01-30 17:00:00,7.1,46.5,78.6,43.9,46.5,39.0,306.0
2021-01-30 18:00:00,6.3,47.5,78.4,45.3,47.8,39.4,312.0
2021-01-30 19:00:00,5.6,47.8,78.7,45.1,47.7,39.8,329.0
2021-01-30 20:00:00,5.5,47.8,80.3,45.5,48.3,40.0,325.0
2021-01-30 21:00:00,5.6,47.8,81.5,45.5,48.2,40.0,322.0
2021-01-30 22:00:00,5.0,48.0,81.7,44.0,40.9,39.7,296.0
2021-01-30 23:00:00,4.1,48.6,72.9,35.6,37.1,34.8,0.0
2021-01-31 00:00:00,3.5,49.2,74.5,32.1,42.3,30.5,0.0
2021-01-31 01:00:00,3.5,49.2,70.1,27.4,54.6,28.2,0.0
2021-01-31 02:00:00,4.3,48.6,61.0,27.2,45.7,29.2,0.0
2021-01-31 03:00:00,5.5,47.8,59.4,27.0,46.9,28.7,0.0
2021-01-31 04:00:00,3.2,49.2,62.1,27.4,50.4,27.9,0.0
2021-01-31 05:00:00,5.2,47.9,56.2,27.0,47.3,27.6,0.0
2021-01-31 06:00:00,5.1,47.9,57.2,27.0,47.5,27.3,0.0
2021-01-31 07:00:00,5.5,48.7,83.9,47.0,49.5,40.7,553.0
2021-01-31 08:00:00,5.8,48.6,81.1,45.5,48.3,39.7,327.0
2021-01-31 09:00:00,6.8,48.1,80.0,45.7,48.3,39.9,341.0
2021-01-31 10:00:00,7.8,47.7,79.2,45.8,48.2,39.7,334.0
2021-01-31 11:00:00,8.9,47.2,75.0,45.0,47.2,39.5,320.0
2021-01-31 12:00:00,8.8,47.3,76.4,45.0,47.5,39.3,314.0
2021-01-31 13:00:00,10.3,46.6,73.4,44.5,46.7,39.2,309.0
2021-01-31 14:00:00,10.7,46.4,71.5,43.8,46.0,38.6,288.0
2021-01-31 15:00:00,10.3,46.6,73.8,44.5,46.5,38.9,308.0
2021-01-31 16:00:00,10.3,46.7,74.6,45.0,47.2,39.4,309.0
2021-01-31 17:00:00,9.6,46.9,73.8,45.0,47.1,39.5,312.0
2021-01-31 18:00:00,9.6,47.5,73.4,45.3,47.2,40.1,319.0
2021-01-31 19:00:00,9.6,47.5,77.4,45.7,47.9,40.1,318.0
2021-01-31 20:00:00,9.6,47.4,77.1,45.3,47.6,39.9,306.0
2021-01-31 21:00:00,9.3,47.5,76.8,45.2,47.6,39.9,306.0
2021-01-31 22:00:00,8.5,47.9,75.2,40.1,37.5,35.9,189.0
2021-01-31 23:00:00,7.8,48.1,72.3,34.2,49.2,34.0,0.0
2021-02-01 00:00:00,8.0,48.0,66.5,33.0,51.8,33.5,0.0
2021-02-01 01:00:00,8.3,47.9,58.8,32.2,45.1,33.7,0.0
2021-02-01 02:00:00,8.2,47.9,56.8,31.5,46.3,33.0,0.0
2021-02-01 03:00:00,8.1,47.9,59.6,31.6,48.8,31.5,0.0
2021-02-01 04:00:00,7.9,48.0,55.8,31.0,47.3,31.0,0.0
2021-02-01 05:00:00,7.4,48.2,56.7,30.4,48.0,29.0,0.0
2021-02-01 06:00:00,7.5,48.1,79.7,51.7,51.4,37.3,401.0
2021-02-01 07:00:00,5.8,48.7,80.1,47.3,49.6,40.6,379.0
2021-02-01 08:00:00,6.4,48.5,80.9,46.7,49.3,40.7,344.0
2021-02-01 09:00:00,7.4,48.2,79.8,45.9,48.3,40.3,330.0
2021-02-01 10:00:00,8.4,47.8,79.3,45.6,48.2,40.1,325.0
2021-02-01 11:00:00,10.4,47.2,77.1,44.6,47.2,39.9,312.0
2021-02-01 12:00:00,10.8,47.0,75.2,44.6,46.8,39.2,291.0
2021-02-01 13:00:00,12.3,46.5,67.5,43.7,41.6,39.1,286.0
2021-02-01 14:00:00,12.6,46.4,39.7,42.7,38.8,34.8,0.0
2021-02-01 15:00:00,11.9,46.7,65.0,40.2,39.5,26.8,55.0
2021-02-01 16:00:00,10.2,46.4,64.5,46.6,46.5,37.1,307.0
2021-02-01 17:00:00,8.6,46.6,78.5,43.1,45.9,39.2,333.0
2021-02-01 18:00:00,7.7,46.6,79.0,43.3,46.2,38.9,281.0
2021-02-01 19:00:00,7.0,46.7,78.6,43.3,46.1,38.9,282.0
2021-02-01 20:00:00,6.7,46.8,77.9,43.2,46.7,38.9,278.0
2021-02-01 21:00:00,6.9,46.7,77.5,44.6,47.2,39.6,310.0
2021-02-01 22:00:00,6.0,46.8,77.9,44.1,40.7,39.5,281.0
2021-02-01 23:00:00,5.8,46.9,74.4,34.7,43.6,34.5,0.0
2021-02-02 00:00:00,6.2,46.8,69.3,33.2,52.1,33.5,0.0
2021-02-02 01:00:00,5.9,46.9,60.7,32.2,44.4,33.9,0.0
2021-02-02 02:00:00,6.0,46.9,57.7,31.3,45.8,33.2,0.0
2021-02-02 03:00:00,5.2,46.9,60.3,31.2,47.5,31.8,0.0
2021-02-02 04:00:00,4.7,47.2,56.9,30.4,47.3,30.9,0.0
2021-02-02 05:00:00,5.4,46.9,55.7,29.9,46.4,30.0,0.0
2021-02-02 06:00:00,4.8,47.2,44.9,30.2,36.5,25.3,47.0
2021-02-02 07:00:00,4.7,47.1,81.3,45.3,48.2,41.0,520.0
2021-02-02 08:00:00,5.5,46.9,80.8,43.3,46.4,38.6,278.0
2021-02-02 09:00:00,5.9,46.9,80.2,43.6,46.6,38.8,300.0
2021-02-02 10:00:00,7.2,46.7,80.3,43.8,46.7,38.9,304.0
2021-02-02 11:00:00,8.3,46.6,78.4,43.4,46.2,38.7,293.0
2021-02-02 12:00:00,9.0,46.5,78.4,43.4,46.2,38.7,291.0
2021-02-02 13:00:00,10.6,46.3,74.7,43.7,46.1,38.5,285.0
2021-02-02 14:00:00,11.2,46.3,73.1,43.7,46.1,38.7,291.0
2021-02-02 15:00:00,10.8,46.3,72.8,43.6,45.8,38.6,281.0
2021-02-02 16:00:00,11.0,46.3,73.3,43.7,46.0,38.7,283.0
2021-02-02 17:00:00,10.0,46.4,74.1,43.8,46.0,38.6,284.0
2021-02-02 18:00:00,8.6,46.6,72.6,44.1,46.2,39.2,294.0
2021-02-02 19:00:00,8.6,46.5,77.0,44.4,47.0,39.5,303.0
2021-02-02 20:00:00,7.0,46.7,77.9,44.3,46.9,39.3,291.0
2021-02-02 21:00:00,6.0,46.8,78.1,44.5,47.0,39.4,298.0
2021-02-02 22:00:00,5.3,46.9,78.4,44.5,47.2,39.7,300.0
2021-02-02 23:00:00,4.4,47.4,77.9,41.6,40.8,39.3,240.0
2021-02-03 00:00:00,4.0,47.7,75.2,38.0,43.8,35.5,0.0
2021-02-03 01:00:00,3.8,47.8,71.9,30.9,38.8,30.8,0.0
2021-02-03 02:00:00,3.2,48.1,70.2,29.1,39.0,29.3,0.0
2021-02-03 03:00:00,3.5,48.0,68.8,28.4,44.3,28.7,0.0
2021-02-03 04:00:00,2.7,48.6,66.9,28.8,53.4,29.1,0.0
2021-02-03 05:00:00,1.9,49.1,60.3,28.5,50.6,29.0,0.0
2021-02-03 06:00:00,2.5,48.7,83.8,44.7,43.6,23.5,55.0
2021-02-03 07:00:00,2.6,48.8,77.9,49.3,50.8,41.3,565.0
2021-02-03 08:00:00,3.1,48.1,84.0,44.8,48.0,39.9,321.0
2021-02-03 09:00:00,4.8,47.2,84.0,44.4,47.6,39.5,313.0
2021-02-03 10:00:00,7.1,46.7,80.6,43.8,46.8,39.2,307.0
2021-02-03 11:00:00,9.0,46.5,78.7,43.1,46.0,38.6,287.0
2021-02-03 12:00:00,10.7,46.3,75.5,43.5,46.0,38.6,286.0
2021-02-03 13:00:00,11.8,46.2,70.6,39.8,35.4,34.0,155.0
2021-02-03 14:00:00,13.7,46.0,68.6,34.2,39.0,33.7,0.0
2021-02-03 15:00:00,14.2,46.0,36.6,40.6,36.2,29.6,0.0
2021-02-03 16:00:00,13.6,46.0,35.7,30.7,28.4,27.4,0.0
2021-02-03 17:00:00,12.6,46.1,34.4,29.9,27.5,26.5,0.0
2021-02-03 18:00:00,10.1,44.4,67.1,39.7,38.9,25.3,85.0
2021-02-03 19:00:00,11.6,44.2,73.1,42.1,44.6,37.9,408.0
2021-02-03 20:00:00,10.7,44.3,70.1,42.4,44.6,37.4,255.0
2021-02-03 21:00:00,9.2,44.5,72.2,42.2,44.8,38.0,275.0
2021-02-03 22:00:00,8.4,44.6,72.6,41.3,39.0,37.5,239.0
2021-02-03 23:00:00,8.2,44.6,69.7,33.2,40.5,32.7,0.0
2021-02-04 00:00:00,7.3,44.7,65.1,31.8,49.5,32.2,0.0
2021-02-04 01:00:00,6.8,44.8,57.6,31.0,42.9,32.6,0.0
2021-02-04 02:00:00,6.7,44.8,55.4,30.3,44.4,31.9,0.0
2021-02-04 03:00:00,5.7,44.9,56.2,29.9,44.9,31.3,0.0
2021-02-04 04:00:00,4.4,45.5,54.7,29.7,44.9,30.3,0.0
2021-02-04 05:00:00,3.8,46.1,54.4,29.3,45.7,28.6,0.0
2021-02-04 06:00:00,3.9,45.9,47.6,30.5,31.1,22.6,0.0
2021-02-04 07:00:00,3.5,46.3,82.5,45.8,48.3,40.2,526.0
2021-02-04 08:00:00,4.9,45.0,83.4,41.7,45.1,37.8,269.0
2021-02-04 09:00:00,7.6,44.7,80.6,41.1,44.4,37.5,273.0
2021-02-04 10:00:00,9.9,44.4,78.0,40.9,44.0,37.1,260.0
2021-02-04 11:00:00,13.5,44.0,70.7,40.4,37.6,36.3,218.0
2021-02-04 12:00:00,14.0,44.0,40.2,36.1,35.2,34.2,0.0
2021-02-04 13:00:00,14.5,44.0,39.0,33.9,32.8,30.3,0.0
2021-02-04 14:00:00,15.0,44.0,39.9,27.7,29.3,26.7,0.0
2021-02-04 15:00:00,15.7,44.0,46.5,25.3,35.4,25.6,0.0
2021-02-04 16:00:00,15.2,44.0,52.0,25.0,39.0,24.9,0.0
2021-02-04 17:00:00,14.4,44.0,55.7,25.5,44.2,25.5,0.0
2021-02-04 18:00:00,13.9,44.0,54.2,26.0,47.7,25.9,0.0
2021-02-04 19:00:00,12.5,46.3,72.1,47.5,47.9,37.9,401.0
2021-02-04 20:00:00,12.1,46.4,73.0,44.4,46.6,38.9,315.0
2021-02-04 21:00:00,12.1,46.4,73.0,44.4,46.5,38.9,302.0
2021-02-04 22:00:00,10.6,46.7,70.1,36.5,33.8,32.4,104.0
2021-02-04 23:00:00,9.4,47.0,67.4,32.2,50.1,32.4,0.0
2021-02-05 00:00:00,8.5,47.2,61.5,31.3,47.8,32.2,0.0
2021-02-05 01:00:00,7.7,47.4,60.4,30.6,48.8,31.7,0.0
2021-02-05 02:00:00,6.3,47.7,55.1,30.0,46.6,31.1,0.0
2021-02-05 03:00:00,5.8,47.8,56.3,29.7,47.2,29.2,0.0
2021-02-05 04:00:00,4.6,48.2,54.6,28.7,47.1,27.5,0.0
2021-02-05 05:00:00,4.4,48.3,51.7,27.5,45.6,26.8,0.0
2021-02-05 06:00:00,4.7,48.0,71.0,49.9,49.9,38.8,447.0
2021-02-05 07:00:00,4.0,48.6,72.6,45.4,47.9,40.1,358.0
2021-02-05 08:00:00,5.4,47.9,82.9,45.4,48.2,40.0,351.0
2021-02-05 09:00:00,7.9,47.3,80.0,44.6,47.2,39.5,320.0
2021-02-05 10:00:00,9.3,47.0,78.3,44.0,46.7,39.0,305.0
2021-02-05 11:00:00,12.0,46.4,75.3,43.5,46.0,38.7,294.0
2021-02-05 12:00:00,13.1,46.2,71.2,34.7,39.0,32.2,65.0
2021-02-05 13:00:00,13.4,46.0,68.1,32.3,52.8,32.1,0.0
2021-02-05 14:00:00,14.2,46.0,60.7,31.7,45.2,32.8,0.0
2021-02-05 15:00:00,14.6,46.0,58.9,31.4,47.2,32.2,0.0
2021-02-05 16:00:00,15.0,46.0,55.9,31.0,45.8,32.5,0.0
2021-02-05 17:00:00,14.8,46.0,55.8,31.1,46.5,30.9,0.0
2021-02-05 18:00:00,11.9,46.4,72.4,45.9,45.3,31.4,230.0
2021-02-05 19:00:00,11.3,46.6,73.8,45.0,46.9,39.5,374.0
2021-02-05 20:00:00,10.7,46.7,74.7,44.6,47.1,39.1,305.0
2021-02-05 21:00:00,9.1,47.0,76.7,45.2,47.6,39.3,313.0
2021-02-05 22:00:00,9.0,47.1,77.4,45.3,47.5,39.7,318.0
2021-02-05 23:00:00,9.4,47.0,72.8,35.3,40.6,34.6,0.0
2021-02-06 00:00:00,7.7,47.4,70.0,33.0,53.1,32.1,0.0
2021-02-06 01:00:00,6.3,47.6,62.5,31.6,46.4,32.6,0.0
2021-02-06 02:00:00,5.4,47.8,60.1,30.4,48.4,31.4,0.0
2021-02-06 03:00:00,5.0,48.0,58.2,29.8,47.5,31.1,0.0
2021-02-06 04:00:00,5.8,47.8,57.0,29.6,47.2,30.0,0.0
2021-02-06 05:00:00,4.2,48.6,57.3,29.3,48.3,28.4,0.0
2021-02-06 06:00:00,4.3,48.4,57.5,35.9,40.5,25.0,0.0
2021-02-06 07:00:00,3.6,48.8,84.1,46.9,49.6,40.6,551.0
2021-02-06 08:00:00,4.6,48.1,83.7,45.9,48.8,40.1,345.0
2021-02-06 09:00:00,8.1,47.3,79.9,44.5,47.2,39.6,323.0
2021-02-06 10:00:00,10.4,46.8,76.0,44.2,46.6,38.7,295.0
2021-02-06 11:00:00,12.2,46.3,73.7,43.8,46.1,38.7,294.0
2021-02-06 12:00:00,14.2,46.0,69.5,36.3,33.6,33.0,78.0
2021-02-06 13:00:00,16.1,46.0,66.3,32.3,39.2,32.4,0.0
2021-02-06 14:00:00,17.1,46.0,63.9,31.0,51.6,30.5,0.0
2021-02-06 15:00:00,16.8,46.0,57.2,30.4,45.0,31.0,0.0
2021-02-06 16:00:00,16.2,46.0,57.8,30.0,46.9,30.0,0.0
2021-02-06 17:00:00,14.0,46.0,54.2,29.6,45.8,29.5,0.0
2021-02-06 18:00:00,12.2,46.3,57.4,28.2,30.0,24.6,0.0
2021-02-06 19:00:00,12.3,46.3,72.0,45.3,46.9,39.4,490.0
2021-02-06 20:00:00,13.0,46.2,71.2,43.7,45.7,38.5,282.0
2021-02-06 21:00:00,11.0,46.6,72.3,43.9,46.0,38.6,285.0
2021-02-06 22:00:00,9.4,47.0,73.4,45.6,47.3,39.6,318.0
2021-02-06 23:00:00,8.8,47.1,69.9,35.5,38.0,34.7,0.0
2021-02-07 00:00:00,8.3,47.2,67.2,33.2,41.6,32.5,0.0
2021-02-07 01:00:00,8.0,47.3,64.8,29.9,48.3,29.4,0.0
2021-02-07 02:00:00,7.1,47.5,60.4,28.1,49.7,28.6,0.0
2021-02-07 03:00:00,6.2,47.7,56.0,27.7,46.5,29.2,0.0
2021-02-07 04:00:00,5.7,47.8,55.4,27.5,47.1,28.3,0.0
2021-02-07 05:00:00,5.5,47.8,54.3,27.5,46.9,27.6,0.0
2021-02-07 06:00:00,5.2,47.9,62.7,36.0,35.4,22.4,43.0
2021-02-07 07:00:00,5.3,48.9,80.4,46.9,49.4,41.0,554.0
2021-02-07 08:00:00,7.8,48.0,80.0,46.2,48.7,40.3,340.0
2021-02-07 09:00:00,9.7,46.9,75.2,43.9,46.2,39.1,298.0
2021-02-07 10:00:00,12.4,45.3,71.9,43.8,46.0,38.8,291.0
2021-02-07 11:00:00,13.5,45.0,69.3,36.7,39.0,34.2,102.0
2021-02-07 12:00:00,13.6,45.0,66.5,33.8,38.6,33.0,0.0
2021-02-07 13:00:00,14.0,45.0,64.6,29.5,41.3,28.8,0.0
2021-02-07 14:00:00,14.0,45.0,61.5,27.6,49.0,28.1,0.0
2021-02-07 15:00:00,11.9,45.4,55.4,27.6,41.8,28.7,0.0
2021-02-07 16:00:00,11.1,45.6,55.9,27.6,46.2,27.9,0.0
2021-02-07 17:00:00,10.1,45.9,52.6,27.6,45.2,27.8,0.0
2021-02-07 18:00:00,9.1,46.0,77.7,47.0,48.3,37.1,377.0
2021-02-07 19:00:00,8.5,46.2,76.7,43.2,46.0,38.5,310.0
2021-02-07 20:00:00,7.7,47.7,78.1,45.8,48.0,39.3,318.0
2021-02-07 21:00:00,7.8,47.7,77.2,45.5,47.8,40.2,337.0
2021-02-07 22:00:00,7.2,48.0,79.3,45.6,48.0,40.0,317.0
2021-02-07 23:00:00,7.1,47.9,74.4,35.3,39.4,34.6,0.0
2021-02-08 00:00:00,6.5,48.2,71.3,32.9,56.2,32.0,0.0
2021-02-08 01:00:00,5.9,48.6,63.2,31.7,47.4,32.5,0.0
2021-02-08 02:00:00,6.3,48.3,61.5,30.7,49.3,31.4,0.0
2021-02-08 03:00:00,6.7,48.2,61.5,30.2,49.1,30.4,0.0
2021-02-08 04:00:00,6.9,48.2,56.7,29.6,47.7,29.6,0.0
2021-02-08 05:00:00,7.2,48.0,67.6,41.1,38.8,24.7,99.0
2021-02-08 06:00:00,7.6,47.7,79.7,46.0,48.5,40.4,483.0
2021-02-08 07:00:00,8.4,47.4,78.9,45.4,48.1,39.9,326.0
2021-02-08 08:00:00,8.4,47.4,78.6,44.7,47.2,39.5,311.0
2021-02-08 09:00:00,9.9,46.8,77.5,44.5,47.1,39.2,311.0
2021-02-08 10:00:00,10.4,46.5,75.6,43.8,46.3,38.7,294.0
2021-02-08 11:00:00,14.1,45.0,80.8,42.3,45.6,38.4,280.0
2021-02-08 12:00:00,13.9,45.0,80.6,42.1,45.4,38.2,272.0
2021-02-08 13:00:00,14.2,45.0,80.8,42.1,45.5,38.2,271.0
2021-02-08 14:00:00,14.6,44.0,80.4,40.8,44.1,37.7,258.0
2021-02-08 15:00:00,14.6,44.0,80.1,40.3,43.7,37.1,240.0
2021-02-08 16:00:00,13.3,44.3,80.4,40.7,44.2,37.2,246.0
2021-02-08 17:00:00,12.3,44.7,80.5,41.1,44.4,37.6,260.0
2021-02-08 18:00:00,11.8,46.7,81.8,44.4,47.4,39.1,292.0
2021-02-08 19:00:00,12.1,46.6,82.2,44.2,47.2,39.5,304.0
2021-02-08 20:00:00,12.0,46.7,79.3,43.4,46.4,39.1,282.0
2021-02-08 21:00:00,12.1,46.6,80.1,43.5,46.3,39.2,284.0
2021-02-08 22:00:00,11.4,46.9,79.6,43.2,40.6,39.2,274.0
2021-02-08 23:00:00,11.1,47.0,69.6,35.4,40.6,34.9,0.0
2021-02-09 00:00:00,9.9,47.3,71.6,32.6,54.8,31.8,0.0
2021-02-09 01:00:00,9.6,47.5,63.8,31.4,48.0,32.1,0.0
2021-02-09 02:00:00,9.1,47.6,62.2,30.7,49.2,31.4,0.0
2021-02-09 03:00:00,8.4,47.9,61.6,30.2,48.5,31.5,0.0
2021-02-09 04:00:00,7.4,48.1,57.9,30.2,47.9,30.1,0.0
2021-02-09 05:00:00,7.1,48.3,58.7,29.8,49.0,29.5,0.0
2021-02-09 06:00:00,7.0,49.8,77.1,44.7,45.7,31.9,231.0
2021-02-09 07:00:00,9.6,48.4,85.1,46.2,49.2,41.7,465.0
2021-02-09 08:00:00,11.7,47.2,84.5,43.8,47.2,39.5,292.0
2021-02-09 09:00:00,12.2,47.1,81.0,43.6,46.6,39.0,290.0
2021-02-09 10:00:00,12.5,46.7,80.6,43.7,46.6,39.1,294.0
2021-02-09 11:00:00,12.7,46.6,80.7,43.7,46.7,39.1,294.0
2021-02-09 12:00:00,13.2,46.5,80.5,43.8,46.8,39.3,295.0
2021-02-09 13:00:00,13.8,46.1,80.5,43.2,46.3,39.2,288.0
2021-02-09 14:00:00,13.9,44.0,80.3,40.3,43.7,37.3,228.0
2021-02-09 15:00:00,14.4,44.0,80.2,40.2,43.6,37.2,236.0
2021-02-09 16:00:00,13.9,44.0,77.2,38.0,35.9,34.1,123.0
2021-02-09 17:00:00,12.8,41.8,78.9,47.3,46.7,29.0,33.0
2021-02-09 18:00:00,12.0,42.2,80.2,37.3,41.8,35.5,294.0
2021-02-09 19:00:00,10.9,44.4,80.2,39.5,43.4,35.8,219.0
2021-02-09 20:00:00,11.1,44.3,80.4,40.6,44.4,37.5,265.0
2021-02-09 21:00:00,10.9,44.4,79.1,40.3,44.1,37.3,237.0
2021-02-09 22:00:00,10.5,44.7,79.7,39.9,38.5,36.9,209.0
2021-02-09 23:00:00,10.3,45.1,73.5,34.7,38.5,34.1,0.0
2021-02-10 00:00:00,9.1,46.3,69.7,32.7,52.1,32.1,0.0
2021-02-10 01:00:00,8.8,46.8,61.2,32.1,44.7,32.5,0.0
2021-02-10 02:00:00,8.4,47.1,59.3,31.3,46.8,31.9,0.0
2021-02-10 03:00:00,8.3,47.4,61.6,31.0,48.2,30.9,0.0
2021-02-10 04:00:00,7.4,48.3,59.0,30.5,48.0,30.3,0.0
2021-02-10 05:00:00,6.4,49.2,72.6,40.9,41.2,25.5,98.0
2021-02-10 06:00:00,6.0,49.0,87.2,45.7,49.7,40.9,488.0
2021-02-10 07:00:00,6.3,48.6,87.2,44.9,48.8,40.4,324.0
2021-02-10 08:00:00,9.0,45.6,86.2,42.4,46.4,39.5,296.0
2021-02-10 09:00:00,11.2,43.1,83.8,38.8,43.0,36.7,209.0
2021-02-10 10:00:00,13.2,40.7,80.7,37.5,41.5,35.6,197.0
2021-02-10 11:00:00,13.5,40.5,79.6,36.3,40.2,34.7,177.0
2021-02-10 12:00:00,13.6,40.4,79.8,35.9,40.1,34.4,177.0
2021-02-10 13:00:00,13.5,40.5,79.9,36.8,40.9,34.7,189.0
2021-02-10 14:00:00,14.5,40.0,35.6,36.1,36.7,34.3,34.0
2021-02-10 15:00:00,15.1,40.0,51.2,32.6,47.2,29.8,0.0
2021-02-10 16:00:00,15.1,40.0,33.9,34.4,35.0,28.3,0.0
2021-02-10 17:00:00,14.5,40.0,32.5,34.0,29.8,27.6,0.0
2021-02-10 18:00:00,14.2,42.0,64.9,42.6,43.7,32.3,199.0
2021-02-10 19:00:00,14.1,42.0,70.9,37.9,41.2,35.3,374.0
2021-02-10 20:00:00,13.9,42.2,68.5,38.4,41.6,35.3,204.0
2021-02-10 21:00:00,13.6,42.4,69.4,39.0,42.2,35.9,215.0
2021-02-10 22:00:00,13.5,42.8,67.6,39.2,37.8,36.1,206.0
2021-02-10 23:00:00,13.4,42.8,66.1,32.9,39.0,32.4,0.0
2021-02-11 00:00:00,12.6,43.8,62.5,31.7,48.8,31.5,0.0
2021-02-11 01:00:00,12.3,44.2,55.8,31.0,42.3,31.9,0.0
2021-02-11 02:00:00,11.4,45.7,55.1,30.5,45.5,31.1,0.0
2021-02-11 03:00:00,10.7,46.6,54.7,30.2,45.8,30.3,0.0
2021-02-11 04:00:00,10.5,46.8,54.2,29.9,46.2,29.0,0.0
2021-02-11 05:00:00,10.6,46.2,53.1,29.2,46.6,27.6,0.0
2021-02-11 06:00:00,10.3,44.5,73.5,39.6,39.9,24.2,58.0
2021-02-11 07:00:00,10.5,44.2,74.4,40.6,44.0,37.4,411.0
2021-02-11 08:00:00,10.4,44.5,75.4,40.9,44.2,37.1,246.0
2021-02-11 09:00:00,10.2,44.6,74.7,41.2,44.5,37.4,259.0
2021-02-11 10:00:00,10.0,45.0,75.3,41.3,44.5,37.4,143.0
2021-02-11 11:00:00,3.0,52.6,82.6,50.0,52.4,42.1,557.0
2021-02-11 12:00:00,1.5,53.8,85.9,51.6,54.3,43.5,421.0
2021-02-11 13:00:00,1.5,53.8,86.1,51.3,54.1,43.9,421.0
2021-02-11 14:00:00,1.5,50.3,85.7,45.8,49.5,41.8,344.0
2021-02-11 15:00:00,1.3,50.5,86.2,47.1,50.7,41.2,332.0
2021-02-11 16:00:00,1.1,50.7,85.8,47.6,51.1,41.8,358.0
2021-02-11 17:00:00,0.6,51.0,86.8,47.9,51.4,41.9,360.0
2021-02-11 18:00:00,-0.2,51.8,87.0,47.9,51.5,42.1,360.0
2021-02-11 19:00:00,-0.5,51.8,86.1,48.0,51.4,41.9,356.0
2021-02-11 20:00:00,-0.4,51.8,86.5,48.4,51.7,42.3,368.0
2021-02-11 21:00:00,-0.7,52.0,86.0,48.4,51.6,42.4,367.0
2021-02-11 22:00:00,-1.2,52.4,87.1,47.3,44.8,42.4,356.0
2021-02-11 23:00:00,-2.0,52.9,83.9,34.6,34.2,31.9,0.0
2021-02-12 00:00:00,-2.7,53.5,80.5,28.7,30.2,27.9,0.0
2021-02-12 01:00:00,-1.8,52.8,78.0,26.4,28.5,26.2,0.0
2021-02-12 02:00:00,-2.1,53.1,75.9,25.4,27.8,25.3,0.0
2021-02-12 03:00:00,-2.3,53.2,73.8,24.8,27.2,24.9,0.0
2021-02-12 04:00:00,-2.8,53.5,72.6,24.5,26.9,24.6,0.0
2021-02-12 05:00:00,-3.2,53.8,71.6,24.2,26.6,24.3,0.0
2021-02-12 06:00:00,-3.3,49.2,85.8,51.3,53.1,40.2,483.0
2021-02-12 07:00:00,-2.8,48.8,91.1,45.1,49.4,40.5,353.0
2021-02-12 08:00:00,-3.4,49.2,89.2,45.8,49.7,40.3,350.0
2021-02-12 09:00:00,-2.9,49.0,90.6,45.1,49.3,40.1,351.0
2021-02-12 10:00:00,-2.8,48.9,90.4,44.9,49.1,39.9,350.0
2021-02-12 11:00:00,-2.0,48.6,89.4,44.7,48.8,39.8,343.0
2021-02-12 12:00:00,-0.9,48.0,86.8,43.8,47.7,39.3,325.0
2021-02-12 13:00:00,-0.6,47.8,86.4,43.2,47.2,38.9,312.0
2021-02-12 14:00:00,-1.0,48.0,86.6,43.5,47.4,39.0,313.0
2021-02-12 15:00:00,-1.2,48.1,86.5,43.6,47.7,39.1,315.0
2021-02-12 16:00:00,-1.6,48.4,86.4,44.1,48.0,39.2,327.0
2021-02-12 17:00:00,-2.4,48.6,86.3,44.3,48.4,39.2,324.0
2021-02-12 18:00:00,-3.8,49.4,90.2,45.6,49.7,40.2,359.0
2021-02-12 19:00:00,-4.6,49.8,91.8,46.1,50.4,40.6,367.0
2021-02-12 20:00:00,-5.0,50.1,91.9,46.3,50.5,40.9,370.0
2021-02-12 21:00:00,-4.8,49.9,93.8,45.5,50.0,40.6,351.0
2021-02-12 22:00:00,-5.5,52.5,91.7,49.0,52.6,41.8,390.0
2021-02-12 23:00:00,-5.9,53.5,92.0,50.0,53.5,42.8,424.0
2021-02-13 00:00:00,-6.5,40.6,87.4,34.6,38.2,33.6,130.0
2021-02-13 01:00:00,-5.8,40.4,87.3,31.7,33.0,30.6,110.0
2021-02-13 02:00:00,-6.4,40.6,83.8,27.5,28.9,26.7,0.0
2021-02-13 03:00:00,-6.8,40.8,81.2,25.1,27.2,24.9,0.0
2021-02-13 04:00:00,-6.9,40.8,76.8,24.1,26.4,24.1,0.0
2021-02-13 05:00:00,-7.4,41.0,72.6,38.6,41.7,34.7,361.0
2021-02-13 06:00:00,-7.6,41.0,91.3,36.4,41.4,34.5,230.0
2021-02-13 07:00:00,-7.7,56.0,96.1,54.2,57.4,45.0,571.0
2021-02-13 08:00:00,-6.3,53.9,94.8,50.0,53.9,43.4,445.0
2021-02-13 09:00:00,-4.1,51.3,92.7,47.6,51.9,41.7,391.0
2021-02-13 10:00:00,-3.4,50.8,90.3,46.5,50.6,40.8,376.0
2021-02-13 11:00:00,-3.3,50.8,87.2,47.4,50.7,40.9,383.0
2021-02-13 12:00:00,-2.5,50.3,87.9,47.5,50.9,40.9,388.0
2021-02-13 13:00:00,-3.2,50.8,89.0,46.5,50.3,40.9,382.0
2021-02-13 14:00:00,-3.3,50.9,88.5,47.7,51.3,41.2,382.0
2021-02-13 15:00:00,-3.7,51.2,87.9,47.9,51.4,41.4,392.0
2021-02-13 16:00:00,-4.3,51.5,89.7,48.2,52.0,41.6,395.0
2021-02-13 17:00:00,-4.7,51.8,90.6,48.6,52.3,41.9,403.0
2021-02-13 18:00:00,-4.6,51.7,91.6,48.2,52.2,41.4,384.0
2021-02-13 19:00:00,-4.7,54.8,91.2,50.9,53.9,41.8,402.0
2021-02-13 20:00:00,-4.9,55.0,91.7,52.8,55.5,44.3,509.0
2021-02-13 21:00:00,-5.3,55.6,91.1,52.6,55.1,44.3,460.0
2021-02-13 22:00:00,-5.5,56.0,91.3,53.6,55.7,44.6,481.0
2021-02-13 23:00:00,-6.0,56.8,93.4,54.1,56.2,45.0,475.0
2021-02-14 00:00:00,-6.0,40.6,92.9,54.7,57.0,45.3,498.0
2021-02-14 01:00:00,-6.3,40.8,86.5,40.7,33.8,32.3,0.0
2021-02-14 02:00:00,-6.7,41.0,84.2,28.7,28.8,26.9,0.0
2021-02-14 03:00:00,-6.8,41.1,82.2,25.2,26.6,24.9,0.0
2021-02-14 04:00:00,-6.8,41.2,79.2,23.9,25.6,23.8,0.0
2021-02-14 05:00:00,-6.7,41.0,78.9,31.4,41.7,23.6,47.0
2021-02-14 06:00:00,-6.6,53.2,76.2,38.1,41.2,34.0,416.0
2021-02-14 07:00:00,-6.7,54.8,87.7,54.0,55.7,44.5,619.0
2021-02-14 08:00:00,-6.4,54.4,87.1,52.4,54.4,43.5,468.0
2021-02-14 09:00:00,-5.4,52.8,85.7,51.3,53.5,43.2,453.0
2021-02-14 10:00:00,-4.4,51.5,84.6,49.6,52.0,42.0,410.0
2021-02-14 11:00:00,-3.8,51.1,82.9,48.9,51.2,41.5,405.0
2021-02-14 12:00:00,-2.3,50.2,81.3,48.4,50.6,41.1,397.0
2021-02-14 13:00:00,-1.1,47.2,81.3,45.7,48.3,40.7,376.0
2021-02-14 14:00:00,-1.2,47.3,79.9,44.1,46.8,38.4,298.0
2021-02-14 15:00:00,-1.7,47.8,80.8,44.9,47.7,38.9,340.0
2021-02-14 16:00:00,-2.0,48.1,80.8,45.3,47.8,39.3,351.0
2021-02-14 17:00:00,-2.2,48.3,82.1,45.7,48.4,39.6,351.0
2021-02-14 18:00:00,-2.6,48.6,83.0,46.0,48.7,39.9,360.0
2021-02-14 19:00:00,-3.0,49.0,83.7,46.3,49.1,40.1,363.0
2021-02-14 20:00:00,-3.2,49.4,83.9,46.4,49.2,40.1,365.0
2021-02-14 21:00:00,-2.8,48.9,83.1,46.2,49.1,40.2,361.0
2021-02-14 22:00:00,-2.6,48.8,83.4,46.3,48.9,40.1,359.0
2021-02-14 23:00:00,-2.9,49.6,82.4,46.6,49.2,40.1,361.0
2021-02-15 00:00:00,-3.3,50.2,82.1,41.5,39.3,37.6,277.0
2021-02-15 01:00:00,-3.5,50.3,78.1,31.3,30.0,28.5,0.0
2021-02-15 02:00:00,-3.5,50.6,75.1,26.4,26.9,25.3,0.0
2021-02-15 03:00:00,-3.5,50.3,73.1,24.3,25.4,23.8,0.0
2021-02-15 04:00:00,-5.8,53.6,71.3,23.0,24.5,22.9,0.0
2021-02-15 05:00:00,-5.7,53.2,69.5,22.4,24.1,22.5,0.0
2021-02-15 06:00:00,-6.5,54.5,67.4,45.6,45.5,35.2,389.0
2021-02-15 07:00:00,-4.9,52.0,87.7,50.8,53.3,43.3,567.0
2021-02-15 08:00:00,-2.6,49.4,83.1,46.2,48.9,39.9,352.0
2021-02-15 09:00:00,-2.6,49.4,82.5,47.2,49.5,39.8,384.0
2021-02-15 10:00:00,-2.5,49.3,81.9,47.3,49.6,40.2,398.0
2021-02-15 11:00:00,-1.4,48.2,80.8,46.0,48.5,39.7,368.0
2021-02-15 12:00:00,0.9,45.5,74.3,46.2,38.0,36.5,259.0
2021-02-15 13:00:00,0.3,46.2,60.8,42.1,40.4,31.1,139.0
2021-02-15 14:00:00,0.8,48.3,82.1,44.9,47.8,39.7,457.0
2021-02-15 15:00:00,1.1,48.9,81.4,46.8,49.5,40.0,377.0
2021-02-15 16:00:00,1.1,48.8,81.0,45.9,48.5,39.7,363.0
2021-02-15 17:00:00,0.2,49.9,82.1,48.2,50.2,40.1,379.0
2021-02-15 18:00:00,-0.3,50.4,83.0,47.9,50.4,41.0,401.0
2021-02-15 19:00:00,-0.7,52.2,83.5,49.5,51.6,41.1,396.0
2021-02-15 20:00:00,-1.6,53.4,84.4,52.1,53.8,43.0,460.0
2021-02-15 21:00:00,-2.2,54.2,85.5,52.8,54.4,43.6,457.0
2021-02-15 22:00:00,-2.1,53.9,85.2,53.1,54.7,44.0,460.0
2021-02-15 23:00:00,-3.3,55.2,84.9,53.1,54.5,43.4,437.0
2021-02-16 00:00:00,-3.5,55.4,80.8,40.9,36.3,34.7,170.0
2021-02-16 01:00:00,-4.8,57.0,77.7,31.1,29.0,27.6,0.0
2021-02-16 02:00:00,-5.3,57.4,75.8,26.3,26.2,24.7,0.0
2021-02-16 03:00:00,-5.8,57.9,74.0,23.9,24.8,23.3,0.0
2021-02-16 04:00:00,-6.7,58.9,72.3,22.6,24.2,22.5,0.0
2021-02-16 05:00:00,-6.9,59.2,69.3,22.1,23.8,22.2,0.0
2021-02-16 06:00:00,-7.1,59.4,76.9,50.2,50.5,39.4,594.0
2021-02-16 07:00:00,-7.4,59.6,88.5,58.6,57.9,42.7,490.0
2021-02-16 08:00:00,-6.4,58.7,88.9,58.8,59.3,46.9,626.0
2021-02-16 09:00:00,-4.0,55.9,88.1,54.4,56.3,45.3,510.0
2021-02-16 10:00:00,-1.9,53.7,85.3,52.1,54.0,43.6,451.0
2021-02-16 11:00:00,0.0,53.2,84.2,51.5,53.3,42.8,440.0
2021-02-16 12:00:00,0.5,57.2,84.0,55.5,56.2,44.1,488.0
2021-02-16 13:00:00,1.0,56.5,81.4,54.7,55.4,44.4,488.0
2021-02-16 14:00:00,1.4,55.6,81.3,54.7,55.3,44.3,475.0
2021-02-16 15:00:00,1.6,55.6,80.9,54.4,55.1,44.1,462.0
2021-02-16 16:00:00,1.8,54.9,78.6,53.9,54.6,44.1,461.0
2021-02-16 17:00:00,1.1,56.2,80.1,53.8,54.6,43.5,435.0
2021-02-16 18:00:00,-0.3,58.4,83.3,55.7,56.3,44.9,492.0
2021-02-16 19:00:00,-0.8,57.9,89.1,57.6,58.7,46.1,521.0
2021-02-16 20:00:00,-1.1,58.0,89.3,57.0,58.4,46.4,518.0
2021-02-16 21:00:00,-1.7,58.3,88.7,57.0,58.3,46.5,516.0
2021-02-16 22:00:00,-2.0,58.5,90.7,57.8,59.0,46.7,518.0
2021-02-16 23:00:00,-2.5,58.8,90.8,57.6,58.9,47.0,520.0
2021-02-17 00:00:00,-3.0,59.0,91.3,57.9,59.3,47.2,525.0
2021-02-17 01:00:00,-2.6,58.8,87.4,40.4,36.7,35.0,106.0
2021-02-17 02:00:00,-2.6,58.7,84.0,30.9,30.2,28.5,0.0
2021-02-17 03:00:00,-2.4,58.7,81.4,27.0,27.7,25.9,0.0
2021-02-17 04:00:00,-2.3,58.7,78.8,24.9,26.5,24.7,0.0
2021-02-17 05:00:00,-2.6,58.8,61.7,36.8,37.0,26.3,51.0
2021-02-17 06:00:00,-3.3,59.2,82.8,51.9,52.8,41.0,552.0
2021-02-17 07:00:00,-3.1,59.1,86.4,56.4,57.2,44.7,528.0
2021-02-17 08:00:00,-2.1,58.6,89.3,58.3,59.0,46.4,554.0
2021-02-17 09:00:00,-0.2,57.7,91.5,56.5,58.2,46.4,527.0
2021-02-17 10:00:00,0.8,57.0,89.5,55.7,57.4,45.8,501.0
2021-02-17 11:00:00,2.1,56.4,86.8,54.6,56.1,45.1,475.0
2021-02-17 12:00:00,3.4,55.8,86.9,54.5,56.0,45.0,470.0
2021-02-17 13:00:00,4.9,55.0,84.4,53.6,55.0,44.6,450.0
2021-02-17 14:00:00,4.8,55.1,84.4,53.5,55.0,44.4,443.0
2021-02-17 15:00:00,5.1,52.7,84.1,50.9,53.2,43.9,420.0
2021-02-17 16:00:00,4.7,53.2,84.2,50.6,52.8,43.0,393.0
2021-02-17 17:00:00,4.1,50.9,84.9,47.6,50.4,41.6,359.0
2021-02-17 18:00:00,3.7,52.3,85.9,49.9,52.3,42.4,383.0
2021-02-17 19:00:00,4.2,51.8,85.7,49.4,52.0,42.7,403.0
2021-02-17 20:00:00,4.2,51.9,85.8,49.3,51.9,42.7,0.0
2021-02-17 21:00:00,4.2,51.9,85.8,49.3,51.9,42.7,0.0
2021-02-17 22:00:00,4.2,51.9,85.8,49.3,51.9,42.7,0.0
2021-02-17 23:00:00,4.2,51.9,85.8,49.3,51.9,42.7,0.0
2021-02-18 00:00:00,4.2,51.9,85.8,49.3,51.9,42.7,0.0
2021-02-18 01:00:00,4.2,51.9,85.8,49.3,51.9,42.7,0.0
2021-02-18 02:00:00,4.2,51.9,85.8,49.3,51.9,42.7,0.0
2021-02-18 03:00:00,4.2,51.9,85.8,49.3,51.9,42.7,0.0
2021-02-18 04:00:00,4.2,51.9,85.8,49.3,51.9,42.7,0.0
2021-02-18 05:00:00,4.2,51.9,85.8,49.3,51.9,42.7,0.0
2021-02-18 06:00:00,4.2,51.9,85.8,49.3,51.9,42.7,0.0
2021-02-18 07:00:00,4.2,51.9,85.8,49.3,51.9,42.7,0.0
2021-02-18 08:00:00,4.2,51.9,85.8,49.3,51.9,42.7,0.0
2021-02-18 09:00:00,4.2,51.9,85.8,49.3,51.9,42.7,0.0
2021-02-18 10:00:00,5.7,51.8,84.4,50.8,52.6,41.7,3150.0
2021-02-18 11:00:00,7.4,50.1,80.8,46.7,49.2,41.0,357.0
2021-02-18 12:00:00,9.0,47.7,81.1,45.6,48.1,40.3,337.0
2021-02-18 13:00:00,8.4,48.7,78.3,45.5,48.1,39.6,317.0
2021-02-18 14:00:00,8.2,49.0,78.3,46.3,48.5,40.2,341.0
2021-02-18 15:00:00,9.1,47.6,78.2,45.0,47.6,40.0,326.0
2021-02-18 16:00:00,8.6,48.4,78.5,47.0,49.1,40.3,330.0
2021-02-18 17:00:00,7.1,50.7,80.9,48.3,50.2,40.7,358.0
2021-02-18 18:00:00,6.2,52.1,82.0,50.0,51.9,42.3,398.0
2021-02-18 19:00:00,6.3,51.8,82.2,49.9,52.0,42.7,398.0
2021-02-18 20:00:00,6.1,48.0,83.2,44.0,47.3,39.8,301.0
2021-02-18 21:00:00,6.1,48.0,81.8,44.6,47.5,39.7,305.0
2021-02-18 22:00:00,5.4,48.5,82.7,45.1,48.1,40.0,313.0
2021-02-18 23:00:00,4.5,49.3,78.4,35.2,43.1,34.6,0.0
2021-02-19 00:00:00,3.0,50.2,72.8,33.4,55.7,33.7,0.0
2021-02-19 01:00:00,2.8,50.3,63.8,32.6,46.9,34.3,0.0
2021-02-19 02:00:00,2.0,50.8,60.6,31.8,48.3,33.6,0.0
2021-02-19 03:00:00,1.4,51.1,64.7,31.7,52.4,30.8,0.0
2021-02-19 04:00:00,0.5,51.5,60.4,30.2,50.8,29.4,0.0
2021-02-19 05:00:00,0.3,51.8,78.5,38.4,40.5,25.5,120.0
2021-02-19 06:00:00,0.2,51.9,76.2,48.7,50.6,42.5,568.0
2021-02-19 07:00:00,0.7,51.6,86.4,50.7,52.6,42.6,408.0
2021-02-19 08:00:00,2.4,50.5,88.9,47.8,50.8,41.9,381.0
2021-02-19 09:00:00,4.3,49.4,85.7,46.5,49.4,41.0,352.0
2021-02-19 10:00:00,6.6,47.5,82.6,45.4,48.3,40.2,328.0
2021-02-19 11:00:00,8.9,45.0,79.2,42.0,45.1,38.3,272.0
2021-02-19 12:00:00,9.5,44.4,73.4,41.2,44.0,37.2,247.0
2021-02-19 13:00:00,9.3,44.7,73.6,42.1,44.7,37.3,267.0
2021-02-19 14:00:00,9.4,44.7,73.1,42.5,44.9,37.8,277.0
2021-02-19 15:00:00,8.5,45.6,74.9,42.7,45.2,37.9,278.0
2021-02-19 16:00:00,7.7,46.4,76.1,43.4,45.9,38.4,288.0
2021-02-19 17:00:00,6.1,47.9,79.4,44.9,47.5,39.4,316.0
2021-02-19 18:00:00,4.8,49.1,82.5,46.6,49.4,40.4,349.0
2021-02-19 19:00:00,3.4,49.9,83.1,47.5,49.9,41.1,364.0
2021-02-19 20:00:00,2.6,50.4,85.3,48.1,50.8,41.6,369.0
2021-02-19 21:00:00,2.0,50.6,85.8,48.4,51.2,41.9,375.0
2021-02-19 22:00:00,2.2,50.6,85.9,46.7,44.0,41.9,361.0
2021-02-19 23:00:00,3.0,50.2,82.2,35.1,55.9,34.6,0.0
2021-02-20 00:00:00,2.8,50.3,73.5,33.9,54.8,34.9,0.0
2021-02-20 01:00:00,4.0,49.6,64.2,32.9,47.1,35.2,0.0
2021-02-20 02:00:00,3.9,49.6,61.5,32.3,48.1,34.6,0.0
2021-02-20 03:00:00,4.1,49.6,62.4,32.1,48.4,33.3,0.0
2021-02-20 04:00:00,4.1,49.6,64.0,32.1,50.5,31.8,0.0
2021-02-20 05:00:00,4.2,49.4,60.8,31.1,50.1,30.1,0.0
2021-02-20 06:00:00,3.8,49.7,59.6,29.5,48.8,27.9,0.0
2021-02-20 07:00:00,4.0,49.4,84.1,48.1,50.5,40.8,549.0
2021-02-20 08:00:00,3.7,49.7,83.7,46.8,49.4,40.6,362.0
2021-02-20 09:00:00,4.2,49.4,84.0,47.1,49.7,40.9,370.0
2021-02-20 10:00:00,4.3,49.4,83.1,46.8,49.4,40.7,357.0
2021-02-20 11:00:00,5.6,48.5,82.9,45.6,48.4,40.4,343.0
2021-02-20 12:00:00,5.9,47.9,81.2,45.6,48.2,39.5,318.0
2021-02-20 13:00:00,6.7,47.3,80.5,44.8,47.7,39.7,327.0
2021-02-20 14:00:00,6.8,47.3,79.6,44.2,46.9,39.1,304.0
2021-02-20 15:00:00,6.1,47.8,81.3,45.7,48.3,39.6,322.0
2021-02-20 16:00:00,6.3,47.7,80.6,44.8,47.5,39.7,320.0
2021-02-20 17:00:00,6.2,47.7,80.7,44.8,47.5,39.7,314.0
2021-02-20 18:00:00,6.1,47.9,82.4,45.1,48.1,39.8,319.0
2021-02-20 19:00:00,6.1,48.1,81.2,44.9,47.8,39.8,317.0
2021-02-20 20:00:00,5.0,49.0,82.3,46.1,48.8,40.1,324.0
2021-02-20 21:00:00,4.3,49.4,85.3,46.6,49.5,41.2,359.0
2021-02-20 22:00:00,3.4,49.9,81.1,41.4,38.4,36.9,218.0
2021-02-20 23:00:00,3.1,50.0,78.2,34.2,44.8,34.0,0.0
2021-02-21 00:00:00,2.2,50.6,72.6,32.1,55.4,32.2,0.0
2021-02-21 01:00:00,2.0,50.8,63.4,31.3,46.8,33.0,0.0
2021-02-21 02:00:00,1.7,50.9,61.9,30.3,49.1,31.6,0.0
2021-02-21 03:00:00,2.4,50.6,63.8,29.9,51.7,29.8,0.0
2021-02-21 04:00:00,2.7,50.3,60.2,29.2,50.3,28.7,0.0
2021-02-21 05:00:00,2.8,50.3,59.8,28.4,49.7,27.6,0.0
2021-02-21 06:00:00,2.4,50.6,66.8,35.7,39.6,24.7,103.0
2021-02-21 07:00:00,2.7,50.3,84.6,48.0,50.6,41.8,574.0
2021-02-21 08:00:00,4.25,49.3,83.65,46.9,49.6,41.1,358.0
2021-02-21 09:00:00,5.8,48.3,82.7,45.8,48.6,40.4,358.0
2021-02-21 10:00:00,6.9,47.1,79.6,44.3,47.1,39.2,314.0
2021-02-21 11:00:00,7.8,46.1,78.9,43.0,45.8,38.5,300.0
2021-02-21 12:00:00,8.5,45.6,77.6,43.5,46.1,38.3,299.0
2021-02-21 13:00:00,8.6,45.5,77.4,42.2,45.0,37.8,282.0
2021-02-21 14:00:00,8.9,45.0,73.5,42.9,45.4,37.8,285.0
2021-02-21 15:00:00,9.2,44.8,73.7,42.5,44.9,37.8,282.0
2021-02-21 16:00:00,9.5,44.5,71.6,42.3,44.5,37.5,271.0
2021-02-21 17:00:00,9.9,44.0,68.5,42.6,44.4,37.3,262.0
2021-02-21 18:00:00,8.5,45.5,74.5,43.6,45.9,38.3,295.0
2021-02-21 19:00:00,7.9,46.0,76.2,43.7,46.2,38.5,294.0
2021-02-21 20:00:00,7.3,46.7,76.2,44.1,46.4,38.8,300.0
2021-02-21 21:00:00,6.4,47.6,80.2,45.4,47.9,39.8,320.0
2021-02-21 22:00:00,5.8,48.2,80.1,43.9,41.4,39.8,299.0
2021-02-21 23:00:00,5.1,48.7,76.5,34.7,44.7,34.6,0.0
2021-02-22 00:00:00,4.8,49.2,71.2,33.2,55.0,33.3,0.0
2021-02-22 01:00:00,4.3,49.4,62.5,32.3,46.4,33.7,0.0
2021-02-22 02:00:00,3.7,49.8,60.0,31.5,48.0,32.9,0.0
2021-02-22 03:00:00,3.0,50.1,63.1,31.4,50.9,30.5,0.0
2021-02-22 04:00:00,2.8,50.2,59.7,30.2,50.3,28.9,0.0
2021-02-22 05:00:00,1.9,50.8,59.5,28.8,50.4,27.9,0.0
2021-02-22 06:00:00,0.6,48.1,31.5,30.0,30.4,23.0,0.0
2021-02-22 07:00:00,1.0,47.6,76.9,48.0,48.8,38.9,503.0
2021-02-22 08:00:00,3.6,44.5,89.0,41.1,44.9,38.5,313.0
2021-02-22 09:00:00,5.9,44.4,85.1,40.8,44.5,37.0,263.0
2021-02-22 10:00:00,7.5,43.6,80.5,40.6,43.8,37.0,276.0
2021-02-22 11:00:00,8.7,42.9,78.7,40.0,43.2,36.5,255.0
2021-02-22 12:00:00,10.2,42.1,76.6,39.6,42.5,36.3,247.0
2021-02-22 13:00:00,10.9,41.7,74.0,39.0,41.9,35.8,231.0
2021-02-22 14:00:00,11.9,45.2,70.7,33.4,38.4,30.6,68.0
2021-02-22 15:00:00,13.0,45.1,67.4,31.0,51.9,30.9,0.0
2021-02-22 16:00:00,12.8,45.1,60.2,30.7,45.7,31.5,0.0
2021-02-22 17:00:00,12.0,45.2,60.0,30.5,47.2,31.3,0.0
2021-02-22 18:00:00,9.7,45.4,63.1,27.7,31.9,23.1,0.0
2021-02-22 19:00:00,8.9,45.5,78.3,43.4,46.1,38.6,473.0
2021-02-22 20:00:00,8.1,45.6,77.9,42.9,45.7,38.1,292.0
2021-02-22 21:00:00,6.8,45.8,78.6,43.1,45.9,38.2,299.0
2021-02-22 22:00:00,6.3,45.8,75.9,35.3,33.4,31.8,101.0
2021-02-22 23:00:00,4.8,46.0,71.9,31.9,54.0,31.9,0.0
2021-02-23 00:00:00,4.6,46.4,63.1,31.1,45.7,32.5,0.0
2021-02-23 01:00:00,4.1,46.8,61.3,30.5,48.0,31.7,0.0
2021-02-23 02:00:00,3.8,47.0,62.4,30.2,48.7,31.1,0.0
2021-02-23 03:00:00,3.2,47.6,58.3,29.6,47.3,29.8,0.0
2021-02-23 04:00:00,2.5,48.2,58.4,28.8,48.3,27.5,0.0
2021-02-23 05:00:00,2.1,48.7,56.4,27.4,48.3,26.3,0.0
2021-02-23 06:00:00,1.6,49.0,61.2,44.0,44.3,36.2,373.0
2021-02-23 07:00:00,2.2,48.4,76.3,47.4,49.5,40.0,398.0
2021-02-23 08:00:00,3.9,47.0,85.1,44.0,47.3,39.4,343.0
2021-02-23 09:00:00,6.7,45.0,83.2,42.1,45.6,38.0,292.0
2021-02-23 10:00:00,8.3,44.2,79.2,41.0,44.1,37.2,269.0
2021-02-23 11:00:00,10.1,43.1,77.0,40.4,43.4,36.7,260.0
2021-02-23 12:00:00,11.9,42.2,54.6,37.7,36.8,35.6,171.0
2021-02-23 13:00:00,13.3,41.4,42.9,37.4,35.4,34.4,0.0
2021-02-23 14:00:00,14.1,41.0,48.7,33.4,32.7,30.0,0.0
2021-02-23 15:00:00,14.6,41.0,47.6,28.8,27.6,26.3,0.0
2021-02-23 16:00:00,14.7,41.0,44.8,27.5,26.6,25.5,0.0
2021-02-23 17:00:00,13.8,41.1,42.5,26.7,26.4,25.1,0.0
2021-02-23 18:00:00,11.7,42.2,44.1,38.0,33.3,24.1,48.0
2021-02-23 19:00:00,9.6,43.9,74.7,41.6,44.1,36.9,404.0
2021-02-23 20:00:00,8.1,44.6,76.8,42.1,44.8,37.3,283.0
2021-02-23 21:00:00,8.3,44.5,77.8,42.0,44.9,37.8,288.0
2021-02-23 22:00:00,7.4,44.9,76.4,41.2,39.2,37.6,260.0
2021-02-23 23:00:00,6.6,45.3,74.3,33.0,43.9,32.5,0.0
2021-02-24 00:00:00,5.5,45.6,68.0,31.7,50.6,32.2,0.0
2021-02-24 01:00:00,5.6,45.7,59.8,30.9,43.7,32.5,0.0
2021-02-24 02:00:00,4.8,46.2,57.5,30.2,45.6,31.9,0.0
2021-02-24 03:00:00,3.9,46.9,61.1,30.4,47.9,30.3,0.0
2021-02-24 04:00:00,3.3,47.5,57.4,29.4,47.1,28.9,0.0
2021-02-24 05:00:00,2.3,48.3,57.6,28.4,47.7,27.5,0.0
2021-02-24 06:00:00,2.6,48.3,32.8,32.7,33.6,22.4,0.0
2021-02-24 07:00:00,2.2,48.4,85.0,48.4,50.4,39.2,549.0
2021-02-24 08:00:00,4.8,46.1,83.8,43.4,46.8,39.0,334.0
2021-02-24 09:00:00,6.3,45.3,80.7,42.2,45.2,37.9,291.0
2021-02-24 10:00:00,8.8,44.3,78.7,41.4,44.6,37.4,275.0
2021-02-24 11:00:00,10.9,43.3,75.6,40.6,43.4,37.0,263.0
2021-02-24 12:00:00,11.6,43.0,73.5,40.0,42.8,36.2,239.0
2021-02-24 13:00:00,12.4,42.6,71.9,40.0,42.6,36.3,243.0
2021-02-24 14:00:00,12.9,45.1,71.9,43.5,45.4,37.5,280.0
2021-02-24 15:00:00,13.4,45.0,69.8,37.4,35.0,33.5,149.0
2021-02-24 16:00:00,12.8,45.1,67.0,32.3,44.0,32.1,0.0
2021-02-24 17:00:00,12.3,45.2,62.4,31.4,48.6,31.4,0.0
2021-02-24 18:00:00,11.3,45.3,56.3,30.8,43.2,31.8,0.0
2021-02-24 19:00:00,10.5,46.9,75.8,44.2,46.5,38.5,440.0
2021-02-24 20:00:00,9.8,47.3,77.1,44.8,47.3,39.0,321.0
2021-02-24 21:00:00,8.6,48.0,78.2,45.5,47.9,39.7,328.0
2021-02-24 22:00:00,7.2,48.7,78.0,43.6,40.5,39.4,292.0
2021-02-24 23:00:00,6.5,49.2,71.7,36.4,39.6,34.7,0.0
2021-02-25 00:00:00,5.7,49.6,71.4,31.7,46.7,30.5,0.0
2021-02-25 01:00:00,5.5,49.6,65.9,29.3,52.2,29.8,0.0
2021-02-25 02:00:00,4.7,50.1,63.6,28.8,50.5,30.0,0.0
2021-02-25 03:00:00,3.8,50.5,60.7,28.5,50.9,28.9,0.0
2021-02-25 04:00:00,3.1,50.9,59.2,28.2,50.2,28.7,0.0
2021-02-25 05:00:00,2.5,51.1,58.3,28.1,50.5,27.4,0.0
2021-02-25 06:00:00,2.9,51.1,43.2,31.8,32.4,27.2,134.0
2021-02-25 07:00:00,3.2,50.8,65.4,46.8,47.9,39.3,461.0
2021-02-25 08:00:00,5.0,50.1,84.2,47.9,50.5,41.8,429.0
2021-02-25 09:00:00,7.4,48.6,81.1,46.2,48.7,40.3,345.0
2021-02-25 10:00:00,9.0,47.8,78.3,43.8,40.5,39.3,302.0
2021-02-25 11:00:00,10.8,46.7,52.3,39.8,39.6,33.7,197.0
2021-02-25 12:00:00,12.1,46.0,69.0,32.8,36.2,32.2,0.0
2021-02-25 13:00:00,13.1,45.5,64.6,31.4,48.9,31.2,0.0
2021-02-25 14:00:00,13.8,45.1,59.1,30.6,46.5,30.7,0.0
2021-02-25 15:00:00,14.2,45.0,55.5,30.1,45.3,30.8,0.0
2021-02-25 16:00:00,14.7,45.0,53.3,29.5,45.1,29.6,0.0
2021-02-25 17:00:00,14.2,45.0,51.2,29.3,44.0,29.2,0.0
2021-02-25 18:00:00,13.5,45.2,49.7,29.2,43.3,28.5,0.0
2021-02-25 19:00:00,11.6,46.3,74.9,46.6,47.6,36.8,400.0
2021-02-25 20:00:00,10.1,47.2,74.1,44.6,46.7,38.8,337.0
2021-02-25 21:00:00,8.2,48.2,76.7,45.8,47.8,39.3,331.0
2021-02-25 22:00:00,7.5,48.6,77.7,46.7,48.6,40.2,350.0
2021-02-25 23:00:00,7.8,48.3,73.3,35.5,37.7,34.7,0.0
2021-02-26 00:00:00,6.8,49.0,70.7,32.9,40.2,31.6,0.0
2021-02-26 01:00:00,5.8,49.4,67.5,28.9,54.4,29.0,0.0
2021-02-26 02:00:00,4.9,50.0,60.2,28.3,47.0,29.4,0.0
2021-02-26 03:00:00,5.1,50.0,62.0,28.0,51.0,28.4,0.0
2021-02-26 04:00:00,4.3,50.3,58.4,27.5,50.1,27.8,0.0
2021-02-26 05:00:00,3.3,47.5,65.8,37.9,38.8,27.4,144.0
2021-02-26 06:00:00,3.6,48.2,69.1,45.9,46.8,39.3,441.0
2021-02-26 07:00:00,3.9,47.8,78.9,44.9,47.7,40.3,362.0
2021-02-26 08:00:00,6.2,46.7,82.6,43.9,47.0,39.1,313.0
2021-02-26 09:00:00,8.6,46.2,80.4,43.3,46.3,38.6,302.0
2021-02-26 10:00:00,10.2,45.8,77.9,42.8,45.4,38.3,290.0
2021-02-26 11:00:00,12.3,45.4,74.7,42.8,45.3,37.9,278.0
2021-02-26 12:00:00,13.9,45.0,71.3,39.2,35.4,33.9,163.0
2021-02-26 13:00:00,14.9,45.0,68.6,32.4,41.9,32.3,0.0
2021-02-26 14:00:00,15.6,45.0,63.9,31.5,49.0,31.6,0.0
2021-02-26 15:00:00,16.3,45.0,57.3,31.1,43.0,32.0,0.0
2021-02-26 16:00:00,16.1,45.0,55.7,30.6,45.3,31.3,0.0
2021-02-26 17:00:00,15.5,45.0,55.7,30.3,45.2,31.2,0.0
2021-02-26 18:00:00,13.1,45.1,54.9,30.4,45.6,29.9,0.0
2021-02-26 19:00:00,11.6,45.5,73.8,43.2,43.7,31.2,223.0
2021-02-26 20:00:00,11.2,43.5,72.9,39.7,42.8,36.6,318.0
2021-02-26 21:00:00,10.2,44.6,74.9,42.2,44.8,37.1,266.0
2021-02-26 22:00:00,9.0,45.2,75.9,42.2,39.5,38.0,279.0
2021-02-26 23:00:00,7.5,45.8,71.8,35.0,38.1,34.4,0.0
2021-02-27 00:00:00,7.0,46.0,70.0,31.6,54.7,30.5,0.0
2021-02-27 01:00:00,7.2,46.0,62.2,30.4,46.8,31.0,0.0
2021-02-27 02:00:00,6.2,46.4,61.6,29.7,48.6,30.5,0.0
2021-02-27 03:00:00,4.4,47.4,58.5,29.0,47.0,30.2,0.0
2021-02-27 04:00:00,3.9,47.9,58.7,28.7,48.6,27.9,0.0
2021-02-27 05:00:00,3.4,48.2,54.7,27.9,47.0,27.7,0.0
2021-02-27 06:00:00,3.1,49.3,84.4,45.8,46.2,31.5,263.0
2021-02-27 07:00:00,3.9,48.7,84.0,46.2,49.1,40.5,453.0
2021-02-27 08:00:00,6.2,47.4,82.7,44.9,47.8,39.7,341.0
2021-02-27 09:00:00,8.5,47.1,79.0,43.8,46.5,38.9,301.0
2021-02-27 10:00:00,10.4,46.0,78.0,44.0,46.6,39.1,319.0
2021-02-27 11:00:00,12.2,45.0,75.1,42.5,44.9,38.1,273.0
2021-02-27 12:00:00,13.6,44.2,70.8,40.8,38.6,37.2,243.0
2021-02-27 13:00:00,14.4,45.0,72.2,43.5,45.4,37.8,250.0
2021-02-27 14:00:00,13.9,45.1,70.1,39.9,38.2,36.8,231.0
2021-02-27 15:00:00,12.3,45.9,66.7,32.9,37.4,32.6,0.0
2021-02-27 16:00:00,11.2,46.5,64.2,31.7,50.5,31.6,0.0
2021-02-27 17:00:00,10.4,45.8,74.5,42.1,42.8,29.0,134.0
2021-02-27 18:00:00,10.3,45.8,75.0,46.1,47.5,38.1,392.0
2021-02-27 19:00:00,9.8,46.2,74.2,43.3,45.8,38.5,295.0
2021-02-27 20:00:00,8.5,47.2,80.8,45.3,47.8,39.2,316.0
2021-02-27 21:00:00,7.9,47.7,83.4,45.0,48.1,39.9,326.0
2021-02-27 22:00:00,7.4,48.2,78.0,44.4,41.6,39.8,309.0
2021-02-27 23:00:00,7.1,48.5,74.3,35.0,40.6,34.6,0.0
2021-02-28 00:00:00,6.8,48.5,70.3,33.2,54.0,33.1,0.0
2021-02-28 01:00:00,6.1,49.1,61.8,32.3,45.8,33.7,0.0
2021-02-28 02:00:00,5.4,49.6,59.4,31.4,48.2,32.7,0.0
2021-02-28 03:00:00,5.1,49.8,61.0,31.2,49.3,30.8,0.0
2021-02-28 04:00:00,4.7,50.1,59.5,29.9,49.9,29.0,0.0
2021-02-28 05:00:00,4.0,50.4,57.4,28.7,49.5,28.1,0.0
2021-02-28 06:00:00,3.8,48.8,89.2,43.6,44.0,26.6,142.0
2021-02-28 07:00:00,3.8,48.8,83.6,45.9,48.7,40.6,498.0
2021-02-28 08:00:00,5.5,47.7,81.4,44.7,47.5,39.6,325.0
2021-02-28 09:00:00,6.6,47.2,80.0,44.3,47.0,39.1,318.0
2021-02-28 10:00:00,7.2,46.7,79.5,43.9,46.6,38.9,309.0
2021-02-28 11:00:00,8.1,46.3,78.4,43.5,46.2,38.6,300.0
2021-02-28 12:00:00,8.8,45.8,77.0,43.2,45.8,38.3,292.0
2021-02-28 13:00:00,9.4,45.5,73.6,41.8,38.8,37.7,256.0
2021-02-28 14:00:00,9.7,45.4,70.5,33.1,39.6,32.6,0.0
2021-02-28 15:00:00,9.8,45.2,66.5,31.8,50.7,31.9,0.0
2021-02-28 16:00:00,9.9,45.3,58.7,31.0,42.9,32.4,0.0
2021-02-28 17:00:00,9.0,45.7,56.2,30.4,44.9,31.7,0.0
2021-02-28 18:00:00,8.3,46.1,78.7,44.2,45.1,31.5,224.0
2021-02-28 19:00:00,8.0,47.3,77.4,44.5,47.0,38.7,385.0
2021-02-28 20:00:00,7.4,47.6,78.9,45.3,47.8,39.5,332.0
2021-02-28 21:00:00,7.1,49.0,80.0,46.7,48.9,39.8,338.0
2021-02-28 22:00:00,5.7,49.7,80.3,46.1,42.5,41.0,346.0
2021-02-28 23:00:00,4.5,50.2,76.4,35.0,40.8,34.6,0.0
2021-03-01 00:00:00,3.4,50.9,72.9,32.9,57.1,32.3,0.0
2021-03-01 01:00:00,4.1,50.4,63.9,31.8,48.0,33.2,0.0
2021-03-01 02:00:00,2.3,51.3,62.6,30.9,51.4,32.0,0.0
2021-03-01 03:00:00,2.0,51.4,62.5,30.3,50.9,30.6,0.0
2021-03-01 04:00:00,0.9,52.0,62.0,29.3,52.7,27.9,0.0
2021-03-01 05:00:00,0.5,52.1,59.5,33.1,50.8,25.4,0.0
2021-03-01 06:00:00,0.3,52.3,70.2,42.9,43.8,32.7,282.0
2021-03-01 07:00:00,0.4,52.3,85.7,51.2,53.2,42.9,525.0
2021-03-01 08:00:00,2.8,51.1,87.2,48.7,51.5,42.1,400.0
2021-03-01 09:00:00,5.1,48.9,85.3,46.1,49.0,40.7,351.0
2021-03-01 10:00:00,6.7,48.1,82.9,45.0,47.9,39.8,329.0
2021-03-01 11:00:00,8.1,47.3,79.2,45.4,47.8,39.6,323.0
2021-03-01 12:00:00,9.0,46.7,77.1,43.9,46.5,39.0,305.0
2021-03-01 13:00:00,9.0,46.7,75.3,44.2,46.5,38.8,301.0
2021-03-01 14:00:00,9.1,46.7,75.4,44.3,46.5,38.9,303.0
2021-03-01 15:00:00,9.5,46.5,74.8,44.3,46.6,39.0,302.0
2021-03-01 16:00:00,9.5,46.5,74.9,44.2,46.6,38.9,296.0
2021-03-01 17:00:00,8.7,46.9,72.4,44.5,46.5,38.7,290.0
2021-03-01 18:00:00,7.7,47.5,78.1,45.5,47.8,39.9,330.0
2021-03-01 19:00:00,7.1,47.8,79.2,45.1,47.7,40.0,321.0
2021-03-01 20:00:00,6.3,48.2,79.0,45.8,48.3,39.9,314.0
2021-03-01 21:00:00,6.1,48.3,79.9,46.4,48.7,40.4,337.0
2021-03-01 22:00:00,5.2,48.8,79.3,45.4,42.2,40.6,318.0
2021-03-01 23:00:00,3.5,49.9,75.7,35.1,41.3,34.7,0.0
2021-03-02 00:00:00,2.9,50.2,72.5,33.0,57.0,32.2,0.0
2021-03-02 01:00:00,2.8,50.3,63.6,31.9,48.2,33.1,0.0
2021-03-02 02:00:00,2.4,50.6,62.8,31.0,50.8,31.6,0.0
2021-03-02 03:00:00,1.5,51.1,62.9,30.5,50.7,30.4,0.0
2021-03-02 04:00:00,1.1,51.3,60.7,29.3,51.7,28.3,0.0
2021-03-02 05:00:00,0.5,50.0,69.9,49.6,42.3,24.3,95.0
2021-03-02 06:00:00,0.3,50.0,76.5,47.4,49.5,41.1,534.0
2021-03-02 07:00:00,0.0,50.5,86.4,49.9,51.8,41.5,394.0
2021-03-02 08:00:00,2.7,47.9,86.7,45.3,48.7,40.3,350.0
2021-03-02 09:00:00,4.7,46.2,84.6,43.4,46.6,39.0,312.0
2021-03-02 10:00:00,6.5,44.9,82.9,41.9,45.4,38.0,278.0
2021-03-02 11:00:00,7.7,44.1,79.7,41.1,44.2,37.4,268.0
2021-03-02 12:00:00,9.4,43.0,77.6,40.1,43.1,36.8,249.0
2021-03-02 13:00:00,9.8,42.7,74.7,39.1,42.1,35.9,228.0
2021-03-02 14:00:00,10.1,42.5,73.6,39.7,42.4,36.2,239.0
2021-03-02 15:00:00,10.4,42.2,73.1,39.6,42.4,36.1,233.0
2021-03-02 16:00:00,10.4,42.4,72.0,39.5,42.3,36.0,233.0
2021-03-02 17:00:00,9.8,42.9,71.3,39.5,42.0,35.9,225.0
2021-03-02 18:00:00,8.9,43.4,75.2,41.1,43.9,36.8,254.0
2021-03-02 19:00:00,7.8,44.2,77.5,41.2,44.3,37.3,266.0
2021-03-02 20:00:00,7.3,44.4,77.0,41.2,44.3,37.3,262.0
2021-03-02 21:00:00,7.0,44.6,77.5,41.5,44.5,37.6,266.0
2021-03-02 22:00:00,6.8,44.8,76.3,40.9,38.5,37.2,233.0
2021-03-02 23:00:00,6.0,45.3,73.2,32.7,43.4,32.3,0.0
2021-03-03 00:00:00,5.8,45.4,67.0,31.6,49.7,32.2,0.0
2021-03-03 01:00:00,4.0,46.8,59.9,31.0,46.9,32.5,0.0
2021-03-03 02:00:00,3.3,47.5,56.9,30.4,45.1,32.0,0.0
2021-03-03 03:00:00,2.2,48.5,60.2,30.3,48.9,30.0,0.0
2021-03-03 04:00:00,1.3,49.3,58.3,29.4,49.1,28.4,0.0
2021-03-03 05:00:00,0.6,49.9,56.7,28.2,48.6,27.4,0.0
2021-03-03 06:00:00,0.1,50.4,34.2,32.4,34.0,22.1,0.0
2021-03-03 07:00:00,1.4,49.2,78.1,48.6,50.0,39.5,538.0
2021-03-03 08:00:00,3.3,47.5,85.5,44.4,47.6,39.6,350.0
2021-03-03 09:00:00,5.7,45.4,84.2,42.3,45.8,38.3,298.0
2021-03-03 10:00:00,7.4,44.4,81.4,41.5,44.6,37.7,281.0
2021-03-03 11:00:00,9.5,43.0,78.7,40.2,43.3,36.9,255.0
2021-03-03 12:00:00,10.3,42.5,74.9,39.2,42.3,36.1,237.0
2021-03-03 13:00:00,11.2,41.8,54.0,35.9,40.4,35.4,80.0
2021-03-03 14:00:00,11.5,41.6,63.5,32.7,39.9,31.0,0.0
2021-03-03 15:00:00,12.0,41.2,65.1,27.7,46.9,27.9,0.0
2021-03-03 16:00:00,12.3,41.1,59.1,27.1,43.5,28.0,0.0
2021-03-03 17:00:00,11.7,41.5,55.0,27.3,42.0,28.5,0.0
2021-03-03 18:00:00,9.4,43.0,60.0,30.1,28.4,25.0,0.0
2021-03-03 19:00:00,8.8,47.8,77.8,47.0,48.6,39.5,509.0
2021-03-03 20:00:00,7.6,48.6,78.2,46.5,48.6,40.1,350.0
2021-03-03 21:00:00,6.1,49.3,79.0,47.1,49.1,40.5,353.0
2021-03-03 22:00:00,5.7,49.6,78.4,42.5,40.3,38.8,275.0
2021-03-03 23:00:00,5.0,49.8,74.9,34.5,42.0,34.3,0.0
2021-03-04 00:00:00,3.6,50.7,70.6,32.7,55.1,32.7,0.0
2021-03-04 01:00:00,2.3,51.3,64.3,31.6,51.5,33.4,0.0
2021-03-04 02:00:00,1.6,51.7,60.9,30.7,50.8,32.0,0.0
2021-03-04 03:00:00,1.1,51.9,61.0,30.4,50.4,30.6,0.0
2021-03-04 04:00:00,0.6,52.2,61.4,29.5,52.6,27.7,0.0
2021-03-04 05:00:00,0.1,52.4,59.0,27.2,52.2,26.5,0.0
2021-03-04 06:00:00,-0.1,52.6,87.8,47.9,48.6,31.8,277.0
2021-03-04 07:00:00,1.2,51.9,86.9,51.4,53.3,42.1,505.0
2021-03-04 08:00:00,4.8,50.1,84.7,48.0,50.4,41.3,380.0
2021-03-04 09:00:00,7.8,48.3,82.0,45.8,48.5,40.4,344.0
2021-03-04 10:00:00,9.3,47.6,79.3,44.8,47.4,39.5,314.0
2021-03-04 11:00:00,10.9,46.7,74.3,38.3,40.2,33.8,133.0
2021-03-04 12:00:00,13.1,45.5,72.3,33.8,40.4,33.1,0.0
2021-03-04 13:00:00,14.2,45.0,69.5,29.4,49.9,29.0,0.0
2021-03-04 14:00:00,14.9,45.0,62.6,28.3,45.8,29.4,0.0
2021-03-04 15:00:00,15.3,45.0,62.2,28.2,45.9,29.1,0.0
2021-03-04 16:00:00,15.7,45.0,56.7,27.9,43.4,29.0,0.0
2021-03-04 17:00:00,15.2,45.0,57.0,27.9,45.4,28.4,0.0
2021-03-04 18:00:00,11.8,46.2,56.6,28.1,45.8,28.6,0.0
2021-03-04 19:00:00,10.4,46.9,75.5,47.4,48.3,37.7,425.0
2021-03-04 20:00:00,8.4,48.1,76.7,45.6,47.7,39.4,348.0
2021-03-04 21:00:00,7.4,48.6,78.1,46.3,48.4,40.0,345.0
2021-03-04 22:00:00,7.2,48.7,78.7,45.2,41.7,40.3,324.0
2021-03-04 23:00:00,6.3,49.3,75.3,34.8,40.9,34.5,0.0
2021-03-05 00:00:00,5.4,49.8,71.9,32.9,55.5,32.5,0.0
2021-03-05 01:00:00,4.5,50.3,63.1,31.9,47.7,33.3,0.0
2021-03-05 02:00:00,3.5,50.7,62.9,31.0,50.9,31.7,0.0
2021-03-05 03:00:00,2.9,51.1,61.0,30.4,50.4,30.7,0.0
2021-03-05 04:00:00,2.4,51.3,61.1,29.7,51.8,28.7,0.0
2021-03-05 05:00:00,1.7,51.6,58.7,28.5,51.1,27.7,0.0
2021-03-05 06:00:00,2.2,49.2,45.5,42.1,42.2,22.6,0.0
2021-03-05 07:00:00,2.6,48.9,77.8,48.9,49.7,38.0,489.0
2021-03-05 08:00:00,6.0,46.4,83.8,43.3,46.5,38.9,353.0
2021-03-05 09:00:00,9.0,45.2,80.7,42.1,45.3,38.0,287.0
2021-03-05 10:00:00,10.7,44.4,78.2,41.4,44.4,37.4,272.0
2021-03-05 11:00:00,12.7,43.6,72.6,35.7,33.4,31.9,113.0
2021-03-05 12:00:00,14.0,43.0,69.2,32.0,51.3,31.9,0.0
2021-03-05 13:00:00,14.4,43.0,61.2,31.3,43.4,32.5,0.0
2021-03-05 14:00:00,14.6,43.0,59.5,30.9,46.2,32.2,0.0
2021-03-05 15:00:00,14.8,43.0,52.4,30.2,41.3,32.1,0.0
2021-03-05 16:00:00,14.9,43.0,54.7,30.3,43.4,31.5,0.0
2021-03-05 17:00:00,13.9,43.0,51.4,30.0,42.2,31.4,0.0
2021-03-05 18:00:00,11.4,44.1,62.1,35.7,34.9,22.8,48.0
2021-03-05 19:00:00,9.9,44.8,75.1,42.7,45.2,38.1,445.0
2021-03-05 20:00:00,9.4,45.0,76.1,42.2,44.8,37.4,277.0
2021-03-05 21:00:00,9.8,44.8,76.3,42.7,45.2,37.9,291.0
2021-03-05 22:00:00,9.9,44.7,72.7,37.8,35.8,34.2,173.0
2021-03-05 23:00:00,9.6,45.0,69.9,32.2,53.6,32.3,0.0
2021-03-06 00:00:00,9.2,45.0,62.6,31.5,47.1,32.5,0.0
2021-03-06 01:00:00,8.5,45.3,60.2,31.0,47.3,32.6,0.0
2021-03-06 02:00:00,8.1,45.6,53.7,30.3,43.3,32.1,0.0
2021-03-06 03:00:00,6.0,46.5,58.1,30.7,47.3,30.5,0.0
2021-03-06 04:00:00,4.5,47.3,55.7,29.6,47.4,28.5,0.0
2021-03-06 05:00:00,3.3,48.4,55.3,28.6,47.7,26.9,0.0
2021-03-06 06:00:00,2.8,48.8,58.3,32.7,32.7,21.7,0.0
2021-03-06 07:00:00,2.3,49.1,86.1,47.8,50.1,40.2,548.0
2021-03-06 08:00:00,2.7,48.7,83.8,45.4,48.5,39.8,351.0
2021-03-06 09:00:00,3.2,48.2,84.1,45.3,48.3,39.7,344.0
2021-03-06 10:00:00,5.0,47.0,81.4,44.1,47.0,39.5,331.0
2021-03-06 11:00:00,5.5,46.7,79.9,44.0,46.8,38.6,305.0
2021-03-06 12:00:00,5.7,46.6,79.3,44.1,46.9,38.8,315.0
2021-03-06 13:00:00,6.0,46.5,80.2,44.3,47.1,38.9,315.0
2021-03-06 14:00:00,5.7,46.6,78.5,44.1,46.7,38.9,312.0
2021-03-06 15:00:00,5.6,46.7,79.0,44.1,46.8,38.9,311.0
2021-03-06 16:00:00,5.5,46.7,79.6,44.3,47.0,39.1,313.0
2021-03-06 17:00:00,4.9,47.0,75.0,44.1,46.4,38.9,304.0
2021-03-06 18:00:00,3.8,47.9,82.4,45.2,47.9,39.8,336.0
2021-03-06 19:00:00,2.6,48.8,84.3,45.7,48.6,40.1,339.0
2021-03-06 20:00:00,1.9,49.4,85.7,46.1,49.1,40.4,344.0
2021-03-06 21:00:00,1.2,50.0,86.6,46.5,49.6,40.7,354.0
2021-03-06 22:00:00,0.6,50.6,86.2,47.0,43.2,41.5,360.0
2021-03-06 23:00:00,0.0,51.0,82.2,35.0,44.7,34.6,0.0
2021-03-07 00:00:00,-0.7,51.6,75.4,33.1,56.3,34.2,0.0
2021-03-07 01:00:00,-1.6,52.2,69.7,32.1,54.0,34.5,0.0
2021-03-07 02:00:00,-1.4,52.2,66.2,31.2,52.4,33.7,0.0
2021-03-07 03:00:00,-2.4,53.0,66.4,31.1,53.3,30.3,0.0
2021-03-07 04:00:00,-3.1,53.5,63.8,29.4,53.3,28.3,0.0
2021-03-07 05:00:00,-3.5,53.8,83.0,50.0,51.5,39.6,510.0
2021-03-07 06:00:00,-3.8,54.0,92.0,54.3,55.7,43.3,500.0
2021-03-07 07:00:00,-2.9,53.3,91.8,51.0,53.9,43.6,455.0
2021-03-07 08:00:00,0.0,51.1,89.7,48.3,51.2,42.2,397.0
2021-03-07 09:00:00,1.6,49.6,89.1,46.9,50.4,41.4,369.0
2021-03-07 10:00:00,3.1,48.5,85.7,45.7,48.7,40.3,343.0
2021-03-07 11:00:00,4.6,47.4,83.3,44.4,47.4,39.4,322.0
2021-03-07 12:00:00,5.3,46.8,80.5,43.5,46.3,38.8,308.0
2021-03-07 13:00:00,5.6,46.6,79.9,44.1,46.9,38.8,312.0
2021-03-07 14:00:00,6.6,46.2,77.8,43.7,46.3,38.6,307.0
2021-03-07 15:00:00,7.1,46.0,77.1,43.7,46.2,38.5,302.0
2021-03-07 16:00:00,7.1,46.1,71.1,43.3,45.4,38.1,289.0
2021-03-07 17:00:00,6.5,46.3,71.3,43.9,45.7,38.2,298.0
2021-03-07 18:00:00,4.9,47.0,62.4,43.3,44.5,38.7,308.0
2021-03-07 19:00:00,3.9,47.8,83.1,46.0,48.8,40.3,353.0
2021-03-07 20:00:00,3.1,50.9,84.0,48.8,51.2,41.3,370.0
2021-03-07 21:00:00,2.6,51.1,83.9,48.8,51.2,42.1,390.0
2021-03-07 22:00:00,2.3,51.3,85.0,49.0,51.6,42.1,382.0
2021-03-07 23:00:00,2.4,51.3,80.2,35.8,40.6,34.7,0.0
2021-03-08 00:00:00,2.5,51.3,76.9,33.3,59.6,32.9,0.0
2021-03-08 01:00:00,1.5,51.8,67.2,32.3,50.0,33.9,0.0
2021-03-08 02:00:00,0.1,52.4,64.9,31.4,52.2,32.8,0.0
2021-03-08 03:00:00,0.6,52.2,64.1,30.9,51.8,31.9,0.0
2021-03-08 04:00:00,0.0,52.4,63.9,30.5,52.7,29.6,0.0
2021-03-08 05:00:00,-1.2,53.1,64.3,30.9,53.4,25.1,0.0
2021-03-08 06:00:00,-1.0,53.1,78.4,42.2,43.1,28.4,191.0
2021-03-08 07:00:00,0.0,52.5,81.9,53.1,53.2,41.3,517.0
2021-03-08 08:00:00,3.6,50.7,86.1,48.5,51.3,42.1,426.0
2021-03-08 09:00:00,5.8,49.3,84.0,46.6,49.3,40.7,360.0
2021-03-08 10:00:00,7.2,48.2,80.8,45.7,48.1,40.1,339.0
2021-03-08 11:00:00,8.7,47.1,78.6,44.9,47.2,39.4,322.0
2021-03-08 12:00:00,10.5,45.7,75.2,43.2,45.7,38.6,294.0
2021-03-08 13:00:00,10.5,45.5,74.1,43.2,45.3,37.9,278.0
2021-03-08 14:00:00,11.2,45.3,73.2,43.3,45.5,38.1,291.0
2021-03-08 15:00:00,11.1,45.2,72.4,43.2,45.2,38.1,284.0
2021-03-08 16:00:00,10.8,45.4,69.9,42.9,44.8,37.8,273.0
2021-03-08 17:00:00,10.4,45.8,70.9,43.5,45.4,38.1,284.0
2021-03-08 18:00:00,9.2,46.8,74.6,44.7,46.8,38.7,299.0
2021-03-08 19:00:00,8.1,47.5,77.4,45.5,47.8,39.7,330.0
2021-03-08 20:00:00,6.5,48.8,78.4,46.4,48.6,39.9,325.0
2021-03-08 21:00:00,5.6,49.4,79.9,47.4,49.7,40.9,356.0
2021-03-08 22:00:00,4.5,50.2,79.7,46.5,42.5,41.2,342.0
2021-03-08 23:00:00,4.1,50.4,76.1,35.4,40.1,34.8,0.0
2021-03-09 00:00:00,3.1,50.9,73.1,33.1,50.2,32.3,0.0
2021-03-09 01:00:00,2.6,51.3,68.0,30.2,54.3,30.6,0.0
2021-03-09 02:00:00,2.3,51.3,64.1,29.6,51.5,31.1,0.0
2021-03-09 03:00:00,2.1,51.4,62.1,29.0,51.7,29.3,0.0
2021-03-09 04:00:00,1.5,51.8,60.2,28.5,50.9,28.8,0.0
2021-03-09 05:00:00,1.5,51.7,65.1,41.3,42.0,31.5,215.0
2021-03-09 06:00:00,2.1,51.4,67.9,49.0,49.7,41.4,496.0
2021-03-09 07:00:00,2.4,51.4,84.9,49.7,52.1,42.6,424.0
2021-03-09 08:00:00,2.9,51.0,85.3,48.7,51.1,41.8,386.0
2021-03-09 09:00:00,5.1,50.0,83.9,48.3,50.5,41.4,382.0
2021-03-09 10:00:00,7.3,47.2,79.2,45.0,47.6,40.1,329.0
2021-03-09 11:00:00,8.4,46.2,78.7,43.6,46.4,38.9,289.0
2021-03-09 12:00:00,9.5,44.8,77.0,42.6,45.3,38.4,284.0
2021-03-09 13:00:00,9.9,44.4,74.0,41.4,44.0,37.4,253.0
2021-03-09 14:00:00,10.3,45.8,73.5,43.6,45.7,38.2,284.0
2021-03-09 15:00:00,10.0,46.1,75.5,44.5,46.6,38.9,303.0
2021-03-09 16:00:00,9.8,46.3,74.1,43.4,45.7,38.6,286.0
2021-03-09 17:00:00,8.2,47.4,77.0,44.9,47.4,39.1,305.0
2021-03-09 18:00:00,7.1,48.3,77.8,45.8,48.0,39.9,323.0
2021-03-09 19:00:00,6.6,48.7,79.7,46.4,48.8,40.4,334.0
2021-03-09 20:00:00,5.1,50.8,80.0,47.8,50.2,41.2,353.0
2021-03-09 21:00:00,5.1,51.0,80.8,49.8,51.5,41.8,371.0
2021-03-09 22:00:00,4.8,51.0,81.2,48.1,44.5,42.4,374.0
2021-03-09 23:00:00,4.3,51.2,75.5,36.7,38.3,34.8,0.0
2021-03-10 00:00:00,4.3,51.2,73.2,33.9,36.7,32.3,0.0
2021-03-10 01:00:00,4.0,51.4,70.9,28.2,32.3,28.0,0.0
2021-03-10 02:00:00,4.0,51.4,69.5,26.6,41.7,27.1,0.0
2021-03-10 03:00:00,3.8,51.4,66.6,26.6,55.2,26.7,0.0
2021-03-10 04:00:00,3.7,51.5,58.7,26.5,48.6,27.3,0.0
2021-03-10 05:00:00,2.8,51.8,55.5,27.3,51.5,26.2,0.0
2021-03-10 06:00:00,2.6,51.9,75.5,44.4,43.9,31.1,227.0
2021-03-10 07:00:00,1.7,52.3,84.5,51.0,52.8,43.0,522.0
2021-03-10 08:00:00,1.6,52.3,84.1,50.4,52.4,42.7,406.0
2021-03-10 09:00:00,1.8,52.3,84.1,50.5,52.5,42.8,410.0
2021-03-10 10:00:00,2.0,52.2,82.0,50.0,52.0,42.6,400.0
2021-03-10 11:00:00,2.5,52.0,81.7,50.0,52.0,42.5,396.0
2021-03-10 12:00:00,2.3,52.0,81.8,49.8,51.7,42.4,392.0
2021-03-10 13:00:00,2.8,51.9,82.4,49.9,51.8,42.4,385.0
2021-03-10 14:00:00,3.4,51.6,82.1,49.9,51.7,42.5,391.0
2021-03-10 15:00:00,2.4,52.0,81.9,49.9,51.8,42.6,383.0
2021-03-10 16:00:00,2.4,52.0,82.2,50.1,52.1,42.7,388.0
2021-03-10 17:00:00,1.7,52.2,84.3,50.7,52.7,43.0,394.0
2021-03-10 18:00:00,1.3,52.4,85.2,51.0,53.3,43.3,404.0
2021-03-10 19:00:00,1.3,52.4,85.4,50.6,52.8,43.2,398.0
2021-03-10 20:00:00,2.0,52.1,84.5,50.4,52.6,43.0,392.0
2021-03-10 21:00:00,2.1,52.2,83.6,50.2,52.4,43.0,390.0
2021-03-10 22:00:00,2.1,52.1,84.3,50.3,51.2,43.0,389.0
2021-03-10 23:00:00,1.7,52.2,78.1,36.9,39.0,35.1,0.0
2021-03-11 00:00:00,1.0,52.6,75.6,33.9,37.4,32.9,0.0
2021-03-11 01:00:00,1.2,52.5,73.4,29.3,47.4,29.2,0.0
2021-03-11 02:00:00,1.1,52.5,69.6,27.6,56.0,28.2,0.0
2021-03-11 03:00:00,1.0,52.6,60.7,27.4,48.9,29.1,0.0
2021-03-11 04:00:00,0.7,52.6,63.1,27.7,53.0,28.3,0.0
2021-03-11 05:00:00,0.5,52.8,75.4,42.7,46.9,24.8,96.0
2021-03-11 06:00:00,0.3,52.8,81.8,51.8,52.8,42.5,565.0
2021-03-11 07:00:00,0.7,52.7,79.3,52.4,53.3,42.0,390.0
2021-03-11 08:00:00,1.0,52.5,86.4,51.0,53.1,43.1,441.0
2021-03-11 09:00:00,3.0,51.8,84.3,49.5,51.8,42.6,398.0
2021-03-11 10:00:00,3.4,51.6,82.4,48.8,50.8,42.0,380.0
2021-03-11 11:00:00,3.9,51.4,81.2,49.0,51.1,41.8,379.0
2021-03-11 12:00:00,5.2,50.8,79.4,48.4,50.4,41.3,366.0
2021-03-11 13:00:00,6.2,49.7,78.5,47.6,49.7,41.2,361.0
2021-03-11 14:00:00,6.3,49.4,77.0,46.8,48.9,40.6,333.0
2021-03-11 15:00:00,6.9,48.5,77.6,46.8,48.7,40.7,348.0
2021-03-11 16:00:00,6.3,49.4,77.9,47.0,49.2,40.4,329.0
2021-03-11 17:00:00,5.6,50.1,71.7,49.0,49.7,40.9,355.0
2021-03-11 18:00:00,5.6,50.1,80.2,48.6,50.8,41.7,370.0
2021-03-11 19:00:00,4.4,51.2,82.6,48.9,51.2,41.9,372.0
2021-03-11 20:00:00,3.5,51.6,83.7,49.5,51.8,42.4,382.0
2021-03-11 21:00:00,3.2,51.7,83.9,49.8,52.0,42.7,385.0
2021-03-11 22:00:00,2.8,51.8,84.5,50.1,52.4,43.0,388.0
2021-03-11 23:00:00,3.0,51.8,79.7,39.2,42.8,34.8,0.0
2021-03-12 00:00:00,2.6,51.9,77.0,33.6,61.6,33.0,0.0
2021-03-12 01:00:00,2.3,52.0,67.9,32.5,51.9,33.7,0.0
2021-03-12 02:00:00,2.7,51.9,66.7,31.6,52.9,32.7,0.0
2021-03-12 03:00:00,2.4,52.0,65.4,31.3,52.0,32.0,0.0
2021-03-12 04:00:00,2.3,52.1,62.9,30.8,52.4,29.8,0.0
2021-03-12 05:00:00,2.5,52.0,63.7,30.3,52.0,27.0,0.0
2021-03-12 06:00:00,2.4,52.0,80.8,44.1,44.2,28.9,188.0
2021-03-12 07:00:00,3.1,51.7,81.4,50.8,52.4,42.4,532.0
2021-03-12 08:00:00,4.7,51.0,79.4,49.6,51.2,42.1,393.0
2021-03-12 09:00:00,7.2,48.1,77.3,46.9,49.0,41.2,357.0
2021-03-12 10:00:00,8.0,47.3,75.3,44.5,46.7,39.3,292.0
2021-03-12 11:00:00,9.6,46.4,74.7,43.9,46.1,38.4,283.0
2021-03-12 12:00:00,10.5,45.6,73.6,44.0,46.2,38.7,296.0
2021-03-12 13:00:00,11.0,45.0,72.8,42.5,44.9,38.0,267.0
2021-03-12 14:00:00,12.0,44.2,72.1,41.6,44.0,37.7,260.0
2021-03-12 15:00:00,12.1,43.9,65.8,38.6,39.5,33.8,137.0
2021-03-12 16:00:00,11.4,44.6,67.0,34.0,38.7,33.2,0.0
2021-03-12 17:00:00,10.5,45.5,71.9,44.1,44.5,33.5,220.0
2021-03-12 18:00:00,10.1,45.9,46.9,38.8,39.3,35.1,188.0
2021-03-12 19:00:00,9.5,46.5,75.3,44.2,46.5,39.4,352.0
2021-03-12 20:00:00,8.5,47.4,78.1,45.0,47.5,39.1,298.0
2021-03-12 21:00:00,8.0,47.9,79.2,46.0,48.4,40.1,332.0
2021-03-12 22:00:00,8.1,48.1,77.4,41.1,39.7,38.2,250.0
2021-03-12 23:00:00,7.8,48.3,74.5,34.4,45.1,34.3,0.0
2021-03-13 00:00:00,7.4,48.5,69.1,32.9,53.0,32.9,0.0
2021-03-13 01:00:00,7.3,48.8,60.7,32.2,45.3,33.3,0.0
2021-03-13 02:00:00,7.0,49.1,58.7,31.4,46.8,32.6,0.0
2021-03-13 03:00:00,6.9,49.1,60.1,31.2,49.2,30.9,0.0
2021-03-13 04:00:00,6.7,49.3,58.3,30.4,48.6,29.9,0.0
2021-03-13 05:00:00,6.9,49.1,58.2,29.8,49.4,28.2,0.0
2021-03-13 06:00:00,6.9,49.1,67.9,36.3,35.7,23.3,59.0
2021-03-13 07:00:00,7.3,48.7,79.5,47.5,49.5,40.9,527.0
2021-03-13 08:00:00,7.4,48.6,78.9,45.8,48.1,39.9,328.0
2021-03-13 09:00:00,6.9,49.2,80.6,47.0,49.2,40.3,345.0
2021-03-13 10:00:00,8.0,48.0,79.7,45.6,48.1,40.6,346.0
2021-03-13 11:00:00,10.4,45.6,77.0,43.2,46.0,39.2,287.0
2021-03-13 12:00:00,10.7,45.3,73.2,43.1,45.3,38.0,261.0
2021-03-13 13:00:00,10.8,45.3,68.9,35.3,38.6,34.7,0.0
2021-03-13 14:00:00,11.2,44.9,67.3,33.0,39.2,31.7,0.0
2021-03-13 15:00:00,11.1,44.7,64.9,28.9,42.3,28.7,0.0
2021-03-13 16:00:00,11.5,44.6,61.8,27.3,49.4,27.6,0.0
2021-03-13 17:00:00,11.7,44.3,55.3,27.3,44.8,28.4,0.0
2021-03-13 18:00:00,10.1,45.7,61.0,29.4,32.1,23.1,0.0
2021-03-13 19:00:00,9.8,45.2,77.6,43.5,46.0,38.8,465.0
2021-03-13 20:00:00,9.2,45.7,75.2,42.9,45.4,37.7,264.0
2021-03-13 21:00:00,9.0,45.8,77.4,43.5,46.1,39.0,308.0
2021-03-13 22:00:00,7.7,46.9,77.2,42.5,39.7,38.4,263.0
2021-03-13 23:00:00,6.7,47.6,73.7,33.3,43.3,32.7,0.0
2021-03-14 00:00:00,5.3,48.6,68.5,31.9,52.4,32.4,0.0
2021-03-14 01:00:00,4.9,49.1,64.1,31.2,50.3,32.8,0.0
2021-03-14 02:00:00,4.3,49.4,58.1,30.6,47.9,32.2,0.0
2021-03-14 03:00:00,3.8,49.6,61.3,30.5,50.3,29.7,0.0
2021-03-14 04:00:00,4.7,49.1,57.9,29.3,49.6,28.1,0.0
2021-03-14 05:00:00,4.8,49.0,55.9,28.2,48.1,27.6,0.0
2021-03-14 06:00:00,5.1,47.0,67.9,37.8,37.3,23.9,85.0
2021-03-14 07:00:00,6.3,46.2,83.6,43.6,46.9,39.3,485.0
2021-03-14 08:00:00,9.0,44.8,77.0,41.7,44.3,37.8,269.0
2021-03-14 09:00:00,11.0,43.5,75.2,41.0,43.9,37.2,258.0
2021-03-14 10:00:00,12.4,42.8,70.8,40.0,40.6,36.6,240.0
2021-03-14 11:00:00,14.6,42.0,67.7,33.0,39.8,32.6,0.0
2021-03-14 12:00:00,15.7,42.0,63.3,31.8,47.8,31.9,0.0
2021-03-14 13:00:00,16.4,42.0,56.3,31.1,41.7,32.2,0.0
2021-03-14 14:00:00,15.7,42.0,55.6,30.7,44.1,31.6,0.0
2021-03-14 15:00:00,16.3,42.0,49.3,30.0,40.4,31.7,0.0
2021-03-14 16:00:00,15.1,42.0,53.2,30.2,42.5,31.3,0.0
2021-03-14 17:00:00,14.3,42.0,51.6,30.3,42.7,30.5,0.0
2021-03-14 18:00:00,13.1,42.3,49.9,30.2,42.2,29.8,0.0
2021-03-14 19:00:00,13.1,45.2,66.6,39.6,39.8,27.6,135.0
2021-03-14 20:00:00,12.8,45.2,72.7,43.6,45.7,38.4,406.0
2021-03-14 21:00:00,12.6,45.3,72.8,43.6,45.6,38.4,289.0
2021-03-14 22:00:00,11.9,45.4,70.9,37.7,35.4,33.8,151.0
2021-03-14 23:00:00,11.4,45.5,67.9,32.5,44.5,32.4,0.0
2021-03-15 00:00:00,11.8,45.5,63.0,31.5,48.8,31.6,0.0
2021-03-15 01:00:00,11.6,45.5,56.1,30.9,42.5,31.9,0.0
2021-03-15 02:00:00,10.4,45.8,55.0,30.3,44.6,31.0,0.0
2021-03-15 03:00:00,10.3,45.8,56.4,30.0,45.8,29.7,0.0
2021-03-15 04:00:00,9.2,46.0,54.7,29.3,46.4,28.1,0.0
2021-03-15 05:00:00,8.9,46.1,52.2,28.4,45.2,27.4,0.0
2021-03-15 06:00:00,8.4,46.2,54.1,37.0,36.1,28.0,152.0
2021-03-15 07:00:00,8.7,46.1,67.6,46.2,46.5,38.4,411.0
2021-03-15 08:00:00,8.4,46.2,77.4,43.3,45.9,38.6,304.0
2021-03-15 09:00:00,5.3,46.9,80.3,44.8,47.5,39.1,313.0
2021-03-15 10:00:00,4.0,47.8,83.1,44.6,47.6,39.5,320.0
2021-03-15 11:00:00,4.0,47.8,84.1,45.0,48.0,39.8,327.0
2021-03-15 12:00:00,4.0,47.8,84.0,45.0,47.9,39.9,323.0
2021-03-15 13:00:00,3.9,46.9,84.1,44.0,47.1,39.8,312.0
2021-03-15 14:00:00,3.8,46.9,83.8,43.3,46.6,39.0,295.0
2021-03-15 15:00:00,3.8,47.1,83.9,43.7,46.9,38.9,291.0
2021-03-15 16:00:00,3.6,47.2,83.2,43.9,46.9,39.4,308.0
2021-03-15 17:00:00,3.9,47.0,82.7,43.7,46.7,39.2,297.0
2021-03-15 18:00:00,3.7,47.3,81.6,43.6,46.5,39.2,295.0
2021-03-15 19:00:00,3.6,47.0,81.5,43.6,46.6,39.1,295.0
2021-03-15 20:00:00,3.3,47.5,82.5,44.8,47.7,39.7,308.0
2021-03-15 21:00:00,3.5,47.3,82.2,44.4,47.3,39.8,307.0
2021-03-15 22:00:00,3.4,47.4,83.1,43.4,41.0,39.3,272.0
2021-03-15 23:00:00,3.6,47.1,79.6,34.3,53.2,34.2,0.0
2021-03-16 00:00:00,3.4,47.3,70.5,33.0,51.3,34.3,0.0
2021-03-16 01:00:00,3.5,47.3,61.5,31.9,44.2,34.4,0.0
2021-03-16 02:00:00,3.4,47.4,58.5,30.8,45.2,33.7,0.0
2021-03-16 03:00:00,3.2,47.7,61.6,30.9,48.1,31.8,0.0
2021-03-16 04:00:00,3.2,47.5,57.9,29.9,46.7,30.8,0.0
2021-03-16 05:00:00,3.6,47.3,58.8,29.2,47.5,28.4,0.0
2021-03-16 06:00:00,3.6,47.2,59.3,26.3,46.0,22.7,0.0
2021-03-16 07:00:00,3.9,46.9,78.9,46.9,48.4,38.8,500.0
2021-03-16 08:00:00,4.0,46.9,84.6,43.5,46.7,38.9,320.0
2021-03-16 09:00:00,4.0,46.9,84.1,43.2,46.5,38.6,307.0
2021-03-16 10:00:00,4.0,46.8,84.5,43.3,46.7,38.6,309.0
2021-03-16 11:00:00,4.9,46.1,83.8,43.3,46.6,38.7,305.0
2021-03-16 12:00:00,4.8,46.1,83.6,43.3,46.6,38.7,302.0
2021-03-16 13:00:00,4.8,46.0,82.9,43.2,46.4,38.8,300.0
2021-03-16 14:00:00,6.1,45.7,81.0,42.6,45.8,38.6,291.0
2021-03-16 15:00:00,6.0,49.3,80.0,44.6,47.2,38.0,274.0
2021-03-16 16:00:00,6.4,49.0,79.9,47.3,49.6,41.1,390.0
2021-03-16 17:00:00,6.3,49.1,79.7,46.9,49.3,40.8,341.0
2021-03-16 18:00:00,6.1,49.2,79.8,47.0,49.2,40.8,344.0
2021-03-16 19:00:00,6.3,49.1,79.8,47.1,49.3,40.9,344.0
2021-03-16 20:00:00,6.4,49.0,79.9,47.1,49.4,40.9,341.0
2021-03-16 21:00:00,5.8,49.4,80.1,47.4,49.8,41.1,343.0
2021-03-16 22:00:00,5.6,49.6,81.0,47.6,49.9,41.3,349.0
2021-03-16 23:00:00,5.9,49.4,76.8,35.5,40.8,34.7,0.0
2021-03-17 00:00:00,5.2,49.9,73.3,33.1,56.7,32.8,0.0
2021-03-17 01:00:00,5.3,49.8,63.7,31.9,47.9,33.7,0.0
2021-03-17 02:00:00,4.9,50.1,61.0,30.7,49.3,32.8,0.0
2021-03-17 03:00:00,4.7,50.1,61.9,30.4,50.1,30.8,0.0
2021-03-17 04:00:00,4.3,50.3,60.9,29.4,50.3,28.2,0.0
2021-03-17 05:00:00,4.0,50.5,58.6,27.6,50.0,27.0,0.0
2021-03-17 06:00:00,4.0,50.5,77.2,45.8,46.6,34.0,299.0
2021-03-17 07:00:00,4.0,50.6,73.5,50.4,50.2,40.2,440.0
2021-03-17 08:00:00,4.0,50.5,84.1,48.5,50.8,42.0,410.0
2021-03-17 09:00:00,4.0,50.5,83.8,47.7,50.4,41.2,369.0
2021-03-17 10:00:00,4.1,50.4,83.8,47.5,50.2,41.2,369.0
2021-03-17 11:00:00,4.3,50.3,83.2,47.5,49.8,41.0,365.0
2021-03-17 12:00:00,4.8,50.0,81.0,47.1,49.4,40.9,359.0
2021-03-17 13:00:00,5.4,49.6,81.0,46.9,49.2,40.6,349.0
2021-03-17 14:00:00,5.4,49.6,81.0,46.9,49.3,40.7,349.0
2021-03-17 15:00:00,5.1,50.0,81.1,47.0,49.3,40.7,350.0
2021-03-17 16:00:00,4.6,50.2,83.2,47.7,50.2,41.2,359.0
2021-03-17 17:00:00,4.9,50.0,82.6,48.0,50.4,41.5,361.0
2021-03-17 18:00:00,4.4,50.2,82.7,47.9,50.3,41.4,358.0
2021-03-17 19:00:00,4.1,50.4,83.7,48.2,50.6,41.6,366.0
2021-03-17 20:00:00,4.1,50.4,83.4,48.3,50.7,41.7,367.0
2021-03-17 21:00:00,4.3,50.4,83.3,48.3,50.7,41.8,367.0
2021-03-17 22:00:00,3.9,50.5,83.7,48.2,46.0,41.7,360.0
2021-03-17 23:00:00,4.4,50.3,79.6,35.3,42.8,34.7,0.0
2021-03-18 00:00:00,4.2,50.3,74.6,33.4,56.2,33.8,0.0
2021-03-18 01:00:00,4.2,50.4,64.7,32.3,47.4,34.5,0.0
2021-03-18 02:00:00,4.1,50.4,61.1,31.3,48.4,33.9,0.0
2021-03-18 03:00:00,4.1,50.4,64.2,31.5,51.2,31.6,0.0
2021-03-18 04:00:00,4.1,50.4,61.0,30.3,50.1,29.9,0.0
2021-03-18 05:00:00,3.7,50.7,71.0,40.5,40.1,26.5,135.0
2021-03-18 06:00:00,3.5,50.7,84.2,49.0,51.3,41.8,531.0
2021-03-18 07:00:00,3.6,50.6,80.8,51.2,52.1,41.2,378.0
2021-03-18 08:00:00,4.2,50.3,84.2,48.4,50.9,41.6,390.0
2021-03-18 09:00:00,5.1,50.0,83.1,47.5,50.0,41.3,370.0
2021-03-18 10:00:00,4.0,50.4,83.2,47.8,50.2,40.9,358.0
2021-03-18 11:00:00,4.8,50.1,81.7,47.7,50.0,41.1,369.0
2021-03-18 12:00:00,4.3,50.3,82.4,48.7,50.9,41.3,369.0
2021-03-18 13:00:00,4.0,50.4,82.7,48.2,50.5,41.7,378.0
2021-03-18 14:00:00,3.7,50.6,83.6,48.2,50.6,41.5,367.0
2021-03-18 15:00:00,4.8,50.0,81.0,47.8,50.1,41.5,362.0
2021-03-18 16:00:00,5.6,49.6,79.9,47.1,49.5,40.9,344.0
2021-03-18 17:00:00,5.2,49.8,79.0,47.4,49.6,40.7,340.0
2021-03-18 18:00:00,4.0,50.5,82.4,48.6,51.0,41.4,370.0
2021-03-18 19:00:00,3.2,50.9,83.5,48.4,50.9,41.9,379.0
2021-03-18 20:00:00,2.6,51.1,84.7,48.6,51.0,41.9,369.0
2021-03-18 21:00:00,2.4,51.3,85.3,48.9,51.4,42.2,379.0
2021-03-18 22:00:00,2.3,51.3,84.8,48.3,44.7,42.3,370.0
2021-03-18 23:00:00,2.4,51.3,80.2,35.5,42.9,34.8,0.0
2021-03-19 00:00:00,2.6,51.2,76.1,33.2,58.2,32.8,0.0
2021-03-19 01:00:00,2.3,51.4,66.3,32.3,49.3,34.0,0.0
2021-03-19 02:00:00,2.5,51.2,62.7,31.3,50.1,33.3,0.0
2021-03-19 03:00:00,2.0,51.4,65.2,31.2,52.0,31.5,0.0
2021-03-19 04:00:00,2.0,51.5,62.1,30.3,51.5,29.9,0.0
2021-03-19 05:00:00,1.7,51.6,60.8,29.6,50.8,29.0,0.0
2021-03-19 06:00:00,1.5,51.7,61.1,38.4,39.0,29.3,183.0
2021-03-19 07:00:00,2.6,51.2,79.0,51.2,51.7,40.2,459.0
2021-03-19 08:00:00,3.7,51.6,84.3,48.9,51.2,41.9,419.0
2021-03-19 09:00:00,6.1,50.1,83.5,48.3,50.7,41.5,379.0
2021-03-19 10:00:00,6.6,49.6,80.8,48.3,50.4,41.4,376.0
2021-03-19 11:00:00,7.2,49.4,79.5,47.7,49.7,40.7,352.0
2021-03-19 12:00:00,6.6,49.7,78.4,47.9,49.8,41.0,364.0
2021-03-19 13:00:00,7.8,48.7,75.4,46.3,48.4,40.7,342.0
2021-03-19 14:00:00,8.6,48.2,78.2,46.6,48.7,40.7,338.0
2021-03-19 15:00:00,8.2,48.5,76.7,46.1,48.0,39.7,312.0
2021-03-19 16:00:00,8.1,48.5,72.8,46.5,48.1,40.2,331.0
2021-03-19 17:00:00,7.6,49.0,71.7,47.4,48.5,40.3,329.0
2021-03-19 18:00:00,5.9,50.3,79.2,49.2,50.9,41.7,368.0
2021-03-19 19:00:00,5.2,50.8,80.6,48.7,50.6,41.7,365.0
2021-03-19 20:00:00,4.3,51.3,81.8,48.9,51.1,41.9,367.0
2021-03-19 21:00:00,3.7,51.5,82.8,49.6,51.5,42.4,387.0
2021-03-19 22:00:00,3.9,51.4,82.6,48.1,44.5,42.5,375.0
2021-03-19 23:00:00,3.8,51.5,78.2,35.8,40.1,34.8,0.0
2021-03-20 00:00:00,4.3,51.2,75.3,33.2,56.7,32.6,0.0
2021-03-20 01:00:00,4.0,51.4,67.7,31.6,52.4,32.7,0.0
2021-03-20 02:00:00,3.7,51.6,66.6,30.9,52.8,32.1,0.0
2021-03-20 03:00:00,3.4,51.6,61.0,30.4,50.6,31.3,0.0
2021-03-20 04:00:00,2.8,51.8,62.9,30.2,52.1,29.7,0.0
2021-03-20 05:00:00,2.0,52.2,61.3,29.3,52.6,28.3,0.0
2021-03-20 06:00:00,2.0,52.2,80.5,43.4,43.1,26.6,144.0
2021-03-20 07:00:00,1.9,52.2,63.5,42.1,42.8,33.1,103.0
2021-03-20 08:00:00,4.1,51.1,69.4,42.25,41.75,29.6,61.5
2021-03-20 09:00:00,6.3,50.0,75.3,42.4,40.7,26.1,61.5
2021-03-20 10:00:00,6.5,49.8,79.6,49.9,50.6,39.3,389.0
2021-03-20 11:00:00,7.2,49.2,75.7,47.9,49.5,40.7,385.0
2021-03-20 12:00:00,8.2,48.5,75.3,47.5,49.0,40.4,353.0
2021-03-20 13:00:00,7.3,49.2,75.3,47.4,48.9,40.4,351.0
2021-03-20 14:00:00,7.6,48.9,77.2,47.9,49.6,40.9,365.0
2021-03-20 15:00:00,7.1,49.4,77.8,47.1,49.0,40.6,347.0
2021-03-20 16:00:00,6.2,50.1,78.8,48.2,50.1,41.1,363.0
2021-03-20 17:00:00,5.1,51.0,80.3,48.8,50.7,41.5,373.0
2021-03-20 18:00:00,4.0,51.4,80.8,49.2,51.1,41.9,382.0
2021-03-20 19:00:00,4.1,51.3,83.5,50.0,52.1,42.3,394.0
2021-03-20 20:00:00,3.8,51.4,83.5,49.4,51.7,42.4,385.0
2021-03-20 21:00:00,3.3,51.6,83.8,49.2,51.5,42.2,380.0
2021-03-20 22:00:00,3.5,51.6,83.8,48.0,44.1,42.4,369.0
2021-03-20 23:00:00,3.1,51.7,78.7,35.7,40.0,34.9,0.0
2021-03-21 00:00:00,2.8,51.8,75.9,33.0,60.0,32.5,0.0
2021-03-21 01:00:00,3.0,51.8,66.9,31.7,51.0,33.1,0.0
2021-03-21 02:00:00,2.9,51.8,64.9,30.8,52.4,32.1,0.0
2021-03-21 03:00:00,3.0,51.8,63.3,30.4,51.2,31.3,0.0
2021-03-21 04:00:00,2.8,51.8,62.2,30.1,51.5,29.6,0.0
2021-03-21 05:00:00,3.2,51.7,60.4,29.4,50.9,28.5,0.0
2021-03-21 06:00:00,3.1,53.9,84.6,51.4,51.0,36.7,388.0
2021-03-21 07:00:00,3.3,53.9,84.4,52.9,54.4,43.9,526.0
2021-03-21 08:00:00,4.0,53.5,83.3,52.5,54.1,43.6,439.0
2021-03-21 09:00:00,4.5,51.2,81.3,50.3,52.0,43.2,386.0
2021-03-21 10:00:00,5.1,51.0,79.1,48.3,50.2,41.5,359.0
2021-03-21 11:00:00,6.0,50.3,78.6,48.9,50.5,41.6,369.0
2021-03-21 12:00:00,6.7,49.6,78.4,48.6,50.4,41.4,367.0
2021-03-21 13:00:00,6.4,49.9,76.8,47.4,49.4,40.9,343.0
2021-03-21 14:00:00,5.4,50.6,78.6,48.6,50.4,41.3,366.0
2021-03-21 15:00:00,4.4,51.1,78.9,48.9,50.7,41.7,370.0
2021-03-21 16:00:00,3.8,50.6,81.1,49.0,51.2,42.0,378.0
2021-03-21 17:00:00,3.0,50.9,83.9,49.2,51.4,42.2,379.0
2021-03-21 18:00:00,3.3,50.9,83.8,48.5,50.9,42.0,368.0
2021-03-21 19:00:00,3.7,50.6,83.3,48.4,50.9,41.9,364.0
2021-03-21 20:00:00,3.6,50.8,83.9,49.1,51.3,41.7,364.0
2021-03-21 21:00:00,3.2,50.8,83.9,48.6,51.2,42.1,373.0
2021-03-21 22:00:00,3.1,50.9,84.5,48.7,50.9,42.1,367.0
2021-03-21 23:00:00,2.8,51.1,80.1,35.7,41.3,34.7,0.0
2021-03-22 00:00:00,2.5,51.2,76.8,33.3,60.3,32.8,0.0
2021-03-22 01:00:00,2.6,51.2,67.5,32.2,51.5,33.7,0.0
2021-03-22 02:00:00,2.4,51.2,66.4,31.3,52.6,32.8,0.0
2021-03-22 03:00:00,2.0,51.4,64.6,30.9,51.5,32.2,0.0
2021-03-22 04:00:00,1.8,51.6,63.5,30.7,52.4,30.1,0.0
2021-03-22 05:00:00,1.5,51.6,74.4,41.1,41.2,26.5,139.0
2021-03-22 06:00:00,1.6,51.7,86.0,50.2,52.5,42.6,549.0
2021-03-22 07:00:00,1.8,51.6,86.1,49.6,52.1,42.5,401.0
2021-03-22 08:00:00,2.1,51.4,84.9,49.3,51.6,42.3,394.0
2021-03-22 09:00:00,2.5,51.2,85.1,49.1,51.4,42.0,384.0
2021-03-22 10:00:00,2.8,51.1,84.2,48.8,51.2,41.8,383.0
2021-03-22 11:00:00,2.3,51.3,85.8,49.2,51.6,42.1,386.0
2021-03-22 12:00:00,3.2,50.9,85.0,49.1,51.5,42.4,387.0
2021-03-22 13:00:00,2.9,51.0,84.0,48.5,50.9,41.9,370.0
2021-03-22 14:00:00,2.7,51.1,84.0,48.5,50.9,41.9,368.0
2021-03-22 15:00:00,3.2,50.8,84.0,48.5,51.0,41.9,373.0
2021-03-22 16:00:00,2.8,49.1,85.3,47.5,50.2,41.9,366.0
2021-03-22 17:00:00,2.7,49.2,83.9,45.6,48.5,40.4,309.0
2021-03-22 18:00:00,2.5,49.2,84.0,46.3,49.2,40.7,337.0
2021-03-22 19:00:00,2.5,49.2,85.0,46.5,49.5,40.9,338.0
2021-03-22 20:00:00,2.6,49.2,84.3,46.5,49.4,41.0,339.0
2021-03-22 21:00:00,2.3,49.2,88.7,46.2,49.5,41.1,342.0
2021-03-22 22:00:00,2.0,49.5,72.6,45.8,42.0,40.7,315.0
2021-03-22 23:00:00,1.8,49.6,38.8,43.1,35.8,34.6,0.0
2021-03-23 00:00:00,2.0,49.5,37.1,41.6,34.0,32.8,0.0
2021-03-23 01:00:00,1.8,49.6,34.4,40.9,30.9,27.5,0.0
2021-03-23 02:00:00,1.7,49.6,32.8,40.0,28.8,25.8,0.0
2021-03-23 03:00:00,1.1,50.0,32.7,39.3,30.1,24.7,0.0
2021-03-23 04:00:00,0.6,50.2,31.8,38.3,30.5,23.9,0.0
2021-03-23 05:00:00,0.0,50.5,32.3,40.8,31.6,23.1,0.0
2021-03-23 06:00:00,-0.1,50.5,68.8,40.1,39.0,26.6,0.0
2021-03-23 07:00:00,-0.2,50.5,73.0,49.1,49.6,40.1,528.0
2021-03-23 08:00:00,-0.1,50.6,85.3,48.2,50.9,41.3,413.0
2021-03-23 09:00:00,0.4,50.3,89.8,47.5,50.8,41.5,396.0
2021-03-23 10:00:00,0.6,50.3,89.8,47.1,50.3,41.1,377.0
2021-03-23 11:00:00,0.5,50.2,89.3,46.9,50.1,41.1,367.0
2021-03-23 12:00:00,0.9,50.1,85.7,47.3,49.9,40.7,360.0
2021-03-23 13:00:00,2.5,49.2,85.5,46.4,49.5,40.9,364.0
2021-03-23 14:00:00,3.4,48.7,83.3,45.5,48.5,40.1,331.0
2021-03-23 15:00:00,4.1,48.4,81.0,46.1,48.7,40.1,333.0
2021-03-23 16:00:00,4.7,48.1,80.3,45.9,48.5,39.9,330.0
2021-03-23 17:00:00,4.6,48.2,75.3,45.7,47.6,39.7,320.0
2021-03-23 18:00:00,3.8,48.6,78.8,47.5,49.4,40.1,338.0
2021-03-23 19:00:00,3.0,48.9,83.8,46.5,49.3,40.8,351.0
2021-03-23 20:00:00,2.8,49.1,83.8,46.5,49.3,40.7,343.0
2021-03-23 21:00:00,2.8,49.0,83.9,46.5,49.4,40.7,342.0
2021-03-23 22:00:00,2.6,49.1,81.1,37.6,35.9,34.1,142.0
2021-03-23 23:00:00,2.5,49.3,76.4,33.7,57.9,33.9,0.0
2021-03-24 00:00:00,1.8,49.6,66.6,32.8,49.1,34.6,0.0
2021-03-24 01:00:00,2.1,49.4,63.8,32.0,50.2,34.0,0.0
2021-03-24 02:00:00,2.0,49.4,65.4,31.7,50.1,32.4,0.0
2021-03-24 03:00:00,2.4,49.2,61.6,31.2,48.6,31.2,0.0
2021-03-24 04:00:00,3.8,48.6,62.0,30.4,49.9,30.2,0.0
2021-03-24 05:00:00,3.4,48.8,59.1,29.5,49.1,28.9,0.0
2021-03-24 06:00:00,2.8,49.0,57.4,28.3,48.1,26.7,0.0
2021-03-24 07:00:00,4.1,48.4,67.3,44.1,45.1,36.0,422.0
2021-03-24 08:00:00,6.5,46.8,83.3,43.8,46.9,39.6,382.0
2021-03-24 09:00:00,5.7,47.4,80.3,44.8,47.3,38.9,317.0
2021-03-24 10:00:00,5.5,47.7,80.5,45.2,47.8,39.4,339.0
2021-03-24 11:00:00,6.0,47.3,79.4,43.9,46.6,39.0,317.0
2021-03-24 12:00:00,5.0,48.0,79.2,45.4,47.7,39.2,327.0
2021-03-24 13:00:00,5.5,47.6,79.4,44.8,47.2,39.5,332.0
2021-03-24 14:00:00,5.3,45.9,79.1,42.8,45.7,38.4,294.0
2021-03-24 15:00:00,5.4,45.8,79.2,42.9,45.7,38.0,274.0
2021-03-24 16:00:00,5.4,45.9,76.7,43.2,45.8,38.1,297.0
2021-03-24 17:00:00,5.4,45.8,78.0,44.3,46.8,38.3,291.0
2021-03-24 18:00:00,4.9,46.0,79.6,43.5,46.3,38.6,305.0
2021-03-24 19:00:00,4.3,46.4,80.6,43.7,46.6,38.7,304.0
2021-03-24 20:00:00,3.5,46.9,81.8,44.2,47.0,39.1,312.0
2021-03-24 21:00:00,2.4,47.8,82.6,44.5,47.5,39.4,319.0
2021-03-24 22:00:00,1.9,48.1,83.5,43.7,41.2,39.5,296.0
2021-03-24 23:00:00,1.9,48.2,79.7,34.3,49.8,34.2,0.0
2021-03-25 00:00:00,1.5,48.3,72.0,33.1,53.3,34.0,0.0
2021-03-25 01:00:00,1.0,48.7,62.6,32.2,46.3,34.2,0.0
2021-03-25 02:00:00,0.0,49.5,59.8,31.1,46.3,33.4,0.0
2021-03-25 03:00:00,-0.2,49.7,62.6,31.0,49.4,30.5,0.0
2021-03-25 04:00:00,-0.9,50.2,62.2,30.0,49.8,28.8,0.0
2021-03-25 05:00:00,-1.3,50.4,60.9,28.2,50.4,26.7,0.0
2021-03-25 06:00:00,-0.9,50.2,36.0,27.0,25.3,21.7,32.0
2021-03-25 07:00:00,0.1,49.5,79.5,49.2,49.9,37.6,473.0
2021-03-25 08:00:00,4.2,46.5,86.0,43.6,47.0,39.4,375.0
2021-03-25 09:00:00,5.1,45.9,87.9,42.4,46.0,38.1,311.0
2021-03-25 10:00:00,5.8,45.6,85.9,42.1,45.6,38.0,296.0
2021-03-25 11:00:00,6.5,45.3,79.8,41.3,44.4,37.6,292.0
2021-03-25 12:00:00,7.2,44.9,78.9,41.8,44.9,37.4,280.0
2021-03-25 13:00:00,7.7,44.7,77.7,41.7,44.6,37.3,288.0
2021-03-25 14:00:00,8.8,44.3,76.0,41.5,44.3,37.3,271.0
2021-03-25 15:00:00,9.3,44.0,74.9,41.1,43.8,36.9,268.0
2021-03-25 16:00:00,9.7,45.9,71.3,43.6,45.4,36.9,269.0
2021-03-25 17:00:00,8.9,46.0,73.0,44.8,46.6,38.9,330.0
2021-03-25 18:00:00,8.0,46.2,72.5,44.4,46.3,38.7,303.0
2021-03-25 19:00:00,7.2,46.4,78.5,44.4,47.0,39.0,316.0
2021-03-25 20:00:00,6.0,46.7,79.8,44.1,46.9,39.1,312.0
2021-03-25 21:00:00,4.2,47.1,82.3,44.1,47.0,39.0,305.0
2021-03-25 22:00:00,3.8,47.1,80.5,43.7,38.5,37.2,241.0
2021-03-25 23:00:00,3.3,47.2,77.6,34.2,43.5,33.9,0.0
2021-03-26 00:00:00,2.9,47.4,72.2,31.8,53.5,31.9,0.0
2021-03-26 01:00:00,2.2,47.5,62.6,30.9,45.7,32.5,0.0
2021-03-26 02:00:00,1.0,47.7,60.1,29.9,46.2,31.6,0.0
2021-03-26 03:00:00,0.8,47.8,61.1,29.6,48.1,30.3,0.0
2021-03-26 04:00:00,1.0,47.7,58.7,28.9,47.3,29.4,0.0
2021-03-26 05:00:00,0.2,47.9,61.1,28.5,49.8,28.3,0.0
2021-03-26 06:00:00,0.0,65.0,74.8,45.9,46.0,34.0,340.0
2021-03-26 07:00:00,2.0,59.5,86.7,53.3,54.5,41.2,467.0
2021-03-26 08:00:00,5.0,52.0,85.1,46.4,48.5,43.4,460.0
2021-03-26 09:00:00,6.9,44.3,83.6,40.2,43.7,36.6,192.0
2021-03-26 10:00:00,8.6,43.8,80.0,40.1,43.2,36.5,261.0
2021-03-26 11:00:00,9.6,43.4,78.0,39.9,43.0,36.4,255.0
2021-03-26 12:00:00,10.1,43.3,75.1,39.9,42.7,36.1,248.0
2021-03-26 13:00:00,11.4,42.8,74.3,39.8,42.7,36.1,249.0
2021-03-26 14:00:00,10.5,43.1,72.2,39.8,42.5,35.9,242.0
2021-03-26 15:00:00,10.9,43.0,73.1,40.4,43.0,36.3,253.0
2021-03-26 16:00:00,11.0,43.0,69.6,37.3,36.3,34.3,173.0
2021-03-26 17:00:00,10.8,43.0,66.2,33.9,39.8,33.2,0.0
2021-03-26 18:00:00,10.1,43.3,65.4,31.8,34.2,31.8,105.0
2021-03-26 19:00:00,7.8,44.7,78.4,42.7,45.4,37.8,389.0
2021-03-26 20:00:00,7.4,44.9,78.0,42.4,45.3,37.7,288.0
2021-03-26 21:00:00,6.3,45.3,79.7,42.8,45.6,38.0,296.0
2021-03-26 22:00:00,5.3,45.8,79.6,42.5,39.9,38.2,280.0
2021-03-26 23:00:00,5.1,45.9,76.0,33.0,43.1,32.5,0.0
2021-03-27 00:00:00,3.7,55.8,71.6,31.5,57.4,31.7,0.0
2021-03-27 01:00:00,2.5,59.0,69.6,30.9,58.2,31.1,0.0
2021-03-27 02:00:00,1.5,61.1,65.6,30.0,57.7,29.1,0.0
2021-03-27 03:00:00,1.2,62.1,63.3,28.8,55.9,27.9,0.0
2021-03-27 04:00:00,2.1,59.4,62.2,28.1,54.8,26.8,0.0
2021-03-27 05:00:00,0.7,63.3,59.9,27.1,53.3,26.0,0.0
2021-03-27 06:00:00,0.6,47.9,62.6,49.7,49.9,23.2,83.0
2021-03-27 07:00:00,4.4,44.5,61.6,41.0,42.7,38.6,469.0
2021-03-27 08:00:00,7.8,45.6,82.2,42.3,45.4,37.3,284.0
2021-03-27 09:00:00,9.3,45.0,80.7,42.2,45.2,37.9,309.0
2021-03-27 10:00:00,10.6,44.4,77.6,41.5,44.5,37.3,279.0
2021-03-27 11:00:00,12.1,43.8,74.3,40.7,43.5,36.8,263.0
2021-03-27 12:00:00,14.1,43.0,70.9,33.2,39.4,32.3,48.0
2021-03-27 13:00:00,14.5,43.0,66.8,31.6,50.3,31.5,0.0
2021-03-27 14:00:00,14.7,43.0,59.0,30.9,43.2,31.9,0.0
2021-03-27 15:00:00,15.0,43.0,58.4,30.5,45.7,31.5,0.0
2021-03-27 16:00:00,15.4,43.0,51.3,29.9,40.7,31.5,0.0
2021-03-27 17:00:00,15.1,43.0,53.9,30.0,43.3,30.5,0.0
2021-03-27 18:00:00,14.7,43.0,51.6,29.8,42.4,30.5,0.0
2021-03-27 19:00:00,13.7,43.2,72.9,42.0,44.3,36.8,397.0
2021-03-27 20:00:00,12.1,46.2,73.5,45.1,47.0,38.3,318.0
2021-03-27 21:00:00,9.8,46.4,75.0,45.1,46.9,39.0,327.0
2021-03-27 22:00:00,10.2,46.4,76.5,43.6,40.6,39.1,305.0
2021-03-27 23:00:00,9.2,46.5,72.9,33.5,38.6,32.4,0.0
2021-03-28 00:00:00,7.2,46.7,69.6,31.6,52.9,31.5,0.0
2021-03-28 01:00:00,6.6,46.8,61.1,30.8,44.8,32.2,0.0
2021-03-28 02:00:00,6.1,46.8,58.5,30.2,46.8,31.5,0.0
2021-03-28 03:00:00,6.3,46.8,58.75,30.05,47.0,31.15,0.0
2021-03-28 04:00:00,6.5,46.8,59.0,29.9,47.2,30.8,0.0
2021-03-28 05:00:00,6.3,46.8,57.2,29.7,47.4,29.5,0.0
2021-03-28 06:00:00,6.5,46.8,59.3,41.7,28.8,23.9,0.0
2021-03-28 07:00:00,6.4,49.2,79.8,49.0,49.7,38.0,486.0
2021-03-28 08:00:00,7.8,48.5,79.4,46.8,49.0,40.4,388.0
2021-03-28 09:00:00,9.3,47.5,75.6,45.6,47.6,39.8,336.0
2021-03-28 10:00:00,10.1,47.1,77.4,45.2,47.4,39.2,315.0
2021-03-28 11:00:00,11.1,46.5,73.0,44.0,45.9,38.3,293.0
2021-03-28 12:00:00,10.4,47.0,73.3,44.1,46.1,38.5,303.0
2021-03-28 13:00:00,11.1,46.6,73.9,45.0,46.9,39.0,316.0
2021-03-28 14:00:00,13.4,45.2,71.4,42.3,44.5,38.0,273.0
2021-03-28 15:00:00,13.6,45.1,71.3,43.3,45.2,38.0,279.0
2021-03-28 16:00:00,13.7,45.1,68.7,37.5,40.1,33.9,134.0
2021-03-28 17:00:00,13.4,45.3,66.3,33.9,38.6,33.3,0.0
2021-03-28 18:00:00,13.2,45.4,72.3,46.0,47.0,37.7,338.0
2021-03-28 19:00:00,12.1,46.0,72.3,43.7,45.6,38.3,293.0
2021-03-28 20:00:00,11.0,46.6,73.6,44.1,46.1,38.6,295.0
2021-03-28 21:00:00,9.7,47.4,74.3,45.0,46.9,39.0,299.0
2021-03-28 22:00:00,8.6,48.0,76.4,46.1,42.7,39.9,327.0
2021-03-28 23:00:00,8.3,48.1,72.7,35.2,39.1,34.6,0.0
2021-03-29 00:00:00,7.3,48.6,70.1,33.1,47.4,32.0,0.0
2021-03-29 01:00:00,7.3,48.6,65.2,30.1,52.0,30.3,0.0
2021-03-29 02:00:00,6.7,48.9,60.8,29.7,48.7,31.0,0.0
2021-03-29 03:00:00,6.6,49.1,59.6,29.0,49.3,29.1,0.0
2021-03-29 04:00:00,5.8,49.5,57.6,28.5,48.4,28.8,0.0
2021-03-29 05:00:00,5.1,49.8,56.8,28.4,48.5,27.9,0.0
2021-03-29 06:00:00,5.5,49.7,77.0,42.1,41.9,27.9,172.0
2021-03-29 07:00:00,5.9,49.6,81.2,49.6,51.0,40.9,485.0
2021-03-29 08:00:00,6.9,48.8,79.9,46.9,49.2,40.6,351.0
2021-03-29 09:00:00,9.6,47.9,79.1,44.8,47.2,39.6,319.0
2021-03-29 10:00:00,10.5,47.5,74.0,44.9,46.8,39.3,317.0
2021-03-29 11:00:00,12.6,46.6,70.8,44.6,46.3,38.7,292.0
2021-03-29 12:00:00,13.1,46.4,67.8,44.6,45.9,38.4,290.0
2021-03-29 13:00:00,13.3,46.3,64.5,36.0,38.1,34.7,69.0
2021-03-29 14:00:00,13.6,46.2,61.8,33.7,36.2,32.4,0.0
2021-03-29 15:00:00,14.0,46.0,60.2,28.5,30.8,27.6,0.0
2021-03-29 16:00:00,14.3,46.0,58.5,26.2,30.7,26.3,0.0
2021-03-29 17:00:00,14.2,46.0,57.2,25.7,31.3,26.0,0.0
2021-03-29 18:00:00,13.7,46.0,55.9,25.5,32.2,25.8,0.0
2021-03-29 19:00:00,12.9,46.4,54.6,25.2,34.5,25.5,0.0
2021-03-29 20:00:00,12.3,46.7,58.3,39.7,40.5,32.8,235.0
2021-03-29 21:00:00,11.9,46.9,69.1,47.2,47.8,39.1,394.0
2021-03-29 22:00:00,11.8,46.9,68.7,44.0,41.0,39.5,310.0
2021-03-29 23:00:00,10.4,47.6,61.9,36.4,36.2,34.6,0.0
2021-03-30 00:00:00,9.7,47.8,58.6,33.9,34.4,32.5,0.0
2021-03-30 01:00:00,8.3,48.5,58.5,30.4,29.3,27.7,0.0
2021-03-30 02:00:00,7.8,48.7,54.4,27.4,27.3,26.2,0.0
2021-03-30 03:00:00,6.7,49.2,52.9,26.1,26.9,25.5,0.0
2021-03-30 04:00:00,6.1,49.5,52.0,25.4,26.6,24.9,0.0
2021-03-30 05:00:00,5.7,49.7,52.0,24.0,34.9,24.1,0.0
2021-03-30 06:00:00,5.5,49.8,77.8,41.6,40.6,25.5,114.0
2021-03-30 07:00:00,5.6,49.6,78.9,49.1,50.6,41.2,518.0
2021-03-30 08:00:00,7.2,49.0,75.6,47.5,49.0,40.6,359.0
2021-03-30 09:00:00,9.0,48.1,74.6,46.8,48.4,40.1,341.0
2021-03-30 10:00:00,12.9,46.5,71.9,45.2,46.9,39.5,318.0
2021-03-30 11:00:00,13.5,47.2,67.9,45.5,46.5,38.9,296.0
2021-03-30 12:00:00,14.2,47.0,66.1,40.6,38.8,37.5,241.0
2021-03-30 13:00:00,15.6,47.0,61.8,35.1,35.7,34.5,0.0
2021-03-30 14:00:00,15.5,47.0,59.1,33.3,33.8,31.1,0.0
2021-03-30 15:00:00,15.2,47.0,57.8,28.9,29.7,27.6,0.0
2021-03-30 16:00:00,15.7,47.0,55.6,26.9,28.2,26.4,0.0
2021-03-30 17:00:00,15.7,47.0,54.8,26.0,29.0,25.9,0.0
2021-03-30 18:00:00,15.2,47.0,54.1,25.3,30.2,25.3,0.0
2021-03-30 19:00:00,14.0,47.0,53.0,24.8,31.1,25.2,0.0
2021-03-30 20:00:00,13.0,47.3,68.6,45.0,45.0,34.6,305.0
2021-03-30 21:00:00,12.0,47.6,68.8,47.8,48.3,39.7,378.0
2021-03-30 22:00:00,10.8,48.0,71.7,47.4,46.4,40.3,339.0
2021-03-30 23:00:00,10.8,48.0,66.6,36.0,37.9,34.8,0.0
2021-03-31 00:00:00,10.4,48.1,63.9,33.6,36.1,32.7,0.0
2021-03-31 01:00:00,9.9,48.3,62.6,29.2,30.9,27.9,0.0
2021-03-31 02:00:00,8.6,48.8,60.8,26.6,30.4,26.8,0.0
2021-03-31 03:00:00,7.7,49.1,59.7,26.0,31.8,26.2,0.0
2021-03-31 04:00:00,6.3,49.6,58.3,25.4,32.0,25.8,0.0
2021-03-31 05:00:00,6.0,49.6,63.7,37.0,39.3,26.5,94.0
2021-03-31 06:00:00,5.7,49.7,79.4,50.2,50.9,40.1,471.0
2021-03-31 07:00:00,6.1,49.6,78.6,48.6,50.3,41.4,382.0
2021-03-31 08:00:00,8.8,48.7,75.2,47.2,49.0,40.9,350.0
2021-03-31 09:00:00,12.3,47.5,74.5,46.5,48.4,40.3,325.0
2021-03-31 10:00:00,13.4,47.1,71.7,45.3,47.0,39.5,302.0
2021-03-31 11:00:00,14.8,47.0,67.9,45.2,46.3,39.0,288.0
2021-03-31 12:00:00,15.0,47.0,61.8,36.9,36.4,34.9,41.0
2021-03-31 13:00:00,15.5,47.0,58.3,34.1,34.6,33.3,0.0
2021-03-31 14:00:00,15.8,47.0,58.4,31.3,30.5,28.4,0.0
2021-03-31 15:00:00,16.2,47.0,54.7,28.1,28.0,26.8,0.0
2021-03-31 16:00:00,16.1,47.0,51.9,27.1,27.5,26.3,0.0
2021-03-31 17:00:00,16.1,47.0,50.8,26.3,27.3,25.9,0.0
2021-03-31 18:00:00,15.9,47.0,50.8,25.8,27.4,25.5,0.0
2021-03-31 19:00:00,14.8,47.0,50.8,25.3,27.8,25.1,0.0
2021-03-31 20:00:00,13.7,47.1,67.7,44.1,44.6,35.1,311.0
2021-03-31 21:00:00,12.9,47.4,68.6,47.6,48.3,39.8,369.0
2021-03-31 22:00:00,11.4,47.8,68.9,47.1,45.2,40.0,326.0
2021-03-31 23:00:00,10.1,48.3,64.4,35.8,37.1,34.7,0.0
2021-11-01 06:00:00,3.7,48.2,81.0,40.3,41.2,26.5,178360.0
2021-11-01 07:00:00,4.4,48.1,83.8,45.8,48.8,40.0,487.0
2021-11-01 08:00:00,6.2,47.8,79.4,44.5,47.3,39.6,338.0
2021-11-01 09:00:00,7.7,46.7,78.5,44.2,46.9,39.4,322.0
2021-11-01 10:00:00,9.5,46.2,75.4,43.8,46.3,38.5,292.0
2021-11-01 11:00:00,11.5,45.7,71.5,42.2,39.2,37.9,258.0
2021-11-01 12:00:00,13.3,45.2,68.2,34.4,41.1,33.4,0.0
2021-11-01 13:00:00,14.6,45.0,65.5,31.6,51.2,29.6,0.0
2021-11-01 14:00:00,14.8,45.0,58.4,30.7,44.4,29.2,0.0
2021-11-01 15:00:00,15.1,45.0,60.2,29.9,43.7,28.2,0.0
2021-11-01 16:00:00,15.0,45.0,56.8,28.1,45.8,27.7,0.0
2021-11-01 17:00:00,13.2,45.2,56.1,27.8,45.3,27.6,0.0
2021-11-01 18:00:00,12.8,45.3,75.4,41.8,42.2,29.6,188.0
2021-11-01 19:00:00,11.3,45.8,70.9,44.4,46.2,38.7,381.0
2021-11-01 20:00:00,10.0,46.1,71.7,44.6,46.3,38.8,305.0
2021-11-01 21:00:00,9.1,46.4,74.0,44.8,46.9,39.2,311.0
2021-11-01 22:00:00,8.5,46.5,73.1,44.2,41.3,39.2,302.0
2021-11-01 23:00:00,8.2,46.6,70.1,33.8,39.1,32.3,0.0
2021-11-02 00:00:00,8.2,46.6,67.6,32.0,52.2,30.7,0.0
2021-11-02 01:00:00,8.7,46.5,60.7,31.0,46.8,29.7,0.0
2021-11-02 02:00:00,9.2,46.4,60.8,30.3,46.4,28.8,0.0
2021-11-02 03:00:00,9.8,46.2,57.3,28.8,46.1,27.9,0.0
2021-11-02 04:00:00,10.6,45.9,56.7,28.2,46.1,27.4,0.0
2021-11-02 05:00:00,10.3,46.0,54.4,27.6,46.1,27.0,0.0
2021-11-02 06:00:00,10.4,46.0,74.1,39.1,39.7,26.2,115.0
2021-11-02 07:00:00,10.9,45.8,75.0,44.4,46.5,39.4,439.0
2021-11-02 08:00:00,9.7,46.2,75.1,43.4,45.7,38.1,282.0
2021-11-02 09:00:00,8.9,46.4,73.9,43.5,45.7,38.3,298.0
2021-11-02 10:00:00,9.4,46.3,73.7,44.2,46.3,38.8,305.0
2021-11-02 11:00:00,10.3,46.0,72.2,43.9,46.0,38.7,295.0
2021-11-02 12:00:00,10.7,45.9,71.9,43.7,45.7,38.5,285.0
2021-11-02 13:00:00,11.6,45.7,68.6,33.5,39.9,32.1,31.0
2021-11-02 14:00:00,11.9,45.6,51.7,41.3,42.0,37.1,279.0
2021-11-02 15:00:00,12.6,45.4,42.9,36.5,37.3,34.3,152.0
2021-11-02 16:00:00,12.4,45.4,54.1,39.2,39.9,33.7,155.0
2021-11-02 17:00:00,12.3,45.4,54.6,42.0,43.1,37.3,281.0
2021-11-02 18:00:00,11.9,45.5,73.5,43.2,45.6,38.6,304.0
2021-11-02 19:00:00,11.6,45.6,72.8,42.7,45.0,38.2,264.0
2021-11-02 20:00:00,11.3,45.7,73.0,43.9,46.2,38.8,284.0
2021-11-02 21:00:00,10.8,45.9,74.2,44.2,46.4,39.0,288.0
2021-11-02 22:00:00,9.4,46.3,71.0,36.1,40.1,34.1,78.0
2021-11-02 23:00:00,8.8,46.4,68.2,33.4,44.7,31.7,0.0
2021-11-03 00:00:00,8.0,46.7,64.6,29.6,52.2,28.4,0.0
2021-11-03 01:00:00,7.8,46.8,57.4,29.3,44.5,28.4,0.0
2021-11-03 02:00:00,7.0,47.0,60.6,28.4,48.7,27.8,0.0
2021-11-03 03:00:00,6.5,47.1,54.5,27.8,44.8,27.9,0.0
2021-11-03 04:00:00,6.8,47.1,56.6,27.4,47.9,27.4,0.0
2021-11-03 05:00:00,6.3,47.2,53.4,27.2,46.7,26.9,0.0
2021-11-03 06:00:00,5.7,47.3,52.3,31.8,33.4,25.8,95.0
2021-11-03 07:00:00,6.9,47.0,79.6,48.1,49.1,38.3,429.0
2021-11-03 08:00:00,8.9,46.5,79.4,43.8,46.6,39.2,329.0
2021-11-03 09:00:00,11.6,45.6,75.3,42.7,45.4,38.4,280.0
2021-11-03 10:00:00,12.3,45.4,69.0,36.5,39.3,34.0,97.0
2021-11-03 11:00:00,12.8,45.3,68.8,33.3,40.6,31.7,0.0
2021-11-03 12:00:00,14.8,45.0,66.5,29.9,49.3,28.7,0.0
2021-11-03 13:00:00,15.8,45.0,60.4,28.6,46.1,28.2,0.0
2021-11-03 14:00:00,17.0,45.0,59.9,28.5,45.1,28.3,0.0
2021-11-03 15:00:00,16.5,45.0,55.6,28.0,44.3,28.3,0.0
2021-11-03 16:00:00,15.4,45.0,56.5,28.0,46.0,28.1,0.0
2021-11-03 17:00:00,14.0,45.0,52.3,27.9,44.5,28.1,0.0
2021-11-03 18:00:00,13.6,45.1,52.5,28.0,44.5,27.6,0.0
2021-11-03 19:00:00,13.0,43.5,74.0,35.9,38.1,25.2,87.0
2021-11-03 20:00:00,13.1,43.4,71.7,41.0,43.6,37.2,391.0
2021-11-03 21:00:00,13.2,43.5,69.8,40.7,43.1,36.6,236.0
2021-11-03 22:00:00,12.7,43.6,70.1,39.8,37.9,36.5,219.0
2021-11-03 23:00:00,13.5,43.2,66.5,32.9,42.5,32.1,0.0
2021-11-04 00:00:00,13.6,43.2,61.7,31.8,47.3,31.3,0.0
2021-11-04 01:00:00,15.1,43.0,55.1,31.2,42.3,30.8,0.0
2021-11-04 02:00:00,13.7,43.2,56.9,30.7,43.3,29.3,0.0
2021-11-04 03:00:00,12.8,43.5,54.5,29.5,43.7,27.6,0.0
2021-11-04 04:00:00,13.1,43.4,52.7,28.6,42.9,27.4,0.0
2021-11-04 05:00:00,13.3,43.4,51.7,27.7,42.7,26.8,0.0
2021-11-04 06:00:00,12.6,43.7,64.2,35.6,36.5,24.2,42.0
2021-11-04 07:00:00,13.2,43.5,73.2,41.1,43.8,37.9,425.0
2021-11-04 08:00:00,15.3,43.0,71.2,39.1,37.5,36.0,199.0
2021-11-04 09:00:00,17.7,43.0,68.1,32.7,46.9,32.1,0.0
2021-11-04 10:00:00,20.7,43.0,61.8,31.9,47.1,31.4,0.0
2021-11-04 11:00:00,21.0,43.0,54.9,31.2,42.0,30.8,0.0
2021-11-04 12:00:00,22.3,43.0,58.3,30.8,43.1,28.6,0.0
2021-11-04 13:00:00,22.4,43.0,54.0,29.3,42.5,27.7,0.0
2021-11-04 14:00:00,22.4,43.0,54.8,28.3,43.6,27.0,0.0
2021-11-04 15:00:00,21.7,43.0,51.0,27.6,42.8,26.7,0.0
2021-11-04 16:00:00,20.8,43.0,49.4,27.2,42.2,26.7,0.0
2021-11-04 17:00:00,19.3,43.0,50.0,27.2,42.5,26.4,0.0
2021-11-04 18:00:00,18.3,43.0,49.2,27.1,42.3,26.1,0.0
2021-11-04 19:00:00,17.3,43.0,48.6,26.9,42.5,25.9,0.0
2021-11-04 20:00:00,16.9,43.0,47.4,26.8,42.1,25.6,0.0
2021-11-04 21:00:00,16.4,43.0,48.2,26.7,43.1,25.4,0.0
2021-11-04 22:00:00,16.1,43.0,46.2,26.2,42.5,25.3,0.0
2021-11-04 23:00:00,15.7,43.0,44.0,26.3,40.8,25.3,0.0
2021-11-05 00:00:00,14.4,43.0,44.2,26.4,40.1,25.0,0.0
2021-11-05 01:00:00,14.0,43.0,43.7,26.1,39.9,24.8,0.0
2021-11-05 02:00:00,13.2,43.4,42.5,25.7,39.2,24.7,0.0
2021-11-05 03:00:00,12.7,43.7,41.7,25.7,38.5,24.4,0.0
2021-11-05 04:00:00,12.3,43.8,41.2,25.4,37.9,24.3,0.0
2021-11-05 05:00:00,12.6,43.7,40.0,25.1,37.2,24.1,0.0
2021-11-05 06:00:00,12.0,44.0,38.4,27.5,27.7,22.3,0.0
2021-11-05 07:00:00,12.9,45.7,65.4,44.7,44.8,36.1,390.0
2021-11-05 08:00:00,14.3,45.5,71.8,42.4,39.1,38.0,291.0
2021-11-05 09:00:00,16.3,45.5,66.8,34.4,37.6,33.5,0.0
2021-11-05 10:00:00,17.4,45.5,65.3,32.5,37.8,30.1,0.0
2021-11-05 11:00:00,19.4,45.5,63.4,27.7,45.1,27.1,0.0
2021-11-05 12:00:00,20.0,45.5,59.7,26.7,48.5,26.7,0.0
2021-11-05 13:00:00,20.5,45.5,53.2,26.7,43.2,27.0,0.0
2021-11-05 14:00:00,20.8,45.5,55.4,26.8,46.0,27.1,0.0
2021-11-05 15:00:00,20.1,45.5,54.1,27.0,45.4,27.3,0.0
2021-11-05 16:00:00,17.8,45.5,53.1,27.2,46.1,27.1,0.0
2021-11-05 17:00:00,16.8,45.5,51.4,27.3,45.3,26.8,0.0
2021-11-05 18:00:00,16.1,45.5,50.3,29.3,44.1,25.8,0.0
2021-11-05 19:00:00,15.6,45.5,65.6,39.1,38.9,25.7,88.0
2021-11-05 20:00:00,15.6,45.5,71.9,44.4,46.3,38.7,413.0
2021-11-05 21:00:00,15.0,45.5,71.3,44.0,46.0,38.7,290.0
2021-11-05 22:00:00,12.6,45.8,66.2,35.1,37.6,33.8,0.0
2021-11-05 23:00:00,11.5,46.0,65.4,32.8,38.1,30.6,0.0
2021-11-06 00:00:00,10.5,46.2,63.2,28.1,42.8,27.3,0.0
2021-11-06 01:00:00,10.1,46.4,61.4,26.8,48.6,27.0,0.0
2021-11-06 02:00:00,10.1,46.3,57.0,26.5,47.7,27.1,0.0
2021-11-06 03:00:00,9.9,46.4,56.5,26.5,46.4,27.2,0.0
2021-11-06 04:00:00,9.9,46.4,53.5,26.6,46.3,26.9,0.0
2021-11-06 05:00:00,9.3,46.5,53.2,26.6,46.0,26.9,0.0
2021-11-06 06:00:00,9.1,46.6,55.1,27.6,30.1,23.8,0.0
2021-11-06 07:00:00,9.1,46.6,77.0,45.5,47.7,39.2,479.0
2021-11-06 08:00:00,9.9,46.4,75.6,44.1,46.4,39.1,305.0
2021-11-06 09:00:00,10.2,46.3,73.2,43.8,46.0,38.6,286.0
2021-11-06 10:00:00,10.6,46.2,74.0,44.5,46.7,39.1,305.0
2021-11-06 11:00:00,11.0,46.2,72.3,43.3,40.0,38.9,278.0
2021-11-06 12:00:00,11.5,46.0,51.1,43.4,35.6,34.3,156.0
2021-11-06 13:00:00,12.4,45.8,54.3,34.5,36.6,33.1,0.0
2021-11-06 14:00:00,12.1,45.9,54.6,31.1,32.2,28.1,0.0
2021-11-06 15:00:00,11.8,46.0,52.8,27.1,28.5,25.8,0.0
2021-11-06 16:00:00,11.0,44.5,75.0,44.6,46.0,36.2,313.0
2021-11-06 17:00:00,10.2,44.9,74.2,42.4,44.9,38.0,293.0
2021-11-06 18:00:00,9.5,45.3,74.1,42.2,44.9,37.8,265.0
2021-11-06 19:00:00,9.7,45.2,73.3,42.4,44.8,38.0,268.0
2021-11-06 20:00:00,9.5,43.8,76.2,41.5,44.5,38.0,261.0
2021-11-06 21:00:00,9.2,44.0,72.4,41.0,43.6,37.1,229.0
2021-11-06 22:00:00,9.3,43.9,74.7,41.1,38.5,37.4,233.0
2021-11-06 23:00:00,9.5,43.8,70.5,32.4,36.9,30.5,0.0
2021-11-07 00:00:00,9.2,44.0,65.8,30.7,48.5,30.2,0.0
2021-11-07 01:00:00,9.2,44.0,58.1,30.1,42.6,30.0,0.0
2021-11-07 02:00:00,8.8,44.3,58.2,29.6,45.0,28.8,0.0
2021-11-07 03:00:00,8.9,44.3,53.4,29.0,43.6,28.2,0.0
2021-11-07 04:00:00,8.6,44.5,56.5,28.3,44.6,27.2,0.0
2021-11-07 05:00:00,8.6,44.5,53.5,27.2,44.7,26.3,0.0
2021-11-07 06:00:00,8.7,44.4,59.5,26.8,31.2,22.7,0.0
2021-11-07 07:00:00,8.9,44.3,76.8,42.1,45.0,38.0,452.0
2021-11-07 08:00:00,9.7,43.6,72.6,41.1,43.7,37.2,258.0
2021-11-07 09:00:00,11.1,42.4,72.8,40.2,43.1,36.6,240.0
2021-11-07 10:00:00,12.6,41.1,68.2,35.0,38.4,32.2,96.0
2021-11-07 11:00:00,13.5,40.4,65.3,32.0,48.1,31.1,0.0
2021-11-07 12:00:00,14.5,40.0,57.9,31.3,42.2,30.8,0.0
2021-11-07 13:00:00,14.7,40.0,51.9,30.7,38.8,29.9,0.0
2021-11-07 14:00:00,14.9,40.0,56.0,30.1,39.1,27.7,0.0
2021-11-07 15:00:00,15.0,40.0,53.8,27.6,41.4,26.2,0.0
2021-11-07 16:00:00,14.1,40.0,48.7,27.4,37.9,26.4,0.0
2021-11-07 17:00:00,13.1,40.7,74.4,39.1,40.7,30.9,208.0
2021-11-07 18:00:00,12.1,43.1,72.9,42.1,44.4,36.8,294.0
2021-11-07 19:00:00,11.5,43.5,71.2,40.7,43.3,36.9,247.0
2021-11-07 20:00:00,11.2,43.7,71.6,41.2,43.5,36.9,242.0
2021-11-07 21:00:00,12.1,43.1,72.6,40.9,43.5,37.3,249.0
2021-11-07 22:00:00,11.6,43.4,70.8,40.4,43.1,36.7,223.0
2021-11-07 23:00:00,10.4,44.2,66.5,33.0,39.9,31.8,0.0
2021-11-08 00:00:00,10.4,44.2,62.9,31.5,49.0,31.0,0.0
2021-11-08 01:00:00,10.4,44.3,55.9,30.8,42.8,30.6,0.0
2021-11-08 02:00:00,11.1,43.8,57.7,30.3,44.9,28.6,0.0
2021-11-08 03:00:00,10.4,44.3,55.0,29.5,43.3,27.8,0.0
2021-11-08 04:00:00,10.5,44.1,55.1,27.4,45.3,26.3,0.0
2021-11-08 05:00:00,10.6,44.1,57.7,26.8,30.6,23.1,0.0
2021-11-08 06:00:00,10.4,45.4,75.6,44.8,46.9,38.6,441.0
2021-11-08 07:00:00,10.8,45.2,75.5,43.2,45.8,38.5,286.0
2021-11-08 08:00:00,11.5,45.0,73.9,42.6,45.1,38.3,272.0
2021-11-08 09:00:00,10.7,45.3,74.4,42.2,44.8,37.9,261.0
2021-11-08 10:00:00,10.9,45.2,73.8,42.3,44.7,38.1,204.0
2021-11-08 11:00:00,10.4,45.4,74.4,43.5,45.8,38.6,341.0
2021-11-08 12:00:00,10.4,45.4,74.6,42.6,45.2,38.5,275.0
2021-11-08 13:00:00,10.5,45.4,75.4,42.5,45.2,38.2,263.0
2021-11-08 14:00:00,10.7,45.3,74.4,42.3,44.9,38.2,263.0
2021-11-08 15:00:00,10.3,45.4,75.5,42.5,45.3,38.2,264.0
2021-11-08 16:00:00,10.2,45.5,75.4,42.6,45.2,38.4,265.0
2021-11-08 17:00:00,9.8,45.6,75.2,42.7,45.2,38.5,266.0
2021-11-08 18:00:00,9.8,45.6,77.0,43.4,46.0,39.0,280.0
2021-11-08 19:00:00,10.0,45.5,76.7,43.2,45.9,38.9,272.0
2021-11-08 20:00:00,9.6,45.7,77.4,43.2,46.0,38.8,271.0
2021-11-08 21:00:00,9.6,45.7,74.7,42.7,45.2,38.7,268.0
2021-11-08 22:00:00,9.2,45.9,71.6,35.6,34.0,32.4,77.0
2021-11-08 23:00:00,9.2,45.9,68.7,32.6,53.1,31.9,0.0
2021-11-09 00:00:00,9.2,45.9,60.6,31.9,46.9,31.7,0.0
2021-11-09 01:00:00,8.9,46.0,60.5,31.4,46.1,30.8,0.0
2021-11-09 02:00:00,9.1,45.9,56.7,30.6,44.3,28.7,0.0
2021-11-09 03:00:00,8.6,46.1,59.0,28.7,47.0,27.2,0.0
2021-11-09 04:00:00,8.5,46.2,54.0,27.5,45.0,27.0,0.0
2021-11-09 05:00:00,8.4,46.2,54.1,27.1,45.5,26.7,0.0
2021-11-09 06:00:00,8.4,46.2,56.1,35.0,33.1,25.0,75.0
2021-11-09 07:00:00,8.4,46.2,78.3,44.0,46.6,39.5,451.0
2021-11-09 08:00:00,8.5,46.2,78.4,44.2,46.9,39.1,296.0
2021-11-09 09:00:00,8.4,46.2,78.0,42.9,45.7,38.5,274.0
2021-11-09 10:00:00,8.2,46.3,78.4,42.8,45.7,38.4,288.0
2021-11-09 11:00:00,8.9,46.0,79.1,43.0,46.0,38.5,285.0
2021-11-09 12:00:00,8.4,46.2,78.9,43.0,46.0,38.6,286.0
2021-11-09 13:00:00,8.4,46.2,79.2,43.2,46.0,38.7,283.0
2021-11-09 14:00:00,8.5,45.4,78.7,42.6,45.6,38.6,276.0
2021-11-09 15:00:00,8.6,45.2,78.5,42.5,45.4,38.4,270.0
2021-11-09 16:00:00,8.3,45.5,77.7,42.4,45.2,38.4,267.0
2021-11-09 17:00:00,8.2,45.6,78.1,42.4,45.4,38.4,265.0
2021-11-09 18:00:00,8.3,45.5,78.4,42.5,45.4,38.4,266.0
2021-11-09 19:00:00,8.1,45.6,77.8,42.4,45.3,38.4,263.0
2021-11-09 20:00:00,8.3,45.5,75.8,42.1,44.8,38.2,259.0
2021-11-09 21:00:00,8.3,45.5,76.4,42.9,45.6,38.5,268.0
2021-11-09 22:00:00,8.3,45.5,74.5,42.0,39.6,38.3,246.0
2021-11-09 23:00:00,8.0,45.7,71.9,33.1,31.5,30.0,0.0
2021-11-10 00:00:00,6.8,46.4,69.4,30.3,53.3,29.7,0.0
2021-11-10 01:00:00,6.0,46.9,61.2,29.8,46.8,29.6,0.0
2021-11-10 02:00:00,4.8,47.6,62.5,29.3,49.1,28.6,0.0
2021-11-10 03:00:00,3.9,47.8,56.5,28.7,46.9,27.7,0.0
2021-11-10 04:00:00,3.0,48.1,58.3,27.7,47.8,26.4,0.0
2021-11-10 05:00:00,2.8,48.1,56.9,26.6,48.3,25.3,0.0
2021-11-10 06:00:00,2.3,48.2,35.2,26.5,26.8,22.7,0.0
2021-11-10 07:00:00,3.1,48.0,84.4,46.2,48.9,40.9,532.0
2021-11-10 08:00:00,4.3,47.7,83.1,44.0,47.1,39.3,305.0
2021-11-10 09:00:00,5.4,47.3,81.2,43.8,46.7,39.2,310.0
2021-11-10 10:00:00,6.7,45.2,79.7,42.4,45.4,38.3,279.0
2021-11-10 11:00:00,7.6,44.8,79.0,42.0,45.0,38.0,271.0
2021-11-10 12:00:00,8.7,44.3,78.1,41.8,44.8,37.9,273.0
2021-11-10 13:00:00,9.5,44.0,75.3,41.3,44.1,37.5,256.0
2021-11-10 14:00:00,10.3,43.6,74.3,40.8,43.7,37.2,248.0
2021-11-10 15:00:00,10.1,43.7,72.7,40.4,43.2,36.9,237.0
2021-11-10 16:00:00,10.2,43.6,74.1,40.4,43.1,36.8,241.0
2021-11-10 17:00:00,9.8,43.8,75.1,40.7,43.4,37.0,242.0
2021-11-10 18:00:00,9.4,44.0,76.4,40.8,43.9,37.2,246.0
2021-11-10 19:00:00,8.9,44.2,77.4,41.3,44.3,37.5,256.0
2021-11-10 20:00:00,8.7,44.3,75.5,41.3,43.9,37.6,251.0
2021-11-10 21:00:00,8.5,44.4,75.1,41.1,43.9,37.5,245.0
2021-11-10 22:00:00,8.4,44.4,75.3,40.8,39.0,37.5,241.0
2021-11-10 23:00:00,8.1,44.6,71.8,33.4,43.4,32.2,0.0
2021-11-11 00:00:00,7.8,44.7,66.0,32.2,50.8,31.7,0.0
2021-11-11 01:00:00,7.1,45.0,58.5,31.7,45.2,31.4,0.0
2021-11-11 02:00:00,6.8,45.2,60.5,31.3,46.8,30.7,0.0
2021-11-11 03:00:00,6.2,45.4,53.6,30.8,44.4,29.9,0.0
2021-11-11 04:00:00,6.0,45.5,56.5,29.9,46.0,28.3,0.0
2021-11-11 05:00:00,5.5,45.6,53.4,29.1,44.9,28.1,0.0
2021-11-11 06:00:00,5.4,45.8,85.5,46.5,47.8,34.3,299.0
2021-11-11 07:00:00,5.2,45.9,80.7,42.9,46.0,38.5,338.0
2021-11-11 08:00:00,6.3,45.4,78.6,42.4,45.2,38.1,282.0
2021-11-11 09:00:00,7.9,44.7,77.5,42.1,44.9,38.0,277.0
2021-11-11 10:00:00,8.8,44.2,75.1,41.5,44.1,37.5,264.0
2021-11-11 11:00:00,10.1,43.7,71.9,40.9,43.4,37.2,250.0
2021-11-11 12:00:00,11.4,43.1,71.1,40.2,42.7,36.6,234.0
2021-11-11 13:00:00,13.0,42.4,69.1,39.6,42.0,36.2,225.0
2021-11-11 14:00:00,13.0,45.3,63.4,35.3,39.8,34.0,36.0
2021-11-11 15:00:00,11.8,45.7,63.0,32.3,35.3,29.6,0.0
2021-11-11 16:00:00,11.0,46.0,61.1,27.8,31.5,27.0,0.0
2021-11-11 17:00:00,9.8,46.4,49.7,39.9,40.6,36.0,295.0
2021-11-11 18:00:00,9.5,46.5,77.5,44.3,46.8,39.4,336.0
2021-11-11 19:00:00,9.2,46.6,77.8,44.0,46.6,39.2,298.0
2021-11-11 20:00:00,8.8,46.7,77.9,44.1,46.7,39.1,296.0
2021-11-11 21:00:00,8.7,46.7,77.2,44.3,46.8,39.4,299.0
2021-11-11 22:00:00,8.3,46.9,79.4,44.7,47.4,39.5,303.0
2021-11-11 23:00:00,5.8,47.7,75.9,35.3,39.7,31.9,44.0
2021-11-12 00:00:00,4.9,48.0,71.3,32.0,54.1,31.4,0.0
2021-11-12 01:00:00,4.4,48.1,62.4,31.1,47.1,31.1,0.0
2021-11-12 02:00:00,3.6,48.3,63.4,30.6,48.9,28.4,0.0
2021-11-12 03:00:00,3.1,48.3,63.5,29.3,48.9,27.2,0.0
2021-11-12 04:00:00,2.8,48.4,59.6,27.7,48.3,27.1,0.0
2021-11-12 05:00:00,2.5,48.5,58.5,26.6,48.3,26.4,0.0
2021-11-12 06:00:00,2.0,48.6,85.3,46.4,47.3,31.8,257.0
2021-11-12 07:00:00,2.5,48.5,74.5,45.0,47.7,40.6,430.0
2021-11-12 08:00:00,4.4,48.1,85.3,45.6,48.7,40.4,346.0
2021-11-12 09:00:00,6.3,47.5,81.9,45.1,47.9,40.1,330.0
2021-11-12 10:00:00,8.7,46.7,79.2,44.1,46.9,39.2,304.0
2021-11-12 11:00:00,9.6,46.4,77.3,43.6,46.3,38.9,294.0
2021-11-12 12:00:00,11.0,46.0,74.6,42.9,45.5,38.4,277.0
2021-11-12 13:00:00,11.3,45.9,71.7,40.0,38.3,36.9,221.0
2021-11-12 14:00:00,11.3,45.9,68.9,33.0,41.2,32.0,0.0
2021-11-12 15:00:00,11.5,45.8,54.2,35.1,34.3,33.0,137.0
2021-11-12 16:00:00,10.8,45.4,74.4,46.0,47.0,36.0,256.0
2021-11-12 17:00:00,9.6,45.9,75.2,43.9,46.3,38.9,316.0
2021-11-12 18:00:00,8.6,46.4,77.8,43.8,46.4,39.1,295.0
2021-11-12 19:00:00,7.0,47.1,77.2,43.8,46.5,39.1,293.0
2021-11-12 20:00:00,6.3,47.4,79.4,44.2,47.1,39.4,299.0
2021-11-12 21:00:00,5.7,47.6,80.3,44.5,47.2,39.5,302.0
2021-11-12 22:00:00,5.3,47.8,79.5,43.6,40.7,39.5,282.0
2021-11-12 23:00:00,4.3,48.1,76.0,34.7,44.0,33.7,0.0
2021-11-13 00:00:00,3.1,48.3,70.2,32.7,53.6,31.5,0.0
2021-11-13 01:00:00,2.6,48.4,61.4,31.7,45.9,30.9,0.0
2021-11-13 02:00:00,2.2,48.5,65.5,30.1,50.7,28.2,0.0
2021-11-13 03:00:00,1.5,48.7,59.2,28.8,48.0,28.4,0.0
2021-11-13 04:00:00,1.5,48.6,59.7,27.5,49.1,27.0,0.0
2021-11-13 05:00:00,1.6,48.6,57.3,26.8,48.5,26.7,0.0
2021-11-13 06:00:00,0.7,48.8,65.9,35.9,35.1,22.8,44.0
2021-11-13 07:00:00,0.9,48.8,80.8,48.7,49.9,39.6,512.0
2021-11-13 08:00:00,2.9,48.4,85.4,45.2,48.3,40.3,354.0
2021-11-13 09:00:00,5.0,48.0,83.9,44.6,47.6,39.7,323.0
2021-11-13 10:00:00,6.5,47.3,80.7,44.4,47.2,39.0,310.0
2021-11-13 11:00:00,8.3,46.5,78.6,44.3,46.9,39.2,314.0
2021-11-13 12:00:00,10.0,45.7,74.8,42.6,40.2,38.5,274.0
2021-11-13 13:00:00,11.0,45.3,71.1,33.4,39.7,32.2,0.0
2021-11-13 14:00:00,11.4,45.1,66.8,31.9,51.3,30.9,0.0
2021-11-13 15:00:00,11.2,45.2,59.2,31.3,44.8,30.5,0.0
2021-11-13 16:00:00,9.9,45.8,61.1,30.8,46.5,29.1,0.0
2021-11-13 17:00:00,8.1,45.9,79.0,45.6,47.2,36.4,355.0
2021-11-13 18:00:00,7.9,46.0,78.0,43.8,46.3,38.9,328.0
2021-11-13 19:00:00,7.6,46.2,77.0,43.5,46.0,38.6,294.0
2021-11-13 20:00:00,6.4,47.0,79.0,44.9,47.5,39.2,308.0
2021-11-13 21:00:00,6.5,47.0,79.2,44.5,47.1,39.6,316.0
2021-11-13 22:00:00,6.2,47.2,79.5,44.3,41.9,39.3,297.0
2021-11-13 23:00:00,4.5,48.1,72.1,38.2,31.8,30.3,0.0
2021-11-14 00:00:00,3.9,48.2,73.1,28.2,28.6,27.0,0.0
2021-11-14 01:00:00,3.1,48.3,71.2,26.0,27.1,25.6,0.0
2021-11-14 02:00:00,2.4,48.5,69.2,25.0,26.4,24.8,0.0
2021-11-14 03:00:00,2.3,48.5,67.3,24.4,26.0,24.4,0.0
2021-11-14 04:00:00,1.6,48.6,65.5,24.1,25.6,24.1,0.0
2021-11-14 05:00:00,1.2,48.7,64.5,23.8,25.4,23.7,0.0
2021-11-14 06:00:00,1.2,48.7,64.4,31.9,35.2,25.3,91.0
2021-11-14 07:00:00,2.1,48.5,86.0,45.9,49.1,40.5,513.0
2021-11-14 08:00:00,3.5,48.3,81.0,44.9,47.6,39.8,337.0
2021-11-14 09:00:00,5.6,47.6,80.2,45.0,47.7,40.0,335.0
2021-11-14 10:00:00,8.5,45.6,78.4,43.7,46.2,39.0,297.0
2021-11-14 11:00:00,9.4,45.0,75.5,42.3,44.8,38.0,271.0
2021-11-14 12:00:00,10.6,44.2,72.5,41.4,43.9,37.3,255.0
2021-11-14 13:00:00,11.4,43.7,70.4,40.8,43.1,36.9,243.0
2021-11-14 14:00:00,11.7,43.5,67.0,32.6,30.9,29.5,0.0
2021-11-14 15:00:00,11.3,43.8,65.2,28.1,27.9,26.4,0.0
2021-11-14 16:00:00,9.7,44.8,63.2,26.0,26.5,25.0,0.0
2021-11-14 17:00:00,8.6,45.6,78.5,43.2,44.8,32.6,240.0
2021-11-14 18:00:00,8.1,45.9,77.1,43.4,46.0,38.6,363.0
2021-11-14 19:00:00,7.7,46.9,78.9,44.4,47.1,38.8,306.0
2021-11-14 20:00:00,7.2,47.2,76.9,45.0,47.5,39.6,324.0
2021-11-14 21:00:00,6.3,47.9,80.3,46.1,48.5,39.7,323.0
2021-11-14 22:00:00,5.6,48.6,80.1,45.7,41.9,40.5,333.0
2021-11-14 23:00:00,5.1,48.9,61.3,42.8,31.6,30.3,0.0
2021-11-15 00:00:00,5.1,48.9,73.6,28.5,28.4,26.8,0.0
2021-11-15 01:00:00,4.3,49.0,72.1,26.0,27.1,25.5,0.0
2021-11-15 02:00:00,3.9,49.1,70.5,25.1,26.5,24.9,0.0
2021-11-15 03:00:00,3.3,49.1,68.3,24.6,26.1,24.5,0.0
2021-11-15 04:00:00,2.6,49.2,67.0,24.3,25.8,24.2,0.0
2021-11-15 05:00:00,2.3,49.2,24.4,24.5,25.6,24.2,0.0
2021-11-15 06:00:00,2.3,49.2,85.4,44.3,45.5,30.9,204.0
2021-11-15 07:00:00,5.0,49.0,85.2,45.5,48.6,40.8,473.0
2021-11-15 08:00:00,6.0,47.4,80.9,44.1,46.9,39.0,308.0
2021-11-15 09:00:00,6.6,47.0,79.2,43.9,46.7,38.9,310.0
2021-11-15 10:00:00,6.6,46.8,79.1,43.8,46.6,38.8,134.0
2021-11-15 11:00:00,9.0,45.3,77.4,43.0,45.8,38.6,469.0
2021-11-15 12:00:00,8.6,46.2,76.9,43.6,46.2,38.3,289.0
2021-11-15 13:00:00,9.7,45.6,75.4,42.8,45.4,38.5,293.0
2021-11-15 14:00:00,10.0,45.5,73.2,39.1,37.4,36.0,199.0
2021-11-15 15:00:00,9.5,45.8,70.3,31.0,30.4,28.8,0.0
2021-11-15 16:00:00,8.4,46.3,59.5,41.2,42.7,34.9,278.0
2021-11-15 17:00:00,7.0,47.0,79.6,44.4,47.1,39.7,379.0
2021-11-15 18:00:00,6.1,47.5,80.4,44.0,46.8,39.2,300.0
2021-11-15 19:00:00,5.6,47.7,81.0,44.2,47.2,39.4,307.0
2021-11-15 20:00:00,5.3,47.9,80.0,45.3,47.9,39.8,314.0
2021-11-15 21:00:00,7.9,46.6,81.1,44.2,47.0,39.6,305.0
2021-11-15 22:00:00,7.7,46.7,77.0,43.0,39.9,38.6,253.0
2021-11-15 23:00:00,4.7,48.2,74.2,32.8,31.7,30.1,0.0
2021-11-16 00:00:00,4.0,48.3,71.9,28.2,28.6,27.0,0.0
2021-11-16 01:00:00,3.1,48.6,70.0,26.2,27.2,25.6,0.0
2021-11-16 02:00:00,2.8,48.7,67.3,25.1,26.6,24.9,0.0
2021-11-16 03:00:00,2.8,48.7,65.9,24.6,26.1,24.4,0.0
2021-11-16 04:00:00,6.1,47.5,64.3,24.3,25.8,24.2,0.0
2021-11-16 05:00:00,6.8,47.1,62.9,24.0,25.4,23.9,0.0
2021-11-16 06:00:00,7.0,47.0,40.0,28.9,29.9,24.8,0.0
2021-11-16 07:00:00,7.2,46.9,80.6,44.8,47.5,40.0,508.0
2021-11-16 08:00:00,8.9,46.1,78.2,43.5,46.1,38.7,301.0
2021-11-16 09:00:00,9.0,46.0,76.9,43.0,45.7,38.3,290.0
2021-11-16 10:00:00,10.3,45.3,75.2,42.6,45.1,38.1,285.0
2021-11-16 11:00:00,11.2,44.9,73.1,44.1,45.0,33.3,167.0
2021-11-16 12:00:00,11.4,44.7,72.7,42.6,45.0,38.2,337.0
2021-11-16 13:00:00,11.0,45.0,72.7,42.1,44.4,37.8,263.0
2021-11-16 14:00:00,10.7,45.1,72.6,42.1,44.5,37.7,266.0
2021-11-16 15:00:00,10.1,45.4,73.6,43.7,45.8,38.4,286.0
2021-11-16 16:00:00,9.7,45.6,75.3,43.4,45.8,38.7,293.0
2021-11-16 17:00:00,9.4,45.8,75.3,43.3,45.8,38.6,277.0
2021-11-16 18:00:00,9.4,45.8,76.0,43.6,46.2,38.9,292.0
2021-11-16 19:00:00,9.3,45.9,75.3,43.5,45.9,38.8,281.0
2021-11-16 20:00:00,9.2,45.9,75.8,43.5,46.0,38.7,278.0
2021-11-16 21:00:00,9.4,45.8,74.9,43.3,45.7,38.6,275.0
2021-11-16 22:00:00,9.2,45.9,72.45,38.15,38.7,34.4,131.0
2021-11-16 23:00:00,9.0,46.0,70.0,33.0,31.7,30.2,131.0
2021-11-17 00:00:00,8.9,46.1,67.9,28.5,28.8,27.2,0.0
2021-11-17 01:00:00,8.2,46.4,66.5,26.7,27.4,25.9,0.0
2021-11-17 02:00:00,7.9,46.6,64.6,25.6,26.6,25.2,0.0
2021-11-17 03:00:00,7.9,46.6,63.2,25.0,26.3,24.8,0.0
2021-11-17 04:00:00,8.1,46.5,61.9,24.7,26.1,24.6,0.0
2021-11-17 05:00:00,8.3,46.4,62.0,32.9,34.4,24.3,0.0
2021-11-17 06:00:00,8.4,46.3,78.2,45.1,47.4,39.4,471.0
2021-11-17 07:00:00,8.5,46.3,78.8,43.7,46.4,38.9,299.0
2021-11-17 08:00:00,8.9,46.1,77.5,43.5,46.2,38.8,297.0
2021-11-17 09:00:00,9.5,45.8,75.9,43.2,45.9,38.6,286.0
2021-11-17 10:00:00,10.1,45.4,75.4,42.9,45.5,38.3,279.0
2021-11-17 11:00:00,10.9,45.0,73.7,42.6,45.0,38.2,271.0
2021-11-17 12:00:00,11.9,44.5,72.7,42.3,44.7,38.0,263.0
2021-11-17 13:00:00,12.1,44.4,71.9,42.0,44.4,37.8,253.0
2021-11-17 14:00:00,11.9,44.5,52.4,40.7,32.5,31.2,61.0
2021-11-17 15:00:00,11.4,44.8,66.5,29.5,28.8,27.4,0.0
2021-11-17 16:00:00,10.4,45.3,69.2,38.0,38.9,27.3,89.0
2021-11-17 17:00:00,9.5,46.3,76.0,44.4,46.8,39.5,417.0
2021-11-17 18:00:00,8.9,46.5,77.3,44.3,46.7,39.2,297.0
2021-11-17 19:00:00,9.2,46.4,78.2,44.2,46.8,39.5,303.0
2021-11-17 20:00:00,7.2,47.1,77.5,43.8,46.6,39.2,282.0
2021-11-17 21:00:00,6.3,47.5,78.5,45.2,47.7,40.1,320.0
2021-11-17 22:00:00,6.3,47.5,76.85,39.2,39.75,35.2,138.5
2021-11-17 23:00:00,6.3,47.5,75.2,33.2,31.8,30.3,138.5
2021-11-18 00:00:00,6.8,47.3,73.3,28.5,28.9,27.3,0.0
2021-11-18 01:00:00,6.4,47.5,71.3,26.5,27.7,26.1,0.0
2021-11-18 02:00:00,5.9,47.7,69.6,25.7,27.1,25.4,0.0
2021-11-18 03:00:00,6.5,47.5,68.0,25.2,26.8,25.1,0.0
2021-11-18 04:00:00,6.5,47.5,66.6,24.9,26.5,24.8,0.0
2021-11-18 05:00:00,6.6,47.4,66.0,25.2,29.0,24.6,0.0
2021-11-18 06:00:00,6.8,47.4,80.0,43.7,44.5,30.8,198.0
2021-11-18 07:00:00,7.0,47.3,79.3,44.3,47.1,39.8,427.0
2021-11-18 08:00:00,7.4,47.1,79.5,44.3,47.2,39.2,305.0
2021-11-18 09:00:00,7.1,47.2,79.3,44.4,47.0,39.3,312.0
2021-11-18 10:00:00,7.2,47.1,79.3,44.5,47.3,39.4,311.0
2021-11-18 11:00:00,8.1,46.8,79.0,44.5,47.1,39.5,307.0
2021-11-18 12:00:00,8.5,46.7,77.4,44.3,46.9,39.3,307.0
2021-11-18 13:00:00,8.4,46.7,76.9,44.1,46.5,39.2,295.0
2021-11-18 14:00:00,8.0,46.9,78.0,44.3,47.0,39.2,297.0
2021-11-18 15:00:00,7.3,45.3,78.2,41.7,44.6,37.9,251.0
2021-11-18 16:00:00,6.7,46.0,79.2,42.8,45.7,38.5,278.0
2021-11-18 17:00:00,6.3,46.5,79.9,43.4,46.2,38.9,284.0
2021-11-18 18:00:00,6.6,46.1,79.7,43.6,46.4,39.1,287.0
2021-11-18 19:00:00,6.8,45.9,79.2,43.6,46.4,39.1,286.0
2021-11-18 20:00:00,7.2,45.4,77.4,43.0,45.7,38.9,276.0
2021-11-18 21:00:00,7.3,45.3,76.9,42.7,45.5,38.6,267.0
2021-11-18 22:00:00,7.1,45.6,76.1,41.9,39.3,38.2,240.0
2021-11-18 23:00:00,7.2,45.4,73.5,32.6,31.7,30.2,0.0
2021-11-19 00:00:00,6.9,45.8,71.1,28.4,28.9,27.3,0.0
2021-11-19 01:00:00,7.5,45.1,69.4,26.6,27.6,26.0,0.0
2021-11-19 02:00:00,7.0,45.7,67.9,25.7,27.1,25.5,0.0
2021-11-19 03:00:00,7.0,45.7,65.8,25.2,26.7,25.1,0.0
2021-11-19 04:00:00,6.9,45.8,64.7,24.9,26.4,24.8,0.0
2021-11-19 05:00:00,6.8,45.9,63.4,24.6,26.1,24.5,0.0
2021-11-19 06:00:00,6.9,46.2,50.2,31.4,33.0,25.3,36.0
2021-11-19 07:00:00,7.2,45.8,79.5,43.4,46.2,39.4,482.0
2021-11-19 08:00:00,7.4,45.6,78.5,42.1,45.0,38.1,271.0
2021-11-19 09:00:00,7.8,45.2,78.9,42.0,44.9,37.9,272.0
2021-11-19 10:00:00,8.6,44.5,78.1,41.9,44.9,37.9,275.0
2021-11-19 11:00:00,9.5,43.5,77.0,41.2,44.1,37.8,259.0
2021-11-19 12:00:00,9.4,43.6,75.0,40.3,43.1,36.7,232.0
2021-11-19 13:00:00,10.1,42.8,75.1,40.4,43.3,36.9,241.0
2021-11-19 14:00:00,9.9,43.1,74.2,40.3,43.0,36.7,239.0
2021-11-19 15:00:00,9.8,43.2,75.2,40.6,43.4,37.0,245.0
2021-11-19 16:00:00,9.4,43.6,75.2,40.6,43.5,37.0,240.0
2021-11-19 17:00:00,8.7,44.3,77.2,40.9,43.9,37.2,247.0
2021-11-19 18:00:00,8.5,44.5,77.9,41.3,44.3,37.7,256.0
2021-11-19 19:00:00,8.3,44.6,74.3,41.5,44.2,37.5,250.0
2021-11-19 20:00:00,8.5,44.5,75.5,41.9,44.6,37.8,262.0
2021-11-19 21:00:00,8.7,44.3,76.1,42.1,44.8,38.0,262.0
2021-11-19 22:00:00,8.4,44.6,73.8,35.4,33.7,32.3,90.0
2021-11-19 23:00:00,8.6,44.4,71.1,29.4,29.7,28.1,0.0
2021-11-20 00:00:00,8.8,44.1,69.1,27.1,27.9,26.3,0.0
2021-11-20 01:00:00,8.6,44.4,67.1,25.9,27.1,25.6,0.0
2021-11-20 02:00:00,8.7,44.3,65.6,25.3,26.8,25.1,0.0
2021-11-20 03:00:00,8.4,44.6,64.1,25.0,26.6,24.9,0.0
2021-11-20 04:00:00,9.0,43.9,63.2,24.7,26.3,24.7,0.0
2021-11-20 05:00:00,9.0,44.1,62.0,24.5,25.9,24.4,0.0
2021-11-20 06:00:00,8.2,44.7,61.0,24.3,25.9,24.2,0.0
2021-11-20 07:00:00,8.1,44.9,79.1,43.2,46.0,38.3,422.0
2021-11-20 08:00:00,8.5,44.5,78.4,41.5,44.4,37.6,269.0
2021-11-20 09:00:00,9.0,44.0,76.7,41.1,44.1,37.4,260.0
2021-11-20 10:00:00,10.4,42.6,75.0,40.4,43.2,37.1,251.0
2021-11-20 11:00:00,11.4,41.6,74.1,39.3,42.2,36.2,222.0
2021-11-20 12:00:00,12.9,41.0,72.5,38.8,41.8,35.7,209.0
2021-11-20 13:00:00,13.1,41.0,0.0,0.0,31.3,30.0,40.0
2021-11-20 14:00:00,12.9,41.0,27.9,36.9,28.1,26.7,0.0
2021-11-20 15:00:00,12.1,41.0,26.9,29.4,26.5,25.3,0.0
2021-11-20 16:00:00,12.0,45.0,73.7,45.2,46.0,35.0,282.0
2021-11-20 17:00:00,10.9,45.4,72.5,43.5,45.7,38.5,325.0
2021-11-20 18:00:00,10.0,46.6,75.2,44.8,47.0,38.9,300.0
2021-11-20 19:00:00,8.6,46.9,76.2,44.9,47.1,39.6,316.0
2021-11-20 20:00:00,7.7,47.2,78.1,45.3,47.9,39.8,315.0
2021-11-20 21:00:00,7.5,47.2,78.0,44.6,47.0,39.6,305.0
2021-11-20 22:00:00,8.5,47.0,75.5,43.7,41.3,39.4,280.0
2021-11-20 23:00:00,8.5,47.0,72.6,33.6,32.1,30.6,0.0
2021-11-21 00:00:00,8.5,47.0,70.2,28.7,28.9,27.3,0.0
2021-11-21 01:00:00,6.4,47.6,68.3,26.4,27.5,26.0,0.0
2021-11-21 02:00:00,5.6,47.8,65.8,25.5,26.9,25.2,0.0
2021-11-21 03:00:00,5.0,48.0,64.6,24.9,26.5,24.8,0.0
2021-11-21 04:00:00,4.1,48.2,63.2,24.5,26.1,24.5,0.0
2021-11-21 05:00:00,3.0,48.6,62.5,24.3,25.7,24.3,0.0
2021-11-21 06:00:00,2.6,48.7,62.5,24.8,31.9,24.0,0.0
2021-11-21 07:00:00,2.3,48.8,85.6,46.7,49.5,40.8,531.0
2021-11-21 08:00:00,3.0,48.6,82.9,45.0,48.0,39.9,330.0
2021-11-21 09:00:00,4.5,48.1,81.9,45.2,47.9,40.1,343.0
2021-11-21 10:00:00,5.5,47.8,77.9,45.1,47.4,39.5,316.0
2021-11-21 11:00:00,7.3,47.3,75.9,45.0,47.3,39.5,314.0
2021-11-21 12:00:00,9.5,46.7,72.6,44.3,46.4,39.1,298.0
2021-11-21 13:00:00,10.95,46.35,54.8,38.3,38.5,34.15,110.5
2021-11-21 14:00:00,12.4,46.0,37.0,32.3,30.6,29.2,110.5
2021-11-21 15:00:00,13.4,46.0,53.4,27.1,28.5,26.8,0.0
2021-11-21 16:00:00,12.6,46.0,60.7,26.2,27.7,26.0,0.0
2021-11-21 17:00:00,10.7,44.7,53.5,40.0,40.8,35.5,312.0
2021-11-21 18:00:00,8.6,45.9,73.9,44.3,46.4,38.9,346.0
2021-11-21 19:00:00,7.3,46.7,75.3,44.4,46.5,39.0,297.0
2021-11-21 20:00:00,6.6,47.0,75.7,44.6,46.7,39.2,301.0
2021-11-21 21:00:00,6.0,47.4,76.7,45.2,47.5,39.7,312.0
2021-11-21 22:00:00,5.6,47.7,77.0,44.6,41.7,40.1,303.0
2021-11-21 23:00:00,5.2,47.8,72.9,38.1,32.1,30.6,0.0
2021-11-22 00:00:00,4.9,48.0,71.0,28.7,28.6,27.2,0.0
2021-11-22 01:00:00,4.4,48.1,68.8,26.5,27.2,25.7,0.0
2021-11-22 02:00:00,3.9,48.3,67.1,25.2,26.6,25.0,0.0
2021-11-22 03:00:00,3.5,48.4,65.5,24.7,26.2,24.6,0.0
2021-11-22 04:00:00,3.8,48.3,64.0,24.4,25.9,24.3,0.0
2021-11-22 05:00:00,3.7,48.3,63.0,24.1,25.6,24.0,0.0
2021-11-22 06:00:00,3.7,48.3,51.2,32.2,33.8,25.2,38.0
2021-11-22 07:00:00,5.6,47.6,79.3,46.4,48.3,40.5,513.0
2021-11-22 08:00:00,6.6,47.0,78.7,44.6,47.1,39.4,310.0
2021-11-22 09:00:00,8.6,44.9,74.5,42.3,44.8,38.2,274.0
2021-11-22 10:00:00,10.1,44.0,71.6,41.1,43.5,37.1,247.0
2021-11-22 11:00:00,11.4,43.3,68.8,41.1,43.4,36.8,242.0
2021-11-22 12:00:00,12.5,43.0,67.9,41.2,43.3,36.9,245.0
2021-11-22 13:00:00,13.0,43.0,67.3,41.0,42.9,36.8,239.0
2021-11-22 14:00:00,12.9,43.0,67.2,41.0,43.0,36.7,238.0
2021-11-22 15:00:00,12.5,43.0,67.9,41.0,43.1,36.8,233.0
2021-11-22 16:00:00,11.9,43.27,69.23,41.03,43.27,36.93,243.33
2021-11-22 17:00:00,11.3,43.53,70.57,41.07,43.43,37.07,243.33
2021-11-22 18:00:00,10.7,43.8,71.9,41.1,43.6,37.2,243.33
2021-11-22 19:00:00,10.6,44.15,71.3,40.12,41.92,36.8,235.25
2021-11-22 20:00:00,10.5,44.5,70.7,39.15,40.25,36.4,235.25
2021-11-22 21:00:00,10.4,44.85,70.1,38.18,38.58,36.0,235.25
2021-11-22 22:00:00,10.3,45.2,69.5,37.2,36.9,35.6,235.25
2021-11-22 23:00:00,9.5,45.75,67.3,32.55,32.5,31.15,0.0
2021-11-23 00:00:00,8.7,46.3,65.1,27.9,28.1,26.7,0.0
2021-11-23 01:00:00,8.2,46.7,62.5,26.4,27.0,25.6,0.0
2021-11-23 02:00:00,7.9,46.9,61.3,25.2,26.6,25.0,0.0
2021-11-23 03:00:00,7.2,47.4,60.1,24.8,26.1,24.7,0.0
2021-11-23 04:00:00,7.2,47.4,59.1,24.5,26.0,24.4,0.0
2021-11-23 05:00:00,6.8,47.7,59.4,33.3,33.9,24.1,0.0
2021-11-23 06:00:00,6.8,46.4,75.6,45.8,47.6,38.9,455.0
2021-11-23 07:00:00,6.9,46.3,75.3,44.1,46.4,39.0,305.0
2021-11-23 08:00:00,7.2,46.1,75.4,44.0,46.3,38.9,297.0
2021-11-23 09:00:00,7.1,46.2,75.3,44.1,46.3,38.9,297.0
2021-11-23 10:00:00,7.2,46.1,75.2,44.0,46.3,39.0,295.0
2021-11-23 11:00:00,7.2,46.1,75.5,44.0,46.3,38.9,292.0
2021-11-23 12:00:00,7.0,46.2,75.4,44.0,46.3,39.0,297.0
2021-11-23 13:00:00,7.1,46.2,75.4,44.0,46.3,38.9,291.0
2021-11-23 14:00:00,7.0,46.2,74.9,44.1,46.4,39.0,294.0
2021-11-23 15:00:00,6.88,46.31,74.24,42.55,44.65,37.85,227.3
2021-11-23 16:00:00,6.76,46.42,73.58,41.0,42.9,36.7,227.3
2021-11-23 17:00:00,6.64,46.53,72.92,39.45,41.15,35.55,227.3
2021-11-23 18:00:00,6.52,46.64,72.26,37.9,39.4,34.4,227.3
2021-11-23 19:00:00,6.4,46.75,71.6,36.35,37.65,33.25,227.3
2021-11-23 20:00:00,6.28,46.86,70.94,34.8,35.9,32.1,227.3
2021-11-23 21:00:00,6.16,46.97,70.28,33.25,34.15,30.95,227.3
2021-11-23 22:00:00,6.04,47.08,69.62,31.7,32.4,29.8,227.3
2021-11-23 23:00:00,5.92,47.19,68.96,30.15,30.65,28.65,227.3
2021-11-24 00:00:00,5.8,47.3,68.3,28.6,28.9,27.5,227.3
2021-11-24 01:00:00,4.9,48.0,66.1,26.6,27.5,26.0,0.0
2021-11-24 02:00:00,4.4,48.1,64.9,25.5,26.6,25.2,0.0
2021-11-24 03:00:00,4.2,48.2,63.2,24.9,26.3,24.8,0.0
2021-11-24 04:00:00,4.0,48.3,62.0,24.5,25.9,24.5,0.0
2021-11-24 05:00:00,3.6,48.3,60.7,24.2,28.3,24.2,0.0
2021-11-24 06:00:00,3.6,48.4,80.4,42.9,43.6,29.8,175.0
2021-11-24 07:00:00,2.7,48.6,81.9,46.6,49.2,41.2,471.0
2021-11-24 08:00:00,3.7,47.5,82.4,45.0,47.9,39.9,322.0
2021-11-24 09:00:00,4.7,47.1,80.9,44.7,47.4,39.6,316.0
2021-11-24 10:00:00,5.8,46.7,78.4,44.1,46.7,39.2,303.0
2021-11-24 11:00:00,6.8,46.4,77.3,43.8,46.4,39.0,297.0
2021-11-24 12:00:00,7.1,47.6,75.0,45.1,47.1,38.8,292.0
2021-11-24 13:00:00,7.2,45.2,74.5,43.2,45.7,39.8,318.0
2021-11-24 14:00:00,7.16,45.4,74.55,42.21,44.61,38.99,253.38
2021-11-24 15:00:00,7.12,45.6,74.6,41.22,43.53,38.17,253.38
2021-11-24 16:00:00,7.09,45.8,74.65,40.24,42.44,37.36,253.38
2021-11-24 17:00:00,7.05,46.0,74.7,39.25,41.35,36.55,253.37
2021-11-24 18:00:00,7.01,46.2,74.75,38.26,40.26,35.74,253.38
2021-11-24 19:00:00,6.98,46.4,74.8,37.28,39.17,34.92,253.38
2021-11-24 20:00:00,6.94,46.6,74.85,36.29,38.09,34.11,253.38
2021-11-24 21:00:00,6.9,46.8,74.9,35.3,37.0,33.3,253.38
2021-11-24 22:00:00,6.8,46.87,74.2,33.17,34.43,31.43,135.33
2021-11-24 23:00:00,6.7,46.93,73.5,31.03,31.87,29.57,135.33
2021-11-25 00:00:00,6.6,47.0,72.8,28.9,29.3,27.7,135.33
2021-11-25 01:00:00,6.6,47.0,70.8,26.6,27.9,26.2,0.0
2021-11-25 02:00:00,7.5,46.5,69.2,25.8,27.1,25.5,0.0
2021-11-25 03:00:00,7.4,46.5,67.2,25.3,26.9,25.1,0.0
2021-11-25 04:00:00,6.7,46.9,66.1,25.0,26.5,24.9,0.0
2021-11-25 05:00:00,6.3,47.2,64.7,24.7,26.2,24.6,0.0
2021-11-25 06:00:00,7.2,46.6,80.0,44.7,45.3,31.5,219.0
2021-11-25 07:00:00,7.4,46.5,79.7,44.1,46.8,39.5,392.0
2021-11-25 08:00:00,7.9,46.1,78.8,43.3,46.0,38.7,292.0
2021-11-25 09:00:00,8.6,45.7,78.5,43.1,45.8,38.5,288.0
2021-11-25 10:00:00,9.5,45.2,77.2,42.9,45.5,38.4,280.0
2021-11-25 11:00:00,9.72,45.04,76.34,42.02,44.1,38.2,250.2
2021-11-25 12:00:00,9.94,44.88,75.48,41.14,42.7,38.0,250.2
2021-11-25 13:00:00,10.16,44.72,74.62,40.26,41.3,37.8,250.2
2021-11-25 14:00:00,10.38,44.56,73.76,39.38,39.9,37.6,250.2
2021-11-25 15:00:00,10.6,44.4,72.9,38.5,38.5,37.4,250.2
2021-11-25 16:00:00,9.5,45.1,75.1,41.1,41.65,35.15,195.0
2021-11-25 17:00:00,8.4,45.8,77.3,43.7,44.8,32.9,195.0
2021-11-25 18:00:00,8.05,46.02,77.38,46.15,46.78,34.22,275.5
2021-11-25 19:00:00,7.7,46.25,77.45,48.6,48.75,35.55,275.5
2021-11-25 20:00:00,7.35,46.48,77.52,51.05,50.72,36.88,275.5
2021-11-25 21:00:00,7.0,46.7,77.6,53.5,52.7,38.2,275.5
2021-11-25 22:00:00,6.77,46.87,74.67,47.07,47.0,36.37,131.0
2021-11-25 23:00:00,6.53,47.03,71.73,40.63,41.3,34.53,131.0
2021-11-26 00:00:00,6.3,47.2,68.8,34.2,35.6,32.7,131.0
2021-11-26 01:00:00,6.2,47.3,68.2,29.9,31.0,27.8,0.0
2021-11-26 02:00:00,6.0,47.4,67.1,27.2,32.7,26.3,0.0
2021-11-26 03:00:00,5.9,47.5,66.4,26.0,35.3,26.4,0.0
2021-11-26 04:00:00,5.7,47.6,64.9,25.9,47.8,26.4,0.0
2021-11-26 05:00:00,5.7,47.6,70.6,46.9,40.6,26.1,104.0
2021-11-26 06:00:00,5.9,47.5,80.4,52.3,53.5,42.2,529.0
2021-11-26 07:00:00,6.4,47.1,80.9,54.4,55.5,44.7,472.0
2021-11-26 08:00:00,6.3,47.23,80.27,51.1,52.47,41.23,321.0
2021-11-26 09:00:00,6.2,47.37,79.63,47.8,49.43,37.77,321.0
2021-11-26 10:00:00,6.1,47.5,79.0,44.5,46.4,34.3,321.0
2021-11-26 11:00:00,5.6,48.2,80.8,45.5,48.5,40.6,391.0
2021-11-26 12:00:00,5.97,47.87,79.47,45.03,47.67,40.11,166.56
2021-11-26 13:00:00,6.34,47.54,78.14,44.56,46.84,39.62,166.56
2021-11-26 14:00:00,6.72,47.22,76.82,44.1,46.02,39.14,166.56
2021-11-26 15:00:00,7.09,46.89,75.49,43.63,45.19,38.65,166.56
2021-11-26 16:00:00,7.46,46.56,74.16,43.16,44.36,38.16,166.56
2021-11-26 17:00:00,7.83,46.23,72.83,42.69,43.53,37.67,166.56
2021-11-26 18:00:00,8.2,45.9,71.5,42.22,42.7,37.18,166.56
2021-11-26 19:00:00,8.58,45.58,70.18,41.76,41.88,36.7,166.56
2021-11-26 20:00:00,8.95,45.25,68.85,41.29,41.05,36.21,166.56
2021-11-26 21:00:00,9.32,44.92,67.52,40.82,40.22,35.72,166.56
2021-11-26 22:00:00,9.69,44.59,66.19,40.35,39.39,35.23,166.56
2021-11-26 23:00:00,10.06,44.26,64.86,39.88,38.56,34.74,166.56
2021-11-27 00:00:00,10.44,43.94,63.54,39.42,37.74,34.26,166.56
2021-11-27 01:00:00,10.81,43.61,62.21,38.95,36.91,33.77,166.56
2021-11-27 02:00:00,11.18,43.28,60.88,38.48,36.08,33.28,166.56
2021-11-27 03:00:00,11.55,42.95,59.55,38.01,35.25,32.79,166.56
2021-11-27 04:00:00,11.92,42.62,58.22,37.54,34.42,32.3,166.56
2021-11-27 05:00:00,12.3,42.3,56.9,37.08,33.6,31.82,166.56
2021-11-27 06:00:00,12.67,41.97,55.57,36.61,32.77,31.33,166.56
2021-11-27 07:00:00,13.04,41.64,54.24,36.14,31.94,30.84,166.56
2021-11-27 08:00:00,13.41,41.31,52.91,35.67,31.11,30.35,166.56
2021-11-27 09:00:00,13.78,40.98,51.58,35.2,30.28,29.86,166.56
2021-11-27 10:00:00,14.16,40.66,50.26,34.74,29.46,29.38,166.56
2021-11-27 11:00:00,14.53,40.33,48.93,34.27,28.63,28.89,166.56
2021-11-27 12:00:00,14.9,40.0,47.6,33.8,27.8,28.4,166.56
2021-11-27 13:00:00,14.7,40.0,45.2,29.4,29.9,27.7,0.0
2021-11-27 14:00:00,14.7,40.0,48.3,27.1,34.4,26.8,0.0
2021-11-27 15:00:00,14.8,40.0,49.7,25.2,33.0,25.3,0.0
2021-11-27 16:00:00,14.0,40.1,50.9,24.3,35.7,24.9,0.0
2021-11-27 17:00:00,12.7,41.5,53.0,24.2,28.3,24.4,0.0
2021-11-27 18:00:00,10.8,47.1,75.5,50.6,50.6,37.3,417.0
2021-11-27 19:00:00,11.2,46.8,73.6,43.1,46.0,39.3,316.0
2021-11-27 20:00:00,10.3,47.4,74.2,45.0,47.4,39.5,298.0
2021-11-27 21:00:00,10.0,47.7,74.3,45.8,48.1,40.4,324.0
2021-11-27 22:00:00,9.9,47.6,71.2,35.6,33.1,31.7,0.0
2021-11-27 23:00:00,10.4,47.4,67.7,31.2,36.9,30.6,0.0
2021-11-28 00:00:00,10.5,47.3,66.4,27.3,27.6,26.1,0.0
2021-11-28 01:00:00,11.1,46.9,65.7,26.0,26.9,25.4,0.0
2021-11-28 02:00:00,10.4,47.4,64.3,25.4,26.5,25.0,0.0
2021-11-28 03:00:00,10.7,47.2,64.7,25.0,26.6,24.9,0.0
2021-11-28 04:00:00,9.7,47.8,64.1,25.1,26.3,24.7,0.0
2021-11-28 05:00:00,9.4,48.0,60.6,25.1,26.0,24.4,0.0
2021-11-28 06:00:00,10.1,47.6,56.1,24.5,36.4,24.2,0.0
2021-11-28 07:00:00,11.4,46.7,76.1,45.5,48.1,40.4,483.0
2021-11-28 08:00:00,12.5,46.0,69.5,42.9,45.4,38.8,271.0
2021-11-28 09:00:00,13.3,45.4,71.9,43.0,45.5,38.6,272.0
2021-11-28 10:00:00,14.7,45.0,70.5,42.8,45.1,38.5,267.0
2021-11-28 11:00:00,14.7,45.0,52.0,42.0,42.8,37.7,230.0
2021-11-28 12:00:00,15.6,45.0,56.2,34.5,32.6,30.7,0.0
2021-11-28 13:00:00,15.7,45.0,51.8,32.4,31.9,30.5,0.0
2021-11-28 14:00:00,15.9,45.0,47.7,31.3,30.2,28.5,0.0
2021-11-28 15:00:00,16.0,45.0,46.5,29.4,28.0,26.4,0.0
2021-11-28 16:00:00,15.6,44.0,79.2,46.1,45.0,28.2,135.0
2021-11-28 17:00:00,15.1,44.0,71.6,40.6,43.4,38.0,367.0
2021-11-28 18:00:00,13.6,44.3,68.8,41.3,43.8,37.2,234.0
2021-11-28 19:00:00,12.5,45.1,71.7,42.5,45.0,38.2,268.0
2021-11-28 20:00:00,12.9,44.8,70.2,42.6,44.9,38.5,263.0
2021-11-28 21:00:00,12.8,44.9,69.7,42.4,44.9,38.4,253.0
2021-11-28 22:00:00,12.7,45.0,69.4,41.9,39.9,38.3,236.0
2021-11-28 23:00:00,12.7,45.0,67.3,33.1,33.5,30.7,0.0
2021-11-29 00:00:00,12.3,45.4,65.0,29.0,28.9,27.5,0.0
2021-11-29 01:00:00,12.4,45.3,62.4,27.2,27.4,26.1,0.0
2021-11-29 02:00:00,11.9,45.6,60.9,25.9,26.9,25.4,0.0
2021-11-29 03:00:00,11.1,46.2,60.1,26.2,26.5,25.0,0.0
2021-11-29 04:00:00,10.7,46.5,58.1,25.7,26.4,24.8,0.0
2021-11-29 05:00:00,8.5,48.2,56.9,25.2,27.0,24.7,0.0
2021-11-29 06:00:00,8.2,45.9,77.7,41.1,41.5,25.8,92.0
2021-11-29 07:00:00,7.7,46.0,79.2,42.4,45.7,39.5,457.0
2021-11-29 08:00:00,8.3,45.9,79.1,42.2,45.5,38.4,265.0
2021-11-29 09:00:00,8.1,45.9,78.4,42.3,45.6,38.5,276.0
2021-11-29 10:00:00,9.1,45.6,77.9,42.2,45.5,38.5,270.0
2021-11-29 11:00:00,9.5,45.5,78.1,42.3,45.5,38.6,270.0
2021-11-29 12:00:00,9.4,45.5,76.9,42.1,45.2,38.4,264.0
2021-11-29 13:00:00,9.1,45.6,75.2,42.5,45.4,38.4,262.0
2021-11-29 14:00:00,7.7,46.1,78.5,43.4,46.6,39.1,283.0
2021-11-29 15:00:00,7.2,46.2,80.1,43.3,46.6,39.3,286.0
2021-11-29 16:00:00,7.2,46.2,76.7,42.7,45.9,39.1,269.0
2021-11-29 17:00:00,7.1,46.5,75.2,43.1,46.0,39.0,266.0
2021-11-29 18:00:00,6.9,46.5,76.1,43.3,46.2,39.2,268.0
2021-11-29 19:00:00,6.5,46.6,77.5,43.7,46.7,39.5,281.0
2021-11-29 20:00:00,4.6,47.3,77.7,43.8,46.8,39.5,277.0
2021-11-29 21:00:00,4.9,47.0,80.1,44.2,47.4,40.1,295.0
2021-11-29 22:00:00,4.9,47.1,79.3,44.2,46.7,40.0,288.0
2021-11-29 23:00:00,4.3,47.5,75.2,34.0,33.2,31.6,0.0
2021-11-30 00:00:00,3.5,48.2,73.2,29.0,31.5,29.5,0.0
2021-11-30 01:00:00,2.9,48.7,71.3,27.2,28.2,26.6,0.0
2021-11-30 02:00:00,2.2,49.2,69.3,26.1,27.4,25.7,0.0
2021-11-30 03:00:00,1.6,49.6,67.9,25.4,27.0,25.3,0.0
2021-11-30 04:00:00,1.5,49.7,66.5,24.9,26.8,25.0,0.0
2021-11-30 05:00:00,1.5,49.8,25.7,24.9,26.1,25.6,0.0
2021-11-30 06:00:00,1.7,49.3,76.7,40.9,42.3,29.6,179.0
2021-11-30 07:00:00,1.9,49.1,83.7,45.9,49.1,41.8,482.0
2021-11-30 08:00:00,2.2,48.9,85.7,45.0,48.6,40.3,319.0
2021-11-30 09:00:00,2.3,48.8,85.6,45.2,48.8,40.5,338.0
2021-11-30 10:00:00,2.5,48.7,84.8,45.2,48.7,40.4,333.0
2021-11-30 11:00:00,3.4,48.1,84.6,45.1,48.7,40.5,326.0
2021-11-30 12:00:00,3.1,48.3,84.1,45.0,48.3,40.4,325.0
2021-11-30 13:00:00,3.7,47.9,84.0,45.0,48.3,40.3,324.0
2021-11-30 14:00:00,3.7,47.9,83.9,44.0,47.5,39.8,304.0
2021-11-30 15:00:00,3.7,47.9,83.9,43.8,47.4,39.6,302.0
2021-11-30 16:00:00,4.0,47.7,83.0,43.7,47.2,39.7,301.0
2021-11-30 17:00:00,3.1,48.3,84.1,44.6,48.1,39.9,310.0
2021-11-30 18:00:00,2.9,48.4,84.9,45.3,48.8,40.6,329.0
2021-11-30 19:00:00,2.3,48.8,84.6,45.3,48.8,40.7,326.0
2021-11-30 20:00:00,1.6,49.3,84.3,45.3,48.7,40.7,325.0
2021-11-30 21:00:00,1.3,49.5,85.6,45.8,49.3,40.7,329.0
2021-11-30 22:00:00,1.1,49.7,83.9,36.9,36.2,34.5,139.0
2021-11-30 23:00:00,0.8,49.9,80.2,30.1,30.8,29.1,0.0
2021-12-01 00:00:00,0.2,50.2,78.1,27.4,34.4,27.7,0.0
2021-12-01 01:00:00,0.3,50.2,76.4,26.0,28.0,26.0,0.0
2021-12-01 02:00:00,0.8,49.9,74.4,25.9,27.7,25.7,0.0
2021-12-01 03:00:00,1.0,49.8,74.1,25.6,27.9,25.7,37.0
2021-12-01 04:00:00,1.5,49.4,73.2,25.9,28.3,26.0,47.0
2021-12-01 05:00:00,2.0,49.1,70.0,25.9,29.3,25.9,44.0
2021-12-01 06:00:00,2.3,48.8,55.3,38.4,37.7,28.7,162.0
2021-12-01 07:00:00,2.5,48.7,84.3,47.9,50.7,41.2,463.0
2021-12-01 08:00:00,3.1,48.3,84.2,44.4,48.0,39.8,316.0
2021-12-01 09:00:00,4.9,47.0,83.9,43.9,47.5,39.7,327.0
2021-12-01 10:00:00,6.3,46.3,81.0,42.9,46.3,38.9,296.0
2021-12-01 11:00:00,7.2,46.0,78.9,42.4,45.6,38.5,281.0
2021-12-01 12:00:00,8.0,45.6,77.8,42.0,45.2,38.2,275.0
2021-12-01 13:00:00,8.9,45.2,75.4,41.5,44.6,37.9,267.0
2021-12-01 14:00:00,9.8,44.8,74.1,41.8,44.7,37.8,266.0
2021-12-01 15:00:00,9.5,45.0,73.5,41.7,44.6,37.8,263.0
2021-12-01 16:00:00,8.9,45.2,75.2,42.0,45.0,37.9,269.0
2021-12-01 17:00:00,8.3,45.5,78.4,42.8,46.0,38.5,283.0
2021-12-01 18:00:00,8.1,45.6,77.8,42.3,45.4,38.6,278.0
2021-12-01 19:00:00,8.1,46.2,78.7,42.9,46.1,38.7,277.0
2021-12-01 20:00:00,7.9,46.4,76.5,42.9,46.0,38.8,283.0
2021-12-01 21:00:00,8.4,46.1,76.2,43.1,45.9,38.9,280.0
2021-12-01 22:00:00,8.1,46.2,77.3,42.7,40.0,38.9,264.0
2021-12-01 23:00:00,8.2,46.1,65.5,35.5,34.0,31.1,0.0
2021-12-02 00:00:00,5.2,47.8,69.9,28.6,28.6,27.0,0.0
2021-12-02 01:00:00,4.5,48.3,69.9,26.4,27.6,25.9,0.0
2021-12-02 02:00:00,3.4,48.9,68.2,25.7,26.9,25.2,0.0
2021-12-02 03:00:00,3.4,48.9,66.7,24.9,26.4,24.9,0.0
2021-12-02 04:00:00,2.7,49.3,65.4,24.7,35.9,24.5,0.0
2021-12-02 05:00:00,2.2,48.9,70.6,39.8,40.4,25.9,106.0
2021-12-02 06:00:00,2.3,48.1,84.9,45.4,49.0,41.1,517.0
2021-12-02 07:00:00,3.1,47.5,84.6,43.8,47.4,39.6,310.0
2021-12-02 08:00:00,3.3,47.3,84.9,43.6,47.2,39.5,311.0
2021-12-02 09:00:00,7.2,44.5,82.2,41.5,45.1,38.6,280.0
2021-12-02 10:00:00,9.2,43.2,77.9,39.6,43.1,37.0,233.0
2021-12-02 11:00:00,11.7,41.5,74.5,38.6,41.9,36.1,217.0
2021-12-02 12:00:00,12.1,41.2,71.7,37.7,36.6,35.4,191.0
2021-12-02 13:00:00,12.5,41.0,35.1,36.9,35.0,30.6,0.0
2021-12-02 14:00:00,12.2,41.2,34.6,36.4,32.9,29.4,0.0
2021-12-02 15:00:00,11.8,41.4,73.0,39.4,42.3,37.4,335.0
2021-12-02 16:00:00,11.0,45.0,74.3,43.0,45.4,38.3,281.0
2021-12-02 17:00:00,11.0,46.0,75.8,43.0,45.9,38.6,283.0
2021-12-02 18:00:00,11.3,46.0,75.5,43.1,45.9,38.8,283.0
2021-12-02 19:00:00,11.3,46.3,75.5,43.2,46.1,38.9,277.0
2021-12-02 20:00:00,11.5,46.9,74.6,44.2,46.9,39.4,298.0
2021-12-02 21:00:00,11.7,46.9,74.2,44.4,47.0,39.5,296.0
2021-12-02 22:00:00,10.7,47.1,75.0,44.4,47.0,39.5,292.0
2021-12-02 23:00:00,9.2,47.3,71.2,34.5,33.0,31.5,32.0
2021-12-03 00:00:00,11.3,47.0,69.2,29.2,35.1,28.1,0.0
2021-12-03 01:00:00,11.8,46.9,67.3,27.1,27.8,26.2,0.0
2021-12-03 02:00:00,12.1,46.8,65.6,25.8,27.1,25.5,0.0
2021-12-03 03:00:00,12.4,46.8,63.3,25.4,27.7,25.2,0.0
2021-12-03 04:00:00,11.2,47.0,62.3,25.2,26.4,24.9,0.0
2021-12-03 05:00:00,10.3,47.1,61.6,25.4,26.3,24.6,0.0
2021-12-03 06:00:00,10.1,47.2,75.3,40.1,41.0,26.1,90.0
2021-12-03 07:00:00,10.1,47.2,75.5,45.1,47.9,41.0,480.0
2021-12-03 08:00:00,9.7,47.2,75.4,44.1,46.8,39.2,293.0
2021-12-03 09:00:00,10.6,47.1,75.2,44.3,46.9,39.4,304.0
2021-12-03 10:00:00,10.9,47.0,74.5,44.2,46.9,39.4,296.0
2021-12-03 11:00:00,5.8,47.8,80.4,45.5,48.5,39.8,317.0
2021-12-03 12:00:00,4.8,48.1,81.0,45.3,48.4,40.4,326.0
2021-12-03 13:00:00,3.2,49.0,84.0,46.0,49.3,40.9,338.0
2021-12-03 14:00:00,3.7,48.7,84.1,45.7,49.1,40.9,326.0
2021-12-03 15:00:00,3.4,49.0,84.0,45.6,48.9,40.9,330.0
2021-12-03 16:00:00,3.6,48.8,81.2,45.1,48.3,40.5,316.0
2021-12-03 17:00:00,2.9,49.2,82.0,46.4,49.5,41.0,333.0
2021-12-03 18:00:00,2.8,49.3,85.2,46.1,49.6,41.4,339.0
2021-12-03 19:00:00,3.3,49.0,84.1,45.7,49.0,41.0,323.0
2021-12-03 20:00:00,3.2,49.0,83.1,45.4,48.6,40.8,319.0
2021-12-03 21:00:00,3.3,48.9,83.8,45.0,48.4,40.6,310.0
2021-12-03 22:00:00,3.6,48.8,83.7,46.2,49.4,41.0,326.0
2021-12-03 23:00:00,3.7,48.7,79.6,35.0,34.0,32.3,35.0
2021-12-04 00:00:00,3.8,48.7,77.2,29.5,29.9,28.3,0.0
2021-12-04 01:00:00,3.4,48.9,74.9,27.1,28.3,26.6,0.0
2021-12-04 02:00:00,3.6,48.8,72.6,26.1,27.5,25.8,0.0
2021-12-04 03:00:00,3.6,48.8,71.0,25.6,27.1,25.3,0.0
2021-12-04 04:00:00,3.4,48.9,69.5,25.2,26.6,25.0,0.0
2021-12-04 05:00:00,3.1,49.1,68.1,24.8,26.3,24.6,0.0
2021-12-04 06:00:00,3.1,49.0,62.5,42.3,41.5,32.0,263.0
2021-12-04 07:00:00,3.1,49.1,84.2,45.6,49.0,40.8,433.0
2021-12-04 08:00:00,3.1,49.1,84.2,45.4,48.8,40.5,335.0
2021-12-04 09:00:00,3.9,48.6,84.0,45.3,48.9,40.4,335.0
2021-12-04 10:00:00,4.3,48.4,81.5,44.8,48.0,40.0,319.0
2021-12-04 11:00:00,4.6,48.2,81.2,44.6,47.8,39.9,316.0
2021-12-04 12:00:00,5.9,47.8,80.0,44.4,47.5,39.8,312.0
2021-12-04 13:00:00,5.6,46.0,78.8,44.2,47.2,39.4,306.0
2021-12-04 14:00:00,6.0,46.0,77.5,42.4,45.5,38.6,276.0
2021-12-04 15:00:00,5.4,46.0,78.7,42.2,45.4,38.3,270.0
2021-12-04 16:00:00,5.1,46.0,79.2,42.4,45.7,38.4,281.0
2021-12-04 17:00:00,4.8,46.1,79.5,42.6,45.8,38.6,280.0
2021-12-04 18:00:00,4.3,46.5,81.0,42.9,46.3,38.8,287.0
2021-12-04 19:00:00,4.0,46.8,81.6,43.2,46.6,39.1,292.0
2021-12-04 20:00:00,3.6,47.0,82.5,43.2,46.8,39.2,292.0
2021-12-04 21:00:00,2.6,47.9,83.2,44.2,47.6,39.5,302.0
2021-12-04 22:00:00,1.6,48.7,83.8,44.4,41.8,40.2,312.0
2021-12-04 23:00:00,1.4,48.8,80.0,33.4,32.6,30.9,0.0
2021-12-05 00:00:00,1.4,48.8,77.6,28.4,29.2,27.4,0.0
2021-12-05 01:00:00,0.9,49.2,75.1,26.5,27.6,25.9,0.0
2021-12-05 02:00:00,1.1,49.1,73.0,25.5,27.0,25.2,0.0
2021-12-05 03:00:00,0.4,49.6,71.2,25.0,26.5,24.8,0.0
2021-12-05 04:00:00,0.4,49.6,69.7,24.6,26.1,24.4,0.0
2021-12-05 05:00:00,0.3,49.7,68.5,24.2,25.7,24.1,0.0
2021-12-05 06:00:00,0.8,48.5,73.6,40.2,40.6,25.8,111.0
2021-12-05 07:00:00,0.5,48.7,87.3,45.2,48.8,40.9,516.0
2021-12-05 08:00:00,1.5,48.1,84.6,43.7,47.2,39.5,317.0
2021-12-05 09:00:00,3.8,46.7,83.4,43.8,47.3,39.6,329.0
2021-12-05 10:00:00,6.4,46.0,81.0,42.4,45.7,38.6,290.0
2021-12-05 11:00:00,8.0,46.2,76.8,42.5,45.6,38.2,282.0
2021-12-05 12:00:00,9.7,46.3,73.6,43.3,45.8,38.5,293.0
2021-12-05 13:00:00,10.5,46.3,72.7,43.2,45.7,38.5,288.0
2021-12-05 14:00:00,11.6,46.4,72.8,43.8,46.3,38.8,294.0
2021-12-05 15:00:00,11.3,46.4,67.4,44.7,44.6,35.1,196.0
2021-12-05 16:00:00,10.1,46.3,73.8,44.1,46.7,39.7,245.0
2021-12-05 17:00:00,9.3,46.2,71.2,39.6,41.0,29.0,0.0
2021-12-05 18:00:00,8.9,46.2,78.3,43.6,46.6,39.6,437.0
2021-12-05 19:00:00,8.9,46.2,77.5,42.6,45.7,38.7,272.0
2021-12-05 20:00:00,8.8,46.2,77.1,48.3,49.1,37.2,268.0
2021-12-05 21:00:00,9.4,46.3,77.6,43.5,46.6,39.4,308.0
2021-12-05 22:00:00,8.9,46.2,75.6,43.0,42.2,39.0,272.0
2021-12-05 23:00:00,8.9,46.2,70.3,34.2,32.1,30.6,0.0
2021-12-06 00:00:00,8.9,46.2,69.3,28.9,33.4,27.6,0.0
2021-12-06 01:00:00,8.5,46.2,68.5,26.7,27.4,25.9,0.0
2021-12-06 02:00:00,8.7,46.2,67.6,25.9,27.1,25.4,0.0
2021-12-06 03:00:00,8.5,46.2,65.3,25.4,26.6,25.0,0.0
2021-12-06 04:00:00,8.1,46.2,64.4,24.9,26.2,24.7,0.0
2021-12-06 05:00:00,7.1,46.1,26.5,24.8,26.0,24.6,0.0
2021-12-06 06:00:00,6.8,46.1,80.2,42.6,43.5,28.5,157.0
2021-12-06 07:00:00,6.7,47.7,80.5,43.7,46.9,39.8,433.0
2021-12-06 08:00:00,6.6,47.7,80.3,44.5,47.5,39.5,312.0
2021-12-06 09:00:00,6.9,47.7,79.5,44.8,47.8,39.9,321.0
2021-12-06 10:00:00,7.4,47.6,79.4,44.8,47.8,39.9,316.0
2021-12-06 11:00:00,6.7,47.7,79.3,44.9,47.9,40.1,314.0
2021-12-06 12:00:00,6.0,47.8,81.2,45.3,48.3,40.2,318.0
2021-12-06 13:00:00,5.4,47.9,81.0,45.0,48.1,40.3,318.0
2021-12-06 14:00:00,5.2,47.9,82.9,45.1,48.4,40.6,319.0
2021-12-06 15:00:00,4.9,48.0,84.0,45.0,48.4,40.4,314.0
2021-12-06 16:00:00,4.1,48.3,83.8,45.1,48.5,40.5,318.0
2021-12-06 17:00:00,3.8,48.4,83.9,45.1,48.5,40.6,316.0
2021-12-06 18:00:00,3.7,48.4,84.0,45.1,48.6,40.6,319.0
2021-12-06 19:00:00,3.5,48.6,83.9,45.2,48.6,40.7,314.0
2021-12-06 20:00:00,3.0,48.8,84.6,44.7,48.2,40.4,313.0
2021-12-06 21:00:00,2.7,48.9,84.2,45.5,48.9,40.7,318.0
2021-12-06 22:00:00,2.3,49.0,76.3,38.4,34.9,33.6,102.0
2021-12-06 23:00:00,2.3,49.0,78.0,30.2,30.1,28.5,0.0
2021-12-07 00:00:00,2.0,49.2,76.6,27.2,28.4,26.6,0.0
2021-12-07 01:00:00,2.3,49.0,73.9,26.1,27.6,25.8,0.0
2021-12-07 02:00:00,2.1,49.1,72.1,25.4,27.4,26.4,0.0
2021-12-07 03:00:00,2.0,49.2,70.7,25.0,35.1,25.1,0.0
2021-12-07 04:00:00,1.8,49.2,69.0,24.5,35.9,24.7,0.0
2021-12-07 05:00:00,1.7,49.3,67.6,24.3,28.0,24.8,0.0
2021-12-07 06:00:00,1.8,49.2,68.0,39.8,42.1,27.6,152.0
2021-12-07 07:00:00,1.6,49.3,79.9,48.4,50.5,41.1,513.0
2021-12-07 08:00:00,1.7,49.3,86.1,45.9,49.4,40.8,356.0
2021-12-07 09:00:00,1.8,48.6,87.9,46.3,49.8,41.1,358.0
2021-12-07 10:00:00,1.7,48.6,85.7,44.2,47.9,40.0,316.0
2021-12-07 11:00:00,2.4,48.5,85.8,45.0,48.7,40.3,333.0
2021-12-07 12:00:00,2.7,48.4,85.7,45.1,48.7,40.4,331.0
2021-12-07 13:00:00,1.8,48.6,85.8,45.1,48.8,40.4,332.0
2021-12-07 14:00:00,1.2,48.7,86.5,45.3,48.9,40.5,331.0
2021-12-07 15:00:00,1.1,47.5,86.6,43.9,47.7,40.2,318.0
2021-12-07 16:00:00,1.0,47.6,86.1,43.1,47.1,39.5,290.0
2021-12-07 17:00:00,0.9,47.6,92.5,44.2,48.6,39.5,303.0
2021-12-07 18:00:00,0.8,47.6,101.5,42.7,47.7,40.1,319.0
2021-12-07 19:00:00,0.7,47.7,99.7,42.7,47.6,39.5,290.0
2021-12-07 20:00:00,0.6,47.7,99.0,43.4,48.2,40.2,330.0
2021-12-07 21:00:00,0.8,47.6,98.9,42.6,47.5,39.5,296.0
2021-12-07 22:00:00,1.0,47.5,100.5,43.3,48.2,40.1,317.0
2021-12-07 23:00:00,1.1,47.5,95.2,33.5,33.5,31.5,0.0
2021-12-08 00:00:00,1.2,47.5,92.1,28.7,29.8,27.8,0.0
2021-12-08 01:00:00,1.2,47.4,89.2,26.7,34.7,26.7,0.0
2021-12-08 02:00:00,1.3,47.4,86.5,25.9,27.8,25.8,0.0
2021-12-08 03:00:00,1.4,47.4,84.5,25.5,27.2,25.3,0.0
2021-12-08 04:00:00,1.4,47.4,82.7,25.0,26.7,24.9,0.0
2021-12-08 05:00:00,1.3,47.4,76.8,48.4,48.7,34.6,305.0
2021-12-08 06:00:00,1.2,49.5,85.0,45.3,48.9,40.5,410.0
2021-12-08 07:00:00,1.4,49.4,85.1,45.8,49.6,40.9,361.0
2021-12-08 08:00:00,1.6,49.3,90.5,44.9,48.8,40.7,352.0
2021-12-08 09:00:00,2.0,49.2,85.1,45.0,48.4,40.4,337.0
2021-12-08 10:00:00,2.6,48.9,80.1,46.2,48.9,40.3,341.0
2021-12-08 11:00:00,3.7,48.5,85.5,45.5,49.1,40.5,348.0
2021-12-08 12:00:00,3.1,48.7,84.2,44.8,48.2,40.2,333.0
2021-12-08 13:00:00,2.5,49.0,79.5,45.7,48.5,40.1,329.0
2021-12-08 14:00:00,3.3,48.6,83.8,46.6,49.4,40.6,346.0
2021-12-08 15:00:00,3.6,48.5,83.3,45.1,48.5,40.4,333.0
2021-12-08 16:00:00,2.9,48.8,83.9,46.1,49.5,40.5,330.0
2021-12-08 17:00:00,2.0,49.2,84.6,45.4,48.9,40.6,337.0
2021-12-08 18:00:00,2.1,49.1,85.9,45.6,49.2,40.8,335.0
2021-12-08 19:00:00,1.7,49.3,88.6,45.8,49.6,40.9,338.0
2021-12-08 20:00:00,1.4,49.4,85.9,45.7,49.2,40.8,335.0
2021-12-08 21:00:00,1.1,49.5,86.5,45.7,49.2,40.8,335.0
2021-12-08 22:00:00,0.9,49.6,86.3,45.8,49.4,40.9,335.0
2021-12-08 23:00:00,0.7,49.7,82.0,34.1,33.2,31.5,0.0
2021-12-09 00:00:00,0.6,49.7,79.4,29.0,34.1,28.3,0.0
2021-12-09 01:00:00,1.2,49.5,77.3,26.4,30.4,27.3,0.0
2021-12-09 02:00:00,0.8,49.6,75.1,25.5,26.9,25.1,0.0
2021-12-09 03:00:00,1.08,49.5,77.5,29.45,31.0,25.85,61.5
2021-12-09 04:00:00,1.35,49.4,79.9,33.4,35.1,26.6,61.5
2021-12-09 05:00:00,1.62,49.3,82.3,37.35,39.2,27.35,61.5
2021-12-09 06:00:00,1.9,49.2,84.7,41.3,43.3,28.1,61.5
2021-12-09 07:00:00,2.0,49.6,85.7,46.6,50.0,42.6,534.0
2021-12-09 08:00:00,2.9,49.1,87.6,45.3,49.0,40.2,336.0
2021-12-09 09:00:00,3.3,48.9,86.7,45.2,48.6,40.2,349.0
2021-12-09 10:00:00,4.8,48.1,86.2,45.1,48.7,40.3,345.0
2021-12-09 11:00:00,6.5,46.6,80.1,43.3,46.5,39.5,307.0
2021-12-09 12:00:00,7.7,45.6,78.5,41.8,45.0,38.1,274.0
2021-12-09 13:00:00,7.9,46.8,75.8,40.3,37.7,36.5,220.0
2021-12-09 14:00:00,7.9,46.8,62.6,43.7,42.7,32.6,174.0
2021-12-09 15:00:00,7.8,46.9,78.6,44.3,47.3,39.9,390.0
2021-12-09 16:00:00,7.6,46.9,78.8,43.7,46.7,39.2,299.0
2021-12-09 17:00:00,7.4,47.0,79.2,43.7,46.8,39.2,299.0
2021-12-09 18:00:00,7.6,46.9,79.4,43.7,46.8,39.2,303.0
2021-12-09 19:00:00,8.0,46.8,78.3,43.6,46.6,39.3,296.0
2021-12-09 20:00:00,8.4,46.7,78.2,43.4,46.4,39.0,289.0
2021-12-09 21:00:00,7.5,47.0,78.4,43.4,46.4,39.0,289.0
2021-12-09 22:00:00,6.6,47.3,76.1,33.9,34.5,32.7,102.0
2021-12-09 23:00:00,6.2,47.5,78.1,28.9,30.7,28.7,0.0
2021-12-10 00:00:00,6.4,47.4,69.3,27.1,31.3,27.1,0.0
2021-12-10 01:00:00,6.3,47.4,51.2,25.9,27.5,25.9,0.0
2021-12-10 02:00:00,6.3,47.4,50.9,25.0,27.5,25.1,0.0
2021-12-10 03:00:00,6.1,47.5,52.7,24.5,27.7,24.7,0.0
2021-12-10 04:00:00,6.5,47.4,53.3,24.2,36.6,24.3,0.0
2021-12-10 05:00:00,5.8,47.6,53.5,23.9,35.4,24.1,0.0
2021-12-10 06:00:00,5.3,47.8,39.0,30.6,30.9,25.6,77.0
2021-12-10 07:00:00,5.4,47.8,73.3,46.1,48.5,39.9,513.0
2021-12-10 08:00:00,5.3,47.8,81.4,45.2,48.3,39.9,347.0
2021-12-10 09:00:00,6.1,47.5,81.3,45.2,48.3,40.0,339.0
2021-12-10 10:00:00,7.5,47.0,80.5,44.1,47.3,39.5,316.0
2021-12-10 11:00:00,8.2,46.7,78.0,43.5,46.0,39.1,296.0
2021-12-10 12:00:00,8.5,46.6,78.5,43.9,47.0,39.4,322.0
2021-12-10 13:00:00,9.2,46.3,77.4,43.5,46.5,39.0,297.0
2021-12-10 14:00:00,9.5,46.2,75.6,45.4,47.5,38.3,278.0
2021-12-10 15:00:00,9.3,45.7,75.4,42.9,45.7,38.7,295.0
2021-12-10 16:00:00,8.8,46.2,77.5,43.1,46.0,38.7,287.0
2021-12-10 17:00:00,7.5,47.5,79.0,44.3,47.3,39.1,300.0
2021-12-10 18:00:00,7.2,47.8,79.1,45.5,48.3,40.3,331.0
2021-12-10 19:00:00,6.4,48.6,80.5,46.0,48.9,40.7,334.0
2021-12-10 20:00:00,6.6,47.4,80.4,44.0,47.2,39.9,295.0
2021-12-10 21:00:00,5.1,48.9,81.0,45.5,48.6,40.1,310.0
2021-12-10 22:00:00,4.7,49.0,82.6,45.3,42.9,41.2,331.0
2021-12-10 23:00:00,5.8,48.2,79.4,34.0,33.0,31.4,0.0
2021-12-11 00:00:00,5.4,48.7,76.7,29.0,32.0,27.8,0.0
2021-12-11 01:00:00,3.6,49.1,74.3,26.8,32.8,26.6,0.0
2021-12-11 02:00:00,4.9,49.0,72.0,25.6,27.0,25.5,0.0
2021-12-11 03:00:00,3.6,49.1,70.4,25.1,26.6,24.8,0.0
2021-12-11 04:00:00,5.7,48.3,68.6,24.8,26.1,24.5,0.0
2021-12-11 05:00:00,5.8,48.2,67.0,24.5,25.9,24.2,0.0
2021-12-11 06:00:00,4.9,49.0,72.3,41.1,41.0,26.5,126.0
2021-12-11 07:00:00,4.3,49.0,83.2,45.7,48.9,41.0,514.0
2021-12-11 08:00:00,5.0,48.0,85.8,44.9,48.6,40.2,333.0
2021-12-11 09:00:00,5.3,47.7,85.0,44.0,47.6,39.8,319.0
2021-12-11 10:00:00,5.8,47.2,84.7,43.8,47.5,39.5,310.0
2021-12-11 11:00:00,6.1,47.0,84.5,43.9,47.5,39.7,313.0
2021-12-11 12:00:00,6.7,46.4,83.0,43.4,46.9,39.3,300.0
2021-12-11 13:00:00,7.4,45.8,82.1,42.7,46.3,38.9,286.0
2021-12-11 14:00:00,6.8,46.4,83.0,42.5,46.1,38.8,282.0
2021-12-11 15:00:00,6.4,46.7,83.1,42.7,46.3,38.9,284.0
2021-12-11 16:00:00,6.2,46.9,83.8,43.9,47.3,39.5,300.0
2021-12-11 17:00:00,6.2,46.8,83.9,43.3,46.9,39.5,295.0
2021-12-11 18:00:00,6.1,47.0,83.8,43.1,46.8,39.4,286.0
2021-12-11 19:00:00,6.0,47.1,82.2,43.0,46.4,39.3,285.0
2021-12-11 20:00:00,5.9,47.2,84.2,43.7,47.3,39.7,295.0
2021-12-11 21:00:00,5.9,47.2,82.5,43.8,47.3,39.8,298.0
2021-12-11 22:00:00,5.4,47.6,84.0,43.8,40.8,39.6,271.0
2021-12-11 23:00:00,4.7,48.0,77.4,33.6,31.8,30.4,0.0
2021-12-12 00:00:00,4.3,48.1,77.2,28.1,32.1,27.3,0.0
2021-12-12 01:00:00,4.2,48.1,75.4,26.2,27.7,26.0,0.0
2021-12-12 02:00:00,3.9,48.2,72.6,25.4,26.9,25.3,0.0
2021-12-12 03:00:00,3.9,48.2,71.1,24.9,26.4,24.8,0.0
2021-12-12 04:00:00,3.2,48.3,69.6,24.4,26.1,24.5,0.0
2021-12-12 05:00:00,2.5,48.5,68.3,24.0,25.7,24.1,0.0
2021-12-12 06:00:00,2.4,48.5,67.3,24.1,29.1,23.9,0.0
2021-12-12 07:00:00,2.8,48.8,88.0,45.7,49.4,41.2,560.0
2021-12-12 08:00:00,3.0,48.8,82.8,44.8,48.2,40.0,331.0
2021-12-12 09:00:00,3.2,48.7,83.8,45.1,48.4,40.1,336.0
2021-12-12 10:00:00,3.7,48.5,83.7,45.1,48.4,40.2,334.0
2021-12-12 11:00:00,4.4,48.2,83.1,45.1,48.3,40.2,332.0
2021-12-12 12:00:00,4.4,48.2,81.8,44.8,48.0,40.0,324.0
2021-12-12 13:00:00,3.5,48.6,82.4,45.0,48.2,40.1,328.0
2021-12-12 14:00:00,3.0,48.8,83.2,45.2,48.4,40.2,327.0
2021-12-12 15:00:00,2.6,48.9,83.6,45.3,48.5,40.4,334.0
2021-12-12 16:00:00,2.3,49.0,84.0,45.6,49.0,40.6,334.0
2021-12-12 17:00:00,2.5,49.0,84.3,45.8,49.2,40.8,342.0
2021-12-12 18:00:00,2.5,48.9,85.8,45.9,49.3,40.7,333.0
2021-12-12 19:00:00,2.3,49.0,84.7,46.0,49.3,41.0,342.0
2021-12-12 20:00:00,2.3,49.0,85.1,46.0,49.3,41.0,338.0
2021-12-12 21:00:00,2.3,49.0,84.5,46.0,49.3,41.0,336.0
2021-12-12 22:00:00,1.9,49.2,81.4,42.7,37.6,36.3,199.0
2021-12-12 23:00:00,1.5,49.4,79.1,31.1,30.8,29.1,0.0
2021-12-13 00:00:00,1.5,49.4,76.7,27.6,28.1,26.5,0.0
2021-12-13 01:00:00,1.6,49.3,74.5,25.7,27.1,25.3,0.0
2021-12-13 02:00:00,1.7,49.3,72.1,24.9,26.6,24.9,0.0
2021-12-13 03:00:00,1.7,49.3,70.4,24.5,26.1,24.5,0.0
2021-12-13 04:00:00,1.7,49.3,69.1,24.1,25.8,24.1,0.0
2021-12-13 05:00:00,1.6,49.3,67.7,23.8,35.5,23.8,0.0
2021-12-13 06:00:00,1.6,49.3,64.7,40.5,39.8,27.0,151.0
2021-12-13 07:00:00,1.6,49.3,74.8,46.4,48.5,40.3,513.0
2021-12-13 08:00:00,1.3,49.4,86.0,46.2,49.7,40.6,378.0
2021-12-13 09:00:00,1.3,49.5,86.1,46.5,49.8,40.9,372.0
2021-12-13 10:00:00,1.5,49.4,86.0,46.7,50.1,41.0,369.0
2021-12-13 11:00:00,2.7,48.9,85.5,45.8,49.1,40.7,353.0
2021-12-13 12:00:00,3.0,48.8,84.8,45.4,48.7,40.4,338.0
2021-12-13 13:00:00,3.4,48.6,84.1,45.0,48.4,40.1,334.0
2021-12-13 14:00:00,3.1,47.6,83.7,44.0,47.4,39.8,323.0
2021-12-13 15:00:00,2.2,47.8,84.6,43.8,47.3,39.5,313.0
2021-12-13 16:00:00,2.0,47.8,84.9,43.9,47.5,39.6,316.0
2021-12-13 17:00:00,1.7,47.9,86.1,44.1,47.9,39.7,319.0
2021-12-13 18:00:00,1.8,47.9,85.8,44.1,47.7,39.7,317.0
2021-12-13 19:00:00,1.6,48.0,85.7,44.1,47.8,39.8,318.0
2021-12-13 20:00:00,1.7,49.3,85.7,46.2,49.5,40.9,355.0
2021-12-13 21:00:00,1.5,49.4,85.7,46.4,49.9,41.1,353.0
2021-12-13 22:00:00,1.3,49.4,85.6,46.4,49.8,41.1,350.0
2021-12-13 23:00:00,1.4,49.4,81.4,34.8,33.5,31.9,49.0
2021-12-14 00:00:00,1.4,49.4,78.9,28.6,29.5,27.6,0.0
2021-12-14 01:00:00,1.6,49.4,76.4,26.1,27.6,25.8,0.0
2021-12-14 02:00:00,1.6,49.3,47.1,26.3,27.4,27.1,0.0
2021-12-14 03:00:00,1.6,49.3,37.3,26.7,27.0,26.2,0.0
2021-12-14 04:00:00,1.8,49.2,32.6,37.3,32.8,25.0,0.0
2021-12-14 05:00:00,1.8,49.2,47.3,30.7,31.3,22.5,35.0
2021-12-14 06:00:00,2.0,49.2,86.4,46.6,50.0,41.5,580.0
2021-12-14 07:00:00,1.9,49.2,86.0,46.0,49.5,40.3,347.0
2021-12-14 08:00:00,2.3,49.0,85.8,45.5,48.9,40.8,371.0
2021-12-14 09:00:00,2.2,49.1,85.8,45.8,49.2,40.3,346.0
2021-12-14 10:00:00,2.0,49.2,84.9,45.8,49.2,40.5,359.0
2021-12-14 11:00:00,2.3,49.0,85.2,46.0,49.4,40.5,356.0
2021-12-14 12:00:00,2.8,48.8,84.1,45.9,49.1,40.5,354.0
2021-12-14 13:00:00,2.9,48.8,84.1,45.8,49.0,40.5,349.0
2021-12-14 14:00:00,2.8,48.8,84.2,45.8,49.1,40.5,349.0
2021-12-14 15:00:00,2.6,48.9,84.3,45.9,49.3,40.6,349.0
2021-12-14 16:00:00,2.3,49.0,85.2,46.1,49.3,40.7,350.0
2021-12-14 17:00:00,2.2,49.1,84.9,46.2,49.6,40.9,355.0
2021-12-14 18:00:00,2.1,49.1,84.8,46.3,49.5,40.9,351.0
2021-12-14 19:00:00,2.0,49.2,88.8,46.4,50.3,41.0,351.0
2021-12-14 20:00:00,2.3,49.0,85.3,45.8,49.1,40.7,340.0
2021-12-14 21:00:00,1.9,49.2,84.9,45.3,48.7,40.5,334.0
2021-12-14 22:00:00,1.8,49.2,85.1,45.1,48.5,40.4,329.0
2021-12-14 23:00:00,1.8,49.2,81.1,34.1,33.2,31.4,37.0
2021-12-15 00:00:00,2.0,49.2,78.7,28.6,31.8,27.6,0.0
2021-12-15 01:00:00,1.9,49.2,76.4,26.4,37.1,25.9,0.0
2021-12-15 02:00:00,1.5,49.4,73.9,25.0,28.4,25.0,0.0
2021-12-15 03:00:00,1.7,49.3,72.1,24.4,26.1,24.5,0.0
2021-12-15 04:00:00,1.6,49.3,70.3,24.0,25.8,24.1,0.0
2021-12-15 05:00:00,1.4,49.4,70.1,24.3,26.3,24.0,31.0
2021-12-15 06:00:00,1.7,49.3,77.8,41.9,43.1,28.6,175.0
2021-12-15 07:00:00,1.6,49.3,83.7,47.0,49.9,42.2,520.0
2021-12-15 08:00:00,2.0,49.2,86.1,44.9,48.3,39.9,333.0
2021-12-15 09:00:00,2.3,49.6,84.9,46.3,49.5,40.6,377.0
2021-12-15 10:00:00,2.2,49.9,85.0,46.4,49.7,40.7,369.0
2021-12-15 11:00:00,2.1,50.1,85.4,46.5,49.8,40.8,370.0
2021-12-15 12:00:00,2.4,49.9,85.4,46.6,49.9,40.9,369.0
2021-12-15 13:00:00,2.9,49.6,84.3,46.5,49.6,40.8,364.0
2021-12-15 14:00:00,2.7,49.7,84.2,46.5,49.7,40.8,359.0
2021-12-15 15:00:00,2.5,49.8,84.4,46.6,49.8,40.9,364.0
2021-12-15 16:00:00,1.9,50.3,84.9,46.8,49.9,41.1,362.0
2021-12-15 17:00:00,1.7,50.4,85.3,47.0,50.3,41.3,368.0
2021-12-15 18:00:00,1.8,50.4,86.2,47.2,50.5,41.4,187.0
2021-12-15 19:00:00,1.78,50.42,86.16,47.63,50.79,41.44,218.69
2021-12-15 20:00:00,1.75,50.43,86.12,48.06,51.08,41.48,218.69
2021-12-15 21:00:00,1.73,50.45,86.08,48.49,51.38,41.52,218.69
2021-12-15 22:00:00,1.71,50.46,86.05,48.92,51.67,41.55,218.69
2021-12-15 23:00:00,1.68,50.48,86.01,49.35,51.96,41.59,218.69
2021-12-16 00:00:00,1.66,50.49,85.97,49.78,52.25,41.63,218.69
2021-12-16 01:00:00,1.64,50.51,85.93,50.22,52.55,41.67,218.69
2021-12-16 02:00:00,1.62,50.52,85.89,50.65,52.84,41.71,218.69
2021-12-16 03:00:00,1.59,50.54,85.85,51.08,53.13,41.75,218.69
2021-12-16 04:00:00,1.57,50.55,85.82,51.51,53.42,41.78,218.69
2021-12-16 05:00:00,1.55,50.57,85.78,51.94,53.72,41.82,218.69
2021-12-16 06:00:00,1.52,50.58,85.74,52.37,54.01,41.86,218.69
2021-12-16 07:00:00,1.5,50.6,85.7,52.8,54.3,41.9,218.69
2021-12-16 08:00:00,1.5,51.9,90.2,48.7,52.1,42.0,403.0
2021-12-16 09:00:00,1.7,51.8,89.5,48.2,51.7,42.3,413.0
2021-12-16 10:00:00,2.1,51.5,90.3,48.2,51.7,42.1,397.0
2021-12-16 11:00:00,2.5,51.3,87.0,47.9,51.1,42.1,393.0
2021-12-16 12:00:00,2.6,51.3,85.4,48.0,51.1,41.7,374.0
2021-12-16 13:00:00,2.8,47.0,85.0,48.1,51.1,41.8,388.0
2021-12-16 14:00:00,3.1,46.9,84.3,42.7,46.4,38.6,263.0
2021-12-16 15:00:00,2.9,47.0,84.0,43.2,46.8,39.0,307.0
2021-12-16 16:00:00,3.1,46.9,84.0,43.3,46.9,39.1,304.0
2021-12-16 17:00:00,3.4,46.8,83.7,43.4,46.8,39.2,304.0
2021-12-16 18:00:00,3.6,46.7,83.3,43.3,46.9,39.2,304.0
2021-12-16 19:00:00,3.6,49.1,83.0,45.6,48.7,39.5,318.0
2021-12-16 20:00:00,3.7,49.0,83.6,46.0,49.2,40.8,358.0
2021-12-16 21:00:00,3.7,49.0,83.1,45.8,49.1,40.6,335.0
2021-12-16 22:00:00,3.9,48.8,81.5,44.9,42.1,40.5,315.0
2021-12-16 23:00:00,3.9,48.8,78.2,33.3,32.3,30.8,0.0
2021-12-17 00:00:00,4.0,48.8,75.7,28.3,28.6,27.1,0.0
2021-12-17 01:00:00,4.3,48.5,73.7,26.3,27.2,25.5,0.0
2021-12-17 02:00:00,4.2,48.6,71.3,25.2,26.5,24.8,0.0
2021-12-17 03:00:00,3.9,48.8,69.4,24.5,26.0,24.4,0.0
2021-12-17 04:00:00,3.9,48.8,67.7,24.1,25.7,24.1,0.0
2021-12-17 05:00:00,4.0,48.8,77.8,46.6,46.3,30.5,218.0
2021-12-17 06:00:00,4.1,48.7,72.0,44.6,47.4,40.4,453.0
2021-12-17 07:00:00,4.4,48.4,83.3,45.6,48.7,40.7,361.0
2021-12-17 08:00:00,4.4,48.4,83.2,45.0,48.3,40.0,334.0
2021-12-17 09:00:00,4.7,48.2,83.2,44.8,48.1,39.9,334.0
2021-12-17 10:00:00,5.1,47.9,83.4,44.9,48.3,39.9,334.0
2021-12-17 11:00:00,5.9,47.5,82.0,44.8,48.0,40.0,332.0
2021-12-17 12:00:00,5.9,47.5,81.0,43.8,47.0,39.3,313.0
2021-12-17 13:00:00,5.7,47.6,81.1,44.0,48.2,39.7,322.0
2021-12-17 14:00:00,5.0,48.0,82.7,43.6,48.0,39.2,302.0
2021-12-17 15:00:00,4.5,49.3,83.9,44.1,48.5,39.6,320.0
2021-12-17 16:00:00,4.0,49.7,84.1,45.4,49.8,40.1,335.0
2021-12-17 17:00:00,3.5,50.0,84.0,45.8,50.0,40.6,346.0
2021-12-17 18:00:00,3.8,49.7,83.9,46.0,50.2,40.7,342.0
2021-12-17 19:00:00,3.5,50.0,85.0,46.1,50.6,40.8,345.0
2021-12-17 20:00:00,3.0,50.4,84.6,46.0,50.3,40.8,341.0
2021-12-17 21:00:00,2.9,50.4,84.6,46.3,50.6,41.0,349.0
2021-12-17 22:00:00,2.9,50.4,84.9,46.4,44.6,41.1,341.0
2021-12-17 23:00:00,2.9,50.4,81.0,34.1,33.9,31.2,0.0
2021-12-18 00:00:00,2.5,50.7,78.4,28.7,30.1,27.5,0.0
2021-12-18 01:00:00,2.3,50.8,76.1,26.3,28.5,25.9,0.0
2021-12-18 02:00:00,2.4,50.8,73.6,25.4,27.7,25.0,0.0
2021-12-18 03:00:00,2.0,51.1,71.8,24.8,27.2,24.5,0.0
2021-12-18 04:00:00,2.0,51.1,70.1,24.4,26.9,24.2,0.0
2021-12-18 05:00:00,1.8,51.2,68.7,23.9,26.5,23.8,0.0
2021-12-18 06:00:00,1.7,51.3,86.9,53.9,55.1,38.0,425.0
2021-12-18 07:00:00,1.5,51.4,86.0,46.5,50.8,40.7,408.0
2021-12-18 08:00:00,1.5,51.4,86.0,46.7,51.0,41.0,378.0
2021-12-18 09:00:00,2.3,50.9,85.8,47.4,51.5,41.2,384.0
2021-12-18 10:00:00,2.9,50.4,83.9,45.4,49.6,40.4,348.0
2021-12-18 11:00:00,3.1,50.3,84.2,46.2,50.3,40.5,361.0
2021-12-18 12:00:00,3.8,49.8,83.3,46.3,50.3,40.7,362.0
2021-12-18 13:00:00,3.1,50.3,84.2,45.9,50.2,40.2,345.0
2021-12-18 14:00:00,3.1,50.3,83.9,46.3,50.5,40.7,360.0
2021-12-18 15:00:00,2.5,50.7,83.7,46.5,50.7,40.9,359.0
2021-12-18 16:00:00,1.9,51.1,84.6,46.7,50.9,41.0,362.0
2021-12-18 17:00:00,1.6,51.3,85.8,47.2,51.4,41.4,368.0
2021-12-18 18:00:00,2.2,50.9,85.7,47.3,51.7,41.5,368.0
2021-12-18 19:00:00,2.5,50.7,84.8,45.6,49.9,40.8,337.0
2021-12-18 20:00:00,2.7,50.6,84.6,46.9,51.1,41.2,359.0
2021-12-18 21:00:00,2.4,50.8,84.2,47.1,51.1,41.4,359.0
2021-12-18 22:00:00,2.3,50.8,79.6,43.7,38.3,35.7,190.0
2021-12-18 23:00:00,2.7,50.6,78.4,30.9,31.4,28.8,0.0
2021-12-19 00:00:00,1.5,51.4,76.1,27.2,29.0,26.3,0.0
2021-12-19 01:00:00,1.4,51.5,74.1,25.6,27.9,25.1,0.0
2021-12-19 02:00:00,1.2,51.6,71.8,24.8,27.3,24.5,0.0
2021-12-19 03:00:00,1.7,51.3,70.1,24.2,28.0,25.1,0.0
2021-12-19 04:00:00,1.9,51.1,68.6,23.8,30.8,24.2,0.0
2021-12-19 05:00:00,1.9,51.1,67.2,23.5,26.6,24.2,0.0
2021-12-19 06:00:00,2.0,51.1,67.8,35.2,37.2,23.5,55.0
2021-12-19 07:00:00,2.2,50.9,86.6,47.0,51.3,41.7,593.0
2021-12-19 08:00:00,2.7,50.6,85.2,45.7,50.0,40.3,354.0
2021-12-19 09:00:00,2.8,50.5,84.4,46.9,51.0,40.9,376.0
2021-12-19 10:00:00,3.2,50.2,84.5,46.7,51.0,41.0,374.0
2021-12-19 11:00:00,3.5,50.0,83.7,45.6,49.8,40.4,347.0
2021-12-19 12:00:00,3.5,50.0,83.6,45.6,49.6,40.2,348.0
2021-12-19 13:00:00,3.6,49.9,83.2,45.5,49.7,40.3,345.0
2021-12-19 14:00:00,3.8,49.8,83.4,45.6,49.9,40.4,345.0
2021-12-19 15:00:00,3.7,49.9,83.5,45.7,49.8,40.3,345.0
2021-12-19 16:00:00,3.6,49.9,82.9,45.7,49.8,40.4,344.0
2021-12-19 17:00:00,2.8,50.5,84.0,45.8,50.0,40.5,343.0
2021-12-19 18:00:00,1.6,51.3,85.9,47.3,51.4,40.9,362.0
2021-12-19 19:00:00,1.1,51.7,86.5,47.3,51.5,41.6,379.0
2021-12-19 20:00:00,0.4,52.2,86.7,47.3,51.6,41.6,372.0
2021-12-19 21:00:00,0.9,51.9,86.8,47.4,51.7,41.7,368.0
2021-12-19 22:00:00,0.7,52.0,82.5,42.3,38.3,35.9,196.0
2021-12-19 23:00:00,1.0,51.8,80.5,31.0,31.6,28.9,0.0
2021-12-20 00:00:00,1.4,51.5,78.3,27.2,29.1,26.4,0.0
2021-12-20 01:00:00,1.9,51.1,76.0,25.8,28.0,25.3,0.0
2021-12-20 02:00:00,1.7,51.3,73.5,24.7,32.0,25.3,0.0
2021-12-20 03:00:00,2.0,51.1,71.9,24.3,27.4,24.3,0.0
2021-12-20 04:00:00,2.0,51.0,70.5,23.9,26.6,23.9,0.0
2021-12-20 05:00:00,2.3,50.8,33.0,35.9,35.3,23.9,0.0
2021-12-20 06:00:00,3.3,50.1,78.1,44.1,46.8,33.0,264.0
2021-12-20 07:00:00,3.7,49.9,84.2,45.3,49.6,41.1,469.0
2021-12-20 08:00:00,3.7,49.9,84.2,45.2,49.5,39.9,342.0
2021-12-20 09:00:00,3.5,50.0,84.9,46.3,50.5,40.4,367.0
2021-12-20 10:00:00,3.6,49.9,84.1,46.1,50.4,40.6,364.0
2021-12-20 11:00:00,3.7,49.9,86.3,46.0,50.4,40.7,360.0
2021-12-20 12:00:00,3.4,50.1,87.5,45.9,50.5,40.7,359.0
2021-12-20 13:00:00,5.2,48.8,83.0,44.0,48.4,39.8,322.0
2021-12-20 14:00:00,4.5,47.3,80.9,42.9,47.3,38.9,299.0
2021-12-20 15:00:00,4.0,47.9,81.0,43.1,47.3,38.5,295.0
2021-12-20 16:00:00,3.3,48.4,83.1,44.0,48.4,39.3,320.0
2021-12-20 17:00:00,2.4,49.3,84.4,44.5,48.9,39.7,327.0
2021-12-20 18:00:00,2.3,49.4,85.8,45.0,49.6,40.1,336.0
2021-12-20 19:00:00,1.7,49.9,85.7,45.1,49.6,40.2,333.0
2021-12-20 20:00:00,1.9,49.7,85.7,45.3,49.7,40.4,337.0
2021-12-20 21:00:00,2.4,49.3,84.7,45.2,49.6,40.4,332.0
2021-12-20 22:00:00,2.2,49.5,83.3,44.9,49.3,40.2,323.0
2021-12-20 23:00:00,2.7,49.0,79.0,34.1,33.9,31.2,0.0
2021-12-21 00:00:00,2.8,48.9,76.4,28.5,29.9,27.3,0.0
2021-12-21 01:00:00,2.6,49.1,74.1,26.2,28.2,25.6,0.0
2021-12-21 02:00:00,2.5,49.2,71.8,25.0,27.4,24.7,0.0
2021-12-21 03:00:00,2.3,49.4,70.2,24.5,27.0,24.3,0.0
2021-12-21 04:00:00,2.3,49.4,68.4,24.0,26.6,23.9,0.0
2021-12-21 05:00:00,1.6,50.0,68.5,24.1,27.9,23.8,0.0
2021-12-21 06:00:00,1.8,49.8,78.0,46.0,48.4,34.9,317.0
2021-12-21 07:00:00,1.7,49.9,85.5,45.6,50.0,40.1,433.0
2021-12-21 08:00:00,2.5,49.2,85.9,45.4,49.8,40.4,364.0
2021-12-21 09:00:00,1.5,50.1,85.7,45.0,49.5,40.1,345.0
2021-12-21 10:00:00,1.7,49.9,85.5,44.9,49.5,39.9,342.0
2021-12-21 11:00:00,2.2,49.5,84.6,44.8,49.2,39.9,340.0
2021-12-21 12:00:00,3.4,48.4,83.4,44.6,48.9,39.7,331.0
2021-12-21 13:00:00,2.5,49.2,83.9,44.8,49.1,39.8,336.0
2021-12-21 14:00:00,1.3,50.3,84.8,46.2,50.5,40.3,350.0
2021-12-21 15:00:00,1.3,50.3,85.5,45.8,50.1,40.7,356.0
2021-12-21 16:00:00,0.8,50.7,86.5,45.8,50.4,40.6,350.0
2021-12-21 17:00:00,0.2,51.3,86.5,47.4,51.7,41.3,368.0
2021-12-21 18:00:00,-0.9,52.4,88.2,48.1,52.3,41.8,387.0
2021-12-21 19:00:00,-1.5,52.9,87.9,48.5,52.7,42.3,392.0
2021-12-21 20:00:00,-0.8,52.3,89.2,48.8,53.1,42.6,398.0
2021-12-21 21:00:00,-1.5,52.9,89.3,48.6,53.0,42.2,377.0
2021-12-21 22:00:00,-2.2,53.5,89.6,49.1,53.4,42.9,400.0
2021-12-21 23:00:00,-2.5,46.0,88.6,39.8,45.0,37.7,242.0
2021-12-22 00:00:00,-3.0,46.0,89.9,40.7,46.0,37.7,272.0
2021-12-22 01:00:00,-3.2,46.0,85.7,32.7,33.1,30.4,40.0
2021-12-22 02:00:00,-3.7,46.0,82.5,27.6,29.5,26.9,0.0
2021-12-22 03:00:00,-4.1,46.0,80.0,25.4,28.1,25.2,0.0
2021-12-22 04:00:00,-4.3,46.0,77.2,24.5,27.4,24.5,0.0
2021-12-22 05:00:00,-4.6,46.0,27.4,26.2,28.1,25.2,40.0
2021-12-22 06:00:00,-4.7,53.8,80.2,47.7,50.5,37.8,426.0
2021-12-22 07:00:00,-4.9,54.0,84.6,51.9,54.7,42.6,443.0
2021-12-22 08:00:00,-4.2,53.5,87.4,49.4,53.5,43.2,497.0
2021-12-22 09:00:00,-2.7,52.2,88.5,48.9,53.1,42.4,407.0
2021-12-22 10:00:00,-1.4,51.2,85.9,47.3,51.5,41.5,379.0
2021-12-22 11:00:00,-0.4,50.4,85.4,46.6,50.8,40.9,363.0
2021-12-22 12:00:00,-0.7,50.6,85.7,46.6,50.9,40.7,367.0
2021-12-22 13:00:00,0.0,50.0,85.1,46.4,50.7,40.7,366.0
2021-12-22 14:00:00,0.2,49.8,84.9,45.4,49.8,40.7,357.0
2021-12-22 15:00:00,0.3,49.7,83.9,45.7,49.9,40.1,339.0
2021-12-22 16:00:00,-0.2,50.2,84.6,46.4,50.6,40.7,362.0
2021-12-22 17:00:00,-0.8,50.7,85.5,46.7,51.0,41.0,362.0
2021-12-22 18:00:00,-1.3,53.8,85.9,51.1,54.6,43.2,436.0
2021-12-22 19:00:00,-1.7,54.0,89.3,50.2,54.3,43.5,427.0
2021-12-22 20:00:00,-2.6,54.6,89.0,50.1,54.1,43.4,413.0
2021-12-22 21:00:00,-2.8,54.8,83.1,51.1,54.3,43.3,416.0
2021-12-22 22:00:00,-3.3,55.0,83.6,51.6,54.8,43.6,423.0
2021-12-22 23:00:00,-3.7,50.0,83.2,45.9,50.0,42.8,384.0
2021-12-23 00:00:00,-4.2,50.0,83.8,45.5,49.8,40.3,306.0
2021-12-23 01:00:00,-4.6,50.0,81.7,38.9,37.4,34.8,175.0
2021-12-23 02:00:00,-4.9,50.0,78.5,30.1,30.8,28.2,0.0
2021-12-23 03:00:00,-5.1,50.2,76.4,26.4,28.2,25.7,0.0
2021-12-23 04:00:00,-5.4,50.6,66.2,25.2,27.2,24.9,0.0
2021-12-23 05:00:00,-5.6,50.7,28.2,41.7,30.0,26.0,0.0
2021-12-23 06:00:00,-6.2,55.6,85.9,43.5,47.4,33.9,251.0
2021-12-23 07:00:00,-5.9,55.5,86.4,52.2,55.0,42.3,515.0
2021-12-23 08:00:00,-5.2,55.1,86.2,52.6,55.9,44.8,517.0
2021-12-23 09:00:00,-4.0,54.5,85.5,51.2,54.5,43.0,427.0
2021-12-23 10:00:00,-2.5,55.3,85.3,50.7,54.2,43.2,437.0
2021-12-23 11:00:00,-1.3,54.4,84.6,52.2,55.3,43.8,454.0
2021-12-23 12:00:00,-0.4,53.8,83.2,50.7,53.9,43.0,415.0
2021-12-23 13:00:00,0.0,53.5,83.4,50.7,53.8,42.9,421.0
2021-12-23 14:00:00,0.3,53.2,84.2,50.0,53.5,42.7,414.0
2021-12-23 15:00:00,0.8,52.9,83.6,49.7,53.2,42.4,405.0
2021-12-23 16:00:00,0.9,52.8,84.5,49.5,53.2,42.5,406.0
2021-12-23 17:00:00,1.3,52.5,84.2,49.5,53.0,42.5,397.0
2021-12-23 18:00:00,1.1,52.7,84.3,49.5,53.1,42.6,397.0
2021-12-23 19:00:00,1.2,52.6,84.1,49.6,53.1,42.6,397.0
2021-12-23 20:00:00,1.5,52.4,83.9,48.1,52.1,42.1,378.0
2021-12-23 21:00:00,1.7,52.3,83.7,48.4,52.1,41.8,368.0
2021-12-23 22:00:00,1.8,52.2,81.7,47.5,44.9,42.0,363.0
2021-12-23 23:00:00,1.4,52.5,77.9,34.5,33.7,31.2,0.0
2021-12-24 00:00:00,0.9,52.8,75.1,28.7,29.7,27.0,0.0
2021-12-24 01:00:00,0.5,53.1,72.9,26.2,27.8,25.3,0.0
2021-12-24 02:00:00,0.6,53.1,70.9,24.9,33.8,24.7,0.0
2021-12-24 03:00:00,0.0,53.5,68.7,24.2,26.6,23.9,0.0
2021-12-24 04:00:00,-0.2,53.7,67.1,23.6,26.3,23.6,0.0
2021-12-24 05:00:00,-0.3,49.7,69.4,38.6,41.4,28.0,160.0
2021-12-24 06:00:00,-0.5,49.8,89.3,46.8,51.2,42.2,519.0
2021-12-24 07:00:00,0.2,49.4,86.7,44.3,49.0,39.5,314.0
2021-12-24 08:00:00,0.7,49.1,86.2,44.6,49.1,39.6,344.0
2021-12-24 09:00:00,2.4,48.3,86.1,44.2,48.8,39.8,343.0
2021-12-24 10:00:00,4.3,47.3,83.6,43.2,47.8,39.0,315.0
2021-12-24 11:00:00,6.1,46.5,80.8,42.6,46.8,38.5,295.0
2021-12-24 12:00:00,8.1,44.3,78.8,40.3,44.7,37.7,271.0
2021-12-24 13:00:00,9.7,43.9,76.5,39.1,43.4,36.1,225.0
2021-12-24 14:00:00,9.6,43.95,74.95,39.3,43.45,36.15,238.5
2021-12-24 15:00:00,9.5,44.0,73.4,39.5,43.5,36.2,238.5
2021-12-24 16:00:00,8.4,44.2,74.2,39.7,43.8,36.3,244.0
2021-12-24 17:00:00,8.0,44.3,78.4,40.5,45.0,36.8,259.0
2021-12-24 18:00:00,6.8,48.1,78.9,43.3,47.3,37.5,280.0
2021-12-24 19:00:00,7.1,47.9,79.8,44.2,48.4,39.5,338.0
2021-12-24 20:00:00,7.1,49.8,78.7,45.8,49.3,39.2,314.0
2021-12-24 21:00:00,8.2,49.0,78.9,45.8,49.3,40.4,347.0
2021-12-24 22:00:00,7.9,49.2,78.1,44.3,42.4,40.0,296.0
2021-12-24 23:00:00,7.2,49.7,74.2,34.0,32.7,30.3,0.0
2021-12-25 00:00:00,6.9,50.0,72.0,27.9,29.5,26.8,0.0
2021-12-25 01:00:00,6.7,50.2,70.2,26.2,28.4,25.6,0.0
2021-12-25 02:00:00,6.9,50.0,67.9,25.3,29.3,25.7,0.0
2021-12-25 03:00:00,8.6,48.7,65.4,24.6,26.9,24.2,0.0
2021-12-25 04:00:00,8.4,48.8,64.4,24.1,26.6,24.0,0.0
2021-12-25 05:00:00,9.2,48.2,63.5,24.0,26.6,23.9,0.0
2021-12-25 06:00:00,9.5,48.0,72.8,37.6,40.0,24.7,65.0
2021-12-25 07:00:00,9.6,47.9,76.1,45.9,49.3,40.8,522.0
2021-12-25 08:00:00,9.3,48.1,75.3,44.2,47.6,38.7,289.0
2021-12-25 09:00:00,8.6,48.7,75.5,44.7,48.2,39.3,328.0
2021-12-25 10:00:00,10.3,47.3,75.5,44.3,47.9,39.5,324.0
2021-12-25 11:00:00,11.7,46.2,72.5,42.2,45.8,38.1,265.0
2021-12-25 12:00:00,13.7,44.7,71.2,41.6,45.1,37.5,264.0
2021-12-25 13:00:00,14.0,44.5,67.4,40.9,38.8,36.6,217.0
2021-12-25 14:00:00,13.6,44.8,35.4,39.8,31.0,28.8,0.0
2021-12-25 15:00:00,12.6,45.5,72.9,43.0,46.5,39.3,403.0
2021-12-25 16:00:00,11.8,46.2,71.0,42.1,45.6,37.5,249.0
2021-12-25 17:00:00,11.2,47.3,73.7,44.7,47.9,39.0,313.0
2021-12-25 18:00:00,11.0,47.5,74.6,44.7,48.2,39.5,309.0
2021-12-25 19:00:00,10.6,47.7,74.1,44.4,47.9,39.5,299.0
2021-12-25 20:00:00,10.6,47.7,74.7,44.4,47.8,39.4,295.0
2021-12-25 21:00:00,11.2,47.3,74.6,44.4,47.9,39.5,298.0
2021-12-25 22:00:00,11.3,47.3,72.6,43.2,41.2,39.0,261.0
2021-12-25 23:00:00,9.7,48.3,68.6,33.7,32.5,30.1,0.0
2021-12-26 00:00:00,8.7,49.0,67.0,28.7,36.7,27.8,0.0
2021-12-26 01:00:00,10.2,48.0,65.1,26.4,27.9,25.4,0.0
2021-12-26 02:00:00,10.1,48.1,63.9,25.1,27.4,24.9,0.0
2021-12-26 03:00:00,8.2,49.3,61.8,25.1,27.0,24.4,0.0
2021-12-26 04:00:00,8.1,49.4,59.8,24.6,26.8,24.2,0.0
2021-12-26 05:00:00,8.0,49.5,58.7,24.2,35.9,24.0,0.0
2021-12-26 06:00:00,8.1,45.8,75.1,41.8,43.6,28.2,153.0
2021-12-26 07:00:00,8.0,45.8,79.2,41.0,45.4,38.3,407.0
2021-12-26 08:00:00,8.6,45.8,75.1,41.5,45.4,37.6,261.0
2021-12-26 09:00:00,9.1,45.7,77.4,42.1,46.2,38.0,279.0
2021-12-26 10:00:00,9.7,45.7,76.5,41.9,45.9,37.9,271.0
2021-12-26 11:00:00,10.9,45.6,73.0,41.3,45.2,37.6,256.0
2021-12-26 12:00:00,11.9,45.6,71.8,41.4,45.1,37.4,252.0
2021-12-26 13:00:00,12.3,45.5,70.4,41.8,45.1,37.4,255.0
2021-12-26 14:00:00,12.7,44.2,70.6,40.9,44.5,37.2,245.0
2021-12-26 15:00:00,12.8,44.2,70.5,40.6,44.4,37.0,237.0
2021-12-26 16:00:00,12.8,44.2,70.9,40.7,44.4,37.0,238.0
2021-12-26 17:00:00,11.0,44.6,72.1,40.8,44.6,37.1,242.0
2021-12-26 18:00:00,11.1,44.6,74.3,41.3,45.3,37.7,254.0
2021-12-26 19:00:00,10.9,45.3,73.5,40.9,44.8,37.5,242.0
2021-12-26 20:00:00,10.4,45.4,72.3,41.2,44.9,37.4,239.0
2021-12-26 21:00:00,9.4,45.5,73.6,41.8,45.6,37.9,254.0
2021-12-26 22:00:00,9.6,45.4,74.9,41.3,40.2,38.0,242.0
2021-12-26 23:00:00,8.9,45.5,70.7,32.8,32.5,30.0,0.0
2021-12-27 00:00:00,9.0,45.5,68.7,28.4,29.6,27.1,0.0
2021-12-27 01:00:00,8.4,45.6,67.0,26.6,28.3,25.9,0.0
2021-12-27 02:00:00,8.9,45.5,65.3,25.8,30.5,25.8,0.0
2021-12-27 03:00:00,9.3,45.5,62.3,25.3,27.4,24.9,0.0
2021-12-27 04:00:00,8.9,45.5,60.8,24.8,27.1,24.6,0.0
2021-12-27 05:00:00,9.1,45.5,28.6,37.5,28.0,24.2,0.0
2021-12-27 06:00:00,8.9,48.7,81.3,44.0,46.7,32.9,232.0
2021-12-27 07:00:00,8.6,48.8,81.4,44.2,48.3,40.5,420.0
2021-12-27 08:00:00,8.1,48.9,81.2,44.3,48.2,39.7,306.0
2021-12-27 09:00:00,8.1,48.9,74.6,45.0,48.3,39.7,305.0
2021-12-27 10:00:00,7.4,49.2,82.1,45.9,49.9,40.1,332.0
2021-12-27 11:00:00,7.8,49.0,83.3,45.5,49.7,40.6,328.0
2021-12-27 12:00:00,8.4,48.8,82.3,44.7,48.8,40.1,310.0
2021-12-27 13:00:00,8.4,48.8,81.9,44.4,48.7,39.9,305.0
2021-12-27 14:00:00,9.2,44.8,82.5,41.1,45.4,39.3,275.0
2021-12-27 15:00:00,8.7,45.3,80.4,39.8,44.7,36.9,207.0
2021-12-27 16:00:00,6.7,47.3,82.7,42.5,46.9,38.6,281.0
2021-12-27 17:00:00,5.2,48.8,83.9,43.6,48.2,39.4,295.0
2021-12-27 18:00:00,4.4,49.3,85.0,44.2,48.8,39.9,306.0
2021-12-27 19:00:00,3.8,47.7,85.7,43.7,48.4,40.4,311.0
2021-12-27 20:00:00,3.7,47.7,84.0,42.7,47.3,39.4,275.0
2021-12-27 21:00:00,4.9,47.0,85.5,42.5,47.2,39.1,274.0
2021-12-27 22:00:00,4.7,47.2,85.4,42.3,41.6,39.1,266.0
2021-12-27 23:00:00,4.4,47.3,81.5,32.8,33.6,30.8,0.0
2021-12-28 00:00:00,4.4,47.3,78.9,28.6,30.3,27.6,0.0
2021-12-28 01:00:00,4.7,47.1,76.3,26.8,29.0,26.3,0.0
2021-12-28 02:00:00,4.5,47.3,73.5,25.8,28.4,25.6,0.0
2021-12-28 03:00:00,4.3,47.4,71.7,25.3,37.1,25.5,0.0
2021-12-28 04:00:00,4.3,47.4,70.1,24.9,27.8,24.9,0.0
2021-12-28 05:00:00,4.3,47.4,68.8,24.6,27.0,24.6,0.0
2021-12-28 06:00:00,4.3,47.4,79.3,36.7,39.8,25.3,70.0
2021-12-28 07:00:00,4.3,47.4,83.7,43.9,48.2,41.0,493.0
2021-12-28 08:00:00,4.1,47.6,80.9,42.6,46.9,38.4,270.0
2021-12-28 09:00:00,4.4,47.4,80.8,42.8,47.1,38.7,297.0
2021-12-28 10:00:00,5.1,46.9,80.4,42.8,46.9,38.6,294.0
2021-12-28 11:00:00,6.1,46.1,78.9,42.5,46.7,38.4,288.0
2021-12-28 12:00:00,6.0,46.2,80.6,42.2,46.5,38.5,287.0
2021-12-28 13:00:00,6.3,45.9,80.8,41.9,46.4,38.2,273.0
2021-12-28 14:00:00,6.4,45.9,79.6,41.7,45.9,38.0,268.0
2021-12-28 15:00:00,6.0,48.8,77.9,45.5,49.1,39.4,318.0
2021-12-28 16:00:00,5.5,49.4,78.9,46.1,49.6,40.6,341.0
2021-12-28 17:00:00,5.3,49.6,78.6,46.0,49.6,40.6,328.0
2021-12-28 18:00:00,5.3,49.6,79.4,46.4,50.1,40.8,334.0
2021-12-28 19:00:00,5.1,49.8,78.6,46.3,49.9,40.9,330.0
2021-12-28 20:00:00,4.9,50.0,79.5,46.4,50.1,40.8,329.0
2021-12-28 21:00:00,4.8,50.1,78.7,46.3,50.0,40.9,327.0
2021-12-28 22:00:00,4.7,50.1,76.8,45.6,43.2,40.9,309.0
2021-12-28 23:00:00,4.0,50.5,72.1,35.0,33.5,31.1,0.0
2021-12-29 00:00:00,3.4,50.8,70.5,29.2,29.8,27.4,0.0
2021-12-29 01:00:00,3.3,50.8,68.7,26.6,32.4,26.3,0.0
2021-12-29 02:00:00,3.2,50.9,67.1,25.6,27.6,25.0,0.0
2021-12-29 03:00:00,2.8,51.1,65.0,25.0,27.0,24.5,0.0
2021-12-29 04:00:00,2.8,51.1,63.3,24.3,26.9,24.3,0.0
2021-12-29 05:00:00,3.1,48.4,78.0,43.0,45.1,30.0,192.0
2021-12-29 06:00:00,3.4,47.4,75.4,46.4,49.4,40.5,434.0
2021-12-29 07:00:00,3.4,47.4,86.7,43.0,47.9,39.2,290.0
2021-12-29 08:00:00,3.7,47.1,82.9,42.1,46.6,38.5,280.0
2021-12-29 09:00:00,4.0,46.9,82.7,41.8,46.3,38.2,276.0
2021-12-29 10:00:00,4.5,46.4,83.0,41.8,46.3,38.2,277.0
2021-12-29 11:00:00,4.8,46.1,80.8,41.3,45.8,37.9,267.0
2021-12-29 12:00:00,6.2,45.2,79.9,41.1,45.5,37.7,265.0
2021-12-29 13:00:00,6.0,45.3,78.3,41.1,45.4,37.5,261.0
2021-12-29 14:00:00,6.2,46.9,78.8,41.9,46.1,37.6,267.0
2021-12-29 15:00:00,6.0,47.1,78.5,43.1,47.1,38.6,298.0
2021-12-29 16:00:00,6.0,47.1,77.1,43.2,47.2,38.9,293.0
2021-12-29 17:00:00,5.7,47.3,76.9,43.1,47.0,38.8,284.0
2021-12-29 18:00:00,5.5,47.5,78.1,43.3,47.2,38.8,287.0
2021-12-29 19:00:00,5.3,47.7,77.9,43.5,47.5,39.2,293.0
2021-12-29 20:00:00,5.2,47.8,77.1,43.3,47.1,39.0,287.0
2021-12-29 21:00:00,5.1,47.9,78.0,44.8,48.5,39.6,307.0
2021-12-29 22:00:00,5.1,47.9,76.7,43.1,41.7,39.2,274.0
2021-12-29 23:00:00,5.1,47.9,73.3,33.1,33.0,30.4,0.0
2021-12-30 00:00:00,4.9,48.0,71.0,28.4,32.3,27.3,0.0
2021-12-30 01:00:00,5.1,48.0,68.3,26.3,28.1,25.6,0.0
2021-12-30 02:00:00,5.2,47.8,66.4,25.3,27.4,24.8,0.0
2021-12-30 03:00:00,5.3,47.7,65.0,24.6,27.2,24.5,0.0
2021-12-30 04:00:00,5.5,47.5,63.8,24.3,27.0,24.3,0.0
2021-12-30 05:00:00,5.5,47.5,24.9,24.3,27.1,24.0,0.0
2021-12-30 06:00:00,5.5,47.5,38.3,28.1,31.3,25.0,0.0
2021-12-30 07:00:00,5.4,47.6,81.5,45.9,49.6,40.5,495.0
2021-12-30 08:00:00,5.4,47.6,81.0,42.9,47.1,38.5,277.0
2021-12-30 09:00:00,5.4,47.6,81.1,43.1,47.4,38.6,304.0
2021-12-30 10:00:00,5.9,47.2,80.2,43.0,47.2,38.6,300.0
2021-12-30 11:00:00,6.0,47.1,80.1,43.0,47.3,38.6,297.0
2021-12-30 12:00:00,5.9,47.2,80.0,43.1,47.2,38.7,297.0
2021-12-30 13:00:00,6.5,46.6,79.1,42.2,46.3,38.5,286.0
2021-12-30 14:00:00,6.6,46.4,77.0,41.6,45.7,38.0,266.0
2021-12-30 15:00:00,6.1,47.0,77.0,42.3,46.3,38.2,278.0
2021-12-30 16:00:00,5.7,47.3,78.2,42.7,46.7,38.4,283.0
2021-12-30 17:00:00,5.6,47.3,78.2,42.8,46.8,38.6,286.0
2021-12-30 18:00:00,5.6,47.4,79.0,42.9,47.1,38.7,283.0
2021-12-30 19:00:00,5.7,47.3,78.3,43.1,47.0,38.8,289.0
2021-12-30 20:00:00,5.8,47.3,77.4,42.9,46.8,38.6,281.0
2021-12-30 21:00:00,5.8,47.2,77.2,42.7,46.7,38.4,278.0
2021-12-30 22:00:00,5.1,47.9,78.3,44.5,43.0,39.5,305.0
2021-12-30 23:00:00,3.9,48.7,74.5,33.4,33.2,30.7,0.0
2021-12-31 00:00:00,3.3,49.1,72.0,28.4,29.7,27.2,0.0
2021-12-31 01:00:00,2.6,49.6,69.6,26.3,28.1,25.5,0.0
2021-12-31 02:00:00,2.9,49.4,67.8,25.2,27.3,24.7,0.0
2021-12-31 03:00:00,2.6,49.6,66.6,24.4,33.9,24.4,0.0
2021-12-31 04:00:00,2.1,50.0,65.5,24.2,32.8,24.2,0.0
2021-12-31 05:00:00,2.2,49.9,64.2,23.9,26.3,23.8,0.0
2021-12-31 06:00:00,2.2,49.9,73.7,42.1,42.3,29.6,184.0
2021-12-31 07:00:00,2.1,50.1,71.7,46.0,48.0,38.0,387.0
2021-12-31 08:00:00,2.5,49.7,82.4,46.3,50.2,42.1,421.0
2021-12-31 09:00:00,3.7,48.9,83.8,44.1,48.5,39.7,312.0
2021-12-31 10:00:00,5.2,44.8,80.8,40.7,45.1,38.2,284.0
2021-12-31 11:00:00,5.7,44.6,79.9,39.6,44.1,36.4,233.0
2021-12-31 12:00:00,6.5,44.1,79.4,39.7,44.2,36.6,255.0
2021-12-31 13:00:00,6.8,44.0,78.7,39.5,43.9,36.4,249.0
2021-12-31 14:00:00,7.2,46.0,77.5,42.5,46.3,38.3,305.0
2021-12-31 15:00:00,6.9,46.3,76.8,41.6,45.7,37.8,275.0
2021-12-31 16:00:00,6.8,46.4,74.2,42.1,45.8,37.8,272.0
2021-12-31 17:00:00,6.1,47.0,74.9,43.1,46.7,38.2,288.0
2021-12-31 18:00:00,5.8,47.2,77.8,44.2,47.9,39.1,311.0
2021-12-31 19:00:00,5.3,47.7,77.6,43.7,47.5,38.6,287.0
2021-12-31 20:00:00,4.6,48.2,78.3,44.5,48.3,39.3,314.0
2021-12-31 21:00:00,4.0,48.6,80.4,45.0,48.9,39.7,319.0
2021-12-31 22:00:00,3.5,48.9,80.8,45.4,49.2,40.1,329.0
2021-12-31 23:00:00,3.0,49.2,80.7,45.5,49.3,40.2,329.0
2022-01-01 00:00:00,2.2,49.6,81.8,45.8,49.6,40.4,332.0
2022-01-01 01:00:00,2.6,49.4,75.4,42.0,36.8,34.6,159.0
2022-01-01 02:00:00,2.5,49.5,74.8,31.3,30.8,28.2,0.0
2022-01-01 03:00:00,2.7,49.3,73.9,26.9,28.7,26.2,0.0
2022-01-01 04:00:00,3.0,49.2,72.1,25.5,27.8,25.2,0.0
2022-01-01 05:00:00,2.8,49.3,69.5,24.7,27.3,24.6,0.0
2022-01-01 06:00:00,2.8,49.3,68.5,24.2,27.0,24.3,0.0
2022-01-01 07:00:00,2.5,49.5,79.1,50.7,52.1,38.1,421.0
2022-01-01 08:00:00,2.9,49.2,78.1,45.0,48.7,39.8,365.0
2022-01-01 09:00:00,3.9,48.6,77.5,44.6,48.3,39.4,322.0
2022-01-01 10:00:00,4.1,48.5,76.3,44.4,48.0,39.1,314.0
2022-01-01 11:00:00,4.5,48.3,75.2,44.4,47.9,39.2,313.0
2022-01-01 12:00:00,5.3,47.7,75.2,44.5,48.0,39.2,313.0
2022-01-01 13:00:00,5.3,47.7,75.2,44.5,47.9,39.2,309.0
2022-01-01 14:00:00,6.1,47.0,74.1,44.0,47.4,39.0,304.0
2022-01-01 15:00:00,6.3,46.7,73.4,43.7,47.2,38.8,295.0
2022-01-01 16:00:00,6.9,46.3,73.5,42.8,46.6,38.5,281.0
2022-01-01 17:00:00,7.1,46.2,73.0,42.6,46.1,38.2,276.0
2022-01-01 18:00:00,6.8,46.4,73.7,42.8,46.4,38.3,274.0
2022-01-01 19:00:00,7.2,46.0,72.4,42.7,46.3,38.3,272.0
2022-01-01 20:00:00,8.1,45.2,72.6,42.2,45.8,38.2,273.0
2022-01-01 21:00:00,8.4,44.9,71.2,41.3,45.0,37.6,248.0
2022-01-01 22:00:00,8.6,44.8,71.7,41.0,44.7,37.2,242.0
2022-01-01 23:00:00,8.1,44.5,72.9,41.2,45.1,37.4,248.0
2022-01-02 00:00:00,7.9,44.7,73.4,41.4,45.3,37.5,252.0
2022-01-02 01:00:00,8.3,44.4,72.5,40.7,44.6,37.2,241.0
2022-01-02 02:00:00,8.1,44.5,69.8,33.9,33.1,30.7,45.0
2022-01-02 03:00:00,8.3,44.4,67.3,28.7,29.7,27.2,0.0
2022-01-02 04:00:00,8.1,44.5,64.7,26.5,28.1,25.6,0.0
2022-01-02 05:00:00,8.0,44.6,63.0,25.4,27.3,24.9,0.0
2022-01-02 06:00:00,8.2,44.5,77.5,47.4,49.0,35.7,315.0
2022-01-02 07:00:00,8.3,44.3,75.7,39.4,43.7,36.6,246.0
2022-01-02 08:00:00,8.0,44.6,75.9,40.0,44.2,36.6,243.0
2022-01-02 09:00:00,8.1,44.5,76.0,40.3,44.5,36.9,250.0
2022-01-02 10:00:00,10.1,43.0,75.7,39.4,43.6,36.6,239.0
2022-01-02 11:00:00,11.2,44.9,72.8,41.1,44.8,37.3,256.0
2022-01-02 12:00:00,11.8,41.9,70.2,38.3,42.1,36.3,223.0
2022-01-02 13:00:00,12.3,41.7,68.6,37.2,41.2,34.8,176.0
2022-01-02 14:00:00,12.0,41.8,69.2,37.4,41.4,34.9,196.0
2022-01-02 15:00:00,12.7,41.5,68.1,37.4,41.2,34.9,196.0
2022-01-02 16:00:00,12.3,41.7,69.7,37.8,41.8,35.1,203.0
2022-01-02 17:00:00,11.0,42.3,72.1,38.4,42.4,35.5,213.0
2022-01-02 18:00:00,10.7,46.7,77.8,46.3,49.3,41.8,421.0
2022-01-02 19:00:00,9.6,47.8,75.9,44.0,47.7,38.9,248.0
2022-01-02 20:00:00,7.9,49.7,79.0,45.4,49.0,39.8,315.0
2022-01-02 21:00:00,8.3,49.3,80.2,46.5,50.2,41.3,349.0
2022-01-02 22:00:00,8.2,45.5,80.6,43.1,47.1,40.2,292.0
2022-01-02 23:00:00,7.6,45.8,76.9,40.8,41.2,37.7,210.0
2022-01-03 00:00:00,5.7,46.6,73.1,32.8,33.0,30.4,0.0
2022-01-03 01:00:00,4.9,47.0,70.3,28.6,29.9,27.4,0.0
2022-01-03 02:00:00,4.2,47.5,67.8,26.7,34.5,26.4,0.0
2022-01-03 03:00:00,4.0,47.7,65.7,25.8,27.8,25.2,0.0
2022-01-03 04:00:00,3.9,47.7,63.8,25.1,27.4,24.8,0.0
2022-01-03 05:00:00,4.2,47.5,62.3,24.8,27.1,24.5,0.0
2022-01-03 06:00:00,3.7,47.9,59.3,41.6,42.1,32.5,241.0
2022-01-03 07:00:00,2.9,48.5,81.9,43.5,47.8,39.8,407.0
2022-01-03 08:00:00,2.7,48.6,82.3,44.1,48.3,39.4,308.0
2022-01-03 09:00:00,6.0,46.5,81.2,42.7,47.0,39.1,293.0
2022-01-03 10:00:00,7.6,45.8,76.1,41.1,45.2,37.8,256.0
2022-01-03 11:00:00,8.9,45.2,74.0,41.2,45.2,37.6,258.0
2022-01-03 12:00:00,11.0,44.3,71.7,40.6,44.4,37.1,244.0
2022-01-03 13:00:00,11.4,44.1,67.1,37.0,36.1,33.7,143.0
2022-01-03 14:00:00,11.9,43.9,36.1,36.5,30.8,30.5,0.0
2022-01-03 15:00:00,11.5,44.8,69.6,43.9,46.8,38.6,364.0
2022-01-03 16:00:00,10.1,45.8,69.2,41.3,44.7,37.0,228.0
2022-01-03 17:00:00,10.5,45.7,73.4,42.5,46.1,38.2,285.0
2022-01-03 18:00:00,10.1,45.8,72.3,42.2,45.8,38.1,265.0
2022-01-03 19:00:00,8.9,47.4,74.8,44.3,47.9,39.0,289.0
2022-01-03 20:00:00,9.0,47.4,76.9,43.9,47.7,39.5,295.0
2022-01-03 21:00:00,8.2,47.7,76.9,43.7,47.4,39.2,289.0
2022-01-03 22:00:00,7.0,48.2,76.9,43.5,41.1,38.8,256.0
2022-01-03 23:00:00,6.0,48.6,73.6,32.7,32.7,30.2,0.0
2022-01-04 00:00:00,5.1,49.0,71.1,28.4,29.5,27.1,0.0
2022-01-04 01:00:00,4.6,49.2,69.1,26.5,36.8,25.8,0.0
2022-01-04 02:00:00,3.1,49.9,67.3,25.5,27.6,25.0,0.0
2022-01-04 03:00:00,3.3,49.8,65.1,25.0,27.1,24.6,0.0
2022-01-04 04:00:00,2.8,50.1,63.5,24.6,27.0,24.3,0.0
2022-01-04 05:00:00,1.9,50.5,62.5,24.2,26.7,24.1,0.0
2022-01-04 06:00:00,1.5,50.7,68.1,37.8,39.4,26.0,105.0
2022-01-04 07:00:00,1.5,50.7,86.9,50.2,53.4,41.9,533.0
2022-01-04 08:00:00,2.0,50.5,85.7,45.4,50.0,40.4,326.0
2022-01-04 09:00:00,3.4,49.8,84.3,45.8,50.1,40.6,348.0
2022-01-04 10:00:00,5.1,48.9,84.0,45.3,49.3,40.4,340.0
2022-01-04 11:00:00,6.9,48.2,80.4,43.8,47.9,39.4,301.0
2022-01-04 12:00:00,8.3,47.7,78.3,43.1,47.1,38.9,287.0
2022-01-04 13:00:00,10.3,46.9,75.3,43.2,46.8,38.5,281.0
2022-01-04 14:00:00,12.4,44.5,67.9,40.2,43.8,36.8,218.0
2022-01-04 15:00:00,12.1,44.6,66.8,40.8,44.1,36.9,233.0
2022-01-04 16:00:00,12.1,44.6,71.6,41.2,45.0,37.5,251.0
2022-01-04 17:00:00,11.9,44.7,73.0,41.3,45.0,37.5,244.0
2022-01-04 18:00:00,11.9,45.1,72.4,41.6,45.2,37.8,253.0
2022-01-04 19:00:00,11.5,45.3,73.1,41.5,45.3,37.7,247.0
2022-01-04 20:00:00,11.7,45.2,72.2,41.6,45.2,37.8,249.0
2022-01-04 21:00:00,11.5,45.3,73.6,41.7,45.6,37.9,250.0
2022-01-04 22:00:00,10.8,45.7,71.7,41.3,40.6,37.9,236.0
2022-01-04 23:00:00,10.5,45.8,69.4,32.8,32.5,30.1,0.0
2022-01-05 00:00:00,8.9,46.8,67.2,28.5,29.6,27.1,0.0
2022-01-05 01:00:00,7.2,47.7,65.0,26.6,28.1,25.6,0.0
2022-01-05 02:00:00,6.3,48.2,62.9,25.5,35.1,25.0,0.0
2022-01-05 03:00:00,8.3,47.1,61.4,24.8,27.1,24.3,0.0
2022-01-05 04:00:00,9.8,46.3,59.9,24.8,26.8,24.2,0.0
2022-01-05 05:00:00,9.5,46.5,52.4,25.1,26.6,24.3,0.0
2022-01-05 06:00:00,6.7,49.4,83.9,48.6,50.8,35.6,322.0
2022-01-05 07:00:00,5.7,50.0,84.2,44.8,49.5,40.3,396.0
2022-01-05 08:00:00,5.9,49.9,85.1,45.9,50.2,40.7,344.0
2022-01-05 09:00:00,8.6,48.3,83.5,44.4,48.6,40.2,320.0
2022-01-05 10:00:00,12.5,45.9,80.6,41.7,46.0,38.8,268.0
2022-01-05 11:00:00,14.1,45.0,71.4,40.5,44.2,37.2,222.0
2022-01-05 12:00:00,14.9,45.0,68.4,33.8,33.4,30.9,49.0
2022-01-05 13:00:00,15.0,45.0,66.1,28.8,29.9,27.4,0.0
2022-01-05 14:00:00,15.0,45.0,64.2,26.8,28.4,25.9,0.0
2022-01-05 15:00:00,14.7,45.0,62.7,25.9,27.6,25.1,0.0
2022-01-05 16:00:00,14.6,45.0,61.0,25.1,27.3,24.7,0.0
2022-01-05 17:00:00,14.4,45.0,59.3,25.0,30.1,24.9,0.0
2022-01-05 18:00:00,13.1,45.5,57.8,24.7,35.4,24.4,0.0
2022-01-05 19:00:00,11.4,46.5,71.4,48.0,49.5,38.0,406.0
2022-01-05 20:00:00,11.5,46.5,69.7,42.5,45.7,38.0,280.0
2022-01-05 21:00:00,10.9,46.8,71.6,44.1,47.2,38.6,290.0
2022-01-05 22:00:00,11.7,46.4,69.8,42.3,40.9,38.6,260.0
2022-01-05 23:00:00,11.4,46.5,66.6,33.1,32.4,30.0,0.0
2022-01-06 00:00:00,10.0,47.4,64.4,28.4,29.3,26.9,0.0
2022-01-06 01:00:00,8.4,48.4,62.5,26.5,36.2,25.9,0.0
2022-01-06 02:00:00,8.5,48.3,60.7,25.6,28.1,25.7,0.0
2022-01-06 03:00:00,7.3,49.0,59.1,25.1,26.7,24.3,0.0
2022-01-06 04:00:00,6.9,49.3,57.5,24.9,26.3,23.8,0.0
2022-01-06 05:00:00,7.2,49.1,55.9,24.2,26.3,23.8,0.0
2022-01-06 06:00:00,7.0,48.2,59.3,36.1,37.3,26.2,106.0
2022-01-06 07:00:00,6.8,48.0,75.4,44.7,48.1,40.4,487.0
2022-01-06 08:00:00,8.6,45.8,75.7,42.6,46.6,38.7,277.0
2022-01-06 09:00:00,6.6,48.2,74.4,44.4,47.6,38.3,277.0
2022-01-06 10:00:00,5.9,49.0,77.8,45.8,49.4,40.1,346.0
2022-01-06 11:00:00,4.7,48.2,77.8,43.9,47.7,38.8,295.0
2022-01-06 12:00:00,4.0,48.7,79.4,44.6,48.7,39.5,318.0
2022-01-06 13:00:00,4.0,48.7,79.2,45.2,48.9,40.0,323.0
2022-01-06 14:00:00,3.7,48.9,80.0,45.2,49.2,40.1,320.0
2022-01-06 15:00:00,3.5,49.0,81.0,45.7,49.6,40.4,328.0
2022-01-06 16:00:00,3.4,49.0,80.8,44.7,48.8,40.2,316.0
2022-01-06 17:00:00,3.3,49.1,80.8,45.3,49.3,39.9,309.0
2022-01-06 18:00:00,3.3,49.1,81.3,44.9,48.9,40.4,326.0
2022-01-06 19:00:00,3.1,49.3,80.2,45.4,49.3,40.2,311.0
2022-01-06 20:00:00,3.1,49.3,80.5,45.8,49.7,40.5,329.0
2022-01-06 21:00:00,2.9,49.4,80.3,45.8,49.6,40.6,321.0
2022-01-06 22:00:00,2.7,49.6,81.4,46.1,50.2,40.8,331.0
2022-01-06 23:00:00,2.8,46.0,81.0,40.8,45.5,37.7,227.0
2022-01-07 00:00:00,2.9,46.0,76.7,36.2,35.5,33.0,117.0
2022-01-07 01:00:00,2.9,46.0,74.4,29.6,32.8,28.4,0.0
2022-01-07 02:00:00,3.0,46.0,72.1,27.1,35.1,26.6,0.0
2022-01-07 03:00:00,2.9,46.0,70.2,25.8,28.0,25.3,0.0
2022-01-07 04:00:00,3.1,46.0,68.1,25.1,27.6,24.9,0.0
2022-01-07 05:00:00,3.1,46.0,66.5,24.6,27.1,24.5,0.0
2022-01-07 06:00:00,3.1,46.0,82.9,43.6,46.0,28.6,161.0
2022-01-07 07:00:00,2.7,46.0,84.5,40.6,45.3,37.8,400.0
2022-01-07 08:00:00,2.5,47.7,85.2,43.9,48.2,39.2,331.0
2022-01-07 09:00:00,2.8,47.6,83.5,43.4,48.0,39.1,312.0
2022-01-07 10:00:00,3.5,47.4,82.7,43.2,47.5,38.9,304.0
2022-01-07 11:00:00,3.7,47.3,82.8,43.2,47.6,38.9,305.0
2022-01-07 12:00:00,4.5,47.1,80.7,42.9,47.2,38.7,298.0
2022-01-07 13:00:00,4.2,47.2,80.1,42.5,46.8,38.4,285.0
2022-01-07 14:00:00,4.4,47.2,77.3,43.1,47.0,38.3,287.0
2022-01-07 15:00:00,3.8,47.3,77.9,43.6,47.5,38.8,301.0
2022-01-07 16:00:00,3.7,47.3,78.1,43.9,47.8,39.2,306.0
2022-01-07 17:00:00,3.5,47.4,79.9,43.3,47.6,39.0,298.0
2022-01-07 18:00:00,3.5,47.4,80.0,43.2,47.4,38.9,293.0
2022-01-07 19:00:00,2.8,47.6,79.9,43.0,47.1,38.6,288.0
2022-01-07 20:00:00,2.7,47.6,80.8,43.3,47.7,38.9,303.0
2022-01-07 21:00:00,2.7,47.6,81.5,43.5,47.7,39.1,294.0
2022-01-07 22:00:00,3.0,47.6,79.4,43.2,47.3,38.9,298.0
2022-01-07 23:00:00,2.8,47.6,73.9,34.7,33.1,30.7,0.0
2022-01-08 00:00:00,2.9,47.6,68.8,29.0,29.1,26.7,0.0
2022-01-08 01:00:00,2.5,47.7,64.8,26.1,27.6,25.0,0.0
2022-01-08 02:00:00,2.1,47.8,63.3,24.8,26.9,24.3,0.0
2022-01-08 03:00:00,1.9,47.9,64.1,24.1,26.6,23.9,0.0
2022-01-08 04:00:00,2.1,47.9,64.7,23.9,26.5,23.8,0.0
2022-01-08 05:00:00,2.2,47.8,64.7,23.6,26.5,23.7,0.0
2022-01-08 06:00:00,2.3,47.8,65.1,38.6,39.2,26.9,142.0
2022-01-08 07:00:00,2.1,47.8,84.3,43.0,47.6,39.7,486.0
2022-01-08 08:00:00,2.2,47.8,82.1,43.0,47.3,38.5,301.0
2022-01-08 09:00:00,3.0,47.6,82.2,43.4,47.9,38.8,321.0
2022-01-08 10:00:00,3.6,47.3,81.1,43.3,47.5,38.8,316.0
2022-01-08 11:00:00,4.8,47.0,81.5,43.2,47.5,38.6,308.0
2022-01-08 12:00:00,5.0,47.0,80.6,43.0,47.2,38.5,304.0
2022-01-08 13:00:00,5.3,46.8,80.7,43.1,47.3,38.6,304.0
2022-01-08 14:00:00,5.3,46.8,80.1,42.9,47.1,38.4,299.0
2022-01-08 15:00:00,5.1,46.9,80.1,43.1,47.2,38.6,301.0
2022-01-08 16:00:00,4.9,47.0,78.7,43.0,47.0,38.6,296.0
2022-01-08 17:00:00,4.7,47.0,80.8,43.2,47.3,38.7,297.0
2022-01-08 18:00:00,4.7,47.0,79.3,43.2,47.3,38.8,299.0
2022-01-08 19:00:00,4.6,47.1,79.0,43.1,47.2,38.8,294.0
2022-01-08 20:00:00,4.5,47.1,80.6,43.2,47.4,38.8,294.0
2022-01-08 21:00:00,4.2,48.2,79.9,43.7,47.7,38.9,299.0
2022-01-08 22:00:00,3.4,48.4,81.2,43.9,42.4,39.4,309.0
2022-01-08 23:00:00,2.9,48.6,77.4,32.3,33.3,30.5,0.0
2022-01-09 00:00:00,2.0,48.9,75.5,28.0,29.9,27.2,0.0
2022-01-09 01:00:00,1.4,49.0,73.2,26.1,32.7,26.2,0.0
2022-01-09 02:00:00,0.9,49.2,71.3,24.9,30.4,24.9,0.0
2022-01-09 03:00:00,0.9,49.2,70.0,24.4,27.3,24.4,0.0
2022-01-09 04:00:00,0.7,49.2,68.7,24.3,27.2,24.3,0.0
2022-01-09 05:00:00,0.5,49.3,68.2,24.3,27.4,24.3,32.0
2022-01-09 06:00:00,0.6,49.3,87.0,49.9,52.1,36.7,384.0
2022-01-09 07:00:00,0.9,49.2,86.4,46.3,50.3,39.4,383.0
2022-01-09 08:00:00,1.3,49.1,86.8,44.9,49.3,39.9,352.0
2022-01-09 09:00:00,1.3,49.1,85.7,44.6,48.9,39.7,338.0
2022-01-09 10:00:00,1.6,49.0,85.6,44.5,49.0,39.6,336.0
2022-01-09 11:00:00,2.0,48.9,84.9,44.4,48.7,39.5,332.0
2022-01-09 12:00:00,2.3,48.8,84.5,44.2,48.5,39.4,329.0
2022-01-09 13:00:00,2.7,48.6,84.8,44.3,48.7,39.4,330.0
2022-01-09 14:00:00,2.6,48.7,84.7,44.3,48.5,39.4,322.0
2022-01-09 15:00:00,2.5,48.7,84.9,44.5,48.8,39.6,334.0
2022-01-09 16:00:00,2.2,48.8,85.6,44.7,49.2,39.8,335.0
2022-01-09 17:00:00,2.2,48.8,85.7,44.8,49.2,39.9,334.0
2022-01-09 18:00:00,2.0,48.9,86.2,45.0,49.5,40.1,334.0
2022-01-09 19:00:00,1.9,48.9,85.7,44.6,49.2,39.9,324.0
2022-01-09 20:00:00,1.7,48.9,85.7,44.6,49.1,40.0,325.0
2022-01-09 21:00:00,1.3,49.1,85.7,44.7,49.1,40.0,319.0
2022-01-09 22:00:00,1.1,49.1,86.5,44.8,49.3,40.1,331.0
2022-01-09 23:00:00,0.9,49.2,56.1,62.7,55.3,32.8,0.0
2022-01-10 00:00:00,0.4,49.3,53.3,67.8,52.1,30.4,0.0
2022-01-10 01:00:00,0.6,49.3,50.0,56.9,43.9,29.6,0.0
2022-01-10 02:00:00,-0.2,60.0,45.2,49.2,40.0,29.7,0.0
2022-01-10 03:00:00,-0.5,60.0,41.1,44.1,37.5,29.7,0.0
2022-01-10 04:00:00,-0.7,60.0,37.9,40.6,35.9,29.5,0.0
2022-01-10 05:00:00,-0.7,60.0,56.8,56.0,54.8,23.6,0.0
2022-01-10 06:00:00,-0.8,49.3,87.3,46.5,49.8,35.4,345.0
2022-01-10 07:00:00,-0.7,49.3,87.2,43.9,48.6,39.9,411.0
2022-01-10 08:00:00,-0.5,49.2,87.3,44.4,49.0,39.4,335.0
2022-01-10 09:00:00,-0.3,49.1,87.0,44.5,49.1,39.6,343.0
2022-01-10 10:00:00,-0.3,49.1,86.5,44.4,49.0,39.5,338.0
2022-01-10 11:00:00,-0.4,49.2,86.3,44.6,49.1,39.7,332.0
2022-01-10 12:00:00,-0.5,49.2,86.8,44.6,49.1,39.8,342.0
2022-01-10 13:00:00,-0.7,49.3,86.8,44.7,49.3,39.8,340.0
2022-01-10 14:00:00,-0.9,49.3,87.5,44.8,49.5,39.9,340.0
2022-01-10 15:00:00,-0.8,49.3,87.4,45.0,49.5,40.1,341.0
2022-01-10 16:00:00,-1.2,49.5,87.4,45.1,49.7,40.3,344.0
2022-01-10 17:00:00,-1.4,49.6,88.4,45.4,50.0,40.4,342.0
2022-01-10 18:00:00,-1.5,49.6,88.5,45.4,50.1,40.5,348.0
2022-01-10 19:00:00,-1.5,49.6,88.7,45.5,50.2,40.6,345.0
2022-01-10 20:00:00,-1.6,49.6,88.5,45.0,49.7,40.4,338.0
2022-01-10 21:00:00,-1.7,49.7,88.1,44.8,49.5,40.1,334.0
2022-01-10 22:00:00,-2.0,49.8,89.3,44.9,49.7,40.2,341.0
2022-01-10 23:00:00,-2.1,49.8,84.8,33.6,33.3,30.7,0.0
2022-01-11 00:00:00,-2.2,49.9,82.0,27.7,29.4,26.7,0.0
2022-01-11 01:00:00,-1.6,49.6,79.4,25.2,27.7,24.9,0.0
2022-01-11 02:00:00,-2.0,49.8,76.8,24.2,27.1,24.1,0.0
2022-01-11 03:00:00,-1.9,49.8,75.1,23.7,26.6,23.7,0.0
2022-01-11 04:00:00,-1.8,49.7,73.5,23.3,26.1,23.3,0.0
2022-01-11 05:00:00,-1.7,49.7,27.0,42.0,28.4,23.8,0.0
2022-01-11 06:00:00,-1.4,50.9,86.0,39.6,43.6,29.1,161.0
2022-01-11 07:00:00,-1.3,50.8,81.8,51.2,53.6,41.5,538.0
2022-01-11 08:00:00,-1.0,50.6,90.5,46.5,51.1,40.8,379.0
2022-01-11 09:00:00,-0.5,50.3,90.0,45.8,50.5,40.4,379.0
2022-01-11 10:00:00,-0.1,50.1,89.3,45.6,50.3,40.3,370.0
2022-01-11 11:00:00,0.3,49.8,85.1,44.7,49.0,39.7,352.0
2022-01-11 12:00:00,1.0,49.4,84.9,46.0,50.1,40.1,371.0
2022-01-11 13:00:00,0.5,49.7,84.2,45.2,49.3,39.5,343.0
2022-01-11 14:00:00,0.0,50.0,86.4,46.0,50.3,40.1,367.0
2022-01-11 15:00:00,-0.2,50.1,86.6,45.6,49.9,39.8,359.0
2022-01-11 16:00:00,-0.7,50.4,87.2,46.1,50.4,40.3,372.0
2022-01-11 17:00:00,-0.5,50.3,86.8,46.3,50.6,40.6,371.0
2022-01-11 18:00:00,-0.6,50.4,86.9,46.4,50.6,40.7,368.0
2022-01-11 19:00:00,-0.9,50.6,88.6,46.6,51.0,40.8,372.0
2022-01-11 20:00:00,-0.9,50.6,88.2,45.7,50.2,40.6,362.0
2022-01-11 21:00:00,-1.1,50.7,88.8,45.5,50.2,40.4,350.0
2022-01-11 22:00:00,-1.3,50.8,88.2,45.9,43.6,40.8,351.0
2022-01-11 23:00:00,-1.2,50.7,83.8,33.0,33.2,30.4,0.0
2022-01-12 00:00:00,-1.2,50.7,81.3,27.3,29.3,26.6,0.0
2022-01-12 01:00:00,-1.3,50.8,78.9,25.1,27.7,24.9,0.0
2022-01-12 02:00:00,-1.5,50.9,76.3,24.2,27.1,24.1,0.0
2022-01-12 03:00:00,-1.4,50.9,74.7,23.7,26.7,23.8,0.0
2022-01-12 04:00:00,-1.5,50.9,73.6,23.3,26.3,23.4,0.0
2022-01-12 05:00:00,-1.6,51.0,73.8,24.3,28.3,23.7,50.0
2022-01-12 06:00:00,-1.7,50.4,31.4,26.0,28.2,24.4,0.0
2022-01-12 07:00:00,-1.5,50.3,80.1,46.8,49.5,38.0,493.0
2022-01-12 08:00:00,-1.1,50.1,87.0,45.8,50.2,40.5,434.0
2022-01-12 09:00:00,-0.7,49.9,86.8,45.4,49.7,39.7,361.0
2022-01-12 10:00:00,-0.1,49.6,85.9,45.3,49.6,39.7,367.0
2022-01-12 11:00:00,-0.8,49.9,85.7,45.3,49.5,39.7,365.0
2022-01-12 12:00:00,-1.4,50.2,85.7,45.3,49.6,39.7,365.0
2022-01-12 13:00:00,-1.6,50.3,86.4,45.5,49.9,39.9,369.0
2022-01-12 14:00:00,-2.0,50.5,87.5,45.8,50.2,40.1,371.0
2022-01-12 15:00:00,-2.1,50.6,87.7,46.0,50.4,40.3,373.0
2022-01-12 16:00:00,-2.9,51.0,88.9,46.2,50.7,40.4,375.0
2022-01-12 17:00:00,-3.4,51.2,90.5,46.9,51.5,41.0,393.0
2022-01-12 18:00:00,-3.5,51.3,91.9,47.2,51.8,41.2,255.0
2022-01-12 19:00:00,-3.38,50.48,91.18,46.08,50.76,40.56,386.8
2022-01-12 20:00:00,-3.26,49.66,90.46,44.96,49.72,39.92,386.8
2022-01-12 21:00:00,-3.14,48.84,89.74,43.84,48.68,39.28,386.8
2022-01-12 22:00:00,-3.02,48.02,89.02,42.72,47.64,38.64,386.8
2022-01-12 23:00:00,-2.9,47.2,88.3,41.6,46.6,38.0,386.8
2022-01-13 00:00:00,-2.3,46.9,89.1,41.7,46.6,38.0,300.0
2022-01-13 01:00:00,-2.7,47.1,87.7,37.2,37.2,34.3,197.0
2022-01-13 02:00:00,-3.1,47.3,84.3,28.8,30.5,27.7,0.0
2022-01-13 03:00:00,-3.3,47.3,81.6,25.4,27.9,25.2,0.0
2022-01-13 04:00:00,-3.2,47.3,78.8,23.9,26.8,23.9,0.0
2022-01-13 05:00:00,-3.2,47.3,90.9,48.9,51.9,37.5,425.0
2022-01-13 06:00:00,-3.2,47.3,78.6,45.6,48.5,36.6,268.0
2022-01-13 07:00:00,-3.2,47.3,87.7,41.5,46.4,38.0,352.0
2022-01-13 08:00:00,-3.0,51.2,90.7,48.6,52.3,40.2,394.0
2022-01-13 09:00:00,-2.2,50.7,90.4,46.3,50.9,40.6,396.0
2022-01-13 10:00:00,-1.5,50.2,88.3,45.8,50.2,40.3,378.0
2022-01-13 11:00:00,-0.4,49.5,89.9,44.9,49.6,40.1,371.0
2022-01-13 12:00:00,-1.3,50.1,86.2,45.0,49.7,39.4,353.0
2022-01-13 13:00:00,-1.8,50.4,88.4,46.6,51.0,40.4,391.0
2022-01-13 14:00:00,-1.6,50.3,88.4,45.3,49.9,40.1,369.0
2022-01-13 15:00:00,-1.5,49.6,87.9,44.9,49.3,39.7,359.0
2022-01-13 16:00:00,-1.7,49.7,87.9,44.8,49.3,39.7,355.0
2022-01-13 17:00:00,-1.9,49.9,89.3,45.0,49.8,39.8,358.0
2022-01-13 18:00:00,-2.5,50.3,90.2,45.3,50.1,40.1,362.0
2022-01-13 19:00:00,-3.6,51.0,90.8,46.6,51.2,40.2,369.0
2022-01-13 20:00:00,-4.3,51.5,91.4,47.7,52.2,41.3,409.0
2022-01-13 21:00:00,-5.2,52.2,92.1,48.1,52.7,41.7,410.0
2022-01-13 22:00:00,-5.4,52.4,92.9,47.8,52.6,41.7,403.0
2022-01-13 23:00:00,-5.8,50.4,91.9,47.9,52.5,41.9,405.0
2022-01-14 00:00:00,-5.9,50.5,90.1,44.8,49.6,40.3,343.0
2022-01-14 01:00:00,-6.2,50.6,81.7,32.8,32.9,30.2,0.0
2022-01-14 02:00:00,-6.1,50.6,82.7,41.6,44.7,28.6,141.0
2022-01-14 03:00:00,-6.9,51.0,78.7,29.4,31.0,28.2,80.0
2022-01-14 04:00:00,-7.2,51.1,78.1,25.4,28.0,25.0,0.0
2022-01-14 05:00:00,-6.6,50.8,63.7,38.2,39.9,28.8,184.0
2022-01-14 06:00:00,-5.8,50.4,69.5,47.1,48.8,39.5,453.0
2022-01-14 07:00:00,-6.1,50.6,78.9,48.5,51.1,41.4,431.0
2022-01-14 08:00:00,-5.6,50.3,85.8,46.3,50.5,40.4,376.0
2022-01-14 09:00:00,-5.1,50.1,91.6,46.0,50.8,40.1,377.0
2022-01-14 10:00:00,-3.9,49.9,90.9,44.8,49.7,39.8,372.0
2022-01-14 11:00:00,-2.9,50.4,88.6,43.9,49.0,39.0,344.0
2022-01-14 12:00:00,-2.0,49.6,87.7,45.2,49.7,39.9,380.0
2022-01-14 13:00:00,-1.4,49.2,85.5,44.5,48.9,39.5,353.0
2022-01-14 14:00:00,-0.5,48.4,84.5,44.2,48.5,39.1,340.0
2022-01-14 15:00:00,-0.4,48.4,84.2,44.0,48.5,39.0,339.0
2022-01-14 16:00:00,-0.5,48.4,84.7,44.2,48.5,39.0,340.0
2022-01-14 17:00:00,-1.1,48.9,84.8,44.3,48.7,39.2,341.0
2022-01-14 18:00:00,-2.0,49.6,86.6,44.6,49.2,39.4,346.0
2022-01-14 19:00:00,-1.8,49.5,87.1,45.0,49.5,39.7,358.0
2022-01-14 20:00:00,-2.4,50.0,87.2,45.0,49.6,39.8,350.0
2022-01-14 21:00:00,-2.9,50.4,88.4,45.2,49.8,39.8,356.0
2022-01-14 22:00:00,-2.7,50.2,88.2,45.6,50.2,40.2,361.0
2022-01-14 23:00:00,-2.5,50.0,85.3,40.4,37.6,35.1,210.0
2022-01-15 00:00:00,-1.8,49.5,82.0,29.6,30.6,27.9,0.0
2022-01-15 01:00:00,-2.3,49.9,79.6,25.6,28.0,25.2,0.0
2022-01-15 02:00:00,-2.9,50.3,77.0,24.1,26.8,24.0,0.0
2022-01-15 03:00:00,-2.9,50.3,75.0,23.3,26.3,23.4,0.0
2022-01-15 04:00:00,-2.3,49.9,73.3,22.8,25.8,22.9,0.0
2022-01-15 05:00:00,-0.3,48.3,36.2,24.1,28.9,22.4,0.0
2022-01-15 06:00:00,0.9,47.2,86.1,44.0,48.3,40.1,563.0
2022-01-15 07:00:00,2.3,46.1,84.8,40.8,45.5,36.9,280.0
2022-01-15 08:00:00,2.7,45.8,83.0,40.9,45.5,36.8,298.0
2022-01-15 09:00:00,3.2,50.3,84.2,47.2,50.8,40.6,423.0
2022-01-15 10:00:00,3.3,50.3,83.8,46.4,50.2,40.1,371.0
2022-01-15 11:00:00,2.9,50.4,83.5,46.4,50.2,40.1,381.0
2022-01-15 12:00:00,3.9,50.2,83.0,46.6,50.5,40.4,383.0
2022-01-15 13:00:00,3.6,48.5,80.7,45.3,49.1,39.8,355.0
2022-01-15 14:00:00,3.5,50.4,80.9,46.4,49.7,39.2,343.0
2022-01-15 15:00:00,3.7,50.3,81.2,47.7,51.0,40.7,395.0
2022-01-15 16:00:00,3.1,50.5,83.7,47.3,51.0,40.7,377.0
2022-01-15 17:00:00,2.3,50.8,85.2,47.3,51.2,40.9,384.0
2022-01-15 18:00:00,1.7,50.9,86.0,47.6,51.5,41.1,384.0
2022-01-15 19:00:00,0.9,51.2,86.6,47.4,51.4,41.2,380.0
2022-01-15 20:00:00,0.0,51.5,86.8,47.6,51.7,41.3,384.0
2022-01-15 21:00:00,0.8,51.2,87.4,47.7,51.9,41.4,382.0
2022-01-15 22:00:00,0.5,51.3,86.2,47.1,44.0,41.5,369.0
2022-01-15 23:00:00,0.4,51.3,81.9,33.8,33.1,30.4,0.0
2022-01-16 00:00:00,0.5,51.3,79.2,27.8,30.8,26.6,0.0
2022-01-16 01:00:00,0.7,51.2,77.2,25.5,28.1,24.9,0.0
2022-01-16 02:00:00,0.7,51.2,74.6,24.2,26.9,24.1,0.0
2022-01-16 03:00:00,0.6,51.3,72.5,23.6,26.3,23.6,0.0
2022-01-16 04:00:00,0.4,51.3,70.7,23.1,25.8,23.2,0.0
2022-01-16 05:00:00,0.2,51.4,70.0,23.0,27.7,22.9,0.0
2022-01-16 06:00:00,0.0,51.5,88.0,50.2,53.0,39.6,506.0
2022-01-16 07:00:00,0.2,51.4,86.9,47.8,51.9,41.2,423.0
2022-01-16 08:00:00,0.5,51.3,86.2,47.9,51.7,41.2,402.0
2022-01-16 09:00:00,1.0,51.2,86.7,47.5,51.5,41.1,394.0
2022-01-16 10:00:00,1.8,50.9,86.8,47.3,51.4,41.1,391.0
2022-01-16 11:00:00,2.5,50.7,85.7,46.7,50.8,40.8,374.0
2022-01-16 12:00:00,3.2,50.5,84.0,46.3,50.3,40.5,365.0
2022-01-16 13:00:00,3.7,50.3,83.6,46.1,50.2,40.3,358.0
2022-01-16 14:00:00,4.0,50.3,80.9,46.5,50.1,40.1,351.0
2022-01-16 15:00:00,4.1,50.2,81.2,46.9,50.5,40.5,368.0
2022-01-16 16:00:00,4.0,50.3,81.2,47.0,50.5,40.7,365.0
2022-01-16 17:00:00,2.4,50.7,84.2,46.9,50.8,41.0,371.0
2022-01-16 18:00:00,1.5,51.0,86.6,47.4,51.5,41.2,374.0
2022-01-16 19:00:00,1.7,50.9,86.9,47.3,51.5,41.4,377.0
2022-01-16 20:00:00,0.0,51.5,86.9,47.2,51.4,41.2,368.0
2022-01-16 21:00:00,-0.5,51.6,86.8,47.2,51.4,41.3,372.0
2022-01-16 22:00:00,-0.8,51.7,88.6,47.4,44.9,41.7,377.0
2022-01-16 23:00:00,-1.4,51.9,83.7,34.5,33.4,30.8,0.0
2022-01-17 00:00:00,-1.4,51.9,80.6,28.3,29.3,26.7,0.0
2022-01-17 01:00:00,-1.9,52.1,78.1,25.6,27.6,25.0,0.0
2022-01-17 02:00:00,-1.6,52.0,76.2,24.2,26.9,24.1,0.0
2022-01-17 03:00:00,-1.8,52.0,73.7,23.7,26.7,23.8,0.0
2022-01-17 04:00:00,-2.3,52.2,72.3,23.5,26.5,23.6,0.0
2022-01-17 05:00:00,-1.9,52.1,26.1,37.4,27.9,23.8,35.0
2022-01-17 06:00:00,-2.1,52.1,78.3,40.5,43.1,29.5,163.0
2022-01-17 07:00:00,-0.5,51.6,86.9,51.1,54.0,41.4,524.0
2022-01-17 08:00:00,-0.8,51.7,86.2,47.0,51.1,40.8,383.0
2022-01-17 09:00:00,-0.2,51.5,86.4,47.2,51.2,41.0,389.0
2022-01-17 10:00:00,1.0,51.2,85.9,47.3,51.3,40.9,388.0
2022-01-17 11:00:00,2.2,50.8,84.8,47.9,51.5,41.2,390.0
2022-01-17 12:00:00,3.0,50.6,84.1,47.0,50.8,40.9,373.0
2022-01-17 13:00:00,3.4,50.4,81.2,46.4,50.1,40.6,358.0
2022-01-17 14:00:00,4.3,50.2,81.4,46.0,49.7,40.1,354.0
2022-01-17 15:00:00,5.0,50.0,79.5,46.3,49.6,39.9,345.0
2022-01-17 16:00:00,4.8,50.0,79.3,46.6,49.9,40.4,360.0
2022-01-17 17:00:00,3.9,50.3,81.0,47.2,50.7,40.7,364.0
2022-01-17 18:00:00,3.4,50.5,83.7,47.3,51.0,41.0,368.0
2022-01-17 19:00:00,3.4,50.8,80.3,50.2,53.0,37.9,260.0
2022-01-17 20:00:00,4.2,50.4,83.0,46.8,50.8,41.1,418.0
2022-01-17 21:00:00,5.7,49.2,80.7,45.9,49.6,40.5,333.0
2022-01-17 22:00:00,3.5,50.7,82.9,46.3,42.9,40.7,327.0
2022-01-17 23:00:00,4.0,50.5,78.2,34.0,32.8,30.3,0.0
2022-01-18 00:00:00,4.4,50.2,76.0,27.9,29.1,26.6,0.0
2022-01-18 01:00:00,4.2,50.3,74.1,25.7,38.1,25.3,0.0
2022-01-18 02:00:00,3.1,50.9,72.0,24.5,27.0,24.3,0.0
2022-01-18 03:00:00,2.2,51.4,69.7,23.9,26.6,23.8,0.0
2022-01-18 04:00:00,1.9,51.5,68.4,23.5,28.9,23.5,0.0
2022-01-18 05:00:00,1.8,51.6,34.3,24.2,25.9,23.8,0.0
2022-01-18 06:00:00,2.0,51.5,83.9,39.1,42.0,26.6,146.0
2022-01-18 07:00:00,1.8,51.6,83.7,50.8,53.4,40.2,510.0
2022-01-18 08:00:00,1.7,51.6,86.2,46.7,50.9,41.1,416.0
2022-01-18 09:00:00,2.0,51.4,86.0,47.5,51.4,41.0,388.0
2022-01-18 10:00:00,3.7,50.6,85.0,46.4,50.5,40.9,379.0
2022-01-18 11:00:00,3.3,50.8,84.3,46.9,50.8,40.6,364.0
2022-01-18 12:00:00,4.5,50.3,83.5,46.9,50.7,40.7,366.0
2022-01-18 13:00:00,4.5,50.2,83.3,46.8,50.7,40.6,367.0
2022-01-18 14:00:00,3.7,50.6,83.5,46.7,50.7,40.5,360.0
2022-01-18 15:00:00,3.1,50.9,84.2,47.1,50.9,40.8,369.0
2022-01-18 16:00:00,2.6,51.2,83.8,47.3,51.2,41.1,375.0
2022-01-18 17:00:00,2.4,51.3,85.8,47.7,51.7,41.3,376.0
2022-01-18 18:00:00,2.0,51.5,85.7,47.4,51.4,41.3,374.0
2022-01-18 19:00:00,1.7,51.6,85.8,48.1,51.9,41.5,374.0
2022-01-18 20:00:00,1.0,52.0,87.0,47.9,51.9,41.8,387.0
2022-01-18 21:00:00,1.0,52.0,86.9,47.8,51.8,41.7,373.0
2022-01-18 22:00:00,0.5,52.2,87.1,47.8,51.9,41.7,374.0
2022-01-18 23:00:00,0.3,52.3,82.6,34.7,34.3,31.5,32.0
2022-01-19 00:00:00,0.1,52.4,79.9,28.5,29.9,27.3,0.0
2022-01-19 01:00:00,-0.4,52.7,77.4,25.8,28.1,25.4,0.0
2022-01-19 02:00:00,-0.4,52.7,74.9,24.6,27.4,24.6,0.0
2022-01-19 03:00:00,-1.0,53.1,73.0,24.0,26.9,24.1,0.0
2022-01-19 04:00:00,-1.0,53.0,71.4,23.6,26.4,23.6,0.0
2022-01-19 05:00:00,-0.5,52.8,23.8,26.8,26.1,23.4,0.0
2022-01-19 06:00:00,-0.1,52.6,83.7,38.5,42.3,27.2,122.0
2022-01-19 07:00:00,0.0,52.6,84.8,52.3,54.7,41.1,540.0
2022-01-19 08:00:00,0.2,52.4,87.3,48.2,52.1,41.6,428.0
2022-01-19 09:00:00,1.4,51.8,87.2,47.9,51.9,41.4,396.0
2022-01-19 10:00:00,2.7,51.1,86.0,47.7,51.6,41.2,394.0
2022-01-19 11:00:00,3.7,50.7,86.0,47.2,51.2,41.1,388.0
2022-01-19 12:00:00,4.0,50.5,84.1,46.4,50.4,40.5,364.0
2022-01-19 13:00:00,4.0,50.5,83.3,46.2,50.2,40.4,361.0
2022-01-19 14:00:00,3.8,50.6,81.1,46.7,50.3,40.5,358.0
2022-01-19 15:00:00,3.4,50.8,81.3,46.9,50.3,40.6,363.0
2022-01-19 16:00:00,3.1,50.9,83.9,47.4,51.1,40.8,369.0
2022-01-19 17:00:00,2.4,51.3,84.5,47.9,51.6,41.4,379.0
2022-01-19 18:00:00,1.4,51.7,85.6,48.6,52.3,41.8,395.0
2022-01-19 19:00:00,0.7,52.1,86.8,47.8,51.7,41.6,380.0
2022-01-19 20:00:00,0.4,52.3,86.5,47.6,51.7,41.5,377.0
2022-01-19 21:00:00,0.1,52.4,88.7,49.3,53.2,42.3,400.0
2022-01-19 22:00:00,-0.2,52.6,88.0,48.0,52.2,41.8,372.0
2022-01-19 23:00:00,-0.3,52.7,84.5,35.5,34.8,32.2,68.0
2022-01-20 00:00:00,0.0,52.5,81.3,29.0,30.3,27.5,0.0
2022-01-20 01:00:00,-0.7,52.9,77.8,26.1,28.2,25.6,0.0
2022-01-20 02:00:00,-1.3,53.2,75.2,24.7,27.3,24.7,0.0
2022-01-20 03:00:00,-2.6,53.8,73.1,24.1,26.9,24.1,0.0
2022-01-20 04:00:00,-3.3,54.2,70.8,23.6,26.3,23.6,0.0
2022-01-20 05:00:00,-3.3,54.2,24.1,23.5,26.1,23.9,32.0
2022-01-20 06:00:00,-4.0,54.5,72.5,42.7,45.1,33.3,278.0
2022-01-20 07:00:00,-4.0,54.5,87.6,52.3,55.0,41.5,505.0
2022-01-20 08:00:00,-2.6,48.0,84.9,42.2,46.5,40.5,389.0
2022-01-20 09:00:00,-0.5,48.0,87.3,42.9,47.6,38.4,306.0
2022-01-20 10:00:00,0.9,49.3,85.2,46.0,50.1,39.7,360.0
2022-01-20 11:00:00,2.6,48.1,83.9,44.4,48.7,39.5,343.0
2022-01-20 12:00:00,4.2,46.9,79.5,43.4,47.4,38.6,313.0
2022-01-20 13:00:00,6.0,45.6,77.4,42.3,46.2,38.1,293.0
2022-01-20 14:00:00,7.5,44.6,73.5,41.1,44.8,37.1,265.0
2022-01-20 15:00:00,7.7,45.0,72.2,41.4,45.0,36.9,261.0
2022-01-20 16:00:00,7.1,45.5,73.5,42.0,45.7,37.4,285.0
2022-01-20 17:00:00,5.9,46.2,74.4,42.4,45.9,37.7,287.0
2022-01-20 18:00:00,5.8,46.2,75.1,42.7,46.3,38.0,292.0
2022-01-20 19:00:00,6.5,45.8,75.7,42.8,46.5,38.0,291.0
2022-01-20 20:00:00,6.7,45.6,74.9,41.6,45.4,37.5,268.0
2022-01-20 21:00:00,6.1,46.0,74.4,42.0,45.6,37.4,267.0
2022-01-20 22:00:00,4.7,46.9,78.2,43.3,41.7,38.3,299.0
2022-01-20 23:00:00,4.3,47.2,74.1,32.4,32.4,29.8,0.0
2022-01-21 00:00:00,3.7,47.6,71.5,27.4,29.0,26.3,0.0
2022-01-21 01:00:00,2.9,48.1,69.2,25.5,27.4,24.7,0.0
2022-01-21 02:00:00,2.1,48.5,67.3,24.3,26.8,24.0,0.0
2022-01-21 03:00:00,1.6,48.9,65.6,23.7,31.0,23.9,0.0
2022-01-21 04:00:00,1.1,49.2,64.1,23.3,25.9,23.2,0.0
2022-01-21 05:00:00,0.8,49.4,23.5,23.3,25.8,23.2,0.0
2022-01-21 06:00:00,1.1,49.9,78.8,36.1,39.2,24.6,98.0
2022-01-21 07:00:00,1.1,49.9,77.5,47.4,50.2,39.1,487.0
2022-01-21 08:00:00,1.3,50.1,85.9,45.3,49.7,40.4,405.0
2022-01-21 09:00:00,1.6,50.0,86.4,46.3,50.4,40.3,372.0
2022-01-21 10:00:00,2.0,49.8,85.5,46.2,50.2,40.4,373.0
2022-01-21 11:00:00,3.0,50.0,84.1,45.5,49.6,39.5,346.0
2022-01-21 12:00:00,3.3,49.8,83.2,46.0,49.9,40.1,364.0
2022-01-21 13:00:00,4.0,49.5,83.5,46.1,49.9,40.2,358.0
2022-01-21 14:00:00,3.8,46.9,82.7,41.7,46.2,37.8,278.0
2022-01-21 15:00:00,2.8,47.7,84.0,42.9,47.3,38.3,308.0
2022-01-21 16:00:00,2.1,48.3,85.3,43.9,48.4,39.1,327.0
2022-01-21 17:00:00,0.5,49.6,85.9,44.6,48.9,39.4,332.0
2022-01-21 18:00:00,0.1,49.9,87.2,45.4,49.9,40.1,348.0
2022-01-21 19:00:00,-0.1,50.1,88.4,45.8,50.2,40.4,357.0
2022-01-21 20:00:00,0.1,49.9,86.7,45.9,50.2,40.7,352.0
2022-01-21 21:00:00,-0.2,50.2,86.6,45.8,50.1,40.5,346.0
2022-01-21 22:00:00,-0.3,50.3,88.7,46.1,50.6,40.7,352.0
2022-01-21 23:00:00,-0.6,50.5,83.6,35.4,34.6,31.9,67.0
2022-01-22 00:00:00,-1.4,51.2,80.7,28.3,30.1,27.3,0.0
2022-01-22 01:00:00,-1.7,51.4,77.7,25.6,28.1,25.3,0.0
2022-01-22 02:00:00,-2.3,51.9,74.1,24.5,27.2,24.4,0.0
2022-01-22 03:00:00,-2.1,51.7,71.4,23.8,26.8,23.9,0.0
2022-01-22 04:00:00,-1.6,51.3,70.0,23.4,26.3,23.5,0.0
2022-01-22 05:00:00,-2.0,51.6,68.8,23.0,25.8,23.1,0.0
2022-01-22 06:00:00,-1.8,51.5,89.0,45.6,47.9,30.6,246.0
2022-01-22 07:00:00,-2.0,51.6,87.7,48.0,51.9,41.5,524.0
2022-01-22 08:00:00,-1.9,51.6,87.9,47.6,51.7,41.1,395.0
2022-01-22 09:00:00,-0.5,50.4,85.9,46.9,50.9,41.0,389.0
2022-01-22 10:00:00,0.8,49.3,84.5,45.7,49.9,40.3,358.0
2022-01-22 11:00:00,1.2,49.0,83.5,44.5,48.6,39.3,327.0
2022-01-22 12:00:00,1.7,48.5,84.2,44.4,48.7,39.2,330.0
2022-01-22 13:00:00,0.9,49.2,83.8,44.5,48.7,39.3,335.0
2022-01-22 14:00:00,0.4,49.6,84.8,46.3,50.3,40.1,363.0
2022-01-22 15:00:00,-0.2,50.1,85.0,45.1,49.4,40.0,342.0
2022-01-22 16:00:00,-0.4,50.3,85.1,46.8,50.8,40.6,373.0
2022-01-22 17:00:00,-0.2,50.2,85.5,47.1,50.4,41.0,373.0
2022-01-22 18:00:00,-0.4,50.4,85.5,45.6,50.0,40.3,340.0
2022-01-22 19:00:00,-1.2,51.0,85.5,47.3,51.4,41.1,374.0
2022-01-22 20:00:00,-1.4,51.2,87.7,46.7,50.9,41.2,375.0
2022-01-22 21:00:00,-1.6,51.3,85.9,47.0,51.0,40.9,359.0
2022-01-22 22:00:00,-1.9,51.6,88.0,47.7,52.0,41.8,386.0
2022-01-22 23:00:00,-2.1,51.7,85.0,40.1,38.4,35.7,201.0
2022-01-23 00:00:00,-1.9,51.6,81.9,30.1,31.1,28.4,0.0
2022-01-23 01:00:00,-2.7,52.2,79.2,26.3,28.4,25.7,0.0
2022-01-23 02:00:00,-2.5,52.0,76.5,24.6,27.2,24.4,0.0
2022-01-23 03:00:00,-2.2,51.8,74.3,23.8,26.7,23.8,0.0
2022-01-23 04:00:00,-2.5,52.0,72.5,23.3,26.2,23.4,0.0
2022-01-23 05:00:00,-2.9,52.4,71.1,22.8,25.8,22.9,0.0
2022-01-23 06:00:00,-2.6,50.6,89.1,43.1,46.1,28.7,201.0
2022-01-23 07:00:00,-2.4,50.5,89.5,46.1,50.7,40.9,514.0
2022-01-23 08:00:00,-2.4,50.5,88.1,45.2,49.7,39.9,365.0
2022-01-23 09:00:00,-2.1,50.3,88.0,46.3,50.6,40.5,386.0
2022-01-23 10:00:00,-2.0,50.2,85.9,45.9,50.1,40.2,372.0
2022-01-23 11:00:00,-1.7,50.0,86.2,45.8,50.0,40.1,364.0
2022-01-23 12:00:00,-1.7,50.0,85.3,45.7,49.9,40.1,363.0
2022-01-23 13:00:00,0.2,48.8,85.2,44.7,49.0,39.8,350.0
2022-01-23 14:00:00,-0.4,49.2,85.5,44.3,49.1,39.2,332.0
2022-01-23 15:00:00,-0.9,49.6,85.2,45.3,49.4,39.7,356.0
2022-01-23 16:00:00,-1.6,50.0,86.0,45.6,49.8,40.1,359.0
2022-01-23 17:00:00,-2.0,54.2,88.0,48.6,52.4,40.4,370.0
2022-01-23 18:00:00,-1.8,54.1,88.4,51.0,54.6,43.5,473.0
2022-01-23 19:00:00,-2.1,54.3,88.2,50.8,54.3,43.2,431.0
2022-01-23 20:00:00,-1.4,53.9,88.2,50.9,54.5,43.2,432.0
2022-01-23 21:00:00,-2.3,54.4,88.3,51.0,54.6,43.4,433.0
2022-01-23 22:00:00,-2.5,54.5,41.8,50.2,42.7,39.7,302.0
2022-01-23 23:00:00,-2.6,54.6,35.5,63.4,36.6,31.6,0.0
2022-01-24 00:00:00,-2.7,54.7,35.3,32.3,34.2,31.0,0.0
2022-01-24 01:00:00,-2.8,54.6,42.2,28.2,28.7,26.3,0.0
2022-01-24 02:00:00,-2.7,54.6,41.3,24.2,26.6,24.1,0.0
2022-01-24 03:00:00,-2.9,54.8,40.7,23.0,25.6,23.0,0.0
2022-01-24 04:00:00,-2.9,54.8,84.6,46.0,48.3,32.7,304.0
2022-01-24 05:00:00,-3.4,51.6,74.3,48.8,51.1,41.2,492.0
2022-01-24 06:00:00,-3.5,51.7,84.5,49.7,53.2,42.1,424.0
2022-01-24 07:00:00,-3.9,51.8,90.2,48.1,52.3,41.5,401.0
2022-01-24 08:00:00,-4.1,51.8,90.5,47.1,51.6,41.2,391.0
2022-01-24 09:00:00,-3.4,51.7,89.5,46.7,51.1,40.8,382.0
2022-01-24 10:00:00,-2.4,51.5,89.3,46.7,51.1,40.9,384.0
2022-01-24 11:00:00,-2.2,51.4,86.4,47.1,51.1,40.6,372.0
2022-01-24 12:00:00,-2.4,51.5,87.1,47.7,51.6,41.1,397.0
2022-01-24 13:00:00,-2.0,51.4,86.4,47.6,51.7,41.2,387.0
2022-01-24 14:00:00,-2.1,51.4,85.2,47.4,51.1,41.1,381.0
2022-01-24 15:00:00,-2.3,52.5,86.5,48.2,52.0,41.1,388.0
2022-01-24 16:00:00,-3.0,52.8,87.6,50.3,52.8,37.5,308.0
2022-01-24 17:00:00,-3.6,53.0,88.3,49.5,53.5,43.3,481.0
2022-01-24 18:00:00,-4.1,53.2,90.7,49.0,53.2,42.3,408.0
2022-01-24 19:00:00,-3.8,53.1,92.1,49.3,53.7,42.4,416.0
2022-01-24 20:00:00,-5.1,53.6,92.9,49.1,53.5,42.6,420.0
2022-01-24 21:00:00,-5.4,53.8,92.4,49.1,53.5,42.5,413.0
2022-01-24 22:00:00,-5.5,53.8,89.9,50.6,54.2,42.7,418.0
2022-01-24 23:00:00,-5.6,53.9,90.6,49.8,53.8,42.8,421.0
2022-01-25 00:00:00,-5.7,53.9,90.1,49.7,46.7,42.7,415.0
2022-01-25 01:00:00,-6.1,54.2,84.6,34.5,33.6,30.9,0.0
2022-01-25 02:00:00,-7.2,54.9,81.9,27.8,29.0,26.5,0.0
2022-01-25 03:00:00,-6.7,54.6,79.9,24.8,27.5,24.6,0.0
2022-01-25 04:00:00,-6.3,54.4,31.4,29.2,30.0,26.7,0.0
2022-01-25 05:00:00,-7.1,52.7,86.0,49.2,52.2,38.6,440.0
2022-01-25 06:00:00,-7.8,52.4,89.9,48.3,52.6,42.1,481.0
2022-01-25 07:00:00,-8.9,55.7,88.7,53.4,56.3,43.6,481.0
2022-01-25 08:00:00,-8.4,55.0,91.9,51.7,55.6,44.2,488.0
2022-01-25 09:00:00,-6.8,52.7,90.7,49.0,53.1,42.4,418.0
2022-01-25 10:00:00,-5.4,50.8,88.7,46.5,50.8,40.9,380.0
2022-01-25 11:00:00,-4.0,49.5,88.0,45.2,49.7,39.9,356.0
2022-01-25 12:00:00,-3.0,49.0,85.3,44.5,48.8,39.4,345.0
2022-01-25 13:00:00,-2.6,48.8,85.0,44.2,48.5,39.2,342.0
2022-01-25 14:00:00,-2.6,48.8,81.7,44.8,48.6,39.2,337.0
2022-01-25 15:00:00,-2.5,48.8,83.9,45.4,49.3,39.5,351.0
2022-01-25 16:00:00,-2.6,48.8,83.8,45.6,49.6,39.8,356.0
2022-01-25 17:00:00,-3.2,49.1,85.0,44.3,48.6,39.2,338.0
2022-01-25 18:00:00,-3.6,49.3,86.1,44.4,48.8,39.3,339.0
2022-01-25 19:00:00,-4.3,49.7,86.7,45.5,49.7,39.4,345.0
2022-01-25 20:00:00,-5.5,50.8,87.4,46.6,50.7,40.4,384.0
2022-01-25 21:00:00,-5.3,50.5,86.9,46.1,50.4,40.1,365.0
2022-01-25 22:00:00,-4.6,49.8,87.0,45.6,49.8,40.5,374.0
2022-01-25 23:00:00,-4.3,47.7,85.5,42.6,47.2,38.2,296.0
2022-01-26 00:00:00,-4.0,47.5,84.3,40.6,40.1,37.5,269.0
2022-01-26 01:00:00,-4.2,47.6,80.9,30.6,31.2,28.5,0.0
2022-01-26 02:00:00,-4.1,47.6,77.8,26.1,28.1,25.4,0.0
2022-01-26 03:00:00,-4.0,47.5,75.6,24.1,26.9,24.0,0.0
2022-01-26 04:00:00,-4.0,40.9,70.7,36.0,38.2,24.8,66.0
2022-01-26 05:00:00,-3.9,40.9,76.5,35.6,39.9,34.3,358.0
2022-01-26 06:00:00,-3.9,51.2,86.1,48.6,51.4,37.0,339.0
2022-01-26 07:00:00,-3.5,50.9,85.2,47.2,51.1,40.8,446.0
2022-01-26 08:00:00,-3.2,50.6,85.8,46.9,50.9,40.3,387.0
2022-01-26 09:00:00,-2.8,46.7,83.0,41.3,46.1,37.8,304.0
2022-01-26 10:00:00,-2.6,46.6,83.1,41.5,46.0,37.2,301.0
2022-01-26 11:00:00,-2.6,48.1,82.6,45.0,48.9,38.7,352.0
2022-01-26 12:00:00,-2.2,50.0,82.2,47.0,50.4,39.8,375.0
2022-01-26 13:00:00,-1.8,49.5,82.8,46.2,50.0,40.1,376.0
2022-01-26 14:00:00,-1.7,49.4,82.1,46.0,49.7,39.9,364.0
2022-01-26 15:00:00,-1.7,49.4,82.3,46.2,49.8,39.9,364.0
2022-01-26 16:00:00,-1.6,49.3,82.7,45.9,49.6,39.9,361.0
2022-01-26 17:00:00,-1.5,49.1,82.2,45.7,49.5,39.8,356.0
2022-01-26 18:00:00,-1.3,49.0,82.0,45.7,49.4,39.8,355.0
2022-01-26 19:00:00,-1.3,49.0,81.4,45.6,49.3,39.8,352.0
2022-01-26 20:00:00,-1.1,48.8,81.4,45.6,49.3,39.7,349.0
2022-01-26 21:00:00,-0.9,48.6,81.2,44.5,48.3,39.5,339.0
2022-01-26 22:00:00,-0.8,48.4,81.2,44.8,48.7,39.0,326.0
2022-01-26 23:00:00,-0.6,48.2,80.9,40.0,36.6,34.1,188.0
2022-01-27 00:00:00,-0.5,48.0,76.1,29.3,30.1,27.3,0.0
2022-01-27 01:00:00,-0.3,48.0,73.0,25.7,27.5,24.9,0.0
2022-01-27 02:00:00,-0.3,47.9,70.4,23.8,26.4,23.7,0.0
2022-01-27 03:00:00,-0.1,47.7,68.5,23.1,25.8,23.1,0.0
2022-01-27 04:00:00,0.0,47.6,66.9,22.9,28.2,23.2,0.0
2022-01-27 05:00:00,0.1,47.5,23.0,24.0,25.4,23.2,0.0
2022-01-27 06:00:00,0.2,47.2,79.9,37.8,40.1,24.8,112.0
2022-01-27 07:00:00,0.3,51.4,86.4,50.7,53.2,39.5,530.0
2022-01-27 08:00:00,0.5,51.3,87.6,46.4,50.5,40.7,433.0
2022-01-27 09:00:00,1.0,51.2,87.2,47.3,51.3,40.7,400.0
2022-01-27 10:00:00,1.5,51.0,86.3,47.3,51.1,40.7,400.0
2022-01-27 11:00:00,2.0,49.5,79.0,45.2,48.8,39.5,347.0
2022-01-27 12:00:00,2.8,49.1,77.7,45.3,48.7,39.2,350.0
2022-01-27 13:00:00,3.4,48.8,76.9,44.9,48.2,38.9,336.0
2022-01-27 14:00:00,3.3,48.8,76.7,45.6,48.7,39.0,338.0
2022-01-27 15:00:00,3.6,48.7,77.5,46.2,49.3,39.7,355.0
2022-01-27 16:00:00,2.9,49.0,77.8,46.5,49.6,39.9,355.0
2022-01-27 17:00:00,2.1,49.4,78.6,45.9,49.3,39.8,351.0
2022-01-27 18:00:00,1.2,49.9,81.7,46.5,50.0,40.1,354.0
2022-01-27 19:00:00,0.6,50.2,81.7,46.9,50.3,40.5,366.0
2022-01-27 20:00:00,-0.3,50.7,83.7,47.5,51.1,40.8,375.0
2022-01-27 21:00:00,0.0,50.5,83.8,47.2,50.8,40.9,375.0
2022-01-27 22:00:00,-1.1,49.3,83.2,45.3,44.1,40.5,350.0
2022-01-27 23:00:00,-1.7,49.7,78.6,33.4,32.7,30.1,0.0
2022-01-28 00:00:00,-1.8,49.8,75.3,27.7,28.8,26.2,0.0
2022-01-28 01:00:00,-2.6,50.3,72.3,25.1,26.9,24.3,0.0
2022-01-28 02:00:00,-2.9,50.6,69.7,23.5,25.9,23.4,0.0
2022-01-28 03:00:00,-2.9,50.6,67.6,22.8,25.4,22.8,0.0
2022-01-28 04:00:00,-3.2,50.7,65.7,22.3,25.3,22.5,0.0
2022-01-28 05:00:00,-3.7,51.1,64.6,22.2,25.5,22.4,0.0
2022-01-28 06:00:00,-3.9,51.3,79.4,42.0,44.4,30.2,242.0
2022-01-28 07:00:00,-3.7,51.1,78.6,49.8,52.1,39.5,471.0
2022-01-28 08:00:00,-2.4,50.1,88.1,45.7,50.1,40.3,422.0
2022-01-28 09:00:00,-1.2,49.4,87.5,45.1,49.5,39.7,367.0
2022-01-28 10:00:00,0.5,48.1,86.2,44.1,48.4,39.1,349.0
2022-01-28 11:00:00,2.0,47.1,83.2,42.3,46.6,38.2,314.0
2022-01-28 12:00:00,2.5,46.7,83.3,41.7,46.2,37.5,304.0
2022-01-28 13:00:00,3.1,46.3,83.2,41.6,46.0,37.4,300.0
2022-01-28 14:00:00,3.5,46.0,81.8,41.5,45.9,37.4,296.0
2022-01-28 15:00:00,3.7,45.9,81.1,41.4,45.7,37.3,293.0
2022-01-28 16:00:00,3.1,46.3,81.3,41.3,45.7,37.2,289.0
2022-01-28 17:00:00,2.1,47.0,82.3,42.7,47.0,38.1,318.0
2022-01-28 18:00:00,1.6,47.3,84.9,43.4,47.9,38.5,325.0
2022-01-28 19:00:00,1.4,47.5,85.2,43.4,47.9,38.7,326.0
2022-01-28 20:00:00,1.2,48.9,86.1,44.9,49.2,39.5,349.0
2022-01-28 21:00:00,1.2,48.9,85.8,45.2,49.3,39.8,350.0
2022-01-28 22:00:00,1.5,48.7,85.7,44.1,48.6,39.4,331.0
2022-01-28 23:00:00,2.0,48.5,81.3,33.4,32.8,30.2,31.0
2022-01-29 00:00:00,2.0,48.5,78.4,27.6,28.9,26.2,0.0
2022-01-29 01:00:00,2.0,48.5,75.9,25.3,27.1,24.5,0.0
2022-01-29 02:00:00,2.3,48.3,73.6,24.0,27.0,23.7,0.0
2022-01-29 03:00:00,2.4,48.3,71.7,23.3,26.1,23.3,0.0
2022-01-29 04:00:00,2.2,48.4,70.0,23.1,25.9,23.1,0.0
2022-01-29 05:00:00,2.2,48.4,69.1,22.9,25.8,22.9,0.0
2022-01-29 06:00:00,2.1,48.4,61.1,41.2,42.4,33.5,302.0
2022-01-29 07:00:00,2.2,48.4,85.5,43.8,48.1,39.2,428.0
2022-01-29 08:00:00,2.1,48.4,84.6,43.4,47.7,38.5,332.0
2022-01-29 09:00:00,2.6,48.2,84.9,43.6,48.1,38.7,340.0
2022-01-29 10:00:00,2.5,48.2,84.3,43.4,47.9,38.5,332.0
2022-01-29 11:00:00,2.6,48.2,83.8,43.4,47.6,38.5,327.0
2022-01-29 12:00:00,2.8,48.1,83.6,43.4,47.6,38.4,331.0
2022-01-29 13:00:00,2.8,48.1,83.8,43.4,47.7,38.5,328.0
2022-01-29 14:00:00,2.4,48.3,83.5,44.6,48.7,38.5,331.0
2022-01-29 15:00:00,2.6,48.2,84.1,44.5,48.6,39.2,348.0
2022-01-29 16:00:00,2.3,48.3,83.2,44.2,48.4,39.2,334.0
2022-01-29 17:00:00,1.2,48.9,85.4,44.4,48.8,39.1,332.0
2022-01-29 18:00:00,0.1,49.5,86.5,45.0,49.3,39.7,350.0
2022-01-29 19:00:00,0.0,49.5,88.4,45.3,49.9,39.9,350.0
2022-01-29 20:00:00,-0.5,49.8,88.6,45.7,50.2,40.3,361.0
2022-01-29 21:00:00,-0.6,49.8,88.8,45.8,50.3,40.4,359.0
2022-01-29 22:00:00,-1.0,50.0,88.6,45.9,50.3,40.5,358.0
2022-01-29 23:00:00,-1.7,50.4,84.3,33.8,33.6,30.9,41.0
2022-01-30 00:00:00,-2.5,50.8,81.4,27.5,29.5,26.7,0.0
2022-01-30 01:00:00,-2.8,50.9,78.7,25.0,27.7,24.9,0.0
2022-01-30 02:00:00,-2.7,50.9,76.2,23.9,26.8,24.0,0.0
2022-01-30 03:00:00,-2.5,50.8,74.3,23.4,26.3,23.5,0.0
2022-01-30 04:00:00,-2.3,50.7,72.9,23.0,25.8,23.1,0.0
2022-01-30 05:00:00,-1.9,50.5,71.5,22.6,25.5,22.8,0.0
2022-01-30 06:00:00,-1.9,50.4,89.1,45.4,47.3,29.8,239.0
2022-01-30 07:00:00,-1.9,50.5,89.7,45.6,50.2,40.4,506.0
2022-01-30 08:00:00,-0.8,49.9,89.6,45.9,50.3,40.0,375.0
2022-01-30 09:00:00,0.1,49.4,87.5,44.9,49.3,39.8,371.0
2022-01-30 10:00:00,1.2,48.8,86.7,44.1,48.7,39.0,340.0
2022-01-30 11:00:00,2.2,48.4,85.8,43.7,48.1,38.7,340.0
2022-01-30 12:00:00,2.9,48.0,80.5,44.4,48.5,38.3,322.0
2022-01-30 13:00:00,2.8,49.6,84.2,46.6,50.2,40.0,391.0
2022-01-30 14:00:00,3.7,49.9,83.8,45.8,49.5,39.9,362.0
2022-01-30 15:00:00,3.7,49.9,83.8,46.8,50.5,40.3,361.0
2022-01-30 16:00:00,4.0,49.8,81.8,46.0,49.6,40.3,363.0
2022-01-30 17:00:00,3.7,49.9,84.4,46.0,49.9,40.1,345.0
2022-01-30 18:00:00,3.0,50.0,84.3,46.3,50.1,40.4,358.0
2022-01-30 19:00:00,2.8,50.1,85.7,46.6,50.5,40.7,363.0
2022-01-30 20:00:00,2.4,50.2,85.7,46.7,50.7,40.8,361.0
2022-01-30 21:00:00,2.8,50.1,85.9,46.0,50.1,40.7,356.0
2022-01-30 22:00:00,2.6,50.1,85.6,45.4,43.4,40.4,339.0
2022-01-30 23:00:00,1.7,50.3,81.3,33.2,33.1,30.4,0.0
2022-01-31 00:00:00,2.1,50.2,78.5,27.8,30.6,26.6,0.0
2022-01-31 01:00:00,2.9,50.1,76.3,25.3,28.0,24.9,0.0
2022-01-31 02:00:00,2.3,50.2,73.6,24.3,26.8,24.1,0.0
2022-01-31 03:00:00,1.7,50.3,71.8,23.7,26.3,23.6,0.0
2022-01-31 04:00:00,1.9,50.3,70.2,23.3,25.9,23.2,0.0
2022-01-31 05:00:00,2.2,50.2,23.7,23.2,26.0,23.4,0.0
2022-01-31 06:00:00,2.0,50.3,35.9,27.3,29.1,24.3,36.0
2022-01-31 07:00:00,1.1,50.5,86.1,49.9,52.8,39.6,544.0
2022-01-31 08:00:00,1.6,50.4,87.5,46.0,50.3,40.7,412.0
2022-01-31 09:00:00,3.9,49.8,85.6,44.9,49.1,39.7,350.0
2022-01-31 10:00:00,5.6,48.9,83.5,45.9,49.8,40.0,361.0
2022-01-31 11:00:00,6.0,48.5,80.4,44.9,48.6,39.3,330.0
2022-01-31 12:00:00,6.6,47.8,80.2,43.5,47.4,38.8,321.0
2022-01-31 13:00:00,7.2,47.2,79.4,42.8,46.8,38.2,299.0
2022-01-31 14:00:00,7.5,46.9,78.4,42.6,46.6,38.1,297.0
2022-01-31 15:00:00,7.6,46.8,78.4,42.5,46.4,38.0,293.0
2022-01-31 16:00:00,7.2,47.7,78.4,43.0,46.8,38.3,299.0
2022-01-31 17:00:00,6.6,48.2,80.8,45.4,49.0,39.5,343.0
2022-01-31 18:00:00,5.7,49.0,81.2,44.4,48.3,39.4,319.0
2022-01-31 19:00:00,5.1,49.5,82.3,45.6,49.4,39.6,327.0
2022-01-31 20:00:00,4.9,50.0,83.0,46.5,50.3,40.5,354.0
2022-01-31 21:00:00,4.5,50.2,79.6,46.1,49.6,40.4,339.0
2022-01-31 22:00:00,4.5,50.2,79.1,47.0,50.3,40.8,349.0
2022-01-31 23:00:00,4.3,50.3,75.1,34.6,33.7,31.1,0.0
2022-02-01 00:00:00,4.0,50.5,72.5,28.3,29.3,26.8,0.0
2022-02-01 01:00:00,4.1,50.4,70.3,26.1,27.7,25.0,0.0
2022-02-01 02:00:00,4.1,50.4,68.4,24.8,37.8,24.3,0.0
2022-02-01 03:00:00,4.0,50.5,66.5,24.1,26.3,23.7,0.0
2022-02-01 04:00:00,3.3,50.9,64.8,23.6,26.0,23.3,0.0
2022-02-01 05:00:00,2.0,51.6,24.2,23.4,25.5,23.2,0.0
2022-02-01 06:00:00,1.5,51.8,74.9,37.1,39.4,25.9,108.0
2022-02-01 07:00:00,1.4,51.9,84.5,50.0,52.7,39.9,496.0
2022-02-01 08:00:00,1.5,51.9,84.7,47.7,51.7,42.0,441.0
2022-02-01 09:00:00,1.4,51.9,86.1,47.4,51.2,41.2,375.0
2022-02-01 10:00:00,1.9,51.7,86.0,47.3,51.2,41.1,378.0
2022-02-01 11:00:00,2.4,51.4,85.0,47.2,51.1,41.1,372.0
2022-02-01 12:00:00,3.2,50.9,84.5,47.0,50.8,40.9,364.0
2022-02-01 13:00:00,2.8,51.2,84.3,47.0,50.8,41.0,364.0
2022-02-01 14:00:00,2.6,51.3,84.3,47.1,51.0,41.0,363.0
2022-02-01 15:00:00,2.3,51.4,84.6,47.1,51.0,41.0,363.0
2022-02-01 16:00:00,2.1,51.5,85.5,47.4,51.2,41.3,366.0
2022-02-01 17:00:00,1.7,51.8,85.1,47.5,51.4,41.4,368.0
2022-02-01 18:00:00,2.0,51.7,86.1,47.8,51.6,41.6,373.0
2022-02-01 19:00:00,1.9,53.0,85.4,48.8,52.2,41.5,372.0
2022-02-01 20:00:00,1.6,53.1,85.2,50.2,53.4,42.8,414.0
2022-02-01 21:00:00,1.9,53.0,85.8,49.4,53.1,42.7,395.0
2022-02-01 22:00:00,1.8,53.1,85.1,49.0,52.6,42.4,385.0
2022-02-01 23:00:00,1.9,53.0,81.6,34.8,34.6,31.8,0.0
2022-02-02 00:00:00,2.0,53.0,78.4,28.8,30.5,29.7,0.0
2022-02-02 01:00:00,2.0,53.0,75.2,26.4,28.3,26.2,0.0
2022-02-02 02:00:00,2.0,53.0,73.2,25.0,27.4,25.1,0.0
2022-02-02 03:00:00,1.9,53.0,71.6,24.4,30.9,24.8,0.0
2022-02-02 04:00:00,1.7,53.1,70.3,23.8,31.3,23.9,0.0
2022-02-02 05:00:00,1.4,53.2,24.8,26.2,25.9,24.3,0.0
2022-02-02 06:00:00,0.8,53.4,64.6,40.0,41.7,32.1,242.0
2022-02-02 07:00:00,1.0,53.4,79.4,48.8,51.1,39.8,432.0
2022-02-02 08:00:00,1.1,53.3,87.7,49.7,53.4,43.1,475.0
2022-02-02 09:00:00,2.8,52.7,86.4,48.7,52.4,42.0,396.0
2022-02-02 10:00:00,4.0,49.0,85.2,44.5,48.8,40.1,332.0
2022-02-02 11:00:00,4.7,48.3,83.9,44.3,48.4,39.4,316.0
2022-02-02 12:00:00,5.2,47.8,80.2,43.4,47.3,38.7,306.0
2022-02-02 13:00:00,5.0,48.0,79.4,43.3,47.2,38.6,301.0
2022-02-02 14:00:00,4.9,48.1,80.6,44.4,48.4,39.5,333.0
2022-02-02 15:00:00,4.4,48.6,81.2,44.2,48.1,39.3,315.0
2022-02-02 16:00:00,4.2,48.8,81.2,44.2,48.2,39.4,316.0
2022-02-02 17:00:00,4.0,49.0,79.3,45.7,49.2,40.1,341.0
2022-02-02 18:00:00,3.7,49.3,79.1,45.5,48.9,39.9,328.0
2022-02-02 19:00:00,3.6,49.4,80.5,45.8,49.5,40.1,335.0
2022-02-02 20:00:00,2.3,50.7,81.2,46.7,50.1,40.3,345.0
2022-02-02 21:00:00,2.4,50.6,82.2,47.5,51.0,41.1,365.0
2022-02-02 22:00:00,2.0,51.0,83.3,47.4,50.9,41.5,366.0
2022-02-02 23:00:00,2.0,51.0,79.3,34.8,33.8,31.3,0.0
2022-02-03 00:00:00,2.3,50.7,76.8,28.6,29.7,27.1,0.0
2022-02-03 01:00:00,2.5,50.5,74.6,25.9,28.2,25.4,0.0
2022-02-03 02:00:00,2.8,50.2,72.4,24.8,27.3,24.6,0.0
2022-02-03 03:00:00,2.7,50.3,70.2,24.4,26.9,24.1,0.0
2022-02-03 04:00:00,2.8,50.2,68.6,23.9,26.5,23.7,0.0
2022-02-03 05:00:00,2.4,50.6,67.2,23.6,26.2,23.6,0.0
2022-02-03 06:00:00,2.7,50.3,73.8,36.2,39.1,25.6,97.0
2022-02-03 07:00:00,2.9,50.1,81.8,50.1,52.5,41.2,558.0
2022-02-03 08:00:00,2.9,50.1,81.3,46.2,49.8,39.9,343.0
2022-02-03 09:00:00,3.1,49.9,81.3,46.2,49.6,40.0,360.0
2022-02-03 10:00:00,3.3,49.7,84.4,46.5,50.2,40.5,371.0
2022-02-03 11:00:00,4.0,49.0,84.3,45.3,49.3,40.0,345.0
2022-02-03 12:00:00,3.9,49.1,83.7,44.9,49.0,39.6,331.0
2022-02-03 13:00:00,3.7,49.3,83.5,44.9,48.8,39.6,335.0
2022-02-03 14:00:00,3.8,49.3,82.9,44.7,48.7,39.4,326.0
2022-02-03 15:00:00,3.5,49.5,84.3,45.2,49.2,39.9,338.0
2022-02-03 16:00:00,3.7,49.3,84.2,45.3,49.4,40.0,333.0
2022-02-03 17:00:00,3.3,49.7,81.3,45.7,49.4,39.9,331.0
2022-02-03 18:00:00,2.2,50.8,82.1,47.2,50.8,40.7,354.0
2022-02-03 19:00:00,1.6,51.5,84.8,48.3,51.8,41.7,386.0
2022-02-03 20:00:00,0.4,52.6,85.2,48.8,52.3,41.6,378.0
2022-02-03 21:00:00,-0.4,51.8,85.2,49.7,53.1,42.3,398.0
2022-02-03 22:00:00,0.1,50.5,85.1,45.7,43.7,40.8,331.0
2022-02-03 23:00:00,-0.5,50.8,78.7,34.9,33.1,30.6,0.0
2022-02-04 00:00:00,-1.4,51.2,78.1,27.9,29.3,26.7,0.0
2022-02-04 01:00:00,-1.2,51.1,75.7,25.4,27.8,25.2,0.0
2022-02-04 02:00:00,-1.4,51.2,73.2,24.4,27.2,24.4,0.0
2022-02-04 03:00:00,-1.6,51.3,71.3,24.0,27.1,24.1,0.0
2022-02-04 04:00:00,-1.6,51.3,70.8,24.1,27.4,24.2,35.0
2022-02-04 05:00:00,-1.7,51.4,71.2,25.2,30.4,24.4,43.0
2022-02-04 06:00:00,-1.8,51.5,78.5,38.7,41.2,26.6,133.0
2022-02-04 07:00:00,-2.7,49.1,81.2,50.9,52.2,39.3,479.0
2022-02-04 08:00:00,-1.0,48.4,88.3,43.3,47.9,39.0,349.0
2022-02-04 09:00:00,1.0,47.6,85.0,43.1,47.5,38.5,320.0
2022-02-04 10:00:00,3.2,46.7,83.8,43.0,47.3,38.3,318.0
2022-02-04 11:00:00,4.6,47.1,81.0,42.6,46.8,38.1,305.0
2022-02-04 12:00:00,6.0,46.4,79.9,42.6,46.5,38.0,308.0
2022-02-04 13:00:00,7.7,45.5,77.4,41.9,45.8,37.5,283.0
2022-02-04 14:00:00,8.3,45.1,73.4,41.2,44.9,37.2,273.0
2022-02-04 15:00:00,8.5,45.0,72.7,40.7,44.3,36.7,259.0
2022-02-04 16:00:00,8.1,45.2,72.7,41.1,44.6,36.8,264.0
2022-02-04 17:00:00,7.4,45.6,75.9,42.6,46.1,37.3,279.0
2022-02-04 18:00:00,6.3,46.2,79.4,42.6,46.7,37.9,296.0
2022-02-04 19:00:00,6.0,46.4,81.0,42.6,46.9,38.1,299.0
2022-02-04 20:00:00,2.8,47.6,82.0,42.9,47.1,38.4,303.0
2022-02-04 21:00:00,2.0,47.9,84.1,44.4,48.5,39.1,317.0
2022-02-04 22:00:00,1.4,48.0,85.0,44.1,48.4,39.5,328.0
2022-02-04 23:00:00,0.9,48.2,82.0,35.4,34.7,32.0,95.0
2022-02-05 00:00:00,0.3,48.3,79.2,28.5,30.0,27.2,0.0
2022-02-05 01:00:00,-0.3,48.6,76.7,26.0,27.9,25.3,0.0
2022-02-05 02:00:00,-0.8,48.7,74.2,24.4,27.1,24.4,0.0
2022-02-05 03:00:00,-0.8,48.7,72.2,23.8,26.8,23.8,0.0
2022-02-05 04:00:00,-0.4,48.6,70.4,23.4,26.3,23.5,0.0
2022-02-05 05:00:00,-1.1,48.8,69.2,23.1,26.0,23.2,0.0
2022-02-05 06:00:00,-0.8,48.7,89.1,48.4,50.5,34.8,358.0
2022-02-05 07:00:00,-1.3,49.2,87.7,44.1,48.7,39.2,389.0
2022-02-05 08:00:00,0.0,49.0,87.4,43.9,48.4,39.0,343.0
2022-02-05 09:00:00,2.5,48.5,84.1,43.5,47.9,38.7,330.0
2022-02-05 10:00:00,3.4,48.3,82.2,44.2,48.2,38.9,332.0
2022-02-05 11:00:00,4.1,48.2,79.9,43.9,47.7,38.8,321.0
2022-02-05 12:00:00,5.6,47.6,80.2,43.8,47.8,38.7,322.0
2022-02-05 13:00:00,6.4,47.0,77.1,43.5,47.0,38.4,307.0
2022-02-05 14:00:00,7.0,46.6,76.2,43.2,46.8,38.2,302.0
2022-02-05 15:00:00,6.6,46.9,79.1,43.8,47.4,38.6,310.0
2022-02-05 16:00:00,6.0,47.3,79.8,43.6,47.4,38.7,308.0
2022-02-05 17:00:00,5.5,47.6,78.9,43.6,47.3,38.7,306.0
2022-02-05 18:00:00,5.4,47.7,80.2,43.9,47.8,39.0,314.0
2022-02-05 19:00:00,5.1,47.9,80.6,44.0,47.9,39.0,311.0
2022-02-05 20:00:00,4.7,48.0,81.9,44.2,48.2,39.2,314.0
2022-02-05 21:00:00,4.5,48.1,82.3,44.6,48.6,39.5,323.0
2022-02-05 22:00:00,4.2,48.1,76.5,35.7,34.5,31.9,81.0
2022-02-05 23:00:00,4.0,48.2,74.6,28.7,35.2,27.4,0.0
2022-02-06 00:00:00,3.4,48.3,72.8,26.2,28.1,26.4,0.0
2022-02-06 01:00:00,2.9,48.4,70.7,24.9,27.0,24.3,0.0
2022-02-06 02:00:00,3.0,48.4,68.6,24.2,26.4,23.8,0.0
2022-02-06 03:00:00,1.7,48.6,67.1,23.7,26.2,23.5,0.0
2022-02-06 04:00:00,0.9,48.8,66.1,23.3,25.9,23.1,0.0
2022-02-06 05:00:00,1.4,48.7,65.2,22.9,25.5,22.9,0.0
2022-02-06 06:00:00,0.3,48.9,66.9,34.5,36.1,22.7,52.0
2022-02-06 07:00:00,-0.5,48.2,89.3,44.4,48.9,39.9,525.0
2022-02-06 08:00:00,0.8,47.6,88.4,42.6,47.4,38.4,315.0
2022-02-06 09:00:00,3.3,46.6,86.0,42.1,46.7,38.0,307.0
2022-02-06 10:00:00,4.9,46.0,83.5,41.6,46.1,37.8,296.0
2022-02-06 11:00:00,6.0,49.0,81.3,46.2,49.7,39.9,365.0
2022-02-06 12:00:00,7.8,47.5,79.3,44.2,48.0,39.2,328.0
2022-02-06 13:00:00,8.1,47.2,77.2,43.2,47.0,38.4,300.0
2022-02-06 14:00:00,8.3,47.0,73.3,43.6,46.7,38.3,292.0
2022-02-06 15:00:00,9.0,46.4,72.1,43.5,46.7,38.2,300.0
2022-02-06 16:00:00,8.8,46.7,71.1,43.4,46.3,37.9,285.0
2022-02-06 17:00:00,7.7,47.6,72.9,44.9,47.7,38.3,297.0
2022-02-06 18:00:00,5.4,49.6,80.2,47.0,50.3,40.2,353.0
2022-02-06 19:00:00,4.1,50.0,81.4,47.0,50.4,40.9,355.0
2022-02-06 20:00:00,3.4,47.4,82.0,42.5,46.9,38.3,268.0
2022-02-06 21:00:00,2.8,47.6,83.8,43.0,47.3,38.8,293.0
2022-02-06 22:00:00,3.1,47.5,83.0,42.3,41.1,38.5,266.0
2022-02-06 23:00:00,3.7,47.3,79.4,32.3,32.4,29.8,0.0
2022-02-07 00:00:00,3.7,47.3,76.8,27.8,29.2,26.5,0.0
2022-02-07 01:00:00,3.5,47.4,74.6,25.7,27.9,25.2,0.0
2022-02-07 02:00:00,5.5,46.7,72.3,24.9,27.4,24.7,0.0
2022-02-07 03:00:00,5.0,47.0,70.5,24.3,27.7,25.1,0.0
2022-02-07 04:00:00,4.4,47.2,69.7,24.3,27.5,24.4,0.0
2022-02-07 05:00:00,4.9,47.0,70.4,25.6,27.8,24.8,47.0
2022-02-07 06:00:00,4.4,47.1,31.6,31.2,33.7,24.3,0.0
2022-02-07 07:00:00,6.6,46.1,84.4,44.6,48.4,40.0,515.0
2022-02-07 08:00:00,8.1,45.2,80.9,40.1,44.7,36.8,234.0
2022-02-07 09:00:00,8.9,44.8,78.3,40.6,44.9,36.8,264.0
2022-02-07 10:00:00,8.9,44.8,80.3,41.2,45.3,37.3,276.0
2022-02-07 11:00:00,10.0,44.2,80.2,40.2,44.6,36.9,258.0
2022-02-07 12:00:00,10.1,44.1,79.9,40.1,44.5,36.8,256.0
2022-02-07 13:00:00,9.7,44.3,79.9,40.2,44.7,36.9,256.0
2022-02-07 14:00:00,8.9,44.7,80.9,40.4,44.9,37.1,258.0
2022-02-07 15:00:00,2.7,47.6,85.6,44.8,48.9,38.6,306.0
2022-02-07 16:00:00,3.4,47.4,87.1,43.2,47.9,39.2,315.0
2022-02-07 17:00:00,3.5,47.4,86.9,43.2,47.8,39.0,303.0
2022-02-07 18:00:00,3.5,47.4,87.2,43.1,47.7,39.1,300.0
2022-02-07 19:00:00,3.8,47.3,87.0,43.2,47.7,39.2,302.0
2022-02-07 20:00:00,4.0,47.3,86.2,42.7,47.3,39.0,295.0
2022-02-07 21:00:00,3.9,47.3,86.6,42.5,47.3,38.7,278.0
2022-02-07 22:00:00,3.6,47.3,85.1,42.3,41.9,38.6,293.0
2022-02-07 23:00:00,3.5,47.4,81.0,32.8,32.9,30.2,0.0
2022-02-08 00:00:00,3.4,47.4,78.3,27.9,29.3,26.7,0.0
2022-02-08 01:00:00,2.8,47.6,75.8,25.8,27.7,25.1,0.0
2022-02-08 02:00:00,2.3,47.8,73.5,24.5,27.0,24.3,0.0
2022-02-08 03:00:00,2.3,47.8,71.5,24.0,26.6,23.8,0.0
2022-02-08 04:00:00,2.0,47.9,69.9,23.7,26.2,23.6,0.0
2022-02-08 05:00:00,1.8,47.9,73.0,37.5,38.8,23.7,70.0
2022-02-08 06:00:00,1.4,50.5,85.0,46.5,50.7,40.9,541.0
2022-02-08 07:00:00,1.0,50.7,78.7,49.3,51.6,40.9,377.0
2022-02-08 08:00:00,1.5,50.4,90.4,46.8,51.4,41.0,379.0
2022-02-08 09:00:00,2.2,49.9,88.7,45.1,49.7,40.2,346.0
2022-02-08 10:00:00,3.0,49.4,87.9,44.6,49.1,39.7,335.0
2022-02-08 11:00:00,3.9,48.7,86.8,44.2,48.6,39.5,329.0
2022-02-08 12:00:00,5.0,48.0,86.0,43.7,48.2,39.3,324.0
2022-02-08 13:00:00,5.0,48.0,85.0,43.1,47.6,38.7,306.0
2022-02-08 14:00:00,5.2,48.8,84.2,43.9,48.2,39.0,315.0
2022-02-08 15:00:00,4.8,49.1,85.2,45.6,49.6,39.9,343.0
2022-02-08 16:00:00,5.0,49.0,85.1,44.7,48.9,39.8,331.0
2022-02-08 17:00:00,4.3,47.5,83.9,42.6,47.0,38.9,300.0
2022-02-08 18:00:00,3.8,47.9,86.7,43.1,47.7,38.8,300.0
2022-02-08 19:00:00,3.7,47.9,86.7,43.5,48.1,39.1,312.0
2022-02-08 20:00:00,3.5,48.2,85.8,43.6,47.9,39.3,313.0
2022-02-08 21:00:00,2.6,48.8,84.8,44.1,48.4,39.1,308.0
2022-02-08 22:00:00,2.6,48.9,81.9,35.4,35.5,32.6,112.0
2022-02-08 23:00:00,2.2,49.2,79.8,28.5,30.8,27.9,0.0
2022-02-09 00:00:00,1.9,49.4,77.0,26.5,28.8,26.0,0.0
2022-02-09 01:00:00,2.4,49.0,75.1,25.4,28.1,25.1,0.0
2022-02-09 02:00:00,2.2,49.2,74.1,25.2,28.0,24.9,0.0
2022-02-09 03:00:00,2.2,49.2,73.7,24.9,28.1,24.9,35.0
2022-02-09 04:00:00,3.4,48.2,71.8,24.7,27.8,24.8,58.0
2022-02-09 05:00:00,3.7,48.0,70.2,24.4,27.4,24.4,33.0
2022-02-09 06:00:00,3.6,48.1,68.4,36.9,37.7,24.2,75.0
2022-02-09 07:00:00,4.0,47.8,67.3,45.3,46.5,37.3,419.0
2022-02-09 08:00:00,5.1,46.8,84.0,43.0,47.3,39.8,388.0
2022-02-09 09:00:00,5.5,46.6,81.0,41.8,46.0,37.5,272.0
2022-02-09 10:00:00,6.0,46.4,80.3,41.8,45.9,37.6,293.0
2022-02-09 11:00:00,6.8,46.0,80.1,41.7,45.9,37.6,289.0
2022-02-09 12:00:00,6.6,46.1,79.3,41.5,45.7,37.5,278.0
2022-02-09 13:00:00,6.0,46.4,79.3,42.0,46.1,37.5,290.0
2022-02-09 14:00:00,6.0,48.4,81.4,44.4,48.3,38.3,311.0
2022-02-09 15:00:00,6.3,48.2,80.2,44.5,48.3,39.4,338.0
2022-02-09 16:00:00,6.5,48.1,80.5,44.4,48.3,39.2,317.0
2022-02-09 17:00:00,6.2,48.3,79.5,44.3,48.1,39.2,315.0
2022-02-09 18:00:00,5.6,48.6,80.2,44.3,48.2,39.2,154.0
2022-02-09 19:00:00,4.88,49.1,81.25,44.75,47.15,39.68,380.75
2022-02-09 20:00:00,4.15,49.6,82.3,45.2,46.1,40.15,380.75
2022-02-09 21:00:00,3.42,50.1,83.35,45.65,45.05,40.62,380.75
2022-02-09 22:00:00,2.7,50.6,84.4,46.1,44.0,41.1,380.75
2022-02-09 23:00:00,2.4,50.8,80.7,33.7,33.8,31.1,0.0
2022-02-10 00:00:00,1.7,51.3,77.8,28.1,30.0,27.3,0.0
2022-02-10 01:00:00,1.0,51.8,75.3,26.2,28.5,25.7,0.0
2022-02-10 02:00:00,1.0,51.8,73.3,25.1,27.8,24.9,0.0
2022-02-10 03:00:00,0.7,52.0,71.7,24.5,27.5,24.6,0.0
2022-02-10 04:00:00,0.8,52.0,70.8,24.2,34.3,24.4,0.0
2022-02-10 05:00:00,0.1,52.4,70.1,24.3,27.5,24.3,33.0
2022-02-10 06:00:00,0.0,51.1,30.8,25.6,28.1,24.4,34.0
2022-02-10 07:00:00,-0.2,51.3,85.4,50.0,52.3,38.9,494.0
2022-02-10 08:00:00,0.9,49.6,87.3,45.2,49.6,40.7,418.0
2022-02-10 09:00:00,3.0,47.8,86.0,43.7,48.1,39.2,318.0
2022-02-10 10:00:00,5.3,45.8,84.1,41.7,46.1,38.2,292.0
2022-02-10 11:00:00,6.8,45.2,80.9,40.4,44.9,37.1,261.0
2022-02-10 12:00:00,7.7,44.8,79.2,39.8,44.1,36.5,254.0
2022-02-10 13:00:00,8.9,44.2,74.5,40.1,44.1,36.6,254.0
2022-02-10 14:00:00,10.1,43.7,70.7,39.5,43.2,36.0,233.0
2022-02-10 15:00:00,10.6,43.4,68.7,38.9,37.2,35.1,193.0
2022-02-10 16:00:00,11.5,43.1,65.8,31.0,30.5,27.9,0.0
2022-02-10 17:00:00,10.3,43.6,69.2,39.7,41.6,28.9,129.0
2022-02-10 18:00:00,8.2,44.5,75.7,41.3,45.2,37.8,334.0
2022-02-10 19:00:00,7.6,44.8,74.7,40.2,44.1,36.4,239.0
2022-02-10 20:00:00,7.1,45.0,77.4,41.2,45.3,37.2,272.0
2022-02-10 21:00:00,7.0,45.1,77.9,41.7,45.8,37.6,273.0
2022-02-10 22:00:00,4.7,47.7,77.5,43.5,47.0,38.1,288.0
2022-02-10 23:00:00,3.4,48.7,73.8,32.7,32.4,29.8,0.0
2022-02-11 00:00:00,2.7,49.2,70.9,27.4,28.9,26.3,0.0
2022-02-11 01:00:00,2.1,49.6,69.2,25.6,27.4,24.8,0.0
2022-02-11 02:00:00,1.7,49.9,67.6,24.3,27.5,24.1,0.0
2022-02-11 03:00:00,1.2,50.3,66.6,23.8,32.0,24.0,0.0
2022-02-11 04:00:00,0.8,50.6,65.7,23.4,26.0,23.3,0.0
2022-02-11 05:00:00,1.4,45.4,70.6,38.1,39.1,26.1,131.0
2022-02-11 06:00:00,1.0,48.7,86.1,43.6,48.2,37.5,420.0
2022-02-11 07:00:00,0.6,48.9,83.1,46.4,50.3,40.0,379.0
2022-02-11 08:00:00,2.5,48.1,86.0,44.4,48.8,39.6,338.0
2022-02-11 09:00:00,5.0,47.0,82.6,43.2,47.4,38.8,308.0
2022-02-11 10:00:00,6.9,45.4,79.3,42.0,46.0,38.1,285.0
2022-02-11 11:00:00,8.3,44.4,77.1,40.6,44.7,37.0,256.0
2022-02-11 12:00:00,9.6,43.5,73.8,39.7,43.5,36.3,241.0
2022-02-11 13:00:00,10.5,42.7,70.4,38.9,42.7,35.7,228.0
2022-02-11 14:00:00,11.5,44.1,46.3,41.4,34.0,31.7,125.0
2022-02-11 15:00:00,11.9,43.5,56.8,30.6,34.5,29.7,0.0
2022-02-11 16:00:00,11.7,43.8,60.6,26.1,27.5,25.0,0.0
2022-02-11 17:00:00,10.5,45.8,61.6,24.9,38.0,24.4,0.0
2022-02-11 18:00:00,8.2,48.3,79.3,46.9,49.0,35.8,350.0
2022-02-11 19:00:00,7.6,48.5,78.0,45.6,48.8,39.7,374.0
2022-02-11 20:00:00,5.9,50.8,78.8,46.9,50.0,40.1,346.0
2022-02-11 21:00:00,5.8,50.9,81.1,47.9,51.2,41.3,377.0
2022-02-11 22:00:00,5.4,51.4,77.7,37.8,36.4,33.9,138.0
2022-02-11 23:00:00,4.9,51.9,74.9,29.7,30.7,28.0,0.0
2022-02-12 00:00:00,4.3,51.9,72.9,26.6,28.5,25.8,0.0
2022-02-12 01:00:00,3.6,51.9,70.5,25.2,27.6,24.8,0.0
2022-02-12 02:00:00,5.9,50.8,68.8,24.4,27.0,24.4,0.0
2022-02-12 03:00:00,6.7,49.6,67.2,24.0,34.5,24.3,0.0
2022-02-12 04:00:00,5.7,51.0,66.0,23.6,28.6,23.7,0.0
2022-02-12 05:00:00,5.6,51.2,65.0,23.5,26.3,23.5,0.0
2022-02-12 06:00:00,5.5,51.3,64.1,23.4,26.4,23.5,0.0
2022-02-12 07:00:00,5.2,47.8,81.7,46.6,49.2,37.2,416.0
2022-02-12 08:00:00,5.6,47.5,81.2,43.9,47.9,38.8,344.0
2022-02-12 09:00:00,6.4,46.7,80.3,43.4,47.4,38.7,319.0
2022-02-12 10:00:00,6.8,46.4,79.8,42.4,46.5,38.0,294.0
2022-02-12 11:00:00,7.3,45.9,79.1,42.2,46.2,37.8,293.0
2022-02-12 12:00:00,7.8,45.5,78.1,42.0,45.9,37.7,284.0
2022-02-12 13:00:00,8.3,45.0,77.2,41.0,45.0,37.2,270.0
2022-02-12 14:00:00,8.1,46.5,77.5,43.6,47.3,38.2,309.0
2022-02-12 15:00:00,8.3,46.4,77.3,42.6,46.3,38.1,288.0
2022-02-12 16:00:00,8.0,46.6,78.2,42.7,46.5,38.0,289.0
2022-02-12 17:00:00,7.4,47.1,78.7,43.8,47.5,38.4,299.0
2022-02-12 18:00:00,6.6,47.7,78.4,43.1,46.9,38.6,303.0
2022-02-12 19:00:00,6.3,47.9,80.0,44.7,48.5,39.2,317.0
2022-02-12 20:00:00,6.0,48.3,80.3,44.0,47.9,39.4,318.0
2022-02-12 21:00:00,5.7,48.4,80.3,44.7,48.4,39.1,300.0
2022-02-12 22:00:00,5.7,48.4,79.6,44.5,42.4,39.8,315.0
2022-02-12 23:00:00,4.9,49.0,76.2,33.2,32.6,30.1,0.0
2022-02-13 00:00:00,4.9,49.0,73.5,28.2,29.2,26.6,0.0
2022-02-13 01:00:00,4.7,49.1,71.2,25.8,28.5,26.5,0.0
2022-02-13 02:00:00,4.0,49.6,69.3,24.8,26.8,24.2,0.0
2022-02-13 03:00:00,4.1,49.5,67.2,24.2,26.4,23.8,0.0
2022-02-13 04:00:00,4.2,49.4,65.6,23.8,26.3,23.6,0.0
2022-02-13 05:00:00,4.0,49.6,64.4,23.4,26.2,23.4,0.0
2022-02-13 06:00:00,5.9,48.3,68.5,35.9,37.9,25.2,102.0
2022-02-13 07:00:00,5.7,48.4,80.9,45.4,49.2,39.8,493.0
2022-02-13 08:00:00,5.6,48.5,80.3,44.2,48.0,39.0,324.0
2022-02-13 09:00:00,5.7,48.4,80.5,44.1,47.9,38.9,325.0
2022-02-13 10:00:00,6.3,47.9,79.2,43.9,47.7,38.9,319.0
2022-02-13 11:00:00,6.4,47.9,79.3,43.6,47.4,38.8,313.0
2022-02-13 12:00:00,6.8,47.6,78.7,43.4,47.2,38.6,306.0
2022-02-13 13:00:00,7.6,46.9,76.4,43.1,46.7,38.5,294.0
2022-02-13 14:00:00,7.1,47.3,78.1,44.3,48.0,39.0,310.0
2022-02-13 15:00:00,7.0,47.4,77.8,43.6,47.3,38.8,300.0
2022-02-13 16:00:00,6.7,47.6,77.3,43.5,47.2,38.7,293.0
2022-02-13 17:00:00,6.3,47.9,78.4,43.7,47.4,38.9,299.0
2022-02-13 18:00:00,5.8,48.3,76.2,45.4,48.8,39.5,311.0
2022-02-13 19:00:00,5.8,48.3,81.0,44.9,48.7,39.9,326.0
2022-02-13 20:00:00,6.0,48.2,81.1,44.9,48.8,39.8,315.0
2022-02-13 21:00:00,5.8,48.3,80.4,44.8,48.5,39.8,310.0
2022-02-13 22:00:00,5.5,48.6,80.8,44.9,43.1,40.0,310.0
2022-02-13 23:00:00,5.0,49.0,76.8,33.8,33.2,30.7,0.0
2022-02-14 00:00:00,5.3,48.7,74.2,28.4,29.6,27.0,0.0
2022-02-14 01:00:00,4.3,49.4,72.0,26.2,28.0,25.4,0.0
2022-02-14 02:00:00,4.2,49.4,69.7,25.2,27.2,24.6,0.0
2022-02-14 03:00:00,4.4,49.3,67.8,24.5,26.9,24.1,0.0
2022-02-14 04:00:00,4.9,49.0,66.4,24.1,26.6,23.9,0.0
2022-02-14 05:00:00,4.5,49.3,33.5,36.9,35.5,23.7,0.0
2022-02-14 06:00:00,4.0,49.6,84.6,45.2,47.6,33.0,267.0
2022-02-14 07:00:00,4.0,49.6,84.4,45.1,49.3,40.6,445.0
2022-02-14 08:00:00,4.3,49.4,84.2,45.0,49.2,39.8,330.0
2022-02-14 09:00:00,6.1,48.1,81.5,44.0,48.1,39.7,324.0
2022-02-14 10:00:00,7.8,46.8,80.4,43.1,47.1,38.7,287.0
2022-02-14 11:00:00,8.8,46.0,78.4,42.4,46.4,38.2,287.0
2022-02-14 12:00:00,9.6,45.4,75.5,41.6,45.5,37.9,270.0
2022-02-14 13:00:00,10.4,44.7,72.0,33.1,32.5,29.9,0.0
2022-02-14 14:00:00,11.0,44.3,69.4,27.9,29.1,26.5,0.0
2022-02-14 15:00:00,11.3,44.0,67.3,25.9,29.2,25.1,0.0
2022-02-14 16:00:00,11.2,44.1,65.5,25.0,26.9,24.4,0.0
2022-02-14 17:00:00,10.4,47.2,74.9,44.7,46.7,33.9,287.0
2022-02-14 18:00:00,10.3,47.2,76.5,43.7,47.3,38.9,362.0
2022-02-14 19:00:00,9.5,47.5,77.3,43.6,47.3,38.7,296.0
2022-02-14 20:00:00,9.1,47.6,77.7,43.8,47.6,38.9,299.0
2022-02-14 21:00:00,8.9,47.7,77.8,44.1,47.9,39.3,302.0
2022-02-14 22:00:00,8.7,47.7,73.6,34.8,33.5,31.1,40.0
2022-02-14 23:00:00,7.9,48.0,71.5,28.6,29.6,27.1,0.0
2022-02-15 00:00:00,7.5,48.1,69.5,26.3,28.0,25.4,0.0
2022-02-15 01:00:00,7.0,48.3,67.7,25.0,27.3,24.8,0.0
2022-02-15 02:00:00,6.6,48.4,65.6,24.5,28.7,24.4,0.0
2022-02-15 03:00:00,6.6,48.4,64.2,24.2,33.5,24.2,0.0
2022-02-15 04:00:00,6.6,48.4,63.1,24.0,26.4,23.8,0.0
2022-02-15 05:00:00,6.9,48.3,61.7,23.7,26.1,23.5,0.0
2022-02-15 06:00:00,6.8,48.4,60.7,23.5,25.8,23.3,0.0
2022-02-15 07:00:00,6.5,48.5,81.4,47.0,49.8,39.1,476.0
2022-02-15 08:00:00,6.9,48.3,79.1,44.0,47.9,39.1,323.0
2022-02-15 09:00:00,8.9,47.7,78.5,43.8,47.5,38.9,310.0
2022-02-15 10:00:00,9.2,47.6,77.3,43.4,47.0,38.6,300.0
2022-02-15 11:00:00,10.5,47.1,73.7,40.1,39.5,37.1,239.0
2022-02-15 12:00:00,13.0,46.3,70.4,31.4,31.4,28.8,0.0
2022-02-15 13:00:00,14.0,46.0,67.6,27.4,28.4,26.0,0.0
2022-02-15 14:00:00,13.4,46.2,65.3,25.5,27.2,24.7,0.0
2022-02-15 15:00:00,13.2,46.2,63.6,24.8,26.7,24.1,0.0
2022-02-15 16:00:00,12.9,46.3,61.7,24.2,35.4,23.9,0.0
2022-02-15 17:00:00,12.5,46.5,60.4,24.0,26.2,23.7,0.0
2022-02-15 18:00:00,12.1,46.6,74.3,45.1,47.0,34.9,313.0
2022-02-15 19:00:00,11.6,46.8,73.7,43.5,46.8,38.5,342.0
2022-02-15 20:00:00,11.3,46.9,73.8,43.4,46.8,38.3,292.0
2022-02-15 21:00:00,11.1,42.6,73.5,37.8,41.9,35.2,181.0
2022-02-15 22:00:00,11.3,42.6,69.3,38.4,37.4,35.2,195.0
2022-02-15 23:00:00,10.9,42.6,63.1,31.4,34.7,29.8,0.0
2022-02-16 00:00:00,10.3,42.8,62.7,27.3,35.4,26.4,0.0
2022-02-16 01:00:00,10.1,42.8,61.8,25.7,29.2,24.7,0.0
2022-02-16 02:00:00,9.6,42.9,60.7,24.8,26.5,24.0,0.0
2022-02-16 03:00:00,9.5,43.0,59.4,24.2,27.9,24.6,0.0
2022-02-16 04:00:00,9.6,42.9,57.4,24.4,26.1,23.6,0.0
2022-02-16 05:00:00,8.7,43.1,56.4,23.8,35.8,23.4,0.0
2022-02-16 06:00:00,8.0,45.3,45.4,30.8,32.5,24.6,70.0
2022-02-16 07:00:00,7.8,45.4,75.6,42.3,46.0,37.9,427.0
2022-02-16 08:00:00,7.7,45.5,78.8,41.6,45.8,37.3,272.0
2022-02-16 09:00:00,8.2,45.2,78.9,41.4,45.5,37.7,284.0
2022-02-16 10:00:00,8.2,44.5,77.9,40.4,44.5,37.0,255.0
2022-02-16 11:00:00,8.5,43.8,77.6,40.1,44.2,36.6,248.0
2022-02-16 12:00:00,10.0,43.3,74.4,35.3,33.7,31.2,95.0
2022-02-16 13:00:00,11.2,42.9,72.2,31.6,32.6,30.1,95.0
2022-02-16 14:00:00,11.5,42.8,69.5,27.9,28.7,26.3,0.0
2022-02-16 15:00:00,11.6,42.8,66.9,26.2,32.6,24.9,0.0
2022-02-16 16:00:00,11.4,42.8,64.7,25.0,34.6,24.1,0.0
2022-02-16 17:00:00,10.1,43.3,63.0,24.3,30.4,23.8,0.0
2022-02-16 18:00:00,8.5,43.8,61.3,24.4,25.9,23.3,0.0
2022-02-16 19:00:00,8.7,43.8,75.5,42.8,44.2,30.9,229.0
2022-02-16 20:00:00,8.1,43.9,78.9,39.3,43.7,36.4,306.0
2022-02-16 21:00:00,7.9,44.0,75.4,39.4,43.6,36.1,236.0
2022-02-16 22:00:00,7.3,44.2,76.9,39.7,39.3,36.6,246.0
2022-02-16 23:00:00,7.1,44.3,73.0,31.3,31.7,29.0,0.0
2022-02-17 00:00:00,6.5,44.5,71.0,27.0,28.9,26.3,0.0
2022-02-17 01:00:00,6.7,44.4,68.7,25.4,27.7,25.0,0.0
2022-02-17 02:00:00,6.4,44.5,67.0,24.6,27.1,24.5,0.0
2022-02-17 03:00:00,6.9,44.4,65.8,24.2,26.8,24.1,0.0
2022-02-17 04:00:00,6.7,44.4,64.0,23.9,26.4,23.9,0.0
2022-02-17 05:00:00,5.7,44.7,57.8,24.0,26.0,23.6,0.0
2022-02-17 06:00:00,4.9,45.2,27.7,27.8,30.5,23.6,0.0
2022-02-17 07:00:00,4.5,45.5,83.9,42.9,47.2,39.6,498.0
2022-02-17 08:00:00,6.2,44.6,83.6,39.4,44.2,36.6,232.0
2022-02-17 09:00:00,9.2,43.6,85.0,39.5,44.4,36.6,257.0
2022-02-17 10:00:00,11.9,42.7,81.4,38.0,42.5,35.9,230.0
2022-02-17 11:00:00,13.7,42.1,78.0,37.0,41.4,34.9,201.0
2022-02-17 12:00:00,14.2,42.0,75.5,37.6,41.9,35.1,216.0
2022-02-17 13:00:00,14.0,42.0,72.5,31.4,31.7,29.1,32.0
2022-02-17 14:00:00,14.2,42.0,70.0,27.2,28.7,26.2,0.0
2022-02-17 15:00:00,14.0,42.0,67.9,25.5,32.9,25.2,0.0
2022-02-17 16:00:00,13.6,42.1,65.8,24.6,27.0,24.3,0.0
2022-02-17 17:00:00,13.0,42.3,64.2,24.4,26.6,24.0,0.0
2022-02-17 18:00:00,12.3,48.3,50.8,38.7,40.8,34.1,270.0
2022-02-17 19:00:00,11.6,48.5,73.2,46.4,49.1,39.9,399.0
2022-02-17 20:00:00,10.6,48.7,70.2,39.2,36.3,34.0,160.0
2022-02-17 21:00:00,8.1,49.3,85.4,40.1,38.4,35.8,240.0
2022-02-17 22:00:00,7.5,49.4,80.1,31.2,31.5,29.1,0.0
2022-02-17 23:00:00,7.5,49.4,75.3,27.3,28.7,26.1,0.0
2022-02-18 00:00:00,6.9,49.5,70.1,25.9,32.5,24.9,0.0
2022-02-18 01:00:00,8.1,49.3,65.8,24.8,34.1,24.0,0.0
2022-02-18 02:00:00,9.0,49.1,62.6,24.2,35.9,23.5,0.0
2022-02-18 03:00:00,8.9,49.1,60.8,23.4,26.0,23.4,0.0
2022-02-18 04:00:00,7.2,49.5,58.0,23.3,37.0,23.5,0.0
2022-02-18 05:00:00,6.7,49.6,53.6,23.2,26.0,23.6,0.0
2022-02-18 06:00:00,6.2,47.8,44.0,31.0,32.1,24.7,70.0
2022-02-18 07:00:00,5.7,47.9,72.3,45.5,47.7,36.6,391.0
2022-02-18 08:00:00,7.2,47.7,81.4,43.3,47.3,39.4,369.0
2022-02-18 09:00:00,9.3,47.5,79.5,43.0,47.0,38.5,290.0
2022-02-18 10:00:00,9.9,47.4,78.6,42.8,46.8,38.3,294.0
2022-02-18 11:00:00,11.0,47.3,74.6,42.8,40.6,38.3,276.0
2022-02-18 12:00:00,11.4,47.3,71.5,32.0,37.3,29.7,0.0
2022-02-18 13:00:00,11.8,47.2,69.3,27.5,28.7,26.3,0.0
2022-02-18 14:00:00,11.8,47.2,67.3,25.6,27.4,24.9,0.0
2022-02-18 15:00:00,11.8,47.2,65.3,24.7,26.8,24.4,0.0
2022-02-18 16:00:00,11.4,47.2,63.3,24.2,35.5,24.1,0.0
2022-02-18 17:00:00,10.8,47.3,62.0,24.2,26.3,23.8,0.0
2022-02-18 18:00:00,9.0,46.6,78.1,46.0,48.5,36.9,385.0
2022-02-18 19:00:00,8.3,46.9,77.5,43.5,47.0,38.6,325.0
2022-02-18 20:00:00,7.3,47.2,76.5,43.0,46.6,38.2,288.0
2022-02-18 21:00:00,6.3,47.5,77.1,43.2,46.9,38.3,293.0
2022-02-18 22:00:00,6.0,47.6,78.3,43.0,41.3,38.6,282.0
2022-02-18 23:00:00,5.4,47.8,75.1,32.5,32.2,29.7,0.0
2022-02-19 00:00:00,5.2,47.9,72.4,27.6,29.0,26.4,0.0
2022-02-19 01:00:00,5.1,47.9,70.1,25.6,27.5,25.0,0.0
2022-02-19 02:00:00,4.8,48.1,68.0,24.7,37.4,24.4,0.0
2022-02-19 03:00:00,3.7,48.9,66.2,24.3,26.6,23.9,0.0
2022-02-19 04:00:00,2.7,49.5,64.9,23.9,26.3,23.7,0.0
2022-02-19 05:00:00,3.8,48.8,63.6,23.5,26.0,23.4,0.0
2022-02-19 06:00:00,4.0,45.5,68.1,38.4,39.1,26.3,122.0
2022-02-19 07:00:00,3.9,45.5,81.4,41.6,45.9,37.7,419.0
2022-02-19 08:00:00,6.9,45.0,81.2,41.2,45.6,37.3,285.0
2022-02-19 09:00:00,10.0,45.0,76.3,40.7,44.8,37.2,266.0
2022-02-19 10:00:00,11.3,45.0,71.4,40.8,44.4,36.9,252.0
2022-02-19 11:00:00,13.7,45.0,68.2,41.4,44.5,37.0,258.0
2022-02-19 12:00:00,15.3,45.0,31.5,40.4,32.9,30.3,51.0
2022-02-19 13:00:00,15.4,45.0,35.2,38.5,33.8,29.3,0.0
2022-02-19 14:00:00,15.7,45.0,33.2,37.4,30.8,27.3,0.0
2022-02-19 15:00:00,16.2,45.0,31.6,36.2,28.7,25.4,0.0
2022-02-19 16:00:00,15.5,45.0,30.0,34.9,27.1,24.7,0.0
2022-02-19 17:00:00,14.3,45.0,29.4,33.3,26.7,24.3,0.0
2022-02-19 18:00:00,12.7,45.0,48.1,30.4,31.6,22.5,0.0
2022-02-19 19:00:00,10.7,45.0,70.7,43.2,46.0,37.6,441.0
2022-02-19 20:00:00,10.2,45.0,71.7,41.5,44.9,37.1,263.0
2022-02-19 21:00:00,9.6,45.0,73.1,41.8,45.3,37.4,268.0
2022-02-19 22:00:00,8.6,45.0,73.3,41.4,39.9,37.5,255.0
2022-02-19 23:00:00,9.5,45.0,69.9,32.1,31.7,29.2,0.0
2022-02-20 00:00:00,8.5,45.0,67.9,27.5,28.6,26.2,0.0
2022-02-20 01:00:00,8.0,45.0,65.7,25.7,27.3,24.7,0.0
2022-02-20 02:00:00,7.8,45.0,64.0,24.7,32.3,24.4,0.0
2022-02-20 03:00:00,7.5,45.0,61.8,24.1,37.0,23.9,0.0
2022-02-20 04:00:00,7.5,45.0,60.1,24.0,26.3,23.6,0.0
2022-02-20 05:00:00,7.2,45.0,59.2,23.4,26.0,23.4,0.0
2022-02-20 06:00:00,7.0,45.0,58.4,23.5,25.8,23.2,0.0
2022-02-20 07:00:00,6.9,46.6,80.1,43.4,47.1,36.9,393.0
2022-02-20 08:00:00,7.2,46.5,79.0,43.3,47.2,38.4,324.0
2022-02-20 09:00:00,7.8,46.3,79.0,42.8,46.8,38.2,297.0
2022-02-20 10:00:00,8.4,46.2,77.5,42.6,46.4,38.1,291.0
2022-02-20 11:00:00,9.2,46.0,77.5,42.6,46.5,38.1,290.0
2022-02-20 12:00:00,9.8,45.9,72.6,41.8,45.5,37.7,273.0
2022-02-20 13:00:00,9.4,46.0,74.6,42.7,46.1,38.2,287.0
2022-02-20 14:00:00,9.6,48.5,74.7,45.5,48.2,38.8,300.0
2022-02-20 15:00:00,8.6,48.8,75.4,46.1,49.2,40.1,338.0
2022-02-20 16:00:00,8.3,48.9,78.2,45.9,49.3,40.2,330.0
2022-02-20 17:00:00,8.1,48.9,78.4,46.1,49.5,40.4,327.0
2022-02-20 18:00:00,8.0,49.0,78.6,46.2,49.6,40.5,328.0
2022-02-20 19:00:00,7.7,49.1,79.1,46.3,49.7,40.5,321.0
2022-02-20 20:00:00,7.6,49.1,79.8,46.1,49.7,40.6,325.0
2022-02-20 21:00:00,7.4,49.1,78.9,46.0,49.5,40.5,318.0
2022-02-20 22:00:00,7.5,49.1,76.2,36.9,36.3,33.8,115.0
2022-02-20 23:00:00,7.3,49.2,73.4,29.7,31.3,28.5,0.0
2022-02-21 00:00:00,5.7,49.7,71.0,27.3,29.2,26.5,0.0
2022-02-21 01:00:00,4.5,50.0,69.0,26.0,28.1,25.5,0.0
2022-02-21 02:00:00,3.4,50.0,67.7,25.2,27.6,24.9,0.0
2022-02-21 03:00:00,3.7,50.0,66.6,24.6,27.4,24.7,0.0
2022-02-21 04:00:00,2.9,50.0,66.2,24.6,30.2,25.3,0.0
2022-02-21 05:00:00,2.8,50.0,65.6,24.6,27.8,24.8,31.0
2022-02-21 06:00:00,2.0,50.0,42.0,31.1,33.2,27.8,127.0
2022-02-21 07:00:00,2.0,47.9,65.7,45.5,47.9,39.0,418.0
2022-02-21 08:00:00,4.3,47.2,84.6,43.4,47.8,39.1,333.0
2022-02-21 09:00:00,6.9,46.8,84.0,42.3,46.7,38.4,290.0
2022-02-21 10:00:00,8.3,46.6,80.2,41.6,46.3,37.9,277.0
2022-02-21 11:00:00,10.5,46.3,76.9,40.0,38.4,35.9,210.0
2022-02-21 12:00:00,13.2,46.0,74.0,30.8,33.1,29.6,0.0
2022-02-21 13:00:00,14.2,46.0,71.6,27.1,29.1,27.7,0.0
2022-02-21 14:00:00,14.4,46.0,69.9,26.7,33.1,26.2,39.0
2022-02-21 15:00:00,14.5,46.0,68.1,25.5,27.6,24.9,0.0
2022-02-21 16:00:00,14.7,46.0,66.6,24.7,27.0,24.5,0.0
2022-02-21 17:00:00,13.7,46.0,64.6,24.3,26.9,24.3,0.0
2022-02-21 18:00:00,13.2,46.0,62.7,24.2,35.1,24.1,0.0
2022-02-21 19:00:00,13.5,44.1,72.5,43.2,45.7,35.0,313.0
2022-02-21 20:00:00,12.6,44.4,71.8,40.4,44.1,36.7,269.0
2022-02-21 21:00:00,12.3,44.6,72.2,41.2,44.8,36.9,254.0
2022-02-21 22:00:00,11.8,44.7,72.4,40.7,39.7,37.1,240.0
2022-02-21 23:00:00,11.5,44.8,69.3,32.0,35.8,29.7,0.0
2022-02-22 00:00:00,10.5,45.2,66.9,27.6,28.6,26.3,0.0
2022-02-22 01:00:00,9.0,45.6,64.8,25.9,27.4,24.9,0.0
2022-02-22 02:00:00,7.8,46.0,63.1,25.3,26.7,24.2,0.0
2022-02-22 03:00:00,6.3,46.5,61.6,24.2,26.3,23.8,0.0
2022-02-22 04:00:00,5.6,46.8,60.0,24.0,26.0,23.5,0.0
2022-02-22 05:00:00,5.2,46.9,58.6,23.8,25.9,23.4,0.0
2022-02-22 06:00:00,4.9,47.0,39.1,27.7,29.6,23.6,0.0
2022-02-22 07:00:00,4.3,47.2,84.3,44.4,48.6,40.5,523.0
2022-02-22 08:00:00,4.1,47.2,84.0,42.1,46.8,38.0,275.0
2022-02-22 09:00:00,3.7,47.3,84.3,42.6,47.1,38.4,304.0
2022-02-22 10:00:00,3.6,47.4,84.1,42.7,47.1,38.5,303.0
2022-02-22 11:00:00,4.6,47.1,84.1,42.8,47.3,38.6,301.0
2022-02-22 12:00:00,5.4,46.8,83.1,42.8,47.0,38.6,298.0
2022-02-22 13:00:00,5.4,46.8,80.9,42.3,46.4,38.3,283.0
2022-02-22 14:00:00,5.7,46.7,81.2,42.3,46.5,38.3,282.0
2022-02-22 15:00:00,6.3,46.5,79.3,42.1,46.3,38.2,277.0
2022-02-22 16:00:00,5.9,46.7,80.0,42.0,46.2,38.0,272.0
2022-02-22 17:00:00,6.0,46.6,80.2,42.2,46.4,38.2,276.0
2022-02-22 18:00:00,6.1,46.6,80.3,42.3,46.5,38.3,279.0
2022-02-22 19:00:00,6.1,46.6,80.1,42.3,46.4,38.3,275.0
2022-02-22 20:00:00,6.1,46.6,78.2,42.0,45.9,38.2,271.0
2022-02-22 21:00:00,6.5,46.5,78.7,42.0,45.9,38.0,267.0
2022-02-22 22:00:00,6.2,46.5,78.1,41.9,44.9,38.0,266.0
2022-02-22 23:00:00,6.0,46.6,74.2,32.5,32.8,30.2,0.0
2022-02-23 00:00:00,5.8,46.7,71.9,28.1,29.4,26.9,0.0
2022-02-23 01:00:00,5.3,46.9,69.7,26.0,28.1,25.5,0.0
2022-02-23 02:00:00,4.8,47.0,67.8,24.9,27.4,24.7,0.0
2022-02-23 03:00:00,4.0,47.3,66.5,24.4,27.0,24.4,0.0
2022-02-23 04:00:00,3.6,47.4,65.3,24.0,26.6,24.1,0.0
2022-02-23 05:00:00,3.3,50.3,64.0,23.7,41.2,23.8,0.0
2022-02-23 06:00:00,3.6,50.2,78.6,38.9,41.2,26.8,132.0
2022-02-23 07:00:00,3.7,50.2,84.9,50.0,52.8,41.7,527.0
2022-02-23 08:00:00,4.9,48.0,84.0,43.1,47.3,38.9,294.0
2022-02-23 09:00:00,6.5,46.6,82.3,42.4,46.7,38.3,294.0
2022-02-23 10:00:00,6.4,46.7,80.2,42.1,46.1,37.8,282.0
2022-02-23 11:00:00,7.5,47.1,79.6,42.8,46.7,38.1,292.0
2022-02-23 12:00:00,8.3,46.4,78.6,43.2,47.1,38.6,303.0
2022-02-23 13:00:00,8.6,46.2,77.9,42.8,46.8,38.4,291.0
2022-02-23 14:00:00,8.6,46.2,77.0,42.5,46.3,38.1,283.0
2022-02-23 15:00:00,8.5,46.2,75.7,42.3,46.1,38.0,277.0
2022-02-23 16:00:00,8.3,45.0,77.5,41.6,45.7,38.0,273.0
2022-02-23 17:00:00,8.2,45.1,78.5,41.2,45.3,37.5,255.0
2022-02-23 18:00:00,7.6,45.6,78.4,41.3,45.3,37.6,262.0
2022-02-23 19:00:00,7.4,45.8,77.6,41.2,45.3,37.5,257.0
2022-02-23 20:00:00,7.1,46.1,77.1,41.7,45.6,37.5,254.0
2022-02-23 21:00:00,6.3,46.8,78.5,42.4,46.3,38.2,285.0
2022-02-23 22:00:00,5.8,47.2,75.3,33.6,33.7,31.1,50.0
2022-02-23 23:00:00,5.6,47.4,73.3,28.3,29.9,27.3,0.0
2022-02-24 00:00:00,5.5,47.5,71.8,26.3,28.3,25.7,0.0
2022-02-24 01:00:00,5.2,47.8,69.8,25.2,27.6,25.0,0.0
2022-02-24 02:00:00,4.4,48.3,67.8,24.6,27.2,24.5,0.0
2022-02-24 03:00:00,3.7,48.6,66.5,24.2,26.9,24.2,0.0
2022-02-24 04:00:00,3.2,48.9,65.3,23.9,26.5,23.9,0.0
2022-02-24 05:00:00,3.3,48.8,64.2,23.6,26.4,23.7,0.0
2022-02-24 06:00:00,2.7,47.6,67.3,37.5,38.2,25.8,111.0
2022-02-24 07:00:00,2.9,47.4,67.6,43.3,46.1,38.9,453.0
2022-02-24 08:00:00,4.0,46.7,84.6,42.8,47.4,38.7,321.0
2022-02-24 09:00:00,5.8,45.4,84.0,41.6,46.2,37.9,286.0
2022-02-24 10:00:00,6.7,44.8,81.0,40.4,44.9,37.2,266.0
2022-02-24 11:00:00,8.0,44.0,79.1,39.8,44.1,36.6,248.0
2022-02-24 12:00:00,8.6,43.6,78.0,39.3,43.7,36.3,242.0
2022-02-24 13:00:00,9.5,43.0,75.5,39.0,43.2,36.0,234.0
2022-02-24 14:00:00,9.6,42.9,73.2,38.1,36.0,33.7,162.0
2022-02-24 15:00:00,9.5,43.0,70.8,29.6,30.3,27.7,0.0
2022-02-24 16:00:00,9.5,43.0,68.6,26.5,31.8,26.0,0.0
2022-02-24 17:00:00,8.6,43.6,69.8,37.5,38.9,25.9,94.0
2022-02-24 18:00:00,7.0,44.6,78.5,40.9,45.0,37.1,372.0
2022-02-24 19:00:00,5.1,45.9,80.2,41.1,45.4,37.2,272.0
2022-02-24 20:00:00,5.1,45.9,80.8,41.6,45.9,37.7,281.0
2022-02-24 21:00:00,4.3,46.4,82.1,41.8,46.2,37.8,278.0
2022-02-24 22:00:00,3.7,46.9,81.8,41.7,40.9,38.1,274.0
2022-02-24 23:00:00,2.2,47.9,78.5,31.8,32.2,29.6,0.0
2022-02-25 00:00:00,1.9,48.1,75.8,27.2,32.2,27.2,0.0
2022-02-25 01:00:00,1.3,48.5,73.1,25.4,33.9,25.4,0.0
2022-02-25 02:00:00,0.4,49.2,71.5,24.4,30.2,24.4,0.0
2022-02-25 03:00:00,0.2,49.3,70.1,23.9,26.7,24.0,0.0
2022-02-25 04:00:00,0.0,49.5,68.7,23.6,26.4,23.6,0.0
2022-02-25 05:00:00,-0.9,47.7,78.6,40.0,42.6,28.4,173.0
2022-02-25 06:00:00,-1.3,47.9,88.9,43.5,48.2,39.4,455.0
2022-02-25 07:00:00,-0.9,47.8,88.7,43.5,48.3,38.7,323.0
2022-02-25 08:00:00,1.7,46.9,88.2,42.7,47.5,38.7,321.0
2022-02-25 09:00:00,4.0,46.3,86.0,41.5,46.3,37.9,290.0
2022-02-25 10:00:00,5.3,45.8,84.1,40.9,45.5,37.4,279.0
2022-02-25 11:00:00,8.1,43.9,83.0,40.4,44.8,37.1,271.0
2022-02-25 12:00:00,9.4,43.0,77.3,38.7,43.0,36.0,235.0
2022-02-25 13:00:00,9.4,43.0,75.4,38.6,42.7,35.5,225.0
2022-02-25 14:00:00,10.1,42.5,74.3,38.6,42.7,35.6,228.0
2022-02-25 15:00:00,10.3,43.2,72.7,37.9,37.6,35.1,197.0
2022-02-25 16:00:00,10.3,43.2,69.7,30.3,30.8,28.2,0.0
2022-02-25 17:00:00,9.9,43.6,67.6,26.8,28.2,25.7,0.0
2022-02-25 18:00:00,7.5,46.1,79.1,44.8,47.8,36.9,358.0
2022-02-25 19:00:00,7.1,46.3,79.0,42.9,46.8,38.3,313.0
2022-02-25 20:00:00,6.1,46.6,80.0,42.5,46.6,38.1,289.0
2022-02-25 21:00:00,5.6,46.8,79.6,42.5,46.6,38.2,286.0
2022-02-25 22:00:00,5.4,46.8,79.6,42.0,40.9,38.3,275.0
2022-02-25 23:00:00,6.3,46.5,76.5,32.0,32.3,29.7,0.0
2022-02-26 00:00:00,6.7,46.4,73.9,27.4,29.3,26.5,0.0
2022-02-26 01:00:00,6.0,46.6,71.9,25.8,27.9,25.3,0.0
2022-02-26 02:00:00,5.7,46.8,69.8,24.8,27.3,24.6,0.0
2022-02-26 03:00:00,5.5,46.8,67.8,24.3,30.2,24.8,0.0
2022-02-26 04:00:00,5.3,46.9,66.9,24.1,28.6,24.2,0.0
2022-02-26 05:00:00,4.9,47.0,66.4,23.9,26.9,24.0,0.0
2022-02-26 06:00:00,4.7,47.0,52.0,34.1,35.5,27.4,139.0
2022-02-26 07:00:00,4.6,46.1,81.4,42.1,46.3,38.0,420.0
2022-02-26 08:00:00,5.0,46.0,81.4,41.8,46.1,37.7,290.0
2022-02-26 09:00:00,5.5,45.8,80.0,41.5,45.8,37.5,286.0
2022-02-26 10:00:00,6.2,45.7,78.9,41.2,45.4,37.2,280.0
2022-02-26 11:00:00,6.9,45.5,78.6,41.0,45.3,37.1,269.0
2022-02-26 12:00:00,6.9,45.5,78.1,40.9,45.0,36.9,270.0
2022-02-26 13:00:00,6.6,45.6,79.1,41.7,45.7,37.3,274.0
2022-02-26 14:00:00,6.4,45.6,77.6,42.2,46.2,38.0,291.0
2022-02-26 15:00:00,5.9,45.8,77.5,42.1,45.9,37.8,278.0
2022-02-26 16:00:00,5.3,47.8,78.4,44.4,48.0,38.9,317.0
2022-02-26 17:00:00,4.4,48.1,80.4,44.3,48.1,39.7,322.0
2022-02-26 18:00:00,4.0,48.2,83.3,44.3,48.4,39.3,310.0
2022-02-26 19:00:00,3.7,48.2,82.5,44.3,48.5,39.5,312.0
2022-02-26 20:00:00,3.6,48.2,82.3,44.5,48.5,39.5,315.0
2022-02-26 21:00:00,3.6,48.2,82.7,44.7,48.7,39.8,320.0
2022-02-26 22:00:00,3.5,48.3,82.3,43.4,41.5,39.1,279.0
2022-02-26 23:00:00,3.2,48.3,73.9,33.7,32.2,29.8,0.0
2022-02-27 00:00:00,3.0,48.4,74.6,27.6,29.1,26.5,0.0
2022-02-27 01:00:00,3.4,48.3,73.4,25.8,28.1,25.3,0.0
2022-02-27 02:00:00,5.5,47.7,70.9,25.2,27.5,24.7,0.0
2022-02-27 03:00:00,5.2,47.9,69.1,24.5,27.0,24.3,0.0
2022-02-27 04:00:00,5.2,47.9,67.9,24.2,26.6,24.0,0.0
2022-02-27 05:00:00,5.7,47.6,66.6,23.8,26.3,23.6,0.0
2022-02-27 06:00:00,4.8,46.0,72.2,37.5,39.5,25.9,108.0
2022-02-27 07:00:00,5.2,45.9,81.3,41.9,46.3,38.0,437.0
2022-02-27 08:00:00,6.5,45.6,78.9,41.2,45.3,37.2,277.0
2022-02-27 09:00:00,5.3,45.9,78.8,41.0,45.2,37.1,270.0
2022-02-27 10:00:00,5.1,45.9,79.7,42.2,46.3,37.7,297.0
2022-02-27 11:00:00,5.5,45.8,78.6,42.4,46.2,38.0,293.0
2022-02-27 12:00:00,5.1,45.9,77.6,42.3,46.2,37.9,287.0
2022-02-27 13:00:00,5.1,46.3,78.3,42.4,46.3,37.9,288.0
2022-02-27 14:00:00,4.6,46.6,78.7,42.3,46.3,37.8,284.0
2022-02-27 15:00:00,4.2,46.7,79.6,42.7,46.6,38.2,296.0
2022-02-27 16:00:00,4.2,46.8,79.2,42.8,46.7,38.4,295.0
2022-02-27 17:00:00,3.8,46.9,82.2,43.3,47.6,38.6,302.0
2022-02-27 18:00:00,3.7,46.9,83.4,43.2,47.5,38.8,299.0
2022-02-27 19:00:00,3.4,47.0,83.7,42.9,47.3,38.7,296.0
2022-02-27 20:00:00,3.5,47.0,84.1,43.0,47.4,38.8,298.0
2022-02-27 21:00:00,3.4,47.0,83.8,43.0,47.4,38.8,297.0
2022-02-27 22:00:00,3.5,47.0,83.9,43.0,47.3,38.9,293.0
2022-02-27 23:00:00,3.5,47.0,79.6,33.4,32.9,30.3,0.0
2022-02-28 00:00:00,3.4,47.0,77.1,28.0,29.4,26.7,0.0
2022-02-28 01:00:00,3.9,46.8,75.0,25.8,27.9,25.3,0.0
2022-02-28 02:00:00,3.2,47.1,72.7,25.0,27.5,24.7,0.0
2022-02-28 03:00:00,3.0,47.2,71.0,24.5,26.9,24.3,0.0
2022-02-28 04:00:00,3.1,47.1,69.5,24.0,26.5,23.9,0.0
2022-02-28 05:00:00,2.5,47.3,24.3,24.3,26.8,23.9,0.0
2022-02-28 06:00:00,2.3,47.4,65.5,41.1,43.1,33.0,265.0
2022-02-28 07:00:00,2.3,47.4,84.7,43.6,47.9,39.2,401.0
2022-02-28 08:00:00,2.9,47.2,84.0,43.1,47.5,38.7,316.0
2022-02-28 09:00:00,3.8,46.9,84.1,42.9,47.4,38.5,307.0
2022-02-28 10:00:00,4.5,46.6,81.4,42.4,46.6,38.1,294.0
2022-02-28 11:00:00,6.0,45.7,79.4,41.9,46.0,37.8,289.0
2022-02-28 12:00:00,6.6,45.3,78.5,41.3,45.3,37.4,271.0
2022-02-28 13:00:00,5.7,45.9,78.2,41.1,45.2,37.2,266.0
2022-02-28 14:00:00,5.6,46.0,79.6,42.5,46.6,38.0,294.0
2022-02-28 15:00:00,5.0,46.5,79.5,42.7,46.7,38.3,295.0
2022-02-28 16:00:00,5.7,45.9,79.5,41.9,46.0,38.1,284.0
2022-02-28 17:00:00,4.8,46.5,79.5,42.3,46.4,37.8,275.0
2022-02-28 18:00:00,3.8,46.9,81.3,43.2,47.2,38.6,301.0
2022-02-28 19:00:00,3.1,47.1,82.9,42.1,46.4,38.3,285.0
2022-02-28 20:00:00,2.9,47.2,82.6,42.7,47.0,38.4,289.0
2022-02-28 21:00:00,3.1,47.1,82.5,42.8,47.1,38.6,292.0
2022-02-28 22:00:00,3.1,47.1,79.3,35.0,33.8,31.2,69.0
2022-02-28 23:00:00,2.5,47.3,76.8,28.2,29.7,27.1,0.0
2022-03-01 00:00:00,2.0,47.5,74.4,26.0,28.1,25.5,0.0
2022-03-01 01:00:00,1.2,47.8,71.7,24.9,27.3,24.6,0.0
2022-03-01 02:00:00,1.0,47.9,70.7,24.3,26.9,24.2,0.0
2022-03-01 03:00:00,0.6,48.0,69.5,23.9,26.5,23.8,0.0
2022-03-01 04:00:00,1.0,47.9,68.0,23.7,26.0,23.4,0.0
2022-03-01 05:00:00,1.1,47.8,66.4,23.1,25.6,23.0,0.0
2022-03-01 06:00:00,0.7,48.0,69.3,40.2,42.2,28.4,173.0
2022-03-01 07:00:00,0.7,48.0,78.0,43.3,47.1,39.3,458.0
2022-03-01 08:00:00,2.6,48.4,86.1,44.0,48.5,38.9,324.0
2022-03-01 09:00:00,3.3,48.3,86.0,44.5,48.8,39.3,346.0
2022-03-01 10:00:00,4.3,48.1,83.5,44.2,48.3,39.2,332.0
2022-03-01 11:00:00,5.9,47.2,79.7,43.3,47.1,38.6,310.0
2022-03-01 12:00:00,6.1,47.0,78.5,42.8,46.7,38.2,299.0
2022-03-01 13:00:00,6.1,47.1,78.7,42.7,46.5,38.1,297.0
2022-03-01 14:00:00,5.5,47.5,80.8,44.5,47.7,38.9,326.0
2022-03-01 15:00:00,5.5,47.5,81.0,43.4,47.4,38.7,305.0
2022-03-01 16:00:00,4.9,48.0,81.2,43.4,47.5,38.7,308.0
2022-03-01 17:00:00,4.6,48.0,83.3,43.9,48.0,39.0,314.0
2022-03-01 18:00:00,3.9,48.2,83.6,44.2,48.4,39.3,320.0
2022-03-01 19:00:00,3.3,48.3,84.2,44.3,48.5,39.4,320.0
2022-03-01 20:00:00,2.8,48.4,82.9,44.0,48.1,39.5,318.0
2022-03-01 21:00:00,2.2,48.5,83.7,43.7,48.1,39.1,306.0
2022-03-01 22:00:00,2.1,48.6,83.5,43.2,41.7,39.2,296.0
2022-03-01 23:00:00,2.1,48.5,79.2,32.4,32.7,29.9,0.0
2022-03-02 00:00:00,2.2,48.5,77.1,27.4,29.3,26.5,0.0
2022-03-02 01:00:00,2.1,48.5,74.8,25.6,27.9,25.1,0.0
2022-03-02 02:00:00,2.0,48.6,71.9,24.7,27.2,24.4,0.0
2022-03-02 03:00:00,1.8,48.6,70.7,24.1,26.8,24.0,0.0
2022-03-02 04:00:00,1.6,48.6,69.4,23.7,26.4,23.6,0.0
2022-03-02 05:00:00,1.6,48.6,68.2,23.3,26.5,23.9,0.0
2022-03-02 06:00:00,1.7,48.6,30.8,30.6,33.0,23.0,0.0
2022-03-02 07:00:00,1.7,48.6,86.1,52.1,53.9,39.1,522.0
2022-03-02 08:00:00,2.6,48.4,86.7,43.3,47.9,39.0,333.0
2022-03-02 09:00:00,3.9,48.2,85.0,43.8,48.2,38.8,328.0
2022-03-02 10:00:00,4.6,48.0,83.6,43.6,47.9,38.8,322.0
2022-03-02 11:00:00,5.2,47.8,81.3,43.1,47.3,38.5,311.0
2022-03-02 12:00:00,5.3,47.7,80.9,43.3,47.2,38.4,307.0
2022-03-02 13:00:00,5.4,47.6,79.8,43.5,47.4,38.6,313.0
2022-03-02 14:00:00,5.4,47.6,80.4,43.5,47.5,38.6,306.0
2022-03-02 15:00:00,5.5,47.5,79.3,43.5,47.5,38.8,311.0
2022-03-02 16:00:00,4.9,48.0,79.8,43.6,47.5,38.8,308.0
2022-03-02 17:00:00,4.6,48.0,80.3,43.7,47.6,38.9,307.0
2022-03-02 18:00:00,4.2,48.1,82.9,44.1,48.2,39.1,313.0
2022-03-02 19:00:00,3.7,48.2,87.6,44.8,49.4,39.6,329.0
2022-03-02 20:00:00,3.3,48.3,83.1,43.5,47.8,39.1,303.0
2022-03-02 21:00:00,3.3,48.3,83.1,43.4,47.6,39.0,306.0
2022-03-02 22:00:00,3.9,48.2,83.1,43.1,41.6,38.9,290.0
2022-03-02 23:00:00,4.1,48.2,78.8,32.7,32.4,29.8,0.0
2022-03-03 00:00:00,3.8,48.2,76.3,27.5,29.0,26.4,0.0
2022-03-03 01:00:00,3.4,48.3,74.3,25.6,27.8,25.1,0.0
2022-03-03 02:00:00,3.3,48.3,71.7,24.6,27.2,24.5,0.0
2022-03-03 03:00:00,3.1,48.3,70.3,24.0,31.6,24.4,0.0
2022-03-03 04:00:00,3.0,48.3,68.8,23.6,37.8,23.6,0.0
2022-03-03 05:00:00,2.7,48.4,23.7,23.7,25.8,23.5,0.0
2022-03-03 06:00:00,2.8,49.2,78.4,39.2,41.9,27.2,143.0
2022-03-03 07:00:00,2.9,49.2,84.4,45.7,49.9,41.1,508.0
2022-03-03 08:00:00,3.4,49.0,84.1,44.6,48.7,39.2,327.0
2022-03-03 09:00:00,4.6,48.6,83.1,44.8,48.8,39.5,348.0
2022-03-03 10:00:00,5.4,46.6,81.3,43.7,47.5,39.1,324.0
2022-03-03 11:00:00,6.6,46.9,80.4,42.6,46.6,38.0,285.0
2022-03-03 12:00:00,7.1,47.7,79.7,44.5,48.3,38.9,328.0
2022-03-03 13:00:00,7.1,47.7,78.8,43.6,47.6,38.4,302.0
2022-03-03 14:00:00,7.7,47.2,77.8,44.3,47.9,39.0,322.0
2022-03-03 15:00:00,7.4,47.5,78.6,44.3,47.9,38.9,311.0
2022-03-03 16:00:00,7.8,47.1,73.4,42.5,45.9,38.3,288.0
2022-03-03 17:00:00,7.0,47.8,72.3,44.5,47.4,38.7,301.0
2022-03-03 18:00:00,5.5,49.0,79.4,45.9,49.3,39.9,331.0
2022-03-03 19:00:00,3.6,50.1,80.8,46.3,49.9,40.6,354.0
2022-03-03 20:00:00,3.0,48.4,83.7,44.4,48.7,40.5,336.0
2022-03-03 21:00:00,2.4,48.8,83.2,44.1,48.3,39.3,299.0
2022-03-03 22:00:00,1.7,49.2,83.7,44.4,48.6,39.6,318.0
2022-03-03 23:00:00,1.2,49.6,78.1,34.4,33.0,30.6,0.0
2022-03-04 00:00:00,0.6,50.0,76.6,28.0,34.8,27.2,0.0
2022-03-04 01:00:00,0.0,50.5,74.3,25.7,30.7,26.2,0.0
2022-03-04 02:00:00,-0.1,50.6,72.8,24.6,27.3,24.5,0.0
2022-03-04 03:00:00,-0.5,50.9,71.8,24.1,26.9,24.1,0.0
2022-03-04 04:00:00,-0.8,51.1,70.7,23.7,26.4,23.7,0.0
2022-03-04 05:00:00,-1.2,51.3,69.5,23.2,26.1,23.3,0.0
2022-03-04 06:00:00,-2.2,48.6,26.8,25.7,26.9,24.1,0.0
2022-03-04 07:00:00,-1.3,48.2,88.5,51.2,53.2,37.8,447.0
2022-03-04 08:00:00,1.3,46.8,88.9,41.5,46.5,37.8,325.0
2022-03-04 09:00:00,3.6,45.7,86.8,40.9,45.6,37.2,292.0
2022-03-04 10:00:00,4.8,48.0,84.7,44.6,48.7,38.4,326.0
2022-03-04 11:00:00,6.5,46.6,83.2,42.8,47.0,38.5,315.0
2022-03-04 12:00:00,6.9,46.3,79.1,41.8,45.9,37.7,283.0
2022-03-04 13:00:00,7.6,44.2,78.4,41.0,45.1,37.3,276.0
2022-03-04 14:00:00,7.8,44.1,75.2,39.5,43.6,36.1,237.0
2022-03-04 15:00:00,7.9,44.0,75.2,39.9,44.0,36.3,249.0
2022-03-04 16:00:00,7.8,44.2,75.4,40.0,43.9,36.4,253.0
2022-03-04 17:00:00,7.1,44.6,72.5,40.6,44.1,36.3,247.0
2022-03-04 18:00:00,5.7,45.5,79.3,41.9,45.8,37.5,287.0
2022-03-04 19:00:00,5.1,45.9,81.0,42.2,46.5,37.9,289.0
2022-03-04 20:00:00,4.5,46.4,80.9,42.3,46.5,38.3,297.0
2022-03-04 21:00:00,4.8,46.1,80.3,41.9,46.1,38.0,282.0
2022-03-04 22:00:00,4.5,46.4,81.3,42.0,46.2,37.9,281.0
2022-03-04 23:00:00,4.1,46.8,77.3,32.3,32.2,29.6,0.0
2022-03-05 00:00:00,2.9,47.9,75.5,27.4,28.9,26.3,0.0
2022-03-05 01:00:00,2.3,48.4,72.9,25.4,27.5,24.8,0.0
2022-03-05 02:00:00,2.1,48.6,69.9,24.4,26.9,24.1,0.0
2022-03-05 03:00:00,1.5,49.1,68.5,23.8,26.5,23.7,0.0
2022-03-05 04:00:00,1.7,48.9,67.2,23.4,26.0,23.3,0.0
2022-03-05 05:00:00,1.2,49.4,66.1,23.0,25.6,23.0,0.0
2022-03-05 06:00:00,1.7,48.9,67.3,37.7,38.9,25.9,129.0
2022-03-05 07:00:00,2.0,48.7,86.1,45.0,49.3,39.9,490.0
2022-03-05 08:00:00,2.7,48.0,84.0,44.2,48.4,39.2,338.0
2022-03-05 09:00:00,4.3,46.5,83.3,42.8,47.2,38.7,320.0
2022-03-05 10:00:00,5.5,47.5,81.3,43.3,47.4,38.6,312.0
2022-03-05 11:00:00,6.8,46.4,79.9,43.2,47.1,38.4,307.0
2022-03-05 12:00:00,8.0,45.3,78.4,41.7,45.9,37.6,279.0
2022-03-05 13:00:00,8.8,44.6,75.2,36.2,35.2,32.6,140.0
2022-03-05 14:00:00,8.8,44.6,72.7,28.7,29.7,27.1,0.0
2022-03-05 15:00:00,7.7,45.6,75.0,43.3,46.6,37.7,388.0
2022-03-05 16:00:00,6.4,46.9,76.6,43.1,46.7,38.0,301.0
2022-03-05 17:00:00,5.2,47.8,80.2,44.0,47.7,38.7,317.0
2022-03-05 18:00:00,4.1,48.5,81.1,44.5,48.5,39.2,325.0
2022-03-05 19:00:00,4.0,48.7,78.2,44.5,48.1,39.4,320.0
2022-03-05 20:00:00,4.0,48.7,81.2,44.9,48.7,39.5,322.0
2022-03-05 21:00:00,4.5,48.3,79.1,44.7,48.5,39.7,325.0
2022-03-05 22:00:00,4.2,48.4,80.0,43.7,42.0,39.4,290.0
2022-03-05 23:00:00,4.2,48.5,76.8,32.5,32.5,30.0,0.0
2022-03-06 00:00:00,4.1,48.6,74.5,27.8,29.2,26.5,0.0
2022-03-06 01:00:00,3.1,49.3,72.2,25.9,27.6,25.0,0.0
2022-03-06 02:00:00,2.8,49.5,69.8,24.6,27.1,24.3,0.0
2022-03-06 03:00:00,2.6,49.6,68.0,24.0,26.5,23.9,0.0
2022-03-06 04:00:00,2.8,49.5,66.4,23.6,26.2,23.5,0.0
2022-03-06 05:00:00,2.1,50.0,65.0,23.3,25.8,23.2,0.0
2022-03-06 06:00:00,1.7,48.3,84.0,42.8,44.5,27.8,158.0
2022-03-06 07:00:00,1.6,48.6,85.4,44.7,48.9,39.6,459.0
2022-03-06 08:00:00,1.4,48.7,82.9,44.1,48.3,39.1,332.0
2022-03-06 09:00:00,1.3,48.7,83.3,44.4,48.3,39.3,330.0
2022-03-06 10:00:00,1.6,48.4,83.8,44.4,48.4,39.3,329.0
2022-03-06 11:00:00,2.2,47.8,82.5,44.2,48.3,39.3,327.0
2022-03-06 12:00:00,2.8,47.2,82.5,42.8,47.1,38.5,298.0
2022-03-06 13:00:00,2.7,49.6,83.8,46.4,50.2,40.5,361.0
2022-03-06 14:00:00,3.1,49.2,81.3,45.1,48.9,39.9,330.0
2022-03-06 15:00:00,2.9,49.4,83.6,46.2,50.0,40.1,339.0
2022-03-06 16:00:00,2.7,49.6,83.6,46.4,50.2,40.5,353.0
2022-03-06 17:00:00,2.4,49.8,84.2,45.5,49.6,40.2,335.0
2022-03-06 18:00:00,2.7,49.6,84.3,45.4,49.5,40.1,335.0
2022-03-06 19:00:00,2.3,49.8,84.3,45.5,49.6,40.2,334.0
2022-03-06 20:00:00,2.3,49.8,84.3,45.4,49.6,40.2,334.0
2022-03-06 21:00:00,2.0,50.0,83.8,45.5,49.6,40.3,333.0
2022-03-06 22:00:00,2.0,50.1,84.2,45.6,49.7,40.4,334.0
2022-03-06 23:00:00,1.6,50.3,79.9,34.2,33.6,30.9,0.0
2022-03-07 00:00:00,1.6,50.3,77.2,28.2,29.6,26.9,0.0
2022-03-07 01:00:00,1.6,50.3,74.9,25.9,27.9,25.1,0.0
2022-03-07 02:00:00,1.7,50.3,72.6,24.9,27.2,24.4,0.0
2022-03-07 03:00:00,1.5,50.4,70.7,24.3,26.7,24.0,0.0
2022-03-07 04:00:00,0.9,50.8,69.4,23.8,26.4,23.6,0.0
2022-03-07 05:00:00,0.5,51.1,67.9,23.5,28.7,23.5,0.0
2022-03-07 06:00:00,0.4,51.2,29.5,29.3,31.7,24.2,0.0
2022-03-07 07:00:00,0.7,49.3,86.3,44.3,49.6,41.2,416.0
2022-03-07 08:00:00,0.8,49.4,86.8,47.0,50.3,37.8,328.0
2022-03-07 09:00:00,1.7,48.3,85.9,44.5,48.8,39.6,368.0
2022-03-07 10:00:00,2.1,47.9,84.2,43.7,47.8,38.9,321.0
2022-03-07 11:00:00,2.6,47.4,84.1,43.6,47.9,38.8,57.0
2022-03-07 12:00:00,3.9,47.8,83.2,43.3,47.4,38.3,569.0
2022-03-07 13:00:00,4.1,47.8,81.1,43.4,47.3,38.7,315.0
2022-03-07 14:00:00,3.7,48.8,81.3,45.5,49.1,39.6,339.0
2022-03-07 15:00:00,4.1,48.6,83.7,44.7,48.8,39.6,332.0
2022-03-07 16:00:00,3.6,48.9,82.7,44.6,48.5,39.5,323.0
2022-03-07 17:00:00,3.3,49.1,84.2,44.9,48.8,39.7,330.0
2022-03-07 18:00:00,3.1,49.3,84.1,44.9,48.9,39.8,328.0
2022-03-07 19:00:00,2.2,49.9,84.9,46.6,50.4,40.5,354.0
2022-03-07 20:00:00,2.2,49.9,82.7,45.2,49.1,40.2,338.0
2022-03-07 21:00:00,2.1,50.1,84.2,46.7,50.4,40.7,358.0
2022-03-07 22:00:00,2.0,50.1,85.1,47.0,50.9,41.0,358.0
2022-03-07 23:00:00,1.6,50.3,73.8,36.8,33.5,31.1,35.0
2022-03-08 00:00:00,1.4,50.5,77.0,28.1,29.4,26.7,0.0
2022-03-08 01:00:00,1.1,50.7,76.1,25.8,28.1,25.3,0.0
2022-03-08 02:00:00,0.3,51.2,73.3,24.8,27.3,24.5,0.0
2022-03-08 03:00:00,0.0,51.5,71.5,24.0,26.7,23.9,0.0
2022-03-08 04:00:00,-0.1,51.6,69.9,23.4,26.0,23.5,0.0
2022-03-08 05:00:00,-0.6,51.9,68.5,23.0,25.7,23.1,0.0
2022-03-08 06:00:00,-0.8,52.1,67.1,22.6,25.5,22.7,0.0
2022-03-08 07:00:00,-0.3,51.7,67.4,43.0,44.8,35.1,406.0
2022-03-08 08:00:00,0.1,51.4,77.8,50.5,52.0,40.1,425.0
2022-03-08 09:00:00,1.3,50.5,87.1,46.8,51.0,40.8,395.0
2022-03-08 10:00:00,1.5,50.4,86.1,46.6,50.6,40.6,376.0
2022-03-08 11:00:00,2.0,50.1,84.8,46.3,50.2,40.4,366.0
2022-03-08 12:00:00,2.5,49.7,85.0,46.2,50.2,40.2,359.0
2022-03-08 13:00:00,2.0,50.1,85.3,45.4,49.5,40.1,350.0
2022-03-08 14:00:00,2.4,49.8,84.3,45.2,49.3,40.1,352.0
2022-03-08 15:00:00,2.5,49.7,84.4,46.3,50.1,40.2,352.0
2022-03-08 16:00:00,2.5,49.7,80.1,46.1,49.6,40.4,355.0
2022-03-08 17:00:00,1.8,50.2,84.4,47.3,50.8,40.3,346.0
2022-03-08 18:00:00,1.0,50.8,85.6,46.8,50.7,40.9,370.0
2022-03-08 19:00:00,0.2,51.3,86.8,46.8,51.1,41.0,366.0
2022-03-08 20:00:00,0.0,51.6,86.0,47.8,51.6,41.2,371.0
2022-03-08 21:00:00,0.2,51.3,86.6,47.2,51.1,41.5,377.0
2022-03-08 22:00:00,0.3,51.2,86.5,47.7,51.5,41.1,360.0
2022-03-08 23:00:00,-0.2,51.7,81.6,35.0,33.5,30.9,0.0
2022-03-09 00:00:00,-0.1,51.6,78.6,28.3,29.3,26.8,0.0
2022-03-09 01:00:00,-0.4,51.8,76.7,25.5,27.7,25.0,0.0
2022-03-09 02:00:00,-0.3,51.7,74.6,24.3,27.1,24.3,0.0
2022-03-09 03:00:00,-0.1,51.6,72.6,23.8,26.6,23.8,0.0
2022-03-09 04:00:00,-0.2,51.7,71.0,23.4,26.1,23.4,0.0
2022-03-09 05:00:00,-0.1,51.6,23.4,23.5,25.6,23.3,0.0
2022-03-09 06:00:00,0.0,52.0,77.7,42.5,44.7,32.1,246.0
2022-03-09 07:00:00,0.7,51.6,85.7,51.1,53.8,42.2,524.0
2022-03-09 08:00:00,1.1,51.3,87.0,46.9,50.9,40.8,370.0
2022-03-09 09:00:00,1.7,50.9,86.8,47.7,51.6,41.0,382.0
2022-03-09 10:00:00,1.8,50.9,86.7,47.8,51.1,41.0,40.0
2022-03-09 11:00:00,3.7,49.7,84.3,47.8,51.0,40.0,334.0
2022-03-09 12:00:00,3.6,50.2,84.3,47.2,50.8,40.6,379.0
2022-03-09 13:00:00,3.7,50.1,83.4,47.2,50.8,40.7,374.0
2022-03-09 14:00:00,3.3,50.4,81.6,46.5,50.1,40.5,361.0
2022-03-09 15:00:00,3.1,50.5,83.8,46.8,50.5,40.6,364.0
2022-03-09 16:00:00,2.7,50.7,84.2,47.0,50.8,40.8,366.0
2022-03-09 17:00:00,1.8,51.2,84.4,47.1,50.9,40.9,367.0
2022-03-09 18:00:00,1.5,51.4,85.6,47.4,51.3,41.1,186.0
2022-03-09 19:00:00,1.55,51.37,85.63,47.31,51.22,41.07,229.4
2022-03-09 20:00:00,1.59,51.35,85.67,47.23,51.14,41.05,229.4
2022-03-09 21:00:00,1.64,51.32,85.7,47.14,51.06,41.02,229.4
2022-03-09 22:00:00,1.69,51.29,85.73,47.05,50.98,40.99,229.4
2022-03-09 23:00:00,1.73,51.27,85.77,46.97,50.9,40.97,229.4
2022-03-10 00:00:00,1.78,51.24,85.8,46.88,50.82,40.94,229.4
2022-03-10 01:00:00,1.83,51.21,85.83,46.79,50.74,40.91,229.4
2022-03-10 02:00:00,1.87,51.19,85.87,46.71,50.66,40.89,229.4
2022-03-10 03:00:00,1.92,51.16,85.9,46.62,50.58,40.86,229.4
2022-03-10 04:00:00,1.97,51.13,85.93,46.53,50.5,40.83,229.4
2022-03-10 05:00:00,2.01,51.11,85.97,46.45,50.42,40.81,229.4
2022-03-10 06:00:00,2.06,51.08,86.0,46.36,50.34,40.78,229.4
2022-03-10 07:00:00,2.11,51.05,86.03,46.27,50.26,40.75,229.4
2022-03-10 08:00:00,2.15,51.03,86.07,46.19,50.18,40.73,229.4
2022-03-10 09:00:00,2.2,51.0,86.1,46.1,50.1,40.7,229.4
2022-03-10 10:00:00,3.2,48.4,84.0,43.6,47.8,39.4,338.0
2022-03-10 11:00:00,5.3,46.8,81.1,42.1,46.4,38.1,287.0
2022-03-10 12:00:00,5.8,46.6,79.4,42.5,46.6,37.9,294.0
2022-03-10 13:00:00,5.4,46.8,75.5,42.9,46.2,37.7,292.0
2022-03-10 14:00:00,5.1,46.9,75.8,43.2,46.6,38.1,302.0
2022-03-10 15:00:00,4.9,47.0,77.6,43.8,47.3,38.4,312.0
2022-03-10 16:00:00,4.0,47.8,76.0,43.8,47.2,38.7,311.0
2022-03-10 17:00:00,3.0,48.6,73.7,45.5,48.3,38.9,317.0
2022-03-10 18:00:00,2.0,49.4,83.7,46.4,50.2,40.4,364.0
2022-03-10 19:00:00,1.7,49.6,85.1,45.8,49.8,40.2,342.0
2022-03-10 20:00:00,1.5,49.8,85.2,46.0,50.0,40.4,353.0
2022-03-10 21:00:00,1.2,50.1,84.7,45.5,49.4,40.2,340.0
2022-03-10 22:00:00,1.2,50.0,84.4,44.7,42.7,40.1,320.0
2022-03-10 23:00:00,0.9,50.2,80.6,32.5,32.9,30.1,0.0
2022-03-11 00:00:00,0.6,50.5,78.1,27.6,29.2,26.5,0.0
2022-03-11 01:00:00,0.8,50.3,75.6,25.4,27.5,24.9,0.0
2022-03-11 02:00:00,0.7,50.4,72.8,24.5,27.0,24.2,0.0
2022-03-11 03:00:00,0.2,50.8,71.7,24.0,26.6,23.8,0.0
2022-03-11 04:00:00,-0.4,51.4,70.4,23.5,26.1,23.5,0.0
2022-03-11 05:00:00,-0.8,51.7,23.0,22.9,25.1,22.7,0.0
2022-03-11 06:00:00,-1.3,52.2,73.8,43.9,46.4,34.8,366.0
2022-03-11 07:00:00,-1.1,51.9,86.2,52.9,55.1,42.0,512.0
2022-03-11 08:00:00,2.1,49.3,87.4,45.7,49.9,40.4,361.0
2022-03-11 09:00:00,0.6,50.5,85.3,46.1,50.0,40.0,356.0
2022-03-11 10:00:00,1.9,49.4,85.6,46.3,50.3,40.2,369.0
2022-03-11 11:00:00,2.1,49.3,83.4,45.6,49.5,39.7,341.0
2022-03-11 12:00:00,3.0,48.6,82.2,45.5,49.3,39.8,348.0
2022-03-11 13:00:00,3.3,50.0,81.3,45.0,48.9,38.9,320.0
2022-03-11 14:00:00,2.9,50.2,82.1,47.4,50.8,40.7,390.0
2022-03-11 15:00:00,3.3,50.0,82.3,47.0,50.6,40.8,371.0
2022-03-11 16:00:00,2.7,50.3,77.4,46.4,49.8,40.1,348.0
2022-03-11 17:00:00,2.1,50.7,78.3,46.6,49.8,40.7,371.0
2022-03-11 18:00:00,1.3,51.2,85.3,48.0,51.6,41.5,386.0
2022-03-11 19:00:00,0.8,51.5,87.6,48.1,52.0,41.5,378.0
2022-03-11 20:00:00,-0.1,52.1,86.0,48.0,51.8,41.6,381.0
2022-03-11 21:00:00,-1.2,52.7,86.6,49.1,52.7,41.8,388.0
2022-03-11 22:00:00,-0.8,52.5,87.4,49.2,52.9,42.6,412.0
2022-03-11 23:00:00,-1.3,52.8,83.8,36.2,35.3,32.6,77.0
2022-03-12 00:00:00,-2.1,53.3,81.1,28.8,30.4,27.6,0.0
2022-03-12 01:00:00,-2.7,53.6,50.2,50.4,42.3,38.9,371.0
2022-03-12 02:00:00,-2.6,53.6,91.2,47.4,50.0,33.1,144.0
2022-03-12 03:00:00,-2.9,53.7,84.4,31.6,31.4,28.8,0.0
2022-03-12 04:00:00,-2.5,53.5,81.8,26.6,28.2,25.5,0.0
2022-03-12 05:00:00,-2.5,53.5,80.0,24.3,26.8,24.1,0.0
2022-03-12 06:00:00,-2.7,53.6,89.1,47.8,49.9,33.1,293.0
2022-03-12 07:00:00,-1.7,53.0,89.8,49.4,53.4,42.7,531.0
2022-03-12 08:00:00,0.8,51.5,88.3,48.3,52.2,41.6,400.0
2022-03-12 09:00:00,2.5,50.6,86.3,45.9,49.9,40.4,359.0
2022-03-12 10:00:00,2.0,50.8,83.3,46.8,50.3,40.7,371.0
2022-03-12 11:00:00,2.7,51.1,82.8,47.4,50.9,40.8,370.0
2022-03-12 12:00:00,3.8,50.6,80.8,47.3,50.4,40.5,365.0
2022-03-12 13:00:00,4.3,50.3,79.9,47.2,50.5,40.6,359.0
2022-03-12 14:00:00,4.3,50.3,78.8,47.0,50.2,40.6,359.0
2022-03-12 15:00:00,4.4,50.3,78.6,47.0,49.9,40.5,354.0
2022-03-12 16:00:00,4.4,50.3,71.5,47.6,49.6,40.1,341.0
2022-03-12 17:00:00,3.9,50.5,73.5,48.8,50.8,40.7,362.0
2022-03-12 18:00:00,2.8,51.1,82.4,48.5,51.8,41.5,385.0
2022-03-12 19:00:00,1.7,51.6,84.2,48.5,52.0,41.7,378.0
2022-03-12 20:00:00,0.6,52.2,86.1,49.2,52.7,42.2,395.0
2022-03-12 21:00:00,-0.1,52.6,86.0,48.7,52.3,42.1,383.0
2022-03-12 22:00:00,-0.5,45.3,86.9,46.3,50.5,42.0,376.0
2022-03-12 23:00:00,-1.3,45.8,86.4,40.8,40.1,37.2,198.0
2022-03-13 00:00:00,-2.0,46.2,83.9,31.5,32.3,29.5,0.0
2022-03-13 01:00:00,-2.7,46.6,81.9,27.2,29.2,26.4,0.0
2022-03-13 02:00:00,-3.2,46.9,78.3,25.2,28.0,25.0,0.0
2022-03-13 03:00:00,-3.9,47.4,75.2,24.3,27.2,24.4,0.0
2022-03-13 04:00:00,-4.4,52.4,73.3,45.7,47.3,35.7,352.0
2022-03-13 05:00:00,-4.7,52.7,92.5,49.7,53.7,42.0,474.0
2022-03-13 06:00:00,-5.0,53.0,93.9,49.1,53.4,42.5,417.0
2022-03-13 07:00:00,-3.9,52.0,92.3,47.8,52.1,41.9,397.0
2022-03-13 08:00:00,-0.9,48.6,91.1,44.3,49.1,40.5,348.0
2022-03-13 09:00:00,1.1,46.4,89.4,42.2,47.0,38.7,293.0
2022-03-13 10:00:00,2.6,44.6,86.3,40.4,45.1,37.4,271.0
2022-03-13 11:00:00,4.0,43.1,84.7,38.3,43.2,35.9,231.0
2022-03-13 12:00:00,5.5,41.9,82.4,37.5,42.2,35.2,221.0
2022-03-13 13:00:00,6.9,41.7,79.1,36.8,41.2,34.6,210.0
2022-03-13 14:00:00,7.4,45.4,77.7,37.0,41.5,34.3,199.0
2022-03-13 15:00:00,7.1,45.6,78.3,42.2,46.2,37.8,332.0
2022-03-13 16:00:00,6.9,45.7,78.0,42.0,46.0,37.6,275.0
2022-03-13 17:00:00,6.3,46.1,78.8,42.2,46.1,37.8,290.0
2022-03-13 18:00:00,5.2,46.8,80.7,42.6,46.7,38.1,291.0
2022-03-13 19:00:00,3.8,48.6,84.6,45.0,48.6,39.5,337.0
2022-03-13 20:00:00,2.8,49.1,85.7,44.8,49.1,39.8,326.0
2022-03-13 21:00:00,2.0,49.4,86.1,45.0,49.3,40.0,333.0
2022-03-13 22:00:00,1.0,50.0,86.2,44.4,42.5,39.9,310.0
2022-03-13 23:00:00,0.6,50.2,82.1,32.5,32.8,30.1,0.0
2022-03-14 00:00:00,-0.6,50.8,79.6,27.6,29.3,26.6,0.0
2022-03-14 01:00:00,-2.0,51.5,77.1,25.2,27.8,25.0,0.0
2022-03-14 02:00:00,-2.3,51.7,74.7,24.2,27.0,24.2,0.0
2022-03-14 03:00:00,-2.9,52.0,72.8,23.7,26.5,23.8,0.0
2022-03-14 04:00:00,-3.1,52.1,23.6,23.7,25.8,23.5,0.0
2022-03-14 05:00:00,-3.7,52.4,30.2,26.6,28.7,25.4,0.0
2022-03-14 06:00:00,-4.2,52.6,88.4,50.7,53.7,40.9,548.0
2022-03-14 07:00:00,-2.0,52.1,90.0,48.5,52.6,42.2,441.0
2022-03-14 08:00:00,1.8,51.2,88.0,47.0,51.1,40.8,370.0
2022-03-14 09:00:00,4.1,50.3,85.1,46.6,50.4,40.6,371.0
2022-03-14 10:00:00,5.5,49.5,81.6,45.9,49.6,40.2,352.0
2022-03-14 11:00:00,6.9,48.1,78.8,45.1,48.6,39.6,331.0
2022-03-14 12:00:00,8.1,46.9,75.5,44.0,47.2,38.8,307.0
2022-03-14 13:00:00,9.0,46.0,74.0,43.3,46.6,38.3,293.0
2022-03-14 14:00:00,9.1,45.9,71.4,42.5,45.7,37.7,276.0
2022-03-14 15:00:00,9.2,45.8,70.4,42.2,45.6,37.5,272.0
2022-03-14 16:00:00,9.2,45.8,67.8,42.7,45.6,37.5,273.0
2022-03-14 17:00:00,8.6,46.5,67.6,43.4,45.9,37.8,280.0
2022-03-14 18:00:00,7.1,47.9,69.7,45.4,47.6,38.3,302.0
2022-03-14 19:00:00,5.7,46.6,76.6,42.7,46.4,38.1,289.0
2022-03-14 20:00:00,6.0,47.2,77.9,42.4,46.5,38.1,286.0
2022-03-14 21:00:00,4.0,48.6,77.5,44.6,47.9,39.0,314.0
2022-03-14 22:00:00,2.6,49.4,81.1,45.9,49.5,40.1,340.0
2022-03-14 23:00:00,2.0,49.8,77.0,33.5,33.0,30.5,0.0
2022-03-15 00:00:00,0.6,50.7,74.2,27.9,34.4,27.4,0.0
2022-03-15 01:00:00,-0.2,51.1,72.3,25.7,27.6,25.0,0.0
2022-03-15 02:00:00,-0.8,51.5,70.0,24.3,27.0,24.3,0.0
2022-03-15 03:00:00,-1.0,51.6,68.3,23.7,26.5,23.8,0.0
2022-03-15 04:00:00,-1.4,51.9,67.1,23.3,26.2,23.5,0.0
2022-03-15 05:00:00,-1.8,52.1,65.8,23.0,25.8,23.1,0.0
2022-03-15 06:00:00,-1.5,51.9,28.6,24.7,27.1,23.7,0.0
2022-03-15 07:00:00,-0.3,50.3,78.8,47.4,49.5,37.5,458.0
2022-03-15 08:00:00,3.6,47.1,87.1,42.8,47.5,39.1,379.0
2022-03-15 09:00:00,5.5,45.7,87.2,41.3,46.1,37.7,293.0
2022-03-15 10:00:00,6.5,46.0,85.1,41.3,45.8,37.3,287.0
2022-03-15 11:00:00,8.2,44.8,78.8,40.6,44.8,37.0,274.0
2022-03-15 12:00:00,10.2,40.8,71.9,37.7,41.6,36.1,237.0
2022-03-15 13:00:00,11.3,40.6,68.5,31.2,31.2,28.6,0.0
2022-03-15 14:00:00,11.9,43.1,66.3,26.8,28.1,25.5,0.0
2022-03-15 15:00:00,12.2,43.0,64.1,25.1,36.7,24.4,0.0
2022-03-15 16:00:00,12.6,45.7,62.4,24.2,26.7,23.7,0.0
2022-03-15 17:00:00,12.2,46.0,60.8,23.6,25.8,23.3,0.0
2022-03-15 18:00:00,10.7,46.8,73.2,39.2,40.8,28.2,158.0
2022-03-15 19:00:00,10.1,47.1,78.3,44.6,47.8,38.9,427.0
2022-03-15 20:00:00,8.9,47.8,78.0,44.2,47.7,38.4,306.0
2022-03-15 21:00:00,8.2,48.2,78.1,45.1,48.5,39.3,336.0
2022-03-15 22:00:00,7.8,48.4,78.9,44.9,42.7,39.8,331.0
2022-03-15 23:00:00,6.7,49.0,74.5,33.0,32.8,30.1,0.0
2022-03-16 00:00:00,5.8,49.5,72.3,27.7,28.9,26.3,0.0
2022-03-16 01:00:00,5.3,49.8,70.4,25.6,27.4,24.8,0.0
2022-03-16 02:00:00,5.5,49.7,68.2,24.4,26.7,24.1,0.0
2022-03-16 03:00:00,5.4,49.7,66.6,23.8,30.1,23.7,0.0
2022-03-16 04:00:00,5.7,49.6,65.0,23.4,28.1,23.4,0.0
2022-03-16 05:00:00,5.8,49.5,63.6,23.1,37.0,23.2,0.0
2022-03-16 06:00:00,5.5,49.7,61.7,32.4,34.5,23.6,61.0
2022-03-16 07:00:00,5.9,49.5,81.2,46.9,50.3,40.2,532.0
2022-03-16 08:00:00,6.9,48.9,79.8,45.8,49.2,39.8,350.0
2022-03-16 09:00:00,8.0,48.3,79.0,45.6,48.9,39.5,342.0
2022-03-16 10:00:00,9.6,47.4,76.2,44.3,47.6,38.9,316.0
2022-03-16 11:00:00,12.0,46.1,55.9,42.8,36.2,34.0,167.0
2022-03-16 12:00:00,13.0,45.5,66.2,31.2,36.1,30.3,0.0
2022-03-16 13:00:00,13.3,45.4,66.3,26.6,28.3,25.4,0.0
2022-03-16 14:00:00,13.2,45.4,73.0,44.0,46.6,36.6,397.0
2022-03-16 15:00:00,11.8,46.2,72.3,42.5,45.8,37.6,292.0
2022-03-16 16:00:00,10.2,47.1,75.0,44.3,47.3,38.5,310.0
2022-03-16 17:00:00,10.1,47.1,75.7,44.1,47.5,38.9,308.0
2022-03-16 18:00:00,9.5,47.5,75.5,44.0,47.5,38.9,299.0
2022-03-16 19:00:00,8.7,47.9,77.6,44.5,48.0,39.1,305.0
2022-03-16 20:00:00,9.0,47.7,77.2,44.4,47.9,39.5,314.0
2022-03-16 21:00:00,7.9,48.3,78.0,44.2,47.9,39.2,298.0
2022-03-16 22:00:00,7.9,48.3,78.1,44.3,47.9,39.3,301.0
2022-03-16 23:00:00,7.6,48.5,70.4,39.6,34.4,32.1,0.0
2022-03-17 00:00:00,7.5,48.6,71.1,30.7,29.6,27.0,0.0
2022-03-17 01:00:00,7.3,48.7,69.9,26.4,33.0,25.9,0.0
2022-03-17 02:00:00,7.1,48.8,68.2,25.4,37.3,25.3,0.0
2022-03-17 03:00:00,7.5,48.6,65.7,24.8,32.5,24.9,0.0
2022-03-17 04:00:00,6.5,49.1,64.6,24.3,30.8,24.6,0.0
2022-03-17 05:00:00,6.5,49.1,63.3,24.0,29.2,24.3,0.0
2022-03-17 06:00:00,6.0,49.4,62.2,36.4,38.9,28.7,155.0
2022-03-17 07:00:00,5.7,48.6,77.6,48.2,50.4,37.9,384.0
2022-03-17 08:00:00,6.2,48.2,80.6,44.1,47.9,39.3,354.0
2022-03-17 09:00:00,6.4,48.0,79.6,44.8,48.2,39.2,316.0
2022-03-17 10:00:00,7.0,47.6,79.4,44.1,47.9,39.5,326.0
2022-03-17 11:00:00,6.7,47.8,77.4,44.3,47.7,38.9,301.0
2022-03-17 12:00:00,7.5,47.3,75.9,44.0,47.4,38.9,302.0
2022-03-17 13:00:00,7.1,47.6,75.6,43.9,47.2,38.8,297.0
2022-03-17 14:00:00,7.7,45.8,76.1,41.9,45.6,38.1,275.0
2022-03-17 15:00:00,6.6,46.2,74.3,42.4,45.7,37.6,260.0
2022-03-17 16:00:00,6.3,46.4,74.6,43.0,46.3,38.2,284.0
2022-03-17 17:00:00,5.5,46.7,75.6,43.3,46.8,38.4,286.0
2022-03-17 18:00:00,4.8,47.1,79.1,44.1,47.8,39.0,304.0
2022-03-17 19:00:00,4.9,47.0,79.5,43.4,47.1,38.8,290.0
2022-03-17 20:00:00,4.9,48.0,77.9,43.8,47.4,38.9,292.0
2022-03-17 21:00:00,4.7,48.1,79.1,44.3,48.0,39.2,305.0
2022-03-17 22:00:00,4.5,48.3,77.9,44.0,42.1,39.3,295.0
2022-03-17 23:00:00,3.8,48.7,75.8,33.0,33.1,30.4,0.0
2022-03-18 00:00:00,4.0,48.6,73.5,28.2,29.7,27.0,0.0
2022-03-18 01:00:00,3.2,49.0,70.4,26.2,34.1,25.8,0.0
2022-03-18 02:00:00,2.7,49.3,67.9,25.1,27.4,24.6,0.0
2022-03-18 03:00:00,2.3,49.6,66.2,24.4,26.9,24.1,0.0
2022-03-18 04:00:00,2.0,49.8,64.7,24.0,26.5,23.9,0.0
2022-03-18 05:00:00,1.7,49.9,63.5,23.7,26.1,23.5,0.0
2022-03-18 06:00:00,1.9,49.8,30.5,29.9,32.2,23.8,0.0
2022-03-18 07:00:00,3.1,47.5,85.1,45.2,49.0,39.7,492.0
2022-03-18 08:00:00,5.1,45.9,83.7,41.4,45.9,37.8,276.0
2022-03-18 09:00:00,5.7,45.6,82.4,40.8,45.1,37.2,271.0
2022-03-18 10:00:00,6.9,45.1,78.5,40.7,44.7,36.8,261.0
2022-03-18 11:00:00,7.8,45.0,75.5,40.8,44.6,36.7,257.0
2022-03-18 12:00:00,8.6,44.8,72.9,36.0,35.8,33.1,155.0
2022-03-18 13:00:00,8.7,44.7,72.2,44.3,46.2,34.2,190.0
2022-03-18 14:00:00,8.3,44.9,74.0,41.0,44.7,37.2,303.0
2022-03-18 15:00:00,7.8,45.0,74.6,40.6,44.4,36.8,252.0
2022-03-18 16:00:00,7.5,45.1,71.1,41.6,44.8,36.9,258.0
2022-03-18 17:00:00,6.3,45.5,73.4,42.4,45.7,37.4,276.0
2022-03-18 18:00:00,5.0,46.0,77.4,42.7,46.4,38.1,294.0
2022-03-18 19:00:00,4.3,46.5,81.2,42.9,47.0,38.5,296.0
2022-03-18 20:00:00,3.6,47.1,81.7,43.2,47.3,38.8,298.0
2022-03-18 21:00:00,3.4,47.2,82.3,43.5,47.7,38.9,301.0
2022-03-18 22:00:00,2.9,47.6,81.8,38.8,37.4,34.8,180.0
2022-03-18 23:00:00,2.1,48.4,73.6,32.1,33.9,30.3,0.0
2022-03-19 00:00:00,1.0,49.2,66.1,29.9,33.5,30.2,0.0
2022-03-19 01:00:00,0.0,50.0,63.4,28.9,40.1,28.3,0.0
2022-03-19 02:00:00,-0.8,50.7,59.4,26.5,47.7,26.4,0.0
2022-03-19 03:00:00,-1.8,51.5,54.7,25.3,48.5,25.9,0.0
2022-03-19 04:00:00,-2.6,52.1,52.7,23.7,24.9,22.2,0.0
2022-03-19 05:00:00,-3.3,52.7,47.2,22.3,24.9,22.4,0.0
2022-03-19 06:00:00,-3.6,52.9,55.8,32.0,33.1,22.4,38.0
2022-03-19 07:00:00,-1.4,48.6,89.8,45.5,49.8,39.8,522.0
2022-03-19 08:00:00,2.1,47.1,88.2,41.7,46.5,38.1,309.0
2022-03-19 09:00:00,3.9,46.4,86.5,41.8,46.4,37.8,302.0
2022-03-19 10:00:00,5.6,45.8,84.6,41.5,46.1,37.6,292.0
2022-03-19 11:00:00,7.8,45.0,81.0,40.9,45.3,37.1,286.0
2022-03-19 12:00:00,8.0,45.0,78.2,40.3,44.4,36.6,266.0
2022-03-19 13:00:00,7.9,45.0,76.3,39.9,39.0,36.3,240.0
2022-03-19 14:00:00,7.8,45.0,73.4,30.6,36.2,28.8,0.0
2022-03-19 15:00:00,7.7,45.1,70.9,26.6,28.3,27.3,0.0
2022-03-19 16:00:00,7.3,45.2,68.9,24.9,26.9,24.4,0.0
2022-03-19 17:00:00,6.0,45.6,66.9,24.1,26.4,23.7,0.0
2022-03-19 18:00:00,4.4,46.2,80.8,44.7,47.9,36.9,402.0
2022-03-19 19:00:00,3.3,46.6,82.7,42.7,47.0,38.1,320.0
2022-03-19 20:00:00,2.8,46.8,83.1,43.1,47.3,38.3,314.0
2022-03-19 21:00:00,2.4,48.0,84.1,43.5,47.7,38.7,319.0
2022-03-19 22:00:00,2.1,48.3,84.3,43.2,41.8,38.7,311.0
2022-03-19 23:00:00,1.4,48.8,78.1,33.3,32.0,29.4,0.0
2022-03-20 00:00:00,0.5,49.6,77.4,26.7,28.7,25.9,0.0
2022-03-20 01:00:00,0.5,49.6,75.3,24.9,33.4,25.2,0.0
2022-03-20 02:00:00,0.2,49.8,72.9,24.0,27.2,23.9,0.0
2022-03-20 03:00:00,0.0,50.0,71.7,23.5,26.3,23.5,0.0
2022-03-20 04:00:00,-0.5,50.4,70.2,23.0,25.8,23.1,0.0
2022-03-20 05:00:00,-0.5,50.4,68.8,22.6,25.5,22.7,0.0
2022-03-20 06:00:00,-1.4,51.2,73.7,41.0,42.7,29.6,220.0
2022-03-20 07:00:00,1.1,49.1,90.8,45.1,49.8,40.8,489.0
2022-03-20 08:00:00,4.6,51.1,87.1,47.7,51.4,40.1,361.0
2022-03-20 09:00:00,4.6,51.1,83.8,47.5,51.1,41.0,406.0
2022-03-20 10:00:00,5.0,51.0,82.9,47.1,50.6,40.7,369.0
2022-03-20 11:00:00,6.1,49.9,81.1,46.4,49.9,40.3,363.0
2022-03-20 12:00:00,7.2,49.0,79.7,45.9,49.4,39.8,348.0
2022-03-20 13:00:00,7.8,46.4,77.3,43.6,47.0,39.5,328.0
2022-03-20 14:00:00,8.0,46.3,72.3,42.5,45.7,37.3,258.0
2022-03-20 15:00:00,8.2,46.2,72.9,43.2,46.4,38.0,296.0
2022-03-20 16:00:00,8.1,45.6,70.7,42.9,45.9,37.8,288.0
2022-03-20 17:00:00,6.8,46.2,71.2,42.7,45.8,37.6,281.0
2022-03-20 18:00:00,5.5,46.7,76.6,43.7,47.2,38.1,297.0
2022-03-20 19:00:00,4.9,48.0,79.6,44.2,48.0,39.0,325.0
2022-03-20 20:00:00,4.6,48.2,82.2,44.8,48.7,39.5,326.0
2022-03-20 21:00:00,3.6,48.8,83.0,45.1,48.9,39.7,329.0
2022-03-20 22:00:00,3.1,49.1,82.6,44.8,42.8,40.0,327.0
2022-03-20 23:00:00,2.0,49.8,78.6,33.1,33.1,30.4,0.0
2022-03-21 00:00:00,2.0,49.8,76.5,27.9,29.3,26.7,0.0
2022-03-21 01:00:00,0.6,50.6,74.3,25.7,27.7,25.1,0.0
2022-03-21 02:00:00,-0.6,51.4,72.0,24.3,27.0,24.3,0.0
2022-03-21 03:00:00,-1.1,51.7,70.3,23.9,26.7,23.8,0.0
2022-03-21 04:00:00,-1.2,51.7,68.9,23.4,26.1,23.5,0.0
2022-03-21 05:00:00,-2.1,52.3,24.9,30.2,27.0,23.9,38.0
2022-03-21 06:00:00,-2.6,52.6,35.6,28.5,30.5,26.4,0.0
2022-03-21 07:00:00,0.0,51.0,85.9,49.9,52.8,41.1,554.0
2022-03-21 08:00:00,4.0,47.7,90.1,43.4,48.3,39.5,333.0
2022-03-21 09:00:00,6.3,46.7,87.7,41.7,46.4,38.1,295.0
2022-03-21 10:00:00,7.2,46.1,81.1,41.8,46.0,37.6,285.0
2022-03-21 11:00:00,8.0,45.6,78.9,41.4,45.5,37.4,282.0
2022-03-21 12:00:00,8.3,45.4,77.8,41.1,45.0,37.2,269.0
2022-03-21 13:00:00,9.2,44.9,75.4,40.6,44.4,36.8,262.0
2022-03-21 14:00:00,9.2,44.9,74.5,40.6,44.3,36.6,255.0
2022-03-21 15:00:00,9.4,44.8,74.2,40.6,44.4,36.7,260.0
2022-03-21 16:00:00,9.1,44.9,71.2,41.1,44.6,36.6,255.0
2022-03-21 17:00:00,8.7,45.2,54.6,33.6,33.4,29.9,36.0
2022-03-21 18:00:00,7.6,45.9,59.8,40.3,41.0,32.0,223.0
2022-03-21 19:00:00,7.2,50.3,80.3,49.2,51.0,38.1,370.0
2022-03-21 20:00:00,7.1,50.4,79.3,47.7,50.6,41.0,390.0
2022-03-21 21:00:00,6.5,51.1,79.6,47.8,50.8,41.1,361.0
2022-03-21 22:00:00,5.7,52.1,76.9,36.5,35.5,32.8,97.0
2022-03-21 23:00:00,4.8,53.0,74.4,29.1,30.5,27.8,0.0
2022-03-22 00:00:00,3.4,53.1,72.5,26.3,28.5,25.7,0.0
2022-03-22 01:00:00,2.3,53.2,70.1,25.0,27.5,24.7,0.0
2022-03-22 02:00:00,1.4,53.3,68.7,24.4,27.0,24.2,0.0
2022-03-22 03:00:00,1.1,53.3,67.3,24.0,26.8,24.0,0.0
2022-03-22 04:00:00,0.3,53.4,66.6,23.7,26.8,23.8,0.0
2022-03-22 05:00:00,0.0,53.5,66.1,23.7,26.9,23.9,32.0
2022-03-22 06:00:00,-0.2,53.5,45.8,32.0,33.0,26.5,129.0
2022-03-22 07:00:00,1.3,48.7,62.2,45.3,46.4,38.3,441.0
2022-03-22 08:00:00,6.4,47.0,83.7,43.7,48.2,39.6,367.0
2022-03-22 09:00:00,8.2,45.8,81.1,41.1,45.5,37.4,269.0
2022-03-22 10:00:00,9.0,46.4,78.7,42.8,46.7,37.7,290.0
2022-03-22 11:00:00,11.3,44.4,75.3,41.0,44.8,37.5,280.0
2022-03-22 12:00:00,11.7,44.0,71.4,36.0,34.5,32.1,123.0
2022-03-22 13:00:00,12.7,43.1,69.1,28.7,36.2,27.3,0.0
2022-03-22 14:00:00,13.1,42.8,66.9,26.0,27.3,24.9,0.0
2022-03-22 15:00:00,13.3,42.6,64.8,24.7,26.4,24.0,0.0
2022-03-22 16:00:00,13.3,42.6,63.1,23.9,34.3,23.8,0.0
2022-03-22 17:00:00,12.7,45.0,72.7,43.6,46.3,37.3,438.0
2022-03-22 18:00:00,11.9,45.0,72.3,41.3,44.7,36.9,271.0
2022-03-22 19:00:00,10.7,45.9,74.6,42.4,45.9,37.1,274.0
2022-03-22 20:00:00,10.2,46.2,77.7,42.9,46.7,38.1,303.0
2022-03-22 21:00:00,9.6,46.7,77.7,42.6,46.4,38.1,287.0
2022-03-22 22:00:00,10.1,46.4,77.7,42.3,40.6,38.2,276.0
2022-03-22 23:00:00,8.3,47.6,74.1,32.3,32.1,29.6,0.0
2022-03-23 00:00:00,7.0,48.5,70.6,27.5,29.0,26.3,0.0
2022-03-23 01:00:00,6.0,49.2,69.1,25.6,27.4,24.8,0.0
2022-03-23 02:00:00,5.4,49.6,67.6,24.6,27.0,24.2,0.0
2022-03-23 03:00:00,4.6,50.2,65.7,24.1,26.4,23.9,0.0
2022-03-23 04:00:00,4.1,50.4,63.9,23.6,26.0,23.4,0.0
2022-03-23 05:00:00,3.8,50.6,59.3,37.0,38.3,28.4,161.0
2022-03-23 06:00:00,3.3,50.8,85.9,47.9,51.6,41.2,502.0
2022-03-23 07:00:00,6.0,49.2,84.5,46.2,50.1,40.7,364.0
2022-03-23 08:00:00,10.4,46.1,81.0,42.4,46.4,38.7,290.0
2022-03-23 09:00:00,11.4,45.4,78.5,40.8,45.0,37.2,257.0
2022-03-23 10:00:00,12.2,45.0,74.9,40.7,44.4,36.9,257.0
2022-03-23 11:00:00,12.8,45.0,70.5,34.8,33.4,31.0,86.0
2022-03-23 12:00:00,13.6,45.0,68.7,28.1,29.3,26.7,0.0
2022-03-23 13:00:00,14.0,45.0,66.6,25.9,27.6,25.0,0.0
2022-03-23 14:00:00,14.1,45.0,64.7,24.9,35.5,24.5,0.0
2022-03-23 15:00:00,14.4,45.0,62.9,24.3,26.7,24.0,0.0
2022-03-23 16:00:00,14.2,45.0,61.6,24.0,26.5,23.9,0.0
2022-03-23 17:00:00,13.8,45.0,60.5,23.8,26.3,23.6,0.0
2022-03-23 18:00:00,12.5,45.0,65.1,37.0,37.9,25.5,95.0
2022-03-23 19:00:00,11.5,45.3,74.4,42.0,45.6,37.8,412.0
2022-03-23 20:00:00,9.9,46.5,73.3,42.7,46.0,37.5,280.0
2022-03-23 21:00:00,8.5,47.5,74.8,43.9,47.2,38.6,310.0
2022-03-23 22:00:00,7.0,48.5,76.7,43.9,41.7,39.1,307.0
2022-03-23 23:00:00,6.7,48.7,73.6,32.7,32.5,29.8,0.0
2022-03-24 00:00:00,5.2,49.7,71.2,27.5,29.0,26.4,0.0
2022-03-24 01:00:00,4.6,50.1,69.1,25.5,27.6,24.9,0.0
2022-03-24 02:00:00,3.5,50.7,67.2,24.4,27.0,24.1,0.0
2022-03-24 03:00:00,2.9,51.0,65.6,24.0,26.6,23.8,0.0
2022-03-24 04:00:00,1.9,51.5,64.3,23.6,26.2,23.5,0.0
2022-03-24 05:00:00,1.9,51.5,63.0,23.3,25.9,23.3,0.0
2022-03-24 06:00:00,1.4,51.8,31.4,25.7,27.6,23.8,0.0
2022-03-24 07:00:00,3.6,46.9,85.7,51.3,53.0,38.4,485.0
2022-03-24 08:00:00,7.3,45.3,84.0,40.0,44.7,36.8,265.0
2022-03-24 09:00:00,9.6,45.3,81.0,40.5,44.9,36.9,272.0
2022-03-24 10:00:00,11.6,44.2,78.3,40.3,44.6,36.8,264.0
2022-03-24 11:00:00,13.4,44.0,68.8,39.3,38.0,35.7,212.0
2022-03-24 12:00:00,15.1,44.0,35.4,38.5,35.7,30.7,0.0
2022-03-24 13:00:00,15.8,44.0,34.6,30.9,31.8,29.3,0.0
2022-03-24 14:00:00,16.4,44.0,34.3,28.8,32.1,27.2,0.0
2022-03-24 15:00:00,16.6,44.0,35.7,24.9,34.4,25.2,0.0
2022-03-24 16:00:00,16.6,44.0,55.5,25.9,28.7,25.3,44.0
2022-03-24 17:00:00,16.2,44.0,57.4,25.2,27.7,25.0,0.0
2022-03-24 18:00:00,14.6,44.0,59.4,24.5,27.1,24.4,0.0
2022-03-24 19:00:00,12.1,44.0,59.0,24.1,30.7,24.2,0.0
2022-03-24 20:00:00,10.6,48.4,75.3,47.5,49.2,37.4,427.0
2022-03-24 21:00:00,8.8,48.9,75.6,41.6,41.1,38.8,312.0
2022-03-24 22:00:00,8.5,48.9,72.6,31.6,31.7,29.1,0.0
2022-03-24 23:00:00,7.3,49.3,70.7,26.7,28.6,26.0,0.0
2022-03-25 00:00:00,6.7,49.5,68.6,25.1,27.3,24.7,0.0
2022-03-25 01:00:00,4.7,50.0,66.3,24.2,26.8,24.1,0.0
2022-03-25 02:00:00,4.7,50.0,65.3,23.8,26.5,23.8,0.0
2022-03-25 03:00:00,4.0,50.3,64.2,23.6,26.3,23.6,0.0
2022-03-25 04:00:00,2.7,50.6,63.1,23.4,26.1,23.4,0.0
2022-03-25 05:00:00,2.2,50.8,62.1,23.2,25.9,23.2,0.0
2022-03-25 06:00:00,2.5,50.7,82.1,43.0,44.8,28.7,186.0
2022-03-25 07:00:00,4.5,50.1,73.9,48.3,50.5,40.1,492.0
2022-03-25 08:00:00,8.8,48.9,84.4,45.5,49.4,40.1,367.0
2022-03-25 09:00:00,12.2,48.0,79.6,44.1,47.8,39.2,317.0
2022-03-25 10:00:00,12.5,48.0,59.9,44.1,45.9,39.4,316.0
2022-03-25 11:00:00,13.5,48.0,70.7,36.6,34.7,32.3,108.0
2022-03-25 12:00:00,14.2,48.0,68.2,29.2,29.6,27.2,0.0
2022-03-25 13:00:00,14.5,48.0,66.0,26.3,27.6,25.2,0.0
2022-03-25 14:00:00,14.8,48.0,64.2,25.1,26.8,24.3,0.0
2022-03-25 15:00:00,14.9,48.0,62.5,24.3,26.4,23.9,0.0
2022-03-25 16:00:00,14.8,48.0,60.8,24.1,35.0,23.8,0.0
2022-03-25 17:00:00,14.3,48.0,59.5,23.9,26.1,23.5,0.0
2022-03-25 18:00:00,13.2,45.0,55.3,35.6,35.0,24.2,68.0
2022-03-25 19:00:00,11.8,45.1,46.0,37.2,38.6,33.4,305.0
2022-03-25 20:00:00,10.4,48.0,76.3,47.3,49.0,36.6,280.0
2022-03-25 21:00:00,9.2,49.0,77.3,46.3,49.4,39.8,371.0
2022-03-25 22:00:00,8.9,49.2,77.4,44.4,42.3,39.8,315.0
2022-03-25 23:00:00,8.0,50.0,74.3,32.8,32.5,29.9,0.0
2022-03-26 00:00:00,6.9,50.9,71.9,27.5,29.1,26.4,0.0
2022-03-26 01:00:00,6.1,51.5,69.7,25.6,27.5,24.9,0.0
2022-03-26 02:00:00,5.4,52.1,67.6,24.5,26.9,24.4,0.0
2022-03-26 03:00:00,4.8,52.5,65.9,23.9,26.6,23.9,0.0
2022-03-26 04:00:00,3.8,52.5,64.5,23.6,26.2,23.6,0.0
2022-03-26 05:00:00,3.6,52.5,63.5,23.3,26.0,23.3,0.0
2022-03-26 06:00:00,3.7,48.5,84.6,47.2,49.0,34.1,344.0
2022-03-26 07:00:00,5.7,47.3,84.1,43.6,47.8,39.2,391.0
2022-03-26 08:00:00,8.9,44.5,81.0,40.8,45.1,37.5,269.0
2022-03-26 09:00:00,11.4,42.3,80.0,38.5,42.9,36.0,229.0
2022-03-26 10:00:00,12.7,44.5,74.2,40.4,39.3,36.8,256.0
2022-03-26 11:00:00,14.2,44.0,71.2,31.4,31.4,28.8,0.0
2022-03-26 12:00:00,15.1,44.0,68.7,27.3,28.6,26.0,0.0
2022-03-26 13:00:00,15.4,44.0,66.6,25.6,27.3,24.7,0.0
2022-03-26 14:00:00,15.9,44.0,65.0,24.7,26.9,24.3,0.0
2022-03-26 15:00:00,16.1,44.0,63.3,24.2,27.7,24.2,0.0
2022-03-26 16:00:00,16.0,44.0,61.9,24.1,26.7,24.3,0.0
2022-03-26 17:00:00,15.6,44.0,60.6,23.9,26.2,23.8,0.0
2022-03-26 18:00:00,14.4,44.0,59.4,23.8,31.7,23.5,0.0
2022-03-26 19:00:00,12.0,45.6,73.5,43.8,46.8,37.9,450.0
2022-03-26 20:00:00,11.4,45.8,74.1,42.1,45.7,37.5,279.0
2022-03-26 21:00:00,10.1,46.3,75.1,42.4,46.0,37.7,281.0
2022-03-26 22:00:00,9.0,46.6,76.7,42.3,40.7,38.1,279.0
2022-03-26 23:00:00,7.6,47.1,73.2,32.3,32.2,29.6,0.0
2022-03-27 00:00:00,6.9,47.3,70.7,27.4,29.0,26.4,0.0
2022-03-27 01:00:00,5.8,47.7,68.5,25.6,27.7,25.0,0.0
2022-03-27 02:00:00,5.5,47.8,67.7,25.15,27.4,24.7,0.0
2022-03-27 03:00:00,5.2,47.9,66.9,24.7,27.1,24.4,0.0
2022-03-27 04:00:00,4.9,48.0,65.3,24.2,26.7,24.1,0.0
2022-03-27 05:00:00,4.4,48.2,64.1,23.8,26.5,23.8,0.0
2022-03-27 06:00:00,3.7,48.5,68.7,37.7,39.2,25.9,111.0
2022-03-27 07:00:00,3.3,48.6,83.4,44.9,48.9,39.8,490.0
2022-03-27 08:00:00,5.8,47.7,82.9,43.9,48.0,39.0,319.0
2022-03-27 09:00:00,9.5,46.5,79.1,42.9,46.7,38.6,300.0
2022-03-27 10:00:00,12.1,45.6,76.4,42.0,45.8,37.9,276.0
2022-03-27 11:00:00,13.9,45.0,71.7,40.1,39.2,36.8,225.0
2022-03-27 12:00:00,15.1,45.0,68.5,31.5,31.4,28.9,0.0
2022-03-27 13:00:00,16.1,45.0,65.8,27.3,28.7,26.2,0.0
2022-03-27 14:00:00,17.0,45.0,64.7,25.9,34.4,25.3,0.0
2022-03-27 15:00:00,17.5,45.0,63.6,25.1,27.0,24.6,0.0
2022-03-27 16:00:00,17.7,45.0,61.5,24.5,27.0,24.3,0.0
2022-03-27 17:00:00,17.5,45.0,60.1,24.3,28.6,24.7,0.0
2022-03-27 18:00:00,16.9,45.0,59.1,24.2,26.4,24.0,0.0
2022-03-27 19:00:00,15.4,45.0,57.5,24.1,26.2,23.7,0.0
2022-03-27 20:00:00,13.8,45.0,65.5,41.2,43.8,33.4,261.0
2022-03-27 21:00:00,11.8,45.7,72.9,41.1,40.0,37.5,312.0
2022-03-27 22:00:00,11.8,45.7,70.1,31.3,31.5,29.0,0.0
2022-03-27 23:00:00,10.6,46.1,68.2,26.8,28.8,26.1,0.0
2022-03-28 00:00:00,9.4,46.5,66.2,25.4,27.7,25.1,0.0
2022-03-28 01:00:00,8.4,46.8,64.1,24.7,27.1,24.4,0.0
2022-03-28 02:00:00,7.5,47.1,63.0,24.2,26.8,24.2,0.0
2022-03-28 03:00:00,6.9,47.3,61.9,24.0,26.6,24.0,0.0
2022-03-28 04:00:00,5.7,47.7,61.0,23.8,26.5,23.8,0.0
2022-03-28 05:00:00,5.4,47.8,60.1,23.7,26.7,23.8,0.0
2022-03-28 06:00:00,4.6,48.1,64.7,37.1,37.8,24.7,80.0
2022-03-28 07:00:00,4.8,48.0,64.7,46.1,48.2,39.8,468.0
2022-03-28 08:00:00,7.1,48.0,81.6,44.9,48.7,40.0,353.0
2022-03-28 09:00:00,11.1,46.2,80.0,42.7,46.7,38.6,295.0
2022-03-28 10:00:00,12.9,45.4,78.9,42.1,46.1,38.0,275.0
2022-03-28 11:00:00,13.9,45.0,74.5,34.3,33.6,31.0,67.0
2022-03-28 12:00:00,15.6,45.0,71.9,28.4,29.6,27.1,0.0
2022-03-28 13:00:00,16.6,45.0,69.9,26.3,28.1,25.5,0.0
2022-03-28 14:00:00,17.5,45.0,67.7,25.2,27.4,24.8,0.0
2022-03-28 15:00:00,17.7,45.0,65.8,24.7,27.2,24.6,0.0
2022-03-28 16:00:00,17.9,45.0,64.2,24.5,27.1,24.5,0.0
2022-03-28 17:00:00,17.5,45.0,62.6,24.3,26.8,24.3,0.0
2022-03-28 18:00:00,16.9,45.0,61.1,24.1,36.4,24.1,0.0
2022-03-28 19:00:00,14.8,44.0,71.4,43.2,45.1,34.0,273.0
2022-03-28 20:00:00,13.2,44.4,73.1,41.2,44.8,37.4,289.0
2022-03-28 21:00:00,11.7,45.2,71.7,41.4,44.7,36.9,251.0
2022-03-28 22:00:00,12.2,45.0,72.0,40.1,39.1,36.7,229.0
2022-03-28 23:00:00,11.9,45.1,68.8,31.3,31.4,29.0,0.0
2022-03-29 00:00:00,11.8,45.2,66.6,27.5,28.7,26.2,0.0
2022-03-29 01:00:00,10.4,46.0,63.8,26.2,27.4,25.0,0.0
2022-03-29 02:00:00,10.4,46.0,62.2,24.9,27.0,24.5,0.0
2022-03-29 03:00:00,10.1,46.1,60.7,24.5,26.7,24.2,0.0
2022-03-29 04:00:00,9.8,46.3,60.2,24.0,26.5,23.9,0.0
2022-03-29 05:00:00,9.5,46.5,64.8,37.3,38.7,26.3,104.0
2022-03-29 06:00:00,9.3,46.6,74.3,43.1,46.3,38.8,424.0
2022-03-29 07:00:00,9.9,46.2,78.5,43.1,46.9,38.5,294.0
2022-03-29 08:00:00,12.7,44.7,75.6,41.6,45.3,37.9,269.0
2022-03-29 09:00:00,14.9,44.0,72.7,40.0,43.7,36.6,228.0
2022-03-29 10:00:00,16.1,44.0,69.6,35.6,34.8,32.5,119.0
2022-03-29 11:00:00,17.9,44.0,67.2,29.3,30.2,27.7,0.0
2022-03-29 12:00:00,18.4,44.0,65.4,26.8,28.3,25.9,0.0
2022-03-29 13:00:00,18.1,44.0,63.5,25.7,30.5,25.6,0.0
2022-03-29 14:00:00,18.2,44.0,61.9,25.1,27.2,24.7,0.0
2022-03-29 15:00:00,18.2,44.0,60.7,24.7,27.1,24.5,0.0
2022-03-29 16:00:00,18.0,44.0,59.6,24.6,37.0,24.5,0.0
2022-03-29 17:00:00,17.9,44.0,58.5,24.6,26.8,24.3,0.0
2022-03-29 18:00:00,17.5,44.0,57.4,24.4,34.0,24.2,0.0
2022-03-29 19:00:00,16.5,44.0,56.3,24.3,26.4,23.8,0.0
2022-03-29 20:00:00,14.2,44.0,72.0,43.5,45.1,33.2,254.0
2022-03-29 21:00:00,14.0,44.0,69.6,40.4,43.9,36.9,288.0
2022-03-29 22:00:00,12.7,44.6,70.1,40.0,38.5,36.3,213.0
2022-03-29 23:00:00,12.1,45.0,67.4,31.2,31.4,28.9,0.0
2022-03-30 00:00:00,10.9,45.7,65.4,27.4,28.7,26.3,0.0
2022-03-30 01:00:00,10.7,45.8,63.6,26.3,27.8,25.2,0.0
2022-03-30 02:00:00,10.3,46.1,62.4,25.0,27.3,24.7,0.0
2022-03-30 03:00:00,9.4,46.5,61.2,24.6,27.0,24.4,0.0
2022-03-30 04:00:00,9.0,46.7,59.6,24.2,26.7,24.1,0.0
2022-03-30 05:00:00,8.1,47.3,58.1,24.3,26.4,23.9,0.0
2022-03-30 06:00:00,7.3,47.7,45.4,29.5,30.9,23.5,0.0
2022-03-30 07:00:00,8.6,47.0,79.8,43.8,47.7,39.2,489.0
2022-03-30 08:00:00,10.7,45.7,77.6,42.4,46.3,38.3,278.0
2022-03-30 09:00:00,13.6,44.2,73.5,41.1,44.7,37.5,253.0
2022-03-30 10:00:00,16.2,44.0,63.7,37.4,33.9,31.4,83.0
2022-03-30 11:00:00,17.5,44.0,66.3,29.8,29.7,27.2,0.0
2022-03-30 12:00:00,18.2,44.0,66.2,26.4,36.2,26.0,0.0
2022-03-30 13:00:00,18.9,44.0,65.1,25.4,28.7,26.1,0.0
2022-03-30 14:00:00,19.0,44.0,62.9,25.1,27.7,25.6,0.0
2022-03-30 15:00:00,19.1,44.0,62.4,24.8,27.5,25.0,0.0
2022-03-30 16:00:00,18.5,44.0,63.0,24.6,27.2,24.6,0.0
2022-03-30 17:00:00,17.7,44.0,63.1,24.5,27.0,24.5,0.0
2022-03-30 18:00:00,17.2,44.0,62.9,24.3,27.0,24.4,0.0
2022-03-30 19:00:00,16.4,44.0,62.2,24.2,26.7,24.2,0.0
2022-03-30 20:00:00,15.6,45.0,50.4,33.0,34.3,26.6,88.0
2022-03-30 21:00:00,16.0,45.0,70.9,42.0,41.2,38.0,398.0
2022-03-30 22:00:00,15.8,45.0,68.3,32.2,32.2,29.7,0.0
2022-03-30 23:00:00,15.5,45.0,66.1,27.5,29.2,26.6,0.0
2022-03-31 00:00:00,15.2,45.0,64.2,25.7,28.2,25.4,0.0
2022-03-31 01:00:00,15.0,45.0,62.5,25.2,27.5,25.0,0.0
2022-03-31 02:00:00,14.7,45.0,60.8,24.9,27.2,24.6,0.0
2022-03-31 03:00:00,14.0,45.0,59.8,24.4,27.0,24.4,0.0
2022-03-31 04:00:00,13.3,45.3,59.0,24.2,26.8,24.2,0.0
2022-03-31 05:00:00,13.6,45.2,57.9,24.1,26.7,24.1,0.0
2022-03-31 06:00:00,14.2,45.0,59.7,35.9,35.7,24.3,44.0
2022-03-31 07:00:00,14.2,45.0,72.3,44.2,46.9,38.5,425.0
2022-03-31 08:00:00,12.9,45.5,71.9,41.8,45.1,37.1,242.0
2022-03-31 09:00:00,13.2,45.4,74.0,42.8,46.2,38.1,282.0
2022-03-31 10:00:00,14.7,46.0,72.3,42.6,45.8,37.7,257.0
2022-03-31 11:00:00,16.5,46.0,70.8,42.3,38.9,36.5,213.0
2022-03-31 12:00:00,16.2,46.0,68.1,31.8,31.6,29.2,0.0
2022-03-31 13:00:00,16.6,46.0,65.8,27.9,29.2,26.7,0.0
2022-03-31 14:00:00,16.9,46.0,63.8,26.3,28.0,25.6,0.0
2022-03-31 15:00:00,17.8,46.0,62.4,25.5,27.7,25.0,0.0
2022-03-31 16:00:00,18.0,46.0,60.7,25.0,28.9,25.0,0.0
2022-03-31 17:00:00,18.7,46.0,59.3,25.0,27.4,24.8,0.0
2022-03-31 18:00:00,17.9,46.0,58.3,24.7,27.1,24.6,0.0
2022-03-31 19:00:00,16.5,46.0,57.3,24.4,36.9,24.4,0.0
2022-03-31 20:00:00,16.2,46.0,56.5,24.4,26.7,24.2,0.0
2022-03-31 21:00:00,15.6,44.0,72.2,42.3,43.6,31.4,211.0
2022-03-31 22:00:00,15.4,44.0,71.0,39.5,39.0,36.6,275.0
2022-03-31 23:00:00,15.0,44.0,67.4,31.3,31.6,29.1,0.0
2022-11-01 06:00:00,7.5,45.0,28.7,23.1,24.5,21.0,72915.0
2022-11-01 07:00:00,7.6,46.4,80.1,45.0,47.8,37.8,484.0
2022-11-01 08:00:00,10.1,45.5,78.4,42.3,45.6,38.1,323.0
2022-11-01 09:00:00,12.5,44.5,75.3,41.5,44.8,37.5,291.0
2022-11-01 10:00:00,14.0,44.0,70.9,35.8,33.5,32.1,127.0
2022-11-01 11:00:00,15.6,44.0,68.3,30.7,51.5,30.9,0.0
2022-11-01 12:00:00,17.1,44.0,65.9,26.9,50.1,26.9,0.0
2022-11-01 13:00:00,18.2,44.0,58.3,26.6,44.6,27.4,0.0
2022-11-01 14:00:00,18.9,44.0,57.7,26.5,45.3,27.7,0.0
2022-11-01 15:00:00,19.2,44.0,52.0,26.2,42.5,27.6,0.0
2022-11-01 16:00:00,18.5,44.0,55.2,26.6,44.9,26.9,0.0
2022-11-01 17:00:00,15.6,44.0,51.7,26.4,43.7,26.5,0.0
2022-11-01 18:00:00,15.7,44.0,51.6,26.4,43.4,26.1,0.0
2022-11-01 19:00:00,14.8,44.0,50.7,26.2,43.3,25.5,0.0
2022-11-01 20:00:00,13.9,44.0,49.9,25.9,43.3,25.0,0.0
2022-11-01 21:00:00,12.7,44.4,50.0,25.6,43.9,24.4,0.0
2022-11-01 22:00:00,11.8,44.8,48.8,25.0,43.9,24.0,0.0
2022-11-01 23:00:00,11.3,45.0,47.3,24.6,42.9,23.8,0.0
2022-11-02 00:00:00,10.4,45.4,46.4,24.5,42.1,23.5,0.0
2022-11-02 01:00:00,9.2,45.8,45.4,24.2,41.5,23.4,0.0
2022-11-02 02:00:00,9.0,45.9,44.4,23.9,40.4,23.2,0.0
2022-11-02 03:00:00,8.8,45.9,43.5,23.7,39.8,23.1,0.0
2022-11-02 04:00:00,9.2,45.8,42.8,23.5,39.1,22.9,0.0
2022-11-02 05:00:00,8.6,46.1,42.0,23.2,38.5,22.7,0.0
2022-11-02 06:00:00,7.5,46.5,76.9,33.2,35.9,21.2,35.0
2022-11-02 07:00:00,8.3,46.2,79.7,43.2,46.7,38.8,530.0
2022-11-02 08:00:00,10.5,45.3,78.1,42.5,45.8,38.2,307.0
2022-11-02 09:00:00,12.6,44.5,74.4,41.8,44.9,37.8,292.0
2022-11-02 10:00:00,14.2,44.0,71.3,33.2,36.9,30.9,46.0
2022-11-02 11:00:00,15.9,44.0,67.9,30.6,51.0,30.8,0.0
2022-11-02 12:00:00,17.3,44.0,59.8,29.9,44.1,31.3,0.0
2022-11-02 13:00:00,18.6,44.0,58.2,29.4,45.7,30.8,0.0
2022-11-02 14:00:00,19.3,44.0,51.4,28.8,41.3,31.0,0.0
2022-11-02 15:00:00,19.1,44.0,55.0,28.9,44.1,29.3,0.0
2022-11-02 16:00:00,18.4,44.0,54.4,28.6,44.0,28.8,0.0
2022-11-02 17:00:00,17.3,44.0,53.3,28.0,44.4,27.2,0.0
2022-11-02 18:00:00,16.2,44.0,50.4,27.4,43.4,27.0,0.0
2022-11-02 19:00:00,15.6,44.0,50.5,27.1,43.4,26.3,0.0
2022-11-02 20:00:00,14.7,44.0,50.0,26.7,43.4,25.5,0.0
2022-11-02 21:00:00,13.7,44.1,49.2,26.1,43.2,24.9,0.0
2022-11-02 22:00:00,12.3,44.6,49.1,25.5,44.0,24.4,0.0
2022-11-02 23:00:00,11.9,44.8,48.3,24.8,44.1,23.9,0.0
2022-11-03 00:00:00,11.4,45.0,48.0,24.6,44.3,23.7,0.0
2022-11-03 01:00:00,11.1,45.1,47.7,24.5,44.9,23.5,0.0
2022-11-03 02:00:00,10.4,45.4,47.2,25.2,45.2,23.4,0.0
2022-11-03 03:00:00,10.5,45.4,46.6,26.6,45.7,23.4,0.0
2022-11-03 04:00:00,11.0,45.1,46.1,26.6,45.1,23.5,0.0
2022-11-03 05:00:00,10.9,45.2,44.1,26.0,43.4,23.3,0.0
2022-11-03 06:00:00,10.8,45.2,67.7,33.4,36.2,23.1,68.0
2022-11-03 07:00:00,10.6,45.3,74.6,42.9,45.9,38.3,464.0
2022-11-03 08:00:00,10.9,45.2,74.3,41.8,44.9,37.6,290.0
2022-11-03 09:00:00,11.2,45.0,74.0,41.6,44.8,37.5,287.0
2022-11-03 10:00:00,11.6,44.9,71.2,33.3,32.1,30.7,74.0
2022-11-03 11:00:00,12.3,44.6,68.8,27.9,37.2,26.7,0.0
2022-11-03 12:00:00,13.5,44.1,63.8,26.9,49.6,27.2,0.0
2022-11-03 13:00:00,13.0,44.3,56.1,26.6,43.3,27.5,0.0
2022-11-03 14:00:00,13.3,44.2,56.4,26.6,45.0,27.3,0.0
2022-11-03 15:00:00,13.4,44.2,56.0,26.7,44.5,27.4,0.0
2022-11-03 16:00:00,12.8,44.4,54.0,26.7,44.7,26.4,0.0
2022-11-03 17:00:00,11.7,44.8,52.7,26.4,44.7,25.6,0.0
2022-11-03 18:00:00,10.5,45.3,52.6,26.0,44.9,25.0,0.0
2022-11-03 19:00:00,11.1,45.1,51.3,25.4,44.8,24.5,0.0
2022-11-03 20:00:00,10.8,43.9,72.1,37.2,39.5,27.7,168.0
2022-11-03 21:00:00,10.9,43.8,76.3,41.0,44.5,37.3,382.0
2022-11-03 22:00:00,10.8,43.9,67.3,39.7,35.5,34.2,187.0
2022-11-03 23:00:00,10.1,44.3,67.7,30.8,45.8,30.7,0.0
2022-11-04 00:00:00,9.2,44.9,61.9,29.8,46.6,30.5,0.0
2022-11-04 01:00:00,8.2,45.5,60.5,29.3,47.6,30.3,0.0
2022-11-04 02:00:00,7.7,45.8,56.0,28.7,45.5,30.1,0.0
2022-11-04 03:00:00,7.1,46.2,57.0,28.4,46.9,27.5,0.0
2022-11-04 04:00:00,6.8,46.4,54.7,27.2,46.7,26.4,0.0
2022-11-04 05:00:00,6.3,46.7,57.9,25.4,32.2,21.9,0.0
2022-11-04 06:00:00,6.5,46.6,80.1,44.5,47.7,38.9,497.0
2022-11-04 07:00:00,6.3,46.7,80.4,43.7,47.3,38.9,332.0
2022-11-04 08:00:00,8.1,45.6,80.1,42.7,46.2,38.7,308.0
2022-11-04 09:00:00,10.1,44.3,76.2,35.5,32.9,31.4,98.0
2022-11-04 10:00:00,12.8,42.7,72.2,31.2,52.2,31.3,0.0
2022-11-04 11:00:00,15.9,42.0,63.0,30.5,44.5,31.8,0.0
2022-11-04 12:00:00,15.6,42.0,55.9,29.9,40.0,31.9,0.0
2022-11-04 13:00:00,16.3,42.0,53.8,29.4,42.3,31.5,0.0
2022-11-04 14:00:00,17.6,42.0,58.1,29.3,43.8,31.5,0.0
2022-11-04 15:00:00,18.1,42.0,50.4,28.6,40.8,31.1,0.0
2022-11-04 16:00:00,18.4,42.0,54.8,29.3,42.7,30.4,0.0
2022-11-04 17:00:00,17.0,42.0,53.0,29.2,42.2,30.1,0.0
2022-11-04 18:00:00,16.8,42.0,52.5,29.2,42.5,28.4,0.0
2022-11-04 19:00:00,16.1,42.0,49.9,28.7,41.6,27.7,0.0
2022-11-04 20:00:00,15.2,42.0,50.6,29.5,41.8,26.1,0.0
2022-11-04 21:00:00,15.7,42.0,49.7,28.7,41.5,26.5,0.0
2022-11-04 22:00:00,15.5,42.0,49.9,26.8,42.4,25.0,0.0
2022-11-04 23:00:00,15.2,42.0,47.6,25.9,41.8,24.6,0.0
2022-11-05 00:00:00,14.9,42.0,46.7,25.7,40.9,24.5,0.0
2022-11-05 01:00:00,15.1,42.0,46.9,25.5,40.8,24.1,0.0
2022-11-05 02:00:00,14.8,42.0,45.8,25.0,40.7,23.7,0.0
2022-11-05 03:00:00,14.4,42.0,44.7,24.7,39.9,23.6,0.0
2022-11-05 04:00:00,14.5,42.0,44.6,24.6,39.8,23.5,0.0
2022-11-05 05:00:00,14.7,42.0,44.4,24.4,40.1,23.3,0.0
2022-11-05 06:00:00,14.5,42.0,44.0,24.1,40.1,23.1,0.0
2022-11-05 07:00:00,14.6,42.0,43.4,24.0,40.0,23.0,0.0
2022-11-05 08:00:00,15.1,42.0,42.2,23.9,39.4,22.9,0.0
2022-11-05 09:00:00,15.8,42.0,41.0,23.9,38.4,23.0,0.0
2022-11-05 10:00:00,17.4,42.0,40.2,24.0,37.6,23.0,0.0
2022-11-05 11:00:00,17.8,42.0,39.5,23.9,36.8,23.0,0.0
2022-11-05 12:00:00,17.5,42.0,38.6,23.8,36.2,22.9,0.0
2022-11-05 13:00:00,17.9,42.0,37.6,23.8,35.5,22.8,0.0
2022-11-05 14:00:00,18.3,42.0,36.6,23.7,34.7,22.9,0.0
2022-11-05 15:00:00,18.0,42.0,35.8,23.7,34.0,22.8,0.0
2022-11-05 16:00:00,16.7,42.0,35.1,23.6,33.4,22.8,0.0
2022-11-05 17:00:00,16.7,42.0,34.4,23.5,32.8,22.8,0.0
2022-11-05 18:00:00,16.5,42.0,33.8,23.5,32.3,22.7,0.0
2022-11-05 19:00:00,14.7,42.0,46.9,28.8,29.9,21.6,32.0
2022-11-05 20:00:00,13.7,42.1,72.2,39.4,42.6,36.3,412.0
2022-11-05 21:00:00,11.6,43.4,57.9,35.9,36.3,34.8,213.0
2022-11-05 22:00:00,10.5,44.1,61.2,31.3,33.4,30.7,0.0
2022-11-05 23:00:00,10.2,44.3,60.2,29.7,39.7,29.9,0.0
2022-11-06 00:00:00,10.0,44.3,57.2,28.7,44.0,28.6,0.0
2022-11-06 01:00:00,9.9,44.5,53.2,27.8,43.3,27.8,0.0
2022-11-06 02:00:00,9.6,44.6,49.5,27.1,41.8,27.3,0.0
2022-11-06 03:00:00,9.5,44.7,48.4,26.5,40.8,26.8,0.0
2022-11-06 04:00:00,9.7,44.6,47.9,26.2,40.3,26.1,0.0
2022-11-06 05:00:00,9.8,44.5,47.7,25.8,40.8,25.3,0.0
2022-11-06 06:00:00,9.6,44.6,47.1,25.1,41.9,24.4,0.0
2022-11-06 07:00:00,9.6,44.6,76.2,43.2,46.1,37.2,436.0
2022-11-06 08:00:00,9.8,44.5,72.6,40.9,44.1,37.2,289.0
2022-11-06 09:00:00,9.8,44.5,73.8,41.7,44.8,37.2,283.0
2022-11-06 10:00:00,10.5,44.1,70.8,33.8,32.0,30.5,82.0
2022-11-06 11:00:00,11.2,43.7,55.6,32.6,34.1,30.3,126.0
2022-11-06 12:00:00,11.3,43.6,34.9,35.3,36.2,35.1,238.0
2022-11-06 13:00:00,11.3,43.5,54.5,35.8,37.0,28.5,33.0
2022-11-06 14:00:00,11.5,43.5,57.6,29.2,38.7,29.4,0.0
2022-11-06 15:00:00,11.3,43.6,57.3,28.5,47.3,28.4,0.0
2022-11-06 16:00:00,10.7,44.0,51.4,27.8,42.7,28.5,0.0
2022-11-06 17:00:00,10.7,44.0,76.9,43.0,45.7,35.1,321.0
2022-11-06 18:00:00,10.8,43.9,72.7,40.6,43.8,36.9,293.0
2022-11-06 19:00:00,10.7,44.0,73.0,40.5,43.6,36.7,264.0
2022-11-06 20:00:00,11.0,43.8,73.1,40.5,43.7,36.8,263.0
2022-11-06 21:00:00,10.9,43.8,73.3,40.6,43.8,37.0,263.0
2022-11-06 22:00:00,11.1,43.8,72.1,38.7,37.9,36.5,226.0
2022-11-06 23:00:00,11.0,43.8,68.5,31.7,43.9,31.3,0.0
2022-11-07 00:00:00,10.9,43.8,63.0,30.6,49.1,31.2,0.0
2022-11-07 01:00:00,10.9,43.8,55.7,29.9,43.1,31.5,0.0
2022-11-07 02:00:00,10.9,43.8,56.6,29.6,45.3,30.8,0.0
2022-11-07 03:00:00,10.7,44.0,56.5,29.4,44.9,30.9,0.0
2022-11-07 04:00:00,10.6,44.0,51.7,29.2,43.3,29.8,0.0
2022-11-07 05:00:00,10.7,44.0,53.3,28.5,44.0,27.1,0.0
2022-11-07 06:00:00,10.8,43.9,75.1,38.3,40.3,25.4,99.0
2022-11-07 07:00:00,11.0,43.8,74.8,41.0,44.3,37.4,413.0
2022-11-07 08:00:00,11.6,43.4,74.6,40.8,44.0,37.1,269.0
2022-11-07 09:00:00,12.7,42.7,45.8,39.9,37.2,35.9,216.0
2022-11-07 10:00:00,13.7,42.1,36.5,38.0,36.7,31.2,0.0
2022-11-07 11:00:00,14.5,42.0,45.1,51.5,43.7,27.8,0.0
2022-11-07 12:00:00,14.6,42.0,42.6,34.1,27.9,27.2,0.0
2022-11-07 13:00:00,14.6,42.0,39.8,32.9,27.6,26.6,0.0
2022-11-07 14:00:00,14.1,42.0,37.1,31.8,27.0,25.9,0.0
2022-11-07 15:00:00,13.9,42.0,33.7,31.1,26.4,25.2,0.0
2022-11-07 16:00:00,13.2,44.3,70.7,37.1,38.8,26.7,124.0
2022-11-07 17:00:00,12.8,44.5,72.8,41.8,44.8,37.8,402.0
2022-11-07 18:00:00,12.8,44.4,73.0,41.5,44.6,37.5,276.0
2022-11-07 19:00:00,13.0,44.4,72.8,41.6,44.7,37.7,274.0
2022-11-07 20:00:00,12.9,44.4,70.7,41.4,44.3,37.6,266.0
2022-11-07 21:00:00,12.8,44.4,71.4,41.4,44.4,37.5,260.0
2022-11-07 22:00:00,12.6,44.5,71.0,40.1,38.4,37.0,228.0
2022-11-07 23:00:00,12.4,44.6,67.7,32.4,36.6,31.7,0.0
2022-11-08 00:00:00,12.1,44.7,65.3,30.9,51.5,30.8,0.0
2022-11-08 01:00:00,11.8,44.8,58.1,30.2,45.3,31.1,0.0
2022-11-08 02:00:00,11.3,45.0,58.7,29.7,46.6,30.7,0.0
2022-11-08 03:00:00,11.2,45.0,52.3,29.3,43.6,30.5,0.0
2022-11-08 04:00:00,11.1,45.1,55.6,29.2,46.0,28.5,0.0
2022-11-08 05:00:00,11.3,45.0,52.5,28.5,44.9,27.8,0.0
2022-11-08 06:00:00,11.1,45.1,46.0,30.5,32.0,24.1,47.0
2022-11-08 07:00:00,11.2,45.0,74.5,42.4,45.5,38.4,452.0
2022-11-08 08:00:00,11.5,44.9,73.8,42.9,45.7,36.5,264.0
2022-11-08 09:00:00,12.0,42.8,73.5,39.9,43.0,37.5,274.0
2022-11-08 10:00:00,12.4,42.7,72.5,38.8,42.0,36.0,214.0
2022-11-08 11:00:00,13.0,42.4,72.1,38.6,37.5,36.0,222.0
2022-11-08 12:00:00,13.5,42.2,69.3,31.3,30.6,29.0,0.0
2022-11-08 13:00:00,13.8,42.0,66.9,27.3,27.8,26.3,0.0
2022-11-08 14:00:00,13.8,42.0,39.3,36.1,37.3,35.1,290.0
2022-11-08 15:00:00,13.6,42.1,35.4,35.1,29.5,28.1,0.0
2022-11-08 16:00:00,13.4,42.2,34.1,33.7,26.9,25.5,0.0
2022-11-08 17:00:00,12.6,42.6,33.2,32.4,25.5,24.3,0.0
2022-11-08 18:00:00,11.3,43.2,74.3,42.2,44.5,32.7,256.0
2022-11-08 19:00:00,10.4,43.6,74.7,40.6,43.9,37.1,302.0
2022-11-08 20:00:00,9.5,44.0,71.3,38.7,36.6,35.4,189.0
2022-11-08 21:00:00,9.6,43.9,75.4,36.0,34.3,32.8,170.0
2022-11-08 22:00:00,8.9,44.2,71.3,30.0,28.8,27.5,0.0
2022-11-08 23:00:00,8.4,44.4,66.9,26.9,26.7,25.4,0.0
2022-11-09 00:00:00,8.1,44.6,62.7,25.0,25.8,24.5,0.0
2022-11-09 01:00:00,7.3,44.9,58.6,24.0,25.4,24.0,0.0
2022-11-09 02:00:00,6.3,45.4,59.4,23.9,25.9,24.1,0.0
2022-11-09 03:00:00,5.7,45.6,62.5,24.2,26.2,24.4,0.0
2022-11-09 04:00:00,5.9,45.6,59.9,24.2,26.1,24.4,0.0
2022-11-09 05:00:00,6.0,45.5,60.0,24.0,25.9,24.1,0.0
2022-11-09 06:00:00,6.4,45.3,43.5,28.8,30.5,23.6,0.0
2022-11-09 07:00:00,6.9,45.1,79.9,42.2,45.9,38.4,462.0
2022-11-09 08:00:00,8.1,44.5,79.4,41.2,44.9,37.6,280.0
2022-11-09 09:00:00,9.3,44.0,77.2,40.9,44.3,37.5,274.0
2022-11-09 10:00:00,10.1,43.7,75.8,40.5,43.8,37.1,260.0
2022-11-09 11:00:00,11.1,43.3,74.7,38.0,38.4,36.6,235.0
2022-11-09 12:00:00,10.9,43.3,71.6,30.9,30.5,28.9,0.0
2022-11-09 13:00:00,11.8,42.9,69.2,27.1,27.6,26.2,0.0
2022-11-09 14:00:00,12.5,42.7,66.7,26.1,50.0,25.9,0.0
2022-11-09 15:00:00,12.9,42.4,58.8,26.1,44.6,26.2,0.0
2022-11-09 16:00:00,12.3,42.7,52.0,26.1,39.9,26.4,0.0
2022-11-09 17:00:00,10.7,43.4,52.9,26.2,42.2,26.6,0.0
2022-11-09 18:00:00,10.7,43.1,75.1,40.9,43.9,37.1,385.0
2022-11-09 19:00:00,10.18,43.27,73.62,39.95,42.25,35.91,95.45
2022-11-09 20:00:00,9.66,43.45,72.14,38.99,40.61,34.72,95.45
2022-11-09 21:00:00,9.15,43.62,70.65,38.04,38.96,33.53,95.45
2022-11-09 22:00:00,8.63,43.79,69.17,37.08,37.32,32.34,95.45
2022-11-09 23:00:00,8.11,43.96,67.69,36.13,35.67,31.15,95.45
2022-11-10 00:00:00,7.59,44.14,66.21,35.17,34.03,29.95,95.45
2022-11-10 01:00:00,7.07,44.31,64.73,34.22,32.38,28.76,95.45
2022-11-10 02:00:00,6.55,44.48,63.25,33.26,30.74,27.57,95.45
2022-11-10 03:00:00,6.04,44.65,61.76,32.31,29.09,26.38,95.45
2022-11-10 04:00:00,5.52,44.83,60.28,31.35,27.45,25.19,95.45
2022-11-10 05:00:00,5.0,45.0,58.8,30.4,25.8,24.0,95.45
2022-11-10 06:00:00,4.8,45.1,78.1,49.5,23.7,22.1,0.0
2022-11-10 07:00:00,4.7,45.1,83.9,42.9,46.5,37.5,433.0
2022-11-10 08:00:00,6.9,44.3,83.1,40.8,44.9,37.6,285.0
2022-11-10 09:00:00,9.0,43.6,79.0,40.0,43.7,36.9,263.0
2022-11-10 10:00:00,10.7,43.1,76.2,37.7,36.1,34.6,185.0
2022-11-10 11:00:00,12.0,42.6,73.5,31.1,54.1,30.9,0.0
2022-11-10 12:00:00,12.6,42.4,64.7,30.4,46.4,31.3,0.0
2022-11-10 13:00:00,13.3,42.2,57.2,29.9,40.9,31.5,0.0
2022-11-10 14:00:00,13.8,42.0,55.3,29.6,43.4,31.1,0.0
2022-11-10 15:00:00,13.9,42.0,51.2,29.3,42.0,31.2,0.0
2022-11-10 16:00:00,12.8,42.4,51.7,29.0,41.1,30.6,0.0
2022-11-10 17:00:00,11.3,42.9,73.9,42.3,44.6,34.6,306.0
2022-11-10 18:00:00,10.6,44.5,74.6,40.4,44.6,37.1,294.0
2022-11-10 19:00:00,10.6,44.5,73.5,40.2,44.1,36.9,259.0
2022-11-10 20:00:00,9.8,44.8,73.1,39.8,44.0,36.6,249.0
2022-11-10 21:00:00,9.2,45.1,75.7,41.4,45.6,37.5,275.0
2022-11-10 22:00:00,9.2,45.0,74.7,40.2,39.8,37.2,239.0
2022-11-10 23:00:00,10.7,44.4,71.3,32.2,43.0,31.7,0.0
2022-11-11 00:00:00,11.4,44.1,65.5,31.0,50.1,31.6,0.0
2022-11-11 01:00:00,11.5,44.1,57.7,30.4,43.9,31.9,0.0
2022-11-11 02:00:00,11.1,44.2,57.6,30.1,46.2,31.5,0.0
2022-11-11 03:00:00,10.4,44.6,50.7,29.6,41.8,31.5,0.0
2022-11-11 04:00:00,10.7,44.4,53.6,29.3,44.1,30.3,0.0
2022-11-11 05:00:00,10.6,44.5,54.1,29.4,44.6,29.6,0.0
2022-11-11 06:00:00,10.6,44.5,54.8,29.7,45.9,26.5,0.0
2022-11-11 07:00:00,10.7,44.4,75.4,40.8,45.2,37.4,411.0
2022-11-11 08:00:00,10.9,44.3,72.0,39.5,43.8,36.3,244.0
2022-11-11 09:00:00,11.2,44.2,72.6,40.2,44.6,36.6,254.0
2022-11-11 10:00:00,12.2,43.8,71.8,39.9,44.0,36.7,254.0
2022-11-11 11:00:00,12.4,43.7,70.9,39.2,43.3,36.2,232.0
2022-11-11 12:00:00,12.3,43.7,71.4,39.1,43.3,36.0,234.0
2022-11-11 13:00:00,12.8,43.5,70.3,38.8,38.4,36.0,218.0
2022-11-11 14:00:00,13.2,43.3,66.1,31.8,39.0,30.9,0.0
2022-11-11 15:00:00,12.5,43.6,51.0,36.7,39.0,31.7,139.0
2022-11-11 16:00:00,11.5,44.1,41.1,35.5,37.5,33.2,182.0
2022-11-11 17:00:00,10.8,44.3,56.3,36.9,39.2,29.0,0.0
2022-11-11 18:00:00,10.5,44.5,75.2,40.9,45.0,37.5,364.0
2022-11-11 19:00:00,10.1,44.7,70.8,37.6,36.9,34.3,169.0
2022-11-11 20:00:00,9.9,44.8,50.3,38.9,41.0,35.4,207.0
2022-11-11 21:00:00,10.0,44.7,51.1,39.7,41.2,34.8,207.0
2022-11-11 22:00:00,10.0,44.7,44.9,33.8,34.0,30.2,0.0
2022-11-11 23:00:00,9.3,45.0,42.5,31.6,32.3,30.3,0.0
2022-11-12 00:00:00,9.0,45.1,40.0,30.4,29.9,27.8,0.0
2022-11-12 01:00:00,8.9,45.2,38.1,29.3,27.8,25.9,0.0
2022-11-12 02:00:00,9.1,45.1,39.3,25.7,27.2,24.9,0.0
2022-11-12 03:00:00,9.7,44.9,38.8,25.2,27.1,24.6,0.0
2022-11-12 04:00:00,9.6,44.9,39.3,24.3,28.1,24.3,0.0
2022-11-12 05:00:00,9.3,45.0,39.5,23.7,30.8,24.0,0.0
2022-11-12 06:00:00,9.2,45.1,39.5,23.2,32.0,23.6,0.0
2022-11-12 07:00:00,9.2,45.1,78.9,42.5,46.7,36.6,371.0
2022-11-12 08:00:00,9.9,44.7,74.7,40.2,44.5,36.9,271.0
2022-11-12 09:00:00,11.2,44.2,72.8,39.6,43.8,36.4,245.0
2022-11-12 10:00:00,12.3,43.7,70.9,38.3,37.7,35.2,194.0
2022-11-12 11:00:00,12.5,43.6,56.9,39.7,42.2,34.9,176.0
2022-11-12 12:00:00,12.0,43.8,50.0,35.8,34.9,32.7,149.0
2022-11-12 13:00:00,13.4,43.3,46.9,32.7,32.3,30.3,0.0
2022-11-12 14:00:00,13.3,43.3,43.8,31.4,31.8,29.6,0.0
2022-11-12 15:00:00,12.5,43.6,41.2,30.3,29.1,27.0,0.0
2022-11-12 16:00:00,11.6,44.0,39.3,29.2,27.4,25.3,0.0
2022-11-12 17:00:00,10.6,44.5,37.7,27.9,26.8,24.7,0.0
2022-11-12 18:00:00,10.9,44.0,74.6,40.1,43.1,28.6,179.0
2022-11-12 19:00:00,10.8,44.0,73.3,39.6,43.8,36.6,324.0
2022-11-12 20:00:00,10.1,44.3,72.2,39.6,43.8,36.3,240.0
2022-11-12 21:00:00,9.8,44.4,73.7,40.0,44.2,36.6,250.0
2022-11-12 22:00:00,9.6,44.4,74.9,40.1,39.7,37.1,247.0
2022-11-12 23:00:00,9.5,44.5,69.7,33.0,35.4,31.4,0.0
2022-11-13 00:00:00,9.5,44.5,67.7,30.8,46.1,30.5,0.0
2022-11-13 01:00:00,8.4,44.8,61.7,29.9,46.7,30.0,0.0
2022-11-13 02:00:00,6.8,45.4,60.2,29.2,47.0,30.0,0.0
2022-11-13 03:00:00,6.5,45.4,54.2,28.5,45.0,29.5,0.0
2022-11-13 04:00:00,5.8,45.7,56.7,28.0,46.4,27.5,0.0
2022-11-13 05:00:00,5.2,45.9,53.1,27.3,45.5,27.1,0.0
2022-11-13 06:00:00,4.9,46.0,56.0,39.2,39.5,24.1,75.0
2022-11-13 07:00:00,5.0,45.0,82.9,40.5,45.3,37.4,421.0
2022-11-13 08:00:00,6.1,44.7,79.5,39.5,44.2,36.6,259.0
2022-11-13 09:00:00,7.7,44.4,79.0,39.1,43.8,36.3,248.0
2022-11-13 10:00:00,9.4,44.0,76.4,39.5,43.9,36.3,249.0
2022-11-13 11:00:00,10.8,43.0,72.7,36.2,35.9,33.4,163.0
2022-11-13 12:00:00,12.0,42.6,69.8,30.8,38.2,30.5,0.0
2022-11-13 13:00:00,13.1,42.3,64.9,29.9,48.2,30.1,0.0
2022-11-13 14:00:00,13.6,42.1,57.4,29.5,42.1,30.4,0.0
2022-11-13 15:00:00,14.8,42.0,57.2,29.2,44.8,30.4,0.0
2022-11-13 16:00:00,14.2,42.0,49.8,28.7,40.5,30.2,0.0
2022-11-13 17:00:00,13.0,42.3,64.5,35.1,37.4,23.6,45.0
2022-11-13 18:00:00,12.4,43.5,72.9,40.9,44.8,36.6,390.0
2022-11-13 19:00:00,11.6,43.8,70.6,39.6,43.7,36.3,248.0
2022-11-13 20:00:00,11.2,43.9,73.0,39.8,44.1,36.3,245.0
2022-11-13 21:00:00,10.7,44.1,72.9,40.1,44.3,36.8,251.0
2022-11-13 22:00:00,10.4,44.2,73.7,39.9,39.0,36.8,231.0
2022-11-13 23:00:00,9.2,44.6,69.2,32.6,36.2,31.5,0.0
2022-11-14 00:00:00,8.8,44.7,67.1,30.8,48.9,30.8,0.0
2022-11-14 01:00:00,8.4,44.8,60.5,30.0,45.7,30.7,0.0
2022-11-14 02:00:00,7.7,45.1,59.5,29.5,46.9,30.2,0.0
2022-11-14 03:00:00,6.6,45.4,53.3,28.9,44.9,30.3,0.0
2022-11-14 04:00:00,5.6,45.8,55.9,28.8,46.0,28.7,0.0
2022-11-14 05:00:00,5.2,45.9,54.9,28.1,46.6,27.3,0.0
2022-11-14 06:00:00,4.7,44.1,79.5,35.7,39.2,23.8,71.0
2022-11-14 07:00:00,4.8,44.1,82.9,39.6,44.5,36.8,417.0
2022-11-14 08:00:00,7.1,43.5,83.1,39.1,44.1,36.5,259.0
2022-11-14 09:00:00,9.0,43.1,79.1,38.5,43.2,36.0,237.0
2022-11-14 10:00:00,11.0,42.6,77.1,38.0,42.6,35.7,230.0
2022-11-14 11:00:00,12.6,42.3,73.7,36.8,35.7,32.7,177.0
2022-11-14 12:00:00,13.3,42.1,69.1,31.1,35.5,30.1,0.0
2022-11-14 13:00:00,14.2,42.0,66.6,29.7,50.4,29.5,0.0
2022-11-14 14:00:00,14.5,42.0,58.7,29.4,44.6,29.9,0.0
2022-11-14 15:00:00,14.7,42.0,52.6,29.0,40.3,30.1,0.0
2022-11-14 16:00:00,13.7,42.0,51.6,28.9,42.7,29.8,0.0
2022-11-14 17:00:00,11.4,42.5,49.1,28.6,42.0,29.7,0.0
2022-11-14 18:00:00,10.1,42.8,75.2,39.5,42.3,27.4,143.0
2022-11-14 19:00:00,9.2,43.0,76.9,38.7,43.2,36.0,338.0
2022-11-14 20:00:00,8.4,43.2,80.4,38.2,43.2,35.5,226.0
2022-11-14 21:00:00,7.9,43.3,72.6,35.7,36.0,33.4,152.0
2022-11-14 22:00:00,7.9,43.3,69.4,30.4,52.4,30.4,0.0
2022-11-14 23:00:00,7.3,43.4,61.8,29.8,46.6,30.5,0.0
2022-11-15 00:00:00,7.7,43.4,54.6,29.1,41.2,30.7,0.0
2022-11-15 01:00:00,6.2,43.7,52.7,28.7,43.0,30.3,0.0
2022-11-15 02:00:00,5.5,43.8,56.4,28.8,45.3,29.6,0.0
2022-11-15 03:00:00,5.0,44.0,53.0,28.4,44.2,29.4,0.0
2022-11-15 04:00:00,4.6,44.2,53.7,28.1,45.0,27.2,0.0
2022-11-15 05:00:00,4.5,44.3,50.8,27.1,44.3,26.4,0.0
2022-11-15 06:00:00,4.1,44.5,32.4,25.2,26.7,21.5,0.0
2022-11-15 07:00:00,4.6,44.2,83.2,40.2,45.1,37.3,435.0
2022-11-15 08:00:00,5.5,43.8,80.6,38.6,43.5,35.8,242.0
2022-11-15 09:00:00,7.1,43.5,80.7,38.9,43.6,36.0,257.0
2022-11-15 10:00:00,8.7,43.1,78.4,38.6,43.2,35.8,247.0
2022-11-15 11:00:00,11.0,42.6,77.0,38.5,43.0,35.8,241.0
2022-11-15 12:00:00,12.6,42.2,72.5,41.8,44.8,34.5,205.0
2022-11-15 13:00:00,12.4,42.3,69.5,31.4,38.7,29.9,46.0
2022-11-15 14:00:00,12.7,42.2,65.0,29.8,49.3,30.0,0.0
2022-11-15 15:00:00,12.2,42.4,57.6,29.4,43.6,30.4,0.0
2022-11-15 16:00:00,11.9,44.4,73.3,41.5,45.3,37.4,387.0
2022-11-15 17:00:00,11.3,44.6,73.8,40.4,44.5,36.9,253.0
2022-11-15 18:00:00,10.1,43.8,75.5,39.8,44.3,36.6,245.0
2022-11-15 19:00:00,9.3,44.0,76.6,40.1,44.4,36.7,248.0
2022-11-15 20:00:00,9.8,43.9,75.2,39.9,44.2,36.7,246.0
2022-11-15 21:00:00,9.4,44.0,75.1,39.9,44.1,36.8,241.0
2022-11-15 22:00:00,8.6,44.2,74.2,39.2,39.2,36.6,228.0
2022-11-15 23:00:00,8.6,44.1,71.1,31.9,42.7,31.1,0.0
2022-11-16 00:00:00,8.3,44.2,65.4,30.7,50.5,31.1,0.0
2022-11-16 01:00:00,8.1,44.3,57.8,30.2,43.8,31.5,0.0
2022-11-16 02:00:00,7.0,44.5,56.6,29.8,46.1,31.2,0.0
2022-11-16 03:00:00,6.3,44.7,50.8,29.2,43.7,31.3,0.0
2022-11-16 04:00:00,6.0,44.7,53.5,29.0,44.2,30.0,0.0
2022-11-16 05:00:00,5.6,44.8,57.2,30.4,26.6,24.1,0.0
2022-11-16 06:00:00,5.2,44.4,81.2,40.0,43.0,26.3,136.0
2022-11-16 07:00:00,5.8,44.2,81.1,39.2,44.0,36.5,362.0
2022-11-16 08:00:00,7.4,43.5,79.8,38.4,43.2,35.9,240.0
2022-11-16 09:00:00,9.7,42.6,77.8,38.0,42.6,35.6,233.0
2022-11-16 10:00:00,10.7,42.2,75.0,37.4,41.8,35.1,213.0
2022-11-16 11:00:00,12.8,41.4,68.0,35.6,34.0,31.7,121.0
2022-11-16 12:00:00,13.4,43.1,69.3,41.2,44.6,35.7,241.0
2022-11-16 13:00:00,14.5,43.0,67.7,37.9,37.4,35.3,197.0
2022-11-16 14:00:00,14.4,43.0,65.0,31.2,42.4,30.8,0.0
2022-11-16 15:00:00,13.7,42.0,62.7,27.1,31.6,25.3,0.0
2022-11-16 16:00:00,12.4,42.4,67.8,38.7,42.6,36.1,353.0
2022-11-16 17:00:00,12.3,42.4,71.7,39.0,43.1,35.4,216.0
2022-11-16 18:00:00,11.7,42.6,70.7,39.0,43.1,36.0,232.0
2022-11-16 19:00:00,11.7,42.6,70.9,39.1,43.1,36.1,230.0
2022-11-16 20:00:00,11.5,42.7,68.4,38.3,42.2,35.4,203.0
2022-11-16 21:00:00,11.7,42.6,68.7,38.6,42.6,35.7,215.0
2022-11-16 22:00:00,11.8,42.6,67.9,37.8,37.8,35.5,192.0
2022-11-16 23:00:00,11.8,42.6,65.1,35.1,43.5,33.9,0.0
2022-11-17 00:00:00,11.6,42.6,62.1,31.0,47.8,30.5,0.0
2022-11-17 01:00:00,11.6,42.6,55.8,30.5,41.7,31.1,0.0
2022-11-17 02:00:00,12.0,42.5,54.6,30.1,42.6,30.5,0.0
2022-11-17 03:00:00,12.1,42.5,50.6,29.6,42.9,30.2,0.0
2022-11-17 04:00:00,11.6,42.6,51.2,29.5,42.7,30.5,0.0
2022-11-17 05:00:00,11.8,42.6,50.5,29.5,43.0,29.7,0.0
2022-11-17 06:00:00,11.5,42.6,72.0,37.1,40.3,26.8,113.0
2022-11-17 07:00:00,11.3,43.4,72.1,39.7,43.7,36.5,352.0
2022-11-17 08:00:00,11.8,43.3,71.9,39.4,43.4,36.2,237.0
2022-11-17 09:00:00,12.7,43.2,70.7,39.2,43.3,36.2,232.0
2022-11-17 10:00:00,13.6,42.1,69.4,38.5,42.5,35.9,219.0
2022-11-17 11:00:00,13.8,42.0,68.6,37.9,41.8,35.3,201.0
2022-11-17 12:00:00,14.6,42.0,65.8,31.6,38.7,30.4,0.0
2022-11-17 13:00:00,13.9,42.0,62.0,30.3,48.9,30.5,0.0
2022-11-17 14:00:00,14.1,42.0,72.2,38.2,41.2,27.7,99.0
2022-11-17 15:00:00,13.9,42.0,71.1,36.8,36.4,33.9,256.0
2022-11-17 16:00:00,13.4,42.1,45.8,37.2,39.4,34.1,149.0
2022-11-17 17:00:00,13.1,42.2,42.8,36.3,37.9,33.4,182.0
2022-11-17 18:00:00,12.7,42.3,72.6,38.3,42.6,36.2,251.0
2022-11-17 19:00:00,12.5,42.4,72.4,37.7,42.0,35.3,195.0
2022-11-17 20:00:00,11.8,42.6,72.0,41.3,44.7,35.2,218.0
2022-11-17 21:00:00,10.4,43.0,72.0,38.9,39.1,36.5,219.0
2022-11-17 22:00:00,9.6,43.2,68.2,31.7,31.9,29.4,0.0
2022-11-17 23:00:00,8.6,43.5,66.5,27.4,29.4,26.8,0.0
2022-11-18 00:00:00,7.8,43.7,64.5,25.9,28.1,25.6,0.0
2022-11-18 01:00:00,7.2,43.8,63.4,25.1,27.6,25.0,0.0
2022-11-18 02:00:00,6.7,44.0,62.2,24.5,27.1,24.6,0.0
2022-11-18 03:00:00,6.2,44.1,61.4,24.3,26.8,24.4,0.0
2022-11-18 04:00:00,5.9,44.2,61.0,24.0,26.7,24.1,0.0
2022-11-18 05:00:00,6.4,44.1,60.4,23.8,26.4,23.9,0.0
2022-11-18 06:00:00,6.5,44.0,79.3,39.9,42.6,26.2,108.0
2022-11-18 07:00:00,6.1,44.2,79.6,39.5,44.1,36.8,374.0
2022-11-18 08:00:00,7.3,43.8,79.1,38.9,43.6,36.2,242.0
2022-11-18 09:00:00,7.9,43.6,77.8,38.8,43.5,36.2,242.0
2022-11-18 10:00:00,10.2,43.0,77.1,38.8,43.2,36.2,233.0
2022-11-18 11:00:00,12.5,42.4,73.6,38.3,42.6,35.8,223.0
2022-11-18 12:00:00,12.9,42.3,53.4,38.8,41.6,34.9,193.0
2022-11-18 13:00:00,12.5,42.4,53.6,36.8,39.4,32.2,133.0
2022-11-18 14:00:00,12.7,43.1,73.1,39.0,38.8,36.3,269.0
2022-11-18 15:00:00,13.0,43.0,73.2,39.7,43.8,36.4,214.0
2022-11-18 16:00:00,12.4,43.1,73.7,39.2,43.3,36.3,224.0
2022-11-18 17:00:00,12.1,43.1,73.9,39.2,43.5,36.4,224.0
2022-11-18 18:00:00,11.9,43.1,73.5,39.2,43.4,36.4,219.0
2022-11-18 19:00:00,12.0,43.1,74.0,39.2,43.4,36.4,222.0
2022-11-18 20:00:00,12.0,43.1,69.9,38.7,42.7,36.1,207.0
2022-11-18 21:00:00,11.8,43.1,70.5,38.6,42.6,36.0,208.0
2022-11-18 22:00:00,12.3,43.1,70.0,38.2,38.7,35.9,203.0
2022-11-18 23:00:00,11.8,43.1,67.2,31.6,32.1,29.6,0.0
2022-11-19 00:00:00,11.7,43.1,65.2,27.9,29.5,26.9,0.0
2022-11-19 01:00:00,11.9,43.1,63.9,26.1,28.4,25.9,0.0
2022-11-19 02:00:00,11.6,43.1,62.1,25.4,27.9,25.4,0.0
2022-11-19 03:00:00,11.0,43.2,61.3,25.2,27.9,25.2,0.0
2022-11-19 04:00:00,10.7,43.2,60.2,25.0,27.7,25.0,0.0
2022-11-19 05:00:00,10.3,43.2,59.5,24.8,27.4,24.8,0.0
2022-11-19 06:00:00,10.0,43.6,79.6,40.6,44.2,30.2,179.0
2022-11-19 07:00:00,10.1,43.6,74.8,39.5,43.8,36.8,312.0
2022-11-19 08:00:00,10.6,43.6,72.5,38.8,43.0,36.2,216.0
2022-11-19 09:00:00,11.3,43.5,71.6,39.3,43.2,36.2,226.0
2022-11-19 10:00:00,12.5,43.5,69.8,39.2,43.1,36.2,223.0
2022-11-19 11:00:00,13.2,43.5,67.3,39.3,38.2,32.1,118.0
2022-11-19 12:00:00,12.7,43.5,60.5,30.7,30.8,28.5,0.0
2022-11-19 13:00:00,13.3,43.5,55.9,27.4,28.4,26.0,0.0
2022-11-19 14:00:00,12.3,43.5,51.9,25.5,27.3,24.9,0.0
2022-11-19 15:00:00,11.3,42.6,86.8,39.9,45.0,35.0,289.0
2022-11-19 16:00:00,10.6,42.7,73.9,38.9,43.2,36.1,226.0
2022-11-19 17:00:00,10.6,42.7,74.0,39.0,43.3,36.2,226.0
2022-11-19 18:00:00,10.1,42.8,73.9,39.1,43.4,36.3,226.0
2022-11-19 19:00:00,10.0,43.2,73.4,38.2,42.4,36.0,212.0
2022-11-19 20:00:00,9.8,43.3,75.0,38.5,42.9,36.0,215.0
2022-11-19 21:00:00,10.3,43.2,74.3,38.6,43.0,36.1,214.0
2022-11-19 22:00:00,9.7,43.3,73.1,38.5,38.2,35.9,192.0
2022-11-19 23:00:00,10.0,43.2,67.6,31.7,31.5,29.0,0.0
2022-11-20 00:00:00,9.8,43.3,67.9,27.5,29.1,26.6,0.0
2022-11-20 01:00:00,9.7,43.3,66.8,25.8,28.2,25.6,0.0
2022-11-20 02:00:00,9.7,43.3,65.0,25.3,27.8,25.2,0.0
2022-11-20 03:00:00,9.8,43.3,63.2,24.9,27.5,24.9,0.0
2022-11-20 04:00:00,10.2,43.2,62.4,24.6,27.2,24.6,0.0
2022-11-20 05:00:00,9.6,43.3,61.3,24.4,27.0,24.4,0.0
2022-11-20 06:00:00,9.5,43.3,73.5,39.1,42.3,28.6,138.0
2022-11-20 07:00:00,9.9,43.2,77.3,39.1,43.6,36.6,332.0
2022-11-20 08:00:00,10.1,43.2,72.3,38.4,42.5,35.8,213.0
2022-11-20 09:00:00,10.7,43.2,72.1,38.4,42.6,35.7,217.0
2022-11-20 10:00:00,10.9,43.2,71.4,38.3,42.7,35.8,216.0
2022-11-20 11:00:00,11.2,43.2,72.1,38.8,42.9,36.1,223.0
2022-11-20 12:00:00,11.7,42.3,72.0,38.8,43.1,36.1,214.0
2022-11-20 13:00:00,12.1,42.2,71.1,38.3,42.3,35.9,208.0
2022-11-20 14:00:00,12.3,42.2,70.6,37.9,41.9,35.5,199.0
2022-11-20 15:00:00,12.3,42.2,70.2,37.8,42.1,35.5,201.0
2022-11-20 16:00:00,12.2,42.2,70.3,37.9,42.1,35.6,198.0
2022-11-20 17:00:00,12.5,42.2,70.3,38.1,42.1,35.8,202.0
2022-11-20 18:00:00,12.5,42.2,71.6,38.2,42.4,35.8,202.0
2022-11-20 19:00:00,10.9,42.4,71.7,38.3,42.4,35.9,205.0
2022-11-20 20:00:00,8.6,43.2,74.2,38.4,42.8,35.9,202.0
2022-11-20 21:00:00,7.3,43.4,78.3,39.1,43.7,36.4,227.0
2022-11-20 22:00:00,6.5,43.6,79.3,39.4,39.7,37.0,228.0
2022-11-20 23:00:00,6.5,43.6,76.2,31.9,32.5,30.0,0.0
2022-11-21 00:00:00,6.5,43.6,73.9,27.9,29.9,27.3,0.0
2022-11-21 01:00:00,6.3,43.7,72.0,26.3,28.6,26.0,0.0
2022-11-21 02:00:00,5.7,43.8,70.2,25.5,28.0,25.4,0.0
2022-11-21 03:00:00,5.8,43.8,68.3,25.1,27.8,25.1,0.0
2022-11-21 04:00:00,5.7,43.8,67.0,24.7,27.5,24.7,0.0
2022-11-21 05:00:00,5.0,44.0,66.8,25.6,30.5,24.5,0.0
2022-11-21 06:00:00,4.6,46.6,67.6,42.7,45.6,34.9,291.0
2022-11-21 07:00:00,4.6,46.6,79.9,42.0,46.7,38.7,335.0
2022-11-21 08:00:00,4.6,46.6,84.0,42.3,47.2,38.7,285.0
2022-11-21 09:00:00,5.0,46.0,83.8,41.7,46.4,38.6,280.0
2022-11-21 10:00:00,5.4,45.8,82.7,41.2,46.0,38.2,266.0
2022-11-21 11:00:00,6.4,45.3,81.2,40.8,45.5,37.8,258.0
2022-11-21 12:00:00,7.7,44.8,76.5,40.2,44.4,37.5,247.0
2022-11-21 13:00:00,7.8,44.7,75.4,40.1,44.4,36.9,233.0
2022-11-21 14:00:00,7.5,44.9,74.4,40.0,44.2,37.0,240.0
2022-11-21 15:00:00,7.2,45.0,74.4,40.4,44.6,37.1,244.0
2022-11-21 16:00:00,7.1,45.0,75.2,40.5,44.7,37.2,247.0
2022-11-21 17:00:00,6.9,45.1,75.5,40.7,44.9,37.4,250.0
2022-11-21 18:00:00,7.0,45.1,75.5,40.8,45.0,37.5,249.0
2022-11-21 19:00:00,6.9,45.1,75.6,40.8,45.0,37.5,248.0
2022-11-21 20:00:00,6.9,45.1,74.2,40.5,44.7,37.3,242.0
2022-11-21 21:00:00,6.7,45.2,74.3,40.7,44.9,37.2,245.0
2022-11-21 22:00:00,6.8,45.2,75.4,40.6,40.7,37.6,249.0
2022-11-21 23:00:00,6.4,45.3,71.8,32.5,43.2,31.4,0.0
2022-11-22 00:00:00,6.4,45.3,66.5,31.2,52.3,31.7,0.0
2022-11-22 01:00:00,5.2,45.9,58.6,30.5,45.7,31.9,0.0
2022-11-22 02:00:00,4.2,47.1,58.7,30.2,47.8,31.5,0.0
2022-11-22 03:00:00,3.8,47.9,59.4,30.2,48.7,30.8,0.0
2022-11-22 04:00:00,3.5,48.4,56.2,29.5,48.2,28.8,0.0
2022-11-22 05:00:00,3.0,49.0,58.1,30.8,25.3,22.9,0.0
2022-11-22 06:00:00,2.4,47.5,82.2,43.6,46.5,30.3,214.0
2022-11-22 07:00:00,2.0,47.8,82.3,43.7,48.1,39.1,406.0
2022-11-22 08:00:00,2.7,47.3,83.1,42.8,47.6,38.9,309.0
2022-11-22 09:00:00,4.4,46.3,81.1,42.3,46.7,38.6,296.0
2022-11-22 10:00:00,6.4,45.3,78.6,41.3,45.8,37.9,267.0
2022-11-22 11:00:00,8.4,44.4,74.5,40.3,44.5,37.1,249.0
2022-11-22 12:00:00,9.4,44.0,71.8,39.7,43.7,36.6,233.0
2022-11-22 13:00:00,7.9,44.7,74.2,40.9,45.0,37.0,256.0
2022-11-22 14:00:00,8.3,44.4,75.2,40.8,44.9,37.4,136.0
2022-11-22 15:00:00,9.4,43.5,74.1,39.3,43.6,36.6,347.0
2022-11-22 16:00:00,8.8,44.0,72.7,39.5,43.5,36.4,227.0
2022-11-22 17:00:00,8.7,44.1,74.2,40.0,44.3,36.8,244.0
2022-11-22 18:00:00,8.8,44.0,74.5,40.3,44.5,37.1,246.0
2022-11-22 19:00:00,9.3,43.6,74.6,39.9,44.1,37.1,242.0
2022-11-22 20:00:00,8.5,44.8,71.6,40.0,44.1,36.6,226.0
2022-11-22 21:00:00,8.9,44.5,74.4,41.0,45.1,37.7,262.0
2022-11-22 22:00:00,9.2,44.3,71.2,39.9,39.5,37.0,219.0
2022-11-22 23:00:00,9.3,44.1,68.7,32.4,41.9,31.7,0.0
2022-11-23 00:00:00,9.4,44.0,64.0,31.3,49.9,31.7,0.0
2022-11-23 01:00:00,8.6,44.8,57.0,30.8,43.1,32.0,0.0
2022-11-23 02:00:00,8.1,45.2,54.2,30.4,45.3,31.7,0.0
2022-11-23 03:00:00,8.1,45.2,56.2,30.2,45.8,31.5,0.0
2022-11-23 04:00:00,8.1,45.2,53.0,30.2,45.1,30.8,0.0
2022-11-23 05:00:00,6.7,46.5,54.2,30.2,46.2,29.3,0.0
2022-11-23 06:00:00,7.1,46.0,52.0,29.0,46.4,27.4,0.0
2022-11-23 07:00:00,7.0,44.6,57.4,38.8,40.6,31.7,236.0
2022-11-23 08:00:00,8.4,43.7,75.4,40.0,44.3,37.4,317.0
2022-11-23 09:00:00,9.5,43.5,74.3,39.0,43.2,36.0,221.0
2022-11-23 10:00:00,10.2,44.0,71.8,39.7,43.7,36.3,241.0
2022-11-23 11:00:00,11.8,43.2,69.3,39.5,43.3,36.3,235.0
2022-11-23 12:00:00,12.3,42.8,67.3,39.1,42.9,35.9,222.0
2022-11-23 13:00:00,12.6,42.7,68.2,39.1,42.8,35.9,221.0
2022-11-23 14:00:00,12.9,42.6,72.7,39.2,43.2,36.1,224.0
2022-11-23 15:00:00,12.9,42.6,71.6,38.6,42.7,36.0,216.0
2022-11-23 16:00:00,11.8,43.2,72.5,38.5,42.7,35.7,214.0
2022-11-23 17:00:00,11.7,47.5,74.6,44.7,48.2,39.3,315.0
2022-11-23 18:00:00,11.0,48.2,75.0,44.7,48.4,39.8,301.0
2022-11-23 19:00:00,10.7,48.6,74.8,44.9,48.6,40.0,309.0
2022-11-23 20:00:00,10.4,49.0,73.9,44.7,48.3,40.1,300.0
2022-11-23 21:00:00,9.7,49.6,75.5,45.9,49.4,40.6,315.0
2022-11-23 22:00:00,9.1,50.4,72.8,37.8,36.2,33.7,111.0
2022-11-23 23:00:00,8.6,51.0,70.0,33.1,54.9,33.1,0.0
2022-11-24 00:00:00,7.7,52.0,63.9,32.1,52.8,32.7,0.0
2022-11-24 01:00:00,6.9,52.8,63.6,31.5,54.2,32.2,0.0
2022-11-24 02:00:00,6.3,53.6,59.7,31.0,52.9,30.7,0.0
2022-11-24 03:00:00,6.1,53.7,59.7,30.4,53.5,29.0,0.0
2022-11-24 04:00:00,5.6,54.2,58.2,28.9,53.6,27.6,0.0
2022-11-24 05:00:00,5.6,54.3,58.0,28.1,54.7,26.3,0.0
2022-11-24 06:00:00,5.7,44.8,65.9,36.2,38.2,25.3,57.0
2022-11-24 07:00:00,5.7,44.8,75.9,41.1,45.3,37.9,409.0
2022-11-24 08:00:00,5.9,44.8,80.9,40.2,44.9,37.2,258.0
2022-11-24 09:00:00,6.5,44.6,80.5,40.1,44.9,37.1,255.0
2022-11-24 10:00:00,7.8,44.3,79.0,39.9,44.4,36.9,251.0
2022-11-24 11:00:00,8.9,44.1,78.3,39.7,44.2,36.8,243.0
2022-11-24 12:00:00,9.8,43.9,77.5,39.6,44.1,36.7,243.0
2022-11-24 13:00:00,9.3,44.5,75.7,39.1,43.5,36.3,228.0
2022-11-24 14:00:00,9.1,44.6,76.9,40.0,44.4,36.8,250.0
2022-11-24 15:00:00,8.7,44.7,77.6,40.4,44.9,37.2,251.0
2022-11-24 16:00:00,8.5,44.8,78.4,40.8,45.3,37.5,261.0
2022-11-24 17:00:00,8.1,44.9,78.4,40.9,45.4,37.7,256.0
2022-11-24 18:00:00,7.8,45.0,78.7,41.0,45.4,37.8,258.0
2022-11-24 19:00:00,7.6,45.1,79.2,41.1,45.7,37.8,261.0
2022-11-24 20:00:00,7.1,45.2,78.0,41.1,45.5,37.8,261.0
2022-11-24 21:00:00,6.9,45.3,77.0,40.8,45.2,37.6,249.0
2022-11-24 22:00:00,7.0,45.3,77.1,40.7,40.7,37.5,250.0
2022-11-24 23:00:00,7.0,45.3,73.3,32.6,45.2,31.5,0.0
2022-11-25 00:00:00,6.9,45.3,67.4,31.3,51.7,31.7,0.0
2022-11-25 01:00:00,7.2,45.2,59.3,30.6,45.1,32.2,0.0
2022-11-25 02:00:00,7.3,45.2,59.6,30.3,47.4,31.7,0.0
2022-11-25 03:00:00,7.0,45.3,52.5,29.7,44.2,31.8,0.0
2022-11-25 04:00:00,6.8,45.4,53.9,29.4,44.3,30.8,0.0
2022-11-25 05:00:00,6.7,45.4,52.5,29.2,44.15,29.65,0.0
2022-11-25 06:00:00,6.6,45.4,51.1,29.0,44.0,28.5,0.0
2022-11-25 07:00:00,6.5,45.5,80.5,41.5,46.0,38.0,453.0
2022-11-25 08:00:00,7.0,45.3,80.3,41.0,45.7,37.5,273.0
2022-11-25 09:00:00,7.4,45.2,79.0,40.8,45.3,37.5,269.0
2022-11-25 10:00:00,8.1,44.9,79.1,40.9,45.5,37.5,267.0
2022-11-25 11:00:00,8.2,44.9,77.1,40.5,44.9,37.3,259.0
2022-11-25 12:00:00,9.2,44.6,78.2,40.5,45.0,37.2,257.0
2022-11-25 13:00:00,9.2,43.2,77.0,38.8,43.3,36.3,228.0
2022-11-25 14:00:00,9.4,43.0,75.1,38.2,42.6,35.8,220.0
2022-11-25 15:00:00,8.4,43.7,75.0,38.7,43.0,36.0,228.0
2022-11-25 16:00:00,7.8,44.1,77.3,39.1,43.7,36.3,237.0
2022-11-25 17:00:00,6.8,44.8,79.0,40.3,44.9,36.8,249.0
2022-11-25 18:00:00,5.9,45.4,80.0,40.7,45.3,37.6,272.0
2022-11-25 19:00:00,5.1,44.4,80.5,39.6,44.2,36.9,240.0
2022-11-25 20:00:00,5.1,44.4,80.4,39.6,44.3,36.9,247.0
2022-11-25 21:00:00,4.5,45.0,79.4,40.2,44.8,37.0,246.0
2022-11-25 22:00:00,3.7,45.9,80.3,40.4,39.9,37.5,248.0
2022-11-25 23:00:00,3.2,46.5,76.3,32.3,48.4,31.9,0.0
2022-11-26 00:00:00,3.1,46.8,68.6,31.1,51.6,31.9,0.0
2022-11-26 01:00:00,2.8,47.0,60.0,30.4,45.1,32.1,0.0
2022-11-26 02:00:00,2.7,47.1,57.4,29.8,46.5,31.8,0.0
2022-11-26 03:00:00,2.3,47.6,61.1,30.1,48.4,30.7,0.0
2022-11-26 04:00:00,2.0,47.9,58.0,29.5,47.9,29.9,0.0
2022-11-26 05:00:00,2.3,47.6,57.3,28.8,48.4,27.8,0.0
2022-11-26 06:00:00,2.5,46.6,75.1,40.0,43.2,29.2,191.0
2022-11-26 07:00:00,2.6,46.4,83.9,42.0,46.7,38.3,404.0
2022-11-26 08:00:00,3.1,45.9,81.6,41.3,46.0,37.8,284.0
2022-11-26 09:00:00,3.9,45.1,82.2,40.9,45.7,37.6,281.0
2022-11-26 10:00:00,5.0,44.0,80.3,39.6,44.3,36.8,257.0
2022-11-26 11:00:00,7.0,43.1,78.6,38.9,43.6,36.1,240.0
2022-11-26 12:00:00,8.3,42.5,76.0,38.4,42.9,35.7,232.0
2022-11-26 13:00:00,6.8,43.2,75.3,38.0,42.6,35.4,225.0
2022-11-26 14:00:00,6.4,43.3,76.0,38.7,43.2,35.7,238.0
2022-11-26 15:00:00,6.9,43.1,76.0,39.1,43.5,36.2,244.0
2022-11-26 16:00:00,6.0,43.5,76.9,39.2,43.8,36.2,245.0
2022-11-26 17:00:00,5.6,43.6,77.5,39.5,44.0,36.4,249.0
2022-11-26 18:00:00,4.9,44.1,79.2,39.7,44.4,36.6,253.0
2022-11-26 19:00:00,4.4,44.6,81.1,40.2,45.0,37.0,264.0
2022-11-26 20:00:00,4.1,44.9,81.7,40.6,45.3,37.4,271.0
2022-11-26 21:00:00,4.2,44.8,82.7,40.3,45.2,37.5,266.0
2022-11-26 22:00:00,4.2,44.7,78.5,36.6,37.1,34.5,174.0
2022-11-26 23:00:00,4.2,44.8,75.6,31.0,56.8,30.8,0.0
2022-11-27 00:00:00,4.1,44.9,66.2,30.3,48.6,31.4,0.0
2022-11-27 01:00:00,3.8,45.2,58.1,29.7,42.4,31.5,0.0
2022-11-27 02:00:00,4.4,44.6,55.6,29.2,44.2,31.3,0.0
2022-11-27 03:00:00,4.2,44.9,58.6,29.2,45.4,30.5,0.0
2022-11-27 04:00:00,3.9,45.1,59.1,29.3,45.9,29.7,0.0
2022-11-27 05:00:00,4.0,45.0,54.3,28.5,44.2,28.6,0.0
2022-11-27 06:00:00,4.0,45.0,44.6,30.5,31.5,24.0,79.0
2022-11-27 07:00:00,4.0,45.0,84.1,40.6,45.6,37.3,432.0
2022-11-27 08:00:00,4.3,44.7,80.5,39.9,44.7,36.7,270.0
2022-11-27 09:00:00,4.5,44.5,80.2,39.7,44.4,36.6,267.0
2022-11-27 10:00:00,4.8,44.3,78.0,39.4,44.1,36.1,252.0
2022-11-27 11:00:00,5.5,43.7,79.4,39.5,44.2,36.5,267.0
2022-11-27 12:00:00,6.3,43.4,77.1,38.7,43.3,35.9,243.0
2022-11-27 13:00:00,5.9,43.6,77.6,38.7,43.3,35.8,245.0
2022-11-27 14:00:00,6.4,44.2,78.4,40.3,44.7,36.8,272.0
2022-11-27 15:00:00,6.3,44.3,77.1,39.6,43.9,36.5,254.0
2022-11-27 16:00:00,5.8,44.5,78.2,39.4,44.0,36.4,251.0
2022-11-27 17:00:00,5.4,44.7,80.3,39.6,44.3,36.6,251.0
2022-11-27 18:00:00,5.2,44.8,81.1,40.5,45.4,37.2,276.0
2022-11-27 19:00:00,4.8,45.1,81.8,40.6,45.4,37.4,269.0
2022-11-27 20:00:00,4.4,45.5,82.3,40.6,45.3,37.4,266.0
2022-11-27 21:00:00,4.4,45.5,82.7,40.7,45.6,37.4,267.0
2022-11-27 22:00:00,4.2,45.7,81.2,40.7,45.4,37.6,270.0
2022-11-27 23:00:00,3.9,45.9,78.4,32.2,43.8,30.5,31.0
2022-11-28 00:00:00,4.0,45.9,71.1,30.6,53.4,31.2,0.0
2022-11-28 01:00:00,3.3,46.5,61.8,30.0,46.0,31.6,0.0
2022-11-28 02:00:00,2.7,47.1,59.6,29.6,47.8,31.3,0.0
2022-11-28 03:00:00,3.1,46.8,62.8,29.4,48.4,31.1,0.0
2022-11-28 04:00:00,3.0,46.7,60.6,29.4,48.3,30.2,0.0
2022-11-28 05:00:00,3.2,46.6,55.3,28.8,45.5,29.0,0.0
2022-11-28 06:00:00,3.2,46.5,74.3,37.8,40.2,24.1,75.0
2022-11-28 07:00:00,3.3,46.5,77.0,43.3,47.2,38.6,469.0
2022-11-28 08:00:00,4.6,45.3,83.8,41.0,45.8,37.6,292.0
2022-11-28 09:00:00,5.4,44.7,82.0,40.4,45.2,37.2,278.0
2022-11-28 10:00:00,5.8,44.5,80.8,40.1,44.8,36.9,266.0
2022-11-28 11:00:00,6.4,44.2,79.9,40.0,44.7,36.8,256.0
2022-11-28 12:00:00,6.8,44.0,79.0,39.8,44.4,36.8,266.0
2022-11-28 13:00:00,7.1,43.8,78.9,39.7,44.3,36.6,254.0
2022-11-28 14:00:00,6.8,44.0,78.5,39.5,44.0,36.6,254.0
2022-11-28 15:00:00,6.2,44.3,78.8,39.4,44.1,36.5,246.0
2022-11-28 16:00:00,5.7,44.6,80.2,39.6,44.3,36.6,253.0
2022-11-28 17:00:00,5.6,44.7,80.3,39.9,44.6,36.8,256.0
2022-11-28 18:00:00,5.3,44.8,80.2,40.0,44.6,37.1,257.0
2022-11-28 19:00:00,4.9,45.1,80.9,40.1,44.7,37.1,257.0
2022-11-28 20:00:00,4.3,45.7,83.3,40.7,45.5,37.5,273.0
2022-11-28 21:00:00,3.9,46.0,83.3,40.8,45.6,37.6,273.0
2022-11-28 22:00:00,3.6,45.7,83.9,40.8,45.7,37.7,273.0
2022-11-28 23:00:00,3.3,45.9,79.6,32.5,47.0,31.4,0.0
2022-11-29 00:00:00,2.9,46.1,71.6,31.2,52.1,31.8,0.0
2022-11-29 01:00:00,2.4,46.3,62.2,30.4,45.3,32.1,0.0
2022-11-29 02:00:00,2.6,46.2,59.4,29.9,47.0,31.8,0.0
2022-11-29 03:00:00,1.7,46.7,63.5,29.8,48.2,31.3,0.0
2022-11-29 04:00:00,0.4,47.3,60.7,29.6,47.8,30.5,0.0
2022-11-29 05:00:00,0.0,47.5,56.5,29.7,46.4,28.8,0.0
2022-11-29 06:00:00,-0.2,47.6,87.7,43.7,47.3,31.0,266.0
2022-11-29 07:00:00,-0.1,46.6,78.2,43.5,47.5,37.9,385.0
2022-11-29 08:00:00,-0.1,46.6,86.8,41.8,46.9,38.1,316.0
2022-11-29 09:00:00,1.1,46.2,86.3,41.7,46.7,38.0,305.0
2022-11-29 10:00:00,2.4,45.8,85.1,41.5,46.4,37.9,298.0
2022-11-29 11:00:00,3.8,45.4,84.0,41.0,45.9,37.6,286.0
2022-11-29 12:00:00,5.1,45.0,83.4,40.7,45.5,37.4,278.0
2022-11-29 13:00:00,6.1,43.0,80.2,39.3,44.0,36.9,261.0
2022-11-29 14:00:00,6.8,42.8,78.5,37.7,42.4,35.2,211.0
2022-11-29 15:00:00,6.0,43.1,77.9,37.9,42.4,35.3,227.0
2022-11-29 16:00:00,5.4,44.9,80.2,40.7,45.4,37.3,291.0
2022-11-29 17:00:00,4.7,45.1,82.4,41.0,45.8,37.4,277.0
2022-11-29 18:00:00,4.6,45.2,82.6,40.8,45.7,37.5,272.0
2022-11-29 19:00:00,4.0,45.4,84.0,40.9,45.9,37.6,283.0
2022-11-29 20:00:00,4.0,45.5,82.7,41.0,45.8,37.7,281.0
2022-11-29 21:00:00,4.1,45.4,82.7,40.9,45.8,37.6,275.0
2022-11-29 22:00:00,4.0,45.5,81.0,39.6,38.2,36.1,215.0
2022-11-29 23:00:00,4.6,45.2,77.9,31.6,56.9,31.5,0.0
2022-11-30 00:00:00,4.6,45.2,68.2,30.9,49.6,32.0,0.0
2022-11-30 01:00:00,4.5,45.2,59.6,30.2,43.6,32.2,0.0
2022-11-30 02:00:00,4.1,45.4,57.0,29.7,45.6,31.8,0.0
2022-11-30 03:00:00,3.9,45.5,61.1,29.6,46.5,31.1,0.0
2022-11-30 04:00:00,4.0,45.5,60.3,29.6,47.1,30.9,0.0
2022-11-30 05:00:00,3.7,45.6,55.6,28.9,44.7,29.8,0.0
2022-11-30 06:00:00,4.0,45.5,74.5,36.6,38.6,23.2,76.0
2022-11-30 07:00:00,5.1,44.9,76.0,41.5,45.6,37.8,446.0
2022-11-30 08:00:00,5.6,44.8,80.8,39.6,44.4,36.6,266.0
2022-11-30 09:00:00,6.2,44.7,80.3,39.8,44.4,36.3,266.0
2022-11-30 10:00:00,6.9,44.5,79.3,39.9,44.4,36.4,270.0
2022-11-30 11:00:00,7.3,44.4,78.3,39.8,44.3,36.5,264.0
2022-11-30 12:00:00,7.9,44.3,77.4,39.7,44.2,36.5,260.0
2022-11-30 13:00:00,7.8,42.0,75.3,36.9,41.2,35.0,215.0
2022-11-30 14:00:00,7.5,44.3,76.9,37.1,42.0,34.8,216.0
2022-11-30 15:00:00,7.4,44.4,78.6,40.5,45.0,37.0,288.0
2022-11-30 16:00:00,6.7,44.8,78.5,40.5,44.9,37.0,274.0
2022-11-30 17:00:00,6.3,45.1,79.3,40.7,45.2,37.2,273.0
2022-11-30 18:00:00,6.0,45.3,79.6,40.9,45.6,37.4,270.0
2022-11-30 19:00:00,5.7,45.5,80.8,41.2,45.8,37.6,281.0
2022-11-30 20:00:00,5.5,45.6,80.6,41.4,46.0,37.9,281.0
2022-11-30 21:00:00,5.5,45.6,80.6,41.4,45.9,37.8,277.0
2022-11-30 22:00:00,5.5,45.6,80.9,41.4,45.8,37.8,280.0
2022-11-30 23:00:00,5.1,45.9,75.9,32.8,40.0,31.6,0.0
2022-12-01 00:00:00,5.4,45.7,71.2,31.2,52.8,31.4,0.0
2022-12-01 01:00:00,5.2,45.8,62.3,30.8,46.0,31.9,0.0
2022-12-01 02:00:00,4.7,46.1,61.2,30.5,47.6,31.6,0.0
2022-12-01 03:00:00,4.8,46.0,54.5,30.0,45.7,31.7,0.0
2022-12-01 04:00:00,4.6,46.1,55.3,29.8,45.0,30.8,0.0
2022-12-01 05:00:00,4.2,46.3,56.9,29.8,46.3,29.4,0.0
2022-12-01 06:00:00,4.1,46.3,57.3,32.3,52.2,27.2,0.0
2022-12-01 07:00:00,4.3,46.2,81.2,42.3,46.9,38.2,499.0
2022-12-01 08:00:00,4.5,46.2,81.2,41.5,46.1,37.6,302.0
2022-12-01 09:00:00,4.2,46.3,81.0,41.5,46.1,37.6,295.0
2022-12-01 10:00:00,3.7,46.5,81.2,41.6,46.3,37.7,296.0
2022-12-01 11:00:00,3.9,45.9,82.7,41.7,46.4,38.0,303.0
2022-12-01 12:00:00,4.6,45.7,80.9,41.1,45.7,37.5,281.0
2022-12-01 13:00:00,4.0,45.9,81.0,41.0,45.6,37.5,281.0
2022-12-01 14:00:00,4.0,45.9,81.0,41.0,45.7,37.4,281.0
2022-12-01 15:00:00,3.5,46.1,82.1,41.1,45.9,37.4,279.0
2022-12-01 16:00:00,3.9,45.9,82.6,41.2,46.0,37.7,288.0
2022-12-01 17:00:00,4.1,45.9,83.5,41.3,46.2,37.8,284.0
2022-12-01 18:00:00,4.3,45.8,82.7,41.4,46.1,37.8,286.0
2022-12-01 19:00:00,4.0,45.9,82.9,41.4,46.1,37.8,284.0
2022-12-01 20:00:00,4.0,45.9,82.0,41.4,46.1,37.9,286.0
2022-12-01 21:00:00,4.1,45.9,83.8,41.4,46.2,37.8,279.0
2022-12-01 22:00:00,3.9,45.9,83.0,41.2,40.6,38.0,279.0
2022-12-01 23:00:00,3.7,46.0,79.0,32.3,48.3,31.7,0.0
2022-12-02 00:00:00,3.7,46.0,70.4,31.1,52.3,31.9,0.0
2022-12-02 01:00:00,3.6,46.1,61.3,30.4,45.8,32.3,0.0
2022-12-02 02:00:00,3.6,46.1,60.4,29.9,47.6,31.8,0.0
2022-12-02 03:00:00,3.6,46.2,60.7,29.5,46.9,31.9,0.0
2022-12-02 04:00:00,3.4,46.2,55.6,29.4,46.0,30.9,0.0
2022-12-02 05:00:00,3.4,46.2,55.5,29.4,45.2,29.1,0.0
2022-12-02 06:00:00,3.4,46.2,65.5,40.4,43.7,32.5,267.0
2022-12-02 07:00:00,3.4,46.2,78.3,42.3,46.7,38.2,375.0
2022-12-02 08:00:00,3.9,45.9,82.9,41.3,46.0,37.7,300.0
2022-12-02 09:00:00,4.5,45.7,80.8,40.6,45.3,37.2,278.0
2022-12-02 10:00:00,4.9,45.5,80.7,40.2,44.9,36.9,268.0
2022-12-02 11:00:00,6.4,44.6,80.0,40.1,44.8,36.7,271.0
2022-12-02 12:00:00,7.2,44.1,79.1,39.9,44.5,36.6,262.0
2022-12-02 13:00:00,7.3,44.0,78.8,39.8,44.4,36.6,262.0
2022-12-02 14:00:00,7.3,44.4,78.9,39.7,44.3,36.5,257.0
2022-12-02 15:00:00,7.1,44.5,78.7,39.8,44.4,36.6,261.0
2022-12-02 16:00:00,6.8,44.8,78.9,39.8,44.3,36.6,260.0
2022-12-02 17:00:00,5.8,45.4,79.8,40.0,44.7,36.7,264.0
2022-12-02 18:00:00,5.5,45.6,80.0,41.5,46.0,37.6,287.0
2022-12-02 19:00:00,5.3,45.8,80.6,41.9,46.4,37.9,291.0
2022-12-02 20:00:00,5.2,45.8,80.6,40.9,45.5,37.7,278.0
2022-12-02 21:00:00,4.9,46.0,78.9,41.2,45.7,37.4,269.0
2022-12-02 22:00:00,4.6,46.1,76.3,34.3,33.9,31.4,94.0
2022-12-02 23:00:00,4.3,46.2,71.2,30.9,54.6,31.0,0.0
2022-12-03 00:00:00,3.7,46.5,62.3,30.3,47.9,31.6,0.0
2022-12-03 01:00:00,3.8,46.4,62.6,30.0,49.1,31.6,0.0
2022-12-03 02:00:00,4.3,46.2,53.9,29.2,43.8,31.3,0.0
2022-12-03 03:00:00,4.5,46.2,56.0,29.1,45.6,30.3,0.0
2022-12-03 04:00:00,4.0,46.4,55.1,29.1,45.4,28.8,0.0
2022-12-03 05:00:00,3.7,46.5,55.8,28.4,46.0,26.9,0.0
2022-12-03 06:00:00,3.8,46.4,74.0,34.7,38.4,22.2,60.0
2022-12-03 07:00:00,4.2,46.3,82.1,41.9,46.4,38.1,495.0
2022-12-03 08:00:00,4.8,46.0,80.6,40.8,45.5,37.2,283.0
2022-12-03 09:00:00,5.8,45.4,79.8,40.7,45.3,37.2,283.0
2022-12-03 10:00:00,7.7,44.1,78.9,40.3,44.9,36.9,274.0
2022-12-03 11:00:00,8.9,43.4,76.7,39.4,43.7,36.4,252.0
2022-12-03 12:00:00,9.4,43.1,74.4,38.6,42.9,35.7,235.0
2022-12-03 13:00:00,10.0,42.4,73.5,38.4,42.7,35.5,233.0
2022-12-03 14:00:00,9.5,42.5,71.5,37.9,42.0,35.2,223.0
2022-12-03 15:00:00,8.6,42.6,73.5,38.0,42.4,35.2,225.0
2022-12-03 16:00:00,7.3,44.2,74.9,38.3,42.8,35.4,233.0
2022-12-03 17:00:00,7.0,44.3,76.6,40.7,44.9,36.9,277.0
2022-12-03 18:00:00,6.9,44.3,76.3,40.6,44.9,37.0,265.0
2022-12-03 19:00:00,6.9,44.3,75.9,40.2,44.5,36.9,257.0
2022-12-03 20:00:00,6.9,44.3,77.0,40.1,44.5,36.7,255.0
2022-12-03 21:00:00,6.9,44.3,77.4,40.3,44.7,36.9,257.0
2022-12-03 22:00:00,6.9,44.3,77.5,40.3,44.7,37.0,258.0
2022-12-03 23:00:00,6.8,44.4,74.5,32.1,43.8,31.1,0.0
2022-12-04 00:00:00,6.4,44.5,68.3,30.9,51.7,31.3,0.0
2022-12-04 01:00:00,6.2,44.6,60.1,30.5,46.0,31.6,0.0
2022-12-04 02:00:00,6.5,44.5,53.7,30.2,43.1,31.7,0.0
2022-12-04 03:00:00,6.6,44.4,53.4,29.7,43.1,31.3,0.0
2022-12-04 04:00:00,7.0,44.3,55.7,29.6,44.2,30.5,0.0
2022-12-04 05:00:00,6.8,44.4,54.0,29.5,43.7,29.7,0.0
2022-12-04 06:00:00,6.9,45.1,66.2,32.9,34.9,22.6,52.0
2022-12-04 07:00:00,6.9,45.1,79.9,41.1,45.6,37.6,443.0
2022-12-04 08:00:00,7.7,46.2,76.4,41.7,45.8,36.7,270.0
2022-12-04 09:00:00,8.2,45.8,78.0,42.2,46.3,38.0,310.0
2022-12-04 10:00:00,9.7,44.8,73.6,40.7,44.7,37.3,268.0
2022-12-04 11:00:00,10.6,44.3,72.1,39.8,43.8,36.5,246.0
2022-12-04 12:00:00,10.3,44.4,72.7,40.2,44.3,36.5,250.0
2022-12-04 13:00:00,10.5,44.3,72.5,40.5,44.5,36.7,260.0
2022-12-04 14:00:00,10.0,44.6,73.2,40.5,44.6,36.7,257.0
2022-12-04 15:00:00,9.2,45.2,74.0,40.9,45.0,36.9,264.0
2022-12-04 16:00:00,8.6,45.6,76.7,41.5,45.7,37.5,273.0
2022-12-04 17:00:00,8.4,45.6,77.3,42.0,46.3,37.9,283.0
2022-12-04 18:00:00,8.2,45.8,76.1,42.1,46.1,38.0,279.0
2022-12-04 19:00:00,7.9,46.0,77.0,42.1,46.2,38.1,279.0
2022-12-04 20:00:00,7.8,46.1,76.5,42.1,46.1,38.0,276.0
2022-12-04 21:00:00,7.8,46.1,77.6,42.3,46.4,38.3,282.0
2022-12-04 22:00:00,7.6,46.2,77.5,40.9,40.2,37.7,243.0
2022-12-04 23:00:00,7.2,46.5,73.4,32.8,45.0,32.4,0.0
2022-12-05 00:00:00,6.8,46.7,67.3,31.7,52.3,32.2,0.0
2022-12-05 01:00:00,6.8,46.7,59.5,31.2,45.6,32.5,0.0
2022-12-05 02:00:00,6.9,46.7,57.7,30.8,47.4,32.2,0.0
2022-12-05 03:00:00,6.1,47.2,59.6,30.8,47.8,32.1,0.0
2022-12-05 04:00:00,6.2,47.2,55.4,30.4,46.3,31.1,0.0
2022-12-05 05:00:00,6.2,47.2,54.8,31.1,46.0,29.7,0.0
2022-12-05 06:00:00,6.3,45.9,72.9,38.5,40.3,26.6,139.0
2022-12-05 07:00:00,6.2,46.0,75.3,43.3,47.5,38.3,400.0
2022-12-05 08:00:00,6.7,45.6,79.9,41.4,45.9,37.7,288.0
2022-12-05 09:00:00,7.6,44.9,79.3,41.1,45.7,37.5,275.0
2022-12-05 10:00:00,8.7,44.1,77.8,40.0,44.5,36.9,255.0
2022-12-05 11:00:00,9.2,43.6,75.6,39.4,43.7,36.6,244.0
2022-12-05 12:00:00,10.0,43.0,75.0,39.0,43.3,36.0,232.0
2022-12-05 13:00:00,10.7,42.5,74.1,38.7,38.6,36.0,227.0
2022-12-05 14:00:00,11.0,42.3,70.9,31.7,42.4,30.7,0.0
2022-12-05 15:00:00,10.5,42.7,60.8,39.8,42.8,34.0,248.0
2022-12-05 16:00:00,9.2,43.7,74.8,39.0,43.3,36.1,267.0
2022-12-05 17:00:00,8.1,44.5,77.6,40.0,44.5,36.6,251.0
2022-12-05 18:00:00,7.6,44.9,79.3,40.8,45.3,37.3,267.0
2022-12-05 19:00:00,7.3,45.2,82.5,41.1,46.0,37.6,267.0
2022-12-05 20:00:00,7.2,45.2,77.1,40.2,44.6,37.2,254.0
2022-12-05 21:00:00,7.1,45.3,77.3,40.7,45.0,37.3,256.0
2022-12-05 22:00:00,7.1,45.3,77.3,40.6,39.9,37.5,248.0
2022-12-05 23:00:00,6.9,45.5,73.7,32.5,46.4,31.9,0.0
2022-12-06 00:00:00,6.7,45.6,67.2,31.5,50.6,31.9,0.0
2022-12-06 01:00:00,6.7,45.6,59.3,30.9,44.1,32.2,0.0
2022-12-06 02:00:00,6.9,45.5,56.7,30.5,46.1,32.0,0.0
2022-12-06 03:00:00,7.3,45.2,59.3,30.4,46.7,31.9,0.0
2022-12-06 04:00:00,7.3,45.2,52.7,30.2,43.8,31.4,0.0
2022-12-06 05:00:00,7.5,45.0,53.4,30.2,44.1,30.3,0.0
2022-12-06 06:00:00,7.5,45.0,52.9,30.7,44.8,28.5,0.0
2022-12-06 07:00:00,7.7,44.9,79.3,42.8,46.8,36.5,375.0
2022-12-06 08:00:00,8.1,44.5,78.0,40.1,44.6,36.8,270.0
2022-12-06 09:00:00,8.6,44.2,78.3,39.9,44.4,36.7,259.0
2022-12-06 10:00:00,9.6,43.4,75.9,39.5,43.8,36.6,255.0
2022-12-06 11:00:00,11.0,42.3,74.4,38.6,42.8,36.0,228.0
2022-12-06 12:00:00,11.4,42.0,73.3,38.0,42.3,35.4,217.0
2022-12-06 13:00:00,11.4,42.0,71.8,35.8,35.6,33.1,155.0
2022-12-06 14:00:00,11.0,42.3,69.2,30.6,50.7,30.4,0.0
2022-12-06 15:00:00,10.8,44.1,62.6,30.2,49.9,30.5,0.0
2022-12-06 16:00:00,10.6,44.2,57.3,30.0,48.2,30.7,0.0
2022-12-06 17:00:00,10.3,44.3,54.5,29.8,46.4,30.6,0.0
2022-12-06 18:00:00,10.3,44.3,75.6,44.5,46.8,33.7,277.0
2022-12-06 19:00:00,9.9,44.5,75.5,40.0,44.3,36.8,287.0
2022-12-06 20:00:00,9.4,45.2,73.2,40.7,44.8,36.6,252.0
2022-12-06 21:00:00,9.0,45.4,75.4,41.6,45.7,37.9,288.0
2022-12-06 22:00:00,9.0,45.4,75.7,41.5,45.6,37.8,268.0
2022-12-06 23:00:00,8.9,45.4,72.6,32.4,32.6,29.9,0.0
2022-12-07 00:00:00,8.1,45.7,70.8,27.7,29.4,26.7,0.0
2022-12-07 01:00:00,7.8,45.9,68.7,25.9,28.0,25.3,0.0
2022-12-07 02:00:00,7.7,45.9,66.8,24.9,27.3,24.7,0.0
2022-12-07 03:00:00,7.9,45.8,65.7,24.4,27.0,24.4,0.0
2022-12-07 04:00:00,8.2,45.7,64.1,24.2,26.9,24.1,0.0
2022-12-07 05:00:00,8.1,45.7,63.5,24.7,26.3,24.0,0.0
2022-12-07 06:00:00,7.8,46.2,79.7,41.0,43.4,26.9,131.0
2022-12-07 07:00:00,7.8,46.2,79.5,41.9,46.3,38.1,411.0
2022-12-07 08:00:00,8.0,46.1,79.1,41.6,46.1,37.8,285.0
2022-12-07 09:00:00,8.8,45.3,78.4,41.6,45.9,37.8,282.0
2022-12-07 10:00:00,9.9,44.8,75.5,40.8,44.9,37.5,262.0
2022-12-07 11:00:00,10.7,44.5,74.3,40.3,44.5,37.0,202.0
2022-12-07 12:00:00,13.0,43.4,63.0,43.3,27.0,27.0,0.0
2022-12-07 13:00:00,13.9,43.0,56.8,40.3,33.3,31.2,0.0
2022-12-07 14:00:00,13.5,43.2,51.8,37.6,31.1,29.2,0.0
2022-12-07 15:00:00,12.8,43.5,67.2,37.5,38.3,23.8,34.0
2022-12-07 16:00:00,12.1,43.8,72.8,40.5,44.5,36.7,392.0
2022-12-07 17:00:00,11.9,43.9,73.8,40.3,44.5,36.8,252.0
2022-12-07 18:00:00,11.5,44.1,73.7,40.3,44.4,36.9,248.0
2022-12-07 19:00:00,9.2,45.1,74.1,40.4,44.5,36.9,247.0
2022-12-07 20:00:00,8.5,45.4,76.5,41.0,45.1,37.4,259.0
2022-12-07 21:00:00,8.1,45.6,76.8,41.8,45.9,37.8,271.0
2022-12-07 22:00:00,7.9,45.7,77.3,40.8,40.0,37.7,242.0
2022-12-07 23:00:00,7.6,45.8,73.8,31.6,32.8,29.7,0.0
2022-12-08 00:00:00,7.4,45.9,71.8,27.8,37.5,26.7,0.0
2022-12-08 01:00:00,7.1,46.0,69.6,26.0,28.2,26.4,0.0
2022-12-08 02:00:00,7.4,45.9,67.6,25.0,27.6,25.5,0.0
2022-12-08 03:00:00,7.3,46.0,65.6,24.5,28.9,24.9,0.0
2022-12-08 04:00:00,7.1,46.1,64.2,24.2,28.6,24.5,0.0
2022-12-08 05:00:00,6.9,46.1,62.8,23.9,26.4,23.9,0.0
2022-12-08 06:00:00,6.9,46.1,77.4,34.1,38.8,24.9,68.0
2022-12-08 07:00:00,6.7,45.6,80.4,41.7,46.1,38.1,445.0
2022-12-08 08:00:00,7.0,45.4,79.2,41.2,45.6,37.7,279.0
2022-12-08 09:00:00,7.5,45.0,79.1,40.9,45.4,37.6,271.0
2022-12-08 10:00:00,8.0,44.6,78.4,40.6,45.1,37.3,262.0
2022-12-08 11:00:00,10.1,43.0,76.7,39.1,43.5,36.7,239.0
2022-12-08 12:00:00,11.5,41.9,73.7,38.0,42.3,35.7,212.0
2022-12-08 13:00:00,12.4,41.2,72.4,37.5,41.8,35.2,204.0
2022-12-08 14:00:00,12.7,41.0,71.1,36.8,40.9,34.8,191.0
2022-12-08 15:00:00,11.8,41.7,72.0,36.9,41.2,34.6,190.0
2022-12-08 16:00:00,10.8,42.4,74.0,37.6,41.9,35.2,212.0
2022-12-08 17:00:00,10.4,42.8,75.2,38.1,42.6,35.6,219.0
2022-12-08 18:00:00,10.3,42.9,75.2,38.3,42.7,35.8,218.0
2022-12-08 19:00:00,10.2,42.9,76.2,38.3,42.8,35.8,218.0
2022-12-08 20:00:00,10.0,43.1,75.5,38.1,42.5,35.7,213.0
2022-12-08 21:00:00,9.6,43.4,74.9,38.7,43.0,35.7,215.0
2022-12-08 22:00:00,9.2,43.7,76.6,39.5,39.5,36.5,234.0
2022-12-08 23:00:00,9.2,43.7,63.2,32.4,31.8,29.4,0.0
2022-12-09 00:00:00,9.1,43.8,68.2,27.6,29.1,26.6,0.0
2022-12-09 01:00:00,9.4,43.5,68.6,25.8,28.1,25.5,0.0
2022-12-09 02:00:00,9.4,43.5,66.9,25.0,27.6,25.0,0.0
2022-12-09 03:00:00,10.3,42.8,65.3,24.7,27.3,24.7,0.0
2022-12-09 04:00:00,9.7,43.3,63.8,24.4,26.9,24.4,0.0
2022-12-09 05:00:00,9.3,43.6,62.3,24.2,26.6,24.1,0.0
2022-12-09 06:00:00,8.8,44.0,32.5,32.0,34.1,24.1,0.0
2022-12-09 07:00:00,9.4,43.6,79.0,39.5,44.0,37.2,428.0
2022-12-09 08:00:00,9.9,43.1,76.8,38.3,42.9,35.6,218.0
2022-12-09 09:00:00,10.4,42.8,74.5,38.2,42.6,35.6,227.0
2022-12-09 10:00:00,12.3,41.3,74.2,37.5,41.8,35.4,216.0
2022-12-09 11:00:00,12.9,40.8,71.9,36.2,40.3,34.4,181.0
2022-12-09 12:00:00,14.3,40.0,71.3,35.6,39.8,33.9,173.0
2022-12-09 13:00:00,13.7,40.2,68.9,32.0,32.2,29.8,62.0
2022-12-09 14:00:00,13.4,40.4,66.8,27.7,29.1,26.6,0.0
2022-12-09 15:00:00,14.1,40.0,64.9,26.0,27.7,25.2,0.0
2022-12-09 16:00:00,14.2,42.0,64.5,39.7,42.6,35.9,329.0
2022-12-09 17:00:00,12.6,42.7,72.3,38.5,42.7,35.7,222.0
2022-12-09 18:00:00,12.3,43.0,72.7,38.6,42.7,35.8,221.0
2022-12-09 19:00:00,13.4,42.3,72.5,38.5,42.8,36.0,222.0
2022-12-09 20:00:00,12.5,42.8,71.1,38.0,42.1,35.6,206.0
2022-12-09 21:00:00,12.8,42.6,70.9,39.0,43.2,36.1,220.0
2022-12-09 22:00:00,12.4,42.8,69.9,37.2,37.7,35.2,180.0
2022-12-09 23:00:00,12.3,43.0,67.0,31.0,37.7,29.1,0.0
2022-12-10 00:00:00,12.0,43.1,65.0,27.5,29.1,26.5,0.0
2022-12-10 01:00:00,12.2,43.0,63.1,26.1,28.1,25.4,0.0
2022-12-10 02:00:00,12.4,42.8,61.7,25.2,27.4,24.9,0.0
2022-12-10 03:00:00,13.9,42.0,59.8,24.8,27.7,24.7,0.0
2022-12-10 04:00:00,14.1,42.0,59.1,24.5,33.0,24.6,0.0
2022-12-10 05:00:00,13.5,42.2,58.0,24.4,26.9,24.3,0.0
2022-12-10 06:00:00,13.5,42.2,76.4,39.5,42.4,28.7,145.0
2022-12-10 07:00:00,13.5,45.1,74.1,41.8,45.7,38.0,376.0
2022-12-10 08:00:00,13.5,45.1,73.0,41.3,45.1,37.6,257.0
2022-12-10 09:00:00,14.3,43.0,72.8,39.6,43.4,37.4,243.0
2022-12-10 10:00:00,15.0,43.0,68.2,35.4,34.3,32.0,90.0
2022-12-10 11:00:00,16.2,43.0,66.8,29.3,32.5,28.2,0.0
2022-12-10 12:00:00,16.4,43.0,64.9,26.9,28.4,25.9,0.0
2022-12-10 13:00:00,16.8,43.0,63.2,25.7,30.1,25.2,0.0
2022-12-10 14:00:00,16.2,43.0,60.9,24.9,27.4,25.0,0.0
2022-12-10 15:00:00,15.1,43.0,59.3,24.7,27.1,24.5,0.0
2022-12-10 16:00:00,14.2,42.0,60.7,35.9,37.0,24.4,36.0
2022-12-10 17:00:00,14.1,42.0,72.1,38.3,42.5,35.9,352.0
2022-12-10 18:00:00,13.7,42.2,69.1,37.5,41.5,35.2,198.0
2022-12-10 19:00:00,13.8,42.1,70.4,38.3,42.2,35.6,210.0
2022-12-10 20:00:00,13.8,42.1,69.8,38.5,42.4,35.7,210.0
2022-12-10 21:00:00,13.7,44.1,71.3,40.7,44.7,37.0,243.0
2022-12-10 22:00:00,13.8,44.0,69.2,39.3,39.1,36.6,207.0
2022-12-10 23:00:00,13.6,44.2,67.0,32.0,31.9,29.4,0.0
2022-12-11 00:00:00,13.6,44.1,64.5,28.1,37.1,27.0,0.0
2022-12-11 01:00:00,12.9,44.4,62.8,26.6,36.5,25.8,0.0
2022-12-11 02:00:00,13.5,44.2,61.0,25.6,27.5,25.0,0.0
2022-12-11 03:00:00,14.1,44.0,59.5,25.0,27.4,24.9,0.0
2022-12-11 04:00:00,14.0,44.0,58.2,24.8,27.1,24.6,0.0
2022-12-11 05:00:00,13.8,44.0,56.6,24.5,27.0,24.4,0.0
2022-12-11 06:00:00,6.9,47.1,47.7,32.4,33.9,25.1,63.0
2022-12-11 07:00:00,5.8,47.6,81.0,43.9,48.2,39.7,448.0
2022-12-11 08:00:00,5.4,47.8,79.9,43.3,47.7,39.2,295.0
2022-12-11 09:00:00,5.0,46.0,81.0,43.0,47.3,39.4,301.0
2022-12-11 10:00:00,4.6,46.1,82.7,40.8,45.5,37.9,247.0
2022-12-11 11:00:00,4.6,46.1,81.3,41.1,45.6,37.9,258.0
2022-12-11 12:00:00,4.2,45.4,83.6,41.0,45.8,38.1,266.0
2022-12-11 13:00:00,3.3,45.8,82.8,40.5,45.3,37.7,251.0
2022-12-11 14:00:00,3.4,45.8,84.7,40.7,45.7,37.7,257.0
2022-12-11 15:00:00,3.2,45.9,84.5,40.8,45.7,37.8,267.0
2022-12-11 16:00:00,3.1,45.9,83.8,40.8,45.6,38.0,261.0
2022-12-11 17:00:00,3.7,45.6,85.2,41.0,46.0,38.1,264.0
2022-12-11 18:00:00,3.9,45.5,80.1,40.9,45.6,37.6,250.0
2022-12-11 19:00:00,3.8,45.6,83.6,41.1,45.8,38.2,269.0
2022-12-11 20:00:00,4.0,45.5,83.6,40.9,45.7,38.0,257.0
2022-12-11 21:00:00,4.0,45.5,82.8,40.9,45.6,38.0,255.0
2022-12-11 22:00:00,4.1,45.4,81.8,36.4,37.8,34.9,166.0
2022-12-11 23:00:00,4.1,45.4,79.3,30.0,32.0,29.2,0.0
2022-12-12 00:00:00,3.8,45.6,76.8,27.5,29.8,27.0,0.0
2022-12-12 01:00:00,3.8,45.6,74.6,26.2,29.0,26.1,0.0
2022-12-12 02:00:00,3.4,45.8,73.1,25.7,29.2,26.3,0.0
2022-12-12 03:00:00,3.3,45.8,72.3,25.6,28.8,25.7,35.0
2022-12-12 04:00:00,3.4,45.8,71.4,25.7,28.8,25.7,36.0
2022-12-12 05:00:00,3.4,45.8,70.2,25.4,28.5,25.5,34.0
2022-12-12 06:00:00,3.4,45.8,84.8,43.9,47.8,34.7,296.0
2022-12-12 07:00:00,3.5,45.7,74.1,41.2,45.3,37.2,286.0
2022-12-12 08:00:00,3.3,45.8,83.9,41.3,46.1,38.1,295.0
2022-12-12 09:00:00,3.5,45.7,83.7,41.0,45.9,37.8,272.0
2022-12-12 10:00:00,3.9,45.5,83.2,41.1,45.8,37.8,272.0
2022-12-12 11:00:00,3.5,45.7,83.8,41.1,45.9,37.8,272.0
2022-12-12 12:00:00,2.4,46.3,84.5,41.1,46.0,37.9,272.0
2022-12-12 13:00:00,2.5,46.2,85.5,41.4,46.3,38.1,279.0
2022-12-12 14:00:00,2.4,46.3,85.1,41.5,46.4,38.2,281.0
2022-12-12 15:00:00,1.6,46.7,85.6,41.6,46.5,38.3,281.0
2022-12-12 16:00:00,1.4,46.8,86.8,41.8,46.7,38.4,283.0
2022-12-12 17:00:00,1.2,46.9,86.5,41.9,46.8,38.5,286.0
2022-12-12 18:00:00,1.0,46.9,86.3,42.0,46.9,38.6,284.0
2022-12-12 19:00:00,0.5,44.7,86.7,41.3,45.9,38.6,283.0
2022-12-12 20:00:00,0.2,44.8,85.6,39.0,44.2,36.8,217.0
2022-12-12 21:00:00,0.5,44.7,85.9,39.5,44.7,36.9,247.0
2022-12-12 22:00:00,0.4,44.7,85.9,39.6,44.7,37.0,248.0
2022-12-12 23:00:00,-0.1,45.1,82.7,32.7,33.7,30.9,62.0
2022-12-13 00:00:00,-0.5,45.3,80.1,27.8,30.2,27.3,0.0
2022-12-13 01:00:00,-0.7,45.4,77.7,26.0,28.8,25.9,0.0
2022-12-13 02:00:00,-1.0,45.6,75.9,25.5,28.7,25.5,32.0
2022-12-13 03:00:00,-1.0,45.6,75.2,25.4,28.8,25.6,42.0
2022-12-13 04:00:00,-1.4,45.9,73.9,25.3,28.5,25.4,42.0
2022-12-13 05:00:00,-1.5,45.9,72.7,25.6,29.7,25.3,47.0
2022-12-13 06:00:00,-1.6,48.9,78.7,39.9,43.3,29.0,169.0
2022-12-13 07:00:00,-2.0,49.1,78.6,45.9,49.5,40.3,462.0
2022-12-13 08:00:00,-1.0,48.8,89.3,44.4,49.3,39.9,345.0
2022-12-13 09:00:00,-0.6,48.7,86.8,44.0,48.8,39.6,334.0
2022-12-13 10:00:00,0.6,48.3,87.1,43.9,48.8,39.5,327.0
2022-12-13 11:00:00,1.3,48.1,86.1,43.8,48.5,39.5,323.0
2022-12-13 12:00:00,1.6,48.0,86.0,43.7,48.5,39.4,319.0
2022-12-13 13:00:00,1.6,46.3,86.2,41.3,46.2,38.3,285.0
2022-12-13 14:00:00,1.7,46.3,84.4,41.0,46.0,37.7,269.0
2022-12-13 15:00:00,1.9,46.2,84.5,41.2,46.1,37.9,281.0
2022-12-13 16:00:00,1.4,46.4,84.7,41.3,46.1,37.9,280.0
2022-12-13 17:00:00,1.4,46.4,85.3,41.4,46.2,38.0,281.0
2022-12-13 18:00:00,1.3,46.4,85.4,41.5,46.4,38.1,284.0
2022-12-13 19:00:00,1.3,44.9,85.5,41.6,46.5,38.2,278.0
2022-12-13 20:00:00,1.4,44.8,86.0,39.3,44.1,36.8,242.0
2022-12-13 21:00:00,1.6,44.7,84.1,39.7,44.7,36.9,255.0
2022-12-13 22:00:00,1.6,44.7,83.9,39.6,39.6,36.9,245.0
2022-12-13 23:00:00,1.4,44.8,80.3,31.1,31.9,29.3,0.0
2022-12-14 00:00:00,1.1,45.1,78.0,27.1,29.1,26.3,0.0
2022-12-14 01:00:00,0.8,45.2,75.6,25.3,27.7,25.0,0.0
2022-12-14 02:00:00,0.8,45.3,73.3,24.5,27.1,24.3,0.0
2022-12-14 03:00:00,0.9,45.2,71.5,24.0,26.6,23.9,0.0
2022-12-14 04:00:00,1.0,45.2,70.1,23.5,26.3,23.5,0.0
2022-12-14 05:00:00,0.9,45.2,23.5,23.6,25.4,23.1,0.0
2022-12-14 06:00:00,1.8,47.2,62.9,37.6,39.6,28.6,189.0
2022-12-14 07:00:00,2.1,47.1,77.4,44.0,48.1,38.9,420.0
2022-12-14 08:00:00,2.2,46.4,85.7,42.6,47.2,38.5,318.0
2022-12-14 09:00:00,2.9,46.0,84.8,41.1,46.0,37.7,289.0
2022-12-14 10:00:00,3.6,45.7,83.7,40.8,45.7,37.4,282.0
2022-12-14 11:00:00,3.7,45.6,83.0,40.7,45.5,37.2,279.0
2022-12-14 12:00:00,4.2,45.4,83.4,40.6,45.4,37.2,278.0
2022-12-14 13:00:00,4.5,45.2,80.6,40.4,44.9,37.1,271.0
2022-12-14 14:00:00,4.5,45.2,80.8,40.1,44.7,36.9,266.0
2022-12-14 15:00:00,4.5,45.2,81.0,40.2,44.9,36.9,265.0
2022-12-14 16:00:00,3.9,45.5,81.0,40.2,44.9,36.9,269.0
2022-12-14 17:00:00,3.9,45.5,82.6,40.6,45.4,37.3,277.0
2022-12-14 18:00:00,3.3,45.8,83.1,40.7,45.6,37.4,208.0
2022-12-14 19:00:00,3.29,45.81,83.16,40.76,45.64,37.43,158.14
2022-12-14 20:00:00,3.29,45.81,83.21,40.83,45.69,37.46,158.14
2022-12-14 21:00:00,3.28,45.82,83.27,40.89,45.73,37.49,158.14
2022-12-14 22:00:00,3.27,45.83,83.33,40.96,45.77,37.51,158.14
2022-12-14 23:00:00,3.26,45.84,83.39,41.02,45.81,37.54,158.14
2022-12-15 00:00:00,3.26,45.84,83.44,41.09,45.86,37.57,158.14
2022-12-15 01:00:00,3.25,45.85,83.5,41.15,45.9,37.6,158.14
2022-12-15 02:00:00,3.24,45.86,83.56,41.21,45.94,37.63,158.14
2022-12-15 03:00:00,3.24,45.86,83.61,41.28,45.99,37.66,158.14
2022-12-15 04:00:00,3.23,45.87,83.67,41.34,46.03,37.69,158.14
2022-12-15 05:00:00,3.22,45.88,83.73,41.41,46.07,37.71,158.14
2022-12-15 06:00:00,3.21,45.89,83.79,41.47,46.11,37.74,158.14
2022-12-15 07:00:00,3.21,45.89,83.84,41.54,46.16,37.77,158.14
2022-12-15 08:00:00,3.2,45.9,83.9,41.6,46.2,37.8,158.14
2022-12-15 09:00:00,4.1,45.5,82.9,41.3,46.0,37.6,307.0
2022-12-15 10:00:00,5.6,44.6,80.6,40.2,44.7,37.1,271.0
2022-12-15 11:00:00,6.6,44.1,79.3,39.3,44.1,36.3,251.0
2022-12-15 12:00:00,7.6,43.5,79.2,39.3,43.9,36.3,252.0
2022-12-15 13:00:00,8.3,43.1,78.3,39.0,43.6,36.1,245.0
2022-12-15 14:00:00,7.7,43.5,78.4,38.9,43.4,35.9,242.0
2022-12-15 15:00:00,7.5,43.6,77.7,38.8,43.4,36.0,242.0
2022-12-15 16:00:00,6.9,43.9,78.0,38.9,43.6,36.0,245.0
2022-12-15 17:00:00,6.0,44.3,79.3,39.1,43.8,36.2,248.0
2022-12-15 18:00:00,6.0,44.4,79.9,39.4,44.0,36.4,256.0
2022-12-15 19:00:00,6.6,44.1,77.5,39.2,43.7,36.3,248.0
2022-12-15 20:00:00,5.8,44.5,76.6,39.6,44.0,36.2,245.0
2022-12-15 21:00:00,6.9,43.9,75.8,40.1,44.4,36.7,258.0
2022-12-15 22:00:00,7.6,43.5,74.8,38.9,39.0,36.3,233.0
2022-12-15 23:00:00,7.9,43.3,72.0,31.1,31.3,28.8,0.0
2022-12-16 00:00:00,7.9,43.3,69.3,27.0,28.4,26.0,0.0
2022-12-16 01:00:00,8.0,43.3,67.0,25.3,27.4,24.7,0.0
2022-12-16 02:00:00,8.2,43.2,65.8,24.4,26.8,24.1,0.0
2022-12-16 03:00:00,8.5,43.1,64.1,24.0,26.4,23.8,0.0
2022-12-16 04:00:00,8.7,42.9,62.3,23.6,26.2,23.6,0.0
2022-12-16 05:00:00,9.8,42.3,61.4,23.4,26.1,23.4,0.0
2022-12-16 06:00:00,9.3,42.5,65.3,35.3,38.5,25.3,98.0
2022-12-16 07:00:00,9.0,44.3,73.9,39.4,43.7,35.9,374.0
2022-12-16 08:00:00,9.9,43.7,74.6,40.0,44.1,36.6,273.0
2022-12-16 09:00:00,11.1,42.5,72.8,39.1,43.1,36.0,238.0
2022-12-16 10:00:00,12.0,41.7,69.8,37.7,41.8,35.1,211.0
2022-12-16 11:00:00,12.5,41.3,67.3,37.1,41.0,34.6,201.0
2022-12-16 12:00:00,14.2,40.0,65.4,31.6,31.4,29.0,44.0
2022-12-16 13:00:00,16.8,40.0,63.0,27.2,35.3,26.2,0.0
2022-12-16 14:00:00,16.4,40.0,61.1,25.9,26.9,24.6,0.0
2022-12-16 15:00:00,15.9,40.0,59.7,25.0,26.3,23.8,0.0
2022-12-16 16:00:00,15.7,40.0,58.0,24.5,26.0,23.4,0.0
2022-12-16 17:00:00,15.7,42.0,59.8,35.0,36.4,23.5,39.0
2022-12-16 18:00:00,14.2,42.0,67.5,40.6,43.5,34.3,334.0
2022-12-16 19:00:00,13.5,42.3,67.7,38.7,42.5,35.4,240.0
2022-12-16 20:00:00,13.2,42.6,64.1,38.3,41.8,35.3,219.0
2022-12-16 21:00:00,13.2,42.5,66.5,39.0,42.7,35.5,223.0
2022-12-16 22:00:00,13.2,42.5,65.1,38.4,38.2,35.6,212.0
2022-12-16 23:00:00,12.3,43.0,61.8,31.3,31.7,29.3,0.0
2022-12-17 00:00:00,11.8,43.4,60.3,27.3,28.2,25.8,0.0
2022-12-17 01:00:00,11.3,43.8,58.3,25.8,33.8,24.7,0.0
2022-12-17 02:00:00,10.5,44.3,57.1,25.0,26.3,23.7,0.0
2022-12-17 03:00:00,10.7,44.2,56.2,24.4,28.7,24.0,0.0
2022-12-17 04:00:00,12.4,43.1,54.6,24.0,30.3,23.5,0.0
2022-12-17 05:00:00,12.2,43.1,53.5,23.6,34.5,23.2,0.0
2022-12-17 06:00:00,11.6,43.6,70.5,39.9,42.2,29.6,186.0
2022-12-17 07:00:00,11.6,43.6,70.9,39.9,43.8,36.6,333.0
2022-12-17 08:00:00,11.6,43.6,70.9,39.6,43.5,36.2,238.0
2022-12-17 09:00:00,11.9,43.3,70.6,39.6,43.5,36.3,240.0
2022-12-17 10:00:00,12.5,43.0,68.6,39.2,43.0,35.9,228.0
2022-12-17 11:00:00,12.3,43.1,67.8,39.1,42.8,35.8,223.0
2022-12-17 12:00:00,11.6,43.6,67.8,39.1,42.8,35.9,225.0
2022-12-17 13:00:00,9.8,44.8,71.1,40.9,44.6,36.7,252.0
2022-12-17 14:00:00,8.6,44.2,72.1,41.1,44.9,37.4,269.0
2022-12-17 15:00:00,7.6,44.4,78.1,40.6,44.9,37.2,251.0
2022-12-17 16:00:00,6.9,44.5,77.2,40.6,44.9,37.3,257.0
2022-12-17 17:00:00,6.5,44.6,78.8,40.9,45.1,37.5,256.0
2022-12-17 18:00:00,6.0,44.7,78.9,40.5,45.0,37.4,254.0
2022-12-17 19:00:00,5.6,44.8,79.8,40.4,45.2,37.4,251.0
2022-12-17 20:00:00,5.2,44.9,79.8,40.5,45.1,37.4,255.0
2022-12-17 21:00:00,5.1,44.9,79.4,40.4,45.0,37.3,254.0
2022-12-17 22:00:00,4.8,45.1,77.0,37.5,35.6,33.1,139.0
2022-12-17 23:00:00,4.9,45.0,76.4,29.4,30.4,27.8,0.0
2022-12-18 00:00:00,4.3,45.3,74.2,26.4,28.4,25.9,0.0
2022-12-18 01:00:00,3.5,45.7,71.4,25.2,27.7,25.0,0.0
2022-12-18 02:00:00,3.5,45.8,68.7,24.6,27.1,24.5,0.0
2022-12-18 03:00:00,3.5,45.7,67.7,24.2,26.8,24.2,0.0
2022-12-18 04:00:00,3.4,45.7,66.6,23.9,26.6,23.9,0.0
2022-12-18 05:00:00,3.2,45.9,65.6,23.6,26.2,23.5,0.0
2022-12-18 06:00:00,3.1,45.9,70.4,37.3,39.7,25.8,109.0
2022-12-18 07:00:00,2.8,46.0,84.4,41.5,46.4,38.0,433.0
2022-12-18 08:00:00,3.9,45.5,81.8,40.7,45.3,37.4,276.0
2022-12-18 09:00:00,3.2,45.9,82.4,40.6,45.4,37.4,277.0
2022-12-18 10:00:00,3.8,45.6,83.0,40.6,45.4,37.2,276.0
2022-12-18 11:00:00,3.5,45.7,81.1,40.6,45.3,37.4,277.0
2022-12-18 12:00:00,3.6,45.7,81.8,40.4,45.2,37.2,268.0
2022-12-18 13:00:00,3.7,45.6,81.2,40.5,45.2,37.2,272.0
2022-12-18 14:00:00,3.8,45.6,83.3,40.6,45.4,37.2,270.0
2022-12-18 15:00:00,3.1,45.9,83.3,40.7,45.7,37.4,273.0
2022-12-18 16:00:00,3.0,46.0,83.3,40.9,45.7,37.5,277.0
2022-12-18 17:00:00,2.6,46.1,83.9,41.1,46.0,37.8,279.0
2022-12-18 18:00:00,2.3,46.3,85.5,41.8,46.8,37.8,284.0
2022-12-18 19:00:00,2.0,46.5,85.8,41.9,46.8,38.4,298.0
2022-12-18 20:00:00,1.6,46.7,86.0,41.8,46.7,38.3,285.0
2022-12-18 21:00:00,1.5,46.7,85.8,41.8,46.6,38.3,294.0
2022-12-18 22:00:00,1.4,46.8,85.4,41.8,41.4,38.3,286.0
2022-12-18 23:00:00,1.1,46.9,81.3,32.1,32.5,29.9,0.0
2022-12-19 00:00:00,0.7,47.1,78.7,27.4,29.1,26.4,0.0
2022-12-19 01:00:00,0.9,47.0,76.4,25.4,27.8,25.0,0.0
2022-12-19 02:00:00,1.1,46.9,74.2,24.5,27.3,24.4,0.0
2022-12-19 03:00:00,0.5,47.2,72.4,24.0,26.9,24.2,0.0
2022-12-19 04:00:00,0.0,47.5,70.9,23.6,37.5,23.7,0.0
2022-12-19 05:00:00,0.1,47.4,70.4,24.3,29.8,23.3,0.0
2022-12-19 06:00:00,0.5,48.0,74.7,41.7,44.3,30.2,220.0
2022-12-19 07:00:00,0.4,48.1,80.3,44.6,48.8,39.3,436.0
2022-12-19 08:00:00,0.5,48.0,87.3,43.7,48.5,39.2,333.0
2022-12-19 09:00:00,1.5,47.7,86.2,43.2,48.0,39.1,340.0
2022-12-19 10:00:00,1.9,47.5,85.7,42.8,47.7,38.6,316.0
2022-12-19 11:00:00,2.8,47.2,86.0,42.8,47.6,38.6,312.0
2022-12-19 12:00:00,3.1,47.1,85.2,42.6,47.5,38.6,313.0
2022-12-19 13:00:00,3.3,47.0,84.2,42.3,47.1,38.3,302.0
2022-12-19 14:00:00,3.2,45.8,84.0,41.1,46.0,37.8,289.0
2022-12-19 15:00:00,2.8,46.1,83.9,40.5,45.3,37.2,269.0
2022-12-19 16:00:00,2.1,46.4,84.3,41.8,46.5,38.0,301.0
2022-12-19 17:00:00,1.1,46.9,85.9,42.3,47.2,38.4,302.0
2022-12-19 18:00:00,0.5,47.2,87.2,42.7,47.7,38.7,313.0
2022-12-19 19:00:00,0.1,47.4,86.7,42.8,47.7,38.9,310.0
2022-12-19 20:00:00,-0.2,47.6,87.0,42.8,47.8,38.8,313.0
2022-12-19 21:00:00,-0.5,47.8,86.9,42.9,47.8,38.9,312.0
2022-12-19 22:00:00,-0.5,47.8,87.8,42.7,41.8,39.0,300.0
2022-12-19 23:00:00,-1.3,48.2,84.1,31.9,32.6,29.9,0.0
2022-12-20 00:00:00,-1.3,48.2,81.0,27.3,29.3,26.4,0.0
2022-12-20 01:00:00,-1.9,48.5,78.6,25.1,27.8,25.0,0.0
2022-12-20 02:00:00,-2.2,48.6,76.4,24.4,27.2,24.4,0.0
2022-12-20 03:00:00,-2.6,48.8,74.7,23.8,26.7,23.8,0.0
2022-12-20 04:00:00,-2.9,49.0,73.2,23.4,26.2,23.5,0.0
2022-12-20 05:00:00,-2.9,49.0,23.2,23.5,25.2,23.0,0.0
2022-12-20 06:00:00,-3.1,47.0,64.0,38.0,39.2,27.9,176.0
2022-12-20 07:00:00,-3.5,47.1,76.0,44.1,48.0,38.7,429.0
2022-12-20 08:00:00,-2.8,46.9,90.4,42.4,47.8,38.3,338.0
2022-12-20 09:00:00,-1.5,47.3,89.9,41.3,46.5,37.8,310.0
2022-12-20 10:00:00,0.1,46.7,89.4,42.3,47.1,38.3,328.0
2022-12-20 11:00:00,1.2,46.3,86.5,40.8,45.9,37.5,294.0
2022-12-20 12:00:00,2.2,45.9,85.9,40.5,45.5,37.2,286.0
2022-12-20 13:00:00,3.8,45.4,84.0,40.2,45.0,37.0,283.0
2022-12-20 14:00:00,4.6,45.1,81.1,39.7,44.4,36.6,266.0
2022-12-20 15:00:00,4.6,45.1,80.3,40.3,44.9,36.8,274.0
2022-12-20 16:00:00,3.1,45.6,81.1,40.4,45.1,36.9,277.0
2022-12-20 17:00:00,1.7,46.1,84.8,41.1,46.0,37.4,295.0
2022-12-20 18:00:00,0.8,46.4,85.9,41.7,46.6,37.9,303.0
2022-12-20 19:00:00,0.5,46.5,86.5,42.0,46.9,38.2,307.0
2022-12-20 20:00:00,0.2,46.6,86.7,42.1,47.1,38.2,306.0
2022-12-20 21:00:00,0.6,46.5,86.5,41.2,46.2,37.9,293.0
2022-12-20 22:00:00,0.8,46.4,82.2,35.4,33.9,31.3,103.0
2022-12-20 23:00:00,0.6,46.5,80.1,27.7,29.3,26.7,0.0
2022-12-21 00:00:00,0.8,46.4,78.3,25.3,27.7,24.9,0.0
2022-12-21 01:00:00,0.5,46.5,75.7,24.2,26.9,24.1,0.0
2022-12-21 02:00:00,0.0,46.7,73.7,23.6,26.3,23.6,0.0
2022-12-21 03:00:00,0.7,46.5,72.2,23.1,25.9,23.1,0.0
2022-12-21 04:00:00,-0.5,46.9,70.7,22.7,25.5,22.7,0.0
2022-12-21 05:00:00,-0.8,47.0,69.4,22.4,25.2,22.6,0.0
2022-12-21 06:00:00,-1.0,47.1,87.2,45.2,49.0,34.8,363.0
2022-12-21 07:00:00,-1.0,45.0,73.5,40.8,44.7,37.8,342.0
2022-12-21 08:00:00,-0.6,46.1,88.8,40.3,45.6,37.1,292.0
2022-12-21 09:00:00,1.1,45.7,86.8,40.0,45.2,36.8,292.0
2022-12-21 10:00:00,2.9,45.4,86.1,39.8,44.9,36.7,285.0
2022-12-21 11:00:00,3.7,45.2,83.3,40.0,44.8,36.4,277.0
2022-12-21 12:00:00,5.1,44.9,83.1,40.4,45.2,36.9,286.0
2022-12-21 13:00:00,5.8,44.5,79.2,39.9,44.5,36.6,268.0
2022-12-21 14:00:00,6.0,44.4,78.8,39.7,44.3,36.4,263.0
2022-12-21 15:00:00,6.1,44.3,79.3,35.4,34.8,32.2,144.0
2022-12-21 16:00:00,5.1,47.4,73.0,40.7,43.6,31.1,160.0
2022-12-21 17:00:00,3.6,47.8,82.8,44.1,48.4,39.4,418.0
2022-12-21 18:00:00,3.4,46.2,83.7,40.9,45.7,37.8,286.0
2022-12-21 19:00:00,2.8,46.4,84.0,41.1,45.9,37.5,284.0
2022-12-21 20:00:00,2.4,46.6,82.8,41.1,45.9,37.5,289.0
2022-12-21 21:00:00,1.7,46.9,83.7,41.7,46.5,37.9,298.0
2022-12-21 22:00:00,1.3,47.1,82.5,41.9,41.8,38.3,301.0
2022-12-21 23:00:00,0.8,47.3,79.9,31.9,32.3,29.6,0.0
2022-12-22 00:00:00,0.8,47.4,77.2,27.0,28.8,26.1,0.0
2022-12-22 01:00:00,0.3,47.6,74.9,24.9,27.5,24.7,0.0
2022-12-22 02:00:00,0.0,47.7,73.0,24.0,27.3,24.7,0.0
2022-12-22 03:00:00,-0.8,48.1,71.9,23.7,26.9,23.8,0.0
2022-12-22 04:00:00,-0.7,48.1,71.6,23.6,26.9,23.8,35.0
2022-12-22 05:00:00,-0.8,48.1,71.1,24.9,30.2,23.8,41.0
2022-12-22 06:00:00,-0.8,48.1,73.1,41.0,43.8,29.2,194.0
2022-12-22 07:00:00,-1.1,48.2,78.6,44.8,48.9,39.3,456.0
2022-12-22 08:00:00,-0.5,48.0,87.5,43.5,48.3,39.2,355.0
2022-12-22 09:00:00,1.2,47.1,85.3,42.7,47.6,38.4,323.0
2022-12-22 10:00:00,2.1,46.2,85.7,41.4,46.3,37.9,307.0
2022-12-22 11:00:00,3.4,45.9,84.2,40.7,45.7,37.4,286.0
2022-12-22 12:00:00,4.1,45.7,83.4,40.5,45.4,37.2,283.0
2022-12-22 13:00:00,4.7,45.5,80.9,40.6,45.2,36.9,273.0
2022-12-22 14:00:00,5.3,45.3,79.4,40.7,45.0,37.1,281.0
2022-12-22 15:00:00,5.4,45.3,79.1,40.5,45.1,36.9,271.0
2022-12-22 16:00:00,4.7,45.5,79.9,41.1,45.7,37.0,277.0
2022-12-22 17:00:00,3.1,45.9,83.0,41.7,46.4,37.9,302.0
2022-12-22 18:00:00,2.8,46.8,83.9,41.3,46.1,37.8,290.0
2022-12-22 19:00:00,3.3,46.7,83.4,42.0,46.8,38.1,299.0
2022-12-22 20:00:00,3.1,46.7,83.1,42.3,46.9,38.4,304.0
2022-12-22 21:00:00,3.2,46.7,82.5,42.1,46.6,38.3,295.0
2022-12-22 22:00:00,3.4,46.7,81.4,41.9,40.9,38.3,291.0
2022-12-22 23:00:00,3.3,46.7,78.0,32.0,32.1,29.4,0.0
2022-12-23 00:00:00,3.6,46.7,75.4,27.2,29.5,27.6,0.0
2022-12-23 01:00:00,3.9,46.6,73.5,25.1,27.3,24.6,0.0
2022-12-23 02:00:00,3.9,46.6,71.4,24.1,31.5,24.3,0.0
2022-12-23 03:00:00,4.1,46.6,69.1,23.5,31.8,23.6,0.0
2022-12-23 04:00:00,4.2,46.6,67.8,23.1,26.7,23.2,0.0
2022-12-23 05:00:00,4.2,46.6,66.9,22.8,25.8,22.9,0.0
2022-12-23 06:00:00,4.4,46.5,67.0,39.1,41.2,29.4,201.0
2022-12-23 07:00:00,4.7,46.5,68.2,42.0,45.3,37.9,399.0
2022-12-23 08:00:00,4.9,46.5,81.4,42.6,47.1,38.2,326.0
2022-12-23 09:00:00,5.7,46.1,80.3,42.1,46.4,38.0,307.0
2022-12-23 10:00:00,6.4,45.8,79.2,41.7,46.0,37.6,293.0
2022-12-23 11:00:00,7.8,45.1,79.2,41.3,45.6,37.5,287.0
2022-12-23 12:00:00,8.3,44.8,78.2,40.7,45.0,37.2,272.0
2022-12-23 13:00:00,8.5,44.7,73.1,40.3,44.5,36.6,257.0
2022-12-23 14:00:00,8.9,44.5,71.4,40.4,44.3,36.7,261.0
2022-12-23 15:00:00,8.6,44.7,73.1,40.4,44.4,36.7,257.0
2022-12-23 16:00:00,8.0,45.0,73.7,40.7,44.8,36.9,263.0
2022-12-23 17:00:00,7.0,45.5,77.3,41.3,45.5,37.2,274.0
2022-12-23 18:00:00,6.3,45.8,77.2,41.7,46.0,37.8,285.0
2022-12-23 19:00:00,5.5,46.2,79.0,42.3,46.6,38.1,293.0
2022-12-23 20:00:00,5.0,46.5,77.4,42.2,46.3,38.1,287.0
2022-12-23 21:00:00,4.0,46.6,80.0,42.6,47.1,38.4,299.0
2022-12-23 22:00:00,3.9,46.6,76.7,35.0,34.9,32.2,109.0
2022-12-23 23:00:00,3.4,46.7,74.5,28.6,30.0,27.3,0.0
2022-12-24 00:00:00,2.7,46.8,71.9,26.0,28.1,25.3,0.0
2022-12-24 01:00:00,2.4,46.8,69.6,24.6,27.3,25.0,0.0
2022-12-24 02:00:00,1.7,46.9,68.4,23.9,40.0,24.1,0.0
2022-12-24 03:00:00,1.4,47.0,66.9,23.7,26.6,23.8,0.0
2022-12-24 04:00:00,1.5,47.0,66.3,23.7,26.9,23.8,0.0
2022-12-24 05:00:00,1.2,47.0,65.5,23.8,26.8,23.8,33.0
2022-12-24 06:00:00,2.1,46.9,82.8,41.5,45.0,29.8,216.0
2022-12-24 07:00:00,2.3,46.9,83.3,42.3,47.1,38.2,413.0
2022-12-24 08:00:00,3.1,46.7,82.0,41.7,46.2,37.7,297.0
2022-12-24 09:00:00,4.4,46.5,81.0,41.6,46.1,37.7,298.0
2022-12-24 10:00:00,6.2,45.8,77.9,41.1,45.5,37.4,281.0
2022-12-24 11:00:00,6.9,45.5,77.0,41.2,45.5,37.0,274.0
2022-12-24 12:00:00,8.1,44.9,74.9,41.4,45.4,37.3,285.0
2022-12-24 13:00:00,7.5,45.2,73.5,40.8,44.7,36.9,266.0
2022-12-24 14:00:00,7.4,45.3,74.5,41.1,45.1,37.2,271.0
2022-12-24 15:00:00,7.5,45.2,74.5,41.2,45.2,37.2,274.0
2022-12-24 16:00:00,7.6,45.2,74.5,41.0,45.1,37.0,266.0
2022-12-24 17:00:00,7.5,45.2,75.5,41.3,45.5,37.3,273.0
2022-12-24 18:00:00,7.7,45.1,75.3,41.7,45.6,37.6,278.0
2022-12-24 19:00:00,7.5,45.2,74.9,41.3,45.4,37.5,268.0
2022-12-24 20:00:00,7.2,45.4,74.1,41.3,45.2,37.5,269.0
2022-12-24 21:00:00,7.2,45.4,74.9,41.3,45.2,37.4,267.0
2022-12-24 22:00:00,7.4,45.3,75.3,41.2,42.6,37.4,264.0
2022-12-24 23:00:00,7.3,45.3,70.7,32.4,31.9,29.3,0.0
2022-12-25 00:00:00,7.1,45.4,68.9,27.6,30.6,27.1,0.0
2022-12-25 01:00:00,6.6,45.7,67.3,25.3,27.5,24.7,0.0
2022-12-25 02:00:00,6.8,45.6,65.7,24.4,26.7,24.1,0.0
2022-12-25 03:00:00,6.6,45.7,64.2,23.9,26.4,23.7,0.0
2022-12-25 04:00:00,6.6,45.7,62.8,23.6,26.1,23.4,0.0
2022-12-25 05:00:00,6.4,45.8,61.5,23.2,25.7,23.2,0.0
2022-12-25 06:00:00,6.6,45.7,45.8,30.3,32.2,24.2,74.0
2022-12-25 07:00:00,6.3,46.6,78.0,42.9,47.2,38.4,461.0
2022-12-25 08:00:00,6.2,46.7,76.8,42.5,46.5,38.0,301.0
2022-12-25 09:00:00,6.6,46.5,74.8,42.5,46.4,38.1,301.0
2022-12-25 10:00:00,7.4,46.0,74.4,42.2,46.0,37.9,290.0
2022-12-25 11:00:00,7.6,45.9,75.4,42.1,46.0,37.8,288.0
2022-12-25 12:00:00,7.8,45.7,74.2,41.7,45.6,37.5,275.0
2022-12-25 13:00:00,8.1,45.6,73.8,41.4,45.3,37.3,269.0
2022-12-25 14:00:00,8.3,45.4,73.1,41.4,45.5,37.3,271.0
2022-12-25 15:00:00,8.1,45.6,74.4,41.9,45.8,37.7,280.0
2022-12-25 16:00:00,7.6,45.9,73.5,41.8,45.6,37.7,274.0
2022-12-25 17:00:00,7.4,45.9,76.1,42.4,46.4,38.1,286.0
2022-12-25 18:00:00,7.3,46.0,75.5,42.5,46.5,38.3,284.0
2022-12-25 19:00:00,7.2,46.1,74.5,42.5,46.5,38.3,280.0
2022-12-25 20:00:00,7.0,46.2,75.8,42.7,46.5,38.3,281.0
2022-12-25 21:00:00,6.6,46.5,75.0,42.8,46.7,38.6,284.0
2022-12-25 22:00:00,6.2,46.7,75.5,40.5,40.1,37.6,237.0
2022-12-25 23:00:00,5.8,47.0,72.7,31.7,31.9,29.3,0.0
2022-12-26 00:00:00,5.1,47.4,70.4,27.6,29.0,26.4,0.0
2022-12-26 01:00:00,4.8,47.5,68.6,25.6,35.1,25.3,0.0
2022-12-26 02:00:00,4.5,47.5,66.1,24.6,27.0,24.4,0.0
2022-12-26 03:00:00,4.3,47.6,64.7,24.1,26.6,24.0,0.0
2022-12-26 04:00:00,3.6,47.7,63.7,23.7,26.3,23.6,0.0
2022-12-26 05:00:00,3.0,47.8,26.5,28.6,29.0,23.6,0.0
2022-12-26 06:00:00,2.5,47.8,74.0,38.7,40.7,25.5,89.0
2022-12-26 07:00:00,2.5,47.8,81.9,44.5,48.9,39.4,481.0
2022-12-26 08:00:00,2.5,47.8,81.5,43.1,47.6,38.9,311.0
2022-12-26 09:00:00,3.5,47.7,84.0,43.1,47.9,38.9,312.0
2022-12-26 10:00:00,4.0,47.6,83.8,43.2,47.9,39.0,313.0
2022-12-26 11:00:00,5.4,47.2,81.2,42.9,47.4,38.8,301.0
2022-12-26 12:00:00,6.6,46.5,80.2,42.3,46.6,38.4,292.0
2022-12-26 13:00:00,7.2,46.1,79.4,41.9,46.3,38.1,279.0
2022-12-26 14:00:00,7.8,45.7,78.4,41.6,45.9,38.0,276.0
2022-12-26 15:00:00,8.1,45.6,77.3,41.3,45.6,37.7,264.0
2022-12-26 16:00:00,7.7,45.8,76.9,41.3,45.5,37.7,267.0
2022-12-26 17:00:00,6.6,46.5,79.4,41.7,46.1,37.9,272.0
2022-12-26 18:00:00,6.5,46.6,80.3,42.1,46.4,38.2,280.0
2022-12-26 19:00:00,5.6,47.1,80.0,42.2,46.6,38.4,281.0
2022-12-26 20:00:00,5.5,47.1,80.3,43.1,47.3,38.8,290.0
2022-12-26 21:00:00,4.8,45.5,80.2,40.7,45.1,37.9,261.0
2022-12-26 22:00:00,4.4,45.7,80.3,40.4,39.4,37.4,234.0
2022-12-26 23:00:00,4.2,45.7,77.0,31.7,32.4,29.5,0.0
2022-12-27 00:00:00,3.7,45.9,74.7,27.4,29.2,26.5,0.0
2022-12-27 01:00:00,3.2,46.0,73.0,25.5,28.0,25.3,0.0
2022-12-27 02:00:00,3.2,46.1,71.1,24.8,27.3,24.7,0.0
2022-12-27 03:00:00,2.6,46.3,69.6,24.4,27.0,24.3,0.0
2022-12-27 04:00:00,2.5,46.3,68.0,24.0,26.7,23.9,0.0
2022-12-27 05:00:00,2.5,46.4,66.5,23.7,26.2,23.7,0.0
2022-12-27 06:00:00,2.8,46.2,73.4,39.0,40.8,25.9,120.0
2022-12-27 07:00:00,3.1,46.1,73.4,43.4,47.0,38.6,427.0
2022-12-27 08:00:00,4.15,45.75,77.3,42.15,46.25,38.15,285.0
2022-12-27 09:00:00,5.2,45.4,81.2,40.9,45.5,37.7,285.0
2022-12-27 10:00:00,6.4,44.9,79.5,40.1,44.7,37.0,256.0
2022-12-27 11:00:00,8.3,44.2,78.0,39.8,44.4,36.7,248.0
2022-12-27 12:00:00,8.9,43.9,77.1,39.4,43.9,36.4,246.0
2022-12-27 13:00:00,9.6,43.7,74.9,38.9,43.2,36.0,232.0
2022-12-27 14:00:00,9.4,45.3,75.4,40.7,45.0,36.4,246.0
2022-12-27 15:00:00,9.2,45.4,75.5,41.8,45.9,37.8,286.0
2022-12-27 16:00:00,9.3,45.3,76.1,41.7,46.0,37.9,273.0
2022-12-27 17:00:00,8.9,45.5,77.3,41.8,46.1,38.0,271.0
2022-12-27 18:00:00,9.3,45.3,77.1,41.6,45.9,38.1,270.0
2022-12-27 19:00:00,8.8,45.6,76.1,41.3,45.5,37.7,258.0
2022-12-27 20:00:00,8.9,45.5,76.1,41.1,45.3,37.6,256.0
2022-12-27 21:00:00,8.8,45.6,75.7,41.1,45.3,37.6,253.0
2022-12-27 22:00:00,8.6,45.7,75.7,40.6,40.5,37.6,250.0
2022-12-27 23:00:00,8.1,45.9,73.2,32.2,32.3,29.9,0.0
2022-12-28 00:00:00,8.0,46.0,71.0,27.8,29.3,26.8,0.0
2022-12-28 01:00:00,7.4,46.3,69.2,25.9,28.0,25.3,0.0
2022-12-28 02:00:00,7.2,46.4,66.7,24.9,27.3,24.7,0.0
2022-12-28 03:00:00,6.5,46.7,65.3,24.4,27.0,24.4,0.0
2022-12-28 04:00:00,6.5,46.7,63.5,24.1,26.8,24.1,0.0
2022-12-28 05:00:00,6.3,46.8,30.0,26.3,26.6,24.1,0.0
2022-12-28 06:00:00,5.9,46.6,79.0,42.8,45.4,30.4,204.0
2022-12-28 07:00:00,6.1,46.5,80.6,42.6,47.0,38.4,385.0
2022-12-28 08:00:00,6.0,46.5,80.1,42.3,46.9,38.3,295.0
2022-12-28 09:00:00,6.7,46.2,79.2,42.3,46.6,38.3,292.0
2022-12-28 10:00:00,7.8,45.8,77.6,41.8,46.1,38.0,276.0
2022-12-28 11:00:00,8.3,45.5,75.2,41.3,45.5,37.5,267.0
2022-12-28 12:00:00,8.4,45.4,74.7,41.1,45.2,37.4,265.0
2022-12-28 13:00:00,8.3,45.5,74.4,40.9,44.9,37.3,259.0
2022-12-28 14:00:00,9.2,45.1,73.8,40.9,45.0,37.2,256.0
2022-12-28 15:00:00,9.0,45.2,72.9,40.8,44.7,37.2,253.0
2022-12-28 16:00:00,8.3,45.5,75.1,40.9,45.2,37.2,257.0
2022-12-28 17:00:00,7.8,45.7,76.9,41.5,45.8,37.6,266.0
2022-12-28 18:00:00,7.5,45.8,77.2,41.9,46.1,38.1,274.0
2022-12-28 19:00:00,7.5,45.8,75.6,41.7,45.7,38.0,268.0
2022-12-28 20:00:00,7.0,46.1,73.4,41.5,45.6,37.8,259.0
2022-12-28 21:00:00,5.6,46.7,78.5,42.9,47.0,38.5,287.0
2022-12-28 22:00:00,5.8,46.6,77.1,42.2,41.7,38.7,283.0
2022-12-28 23:00:00,5.8,46.6,74.2,32.9,32.8,30.3,0.0
2022-12-29 00:00:00,6.0,46.5,72.1,28.2,29.5,27.0,0.0
2022-12-29 01:00:00,5.6,46.7,69.4,26.2,28.3,25.5,0.0
2022-12-29 02:00:00,5.5,46.7,67.4,25.0,27.7,24.8,0.0
2022-12-29 03:00:00,4.3,47.1,65.6,24.5,27.0,24.4,0.0
2022-12-29 04:00:00,4.3,47.1,64.1,24.1,26.7,24.1,0.0
2022-12-29 05:00:00,4.7,47.0,25.5,24.1,26.3,23.7,0.0
2022-12-29 06:00:00,4.5,47.1,64.3,37.5,39.7,28.7,169.0
2022-12-29 07:00:00,4.4,47.1,79.0,44.2,48.4,39.2,408.0
2022-12-29 08:00:00,4.0,47.2,81.2,43.2,47.7,38.7,308.0
2022-12-29 09:00:00,4.9,47.0,79.4,42.7,47.0,38.7,305.0
2022-12-29 10:00:00,7.1,46.0,78.6,42.4,46.7,38.4,281.0
2022-12-29 11:00:00,8.9,45.2,75.4,41.3,45.5,37.8,270.0
2022-12-29 12:00:00,9.7,44.9,73.5,40.5,44.6,37.1,247.0
2022-12-29 13:00:00,10.5,44.5,71.4,36.1,34.9,32.6,122.0
2022-12-29 14:00:00,10.8,44.4,68.7,29.3,30.2,27.6,0.0
2022-12-29 15:00:00,12.1,43.8,66.8,26.7,28.1,25.6,0.0
2022-12-29 16:00:00,11.5,44.1,67.5,38.8,40.9,28.4,134.0
2022-12-29 17:00:00,10.1,44.7,75.0,41.0,45.1,37.5,346.0
2022-12-29 18:00:00,9.2,45.1,75.4,40.8,45.0,37.2,259.0
2022-12-29 19:00:00,8.3,45.5,77.0,41.2,45.5,37.5,267.0
2022-12-29 20:00:00,7.8,45.7,80.3,41.8,45.9,37.8,275.0
2022-12-29 21:00:00,7.6,45.8,71.5,41.0,44.0,37.5,253.0
2022-12-29 22:00:00,7.8,45.7,75.1,35.6,35.1,32.5,114.0
2022-12-29 23:00:00,8.2,45.5,71.8,28.7,30.6,27.9,0.0
2022-12-30 00:00:00,8.0,45.6,67.9,26.7,28.9,26.2,0.0
2022-12-30 01:00:00,7.6,45.8,64.1,25.6,28.1,25.5,0.0
2022-12-30 02:00:00,7.1,46.0,61.2,25.0,27.6,24.9,0.0
2022-12-30 03:00:00,6.1,46.5,58.9,24.6,27.4,24.6,0.0
2022-12-30 04:00:00,4.9,47.0,56.6,24.3,28.1,24.7,0.0
2022-12-30 05:00:00,4.0,47.2,53.9,24.0,28.0,24.3,0.0
2022-12-30 06:00:00,3.5,45.6,78.1,42.0,44.6,29.1,185.0
2022-12-30 07:00:00,3.4,45.6,70.0,41.4,45.1,36.9,362.0
2022-12-30 08:00:00,4.5,45.2,84.0,40.7,45.6,37.6,297.0
2022-12-30 09:00:00,6.3,44.7,80.8,40.0,44.7,37.1,261.0
2022-12-30 10:00:00,8.1,44.3,77.3,39.4,43.9,36.6,246.0
2022-12-30 11:00:00,9.8,43.9,74.6,39.2,43.4,36.2,234.0
2022-12-30 12:00:00,11.7,43.5,70.6,32.5,32.6,30.1,51.0
2022-12-30 13:00:00,11.7,43.5,68.1,27.7,29.2,26.6,0.0
2022-12-30 14:00:00,11.7,43.5,66.2,25.9,27.3,25.2,0.0
2022-12-30 15:00:00,12.1,43.4,69.2,41.3,44.6,36.7,363.0
2022-12-30 16:00:00,11.9,43.4,69.9,39.9,43.7,36.4,240.0
2022-12-30 17:00:00,11.2,43.6,71.1,40.2,44.1,36.6,245.0
2022-12-30 18:00:00,9.2,44.0,72.3,40.2,44.1,36.7,248.0
2022-12-30 19:00:00,8.9,44.1,71.8,40.2,44.2,36.7,242.0
2022-12-30 20:00:00,8.4,44.2,72.9,40.3,44.3,36.9,242.0
2022-12-30 21:00:00,7.2,44.5,72.5,40.5,44.4,37.0,245.0
2022-12-30 22:00:00,6.7,44.6,75.3,40.8,40.4,37.5,255.0
2022-12-30 23:00:00,6.3,44.7,72.2,32.3,32.2,29.7,0.0
2022-12-31 00:00:00,5.8,44.8,69.3,27.7,29.2,26.7,0.0
2022-12-31 01:00:00,4.9,45.0,67.2,25.9,27.7,25.2,0.0
2022-12-31 02:00:00,4.3,45.2,64.4,24.8,27.0,24.5,0.0
2022-12-31 03:00:00,4.0,45.4,63.1,24.2,26.7,24.1,0.0
2022-12-31 04:00:00,3.2,45.6,61.5,23.8,26.5,23.8,0.0
2022-12-31 05:00:00,3.0,45.8,60.4,23.6,37.0,23.7,0.0
2022-12-31 06:00:00,2.6,46.2,83.2,44.8,48.1,34.9,325.0
2022-12-31 07:00:00,2.3,46.3,82.2,41.7,46.3,38.0,321.0
2022-12-31 08:00:00,3.0,46.0,82.3,41.6,46.2,37.9,285.0
2022-12-31 09:00:00,5.8,44.8,80.4,40.6,45.2,37.5,270.0
2022-12-31 10:00:00,7.4,44.4,76.1,39.5,43.8,36.6,239.0
2022-12-31 11:00:00,8.5,44.2,72.5,39.6,43.6,36.4,240.0
2022-12-31 12:00:00,9.8,43.9,70.6,39.4,43.3,36.1,232.0
2022-12-31 13:00:00,10.6,43.7,66.7,39.5,42.8,36.0,231.0
2022-12-31 14:00:00,10.8,44.7,67.4,42.0,45.1,37.0,261.0
2022-12-31 15:00:00,11.1,44.6,66.3,41.3,44.4,37.2,255.0
2022-12-31 16:00:00,10.7,44.8,66.3,41.1,44.4,37.0,246.0
2022-12-31 17:00:00,8.8,45.8,72.2,42.3,45.9,37.5,273.0
2022-12-31 18:00:00,8.9,45.8,73.8,42.1,45.8,38.0,278.0
2022-12-31 19:00:00,8.0,46.3,72.9,42.4,46.1,37.8,261.0
2022-12-31 20:00:00,7.3,46.7,75.0,43.5,47.3,38.7,294.0
2022-12-31 21:00:00,6.3,45.9,75.4,42.6,46.5,38.6,278.0
2022-12-31 22:00:00,5.7,45.5,75.8,41.8,45.9,38.3,270.0
2022-12-31 23:00:00,5.8,45.4,76.4,41.5,45.7,37.9,258.0
2023-01-01 00:00:00,4.4,46.2,76.2,41.7,45.9,37.8,252.0
2023-01-01 01:00:00,5.3,45.8,73.1,37.5,36.0,33.6,149.0
2023-01-01 02:00:00,4.4,46.2,71.7,29.8,30.7,28.2,0.0
2023-01-01 03:00:00,4.2,46.3,69.3,27.0,28.4,25.9,0.0
2023-01-01 04:00:00,3.2,46.7,68.1,25.4,27.7,25.0,0.0
2023-01-01 05:00:00,2.8,46.8,66.0,24.7,27.2,24.5,0.0
2023-01-01 06:00:00,2.8,46.8,64.8,24.3,26.9,24.2,0.0
2023-01-01 07:00:00,3.2,45.0,60.8,36.2,38.3,28.3,144.0
2023-01-01 08:00:00,3.0,45.2,82.5,40.9,45.6,37.8,382.0
2023-01-01 09:00:00,5.3,43.9,76.6,39.5,43.7,36.6,250.0
2023-01-01 10:00:00,6.7,43.2,75.8,38.8,43.2,35.9,230.0
2023-01-01 11:00:00,7.9,42.7,72.6,38.2,42.4,35.5,221.0
2023-01-01 12:00:00,8.9,43.4,70.6,39.2,43.2,35.5,223.0
2023-01-01 13:00:00,9.5,42.9,68.4,39.6,43.2,36.0,239.0
2023-01-01 14:00:00,10.1,42.6,65.4,39.2,42.8,35.9,223.0
2023-01-01 15:00:00,10.4,42.4,66.4,39.0,42.7,35.7,218.0
2023-01-01 16:00:00,9.7,42.8,66.3,38.9,42.6,35.7,218.0
2023-01-01 17:00:00,7.8,44.9,74.0,41.9,45.8,37.2,264.0
2023-01-01 18:00:00,8.1,44.8,74.6,41.2,45.3,37.8,267.0
2023-01-01 19:00:00,6.7,46.4,74.5,42.0,46.1,38.2,276.0
2023-01-01 20:00:00,7.1,46.2,76.6,42.3,46.3,38.3,273.0
2023-01-01 21:00:00,5.4,47.6,77.4,43.4,47.5,38.5,279.0
2023-01-01 22:00:00,4.6,48.0,78.3,44.2,42.9,39.5,311.0
2023-01-01 23:00:00,3.9,48.2,75.0,33.4,33.2,30.6,0.0
2023-01-02 00:00:00,3.6,48.2,72.5,28.4,32.3,28.0,0.0
2023-01-02 01:00:00,2.9,48.4,70.6,26.3,29.3,26.7,0.0
2023-01-02 02:00:00,2.7,48.4,68.5,25.2,29.5,25.8,0.0
2023-01-02 03:00:00,2.6,48.4,66.5,24.6,31.9,24.8,0.0
2023-01-02 04:00:00,3.2,48.3,65.1,24.2,36.1,24.4,0.0
2023-01-02 05:00:00,2.5,48.5,63.9,23.9,37.3,24.0,0.0
2023-01-02 06:00:00,2.0,46.5,86.4,44.5,48.6,35.4,330.0
2023-01-02 07:00:00,1.9,46.5,81.8,41.6,46.3,38.2,318.0
2023-01-02 08:00:00,2.1,46.4,83.1,42.0,46.8,38.0,287.0
2023-01-02 09:00:00,4.8,45.1,81.1,41.1,45.7,38.0,275.0
2023-01-02 10:00:00,6.9,43.9,76.9,39.9,44.4,37.0,249.0
2023-01-02 11:00:00,8.1,43.2,74.7,39.1,43.2,36.2,229.0
2023-01-02 12:00:00,9.3,42.5,72.2,38.3,42.5,35.6,217.0
2023-01-02 13:00:00,10.1,42.1,68.7,37.8,41.8,35.3,209.0
2023-01-02 14:00:00,10.6,41.8,65.4,34.6,34.6,32.2,120.0
2023-01-02 15:00:00,10.7,44.2,70.8,41.6,44.4,33.1,173.0
2023-01-02 16:00:00,9.8,44.8,70.2,41.1,44.7,37.3,300.0
2023-01-02 17:00:00,9.5,45.0,75.3,41.7,45.8,37.5,259.0
2023-01-02 18:00:00,8.9,45.4,73.9,40.7,44.7,37.5,251.0
2023-01-02 19:00:00,8.3,45.8,75.5,41.6,45.7,37.7,257.0
2023-01-02 20:00:00,7.6,46.2,76.6,42.1,46.2,38.0,270.0
2023-01-02 21:00:00,6.8,46.9,76.7,42.3,46.5,38.3,273.0
2023-01-02 22:00:00,5.5,47.6,76.9,42.6,42.1,39.1,278.0
2023-01-02 23:00:00,4.3,48.1,74.0,32.8,32.9,30.2,0.0
2023-01-03 00:00:00,4.0,48.2,71.6,28.1,29.6,27.0,0.0
2023-01-03 01:00:00,3.3,48.3,69.2,26.1,28.1,25.5,0.0
2023-01-03 02:00:00,3.0,48.4,67.0,25.0,27.5,24.7,0.0
2023-01-03 03:00:00,3.3,48.3,65.8,24.5,27.0,24.5,0.0
2023-01-03 04:00:00,2.4,48.5,63.7,24.2,26.8,24.1,0.0
2023-01-03 05:00:00,1.9,48.6,62.7,24.0,26.7,24.0,0.0
2023-01-03 06:00:00,2.6,46.2,90.0,45.1,48.4,32.9,285.0
2023-01-03 07:00:00,2.3,46.3,82.0,41.9,46.5,38.2,339.0
2023-01-03 08:00:00,3.4,45.8,80.7,41.5,46.1,37.9,282.0
2023-01-03 09:00:00,4.5,45.2,80.6,41.2,45.7,37.8,279.0
2023-01-03 10:00:00,5.9,44.8,78.3,40.5,44.9,37.3,259.0
2023-01-03 11:00:00,7.4,44.4,75.6,39.9,44.2,36.8,245.0
2023-01-03 12:00:00,8.7,44.1,72.8,39.4,43.4,36.3,233.0
2023-01-03 13:00:00,9.8,43.9,70.8,39.2,38.6,36.3,226.0
2023-01-03 14:00:00,10.5,43.7,68.1,34.8,32.8,29.9,61.0
2023-01-03 15:00:00,10.8,43.7,57.7,29.6,29.6,27.1,0.0
2023-01-03 16:00:00,10.5,43.7,71.1,40.6,44.3,37.2,366.0
2023-01-03 17:00:00,8.2,44.2,73.0,40.3,44.3,36.6,240.0
2023-01-03 18:00:00,6.9,44.5,75.5,40.9,45.0,37.4,262.0
2023-01-03 19:00:00,7.0,46.1,75.6,40.1,44.3,37.0,242.0
2023-01-03 20:00:00,6.1,46.5,77.4,43.1,47.2,38.5,296.0
2023-01-03 21:00:00,6.3,46.4,76.6,42.1,46.3,38.4,273.0
2023-01-03 22:00:00,5.5,46.7,76.9,41.8,41.2,38.4,263.0
2023-01-03 23:00:00,5.4,46.8,73.4,32.6,32.7,30.1,0.0
2023-01-04 00:00:00,5.3,46.9,71.4,27.9,29.7,27.0,0.0
2023-01-04 01:00:00,5.8,46.6,69.0,26.0,28.1,25.6,0.0
2023-01-04 02:00:00,5.7,46.6,67.1,25.1,27.5,24.9,0.0
2023-01-04 03:00:00,5.9,46.6,64.9,24.7,27.3,24.5,0.0
2023-01-04 04:00:00,5.7,46.6,63.9,24.3,27.0,24.2,0.0
2023-01-04 05:00:00,5.4,46.8,62.7,24.0,26.6,24.0,0.0
2023-01-04 06:00:00,5.8,47.2,74.5,41.6,44.4,29.9,182.0
2023-01-04 07:00:00,6.3,46.8,78.7,42.7,46.8,38.6,408.0
2023-01-04 08:00:00,6.4,46.7,78.6,42.2,46.5,38.3,285.0
2023-01-04 09:00:00,6.4,46.7,78.5,42.3,46.4,38.2,285.0
2023-01-04 10:00:00,6.8,46.4,78.4,42.3,46.4,38.3,285.0
2023-01-04 11:00:00,7.2,46.0,77.4,42.0,46.3,38.0,273.0
2023-01-04 12:00:00,7.45,45.8,77.35,41.85,46.1,38.0,277.5
2023-01-04 13:00:00,7.7,45.6,77.3,41.7,45.9,38.0,277.5
2023-01-04 14:00:00,8.4,44.9,75.4,41.1,45.2,37.7,263.0
2023-01-04 15:00:00,8.3,45.0,73.5,40.3,44.3,37.0,237.0
2023-01-04 16:00:00,8.0,45.1,74.8,41.3,45.3,37.3,263.0
2023-01-04 17:00:00,8.1,45.2,74.2,41.7,45.6,37.8,270.0
2023-01-04 18:00:00,7.9,45.4,75.6,41.9,45.9,38.0,267.0
2023-01-04 19:00:00,7.8,45.5,75.2,41.9,46.0,38.0,266.0
2023-01-04 20:00:00,7.8,45.5,75.2,42.0,46.0,38.0,270.0
2023-01-04 21:00:00,7.7,45.6,75.3,42.0,46.0,38.1,266.0
2023-01-04 22:00:00,7.4,45.8,73.3,38.8,37.6,35.2,177.0
2023-01-04 23:00:00,7.2,46.0,70.4,30.9,31.6,28.8,0.0
2023-01-05 00:00:00,7.2,46.0,68.6,27.4,30.7,27.3,0.0
2023-01-05 01:00:00,7.3,46.0,66.1,25.9,27.7,25.2,0.0
2023-01-05 02:00:00,7.3,45.9,64.4,25.1,27.3,24.7,0.0
2023-01-05 03:00:00,7.2,45.9,62.9,24.5,26.9,24.4,0.0
2023-01-05 04:00:00,7.2,46.0,61.4,24.2,26.7,24.1,0.0
2023-01-05 05:00:00,7.1,46.1,60.7,23.8,26.4,23.8,0.0
2023-01-05 06:00:00,6.8,46.4,77.7,41.8,44.2,29.6,185.0
2023-01-05 07:00:00,6.7,46.4,78.4,42.7,46.9,38.5,402.0
2023-01-05 08:00:00,6.2,46.9,76.4,42.9,46.7,37.9,283.0
2023-01-05 09:00:00,6.3,46.8,77.9,42.8,47.0,38.6,306.0
2023-01-05 10:00:00,8.0,45.3,76.0,41.8,45.9,38.0,272.0
2023-01-05 11:00:00,10.3,43.3,73.4,40.0,44.0,37.1,245.0
2023-01-05 12:00:00,11.1,44.6,69.3,40.2,43.9,36.7,235.0
2023-01-05 13:00:00,11.0,44.6,70.8,41.7,45.3,37.2,260.0
2023-01-05 14:00:00,11.2,44.5,68.4,40.6,44.2,37.0,243.0
2023-01-05 15:00:00,10.7,44.8,55.0,36.1,32.8,30.5,44.0
2023-01-05 16:00:00,9.9,45.2,56.7,30.6,34.5,30.5,0.0
2023-01-05 17:00:00,8.4,46.1,66.0,37.7,38.3,26.8,86.0
2023-01-05 18:00:00,7.0,46.8,77.9,43.1,47.3,38.9,402.0
2023-01-05 19:00:00,6.4,47.2,76.1,42.5,46.7,38.5,279.0
2023-01-05 20:00:00,5.6,47.6,79.3,43.7,47.8,39.4,309.0
2023-01-05 21:00:00,5.6,47.6,78.2,43.2,47.3,39.0,285.0
2023-01-05 22:00:00,4.9,48.0,75.7,38.1,36.7,34.1,146.0
2023-01-05 23:00:00,5.0,48.0,73.4,30.2,31.1,28.5,0.0
2023-01-06 00:00:00,5.5,47.7,71.0,27.1,28.8,26.2,0.0
2023-01-06 01:00:00,5.5,47.7,68.6,25.6,28.0,25.2,0.0
2023-01-06 02:00:00,5.5,47.7,66.8,24.9,27.4,24.7,0.0
2023-01-06 03:00:00,5.3,47.7,65.3,24.5,27.1,24.4,0.0
2023-01-06 04:00:00,5.7,47.6,64.0,24.2,26.8,24.2,0.0
2023-01-06 05:00:00,5.9,47.5,63.2,24.0,26.6,23.9,0.0
2023-01-06 06:00:00,6.2,47.3,79.6,43.9,46.4,31.9,249.0
2023-01-06 07:00:00,6.4,47.2,78.1,43.2,47.3,38.9,386.0
2023-01-06 08:00:00,6.7,47.1,77.9,42.7,46.7,38.3,288.0
2023-01-06 09:00:00,8.1,46.2,76.7,42.7,46.8,38.5,294.0
2023-01-06 10:00:00,9.8,45.3,72.9,41.7,45.3,37.8,269.0
2023-01-06 11:00:00,11.4,44.4,71.8,41.0,45.0,37.3,254.0
2023-01-06 12:00:00,11.1,44.6,69.0,40.1,43.8,36.6,235.0
2023-01-06 13:00:00,11.4,44.3,71.2,41.0,44.8,37.3,261.0
2023-01-06 14:00:00,11.0,44.6,68.8,40.3,43.8,36.7,235.0
2023-01-06 15:00:00,10.7,44.8,70.0,41.5,45.1,37.3,254.0
2023-01-06 16:00:00,10.0,45.2,70.0,41.8,45.4,37.5,258.0
2023-01-06 17:00:00,8.4,46.1,75.2,43.0,46.5,38.3,286.0
2023-01-06 18:00:00,7.2,44.5,77.0,40.3,44.5,37.9,258.0
2023-01-06 19:00:00,6.8,44.8,75.1,39.8,44.0,36.6,219.0
2023-01-06 20:00:00,5.8,45.4,77.0,41.5,45.6,37.7,266.0
2023-01-06 21:00:00,4.6,47.1,78.8,42.7,46.9,38.3,280.0
2023-01-06 22:00:00,3.8,47.3,81.0,43.8,48.2,39.2,297.0
2023-01-06 23:00:00,3.0,47.6,80.3,42.9,47.3,39.0,289.0
2023-01-07 00:00:00,3.4,47.4,80.4,42.8,47.2,38.9,287.0
2023-01-07 01:00:00,2.7,47.6,81.2,43.0,47.6,39.0,287.0
2023-01-07 02:00:00,2.3,47.8,81.4,43.1,47.5,39.1,295.0
2023-01-07 03:00:00,1.7,47.9,79.8,34.9,34.9,32.2,75.0
2023-01-07 04:00:00,1.8,47.9,77.8,28.9,30.6,28.0,0.0
2023-01-07 05:00:00,1.3,48.1,76.0,26.7,29.0,26.2,0.0
2023-01-07 06:00:00,1.2,48.1,76.0,39.9,42.7,27.0,116.0
2023-01-07 07:00:00,0.9,48.2,85.8,43.9,48.7,39.8,452.0
2023-01-07 08:00:00,1.2,48.1,84.4,43.2,47.9,39.2,307.0
2023-01-07 09:00:00,2.9,48.4,84.5,43.3,48.1,39.2,309.0
2023-01-07 10:00:00,4.6,48.0,80.4,43.4,47.7,39.0,300.0
2023-01-07 11:00:00,5.9,46.3,78.2,42.4,46.6,38.6,287.0
2023-01-07 12:00:00,6.8,45.6,75.3,41.5,45.6,37.8,262.0
2023-01-07 13:00:00,7.6,44.2,73.3,40.2,44.1,37.1,243.0
2023-01-07 14:00:00,8.5,43.7,71.9,39.4,43.3,36.4,223.0
2023-01-07 15:00:00,9.1,43.2,69.7,38.8,42.7,36.0,214.0
2023-01-07 16:00:00,8.4,43.8,70.3,39.4,43.1,36.1,221.0
2023-01-07 17:00:00,6.1,45.2,75.0,40.8,45.1,36.9,250.0
2023-01-07 18:00:00,6.0,45.3,77.9,42.2,46.4,38.1,280.0
2023-01-07 19:00:00,5.6,45.6,75.7,40.5,45.2,37.5,244.0
2023-01-07 20:00:00,4.9,46.0,78.1,41.3,45.7,37.8,263.0
2023-01-07 21:00:00,3.3,46.6,79.6,41.7,46.1,38.0,268.0
2023-01-07 22:00:00,2.7,46.9,81.0,42.0,46.6,38.3,273.0
2023-01-07 23:00:00,1.9,47.2,82.5,42.1,40.7,38.5,263.0
2023-01-08 00:00:00,1.4,47.4,78.5,32.2,32.7,29.9,0.0
2023-01-08 01:00:00,1.0,47.6,76.2,27.9,29.4,26.9,0.0
2023-01-08 02:00:00,0.7,47.7,73.8,26.0,28.3,25.6,0.0
2023-01-08 03:00:00,0.8,47.6,70.8,25.2,27.7,25.0,0.0
2023-01-08 04:00:00,0.5,47.8,69.3,24.6,27.3,24.5,0.0
2023-01-08 05:00:00,0.5,47.8,68.1,24.1,29.7,24.5,0.0
2023-01-08 06:00:00,0.0,49.5,90.4,46.1,49.1,32.5,268.0
2023-01-08 07:00:00,-0.5,49.6,86.8,44.9,49.6,40.2,432.0
2023-01-08 08:00:00,-0.2,49.5,86.4,44.6,49.2,39.9,337.0
2023-01-08 09:00:00,2.2,48.8,85.3,44.6,49.1,39.9,340.0
2023-01-08 10:00:00,4.3,48.2,81.3,43.8,48.0,39.6,318.0
2023-01-08 11:00:00,6.0,47.1,76.9,42.5,46.6,38.6,287.0
2023-01-08 12:00:00,7.1,46.2,75.0,41.6,45.6,37.8,264.0
2023-01-08 13:00:00,8.1,45.2,72.3,41.0,44.9,37.4,255.0
2023-01-08 14:00:00,9.2,44.2,71.5,40.4,44.2,36.9,241.0
2023-01-08 15:00:00,10.3,43.2,68.3,39.6,43.2,36.3,222.0
2023-01-08 16:00:00,8.9,44.5,69.3,40.9,44.5,36.6,241.0
2023-01-08 17:00:00,6.5,45.4,77.0,42.6,46.5,38.4,297.0
2023-01-08 18:00:00,5.2,46.3,80.4,42.3,46.8,38.3,268.0
2023-01-08 19:00:00,5.3,46.2,81.3,42.0,46.6,38.3,278.0
2023-01-08 20:00:00,5.6,47.1,81.2,42.1,46.6,38.5,276.0
2023-01-08 21:00:00,4.7,47.7,81.2,42.9,47.3,38.8,288.0
2023-01-08 22:00:00,4.6,47.8,82.1,43.3,47.8,39.2,296.0
2023-01-08 23:00:00,3.2,48.2,78.0,33.7,33.5,30.9,0.0
2023-01-09 00:00:00,3.9,48.0,75.5,28.4,29.8,27.3,0.0
2023-01-09 01:00:00,4.6,47.8,73.3,26.3,28.4,25.8,0.0
2023-01-09 02:00:00,3.0,48.3,71.1,25.3,27.9,25.0,0.0
2023-01-09 03:00:00,2.4,48.5,69.3,24.8,27.3,24.6,0.0
2023-01-09 04:00:00,4.1,48.0,67.7,24.3,28.5,24.7,0.0
2023-01-09 05:00:00,4.6,47.8,42.0,45.4,43.1,24.7,0.0
2023-01-09 06:00:00,4.1,48.2,82.3,47.0,49.5,35.0,298.0
2023-01-09 07:00:00,4.8,48.0,82.7,43.8,48.2,39.4,374.0
2023-01-09 08:00:00,5.1,47.9,83.5,43.6,48.1,39.0,314.0
2023-01-09 09:00:00,6.0,47.1,81.3,42.9,47.4,38.9,304.0
2023-01-09 10:00:00,7.1,46.1,80.6,42.3,46.7,38.5,286.0
2023-01-09 11:00:00,9.3,44.2,78.9,40.3,44.7,37.7,256.0
2023-01-09 12:00:00,10.4,43.2,74.4,38.7,42.9,36.2,217.0
2023-01-09 13:00:00,11.5,42.2,73.0,37.9,42.1,35.5,206.0
2023-01-09 14:00:00,12.4,41.4,72.6,37.6,41.7,35.2,205.0
2023-01-09 15:00:00,11.9,41.7,71.7,37.3,41.5,35.0,200.0
2023-01-09 16:00:00,11.5,42.2,73.2,37.5,41.8,35.1,205.0
2023-01-09 17:00:00,11.4,42.2,74.3,37.7,42.1,35.3,208.0
2023-01-09 18:00:00,10.8,42.8,74.5,37.9,42.3,35.4,211.0
2023-01-09 19:00:00,10.3,44.1,75.2,39.3,43.5,36.0,224.0
2023-01-09 20:00:00,9.8,44.5,73.3,40.0,43.9,36.9,244.0
2023-01-09 21:00:00,9.5,44.7,75.2,40.2,44.4,36.8,238.0
2023-01-09 22:00:00,9.6,44.6,74.7,40.6,40.3,37.2,244.0
2023-01-09 23:00:00,9.2,44.9,71.6,32.3,32.4,29.9,0.0
2023-01-10 00:00:00,9.4,44.8,69.3,28.0,29.4,26.8,0.0
2023-01-10 01:00:00,9.5,44.7,67.2,26.3,28.0,25.5,0.0
2023-01-10 02:00:00,9.4,44.8,65.0,25.1,27.6,24.9,0.0
2023-01-10 03:00:00,9.8,44.5,63.6,24.7,27.2,24.6,0.0
2023-01-10 04:00:00,9.2,44.9,62.0,24.4,26.9,24.3,0.0
2023-01-10 05:00:00,8.6,45.4,25.5,24.4,26.6,24.1,0.0
2023-01-10 06:00:00,8.6,45.4,79.0,40.0,43.2,28.5,166.0
2023-01-10 07:00:00,8.1,45.7,79.0,41.8,46.1,38.0,379.0
2023-01-10 08:00:00,7.1,46.4,79.4,41.8,46.1,38.0,282.0
2023-01-10 09:00:00,7.7,46.1,79.5,42.1,46.3,38.2,284.0
2023-01-10 10:00:00,7.0,46.4,79.3,41.9,46.3,38.1,277.0
2023-01-10 11:00:00,7.5,46.1,79.4,41.9,46.3,38.2,275.0
2023-01-10 12:00:00,6.3,47.0,80.1,42.0,46.4,38.2,276.0
2023-01-10 13:00:00,5.3,47.8,81.3,43.6,47.9,39.2,309.0
2023-01-10 14:00:00,4.8,48.0,83.6,43.7,48.3,39.7,315.0
2023-01-10 15:00:00,5.2,47.8,84.0,43.4,47.9,39.4,296.0
2023-01-10 16:00:00,5.2,47.8,83.6,43.3,48.0,39.3,296.0
2023-01-10 17:00:00,5.0,48.0,83.9,43.4,48.0,39.5,295.0
2023-01-10 18:00:00,4.9,48.0,84.2,43.5,48.1,39.5,297.0
2023-01-10 19:00:00,5.0,48.0,84.4,43.5,48.1,39.5,297.0
2023-01-10 20:00:00,5.0,48.0,84.6,44.3,48.6,40.4,302.0
2023-01-10 21:00:00,4.6,48.1,81.5,43.2,47.6,39.2,277.0
2023-01-10 22:00:00,4.1,48.2,79.7,37.2,36.7,34.1,140.0
2023-01-10 23:00:00,3.8,48.3,77.6,30.0,31.5,28.7,0.0
2023-01-11 00:00:00,3.7,48.3,75.2,27.3,29.2,26.5,0.0
2023-01-11 01:00:00,3.2,48.5,73.0,25.9,28.4,25.6,0.0
2023-01-11 02:00:00,3.0,48.6,71.2,25.3,28.0,25.2,0.0
2023-01-11 03:00:00,2.6,48.7,70.1,25.0,27.8,25.0,0.0
2023-01-11 04:00:00,2.4,48.7,69.1,24.7,27.7,24.9,0.0
2023-01-11 05:00:00,2.2,48.8,68.1,24.8,28.4,24.9,0.0
2023-01-11 06:00:00,2.2,48.8,84.8,47.4,50.2,37.2,381.0
2023-01-11 07:00:00,1.9,48.9,74.0,44.1,47.8,40.1,352.0
2023-01-11 08:00:00,2.1,48.8,85.0,44.6,49.1,40.2,333.0
2023-01-11 09:00:00,2.7,48.6,85.2,44.3,48.9,39.8,324.0
2023-01-11 10:00:00,3.0,48.6,84.3,44.1,48.6,39.7,315.0
2023-01-11 11:00:00,3.4,48.4,84.3,44.2,48.8,39.8,316.0
2023-01-11 12:00:00,3.5,48.4,84.3,44.1,48.6,39.7,315.0
2023-01-11 13:00:00,4.1,48.2,83.2,43.9,48.4,39.5,310.0
2023-01-11 14:00:00,4.1,48.2,83.3,43.8,48.3,39.5,309.0
2023-01-11 15:00:00,3.7,48.3,83.4,43.9,48.3,39.6,307.0
2023-01-11 16:00:00,3.3,48.5,83.4,43.9,48.4,39.6,308.0
2023-01-11 17:00:00,3.2,48.5,84.1,44.1,48.8,39.7,310.0
2023-01-11 18:00:00,3.3,48.45,83.95,44.15,48.8,39.75,307.0
2023-01-11 19:00:00,3.4,48.4,83.8,44.2,48.8,39.8,307.0
2023-01-11 20:00:00,3.6,48.4,83.0,43.9,48.3,39.8,308.0
2023-01-11 21:00:00,3.7,48.4,81.9,43.4,47.8,39.4,293.0
2023-01-11 22:00:00,3.8,48.3,83.2,44.2,48.8,39.7,308.0
2023-01-11 23:00:00,3.7,48.3,78.8,33.9,33.4,30.8,0.0
2023-01-12 00:00:00,3.7,48.3,76.0,28.4,29.8,27.3,0.0
2023-01-12 01:00:00,3.6,48.4,73.8,26.3,28.5,25.8,0.0
2023-01-12 02:00:00,3.9,48.3,71.7,25.3,27.8,25.1,0.0
2023-01-12 03:00:00,3.4,48.4,70.0,24.7,34.6,24.9,0.0
2023-01-12 04:00:00,3.5,48.4,68.6,24.4,28.3,24.4,0.0
2023-01-12 05:00:00,3.5,48.4,67.1,24.1,31.4,24.1,0.0
2023-01-12 06:00:00,3.5,48.4,76.6,39.2,41.4,27.0,137.0
2023-01-12 07:00:00,3.6,48.4,82.2,44.9,49.3,40.0,461.0
2023-01-12 08:00:00,3.7,48.3,83.6,43.7,48.2,39.4,319.0
2023-01-12 09:00:00,4.0,48.3,83.2,43.6,48.0,39.2,313.0
2023-01-12 10:00:00,5.2,47.8,81.4,43.4,47.7,39.2,311.0
2023-01-12 11:00:00,5.1,47.9,81.4,43.2,47.5,38.9,300.0
2023-01-12 12:00:00,5.1,47.8,81.4,43.1,47.5,38.9,300.0
2023-01-12 13:00:00,5.2,47.8,81.4,43.2,47.5,38.9,299.0
2023-01-12 14:00:00,5.2,47.8,81.3,43.3,47.5,38.9,299.0
2023-01-12 15:00:00,5.2,47.8,81.5,43.3,47.7,39.0,297.0
2023-01-12 16:00:00,5.2,47.8,81.1,43.3,47.6,39.1,300.0
2023-01-12 17:00:00,4.6,48.1,83.1,43.6,47.9,39.2,301.0
2023-01-12 18:00:00,4.6,47.1,81.2,42.8,47.2,38.9,289.0
2023-01-12 19:00:00,4.8,46.1,82.0,41.5,46.1,38.1,264.0
2023-01-12 20:00:00,5.2,45.8,79.3,41.2,45.6,38.0,262.0
2023-01-12 21:00:00,5.0,46.0,81.3,40.9,45.6,37.6,254.0
2023-01-12 22:00:00,4.9,46.0,82.4,41.2,45.8,37.8,264.0
2023-01-12 23:00:00,4.9,46.0,79.0,32.8,33.1,30.4,0.0
2023-01-13 00:00:00,4.9,46.0,76.7,28.1,29.8,27.1,0.0
2023-01-13 01:00:00,4.8,46.1,74.5,26.0,28.3,25.6,0.0
2023-01-13 02:00:00,4.7,46.1,72.1,25.2,27.8,25.0,0.0
2023-01-13 03:00:00,4.5,46.2,70.4,24.7,27.3,24.6,0.0
2023-01-13 04:00:00,4.6,46.2,69.0,24.4,27.1,24.4,0.0
2023-01-13 05:00:00,4.5,46.2,67.8,24.1,26.8,24.1,0.0
2023-01-13 06:00:00,4.5,46.2,76.8,40.2,43.2,29.9,205.0
2023-01-13 07:00:00,4.5,46.2,78.6,41.4,46.0,37.9,370.0
2023-01-13 08:00:00,4.7,46.1,81.6,41.9,46.4,38.0,297.0
2023-01-13 09:00:00,5.2,45.8,81.4,41.9,46.3,38.1,289.0
2023-01-13 10:00:00,5.8,45.4,81.3,40.9,45.5,37.8,274.0
2023-01-13 11:00:00,6.5,45.0,80.3,40.4,45.0,37.3,257.0
2023-01-13 12:00:00,6.8,44.8,79.6,40.2,44.6,37.0,253.0
2023-01-13 13:00:00,7.3,44.4,79.0,40.0,44.4,36.9,249.0
2023-01-13 14:00:00,7.5,44.3,77.6,39.8,44.2,36.7,245.0
2023-01-13 15:00:00,7.5,44.3,78.5,39.8,44.1,36.8,244.0
2023-01-13 16:00:00,7.2,44.4,79.1,39.9,44.5,36.9,245.0
2023-01-13 17:00:00,6.5,45.0,79.1,40.0,44.5,37.0,245.0
2023-01-13 18:00:00,6.3,45.1,79.3,40.1,44.5,37.0,236.0
2023-01-13 19:00:00,5.8,45.4,78.0,40.7,45.0,37.2,268.0
2023-01-13 20:00:00,5.8,45.4,79.0,41.0,45.3,37.4,263.0
2023-01-13 21:00:00,4.6,46.2,77.7,41.4,45.6,37.7,264.0
2023-01-13 22:00:00,3.6,47.5,81.8,42.2,46.9,38.3,271.0
2023-01-13 23:00:00,2.9,47.8,83.2,43.9,48.3,39.5,329.0
2023-01-14 00:00:00,2.6,47.9,84.0,44.3,48.7,39.7,312.0
2023-01-14 01:00:00,2.1,48.1,85.5,43.5,48.1,39.5,300.0
2023-01-14 02:00:00,1.8,42.2,85.0,38.4,42.7,36.5,208.0
2023-01-14 03:00:00,1.7,42.3,82.8,37.2,42.0,35.2,193.0
2023-01-14 04:00:00,0.9,42.8,83.7,37.4,42.3,35.4,214.0
2023-01-14 05:00:00,1.3,42.5,82.3,37.4,42.2,35.4,211.0
2023-01-14 06:00:00,1.1,47.5,84.4,43.2,47.4,36.2,253.0
2023-01-14 07:00:00,1.0,47.6,86.3,43.3,48.0,39.4,337.0
2023-01-14 08:00:00,1.3,47.4,85.7,43.0,47.9,39.1,298.0
2023-01-14 09:00:00,2.3,47.0,84.1,42.7,47.2,38.8,295.0
2023-01-14 10:00:00,3.1,46.8,81.5,42.2,46.6,38.6,287.0
2023-01-14 11:00:00,3.25,46.7,81.4,42.05,46.45,38.35,278.5
2023-01-14 12:00:00,3.4,46.6,81.3,41.9,46.3,38.1,278.5
2023-01-14 13:00:00,4.1,46.3,82.7,42.1,46.6,38.4,287.0
2023-01-14 14:00:00,4.3,46.3,83.3,42.2,46.8,38.4,288.0
2023-01-14 15:00:00,4.4,46.2,83.7,42.0,46.7,38.3,280.0
2023-01-14 16:00:00,4.3,47.2,82.5,42.7,47.0,38.5,286.0
2023-01-14 17:00:00,4.5,48.2,82.3,43.4,47.8,39.0,297.0
2023-01-14 18:00:00,4.6,48.2,82.2,43.9,48.2,39.5,309.0
2023-01-14 19:00:00,4.6,48.2,82.3,43.9,48.3,39.5,302.0
2023-01-14 20:00:00,4.6,48.2,81.6,43.8,48.1,39.5,299.0
2023-01-14 21:00:00,4.5,48.2,81.7,43.8,48.2,39.5,299.0
2023-01-14 22:00:00,4.3,48.3,80.7,43.1,42.3,39.5,291.0
2023-01-14 23:00:00,4.0,48.5,77.1,33.0,33.2,30.6,0.0
2023-01-15 00:00:00,4.0,48.5,74.6,28.3,30.6,28.8,0.0
2023-01-15 01:00:00,4.1,48.4,72.1,26.2,38.2,26.1,0.0
2023-01-15 02:00:00,4.1,48.4,70.6,25.4,28.1,25.4,0.0
2023-01-15 03:00:00,4.0,48.4,69.5,25.2,28.2,25.2,0.0
2023-01-15 04:00:00,4.3,48.3,68.8,25.2,28.2,25.3,36.0
2023-01-15 05:00:00,4.4,48.3,67.8,25.0,28.2,25.1,0.0
2023-01-15 06:00:00,4.5,48.2,66.5,25.8,40.5,24.9,33.0
2023-01-15 07:00:00,4.4,48.3,84.2,44.6,48.7,39.9,493.0
2023-01-15 08:00:00,4.6,48.2,81.0,43.4,47.6,39.1,307.0
2023-01-15 09:00:00,4.9,48.0,81.7,43.4,47.6,39.0,306.0
2023-01-15 10:00:00,5.7,47.5,80.4,43.1,47.3,38.7,300.0
2023-01-15 11:00:00,6.6,46.9,79.9,42.7,47.0,38.5,289.0
2023-01-15 12:00:00,7.5,46.3,76.9,42.2,46.2,38.2,281.0
2023-01-15 13:00:00,8.6,45.6,75.2,41.7,45.6,37.7,270.0
2023-01-15 14:00:00,8.2,45.9,76.5,41.8,45.7,37.7,270.0
2023-01-15 15:00:00,7.8,46.1,75.2,41.7,45.7,37.8,269.0
2023-01-15 16:00:00,7.2,44.5,75.3,40.1,44.0,37.1,250.0
2023-01-15 17:00:00,6.0,45.3,76.8,40.6,44.8,37.0,247.0
2023-01-15 18:00:00,4.3,46.4,79.7,41.5,45.8,37.8,269.0
2023-01-15 19:00:00,5.5,45.6,82.8,41.6,46.1,38.2,280.0
2023-01-15 20:00:00,3.1,47.3,81.8,42.4,46.8,38.3,277.0
2023-01-15 21:00:00,3.8,46.8,84.3,43.0,47.6,39.1,299.0
2023-01-15 22:00:00,4.1,46.6,81.8,41.0,40.1,37.9,240.0
2023-01-15 23:00:00,4.0,46.7,78.2,31.8,32.2,29.6,0.0
2023-01-16 00:00:00,4.0,46.7,75.9,27.7,30.1,28.2,0.0
2023-01-16 01:00:00,4.0,46.7,73.7,25.9,33.9,25.9,0.0
2023-01-16 02:00:00,3.7,46.9,71.2,24.9,30.1,24.8,0.0
2023-01-16 03:00:00,3.5,47.0,69.4,24.5,27.1,24.5,0.0
2023-01-16 04:00:00,3.8,46.9,68.0,24.1,26.7,24.1,0.0
2023-01-16 05:00:00,3.8,46.8,24.3,24.2,26.4,23.8,0.0
2023-01-16 06:00:00,3.7,47.4,73.2,38.0,39.5,26.2,113.0
2023-01-16 07:00:00,4.0,47.1,76.8,44.3,48.1,39.0,432.0
2023-01-16 08:00:00,4.3,46.9,84.4,42.4,47.0,38.5,302.0
2023-01-16 09:00:00,5.0,46.5,83.2,42.1,46.8,38.3,294.0
2023-01-16 10:00:00,6.0,45.7,81.2,41.8,46.2,38.0,286.0
2023-01-16 11:00:00,8.1,44.2,79.2,40.4,44.7,37.3,259.0
2023-01-16 12:00:00,8.3,44.1,77.2,39.6,43.9,36.6,241.0
2023-01-16 13:00:00,9.2,43.4,77.3,39.4,43.8,36.4,239.0
2023-01-16 14:00:00,9.1,43.5,77.2,39.4,43.6,36.4,239.0
2023-01-16 15:00:00,9.3,43.4,77.9,39.5,43.9,36.5,239.0
2023-01-16 16:00:00,9.2,43.4,78.1,39.2,43.6,36.4,235.0
2023-01-16 17:00:00,9.5,43.2,78.1,39.0,43.4,36.3,233.0
2023-01-16 18:00:00,8.6,43.9,78.1,38.8,43.2,36.1,227.0
2023-01-16 19:00:00,8.1,44.2,78.6,39.7,44.1,36.6,241.0
2023-01-16 20:00:00,8.1,44.2,78.3,39.9,44.4,36.9,247.0
2023-01-16 21:00:00,8.3,44.1,78.5,40.1,44.4,37.0,245.0
2023-01-16 22:00:00,8.1,44.2,75.1,33.5,33.3,30.5,50.0
2023-01-16 23:00:00,7.7,44.5,72.5,28.1,31.5,28.3,0.0
2023-01-17 00:00:00,8.0,44.3,70.1,26.1,37.0,25.9,0.0
2023-01-17 01:00:00,9.0,43.6,68.2,25.1,29.1,25.0,0.0
2023-01-17 02:00:00,8.7,43.9,67.0,24.6,27.2,24.6,0.0
2023-01-17 03:00:00,9.3,43.3,65.6,24.3,26.9,24.3,0.0
2023-01-17 04:00:00,9.5,43.2,64.5,24.0,26.6,24.0,0.0
2023-01-17 05:00:00,9.9,42.9,63.4,23.8,26.4,23.8,0.0
2023-01-17 06:00:00,10.1,42.8,75.3,40.1,43.9,36.0,348.0
2023-01-17 07:00:00,10.0,42.8,74.8,38.4,42.7,35.7,230.0
2023-01-17 08:00:00,10.5,42.5,75.3,38.4,42.7,35.6,226.0
2023-01-17 09:00:00,11.2,42.0,74.7,38.2,42.4,35.7,226.0
2023-01-17 10:00:00,11.7,41.6,73.4,37.6,41.8,35.1,203.0
2023-01-17 11:00:00,12.6,41.0,72.6,37.5,41.7,35.0,208.0
2023-01-17 12:00:00,13.8,40.1,70.9,35.2,34.8,32.5,123.0
2023-01-17 13:00:00,14.1,40.0,63.6,32.7,32.4,30.3,0.0
2023-01-17 14:00:00,13.7,40.2,61.5,37.1,37.9,26.8,81.0
2023-01-17 15:00:00,14.1,40.0,69.2,36.4,40.5,34.6,272.0
2023-01-17 16:00:00,14.4,40.0,68.6,35.5,39.5,33.6,170.0
2023-01-17 17:00:00,14.2,40.0,68.5,35.7,39.8,33.5,172.0
2023-01-17 18:00:00,14.2,40.0,69.1,36.1,40.1,33.9,187.0
2023-01-17 19:00:00,14.2,42.0,68.6,38.4,42.2,35.1,213.0
2023-01-17 20:00:00,14.3,42.0,68.3,38.6,42.4,35.8,224.0
2023-01-17 21:00:00,14.4,44.0,69.1,41.2,44.6,36.9,251.0
2023-01-17 22:00:00,14.4,44.0,67.4,40.1,38.8,36.7,219.0
2023-01-17 23:00:00,14.3,44.0,59.1,37.9,34.1,30.7,0.0
2023-01-18 00:00:00,13.6,44.2,53.7,35.8,32.7,30.6,0.0
2023-01-18 01:00:00,13.5,44.2,51.5,32.4,31.8,29.5,0.0
2023-01-18 02:00:00,13.9,44.0,48.2,30.5,28.5,26.5,0.0
2023-01-18 03:00:00,13.6,44.2,45.2,29.2,27.3,25.1,0.0
2023-01-18 04:00:00,13.4,44.3,43.3,27.8,26.7,24.6,0.0
2023-01-18 05:00:00,13.2,44.4,40.0,27.0,26.4,24.4,0.0
2023-01-18 06:00:00,13.4,45.2,69.6,39.4,41.4,28.8,164.0
2023-01-18 07:00:00,13.3,45.2,70.0,42.4,45.7,38.0,365.0
2023-01-18 08:00:00,13.9,45.0,68.8,41.7,45.1,37.5,260.0
2023-01-18 09:00:00,15.2,44.0,69.2,40.8,44.3,37.1,247.0
2023-01-18 10:00:00,16.5,44.0,66.1,35.3,34.1,31.7,93.0
2023-01-18 11:00:00,16.3,44.0,63.8,28.9,35.8,27.6,0.0
2023-01-18 12:00:00,15.6,44.0,66.3,40.8,42.0,31.2,160.0
2023-01-18 13:00:00,15.8,40.0,71.3,35.8,40.0,34.2,214.0
2023-01-18 14:00:00,15.2,40.0,71.1,35.3,39.5,33.7,168.0
2023-01-18 15:00:00,14.5,40.0,71.2,35.3,39.5,33.6,168.0
2023-01-18 16:00:00,14.5,40.0,71.0,35.2,39.5,33.7,168.0
2023-01-18 17:00:00,13.6,40.2,71.2,35.3,39.5,33.7,169.0
2023-01-18 18:00:00,13.0,40.7,71.2,36.3,40.5,34.2,180.0
2023-01-18 19:00:00,12.4,41.0,73.0,36.9,41.3,34.7,194.0
2023-01-18 20:00:00,13.6,41.7,71.8,37.9,42.0,35.4,208.0
2023-01-18 21:00:00,15.0,42.5,69.5,37.8,41.9,35.4,200.0
2023-01-18 22:00:00,14.7,42.5,68.8,37.6,37.5,35.0,175.0
2023-01-18 23:00:00,14.4,42.5,66.1,30.8,31.4,28.9,0.0
2023-01-19 00:00:00,14.5,42.5,64.1,27.4,29.0,26.5,0.0
2023-01-19 01:00:00,14.4,42.5,62.2,26.6,27.9,25.4,0.0
2023-01-19 02:00:00,13.7,42.6,60.5,25.3,27.4,24.8,0.0
2023-01-19 03:00:00,13.6,42.6,58.7,24.7,27.2,24.7,0.0
2023-01-19 04:00:00,13.8,42.5,57.6,24.5,35.9,24.5,0.0
2023-01-19 05:00:00,13.5,42.6,55.3,24.4,26.4,24.3,0.0
2023-01-19 06:00:00,13.8,43.5,64.3,37.6,39.0,27.7,130.0
2023-01-19 07:00:00,14.1,43.5,72.2,39.9,43.9,36.9,331.0
2023-01-19 08:00:00,14.3,43.5,71.5,39.3,43.3,36.3,223.0
2023-01-19 09:00:00,13.7,43.5,71.6,39.2,43.2,36.2,221.0
2023-01-19 10:00:00,12.6,43.8,72.9,39.4,43.4,36.3,226.0
2023-01-19 11:00:00,12.6,43.8,74.9,40.0,44.2,36.8,239.0
2023-01-19 12:00:00,11.8,44.1,75.1,40.2,44.4,37.0,241.0
2023-01-19 13:00:00,11.9,44.0,74.3,40.3,44.5,37.2,239.0
2023-01-19 14:00:00,10.7,44.4,74.5,40.3,44.4,37.2,239.0
2023-01-19 15:00:00,10.3,44.5,76.8,40.8,45.1,37.5,247.0
2023-01-19 16:00:00,9.7,44.6,77.0,40.7,44.9,37.6,246.0
2023-01-19 17:00:00,9.3,44.8,77.8,40.7,44.9,37.5,239.0
2023-01-19 18:00:00,9.6,44.7,77.0,40.8,45.1,37.7,247.0
2023-01-19 19:00:00,9.4,44.7,79.3,40.8,45.2,37.6,238.0
2023-01-19 20:00:00,9.4,44.7,75.4,40.4,44.6,37.5,234.0
2023-01-19 21:00:00,9.8,44.6,75.4,40.4,44.7,37.4,233.0
2023-01-19 22:00:00,9.9,44.6,73.2,35.1,35.2,32.8,107.0
2023-01-19 23:00:00,9.7,44.6,71.0,29.7,36.6,28.6,0.0
2023-01-20 00:00:00,9.2,44.8,69.2,27.3,39.2,26.7,0.0
2023-01-20 01:00:00,9.0,44.8,67.3,26.1,32.5,25.9,0.0
2023-01-20 02:00:00,8.2,45.1,65.4,25.5,28.4,25.5,0.0
2023-01-20 03:00:00,7.5,45.3,63.7,25.1,27.7,25.2,0.0
2023-01-20 04:00:00,6.3,45.6,62.3,24.8,27.5,24.9,0.0
2023-01-20 05:00:00,5.7,45.8,61.3,24.5,27.3,24.6,0.0
2023-01-20 06:00:00,5.2,45.9,79.9,44.6,47.7,35.5,313.0
2023-01-20 07:00:00,5.3,45.9,79.3,42.5,47.0,38.5,302.0
2023-01-20 08:00:00,4.3,46.2,82.3,42.0,46.6,38.3,277.0
2023-01-20 09:00:00,3.4,46.6,84.2,42.4,47.1,38.6,289.0
2023-01-20 10:00:00,3.3,46.6,84.0,42.0,46.7,38.5,283.0
2023-01-20 11:00:00,2.7,46.9,85.0,42.2,47.0,38.6,282.0
2023-01-20 12:00:00,2.8,46.8,85.7,42.5,47.3,38.9,287.0
2023-01-20 13:00:00,3.1,46.7,85.7,42.4,47.1,39.0,288.0
2023-01-20 14:00:00,3.5,46.6,83.8,41.9,46.6,38.5,272.0
2023-01-20 15:00:00,4.2,46.3,83.2,41.7,46.3,38.3,270.0
2023-01-20 16:00:00,3.3,46.6,81.2,41.8,46.2,38.1,265.0
2023-01-20 17:00:00,3.3,46.6,84.0,42.6,47.3,38.8,287.0
2023-01-20 18:00:00,3.3,46.6,84.0,42.0,46.6,38.7,280.0
2023-01-20 19:00:00,3.2,46.7,84.2,41.7,46.4,38.3,270.0
2023-01-20 20:00:00,3.2,46.7,83.4,41.6,46.2,38.3,271.0
2023-01-20 21:00:00,3.1,46.7,83.5,41.6,46.3,38.3,268.0
2023-01-20 22:00:00,3.4,46.6,83.9,41.6,46.4,38.3,269.0
2023-01-20 23:00:00,3.7,46.5,75.6,36.8,33.7,31.1,0.0
2023-01-21 00:00:00,3.4,46.6,70.8,31.6,33.5,31.0,0.0
2023-01-21 01:00:00,2.7,46.9,66.0,30.1,34.2,29.9,0.0
2023-01-21 02:00:00,2.1,47.1,61.3,28.9,35.3,28.6,0.0
2023-01-21 03:00:00,2.2,47.1,56.7,27.9,36.6,27.6,0.0
2023-01-21 04:00:00,1.8,47.2,54.2,27.0,36.9,26.8,0.0
2023-01-21 05:00:00,2.0,47.2,51.2,26.2,35.7,26.1,0.0
2023-01-21 06:00:00,1.9,47.9,81.9,44.6,46.6,30.9,241.0
2023-01-21 07:00:00,1.9,47.9,85.9,43.2,47.9,39.3,403.0
2023-01-21 08:00:00,2.5,47.7,84.6,42.5,47.2,38.7,295.0
2023-01-21 09:00:00,3.2,47.5,84.0,42.4,47.0,38.6,292.0
2023-01-21 10:00:00,4.2,47.2,84.0,42.3,47.0,38.5,292.0
2023-01-21 11:00:00,4.7,47.6,82.4,42.7,47.2,38.5,291.0
2023-01-21 12:00:00,4.8,47.5,82.1,43.0,47.4,38.8,299.0
2023-01-21 13:00:00,4.8,47.5,83.5,43.4,47.8,39.2,306.0
2023-01-21 14:00:00,4.3,46.2,80.7,42.4,46.7,38.7,291.0
2023-01-21 15:00:00,4.6,46.1,81.5,41.7,46.1,38.3,275.0
2023-01-21 16:00:00,4.5,46.1,81.4,41.4,46.0,38.1,265.0
2023-01-21 17:00:00,4.6,46.1,81.6,41.3,45.9,37.9,266.0
2023-01-21 18:00:00,4.5,46.2,83.0,41.6,46.2,38.1,270.0
2023-01-21 19:00:00,4.3,46.2,82.6,41.6,46.2,38.2,271.0
2023-01-21 20:00:00,4.2,46.3,82.4,41.5,46.1,38.1,265.0
2023-01-21 21:00:00,4.5,46.2,81.8,41.6,46.2,38.2,270.0
2023-01-21 22:00:00,4.6,46.1,80.9,41.4,45.8,38.1,263.0
2023-01-21 23:00:00,4.5,46.2,73.2,38.6,34.8,31.7,0.0
2023-01-22 00:00:00,4.4,46.2,68.0,34.8,33.9,31.6,0.0
2023-01-22 01:00:00,4.2,46.3,64.4,30.6,31.6,29.3,0.0
2023-01-22 02:00:00,4.3,46.2,60.5,29.2,28.7,26.4,0.0
2023-01-22 03:00:00,4.1,46.4,54.7,27.4,27.6,25.6,0.0
2023-01-22 04:00:00,3.9,46.4,52.3,26.1,27.1,25.0,0.0
2023-01-22 05:00:00,3.7,46.5,50.0,25.2,26.7,24.6,0.0
2023-01-22 06:00:00,3.2,47.5,68.5,34.2,36.4,25.0,94.0
2023-01-22 07:00:00,3.1,47.5,84.8,43.3,48.0,39.5,461.0
2023-01-22 08:00:00,3.0,47.6,82.9,42.8,47.3,38.6,294.0
2023-01-22 09:00:00,3.7,47.3,83.8,43.3,47.9,39.0,311.0
2023-01-22 10:00:00,4.3,47.2,82.9,43.1,47.6,38.9,300.0
2023-01-22 11:00:00,5.1,46.9,79.2,42.5,46.7,38.5,290.0
2023-01-22 12:00:00,5.4,46.6,78.4,42.0,46.1,38.0,274.0
2023-01-22 13:00:00,6.0,46.2,78.5,42.1,46.2,38.1,282.0
2023-01-22 14:00:00,5.9,46.3,77.1,41.8,45.8,37.9,274.0
2023-01-22 15:00:00,6.4,45.9,77.8,41.9,46.1,37.9,275.0
2023-01-22 16:00:00,6.4,45.8,78.2,41.6,45.8,37.9,271.0
2023-01-22 17:00:00,5.4,46.6,80.5,41.7,46.2,38.0,272.0
2023-01-22 18:00:00,4.8,47.0,82.8,42.2,46.9,38.3,282.0
2023-01-22 19:00:00,4.3,47.2,83.5,42.7,47.2,38.7,294.0
2023-01-22 20:00:00,4.5,47.1,83.5,42.9,47.5,39.0,292.0
2023-01-22 21:00:00,4.1,47.2,84.2,43.0,47.7,39.0,292.0
2023-01-22 22:00:00,3.6,47.4,64.0,41.5,35.0,32.7,103.0
2023-01-22 23:00:00,3.4,47.4,67.3,34.6,34.7,32.3,0.0
2023-01-23 00:00:00,3.2,47.5,64.1,31.3,31.9,29.6,0.0
2023-01-23 01:00:00,2.7,47.6,60.9,29.7,28.6,26.5,0.0
2023-01-23 02:00:00,2.3,47.8,55.4,27.6,27.5,25.6,0.0
2023-01-23 03:00:00,2.2,47.8,53.4,26.0,26.9,24.8,0.0
2023-01-23 04:00:00,2.4,47.7,50.5,25.0,26.7,24.3,0.0
2023-01-23 05:00:00,8.1,44.5,32.5,30.3,25.2,22.0,0.0
2023-01-23 06:00:00,9.1,43.7,79.0,39.0,41.6,26.0,139.0
2023-01-23 07:00:00,9.4,43.5,75.7,39.3,43.5,36.3,349.0
2023-01-23 08:00:00,9.4,43.5,76.7,39.1,43.3,36.0,243.0
2023-01-23 09:00:00,10.1,43.1,77.3,39.0,43.3,35.9,236.0
2023-01-23 10:00:00,10.9,44.0,75.3,39.5,43.7,36.2,244.0
2023-01-23 11:00:00,11.2,43.8,74.4,39.5,43.6,36.3,241.0
2023-01-23 12:00:00,11.0,44.0,73.9,39.4,43.6,36.2,239.0
2023-01-23 13:00:00,11.3,43.8,73.9,39.4,43.3,36.2,235.0
2023-01-23 14:00:00,10.8,44.2,73.6,39.4,43.4,36.1,235.0
2023-01-23 15:00:00,9.7,44.8,74.0,40.5,44.5,36.6,248.0
2023-01-23 16:00:00,8.6,45.6,75.7,41.6,45.6,37.5,274.0
2023-01-23 17:00:00,7.8,47.4,79.0,43.6,47.6,39.3,314.0
2023-01-23 18:00:00,6.7,48.0,78.8,43.5,47.5,39.1,292.0
2023-01-23 19:00:00,5.8,48.6,81.3,45.0,49.3,39.7,311.0
2023-01-23 20:00:00,5.1,48.9,80.7,45.5,49.6,40.3,331.0
2023-01-23 21:00:00,5.1,48.9,80.6,44.2,48.2,39.8,302.0
2023-01-23 22:00:00,5.0,48.9,79.9,43.9,42.2,39.6,283.0
2023-01-23 23:00:00,5.3,48.8,76.7,32.8,33.0,30.4,0.0
2023-01-24 00:00:00,4.9,49.0,74.6,28.0,29.7,27.1,0.0
2023-01-24 01:00:00,4.9,49.0,72.1,26.1,28.3,25.7,0.0
2023-01-24 02:00:00,4.9,49.0,70.3,25.2,27.7,25.0,0.0
2023-01-24 03:00:00,4.8,49.0,68.3,24.7,27.3,24.6,0.0
2023-01-24 04:00:00,4.4,49.1,66.7,24.4,27.0,24.3,0.0
2023-01-24 05:00:00,4.3,49.1,65.7,24.1,26.7,24.1,0.0
2023-01-24 06:00:00,4.3,48.2,76.7,40.3,42.6,28.0,160.0
2023-01-24 07:00:00,3.2,48.5,76.3,45.5,48.9,40.1,460.0
2023-01-24 08:00:00,2.9,48.6,84.5,44.4,48.8,39.6,331.0
2023-01-24 09:00:00,3.2,48.5,84.3,44.4,48.7,39.7,329.0
2023-01-24 10:00:00,3.3,48.5,84.2,44.4,48.8,39.7,328.0
2023-01-24 11:00:00,3.5,48.4,82.4,44.2,48.6,39.6,322.0
2023-01-24 12:00:00,4.7,48.0,80.3,43.9,48.0,39.5,313.0
2023-01-24 13:00:00,5.0,47.0,80.8,43.2,47.4,39.0,295.0
2023-01-24 14:00:00,4.9,45.0,79.4,41.1,45.3,38.5,278.0
2023-01-24 15:00:00,4.3,45.4,79.9,40.3,44.8,37.1,238.0
2023-01-24 16:00:00,4.2,45.4,80.3,40.5,45.0,37.3,260.0
2023-01-24 17:00:00,3.4,45.9,80.9,40.8,45.3,37.3,260.0
2023-01-24 18:00:00,3.5,45.9,82.9,41.6,46.2,38.0,279.0
2023-01-24 19:00:00,3.4,45.9,83.4,41.7,46.4,38.1,280.0
2023-01-24 20:00:00,3.1,46.1,84.1,41.9,46.6,38.3,282.0
2023-01-24 21:00:00,3.3,46.0,83.9,42.0,46.7,38.3,284.0
2023-01-24 22:00:00,3.2,46.0,83.7,41.1,45.8,38.0,270.0
2023-01-24 23:00:00,2.8,46.3,74.7,37.4,33.4,31.0,0.0
2023-01-25 00:00:00,2.8,46.3,70.6,32.7,33.1,30.8,0.0
2023-01-25 01:00:00,2.4,46.5,66.0,29.7,32.3,29.2,0.0
2023-01-25 02:00:00,2.3,46.6,61.7,28.7,30.5,27.5,0.0
2023-01-25 03:00:00,2.8,46.3,56.9,27.6,28.1,25.8,0.0
2023-01-25 04:00:00,2.5,46.5,56.2,25.8,26.8,24.4,0.0
2023-01-25 05:00:00,2.6,46.4,33.6,35.2,35.0,24.0,0.0
2023-01-25 06:00:00,2.5,47.2,77.2,42.5,45.0,30.3,229.0
2023-01-25 07:00:00,2.5,47.2,85.0,42.7,47.4,38.7,404.0
2023-01-25 08:00:00,2.9,47.0,85.3,42.2,47.0,38.1,307.0
2023-01-25 09:00:00,3.5,46.7,84.4,42.2,46.8,38.2,303.0
2023-01-25 10:00:00,4.5,46.2,84.1,42.2,46.8,38.2,300.0
2023-01-25 11:00:00,4.9,46.0,81.4,41.9,46.4,38.1,295.0
2023-01-25 12:00:00,5.2,46.0,80.3,41.4,45.8,37.6,277.0
2023-01-25 13:00:00,5.5,45.6,79.3,41.1,45.5,37.4,272.0
2023-01-25 14:00:00,5.0,46.0,79.5,41.0,45.3,37.3,272.0
2023-01-25 15:00:00,5.2,45.8,80.0,41.0,45.5,37.3,273.0
2023-01-25 16:00:00,4.0,46.5,81.2,41.3,45.8,37.5,279.0
2023-01-25 17:00:00,3.6,46.7,83.7,42.6,47.1,38.6,309.0
2023-01-25 18:00:00,2.7,47.1,84.2,42.6,47.3,38.6,297.0
2023-01-25 19:00:00,3.1,46.9,84.4,42.7,47.3,38.6,302.0
2023-01-25 20:00:00,2.8,47.1,85.5,42.8,47.4,38.7,299.0
2023-01-25 21:00:00,2.8,47.1,84.1,42.7,47.2,38.7,301.0
2023-01-25 22:00:00,2.6,47.2,79.3,38.7,35.1,32.5,119.0
2023-01-25 23:00:00,2.4,47.3,77.4,29.6,29.7,27.1,0.0
2023-01-26 00:00:00,2.2,47.4,75.8,25.9,28.0,25.3,0.0
2023-01-26 01:00:00,2.0,47.5,73.6,24.9,28.0,24.9,0.0
2023-01-26 02:00:00,2.0,47.5,72.8,24.9,33.0,25.4,39.0
2023-01-26 03:00:00,2.0,47.5,72.2,24.7,27.7,24.8,34.0
2023-01-26 04:00:00,1.5,47.7,69.0,24.3,27.1,24.3,0.0
2023-01-26 05:00:00,1.6,47.7,66.7,23.9,26.7,23.9,0.0
2023-01-26 06:00:00,1.3,45.9,85.2,44.8,48.2,34.4,323.0
2023-01-26 07:00:00,1.4,45.8,83.4,41.3,45.9,37.7,334.0
2023-01-26 08:00:00,1.7,45.6,85.4,41.5,46.3,37.6,293.0
2023-01-26 09:00:00,2.0,46.1,84.0,40.9,45.6,37.4,286.0
2023-01-26 10:00:00,2.4,45.8,84.1,40.8,45.6,37.3,285.0
2023-01-26 11:00:00,3.1,45.3,83.7,40.8,45.6,37.3,282.0
2023-01-26 12:00:00,2.9,45.4,81.1,40.6,45.1,37.2,277.0
2023-01-26 13:00:00,3.4,45.1,82.7,40.4,45.1,36.9,268.0
2023-01-26 14:00:00,3.5,46.7,80.8,42.1,46.4,37.7,296.0
2023-01-26 15:00:00,3.1,46.9,83.3,43.0,47.4,38.3,310.0
2023-01-26 16:00:00,3.0,47.0,83.6,42.4,47.0,38.4,302.0
2023-01-26 17:00:00,2.4,47.3,84.1,42.5,47.2,38.5,299.0
2023-01-26 18:00:00,2.2,48.1,84.2,43.1,47.6,38.5,292.0
2023-01-26 19:00:00,2.0,48.2,84.5,43.9,48.3,39.2,326.0
2023-01-26 20:00:00,1.8,48.2,84.2,44.0,48.6,39.4,320.0
2023-01-26 21:00:00,2.1,48.1,85.3,44.3,48.9,39.5,328.0
2023-01-26 22:00:00,1.7,48.2,85.9,43.5,48.2,39.4,316.0
2023-01-26 23:00:00,1.6,48.3,75.3,37.4,33.2,30.7,0.0
2023-01-27 00:00:00,1.1,48.5,74.3,28.8,33.2,27.9,0.0
2023-01-27 01:00:00,0.3,48.8,71.1,27.2,47.7,27.8,0.0
2023-01-27 02:00:00,0.2,48.9,64.2,26.8,48.3,27.8,0.0
2023-01-27 03:00:00,0.0,49.0,61.4,26.4,48.0,27.8,0.0
2023-01-27 04:00:00,0.0,49.0,60.4,26.3,48.5,27.2,0.0
2023-01-27 05:00:00,0.0,49.0,52.6,24.6,24.1,21.5,0.0
2023-01-27 06:00:00,0.0,49.2,76.3,39.5,42.2,27.3,156.0
2023-01-27 07:00:00,0.2,50.2,76.9,47.8,50.7,40.5,498.0
2023-01-27 08:00:00,0.4,50.1,87.6,46.1,50.7,40.5,378.0
2023-01-27 09:00:00,0.8,51.3,87.6,47.4,51.7,41.0,382.0
2023-01-27 10:00:00,1.1,50.6,86.2,46.8,51.1,41.4,390.0
2023-01-27 11:00:00,1.7,50.4,85.1,46.0,50.3,40.7,353.0
2023-01-27 12:00:00,2.0,50.4,86.2,46.0,50.5,40.7,354.0
2023-01-27 13:00:00,1.8,50.4,85.7,46.0,50.3,40.7,362.0
2023-01-27 14:00:00,2.3,50.3,85.3,46.0,50.2,40.6,355.0
2023-01-27 15:00:00,2.3,49.2,85.4,45.1,49.5,40.1,334.0
2023-01-27 16:00:00,1.9,49.3,85.3,45.0,49.3,40.1,336.0
2023-01-27 17:00:00,1.0,49.4,86.7,45.1,49.7,40.1,340.0
2023-01-27 18:00:00,0.8,49.4,87.2,45.4,50.1,40.4,347.0
2023-01-27 19:00:00,1.1,51.0,87.4,46.7,51.2,40.9,361.0
2023-01-27 20:00:00,1.4,51.0,86.8,47.3,51.6,41.5,378.0
2023-01-27 21:00:00,1.2,51.0,86.9,46.2,50.6,41.2,361.0
2023-01-27 22:00:00,0.5,51.0,86.3,46.2,43.9,41.2,348.0
2023-01-27 23:00:00,0.4,51.0,76.4,40.3,36.5,32.8,0.0
2023-01-28 00:00:00,0.2,51.0,73.2,31.3,34.7,30.5,0.0
2023-01-28 01:00:00,0.4,51.0,65.9,28.3,38.9,29.3,0.0
2023-01-28 02:00:00,0.4,51.0,60.9,27.5,40.3,29.0,0.0
2023-01-28 03:00:00,0.3,51.0,58.5,26.9,41.3,28.6,0.0
2023-01-28 04:00:00,0.6,51.0,58.2,26.5,42.4,28.0,0.0
2023-01-28 05:00:00,0.5,51.0,65.6,22.4,24.4,21.8,0.0
2023-01-28 06:00:00,0.5,53.4,83.5,44.8,47.9,33.4,324.0
2023-01-28 07:00:00,0.6,53.4,87.1,50.1,53.9,42.7,537.0
2023-01-28 08:00:00,0.8,53.4,87.1,50.0,53.8,42.7,431.0
2023-01-28 09:00:00,1.3,53.3,87.2,50.2,53.9,42.8,428.0
2023-01-28 10:00:00,1.4,53.3,86.2,49.9,53.7,42.7,419.0
2023-01-28 11:00:00,1.5,53.3,85.8,49.9,53.7,42.7,419.0
2023-01-28 12:00:00,1.8,53.3,86.4,50.1,53.8,42.8,419.0
2023-01-28 13:00:00,1.7,51.3,85.8,47.8,51.9,42.7,406.0
2023-01-28 14:00:00,1.8,47.9,85.6,42.6,47.4,38.6,275.0
2023-01-28 15:00:00,2.3,47.4,85.7,43.1,47.7,38.8,309.0
2023-01-28 16:00:00,2.3,47.4,85.8,43.3,47.8,39.0,315.0
2023-01-28 17:00:00,1.9,47.7,85.7,43.1,47.8,39.0,310.0
2023-01-28 18:00:00,1.7,47.9,85.5,43.1,47.7,38.9,312.0
2023-01-28 19:00:00,1.7,47.9,85.8,43.1,47.7,38.9,308.0
2023-01-28 20:00:00,1.8,47.8,86.6,43.2,47.9,38.9,315.0
2023-01-28 21:00:00,1.9,47.7,86.2,43.3,48.0,39.1,312.0
2023-01-28 22:00:00,1.8,47.8,82.7,36.7,35.1,32.6,123.0
2023-01-28 23:00:00,1.7,47.9,80.3,28.3,30.2,27.4,0.0
2023-01-29 00:00:00,1.7,47.9,78.1,26.0,29.3,26.0,34.0
2023-01-29 01:00:00,1.4,48.1,76.7,25.4,28.7,25.4,41.0
2023-01-29 02:00:00,1.6,48.0,76.1,25.0,28.0,25.0,38.0
2023-01-29 03:00:00,1.4,48.2,70.3,24.4,27.3,24.3,0.0
2023-01-29 04:00:00,1.3,48.3,60.6,23.6,26.4,23.7,0.0
2023-01-29 05:00:00,1.3,48.3,55.1,23.0,25.7,23.1,0.0
2023-01-29 06:00:00,1.1,48.4,53.2,32.3,33.5,22.8,45.0
2023-01-29 07:00:00,1.2,48.4,87.7,44.5,48.9,39.5,501.0
2023-01-29 08:00:00,1.2,48.4,85.6,43.3,47.8,38.7,332.0
2023-01-29 09:00:00,1.4,48.2,85.3,43.3,47.9,38.7,332.0
2023-01-29 10:00:00,1.4,48.2,84.9,43.3,47.8,38.7,327.0
2023-01-29 11:00:00,1.6,48.0,85.7,43.5,48.1,38.8,331.0
2023-01-29 12:00:00,1.6,47.9,85.6,43.5,48.2,38.9,329.0
2023-01-29 13:00:00,1.4,48.8,85.7,43.5,48.2,39.0,326.0
2023-01-29 14:00:00,1.3,48.9,85.6,44.8,49.2,39.6,348.0
2023-01-29 15:00:00,1.6,48.7,85.7,44.6,48.8,39.8,343.0
2023-01-29 16:00:00,1.7,48.6,86.3,44.6,49.1,39.7,332.0
2023-01-29 17:00:00,1.7,48.6,86.0,44.0,48.6,39.5,330.0
2023-01-29 18:00:00,1.4,50.2,86.1,45.1,49.7,40.0,343.0
2023-01-29 19:00:00,1.7,50.0,86.1,45.4,49.8,40.3,350.0
2023-01-29 20:00:00,1.5,50.1,86.1,45.5,49.9,40.3,351.0
2023-01-29 21:00:00,1.5,50.0,86.0,45.5,49.9,40.4,347.0
2023-01-29 22:00:00,1.7,49.9,85.9,44.9,43.2,40.4,340.0
2023-01-29 23:00:00,1.5,50.1,76.7,39.0,34.5,31.5,0.0
2023-01-30 00:00:00,1.5,50.1,71.3,31.8,33.5,31.3,0.0
2023-01-30 01:00:00,1.4,50.2,71.3,29.1,30.5,27.5,0.0
2023-01-30 02:00:00,1.2,50.3,67.0,26.2,27.9,25.7,0.0
2023-01-30 03:00:00,1.1,50.4,65.4,24.7,27.6,24.9,0.0
2023-01-30 04:00:00,1.2,50.3,66.3,23.8,32.5,24.1,0.0
2023-01-30 05:00:00,1.1,50.4,49.1,51.9,48.4,23.6,0.0
2023-01-30 06:00:00,0.8,51.2,87.1,44.0,47.0,30.8,244.0
2023-01-30 07:00:00,0.7,51.2,85.1,48.2,52.2,41.2,502.0
2023-01-30 08:00:00,0.7,51.2,86.7,47.3,51.5,41.1,401.0
2023-01-30 09:00:00,0.9,52.3,87.1,48.2,52.2,41.2,399.0
2023-01-30 10:00:00,1.5,52.0,88.5,48.2,52.3,41.9,415.0
2023-01-30 11:00:00,2.0,51.8,87.6,47.8,52.1,41.6,395.0
2023-01-30 12:00:00,2.0,51.8,87.0,47.6,51.7,41.3,389.0
2023-01-30 13:00:00,2.8,51.4,86.2,47.5,51.7,41.4,387.0
2023-01-30 14:00:00,2.9,51.4,86.2,47.3,51.5,41.2,373.0
2023-01-30 15:00:00,2.6,48.4,86.4,43.3,48.1,38.8,292.0
2023-01-30 16:00:00,2.2,48.5,87.0,43.6,48.3,39.2,328.0
2023-01-30 17:00:00,1.5,49.3,87.8,44.4,49.1,39.5,335.0
2023-01-30 18:00:00,1.3,49.3,88.5,45.0,49.7,40.1,349.0
2023-01-30 19:00:00,1.2,49.3,89.0,45.3,49.7,40.4,352.0
2023-01-30 20:00:00,1.1,51.0,88.8,46.4,50.8,40.1,342.0
2023-01-30 21:00:00,1.6,51.0,89.9,46.4,51.0,41.2,380.0
2023-01-30 22:00:00,1.4,51.0,88.2,45.4,43.8,40.9,349.0
2023-01-30 23:00:00,1.0,51.1,81.0,35.7,36.1,30.8,0.0
2023-01-31 00:00:00,0.9,51.1,75.5,31.2,33.7,31.1,0.0
2023-01-31 01:00:00,0.7,51.1,76.8,25.9,27.1,24.5,0.0
2023-01-31 02:00:00,1.0,51.1,75.6,24.3,26.3,23.7,0.0
2023-01-31 03:00:00,1.0,51.1,73.7,23.5,26.1,23.4,0.0
2023-01-31 04:00:00,1.1,51.0,71.8,23.3,26.5,23.5,0.0
2023-01-31 05:00:00,1.2,51.0,37.7,23.6,26.0,23.8,36.0
2023-01-31 06:00:00,1.5,51.0,76.3,38.0,40.3,25.0,108.0
2023-01-31 07:00:00,0.7,53.1,77.4,48.7,51.6,40.0,514.0
2023-01-31 08:00:00,0.8,53.0,88.2,49.9,53.5,42.5,441.0
2023-01-31 09:00:00,0.9,53.0,88.4,49.85,53.65,42.3,414.5
2023-01-31 10:00:00,1.0,53.0,88.6,49.8,53.8,42.1,414.5
2023-01-31 11:00:00,2.0,52.6,88.6,48.8,53.1,42.3,423.0
2023-01-31 12:00:00,2.6,52.4,88.2,48.7,52.8,42.1,405.0
2023-01-31 13:00:00,3.8,52.1,85.8,48.5,52.2,42.1,401.0
2023-01-31 14:00:00,3.55,48.95,84.55,44.1,48.25,39.95,319.5
2023-01-31 15:00:00,3.3,45.8,83.3,39.7,44.3,37.8,319.5
2023-01-31 16:00:00,3.2,45.9,85.0,41.5,46.2,37.7,279.0
2023-01-31 17:00:00,3.0,46.2,85.3,41.9,46.6,38.1,296.0
2023-01-31 18:00:00,2.8,46.4,84.6,42.0,46.7,38.1,294.0
2023-01-31 19:00:00,2.1,47.1,85.1,42.0,46.7,38.1,294.0
2023-01-31 20:00:00,2.5,46.7,85.2,42.1,46.8,38.3,298.0
2023-01-31 21:00:00,2.5,46.7,84.8,42.1,46.8,38.3,295.0
2023-01-31 22:00:00,2.1,47.1,85.9,42.1,46.9,38.3,293.0
2023-01-31 23:00:00,2.8,46.4,76.9,37.1,33.7,30.8,0.0
2023-02-01 00:00:00,2.3,46.9,73.4,29.8,34.6,29.3,0.0
2023-02-01 01:00:00,2.3,46.9,74.2,26.4,26.7,24.1,0.0
2023-02-01 02:00:00,2.1,47.1,72.4,24.0,31.3,23.7,0.0
2023-02-01 03:00:00,2.0,47.3,70.8,23.6,33.5,22.8,0.0
2023-02-01 04:00:00,2.0,47.3,69.2,22.9,25.2,22.4,0.0
2023-02-01 05:00:00,1.8,47.5,67.2,22.5,25.5,22.6,0.0
2023-02-01 06:00:00,1.8,47.5,86.5,46.3,49.3,35.1,361.0
2023-02-01 07:00:00,1.6,47.7,77.3,44.3,48.1,38.0,354.0
2023-02-01 08:00:00,2.1,47.1,86.1,42.8,47.4,38.6,340.0
2023-02-01 09:00:00,3.2,45.9,83.9,41.8,46.3,38.0,306.0
2023-02-01 10:00:00,4.3,44.7,82.9,40.0,44.7,36.9,274.0
2023-02-01 11:00:00,5.2,43.9,80.9,39.3,43.8,36.2,253.0
2023-02-01 12:00:00,5.8,43.5,80.3,39.0,43.6,36.0,252.0
2023-02-01 13:00:00,7.3,45.2,79.2,39.7,44.4,36.3,257.0
2023-02-01 14:00:00,7.5,45.0,78.5,41.1,45.3,37.2,288.0
2023-02-01 15:00:00,7.5,45.0,76.9,41.1,45.1,37.1,273.0
2023-02-01 16:00:00,7.3,45.2,77.3,40.9,45.0,37.0,269.0
2023-02-01 17:00:00,6.2,46.0,78.2,41.2,45.6,37.3,277.0
2023-02-01 18:00:00,5.4,46.6,80.5,41.8,46.0,37.7,287.0
2023-02-01 19:00:00,4.0,47.7,81.6,43.1,47.4,38.3,303.0
2023-02-01 20:00:00,3.6,48.1,83.8,44.1,48.5,39.2,329.0
2023-02-01 21:00:00,3.4,48.2,82.3,44.3,48.3,39.6,328.0
2023-02-01 22:00:00,3.7,48.0,83.3,44.3,48.6,39.5,321.0
2023-02-01 23:00:00,3.9,47.9,79.3,33.0,33.1,30.5,0.0
2023-02-02 00:00:00,3.7,48.0,76.7,27.7,30.9,26.8,0.0
2023-02-02 01:00:00,3.4,48.2,73.8,25.5,27.8,25.0,0.0
2023-02-02 02:00:00,2.7,48.8,71.5,24.4,27.0,24.3,0.0
2023-02-02 03:00:00,2.0,49.4,70.0,23.9,26.8,23.9,0.0
2023-02-02 04:00:00,1.3,49.9,68.5,23.6,26.3,23.6,0.0
2023-02-02 05:00:00,1.1,50.1,67.5,23.3,26.3,23.3,0.0
2023-02-02 06:00:00,1.1,50.1,71.5,37.3,39.5,25.7,134.0
2023-02-02 07:00:00,1.4,49.8,77.6,48.7,50.7,38.9,463.0
2023-02-02 08:00:00,2.3,49.1,86.4,45.5,49.9,40.3,391.0
2023-02-02 09:00:00,4.2,47.6,87.3,43.5,48.2,39.2,327.0
2023-02-02 10:00:00,5.5,46.6,86.3,42.2,46.9,38.6,306.0
2023-02-02 11:00:00,7.5,44.3,84.0,40.6,45.4,37.6,277.0
2023-02-02 12:00:00,8.5,43.7,78.5,38.8,43.1,36.3,239.0
2023-02-02 13:00:00,8.0,44.0,76.7,38.9,43.3,35.6,231.0
2023-02-02 14:00:00,5.6,45.6,78.9,41.1,45.5,36.8,279.0
2023-02-02 15:00:00,3.1,47.7,80.6,42.9,47.0,37.8,306.0
2023-02-02 16:00:00,3.9,46.9,84.1,42.7,47.3,38.8,322.0
2023-02-02 17:00:00,4.3,46.6,84.0,42.3,46.9,38.3,293.0
2023-02-02 18:00:00,4.0,46.9,83.9,42.2,46.7,38.3,294.0
2023-02-02 19:00:00,4.0,46.9,84.0,42.3,47.0,38.4,293.0
2023-02-02 20:00:00,3.4,50.8,84.3,47.5,51.5,41.1,376.0
2023-02-02 21:00:00,2.4,51.3,85.0,47.7,51.5,41.5,376.0
2023-02-02 22:00:00,2.8,51.1,84.4,46.6,44.3,41.6,357.0
2023-02-02 23:00:00,3.6,50.7,78.7,35.6,32.9,30.5,0.0
2023-02-03 00:00:00,2.6,51.2,72.3,31.1,34.0,30.6,0.0
2023-02-03 01:00:00,2.5,51.2,71.7,29.3,38.5,29.5,0.0
2023-02-03 02:00:00,2.9,51.0,71.5,24.6,26.2,23.8,0.0
2023-02-03 03:00:00,3.1,50.9,69.9,24.1,25.6,23.1,0.0
2023-02-03 04:00:00,3.1,50.9,68.0,23.6,34.0,22.8,0.0
2023-02-03 05:00:00,3.2,50.9,66.2,22.4,25.3,22.3,0.0
2023-02-03 06:00:00,3.1,52.5,85.0,41.4,44.4,26.7,154.0
2023-02-03 07:00:00,3.4,52.4,84.4,52.1,54.4,41.2,534.0
2023-02-03 08:00:00,3.2,52.5,85.1,49.1,52.9,42.1,428.0
2023-02-03 09:00:00,4.5,52.1,84.6,48.9,52.5,41.9,405.0
2023-02-03 10:00:00,4.9,52.0,83.9,48.7,52.3,41.8,396.0
2023-02-03 11:00:00,5.7,49.0,80.8,47.0,50.6,41.0,363.0
2023-02-03 12:00:00,5.6,49.2,81.2,44.6,48.6,39.6,316.0
2023-02-03 13:00:00,6.5,45.8,80.1,41.5,45.8,38.6,292.0
2023-02-03 14:00:00,6.5,45.8,79.2,41.2,45.5,37.2,255.0
2023-02-03 15:00:00,6.1,46.1,80.1,41.7,45.9,37.7,283.0
2023-02-03 16:00:00,6.0,46.2,80.0,41.8,46.1,37.8,286.0
2023-02-03 17:00:00,5.6,46.5,80.5,42.0,46.4,38.0,286.0
2023-02-03 18:00:00,5.0,46.9,80.8,42.2,46.7,38.2,286.0
2023-02-03 19:00:00,4.6,47.3,82.2,42.6,47.0,38.3,292.0
2023-02-03 20:00:00,4.7,47.1,82.4,43.3,47.6,38.9,308.0
2023-02-03 21:00:00,4.7,47.2,81.2,43.2,47.3,38.8,301.0
2023-02-03 22:00:00,5.0,47.0,82.3,42.6,41.7,38.8,296.0
2023-02-03 23:00:00,5.0,47.0,76.2,34.2,32.1,29.8,0.0
2023-02-04 00:00:00,5.0,47.0,72.2,30.4,36.0,30.4,0.0
2023-02-04 01:00:00,4.1,47.7,72.6,25.7,35.1,25.0,0.0
2023-02-04 02:00:00,3.4,48.2,70.6,25.0,32.8,24.1,0.0
2023-02-04 03:00:00,3.0,48.6,68.7,24.3,34.9,23.3,0.0
2023-02-04 04:00:00,2.9,48.6,66.3,23.7,25.3,22.8,0.0
2023-02-04 05:00:00,3.5,48.2,63.8,23.0,34.0,22.4,0.0
2023-02-04 06:00:00,3.6,48.1,83.6,43.9,46.2,30.8,251.0
2023-02-04 07:00:00,4.3,47.6,84.3,42.8,47.3,38.8,406.0
2023-02-04 08:00:00,4.4,47.4,84.2,42.4,47.0,38.2,304.0
2023-02-04 09:00:00,4.8,47.1,83.0,42.1,46.6,38.1,298.0
2023-02-04 10:00:00,4.9,47.0,83.0,42.2,46.7,38.1,301.0
2023-02-04 11:00:00,5.4,46.6,83.0,42.3,46.7,38.2,295.0
2023-02-04 12:00:00,5.0,47.0,79.6,42.2,46.5,38.0,290.0
2023-02-04 13:00:00,6.0,45.2,79.1,41.6,45.8,38.4,298.0
2023-02-04 14:00:00,4.1,46.8,84.8,42.7,47.2,38.9,306.0
2023-02-04 15:00:00,3.2,47.5,84.7,43.1,47.8,38.7,306.0
2023-02-04 16:00:00,2.4,48.3,84.7,43.4,47.9,39.0,315.0
2023-02-04 17:00:00,1.9,48.4,85.8,43.6,48.3,39.2,315.0
2023-02-04 18:00:00,1.1,49.1,85.7,43.8,48.4,39.4,323.0
2023-02-04 19:00:00,0.4,49.1,86.6,43.9,48.5,39.4,322.0
2023-02-04 20:00:00,0.0,49.0,86.5,43.9,48.5,39.4,324.0
2023-02-04 21:00:00,-0.2,49.3,87.1,45.0,49.5,39.8,337.0
2023-02-04 22:00:00,-0.5,49.6,86.1,44.5,42.9,40.1,333.0
2023-02-04 23:00:00,-0.5,49.6,81.1,33.0,32.3,29.7,0.0
2023-02-05 00:00:00,-0.6,49.7,78.9,26.8,28.7,26.0,0.0
2023-02-05 01:00:00,-1.0,50.1,76.9,24.7,27.6,24.6,0.0
2023-02-05 02:00:00,-1.1,50.2,74.3,23.9,26.9,23.9,0.0
2023-02-05 03:00:00,-1.6,50.7,72.9,23.4,26.4,23.5,0.0
2023-02-05 04:00:00,-2.0,51.1,71.9,23.1,26.3,23.3,0.0
2023-02-05 05:00:00,-2.4,51.5,71.3,23.1,26.5,23.3,37.0
2023-02-05 06:00:00,-2.5,50.6,87.2,46.3,47.2,30.5,262.0
2023-02-05 07:00:00,-2.8,50.9,91.0,46.2,50.9,40.5,513.0
2023-02-05 08:00:00,-2.9,51.0,90.7,46.1,50.8,40.3,392.0
2023-02-05 09:00:00,-2.8,50.9,90.8,46.3,51.0,40.5,392.0
2023-02-05 10:00:00,-2.1,50.2,89.9,45.9,50.6,40.6,386.0
2023-02-05 11:00:00,-1.8,49.9,89.8,45.6,50.3,40.2,369.0
2023-02-05 12:00:00,-1.3,49.4,88.9,45.3,50.1,40.1,363.0
2023-02-05 13:00:00,-1.4,49.5,87.6,44.7,49.2,39.8,352.0
2023-02-05 14:00:00,-1.1,49.2,88.6,44.8,49.3,39.7,351.0
2023-02-05 15:00:00,-0.6,48.7,87.5,44.6,49.3,39.6,347.0
2023-02-05 16:00:00,-1.4,49.5,86.4,44.4,48.8,39.5,339.0
2023-02-05 17:00:00,-1.8,50.5,89.6,45.8,50.6,40.2,361.0
2023-02-05 18:00:00,-2.0,52.1,89.6,47.9,52.2,41.2,392.0
2023-02-05 19:00:00,-1.8,52.5,90.0,48.0,52.3,41.4,393.0
2023-02-05 20:00:00,-2.1,52.9,90.7,48.7,53.1,42.2,415.0
2023-02-05 21:00:00,-2.1,52.9,90.7,48.8,53.3,42.3,410.0
2023-02-05 22:00:00,-2.4,53.1,90.2,48.9,53.3,42.4,411.0
2023-02-05 23:00:00,-2.3,41.4,88.3,34.8,39.1,33.8,149.0
2023-02-06 00:00:00,-2.6,41.5,89.2,36.5,41.7,34.9,229.0
2023-02-06 01:00:00,-3.3,41.6,29.7,35.9,30.8,28.3,0.0
2023-02-06 02:00:00,-3.8,41.7,25.5,35.0,27.1,24.7,0.0
2023-02-06 03:00:00,-4.1,41.8,23.5,34.5,25.5,23.1,0.0
2023-02-06 04:00:00,-3.6,41.7,22.5,36.2,24.8,22.2,0.0
2023-02-06 05:00:00,-4.3,41.8,30.2,44.4,31.2,26.7,0.0
2023-02-06 06:00:00,-4.6,55.7,82.9,47.2,50.2,36.9,358.0
2023-02-06 07:00:00,-4.8,55.9,86.5,54.7,57.0,43.4,538.0
2023-02-06 08:00:00,-4.3,55.4,89.2,52.6,56.0,44.1,501.0
2023-02-06 09:00:00,-3.4,54.5,92.3,51.4,55.4,43.4,461.0
2023-02-06 10:00:00,-3.0,54.1,91.5,49.4,53.8,42.6,430.0
2023-02-06 11:00:00,-2.3,53.5,90.7,49.0,53.2,42.3,421.0
2023-02-06 12:00:00,-2.6,53.7,90.6,48.8,53.0,42.1,417.0
2023-02-06 13:00:00,-2.3,51.1,90.3,46.3,51.0,40.9,380.0
2023-02-06 14:00:00,-1.9,50.7,88.9,45.5,50.1,40.3,358.0
2023-02-06 15:00:00,-1.9,50.7,87.6,46.8,51.2,41.0,384.0
2023-02-06 16:00:00,-2.4,51.2,89.4,47.3,51.7,41.2,392.0
2023-02-06 17:00:00,-2.8,51.6,90.7,47.6,52.1,41.4,397.0
2023-02-06 18:00:00,-3.1,52.3,91.0,48.0,52.5,41.8,404.0
2023-02-06 19:00:00,-3.1,52.3,91.5,48.2,52.7,41.8,405.0
2023-02-06 20:00:00,-2.1,51.4,91.2,46.8,51.4,41.5,391.0
2023-02-06 21:00:00,-1.9,52.0,90.9,47.9,52.5,41.7,396.0
2023-02-06 22:00:00,-2.1,52.2,90.4,48.2,52.6,41.9,401.0
2023-02-06 23:00:00,-2.0,52.1,76.1,41.0,34.6,32.3,95.0
2023-02-07 00:00:00,-1.9,52.0,75.2,32.6,28.8,26.4,0.0
2023-02-07 01:00:00,-2.2,52.3,66.0,29.1,26.1,23.9,0.0
2023-02-07 02:00:00,-2.5,52.6,58.7,27.9,24.8,22.6,0.0
2023-02-07 03:00:00,-2.9,53.0,53.6,26.6,23.9,21.8,0.0
2023-02-07 04:00:00,-2.9,53.0,53.3,26.5,23.9,21.5,0.0
2023-02-07 05:00:00,-2.8,52.9,85.2,47.9,51.1,36.7,428.0
2023-02-07 06:00:00,-3.0,53.1,79.1,50.0,52.1,39.5,398.0
2023-02-07 07:00:00,-2.7,52.7,87.2,49.7,53.2,42.5,467.0
2023-02-07 08:00:00,-2.6,52.6,90.9,48.3,52.7,41.8,423.0
2023-02-07 09:00:00,-1.8,51.9,89.6,47.8,52.2,41.5,410.0
2023-02-07 10:00:00,-1.9,52.0,88.6,47.4,51.7,41.1,399.0
2023-02-07 11:00:00,-1.7,51.8,89.2,47.5,51.9,41.2,400.0
2023-02-07 12:00:00,-0.9,51.1,87.7,46.8,51.0,41.0,395.0
2023-02-07 13:00:00,-1.6,51.7,89.3,48.5,52.7,41.4,400.0
2023-02-07 14:00:00,-1.4,51.5,87.6,47.5,51.5,41.2,395.0
2023-02-07 15:00:00,-1.5,51.6,86.8,47.1,51.3,41.0,382.0
2023-02-07 16:00:00,-1.6,51.7,87.3,47.2,51.3,41.0,386.0
2023-02-07 17:00:00,-2.1,52.2,89.2,48.6,52.8,41.5,404.0
2023-02-07 18:00:00,-2.3,52.4,91.0,48.5,52.9,42.0,409.0
2023-02-07 19:00:00,-1.8,51.9,90.8,47.9,52.4,42.1,407.0
2023-02-07 20:00:00,-1.4,51.5,90.9,47.0,51.5,41.5,388.0
2023-02-07 21:00:00,-1.1,51.2,90.1,46.3,50.8,40.9,366.0
2023-02-07 22:00:00,-1.7,52.1,89.8,47.3,51.7,41.0,381.0
2023-02-07 23:00:00,-1.5,51.9,45.5,47.0,40.8,38.4,286.0
2023-02-08 00:00:00,-2.3,52.7,66.2,30.9,31.3,28.6,0.0
2023-02-08 01:00:00,-2.4,52.8,76.3,25.9,28.4,25.6,0.0
2023-02-08 02:00:00,-2.5,52.9,78.3,24.4,27.3,24.4,0.0
2023-02-08 03:00:00,-2.4,52.8,76.9,23.7,26.6,23.6,0.0
2023-02-08 04:00:00,-2.4,52.7,23.9,23.6,25.4,23.1,0.0
2023-02-08 05:00:00,-2.5,52.9,30.9,60.0,31.3,24.6,0.0
2023-02-08 06:00:00,-2.8,53.2,77.0,46.1,48.4,36.1,341.0
2023-02-08 07:00:00,-2.9,53.4,90.4,49.9,54.1,42.5,514.0
2023-02-08 08:00:00,-2.2,52.6,90.3,48.7,52.9,41.9,430.0
2023-02-08 09:00:00,-1.4,51.8,89.4,47.7,52.0,41.5,413.0
2023-02-08 10:00:00,0.3,49.9,87.1,46.2,50.6,40.8,382.0
2023-02-08 11:00:00,0.8,49.4,86.8,46.2,49.9,40.2,358.0
2023-02-08 12:00:00,1.7,48.5,86.4,43.9,48.4,39.0,334.0
2023-02-08 13:00:00,2.1,48.0,84.7,44.1,48.4,39.1,334.0
2023-02-08 14:00:00,1.7,48.4,84.2,44.0,48.3,38.9,334.0
2023-02-08 15:00:00,1.3,49.8,84.0,45.5,49.6,39.8,361.0
2023-02-08 16:00:00,0.7,50.5,85.5,45.6,49.9,40.1,365.0
2023-02-08 17:00:00,-0.3,51.6,86.5,47.6,51.8,41.0,393.0
2023-02-08 18:00:00,-1.1,52.5,88.2,48.3,52.4,41.6,406.0
2023-02-08 19:00:00,-1.7,53.1,89.5,49.0,53.1,42.1,417.0
2023-02-08 20:00:00,-2.0,53.5,90.5,49.6,53.7,42.6,423.0
2023-02-08 21:00:00,-2.4,53.7,89.9,49.8,53.9,42.9,424.0
2023-02-08 22:00:00,-2.2,53.7,90.7,49.9,54.0,42.9,424.0
2023-02-08 23:00:00,-2.3,53.8,90.8,50.0,54.2,43.0,429.0
2023-02-09 00:00:00,-2.9,40.0,85.7,43.1,37.5,35.3,191.0
2023-02-09 01:00:00,-3.4,40.0,89.2,35.4,40.7,33.6,172.0
2023-02-09 02:00:00,-3.4,40.0,89.5,34.9,40.1,33.5,197.0
2023-02-09 03:00:00,-4.1,40.0,90.0,34.7,39.8,33.4,198.0
2023-02-09 04:00:00,-4.1,40.0,90.1,34.6,39.9,33.2,197.0
2023-02-09 05:00:00,-4.2,40.0,88.3,34.5,39.5,33.1,200.0
2023-02-09 06:00:00,-5.3,53.9,95.5,50.8,53.5,35.5,319.0
2023-02-09 07:00:00,-5.6,54.3,95.1,50.5,54.9,43.1,527.0
2023-02-09 08:00:00,-4.5,53.1,94.5,48.6,53.4,42.8,438.0
2023-02-09 09:00:00,-2.7,51.4,92.9,47.0,51.8,41.7,391.0
2023-02-09 10:00:00,-1.1,52.8,91.3,49.2,53.0,42.7,440.0
2023-02-09 11:00:00,0.0,51.6,90.0,47.7,52.0,41.6,391.0
2023-02-09 12:00:00,1.3,50.0,86.5,45.3,43.4,40.6,354.0
2023-02-09 13:00:00,2.2,49.0,82.7,45.7,49.6,40.2,357.0
2023-02-09 14:00:00,2.6,48.6,80.8,43.7,47.7,39.0,307.0
2023-02-09 15:00:00,2.7,48.5,79.7,44.4,48.1,39.1,332.0
2023-02-09 16:00:00,1.7,49.6,81.3,45.5,49.3,39.5,342.0
2023-02-09 17:00:00,0.6,49.4,82.4,44.9,48.9,39.4,334.0
2023-02-09 18:00:00,-0.1,50.1,85.0,45.9,50.1,40.2,362.0
2023-02-09 19:00:00,-0.4,50.5,84.8,46.1,50.2,40.5,362.0
2023-02-09 20:00:00,-0.8,50.9,86.0,46.3,50.6,40.7,363.0
2023-02-09 21:00:00,-1.1,51.2,86.4,46.5,50.7,40.7,367.0
2023-02-09 22:00:00,-2.1,52.2,88.9,47.1,51.4,41.2,381.0
2023-02-09 23:00:00,-3.1,53.2,88.8,48.8,52.8,42.1,411.0
2023-02-10 00:00:00,-3.8,48.0,89.1,42.4,47.3,38.6,281.0
2023-02-10 01:00:00,-4.3,48.0,90.1,42.6,47.7,38.6,311.0
2023-02-10 02:00:00,-5.1,40.0,88.4,36.8,40.4,35.4,212.0
2023-02-10 03:00:00,-5.5,40.0,89.4,34.8,40.1,33.2,167.0
2023-02-10 04:00:00,-5.9,40.0,90.7,35.4,40.8,33.9,213.0
2023-02-10 05:00:00,-6.4,40.0,90.1,34.2,40.0,33.1,184.0
2023-02-10 06:00:00,-6.4,40.0,91.4,35.2,40.5,33.7,217.0
2023-02-10 07:00:00,-6.4,56.5,84.8,52.5,55.0,42.4,509.0
2023-02-10 08:00:00,-4.5,56.6,88.6,56.2,58.6,45.2,532.0
2023-02-10 09:00:00,-3.0,54.9,92.3,51.2,55.4,44.0,453.0
2023-02-10 10:00:00,-1.7,54.8,91.1,51.3,55.2,44.0,460.0
2023-02-10 11:00:00,-0.3,53.0,88.9,49.3,53.4,42.9,420.0
2023-02-10 12:00:00,0.9,48.3,86.5,42.9,47.7,39.5,310.0
2023-02-10 13:00:00,1.9,48.0,85.2,42.3,47.2,38.3,291.0
2023-02-10 14:00:00,2.3,47.5,83.8,43.3,47.7,38.8,319.0
2023-02-10 15:00:00,2.2,47.7,83.4,43.1,47.5,38.7,310.0
2023-02-10 16:00:00,2.0,47.9,83.5,43.1,47.5,38.6,307.0
2023-02-10 17:00:00,0.9,49.3,84.4,45.5,49.6,39.2,337.0
2023-02-10 18:00:00,0.2,50.2,86.9,46.0,50.2,40.4,368.0
2023-02-10 19:00:00,0.0,50.6,87.1,46.2,50.4,40.7,364.0
2023-02-10 20:00:00,-0.5,51.2,86.7,46.3,50.5,40.7,361.0
2023-02-10 21:00:00,-1.1,52.0,88.7,48.3,52.4,41.7,395.0
2023-02-10 22:00:00,-1.5,52.5,89.9,48.0,52.4,42.4,405.0
2023-02-10 23:00:00,-2.3,53.7,90.8,49.1,53.4,42.4,400.0
2023-02-11 00:00:00,-2.6,53.8,84.5,49.1,51.4,37.2,278.0
2023-02-11 01:00:00,-3.4,55.0,82.5,41.2,34.6,32.2,112.0
2023-02-11 02:00:00,-4.0,55.7,74.0,34.7,28.9,26.7,0.0
2023-02-11 03:00:00,-4.6,47.8,72.1,28.2,26.6,24.3,0.0
2023-02-11 04:00:00,-5.0,48.0,25.9,43.2,27.8,25.0,0.0
2023-02-11 05:00:00,-5.3,56.4,77.2,45.7,49.1,38.0,389.0
2023-02-11 06:00:00,-5.8,55.9,95.8,53.1,57.2,44.8,577.0
2023-02-11 07:00:00,-6.0,56.1,94.4,51.0,55.3,43.7,453.0
2023-02-11 08:00:00,-4.5,54.5,94.7,50.8,55.3,44.0,465.0
2023-02-11 09:00:00,-2.6,53.8,91.2,49.7,53.9,42.8,413.0
2023-02-11 10:00:00,-0.9,53.0,90.9,48.6,53.0,42.8,424.0
2023-02-11 11:00:00,0.8,50.7,88.0,45.5,50.0,40.4,331.0
2023-02-11 12:00:00,1.6,50.5,86.3,45.6,49.9,40.3,355.0
2023-02-11 13:00:00,2.3,47.8,84.3,44.5,48.5,39.9,340.0
2023-02-11 14:00:00,2.6,47.7,83.8,42.9,47.3,38.7,300.0
2023-02-11 15:00:00,2.9,47.6,82.2,42.5,46.9,38.4,294.0
2023-02-11 16:00:00,2.3,47.8,80.6,42.9,47.0,38.5,305.0
2023-02-11 17:00:00,1.5,48.0,79.9,44.0,48.0,38.7,310.0
2023-02-11 18:00:00,0.3,48.4,86.7,44.3,48.8,39.7,342.0
2023-02-11 19:00:00,-0.3,48.6,86.5,44.3,48.9,39.6,328.0
2023-02-11 20:00:00,-0.6,48.7,86.3,44.3,48.7,39.7,329.0
2023-02-11 21:00:00,-0.8,48.7,88.3,44.6,49.3,39.8,331.0
2023-02-11 22:00:00,-0.9,48.8,88.1,44.7,49.3,40.0,337.0
2023-02-11 23:00:00,-1.6,49.0,85.2,42.8,39.7,37.4,245.0
2023-02-12 00:00:00,-2.2,49.1,72.0,39.4,30.7,28.4,0.0
2023-02-12 01:00:00,-2.5,49.2,69.8,30.7,27.4,25.1,0.0
2023-02-12 02:00:00,-2.4,49.2,61.0,29.0,25.8,23.5,0.0
2023-02-12 03:00:00,-1.7,49.0,54.6,28.0,24.8,22.5,0.0
2023-02-12 04:00:00,-1.4,48.9,49.3,27.0,24.2,21.9,0.0
2023-02-12 05:00:00,-1.6,48.9,88.8,47.1,50.9,39.2,510.0
2023-02-12 06:00:00,-1.2,51.6,88.3,47.4,51.5,39.9,376.0
2023-02-12 07:00:00,-0.9,51.4,89.1,47.8,52.1,41.5,415.0
2023-02-12 08:00:00,-0.6,51.1,86.8,46.2,50.4,40.7,365.0
2023-02-12 09:00:00,-0.4,50.4,86.7,46.2,50.4,40.8,374.0
2023-02-12 10:00:00,0.3,49.7,86.8,45.8,50.2,40.3,355.0
2023-02-12 11:00:00,1.1,49.1,77.5,44.5,47.8,40.1,346.0
2023-02-12 12:00:00,1.5,48.7,85.8,44.6,49.0,39.6,333.0
2023-02-12 13:00:00,2.3,48.0,84.4,44.0,48.4,39.4,331.0
2023-02-12 14:00:00,3.2,47.3,81.3,43.4,47.5,39.0,314.0
2023-02-12 15:00:00,4.0,46.8,83.4,42.8,47.3,38.6,306.0
2023-02-12 16:00:00,3.5,47.2,81.0,42.1,46.3,38.0,288.0
2023-02-12 17:00:00,3.1,47.5,83.6,43.4,47.8,38.7,315.0
2023-02-12 18:00:00,2.8,47.7,84.2,43.9,48.3,39.2,324.0
2023-02-12 19:00:00,2.8,47.6,84.1,44.0,48.2,39.2,323.0
2023-02-12 20:00:00,2.6,47.9,84.1,42.9,47.3,38.7,302.0
2023-02-12 21:00:00,1.6,48.7,84.7,43.9,48.3,39.1,320.0
2023-02-12 22:00:00,1.1,49.0,41.0,44.1,41.9,39.3,301.0
2023-02-12 23:00:00,0.5,49.6,55.5,64.8,53.9,32.0,0.0
2023-02-13 00:00:00,0.0,50.0,51.4,39.6,33.0,31.1,0.0
2023-02-13 01:00:00,-0.5,50.4,45.9,37.6,31.5,29.8,0.0
2023-02-13 02:00:00,-1.3,51.2,41.6,35.1,28.3,26.6,0.0
2023-02-13 03:00:00,-1.6,51.3,38.4,32.7,26.2,24.6,0.0
2023-02-13 04:00:00,-2.0,51.6,35.6,30.7,25.5,23.7,0.0
2023-02-13 05:00:00,-2.2,51.8,54.7,60.2,54.7,21.5,0.0
2023-02-13 06:00:00,-2.8,52.3,76.7,47.6,49.0,37.0,451.0
2023-02-13 07:00:00,-2.8,52.3,84.2,49.5,53.0,42.3,480.0
2023-02-13 08:00:00,-1.6,51.3,90.9,47.5,52.0,41.7,408.0
2023-02-13 09:00:00,0.6,49.5,87.6,45.1,49.5,40.3,357.0
2023-02-13 10:00:00,2.4,48.0,87.1,44.2,48.9,39.3,333.0
2023-02-13 11:00:00,3.7,46.9,84.5,42.9,47.3,38.7,310.0
2023-02-13 12:00:00,4.7,46.2,83.0,42.3,46.6,38.2,296.0
2023-02-13 13:00:00,5.9,45.4,78.9,41.2,45.3,37.5,275.0
2023-02-13 14:00:00,6.1,45.3,78.9,40.8,45.1,37.2,268.0
2023-02-13 15:00:00,6.2,45.2,78.4,40.6,44.8,36.9,266.0
2023-02-13 16:00:00,6.0,44.0,78.3,39.7,44.0,36.5,247.0
2023-02-13 17:00:00,5.0,44.5,75.3,39.9,43.9,36.2,246.0
2023-02-13 18:00:00,3.1,46.4,83.3,41.6,46.1,37.4,289.0
2023-02-13 19:00:00,2.1,47.2,85.5,42.6,47.3,38.3,309.0
2023-02-13 20:00:00,1.7,51.3,86.1,48.4,52.2,41.2,390.0
2023-02-13 21:00:00,1.2,51.5,86.4,47.8,51.8,41.6,383.0
2023-02-13 22:00:00,0.2,51.9,85.8,46.1,43.8,41.5,352.0
2023-02-13 23:00:00,-0.5,52.2,74.8,41.6,32.4,30.1,0.0
2023-02-14 00:00:00,-0.1,52.0,69.3,36.4,28.4,26.0,0.0
2023-02-14 01:00:00,0.7,51.7,63.3,29.5,29.8,26.7,0.0
2023-02-14 02:00:00,0.8,51.6,56.6,27.8,31.2,26.4,0.0
2023-02-14 03:00:00,0.8,51.6,50.9,26.8,32.0,26.5,0.0
2023-02-14 04:00:00,1.0,51.6,46.4,26.1,31.6,26.6,0.0
2023-02-14 05:00:00,0.9,51.6,36.4,39.1,29.1,23.7,0.0
2023-02-14 06:00:00,0.9,51.6,70.2,39.9,41.5,28.7,193.0
2023-02-14 07:00:00,1.0,51.6,83.7,51.1,53.7,40.4,490.0
2023-02-14 08:00:00,1.4,51.4,86.4,47.8,51.7,41.3,414.0
2023-02-14 09:00:00,2.5,51.0,85.7,47.6,51.5,41.1,390.0
2023-02-14 10:00:00,3.1,50.7,84.5,47.3,51.1,41.0,382.0
2023-02-14 11:00:00,4.9,50.0,81.4,46.3,50.0,40.6,364.0
2023-02-14 12:00:00,5.1,47.9,81.1,43.4,47.4,38.8,290.0
2023-02-14 13:00:00,5.8,47.2,80.7,43.3,47.4,38.7,308.0
2023-02-14 14:00:00,6.0,47.1,80.1,43.1,47.2,38.5,304.0
2023-02-14 15:00:00,5.7,47.3,80.3,43.0,47.0,38.3,299.0
2023-02-14 16:00:00,5.5,47.5,80.7,43.0,47.0,38.3,305.0
2023-02-14 17:00:00,5.2,47.8,81.1,43.1,47.3,38.5,301.0
2023-02-14 18:00:00,5.1,47.9,81.3,43.3,47.5,38.6,311.0
2023-02-14 19:00:00,4.9,48.0,81.5,43.9,48.0,38.9,320.0
2023-02-14 20:00:00,4.8,48.1,81.2,44.1,48.0,39.1,319.0
2023-02-14 21:00:00,4.6,48.2,77.1,43.9,47.5,38.8,309.0
2023-02-14 22:00:00,4.5,48.3,78.1,44.7,43.3,39.2,322.0
2023-02-14 23:00:00,4.6,48.2,74.7,32.9,32.9,30.2,0.0
2023-02-15 00:00:00,4.6,48.3,72.6,27.3,29.2,26.5,0.0
2023-02-15 01:00:00,4.6,48.2,69.9,25.5,27.7,24.9,0.0
2023-02-15 02:00:00,4.5,48.3,68.3,24.5,26.9,24.3,0.0
2023-02-15 03:00:00,4.5,48.3,66.2,23.9,26.6,23.8,0.0
2023-02-15 04:00:00,4.3,48.4,65.0,23.6,26.4,23.6,0.0
2023-02-15 05:00:00,4.1,48.6,64.4,23.4,26.2,23.5,0.0
2023-02-15 06:00:00,3.6,49.2,82.2,45.6,48.2,34.5,333.0
2023-02-15 07:00:00,3.6,49.2,81.5,45.8,49.5,39.8,423.0
2023-02-15 08:00:00,4.3,48.8,79.7,45.4,49.0,39.6,353.0
2023-02-15 09:00:00,5.5,48.0,78.3,44.9,48.5,39.2,338.0
2023-02-15 10:00:00,5.9,47.6,76.5,43.8,47.5,38.6,315.0
2023-02-15 11:00:00,6.9,46.7,73.8,43.1,46.5,38.1,299.0
2023-02-15 12:00:00,7.1,48.9,74.8,46.9,49.6,39.2,338.0
2023-02-15 13:00:00,8.2,48.1,73.4,45.7,48.6,39.7,341.0
2023-02-15 14:00:00,7.3,44.7,77.6,41.8,45.8,39.5,310.0
2023-02-15 15:00:00,7.3,44.7,75.0,40.1,44.0,36.5,218.0
2023-02-15 16:00:00,7.1,44.7,75.5,40.7,44.7,36.9,260.0
2023-02-15 17:00:00,6.4,44.8,71.1,40.9,44.4,36.6,252.0
2023-02-15 18:00:00,5.2,44.9,78.9,41.2,45.4,37.5,216.0
2023-02-15 19:00:00,4.15,45.9,81.2,41.8,46.1,37.95,330.0
2023-02-15 20:00:00,3.1,46.9,83.5,42.4,46.8,38.4,330.0
2023-02-15 21:00:00,2.3,47.7,84.8,42.5,47.0,38.4,308.0
2023-02-15 22:00:00,1.5,48.5,82.7,38.9,37.1,34.7,190.0
2023-02-15 23:00:00,0.4,49.6,75.7,32.5,33.2,30.6,0.0
2023-02-16 00:00:00,0.3,49.6,76.4,27.1,30.9,25.6,0.0
2023-02-16 01:00:00,-0.2,50.3,75.4,24.6,27.6,24.7,0.0
2023-02-16 02:00:00,-0.9,51.0,72.9,24.6,27.9,24.7,34.0
2023-02-16 03:00:00,-1.4,51.5,73.0,24.6,27.8,24.8,39.0
2023-02-16 04:00:00,-1.1,51.2,71.5,24.3,27.3,24.4,33.0
2023-02-16 05:00:00,-1.8,51.9,64.1,23.8,26.6,23.8,0.0
2023-02-16 06:00:00,-2.5,52.5,77.8,39.3,41.8,27.7,156.0
2023-02-16 07:00:00,-1.7,51.8,91.1,47.5,51.9,41.7,559.0
2023-02-16 08:00:00,-0.1,50.2,89.7,46.3,50.8,40.5,380.0
2023-02-16 09:00:00,2.3,47.7,86.9,43.3,47.8,39.1,332.0
2023-02-16 10:00:00,4.0,46.0,85.0,42.1,46.7,38.1,302.0
2023-02-16 11:00:00,5.4,44.9,82.2,40.5,45.0,37.2,276.0
2023-02-16 12:00:00,6.6,44.8,79.3,39.8,44.3,36.4,256.0
2023-02-16 13:00:00,8.1,44.6,76.1,40.0,44.0,36.4,257.0
2023-02-16 14:00:00,9.0,44.5,72.7,40.0,43.7,36.4,253.0
2023-02-16 15:00:00,9.4,44.5,71.2,40.3,43.9,36.4,253.0
2023-02-16 16:00:00,9.8,44.4,70.9,41.1,44.4,36.3,252.0
2023-02-16 17:00:00,8.7,44.5,68.9,41.3,44.6,36.9,266.0
2023-02-16 18:00:00,5.9,46.7,79.3,43.2,47.2,38.3,309.0
2023-02-16 19:00:00,6.5,47.0,81.2,42.6,46.9,38.3,296.0
2023-02-16 20:00:00,5.6,47.4,81.3,42.6,46.8,38.3,294.0
2023-02-16 21:00:00,4.0,49.3,84.0,44.8,48.8,38.9,317.0
2023-02-16 22:00:00,3.1,49.8,83.1,43.7,42.0,39.9,318.0
2023-02-16 23:00:00,2.0,50.5,79.2,32.4,32.5,29.8,0.0
2023-02-17 00:00:00,2.4,50.3,76.7,27.6,29.2,26.6,0.0
2023-02-17 01:00:00,1.2,51.1,74.2,25.6,27.7,25.1,0.0
2023-02-17 02:00:00,0.6,51.4,71.8,24.4,34.5,24.7,0.0
2023-02-17 03:00:00,1.0,51.2,70.1,23.9,29.4,24.0,0.0
2023-02-17 04:00:00,0.6,51.4,68.8,23.5,26.3,23.6,0.0
2023-02-17 05:00:00,-0.2,52.0,24.7,37.0,26.7,23.1,0.0
2023-02-17 06:00:00,-0.3,49.9,77.7,45.2,47.0,32.9,261.0
2023-02-17 07:00:00,0.0,50.3,85.0,46.9,50.8,41.0,469.0
2023-02-17 08:00:00,2.2,49.6,86.9,45.8,50.2,40.3,368.0
2023-02-17 09:00:00,4.5,48.8,85.6,44.8,49.1,39.8,346.0
2023-02-17 10:00:00,6.2,47.5,83.5,44.0,48.3,39.5,327.0
2023-02-17 11:00:00,8.0,45.8,79.3,42.1,46.3,38.2,284.0
2023-02-17 12:00:00,9.4,44.4,76.8,40.8,44.8,37.3,266.0
2023-02-17 13:00:00,10.9,42.9,69.0,38.9,42.6,35.8,220.0
2023-02-17 14:00:00,11.8,42.2,66.3,35.3,34.4,32.0,123.0
2023-02-17 15:00:00,11.8,42.0,65.4,30.9,30.6,28.2,42.0
2023-02-17 16:00:00,12.1,41.9,67.5,40.0,43.0,35.1,272.0
2023-02-17 17:00:00,11.1,45.5,64.4,41.1,43.6,35.1,234.0
2023-02-17 18:00:00,8.8,48.2,72.0,43.9,47.0,38.5,332.0
2023-02-17 19:00:00,6.6,49.6,76.2,46.8,49.6,40.0,357.0
2023-02-17 20:00:00,7.2,49.7,77.1,46.7,49.9,40.4,347.0
2023-02-17 21:00:00,5.8,50.5,78.6,47.4,50.5,40.8,352.0
2023-02-17 22:00:00,4.1,51.4,78.6,46.2,43.8,41.1,354.0
2023-02-17 23:00:00,3.4,51.6,74.8,34.6,33.2,30.8,0.0
2023-02-18 00:00:00,3.3,51.6,72.8,28.1,29.6,27.0,0.0
2023-02-18 01:00:00,2.2,52.1,70.7,26.0,28.1,25.4,0.0
2023-02-18 02:00:00,1.7,52.3,68.6,24.8,27.4,24.6,0.0
2023-02-18 03:00:00,2.1,52.1,66.6,24.2,27.3,24.7,0.0
2023-02-18 04:00:00,2.2,52.1,65.3,23.8,34.2,24.0,0.0
2023-02-18 05:00:00,1.5,52.4,64.1,23.5,35.9,23.7,0.0
2023-02-18 06:00:00,1.7,52.3,78.7,41.7,44.3,31.2,251.0
2023-02-18 07:00:00,1.8,52.2,86.4,48.8,52.6,42.0,516.0
2023-02-18 08:00:00,3.2,51.7,85.9,48.3,52.0,41.7,399.0
2023-02-18 09:00:00,5.4,50.7,81.7,46.6,50.2,41.0,372.0
2023-02-18 10:00:00,7.9,49.4,78.8,45.2,48.9,39.9,332.0
2023-02-18 11:00:00,9.2,48.6,75.5,44.9,48.0,39.2,318.0
2023-02-18 12:00:00,11.0,47.6,73.9,44.6,47.7,39.2,315.0
2023-02-18 13:00:00,13.0,45.6,71.4,42.0,40.6,38.1,261.0
2023-02-18 14:00:00,13.9,45.0,68.0,32.5,35.4,30.0,0.0
2023-02-18 15:00:00,13.3,45.4,65.9,27.9,29.0,26.5,0.0
2023-02-18 16:00:00,13.3,45.4,64.0,26.5,27.4,25.0,0.0
2023-02-18 17:00:00,12.1,46.3,62.4,25.4,26.8,24.4,0.0
2023-02-18 18:00:00,9.9,45.0,75.9,43.5,46.7,36.0,354.0
2023-02-18 19:00:00,8.3,45.0,77.4,41.3,45.4,37.4,289.0
2023-02-18 20:00:00,7.7,45.0,78.2,41.3,45.4,37.4,271.0
2023-02-18 21:00:00,6.7,45.0,77.7,41.0,45.2,37.4,270.0
2023-02-18 22:00:00,6.1,45.0,75.3,35.2,34.3,31.7,101.0
2023-02-18 23:00:00,6.6,45.0,72.8,28.6,32.9,27.6,0.0
2023-02-19 00:00:00,6.8,45.0,70.2,26.3,31.0,25.8,0.0
2023-02-19 01:00:00,6.3,45.0,68.4,25.0,28.0,24.9,0.0
2023-02-19 02:00:00,6.4,45.0,66.4,24.4,27.1,24.4,0.0
2023-02-19 03:00:00,4.9,45.1,65.3,24.1,26.8,24.1,0.0
2023-02-19 04:00:00,5.2,45.0,64.6,23.8,26.6,23.9,0.0
2023-02-19 05:00:00,4.6,45.4,63.7,23.6,26.2,23.7,0.0
2023-02-19 06:00:00,4.4,45.6,84.5,42.1,46.7,38.0,433.0
2023-02-19 07:00:00,4.4,45.8,82.7,41.1,45.6,37.2,279.0
2023-02-19 08:00:00,6.1,45.0,81.9,41.0,45.4,37.4,286.0
2023-02-19 09:00:00,8.0,45.0,78.6,40.3,44.6,36.9,256.0
2023-02-19 10:00:00,9.9,45.0,76.5,40.3,44.2,36.6,255.0
2023-02-19 11:00:00,11.6,45.0,71.7,40.1,37.6,35.2,202.0
2023-02-19 12:00:00,12.8,45.0,69.0,30.6,30.8,28.2,0.0
2023-02-19 13:00:00,14.5,45.0,66.9,27.1,35.3,26.0,0.0
2023-02-19 14:00:00,15.5,45.0,65.0,26.0,27.2,24.7,0.0
2023-02-19 15:00:00,15.6,45.0,63.4,24.6,27.0,24.3,0.0
2023-02-19 16:00:00,15.1,45.0,61.4,24.2,26.8,24.1,0.0
2023-02-19 17:00:00,14.5,45.0,60.5,24.0,28.1,23.9,0.0
2023-02-19 18:00:00,13.2,45.0,59.3,23.8,26.3,23.7,0.0
2023-02-19 19:00:00,12.4,45.0,73.2,43.7,46.5,37.3,409.0
2023-02-19 20:00:00,12.0,45.0,73.3,41.9,45.4,37.6,280.0
2023-02-19 21:00:00,11.1,45.0,73.7,41.8,45.5,37.6,272.0
2023-02-19 22:00:00,11.5,45.0,73.3,41.2,40.2,37.6,262.0
2023-02-19 23:00:00,11.3,45.0,70.1,32.2,36.9,29.7,0.0
2023-02-20 00:00:00,11.1,45.0,67.8,27.7,31.2,27.3,0.0
2023-02-20 01:00:00,10.7,45.0,65.6,26.0,27.8,25.2,0.0
2023-02-20 02:00:00,8.7,45.0,63.6,24.9,26.9,24.4,0.0
2023-02-20 03:00:00,7.4,45.0,61.6,24.2,26.7,24.0,0.0
2023-02-20 04:00:00,7.0,45.0,60.2,23.8,26.4,23.8,0.0
2023-02-20 05:00:00,7.7,45.0,24.6,23.8,25.8,23.5,0.0
2023-02-20 06:00:00,7.7,45.0,79.2,38.7,41.3,26.1,116.0
2023-02-20 07:00:00,7.4,47.2,79.6,43.5,47.3,38.9,457.0
2023-02-20 08:00:00,8.6,46.8,79.5,42.9,47.0,38.4,301.0
2023-02-20 09:00:00,9.7,46.4,78.2,42.9,46.8,38.4,299.0
2023-02-20 10:00:00,10.2,46.2,77.1,42.7,46.5,38.3,287.0
2023-02-20 11:00:00,10.8,44.1,75.0,39.8,43.8,36.9,243.0
2023-02-20 12:00:00,11.4,43.7,72.7,37.6,37.1,34.6,173.0
2023-02-20 13:00:00,11.9,43.4,69.2,30.1,30.7,28.2,0.0
2023-02-20 14:00:00,11.3,43.8,67.2,26.9,28.3,25.9,0.0
2023-02-20 15:00:00,11.2,43.8,51.2,35.5,37.4,30.1,157.0
2023-02-20 16:00:00,11.1,43.9,71.4,40.1,44.0,36.7,320.0
2023-02-20 17:00:00,10.6,44.3,72.3,40.1,43.8,36.4,241.0
2023-02-20 18:00:00,9.2,46.6,75.9,43.9,47.3,38.0,292.0
2023-02-20 19:00:00,8.2,47.4,78.8,43.4,47.2,38.8,306.0
2023-02-20 20:00:00,7.5,48.7,79.0,44.5,48.0,38.9,301.0
2023-02-20 21:00:00,6.9,49.0,80.5,45.5,49.2,39.9,332.0
2023-02-20 22:00:00,5.5,49.7,81.1,46.0,47.0,40.4,334.0
2023-02-20 23:00:00,4.4,50.3,76.7,33.9,33.8,31.1,0.0
2023-02-21 00:00:00,4.0,50.5,74.7,28.3,30.3,27.6,0.0
2023-02-21 01:00:00,3.6,50.7,72.3,26.5,28.8,26.0,0.0
2023-02-21 02:00:00,3.0,51.0,70.3,25.4,28.0,25.3,0.0
2023-02-21 03:00:00,2.8,51.1,68.6,24.9,27.8,25.0,0.0
2023-02-21 04:00:00,2.4,51.3,67.3,24.6,27.5,24.7,0.0
2023-02-21 05:00:00,1.5,51.7,67.4,26.8,30.6,24.6,36.0
2023-02-21 06:00:00,2.1,51.4,68.0,40.0,41.2,29.3,169.0
2023-02-21 07:00:00,2.0,51.5,76.8,49.7,52.0,40.5,474.0
2023-02-21 08:00:00,4.6,50.2,85.8,46.3,50.4,41.1,389.0
2023-02-21 09:00:00,7.3,48.8,81.4,44.8,48.7,39.9,327.0
2023-02-21 10:00:00,8.8,48.1,78.7,43.8,47.6,39.1,307.0
2023-02-21 11:00:00,10.9,46.3,76.2,42.9,46.6,38.7,290.0
2023-02-21 12:00:00,13.3,45.3,72.5,37.7,36.1,33.6,146.0
2023-02-21 13:00:00,14.4,45.0,69.7,30.1,30.8,28.2,0.0
2023-02-21 14:00:00,15.3,45.0,67.3,27.2,28.6,26.2,0.0
2023-02-21 15:00:00,15.6,45.0,65.2,26.0,27.8,25.3,0.0
2023-02-21 16:00:00,15.7,45.0,63.3,25.3,34.7,25.0,0.0
2023-02-21 17:00:00,14.9,45.0,61.6,24.7,27.1,24.6,0.0
2023-02-21 18:00:00,13.2,44.2,64.9,37.1,39.0,27.2,114.0
2023-02-21 19:00:00,12.3,44.5,73.1,41.3,44.9,37.2,369.0
2023-02-21 20:00:00,11.2,45.5,71.7,41.8,45.2,37.2,265.0
2023-02-21 21:00:00,10.6,45.8,75.4,42.6,46.4,38.2,291.0
2023-02-21 22:00:00,8.9,46.8,76.0,42.0,40.9,38.2,272.0
2023-02-21 23:00:00,7.3,47.6,71.8,32.7,32.6,30.1,0.0
2023-02-22 00:00:00,6.3,48.2,69.9,27.7,29.4,26.9,0.0
2023-02-22 01:00:00,5.8,48.5,68.5,26.0,28.1,25.5,0.0
2023-02-22 02:00:00,5.6,48.6,65.6,25.1,27.4,24.7,0.0
2023-02-22 03:00:00,4.4,49.3,64.5,24.5,27.0,24.4,0.0
2023-02-22 04:00:00,3.8,49.7,63.2,24.1,26.7,24.1,0.0
2023-02-22 05:00:00,2.8,50.2,62.0,23.8,26.6,23.9,0.0
2023-02-22 06:00:00,3.2,50.0,68.8,36.7,38.6,24.8,81.0
2023-02-22 07:00:00,3.2,50.0,75.7,48.9,50.5,39.1,482.0
2023-02-22 08:00:00,5.2,48.8,84.4,45.2,49.5,40.1,370.0
2023-02-22 09:00:00,7.5,47.6,83.3,44.0,48.3,39.5,321.0
2023-02-22 10:00:00,9.4,44.5,79.3,41.6,45.8,38.4,287.0
2023-02-22 11:00:00,11.2,43.5,72.4,38.9,42.9,36.0,208.0
2023-02-22 12:00:00,12.7,42.7,40.0,38.3,35.1,32.7,134.0
2023-02-22 13:00:00,13.4,42.3,33.7,31.6,32.9,30.7,0.0
2023-02-22 14:00:00,14.0,42.0,33.1,30.0,32.4,29.8,0.0
2023-02-22 15:00:00,14.4,42.0,37.4,27.5,33.7,27.0,0.0
2023-02-22 16:00:00,14.3,42.0,44.0,25.0,26.1,23.6,0.0
2023-02-22 17:00:00,13.6,42.2,53.0,24.5,26.9,24.3,0.0
2023-02-22 18:00:00,12.0,45.0,69.4,40.6,43.4,33.0,240.0
2023-02-22 19:00:00,10.7,45.3,71.2,42.4,45.7,37.7,331.0
2023-02-22 20:00:00,10.1,47.0,71.4,44.1,47.0,37.8,288.0
2023-02-22 21:00:00,8.6,47.8,74.2,44.3,47.6,39.0,317.0
2023-02-22 22:00:00,8.1,48.0,74.1,42.9,41.5,38.9,286.0
2023-02-22 23:00:00,7.3,48.4,69.0,35.3,35.5,31.1,0.0
2023-02-23 00:00:00,6.7,48.8,62.3,32.0,33.3,31.2,0.0
2023-02-23 01:00:00,5.6,49.3,61.6,30.1,31.4,28.8,0.0
2023-02-23 02:00:00,4.7,49.8,61.6,27.0,30.2,26.3,0.0
2023-02-23 03:00:00,4.0,50.2,60.8,25.1,31.5,25.3,0.0
2023-02-23 04:00:00,3.5,50.5,59.5,24.4,36.2,25.3,0.0
2023-02-23 05:00:00,3.5,50.4,28.0,31.2,25.4,25.6,0.0
2023-02-23 06:00:00,3.3,50.6,67.0,39.5,40.8,29.2,186.0
2023-02-23 07:00:00,2.7,50.8,78.0,49.7,51.4,39.5,426.0
2023-02-23 08:00:00,5.0,49.7,81.4,46.8,50.4,40.7,387.0
2023-02-23 09:00:00,7.3,48.5,78.4,45.0,48.6,39.7,327.0
2023-02-23 10:00:00,8.9,47.6,74.7,43.8,47.2,38.9,302.0
2023-02-23 11:00:00,10.7,44.8,72.0,41.4,45.0,37.9,270.0
2023-02-23 12:00:00,13.2,42.6,67.5,38.4,36.8,34.3,158.0
2023-02-23 13:00:00,14.0,42.0,65.0,30.5,30.6,28.2,0.0
2023-02-23 14:00:00,14.4,42.0,62.9,27.2,29.0,26.2,0.0
2023-02-23 15:00:00,14.1,42.0,61.0,25.9,28.7,25.2,0.0
2023-02-23 16:00:00,13.2,42.6,59.6,25.0,37.0,24.4,0.0
2023-02-23 17:00:00,11.6,45.5,60.3,35.2,36.1,23.9,0.0
2023-02-23 18:00:00,10.5,46.2,74.1,45.0,47.6,37.0,401.0
2023-02-23 19:00:00,10.0,46.5,78.3,42.6,46.6,38.1,304.0
2023-02-23 20:00:00,9.3,47.4,77.6,44.0,47.7,38.6,300.0
2023-02-23 21:00:00,8.9,47.7,78.0,44.5,48.0,39.5,324.0
2023-02-23 22:00:00,8.9,47.7,77.7,44.1,47.7,39.1,293.0
2023-02-23 23:00:00,8.9,47.7,73.3,33.3,33.3,30.7,0.0
2023-02-24 00:00:00,7.1,49.1,71.2,28.1,29.9,27.3,0.0
2023-02-24 01:00:00,6.5,49.5,69.6,26.4,28.5,25.8,0.0
2023-02-24 02:00:00,6.0,49.9,67.6,25.3,27.7,25.1,0.0
2023-02-24 03:00:00,6.0,49.9,65.9,24.8,29.0,25.1,0.0
2023-02-24 04:00:00,6.4,49.7,64.3,24.4,27.0,24.4,0.0
2023-02-24 05:00:00,6.2,49.8,63.0,24.1,32.5,24.2,0.0
2023-02-24 06:00:00,6.5,49.5,77.8,41.4,43.6,28.9,169.0
2023-02-24 07:00:00,6.0,49.9,80.1,47.7,50.7,40.9,479.0
2023-02-24 08:00:00,6.4,49.6,84.3,45.9,49.9,40.5,353.0
2023-02-24 09:00:00,7.6,48.8,84.2,44.9,49.0,40.0,328.0
2023-02-24 10:00:00,9.8,47.1,82.0,43.3,47.4,39.2,309.0
2023-02-24 11:00:00,11.4,45.9,79.3,40.4,39.6,37.2,224.0
2023-02-24 12:00:00,13.7,44.2,75.9,31.4,32.0,29.4,0.0
2023-02-24 13:00:00,14.0,44.0,73.5,27.9,29.3,26.8,0.0
2023-02-24 14:00:00,15.2,44.0,70.8,26.2,28.2,25.6,0.0
2023-02-24 15:00:00,15.4,44.0,68.3,25.3,27.8,25.2,0.0
2023-02-24 16:00:00,15.5,44.0,66.7,25.0,27.6,25.0,0.0
2023-02-24 17:00:00,14.6,44.0,65.2,24.8,27.2,24.7,0.0
2023-02-24 18:00:00,12.9,44.8,72.8,43.5,46.1,36.7,368.0
2023-02-24 19:00:00,11.8,45.6,68.6,41.8,45.0,37.4,272.0
2023-02-24 20:00:00,11.0,46.2,73.4,43.2,46.5,38.0,280.0
2023-02-24 21:00:00,10.2,46.8,73.7,43.2,46.5,38.6,290.0
2023-02-24 22:00:00,9.1,47.7,74.0,42.5,41.2,38.6,267.0
2023-02-24 23:00:00,8.2,48.3,71.2,32.9,32.6,30.1,0.0
2023-02-25 00:00:00,7.7,48.7,68.7,28.2,29.4,27.0,0.0
2023-02-25 01:00:00,7.9,48.5,66.9,26.3,28.1,25.6,0.0
2023-02-25 02:00:00,8.1,48.3,65.6,25.2,32.2,24.9,0.0
2023-02-25 03:00:00,8.5,48.0,63.9,24.7,33.8,24.7,0.0
2023-02-25 04:00:00,8.9,47.7,62.3,24.5,28.9,24.7,0.0
2023-02-25 05:00:00,9.3,47.4,61.3,24.2,26.7,24.2,0.0
2023-02-25 06:00:00,10.9,45.3,73.2,40.5,42.6,27.9,132.0
2023-02-25 07:00:00,10.8,45.4,74.6,41.8,45.5,37.8,388.0
2023-02-25 08:00:00,11.8,45.0,74.1,41.3,45.0,37.4,260.0
2023-02-25 09:00:00,11.8,44.9,72.6,40.9,44.6,37.1,250.0
2023-02-25 10:00:00,12.8,44.5,72.4,40.9,44.6,37.1,248.0
2023-02-25 11:00:00,14.5,44.0,71.5,40.6,44.2,36.9,241.0
2023-02-25 12:00:00,15.3,44.0,71.0,40.5,44.1,36.8,236.0
2023-02-25 13:00:00,15.1,44.0,68.2,32.9,32.6,30.2,0.0
2023-02-25 14:00:00,14.3,44.0,66.1,28.3,29.5,27.0,0.0
2023-02-25 15:00:00,14.4,44.0,64.0,26.8,34.3,25.7,0.0
2023-02-25 16:00:00,14.7,44.0,62.1,25.5,27.4,24.8,0.0
2023-02-25 17:00:00,15.1,44.0,69.5,42.0,44.1,33.3,242.0
2023-02-25 18:00:00,14.4,44.0,71.6,40.7,44.4,37.2,291.0
2023-02-25 19:00:00,14.2,44.0,70.5,40.4,43.9,36.9,78.0
2023-02-25 20:00:00,14.3,44.0,71.2,41.0,44.6,36.9,389.0
2023-02-25 21:00:00,13.9,44.0,70.2,40.5,44.1,37.1,238.0
2023-02-25 22:00:00,13.3,44.3,69.2,39.8,38.3,36.1,190.0
2023-02-25 23:00:00,13.7,44.1,65.5,32.0,35.5,29.9,0.0
2023-02-26 00:00:00,13.8,44.0,63.4,28.2,29.1,26.6,0.0
2023-02-26 01:00:00,13.3,44.3,62.1,26.7,28.3,25.6,0.0
2023-02-26 02:00:00,13.9,44.0,60.2,25.6,27.5,24.9,0.0
2023-02-26 03:00:00,13.6,44.1,58.9,24.9,27.3,24.7,0.0
2023-02-26 04:00:00,14.0,44.0,57.7,24.6,30.8,24.7,0.0
2023-02-26 05:00:00,14.1,44.0,56.9,24.4,26.8,24.3,0.0
2023-02-26 06:00:00,13.6,45.1,71.0,41.4,43.1,30.7,195.0
2023-02-26 07:00:00,13.6,45.1,71.4,41.7,45.3,37.8,342.0
2023-02-26 08:00:00,14.9,45.0,71.2,41.1,44.6,37.3,245.0
2023-02-26 09:00:00,14.7,45.0,70.0,40.9,44.4,37.1,240.0
2023-02-26 10:00:00,8.7,46.7,72.7,43.4,46.7,37.9,273.0
2023-02-26 11:00:00,7.3,45.7,78.1,42.1,46.2,39.0,305.0
2023-02-26 12:00:00,6.4,45.8,76.1,41.3,45.3,37.5,244.0
2023-02-26 13:00:00,5.7,45.9,76.5,41.9,45.8,37.9,273.0
2023-02-26 14:00:00,5.3,45.9,77.9,42.1,46.1,38.1,274.0
2023-02-26 15:00:00,5.1,46.9,77.7,43.1,47.0,38.7,290.0
2023-02-26 16:00:00,4.2,45.8,78.1,41.2,45.2,38.1,266.0
2023-02-26 17:00:00,3.6,46.4,83.2,42.5,46.9,38.6,278.0
2023-02-26 18:00:00,3.6,48.2,84.4,43.8,48.0,39.3,298.0
2023-02-26 19:00:00,3.6,48.1,84.3,44.2,48.6,39.8,308.0
2023-02-26 20:00:00,3.7,48.0,84.2,44.4,48.7,39.9,306.0
2023-02-26 21:00:00,3.5,48.2,84.2,43.5,47.8,39.6,289.0
2023-02-26 22:00:00,3.6,48.1,83.6,43.1,42.2,39.4,276.0
2023-02-26 23:00:00,3.5,48.2,72.4,39.3,35.5,32.6,0.0
2023-02-27 00:00:00,3.2,48.4,68.5,34.0,34.4,32.2,0.0
2023-02-27 01:00:00,2.9,48.6,63.0,31.4,31.7,29.5,0.0
2023-02-27 02:00:00,2.5,49.0,58.3,29.8,28.7,26.7,0.0
2023-02-27 03:00:00,2.3,49.1,55.9,27.6,27.8,25.7,0.0
2023-02-27 04:00:00,2.6,48.9,51.6,26.3,27.5,25.3,0.0
2023-02-27 05:00:00,2.7,48.8,65.9,24.1,27.2,22.6,0.0
2023-02-27 06:00:00,3.0,49.4,79.5,42.6,44.2,29.3,169.0
2023-02-27 07:00:00,3.1,49.3,81.9,47.3,50.7,40.7,455.0
2023-02-27 08:00:00,3.3,49.1,87.5,45.3,49.7,40.3,340.0
2023-02-27 09:00:00,4.1,45.9,86.1,42.0,46.6,40.0,320.0
2023-02-27 10:00:00,3.4,44.2,80.8,40.2,44.6,37.6,233.0
2023-02-27 11:00:00,3.8,45.9,80.8,40.2,44.8,36.3,230.0
2023-02-27 12:00:00,4.2,45.6,80.9,42.0,46.3,38.1,299.0
2023-02-27 13:00:00,5.5,44.7,79.2,40.7,44.9,37.3,257.0
2023-02-27 14:00:00,5.5,45.0,77.2,40.7,44.7,36.8,241.0
2023-02-27 15:00:00,4.8,45.1,77.5,41.2,45.3,37.4,269.0
2023-02-27 16:00:00,4.3,45.5,79.4,41.8,45.9,37.8,274.0
2023-02-27 17:00:00,3.4,46.2,81.2,42.2,46.4,38.2,278.0
2023-02-27 18:00:00,3.3,46.4,82.5,42.7,46.9,38.6,287.0
2023-02-27 19:00:00,3.3,46.3,81.8,42.0,46.3,38.6,281.0
2023-02-27 20:00:00,3.4,46.2,81.2,41.3,45.8,38.0,259.0
2023-02-27 21:00:00,3.4,46.2,81.9,41.2,45.7,37.8,265.0
2023-02-27 22:00:00,3.3,46.3,78.1,38.6,36.0,33.6,146.0
2023-02-27 23:00:00,3.1,46.5,76.7,29.5,31.1,28.4,0.0
2023-02-28 00:00:00,3.1,46.5,74.4,26.9,29.1,26.4,0.0
2023-02-28 01:00:00,3.0,46.6,72.2,25.6,28.7,26.4,0.0
2023-02-28 02:00:00,3.3,46.3,70.6,25.0,31.0,25.0,0.0
2023-02-28 03:00:00,2.8,46.7,69.1,24.6,27.5,24.7,0.0
2023-02-28 04:00:00,2.7,46.7,68.1,24.4,27.3,24.4,0.0
2023-02-28 05:00:00,3.1,46.6,67.1,24.2,27.2,24.3,0.0
2023-02-28 06:00:00,2.9,46.6,83.2,46.3,48.5,34.3,304.0
2023-02-28 07:00:00,2.8,46.6,77.8,43.5,47.2,38.0,339.0
2023-02-28 08:00:00,3.9,46.7,81.8,42.0,46.3,38.1,302.0
2023-02-28 09:00:00,4.3,46.4,81.1,41.8,46.1,37.9,289.0
2023-02-28 10:00:00,4.6,46.2,83.6,42.0,46.6,37.9,290.0
2023-02-28 11:00:00,6.3,45.7,79.3,41.5,45.7,37.8,283.0
2023-02-28 12:00:00,7.2,45.0,79.4,41.1,45.3,37.4,270.0
2023-02-28 13:00:00,7.7,44.8,77.4,40.8,44.9,37.1,264.0
2023-02-28 14:00:00,8.6,45.0,75.6,40.5,44.5,37.0,258.0
2023-02-28 15:00:00,8.5,45.1,75.3,40.9,44.6,37.0,257.0
2023-02-28 16:00:00,7.8,45.4,75.5,41.0,45.0,37.1,263.0
2023-02-28 17:00:00,7.2,45.7,75.8,41.6,45.3,37.6,273.0
2023-02-28 18:00:00,6.4,46.2,78.6,42.3,46.3,37.8,277.0
2023-02-28 19:00:00,5.9,46.5,78.7,42.8,46.8,38.4,291.0
2023-02-28 20:00:00,5.8,46.5,78.1,42.2,46.1,38.4,284.0
2023-02-28 21:00:00,5.5,46.7,78.3,42.5,46.5,38.1,275.0
2023-02-28 22:00:00,5.2,46.8,77.3,41.2,40.3,37.9,253.0
2023-02-28 23:00:00,5.3,46.8,73.3,31.8,32.0,29.4,0.0
2023-03-01 00:00:00,5.3,46.8,71.3,27.7,29.1,26.6,0.0
2023-03-01 01:00:00,5.7,46.6,69.1,25.6,27.9,25.3,0.0
2023-03-01 02:00:00,5.7,46.6,67.2,24.9,27.3,24.7,0.0
2023-03-01 03:00:00,5.5,46.7,65.4,24.3,26.9,24.3,0.0
2023-03-01 04:00:00,5.4,46.7,64.2,24.0,26.5,24.0,0.0
2023-03-01 05:00:00,5.3,46.8,30.3,23.9,26.2,23.8,0.0
2023-03-01 06:00:00,5.5,48.1,79.6,42.2,43.8,27.6,153.0
2023-03-01 07:00:00,5.7,48.0,79.7,44.5,48.3,39.5,456.0
2023-03-01 08:00:00,6.5,47.5,78.9,43.8,47.5,38.8,315.0
2023-03-01 09:00:00,7.0,47.2,75.6,43.2,46.6,38.4,302.0
2023-03-01 10:00:00,9.1,45.9,74.2,42.7,46.1,38.0,288.0
2023-03-01 11:00:00,9.7,45.6,72.4,42.2,45.6,37.8,275.0
2023-03-01 12:00:00,10.0,45.0,70.2,41.5,45.0,37.3,261.0
2023-03-01 13:00:00,10.0,45.0,70.7,41.4,44.9,37.1,258.0
2023-03-01 14:00:00,9.1,45.4,74.2,41.9,45.5,37.3,265.0
2023-03-01 15:00:00,8.7,45.6,74.4,42.5,46.1,37.9,283.0
2023-03-01 16:00:00,9.0,45.5,73.6,42.6,46.1,38.1,280.0
2023-03-01 17:00:00,8.6,45.7,74.5,42.0,45.7,37.8,263.0
2023-03-01 18:00:00,7.4,46.3,75.8,42.2,46.0,38.0,271.0
2023-03-01 19:00:00,7.0,46.5,78.6,42.8,46.8,38.3,282.0
2023-03-01 20:00:00,6.8,46.3,76.8,41.9,45.8,38.3,276.0
2023-03-01 21:00:00,6.4,46.3,77.4,41.6,45.6,37.8,256.0
2023-03-01 22:00:00,6.5,46.2,76.1,41.6,40.8,38.1,264.0
2023-03-01 23:00:00,6.5,46.2,73.0,32.5,32.7,29.9,0.0
2023-03-02 00:00:00,6.7,46.0,70.9,27.8,29.5,27.0,0.0
2023-03-02 01:00:00,7.2,45.6,68.1,26.2,28.2,25.6,0.0
2023-03-02 02:00:00,6.5,46.3,66.5,25.2,27.5,24.9,0.0
2023-03-02 03:00:00,6.1,46.5,64.5,24.7,27.3,24.6,0.0
2023-03-02 04:00:00,6.3,46.4,63.4,24.3,27.1,24.3,0.0
2023-03-02 05:00:00,6.3,46.4,63.5,25.5,29.9,24.1,0.0
2023-03-02 06:00:00,6.4,48.3,80.6,42.3,43.4,27.9,157.0
2023-03-02 07:00:00,6.3,48.4,81.0,45.0,48.9,40.0,453.0
2023-03-02 08:00:00,7.1,47.7,79.9,44.3,48.1,39.2,319.0
2023-03-02 09:00:00,8.5,46.2,78.8,42.6,46.5,38.8,298.0
2023-03-02 10:00:00,9.1,45.2,75.4,40.7,44.7,37.4,250.0
2023-03-02 11:00:00,8.8,45.4,74.9,41.1,44.9,37.2,253.0
2023-03-02 12:00:00,8.3,45.7,74.7,41.3,45.0,37.4,263.0
2023-03-02 13:00:00,8.2,45.8,77.3,43.0,46.8,38.2,292.0
2023-03-02 14:00:00,7.9,46.0,76.3,42.95,46.6,38.3,260.5
2023-03-02 15:00:00,7.6,46.2,75.3,42.9,46.4,38.4,260.5
2023-03-02 16:00:00,7.2,46.5,78.8,42.4,46.3,37.9,265.0
2023-03-02 17:00:00,7.1,46.6,77.0,42.4,46.1,38.1,277.0
2023-03-02 18:00:00,6.5,47.0,79.4,43.1,47.0,38.6,290.0
2023-03-02 19:00:00,6.5,47.0,80.6,43.6,47.6,39.0,296.0
2023-03-02 20:00:00,6.4,45.3,78.6,40.9,45.1,38.1,260.0
2023-03-02 21:00:00,6.4,45.3,78.4,40.6,44.7,37.3,239.0
2023-03-02 22:00:00,6.4,45.3,77.7,40.3,40.1,37.3,244.0
2023-03-02 23:00:00,6.4,45.3,75.0,32.1,32.5,29.9,0.0
2023-03-03 00:00:00,6.3,45.4,72.9,27.9,29.6,27.0,0.0
2023-03-03 01:00:00,6.3,45.4,70.5,26.2,28.2,25.7,0.0
2023-03-03 02:00:00,6.0,45.5,68.5,25.2,27.6,25.0,0.0
2023-03-03 03:00:00,5.6,45.7,66.4,24.8,27.3,24.7,0.0
2023-03-03 04:00:00,5.1,45.9,64.8,24.4,26.9,24.3,0.0
2023-03-03 05:00:00,5.1,46.0,63.5,24.0,26.6,24.0,0.0
2023-03-03 06:00:00,5.1,46.0,58.2,36.1,33.7,24.7,34.0
2023-03-03 07:00:00,4.9,46.1,79.4,42.7,46.9,38.2,455.0
2023-03-03 08:00:00,5.4,45.8,82.8,41.7,46.1,37.9,293.0
2023-03-03 09:00:00,5.9,45.6,81.0,41.2,45.7,37.6,275.0
2023-03-03 10:00:00,6.4,45.3,80.9,40.9,45.3,37.4,266.0
2023-03-03 11:00:00,7.0,45.1,80.8,40.9,45.3,37.4,265.0
2023-03-03 12:00:00,7.6,45.1,80.0,40.6,45.0,37.3,262.0
2023-03-03 13:00:00,8.2,44.9,78.8,40.4,44.8,37.1,253.0
2023-03-03 14:00:00,8.3,44.9,77.1,40.0,44.2,36.9,246.0
2023-03-03 15:00:00,8.4,44.8,81.1,41.0,45.4,37.6,269.0
2023-03-03 16:00:00,8.0,45.6,75.6,41.9,45.7,37.5,254.0
2023-03-03 17:00:00,7.2,45.9,77.4,42.2,46.2,38.3,284.0
2023-03-03 18:00:00,6.8,46.2,78.9,42.2,46.2,38.1,272.0
2023-03-03 19:00:00,6.7,46.2,79.0,42.6,46.6,38.4,281.0
2023-03-03 20:00:00,6.7,47.0,64.8,42.7,45.3,38.6,274.0
2023-03-03 21:00:00,6.7,47.0,78.4,43.8,47.9,39.2,295.0
2023-03-03 22:00:00,6.6,47.1,62.6,41.7,40.6,38.3,255.0
2023-03-03 23:00:00,6.4,47.1,63.5,33.0,32.4,29.9,0.0
2023-03-04 00:00:00,6.3,47.2,63.9,28.2,29.3,26.7,0.0
2023-03-04 01:00:00,6.3,47.2,63.8,26.1,27.9,25.3,0.0
2023-03-04 02:00:00,6.0,47.3,63.2,25.0,27.1,24.6,0.0
2023-03-04 03:00:00,5.9,47.3,60.6,24.9,26.6,24.1,0.0
2023-03-04 04:00:00,6.0,47.3,58.8,23.9,26.4,23.9,0.0
2023-03-04 05:00:00,6.2,47.2,58.0,23.8,26.3,23.7,0.0
2023-03-04 06:00:00,6.2,47.2,82.4,44.0,45.6,28.7,163.0
2023-03-04 07:00:00,6.3,47.2,78.9,43.4,47.2,39.0,428.0
2023-03-04 08:00:00,6.6,47.1,75.1,43.3,47.0,38.3,289.0
2023-03-04 09:00:00,7.3,46.8,78.1,43.3,47.3,38.6,302.0
2023-03-04 10:00:00,7.8,46.7,76.0,44.6,47.9,38.2,289.0
2023-03-04 11:00:00,8.8,46.3,70.6,42.5,45.4,38.2,283.0
2023-03-04 12:00:00,10.4,45.7,73.0,42.9,46.3,38.3,286.0
2023-03-04 13:00:00,10.9,44.2,66.2,40.7,43.5,36.5,228.0
2023-03-04 14:00:00,10.9,44.3,72.9,41.1,44.8,37.2,266.0
2023-03-04 15:00:00,10.3,44.5,62.2,40.9,43.5,36.4,234.0
2023-03-04 16:00:00,10.0,44.8,65.6,40.9,43.6,37.4,270.0
2023-03-04 17:00:00,9.5,45.1,72.7,42.5,45.3,37.5,257.0
2023-03-04 18:00:00,9.1,45.3,69.0,41.9,45.3,37.2,251.0
2023-03-04 19:00:00,8.4,45.7,75.5,42.0,46.1,38.0,276.0
2023-03-04 20:00:00,8.1,45.8,67.8,42.8,46.3,37.8,261.0
2023-03-04 21:00:00,8.1,47.0,76.6,43.4,47.4,39.2,309.0
2023-03-04 22:00:00,8.2,47.0,73.7,42.0,40.7,38.2,248.0
2023-03-04 23:00:00,7.9,47.1,63.4,34.5,32.2,30.8,0.0
2023-03-05 00:00:00,7.6,47.3,62.7,30.6,35.7,30.5,0.0
2023-03-05 01:00:00,7.3,47.4,58.5,29.9,38.6,30.1,0.0
2023-03-05 02:00:00,7.0,47.6,59.3,29.1,44.2,28.1,0.0
2023-03-05 03:00:00,6.6,47.8,58.9,24.7,26.5,24.0,0.0
2023-03-05 04:00:00,5.7,48.3,58.6,24.5,26.5,23.8,0.0
2023-03-05 05:00:00,4.6,48.9,56.5,24.4,26.0,23.5,0.0
2023-03-05 06:00:00,3.7,49.5,57.3,25.5,26.6,24.3,0.0
2023-03-05 07:00:00,4.2,49.2,84.5,45.9,50.2,40.4,499.0
2023-03-05 08:00:00,6.7,47.8,72.7,43.2,46.7,39.2,304.0
2023-03-05 09:00:00,6.9,47.7,79.1,43.4,47.5,39.3,313.0
2023-03-05 10:00:00,7.7,47.2,73.6,43.7,47.7,39.3,303.0
2023-03-05 11:00:00,7.7,47.2,73.6,43.9,47.4,38.7,288.0
2023-03-05 12:00:00,7.8,47.2,71.8,42.7,47.3,38.9,298.0
2023-03-05 13:00:00,8.3,46.9,76.8,43.7,47.5,39.0,302.0
2023-03-05 14:00:00,8.3,46.9,72.8,45.0,47.8,38.2,279.0
2023-03-05 15:00:00,8.0,47.1,75.8,43.3,47.1,38.9,301.0
2023-03-05 16:00:00,7.9,44.6,74.0,41.8,45.7,38.7,280.0
2023-03-05 17:00:00,7.1,44.7,78.4,40.3,44.7,37.0,222.0
2023-03-05 18:00:00,6.4,44.8,79.5,41.0,45.4,37.5,260.0
2023-03-05 19:00:00,5.5,46.8,80.9,42.4,46.7,38.5,281.0
2023-03-05 20:00:00,4.6,47.3,83.6,43.2,47.8,39.1,296.0
2023-03-05 21:00:00,4.4,47.4,84.0,43.6,48.2,39.5,305.0
2023-03-05 22:00:00,3.9,47.8,82.1,37.3,38.0,35.1,172.0
2023-03-05 23:00:00,2.6,48.9,79.5,30.0,31.9,29.1,0.0
2023-03-06 00:00:00,2.1,49.3,77.0,27.2,30.2,27.1,0.0
2023-03-06 01:00:00,2.1,49.3,75.6,26.5,29.9,26.6,39.0
2023-03-06 02:00:00,1.7,49.7,75.2,26.3,29.6,26.2,44.0
2023-03-06 03:00:00,1.3,49.9,75.4,26.0,29.2,26.0,43.0
2023-03-06 04:00:00,0.6,50.5,71.0,25.4,28.2,25.3,0.0
2023-03-06 05:00:00,0.2,50.9,63.7,24.6,34.1,24.7,0.0
2023-03-06 06:00:00,0.1,50.9,68.2,37.5,38.9,26.4,114.0
2023-03-06 07:00:00,0.7,50.4,76.6,49.2,51.5,39.8,471.0
2023-03-06 08:00:00,3.0,48.6,87.0,44.5,49.3,40.2,360.0
2023-03-06 09:00:00,5.9,46.8,84.6,41.9,46.7,38.5,293.0
2023-03-06 10:00:00,7.2,46.5,82.8,41.0,45.7,37.7,273.0
2023-03-06 11:00:00,8.7,46.1,79.3,41.1,45.6,37.5,271.0
2023-03-06 12:00:00,10.2,45.8,75.3,34.9,34.4,31.8,103.0
2023-03-06 13:00:00,11.5,45.5,73.2,28.7,30.4,27.4,0.0
2023-03-06 14:00:00,12.1,45.4,71.1,26.4,36.7,25.7,0.0
2023-03-06 15:00:00,13.5,45.1,68.7,25.0,34.9,25.0,0.0
2023-03-06 16:00:00,13.3,44.2,72.1,42.0,45.6,36.9,367.0
2023-03-06 17:00:00,11.9,44.7,71.8,40.6,44.4,36.6,250.0
2023-03-06 18:00:00,11.5,44.8,74.0,41.4,45.4,37.3,272.0
2023-03-06 19:00:00,11.1,45.0,72.7,40.9,44.6,37.3,262.0
2023-03-06 20:00:00,10.7,45.1,71.0,41.7,45.2,36.9,249.0
2023-03-06 21:00:00,9.7,45.4,69.1,41.7,44.7,37.5,267.0
2023-03-06 22:00:00,9.2,45.6,72.8,41.3,40.0,37.8,255.0
2023-03-06 23:00:00,8.9,45.7,70.8,32.2,35.6,29.8,0.0
2023-03-07 00:00:00,8.8,45.7,68.1,27.8,29.3,27.8,0.0
2023-03-07 01:00:00,9.2,45.6,66.4,26.0,27.8,25.3,0.0
2023-03-07 02:00:00,8.3,45.9,64.2,25.1,27.2,24.7,0.0
2023-03-07 03:00:00,7.7,46.1,61.6,24.4,26.8,24.2,0.0
2023-03-07 04:00:00,7.4,46.1,60.9,24.1,26.6,24.0,0.0
2023-03-07 05:00:00,7.3,46.2,59.7,23.8,26.3,23.8,0.0
2023-03-07 06:00:00,7.2,46.2,67.0,34.8,37.9,25.5,86.0
2023-03-07 07:00:00,7.3,45.4,79.8,41.6,46.0,38.0,428.0
2023-03-07 08:00:00,10.4,44.8,79.2,40.7,45.2,37.4,274.0
2023-03-07 09:00:00,10.4,44.8,75.1,39.9,44.0,36.7,251.0
2023-03-07 10:00:00,11.2,44.6,73.5,40.4,44.5,36.8,253.0
2023-03-07 11:00:00,14.4,44.0,70.9,40.3,44.1,36.9,252.0
2023-03-07 12:00:00,15.1,44.0,69.0,32.9,32.5,30.1,39.0
2023-03-07 13:00:00,14.6,44.0,67.2,27.9,29.2,26.7,0.0
2023-03-07 14:00:00,14.8,44.0,67.3,29.8,35.3,28.3,85.0
2023-03-07 15:00:00,15.7,44.0,33.4,32.5,31.9,29.6,59.0
2023-03-07 16:00:00,15.3,44.0,34.5,30.8,31.4,29.0,0.0
2023-03-07 17:00:00,14.4,44.0,68.9,39.2,41.8,28.9,132.0
2023-03-07 18:00:00,12.7,44.2,71.5,40.7,44.5,37.1,351.0
2023-03-07 19:00:00,12.1,46.4,73.6,42.5,46.1,37.2,265.0
2023-03-07 20:00:00,11.7,46.5,62.3,43.0,45.8,38.0,286.0
2023-03-07 21:00:00,11.0,46.6,66.2,42.6,45.7,38.6,294.0
2023-03-07 22:00:00,9.7,46.9,71.0,39.0,38.8,36.3,206.0
2023-03-07 23:00:00,9.9,46.9,65.3,33.3,34.4,31.1,0.0
2023-03-08 00:00:00,8.0,47.3,62.5,28.9,29.3,28.1,0.0
2023-03-08 01:00:00,7.4,47.4,59.3,26.2,34.2,25.4,0.0
2023-03-08 02:00:00,6.9,47.5,59.2,25.0,26.9,24.4,0.0
2023-03-08 03:00:00,7.0,47.5,59.7,24.5,35.8,24.2,0.0
2023-03-08 04:00:00,6.0,47.7,57.8,24.2,26.4,23.8,0.0
2023-03-08 05:00:00,5.2,47.9,59.1,25.6,27.6,23.8,0.0
2023-03-08 06:00:00,4.6,49.2,76.0,42.1,45.0,30.2,195.0
2023-03-08 07:00:00,6.0,48.6,81.7,45.0,49.3,40.4,443.0
2023-03-08 08:00:00,6.8,48.4,83.4,44.1,48.4,39.6,325.0
2023-03-08 09:00:00,7.6,47.2,82.0,43.1,47.6,39.2,311.0
2023-03-08 10:00:00,8.8,46.6,81.8,42.6,47.0,38.6,290.0
2023-03-08 11:00:00,10.5,45.7,80.1,42.0,46.3,38.3,282.0
2023-03-08 12:00:00,13.8,44.1,75.7,37.8,36.9,34.3,161.0
2023-03-08 13:00:00,14.6,44.0,72.0,30.3,31.0,28.5,0.0
2023-03-08 14:00:00,15.5,44.0,65.2,31.7,33.4,29.9,100.0
2023-03-08 15:00:00,14.7,44.0,62.7,30.5,32.9,30.1,0.0
2023-03-08 16:00:00,15.3,44.0,63.2,26.5,33.0,25.6,0.0
2023-03-08 17:00:00,13.9,44.0,60.7,25.3,36.3,24.6,0.0
2023-03-08 18:00:00,13.0,44.5,46.3,27.4,27.0,24.3,34.0
2023-03-08 19:00:00,12.2,44.8,79.0,41.9,45.0,31.1,208.0
2023-03-08 20:00:00,11.0,45.5,75.1,41.0,44.9,37.5,335.0
2023-03-08 21:00:00,10.6,45.7,79.3,41.8,46.1,38.1,281.0
2023-03-08 22:00:00,9.7,46.2,76.8,39.3,38.6,36.0,208.0
2023-03-08 23:00:00,8.5,46.7,71.7,29.9,32.5,29.4,0.0
2023-03-09 00:00:00,7.7,47.1,70.5,27.5,30.3,27.3,0.0
2023-03-09 01:00:00,7.4,47.3,69.7,26.6,29.8,26.6,36.0
2023-03-09 02:00:00,7.5,47.2,65.6,26.2,29.2,26.2,38.0
2023-03-09 03:00:00,7.9,47.0,59.9,25.7,29.9,26.0,0.0
2023-03-09 04:00:00,9.0,46.5,57.1,25.1,29.9,25.2,0.0
2023-03-09 05:00:00,10.1,45.9,55.7,24.7,27.6,24.8,0.0
2023-03-09 06:00:00,11.1,45.4,61.1,33.4,36.7,25.1,65.0
2023-03-09 07:00:00,11.7,45.1,79.0,41.4,45.7,38.2,412.0
2023-03-09 08:00:00,12.7,44.6,78.5,40.5,44.9,37.2,257.0
2023-03-09 09:00:00,15.2,44.0,76.3,40.1,44.4,36.9,248.0
2023-03-09 10:00:00,15.7,44.0,73.5,37.1,35.2,32.8,130.0
2023-03-09 11:00:00,17.4,44.0,71.3,29.4,30.5,27.9,0.0
2023-03-09 12:00:00,19.0,44.0,69.0,26.8,28.6,26.1,0.0
2023-03-09 13:00:00,18.1,44.0,67.2,25.5,27.9,25.3,0.0
2023-03-09 14:00:00,18.2,44.0,65.3,25.0,27.7,24.9,0.0
2023-03-09 15:00:00,16.5,44.0,64.0,24.7,27.2,24.7,0.0
2023-03-09 16:00:00,16.0,44.0,62.6,24.5,27.0,24.4,0.0
2023-03-09 17:00:00,15.8,44.0,61.3,24.2,26.8,24.2,0.0
2023-03-09 18:00:00,15.3,44.0,80.5,35.6,33.4,30.3,176.0
2023-03-09 19:00:00,14.4,44.0,74.5,28.4,31.0,28.1,33.0
2023-03-09 20:00:00,14.1,44.0,76.4,40.9,45.2,37.1,343.0
2023-03-09 21:00:00,13.4,44.2,73.1,39.7,44.0,36.5,236.0
2023-03-09 22:00:00,13.1,44.4,67.3,38.3,38.0,35.7,199.0
2023-03-09 23:00:00,13.1,44.4,60.9,31.5,35.5,29.9,0.0
2023-03-10 00:00:00,12.3,44.8,62.3,27.4,35.1,26.5,0.0
2023-03-10 01:00:00,11.3,45.3,61.9,26.2,27.5,25.0,0.0
2023-03-10 02:00:00,10.6,45.7,59.4,25.3,33.3,24.4,0.0
2023-03-10 03:00:00,9.5,46.2,56.4,24.6,26.7,24.1,0.0
2023-03-10 04:00:00,9.3,46.3,56.9,24.2,26.4,23.9,0.0
2023-03-10 05:00:00,9.6,46.2,56.6,23.9,34.0,23.8,0.0
2023-03-10 06:00:00,9.5,46.2,52.0,29.9,40.5,24.8,65.0
2023-03-10 07:00:00,10.4,44.6,66.0,40.6,44.1,37.3,404.0
2023-03-10 08:00:00,11.7,43.6,80.1,39.6,44.1,36.9,257.0
2023-03-10 09:00:00,13.8,43.0,76.7,38.4,42.9,36.2,227.0
2023-03-10 10:00:00,14.4,43.0,76.2,38.3,42.7,35.7,215.0
2023-03-10 11:00:00,12.5,43.0,75.3,38.4,42.9,35.9,223.0
2023-03-10 12:00:00,12.1,43.0,77.8,38.9,43.4,36.2,228.0
2023-03-10 13:00:00,11.8,43.1,78.7,39.1,43.7,36.3,232.0
2023-03-10 14:00:00,12.1,43.0,67.7,38.5,42.3,35.9,212.0
2023-03-10 15:00:00,13.0,43.0,70.1,39.4,43.2,36.3,226.0
2023-03-10 16:00:00,13.0,43.0,68.0,33.4,33.5,31.1,67.0
2023-03-10 17:00:00,12.3,43.0,53.4,38.2,39.3,30.6,132.0
2023-03-10 18:00:00,11.9,43.0,73.2,39.3,43.3,36.8,297.0
2023-03-10 19:00:00,11.4,43.4,71.1,39.0,42.9,36.0,211.0
2023-03-10 20:00:00,11.4,43.4,64.6,39.4,42.7,36.2,215.0
2023-03-10 21:00:00,11.3,43.5,72.1,40.1,44.1,37.1,243.0
2023-03-10 22:00:00,10.7,44.0,72.1,39.3,37.9,35.4,172.0
2023-03-10 23:00:00,10.7,43.9,68.9,30.9,31.7,29.1,0.0
2023-03-11 00:00:00,10.3,44.3,68.7,27.6,29.8,28.2,0.0
2023-03-11 01:00:00,10.2,44.4,65.8,26.3,30.7,26.5,0.0
2023-03-11 02:00:00,10.6,44.1,64.2,25.5,31.4,25.6,0.0
2023-03-11 03:00:00,10.3,44.3,61.4,25.1,30.7,25.3,0.0
2023-03-11 04:00:00,9.8,44.7,59.0,24.8,29.0,25.0,0.0
2023-03-11 05:00:00,9.4,44.8,58.7,24.6,27.4,24.7,0.0
2023-03-11 06:00:00,9.4,45.0,54.6,34.3,37.0,26.4,86.0
2023-03-11 07:00:00,9.8,44.7,77.6,40.9,45.2,37.7,390.0
2023-03-11 08:00:00,11.0,43.7,72.5,39.4,43.3,36.5,230.0
2023-03-11 09:00:00,12.0,43.0,68.0,38.6,42.9,35.8,211.0
2023-03-11 10:00:00,13.8,43.0,64.1,36.6,36.6,34.1,161.0
2023-03-11 11:00:00,13.6,43.0,61.5,30.3,30.7,28.2,0.0
2023-03-11 12:00:00,11.1,43.7,61.2,27.7,30.0,26.2,0.0
2023-03-11 13:00:00,10.8,44.7,55.1,37.6,39.8,31.0,180.0
2023-03-11 14:00:00,8.3,46.8,73.2,35.4,34.5,32.0,184.0
2023-03-11 15:00:00,6.9,47.5,79.4,44.9,48.7,39.0,348.0
2023-03-11 16:00:00,5.8,48.1,66.1,44.9,47.5,38.9,293.0
2023-03-11 17:00:00,5.5,48.2,64.3,45.2,47.3,38.6,255.0
2023-03-11 18:00:00,5.4,48.3,81.4,44.5,48.6,40.0,318.0
2023-03-11 19:00:00,5.3,48.3,78.4,44.1,48.2,39.4,293.0
2023-03-11 20:00:00,5.4,48.3,77.3,44.9,48.3,39.8,308.0
2023-03-11 21:00:00,4.9,48.5,77.7,44.6,48.7,39.7,302.0
2023-03-11 22:00:00,4.4,48.8,80.0,43.4,40.8,38.5,252.0
2023-03-11 23:00:00,4.5,48.8,76.8,33.1,32.4,29.9,0.0
2023-03-12 00:00:00,3.7,49.3,75.5,27.9,29.6,27.0,0.0
2023-03-12 01:00:00,3.1,49.7,72.3,26.0,29.2,26.8,0.0
2023-03-12 02:00:00,2.6,50.0,70.0,25.3,33.1,25.4,0.0
2023-03-12 03:00:00,3.2,49.7,68.8,25.0,27.7,25.0,0.0
2023-03-12 04:00:00,3.2,49.6,68.7,24.7,27.5,24.7,0.0
2023-03-12 05:00:00,2.6,50.0,66.8,24.4,27.2,24.5,0.0
2023-03-12 06:00:00,2.8,47.2,81.2,43.2,45.6,29.3,167.0
2023-03-12 07:00:00,3.4,46.6,85.3,41.9,46.6,38.5,424.0
2023-03-12 08:00:00,5.6,45.0,83.4,40.8,45.7,37.6,266.0
2023-03-12 09:00:00,5.2,45.0,80.5,40.6,45.3,36.9,254.0
2023-03-12 10:00:00,5.6,45.0,75.8,40.1,44.2,37.2,265.0
2023-03-12 11:00:00,6.4,45.0,79.1,41.2,45.6,37.5,270.0
2023-03-12 12:00:00,6.6,45.0,76.1,42.0,46.2,37.0,250.0
2023-03-12 13:00:00,6.9,44.7,72.7,40.5,44.5,37.3,266.0
2023-03-12 14:00:00,6.8,44.7,76.1,41.4,45.0,37.4,255.0
2023-03-12 15:00:00,6.7,44.7,74.7,40.8,45.1,37.2,260.0
2023-03-12 16:00:00,6.6,44.7,69.4,42.0,45.6,37.2,251.0
2023-03-12 17:00:00,6.1,44.8,56.8,40.3,42.6,37.4,258.0
2023-03-12 18:00:00,5.3,44.9,78.0,41.4,45.6,37.6,271.0
2023-03-12 19:00:00,4.4,46.5,82.9,41.9,46.7,38.1,281.0
2023-03-12 20:00:00,2.9,47.8,83.4,42.6,47.2,38.8,295.0
2023-03-12 21:00:00,2.4,48.4,85.2,44.2,48.8,39.6,311.0
2023-03-12 22:00:00,1.5,49.1,84.7,44.1,41.9,39.6,294.0
2023-03-12 23:00:00,1.1,49.6,79.2,33.3,32.3,29.9,0.0
2023-03-13 00:00:00,0.5,50.0,74.9,30.1,36.9,30.5,0.0
2023-03-13 01:00:00,0.5,50.0,75.4,25.8,27.8,25.2,0.0
2023-03-13 02:00:00,-0.1,50.7,74.0,24.8,27.9,25.0,0.0
2023-03-13 03:00:00,-0.5,51.0,73.2,25.1,28.3,25.2,38.0
2023-03-13 04:00:00,-0.9,51.4,72.7,25.0,28.0,25.0,35.0
2023-03-13 05:00:00,-1.1,51.5,25.9,31.7,28.0,24.6,0.0
2023-03-13 06:00:00,-1.2,52.4,85.6,41.8,44.6,27.7,131.0
2023-03-13 07:00:00,0.0,51.1,83.8,52.1,54.6,42.3,548.0
2023-03-13 08:00:00,1.3,49.7,84.5,45.8,50.1,42.0,130.0
2023-03-13 09:00:00,4.3,46.8,87.2,42.7,47.4,38.9,495.0
2023-03-13 10:00:00,5.6,45.8,84.0,41.2,45.9,37.9,280.0
2023-03-13 11:00:00,7.0,45.4,78.6,40.5,45.0,37.0,259.0
2023-03-13 12:00:00,7.6,45.2,75.3,40.6,44.7,36.9,258.0
2023-03-13 13:00:00,8.3,45.0,74.5,40.6,44.7,36.9,261.0
2023-03-13 14:00:00,9.2,44.8,71.8,40.4,44.4,36.6,248.0
2023-03-13 15:00:00,9.6,44.6,69.1,40.6,44.4,36.6,246.0
2023-03-13 16:00:00,10.7,44.3,66.5,40.4,43.8,36.6,244.0
2023-03-13 17:00:00,10.6,44.4,67.6,40.5,44.0,36.6,238.0
2023-03-13 18:00:00,8.6,44.9,67.8,40.9,44.2,36.8,246.0
2023-03-13 19:00:00,6.4,45.6,74.8,42.0,45.9,37.9,282.0
2023-03-13 20:00:00,6.3,46.0,65.1,42.3,45.2,37.6,266.0
2023-03-13 21:00:00,5.5,46.3,75.3,42.2,46.3,38.5,290.0
2023-03-13 22:00:00,5.2,46.4,68.8,42.5,41.6,38.5,272.0
2023-03-13 23:00:00,4.8,46.6,65.9,33.6,32.3,29.8,0.0
2023-03-14 00:00:00,4.6,46.8,68.9,27.7,29.2,26.6,0.0
2023-03-14 01:00:00,4.7,46.6,68.2,25.8,27.9,25.3,0.0
2023-03-14 02:00:00,3.9,47.5,66.9,24.9,27.3,24.6,0.0
2023-03-14 03:00:00,6.1,46.1,63.2,24.4,26.7,24.1,0.0
2023-03-14 04:00:00,5.6,46.2,61.3,24.0,26.3,23.8,0.0
2023-03-14 05:00:00,5.2,46.4,60.7,23.5,26.1,23.5,0.0
2023-03-14 06:00:00,5.2,46.4,45.7,30.2,32.3,23.7,0.0
2023-03-14 07:00:00,6.4,46.0,78.7,42.3,46.6,38.3,480.0
2023-03-14 08:00:00,8.5,45.2,76.2,41.4,45.5,37.6,281.0
2023-03-14 09:00:00,9.6,44.8,74.5,40.8,44.9,37.2,263.0
2023-03-14 10:00:00,11.9,44.0,71.4,40.4,44.2,36.8,253.0
2023-03-14 11:00:00,13.6,44.0,66.3,36.9,35.6,33.1,145.0
2023-03-14 12:00:00,14.9,44.0,64.1,29.7,30.1,27.7,0.0
2023-03-14 13:00:00,16.5,44.0,62.2,27.1,35.7,25.6,0.0
2023-03-14 14:00:00,17.6,44.0,60.3,25.7,26.7,24.4,0.0
2023-03-14 15:00:00,17.5,44.0,58.4,25.1,26.4,23.9,0.0
2023-03-14 16:00:00,17.3,44.0,56.8,24.6,26.3,23.7,0.0
2023-03-14 17:00:00,16.5,44.0,55.7,24.1,26.3,23.7,0.0
2023-03-14 18:00:00,15.1,44.0,55.3,31.4,33.8,24.4,60.0
2023-03-14 19:00:00,14.1,44.0,62.4,41.9,43.7,35.7,355.0
2023-03-14 20:00:00,12.0,44.0,67.8,41.5,44.7,36.8,272.0
2023-03-14 21:00:00,12.9,44.0,62.1,40.5,43.8,36.4,243.0
2023-03-14 22:00:00,11.8,44.0,69.1,40.6,41.6,37.1,259.0
2023-03-14 23:00:00,11.2,44.2,67.8,32.3,33.2,30.5,0.0
2023-03-15 00:00:00,10.9,44.4,66.2,27.7,29.1,26.6,0.0
2023-03-15 01:00:00,10.5,44.5,63.9,26.3,27.6,25.0,0.0
2023-03-15 02:00:00,10.1,44.6,61.4,25.2,27.5,24.4,0.0
2023-03-15 03:00:00,9.9,44.7,59.7,24.6,26.2,23.8,0.0
2023-03-15 04:00:00,9.8,44.7,57.3,24.3,26.1,23.5,0.0
2023-03-15 05:00:00,9.7,44.8,54.7,23.8,25.8,23.3,0.0
2023-03-15 06:00:00,9.0,45.0,66.0,41.0,43.2,32.8,252.0
2023-03-15 07:00:00,9.8,44.7,78.8,40.4,44.8,37.4,331.0
2023-03-15 08:00:00,10.6,44.5,75.3,39.7,43.9,36.6,245.0
2023-03-15 09:00:00,11.4,44.2,73.7,39.4,43.6,36.3,241.0
2023-03-15 10:00:00,11.8,44.0,73.6,39.7,43.8,36.4,243.0
2023-03-15 11:00:00,11.2,44.2,74.2,39.8,43.9,36.4,243.0
2023-03-15 12:00:00,12.1,44.0,70.2,34.6,33.1,30.8,80.0
2023-03-15 13:00:00,12.9,44.0,69.1,28.5,29.3,26.8,0.0
2023-03-15 14:00:00,12.6,44.0,73.2,42.6,45.5,35.0,273.0
2023-03-15 15:00:00,10.1,44.6,72.0,40.4,44.2,36.8,270.0
2023-03-15 16:00:00,9.7,44.8,77.4,41.0,45.3,37.3,267.0
2023-03-15 17:00:00,7.6,45.6,78.5,41.3,45.6,37.7,271.0
2023-03-15 18:00:00,6.35,46.25,80.65,41.9,46.3,38.15,289.5
2023-03-15 19:00:00,5.1,46.9,82.8,42.5,47.0,38.6,289.5
2023-03-15 20:00:00,4.6,47.3,77.2,42.4,46.1,38.7,289.0
2023-03-15 21:00:00,4.6,47.3,83.5,43.3,47.8,39.2,304.0
2023-03-15 22:00:00,4.3,47.6,78.9,41.3,40.5,38.3,247.0
2023-03-15 23:00:00,4.2,47.7,69.0,38.3,34.3,32.2,0.0
2023-03-16 00:00:00,4.0,47.9,60.6,35.7,33.4,31.5,0.0
2023-03-16 01:00:00,3.3,48.5,55.0,33.0,30.6,28.5,0.0
2023-03-16 02:00:00,3.1,48.6,50.8,30.6,27.5,25.9,0.0
2023-03-16 03:00:00,3.1,48.7,46.8,28.7,26.7,24.7,0.0
2023-03-16 04:00:00,3.1,48.8,43.1,27.2,26.1,24.1,0.0
2023-03-16 05:00:00,2.9,48.8,41.5,25.7,25.7,23.6,0.0
2023-03-16 06:00:00,2.8,48.2,78.8,40.6,43.0,27.3,151.0
2023-03-16 07:00:00,3.1,47.9,86.2,43.4,48.1,39.6,463.0
2023-03-16 08:00:00,3.1,47.9,85.8,42.7,47.6,38.6,306.0
2023-03-16 09:00:00,3.1,47.9,85.4,43.0,47.7,38.8,319.0
2023-03-16 10:00:00,3.6,47.3,85.2,43.0,47.8,38.7,317.0
2023-03-16 11:00:00,3.8,47.2,84.0,43.0,47.6,38.9,311.0
2023-03-16 12:00:00,4.4,46.5,82.9,42.0,46.7,38.5,297.0
2023-03-16 13:00:00,4.9,46.1,80.8,41.1,45.7,37.7,273.0
2023-03-16 14:00:00,5.5,45.7,81.1,41.0,45.6,37.5,274.0
2023-03-16 15:00:00,6.1,45.5,80.4,40.8,45.4,37.4,270.0
2023-03-16 16:00:00,6.3,44.7,79.2,40.5,45.0,37.2,262.0
2023-03-16 17:00:00,6.0,44.8,79.4,40.5,45.0,37.2,261.0
2023-03-16 18:00:00,5.2,46.8,79.5,42.2,46.4,37.9,284.0
2023-03-16 19:00:00,5.2,46.8,81.1,43.1,47.4,38.7,308.0
2023-03-16 20:00:00,5.1,46.9,73.2,41.7,45.4,38.1,275.0
2023-03-16 21:00:00,5.5,47.3,79.9,43.9,48.2,39.1,307.0
2023-03-16 22:00:00,4.6,47.9,78.2,42.6,41.1,38.5,272.0
2023-03-16 23:00:00,4.1,48.3,65.4,38.6,34.6,31.8,0.0
2023-03-17 00:00:00,3.7,48.6,67.3,34.6,31.9,28.9,0.0
2023-03-17 01:00:00,3.9,48.5,62.5,27.8,33.8,27.6,0.0
2023-03-17 02:00:00,3.9,48.6,55.9,26.9,35.7,27.4,0.0
2023-03-17 03:00:00,3.6,48.7,50.4,26.5,35.3,27.6,0.0
2023-03-17 04:00:00,3.1,49.1,47.0,25.9,34.9,27.4,0.0
2023-03-17 05:00:00,2.8,49.4,50.4,25.7,34.6,27.5,0.0
2023-03-17 06:00:00,2.8,48.0,74.3,42.5,45.1,31.7,250.0
2023-03-17 07:00:00,2.8,48.0,84.3,43.4,48.1,39.1,420.0
2023-03-17 08:00:00,3.3,47.7,84.2,42.8,47.5,38.5,314.0
2023-03-17 09:00:00,3.9,47.5,83.3,42.8,47.3,38.5,315.0
2023-03-17 10:00:00,5.9,46.2,81.0,42.4,46.8,38.3,300.0
2023-03-17 11:00:00,7.3,45.2,76.8,41.2,45.3,37.6,277.0
2023-03-17 12:00:00,7.9,44.7,75.1,40.5,44.6,37.0,258.0
2023-03-17 13:00:00,8.8,44.0,74.3,39.9,44.0,36.6,251.0
2023-03-17 14:00:00,9.0,43.8,73.0,38.2,38.3,35.9,214.0
2023-03-17 15:00:00,9.3,43.6,61.7,36.2,33.3,30.5,0.0
2023-03-17 16:00:00,9.3,43.6,61.2,32.5,32.6,30.2,0.0
2023-03-17 17:00:00,9.5,43.5,39.3,34.3,36.3,32.2,207.0
2023-03-17 18:00:00,8.0,44.6,43.3,36.8,38.6,33.8,175.0
2023-03-17 19:00:00,6.7,45.6,79.2,41.6,46.0,37.8,322.0
2023-03-17 20:00:00,6.2,46.0,56.4,40.9,43.2,36.0,226.0
2023-03-17 21:00:00,5.4,46.6,72.0,43.5,46.9,38.1,327.0
2023-03-17 22:00:00,3.7,47.6,77.5,43.1,47.3,39.0,316.0
2023-03-17 23:00:00,3.7,47.6,75.7,33.7,32.5,30.1,0.0
2023-03-18 00:00:00,2.5,48.1,71.4,27.5,29.1,26.4,0.0
2023-03-18 01:00:00,2.1,48.3,69.9,25.7,35.0,25.0,0.0
2023-03-18 02:00:00,1.3,48.7,66.6,24.7,35.0,24.0,0.0
2023-03-18 03:00:00,0.8,48.9,63.7,23.6,26.1,23.5,0.0
2023-03-18 04:00:00,0.2,49.2,63.5,23.3,25.8,23.3,0.0
2023-03-18 05:00:00,0.1,49.3,62.6,23.0,25.5,23.0,0.0
2023-03-18 06:00:00,0.0,48.5,87.2,47.1,50.2,36.2,377.0
2023-03-18 07:00:00,2.5,47.7,80.5,42.8,47.1,39.0,365.0
2023-03-18 08:00:00,6.0,46.2,58.4,40.8,43.0,35.5,237.0
2023-03-18 09:00:00,7.5,45.0,82.0,41.8,46.4,37.2,295.0
2023-03-18 10:00:00,8.6,44.2,61.5,38.9,42.3,36.5,248.0
2023-03-18 11:00:00,10.5,42.6,48.1,38.2,40.0,35.7,237.0
2023-03-18 12:00:00,10.9,42.4,73.9,39.0,43.2,36.1,222.0
2023-03-18 13:00:00,11.6,41.8,70.8,32.7,32.2,29.7,52.0
2023-03-18 14:00:00,11.3,42.1,68.3,27.5,28.4,26.1,0.0
2023-03-18 15:00:00,11.4,42.1,66.3,25.5,27.1,24.6,0.0
2023-03-18 16:00:00,11.3,42.1,64.5,24.4,34.6,24.1,0.0
2023-03-18 17:00:00,11.0,42.3,62.8,23.9,26.4,23.8,0.0
2023-03-18 18:00:00,9.3,45.0,74.4,43.6,46.3,34.4,304.0
2023-03-18 19:00:00,8.5,45.4,71.6,40.9,44.5,37.2,316.0
2023-03-18 20:00:00,7.7,45.8,68.0,39.4,35.4,33.1,163.0
2023-03-18 21:00:00,7.2,45.2,79.6,41.6,46.0,38.0,321.0
2023-03-18 22:00:00,6.6,45.4,71.4,41.8,38.7,36.5,221.0
2023-03-18 23:00:00,5.8,45.7,64.5,32.5,34.0,29.9,0.0
2023-03-19 00:00:00,5.4,45.8,63.0,29.9,33.1,29.9,0.0
2023-03-19 01:00:00,5.1,45.9,61.9,28.6,36.5,27.6,0.0
2023-03-19 02:00:00,4.7,46.1,58.1,26.8,42.5,26.5,0.0
2023-03-19 03:00:00,3.6,46.5,55.1,25.8,43.0,25.9,0.0
2023-03-19 04:00:00,2.2,47.1,52.5,25.2,42.9,25.5,0.0
2023-03-19 05:00:00,1.4,47.4,49.9,24.8,42.4,25.2,0.0
2023-03-19 06:00:00,0.8,48.2,64.1,36.1,37.9,25.1,125.0
2023-03-19 07:00:00,3.5,47.4,85.3,42.8,47.5,38.9,488.0
2023-03-19 08:00:00,7.3,45.9,77.3,41.0,45.6,37.2,277.0
2023-03-19 09:00:00,9.3,45.0,77.8,41.8,45.8,37.3,291.0
2023-03-19 10:00:00,10.9,45.0,68.3,42.0,46.1,35.9,250.0
2023-03-19 11:00:00,12.6,44.4,72.3,40.6,44.1,37.1,293.0
2023-03-19 12:00:00,13.4,44.2,65.1,32.3,35.4,29.7,0.0
2023-03-19 13:00:00,14.6,44.0,64.8,27.4,28.2,25.6,0.0
2023-03-19 14:00:00,14.7,44.0,63.3,25.7,26.7,24.3,0.0
2023-03-19 15:00:00,14.8,44.0,61.2,24.6,34.8,24.0,0.0
2023-03-19 16:00:00,15.0,44.0,59.9,24.3,26.1,23.6,0.0
2023-03-19 17:00:00,14.7,44.0,57.4,23.8,26.0,23.4,0.0
2023-03-19 18:00:00,12.7,44.4,56.3,23.5,27.0,23.6,0.0
2023-03-19 19:00:00,11.3,44.9,74.7,42.5,46.2,37.3,422.0
2023-03-19 20:00:00,10.5,45.1,70.5,39.2,38.4,36.1,231.0
2023-03-19 21:00:00,9.5,45.5,76.4,42.0,46.1,36.4,273.0
2023-03-19 22:00:00,8.8,45.3,73.5,40.2,39.8,37.3,266.0
2023-03-19 23:00:00,7.4,45.9,72.6,31.4,31.2,28.8,0.0
2023-03-20 00:00:00,6.1,46.5,68.2,27.0,33.6,26.0,0.0
2023-03-20 01:00:00,5.2,46.9,64.5,25.5,26.9,24.4,0.0
2023-03-20 02:00:00,4.8,47.0,63.3,24.4,26.3,23.7,0.0
2023-03-20 03:00:00,4.3,47.2,61.1,23.8,25.9,23.3,0.0
2023-03-20 04:00:00,4.2,47.2,59.4,23.2,29.3,23.3,0.0
2023-03-20 05:00:00,5.2,46.9,58.8,23.0,26.1,22.8,0.0
2023-03-20 06:00:00,4.3,50.4,77.8,43.7,45.7,32.0,261.0
2023-03-20 07:00:00,5.7,49.5,86.0,45.6,50.1,40.7,458.0
2023-03-20 08:00:00,9.2,47.2,84.2,43.2,48.0,39.2,327.0
2023-03-20 09:00:00,11.5,45.6,82.4,41.6,46.1,38.1,287.0
2023-03-20 10:00:00,13.2,45.4,79.2,40.4,44.7,37.3,264.0
2023-03-20 11:00:00,14.7,45.0,75.7,34.2,33.7,31.1,82.0
2023-03-20 12:00:00,16.5,45.0,73.2,28.3,29.6,27.0,0.0
2023-03-20 13:00:00,17.5,45.0,70.1,26.6,27.8,25.3,0.0
2023-03-20 14:00:00,18.0,45.0,67.5,25.0,27.2,24.6,0.0
2023-03-20 15:00:00,18.4,45.0,64.2,24.4,26.9,24.3,0.0
2023-03-20 16:00:00,17.7,45.0,61.6,24.2,26.6,24.1,0.0
2023-03-20 17:00:00,16.8,45.0,60.0,24.0,26.4,23.8,0.0
2023-03-20 18:00:00,15.9,45.0,58.6,23.7,26.0,23.5,0.0
2023-03-20 19:00:00,15.3,45.0,57.0,23.6,25.7,23.2,0.0
2023-03-20 20:00:00,14.8,45.0,72.1,43.3,46.4,36.8,396.0
2023-03-20 21:00:00,14.6,45.0,71.5,41.5,45.0,37.4,280.0
2023-03-20 22:00:00,14.4,45.0,66.7,41.6,38.9,36.5,224.0
2023-03-20 23:00:00,13.9,45.0,58.8,36.6,33.6,30.1,0.0
2023-03-21 00:00:00,13.8,45.1,54.2,33.4,32.3,30.1,0.0
2023-03-21 01:00:00,13.0,45.5,49.9,31.8,30.0,27.8,0.0
2023-03-21 02:00:00,12.4,45.8,46.7,30.4,27.9,25.9,0.0
2023-03-21 03:00:00,11.9,46.1,43.7,29.4,27.3,25.1,0.0
2023-03-21 04:00:00,11.3,46.5,41.5,28.4,27.0,24.9,0.0
2023-03-21 05:00:00,9.7,47.3,48.9,26.8,42.0,24.4,0.0
2023-03-21 06:00:00,9.7,47.6,82.3,43.0,46.7,31.6,235.0
2023-03-21 07:00:00,11.8,46.6,81.1,42.0,46.4,38.5,378.0
2023-03-21 08:00:00,12.1,46.4,78.8,41.9,46.1,37.9,278.0
2023-03-21 09:00:00,13.5,45.7,76.6,41.7,45.8,37.9,277.0
2023-03-21 10:00:00,13.8,45.6,72.7,33.3,32.7,30.2,0.0
2023-03-21 11:00:00,14.8,45.5,70.3,28.1,29.3,26.8,0.0
2023-03-21 12:00:00,15.2,45.5,68.4,26.0,28.1,25.3,0.0
2023-03-21 13:00:00,16.1,45.5,66.6,25.1,37.1,24.8,0.0
2023-03-21 14:00:00,16.2,45.5,64.6,24.5,38.3,24.6,0.0
2023-03-21 15:00:00,15.6,45.5,63.4,24.3,37.3,24.3,0.0
2023-03-21 16:00:00,15.0,45.5,62.2,24.1,35.1,24.1,0.0
2023-03-21 17:00:00,14.6,45.0,59.7,38.4,39.6,30.0,184.0
2023-03-21 18:00:00,14.1,45.0,72.5,41.6,45.4,37.8,359.0
2023-03-21 19:00:00,12.4,45.3,69.8,41.3,45.0,37.0,256.0
2023-03-21 20:00:00,12.5,45.3,61.4,41.8,44.7,37.4,268.0
2023-03-21 21:00:00,12.0,45.4,65.2,41.2,44.6,37.8,274.0
2023-03-21 22:00:00,11.7,45.5,71.6,40.0,39.9,37.3,230.0
2023-03-21 23:00:00,11.5,45.5,68.9,31.9,32.0,29.6,0.0
2023-03-22 00:00:00,11.2,45.6,67.2,27.8,36.9,26.9,0.0
2023-03-22 01:00:00,10.7,45.7,65.2,26.6,36.3,25.4,0.0
2023-03-22 02:00:00,10.2,45.8,62.9,25.2,27.3,24.7,0.0
2023-03-22 03:00:00,9.4,46.0,61.5,24.6,26.8,24.4,0.0
2023-03-22 04:00:00,8.3,46.2,59.9,24.6,27.0,24.5,0.0
2023-03-22 05:00:00,8.1,46.3,59.1,24.0,26.4,23.9,0.0
2023-03-22 06:00:00,8.2,45.2,71.2,37.3,40.1,26.0,108.0
2023-03-22 07:00:00,8.7,45.1,77.9,41.3,45.5,37.7,407.0
2023-03-22 08:00:00,11.8,44.4,76.9,40.8,45.0,37.3,262.0
2023-03-22 09:00:00,13.3,44.1,73.6,40.1,44.1,36.7,244.0
2023-03-22 10:00:00,14.1,44.0,69.4,34.7,33.7,31.3,86.0
2023-03-22 11:00:00,15.2,44.0,65.1,29.2,29.6,27.1,0.0
2023-03-22 12:00:00,16.0,44.0,61.6,26.7,28.0,25.5,0.0
2023-03-22 13:00:00,16.5,44.0,60.2,25.8,27.1,24.6,0.0
2023-03-22 14:00:00,15.9,44.0,59.6,24.8,26.9,24.4,0.0
2023-03-22 15:00:00,14.4,44.0,58.4,24.5,26.7,24.3,0.0
2023-03-22 16:00:00,14.2,44.0,57.4,24.1,26.5,24.0,0.0
2023-03-22 17:00:00,14.0,44.0,56.5,24.0,26.4,23.8,0.0
2023-03-22 18:00:00,12.9,44.2,50.3,31.2,33.1,24.8,66.0
2023-03-22 19:00:00,11.8,44.4,71.2,41.5,45.2,37.4,393.0
2023-03-22 20:00:00,10.7,44.7,67.2,40.6,44.4,36.6,250.0
2023-03-22 21:00:00,9.6,45.2,66.7,41.3,44.5,37.8,280.0
2023-03-22 22:00:00,9.0,45.3,62.2,40.3,39.2,36.9,220.0
2023-03-22 23:00:00,8.6,45.4,59.6,32.0,34.1,29.9,0.0
2023-03-23 00:00:00,8.2,45.4,60.9,28.2,28.6,26.1,0.0
2023-03-23 01:00:00,7.5,45.5,60.6,25.8,36.6,25.5,0.0
2023-03-23 02:00:00,6.8,45.7,58.8,25.1,36.2,24.2,0.0
2023-03-23 03:00:00,6.0,45.8,56.8,24.4,26.4,23.8,0.0
2023-03-23 04:00:00,5.7,45.8,57.1,23.9,35.4,23.6,0.0
2023-03-23 05:00:00,5.0,46.0,53.3,23.4,25.7,23.4,0.0
2023-03-23 06:00:00,4.9,46.0,67.9,38.5,40.3,28.2,163.0
2023-03-23 07:00:00,7.5,45.6,79.5,41.5,45.8,38.0,391.0
2023-03-23 08:00:00,10.4,45.1,78.3,40.5,45.0,37.2,264.0
2023-03-23 09:00:00,12.9,44.6,75.1,40.0,44.3,36.8,252.0
2023-03-23 10:00:00,14.0,44.5,70.9,34.7,34.2,31.7,103.0
2023-03-23 11:00:00,14.8,44.5,68.6,28.8,29.9,27.3,0.0
2023-03-23 12:00:00,15.8,44.5,66.5,26.4,35.6,25.7,0.0
2023-03-23 13:00:00,16.2,44.5,65.4,25.6,36.8,25.1,0.0
2023-03-23 14:00:00,17.3,44.5,63.0,24.7,27.1,24.6,0.0
2023-03-23 15:00:00,17.3,44.5,61.5,24.5,27.0,24.5,0.0
2023-03-23 16:00:00,16.9,44.5,60.1,24.3,26.7,24.3,0.0
2023-03-23 17:00:00,16.4,44.5,58.6,24.2,26.7,24.2,0.0
2023-03-23 18:00:00,15.5,44.5,57.3,24.1,29.6,24.0,0.0
2023-03-23 19:00:00,14.6,44.5,56.1,23.8,36.8,23.8,0.0
2023-03-23 20:00:00,14.1,44.5,69.3,42.2,44.8,33.6,273.0
2023-03-23 21:00:00,12.7,44.7,67.2,41.1,44.7,37.2,308.0
2023-03-23 22:00:00,11.2,44.9,60.3,39.9,39.5,36.9,246.0
2023-03-23 23:00:00,11.0,45.0,57.0,32.1,33.8,29.8,0.0
2023-03-24 00:00:00,10.1,45.1,58.2,29.7,28.4,25.9,0.0
2023-03-24 01:00:00,9.1,45.3,58.6,25.8,36.4,25.5,0.0
2023-03-24 02:00:00,7.9,45.5,56.8,25.0,30.5,24.6,0.0
2023-03-24 03:00:00,7.4,45.6,53.8,24.4,40.3,24.5,0.0
2023-03-24 04:00:00,6.9,45.6,50.4,24.2,41.7,24.5,0.0
2023-03-24 05:00:00,6.1,45.8,47.5,24.2,41.0,24.6,0.0
2023-03-24 06:00:00,6.1,45.8,64.2,36.3,38.7,25.5,98.0
2023-03-24 07:00:00,9.1,45.5,74.6,41.9,45.7,38.2,433.0
2023-03-24 08:00:00,12.9,44.7,81.5,40.5,45.1,37.5,265.0
2023-03-24 09:00:00,14.3,45.5,79.4,40.5,45.1,37.2,260.0
2023-03-24 10:00:00,15.2,45.5,71.8,34.1,32.7,30.3,48.0
2023-03-24 11:00:00,16.5,45.5,69.6,28.4,34.6,27.0,0.0
2023-03-24 12:00:00,17.7,45.5,66.1,26.6,27.6,25.2,0.0
2023-03-24 13:00:00,19.0,45.5,63.5,25.0,27.3,24.9,0.0
2023-03-24 14:00:00,19.5,45.5,62.6,24.8,27.2,24.7,0.0
2023-03-24 15:00:00,19.9,45.5,61.3,24.6,37.4,24.6,0.0
2023-03-24 16:00:00,19.7,45.5,59.9,24.5,27.3,24.8,0.0
2023-03-24 17:00:00,19.8,45.5,58.9,24.4,26.8,24.4,0.0
2023-03-24 18:00:00,17.6,45.5,57.9,24.2,26.8,24.2,0.0
2023-03-24 19:00:00,16.2,45.5,56.9,24.1,26.6,24.1,0.0
2023-03-24 20:00:00,15.8,45.5,55.9,24.0,26.2,23.8,0.0
2023-03-24 21:00:00,14.4,45.5,54.8,23.8,26.2,23.7,0.0
2023-03-24 22:00:00,14.1,45.5,53.5,23.6,27.3,23.5,0.0
2023-03-24 23:00:00,11.9,45.7,52.0,23.5,25.6,23.2,0.0
2023-03-25 00:00:00,10.9,45.8,50.3,23.2,35.2,23.1,0.0
2023-03-25 01:00:00,10.3,45.9,48.6,23.1,35.1,23.0,0.0
2023-03-25 02:00:00,9.5,46.0,47.0,22.9,26.6,22.7,0.0
2023-03-25 03:00:00,9.1,46.0,45.3,22.7,32.6,22.5,0.0
2023-03-25 04:00:00,9.1,46.0,43.8,22.5,32.4,22.4,0.0
2023-03-25 05:00:00,10.1,45.9,42.4,22.3,29.2,22.1,0.0
2023-03-25 06:00:00,9.2,44.0,77.5,39.0,41.5,24.4,82.0
2023-03-25 07:00:00,10.1,44.3,73.8,40.1,44.1,36.7,415.0
2023-03-25 08:00:00,13.7,43.1,69.1,38.8,42.7,35.7,232.0
2023-03-25 09:00:00,16.5,43.0,65.4,35.8,36.0,33.6,160.0
2023-03-25 10:00:00,16.8,43.0,63.9,30.8,35.0,30.1,0.0
2023-03-25 11:00:00,18.6,43.0,61.3,26.9,28.2,25.8,0.0
2023-03-25 12:00:00,19.8,43.0,59.9,26.0,27.3,24.7,0.0
2023-03-25 13:00:00,20.5,43.0,58.8,25.0,35.1,24.4,0.0
2023-03-25 14:00:00,20.2,43.0,56.3,24.6,28.9,24.1,0.0
2023-03-25 15:00:00,19.5,43.0,53.5,24.3,36.7,23.8,0.0
2023-03-25 16:00:00,19.2,43.0,50.5,24.0,36.5,23.5,0.0
2023-03-25 17:00:00,18.2,43.0,48.1,23.7,31.7,23.3,0.0
2023-03-25 18:00:00,16.6,43.0,45.7,23.5,31.9,23.2,0.0
2023-03-25 19:00:00,15.2,44.0,50.3,32.5,35.0,25.4,76.0
2023-03-25 20:00:00,12.2,44.4,68.1,41.4,45.0,37.2,392.0
2023-03-25 21:00:00,12.6,44.3,66.7,40.6,43.7,36.7,250.0
2023-03-25 22:00:00,11.6,44.5,61.2,40.9,37.6,35.5,194.0
2023-03-25 23:00:00,9.6,44.9,55.3,33.2,33.5,30.2,0.0
2023-03-26 00:00:00,9.6,45.0,53.4,29.9,32.2,29.6,0.0
2023-03-26 01:00:00,9.0,45.1,54.0,28.1,32.8,27.5,0.0
2023-03-26 02:00:00,9.3,45.0,54.0,26.75,33.9,26.6,0.0
2023-03-26 03:00:00,9.6,44.9,54.0,25.4,35.0,25.7,0.0
2023-03-26 04:00:00,9.5,45.0,54.4,24.3,36.1,24.3,0.0
2023-03-26 05:00:00,9.5,45.0,53.8,24.2,25.7,23.3,0.0
2023-03-26 06:00:00,8.4,45.2,57.4,32.0,34.4,24.6,69.0
2023-03-26 07:00:00,8.8,45.1,75.0,41.8,45.7,38.0,416.0
2023-03-26 08:00:00,10.5,44.7,71.2,40.4,44.4,37.0,252.0
2023-03-26 09:00:00,13.0,44.2,65.7,40.5,44.4,36.7,243.0
2023-03-26 10:00:00,13.7,44.0,63.5,40.0,44.0,36.8,243.0
2023-03-26 11:00:00,14.8,44.0,63.0,35.8,34.2,31.8,102.0
2023-03-26 12:00:00,14.4,44.0,60.9,30.6,35.9,30.2,0.0
2023-03-26 13:00:00,15.2,44.0,59.0,26.9,28.1,25.7,0.0
2023-03-26 14:00:00,14.9,44.0,58.2,25.8,27.1,24.7,0.0
2023-03-26 15:00:00,15.4,44.0,57.6,25.2,26.6,24.1,0.0
2023-03-26 16:00:00,15.6,44.0,55.9,24.6,33.4,24.0,0.0
2023-03-26 17:00:00,15.4,44.0,53.0,24.4,33.8,23.8,0.0
2023-03-26 18:00:00,15.6,44.0,50.7,24.2,31.5,23.8,0.0
2023-03-26 19:00:00,14.9,45.0,73.4,39.5,42.0,28.5,153.0
2023-03-26 20:00:00,13.7,45.0,71.4,41.6,45.3,37.7,371.0
2023-03-26 21:00:00,12.8,45.1,68.2,42.7,45.5,37.1,253.0
2023-03-26 22:00:00,12.2,45.2,68.4,39.0,38.9,36.7,227.0
2023-03-26 23:00:00,12.1,45.2,62.9,33.2,34.4,30.8,0.0
2023-03-27 00:00:00,11.9,45.2,58.8,30.7,33.7,30.5,0.0
2023-03-27 01:00:00,10.9,45.3,57.5,28.8,27.1,24.7,0.0
2023-03-27 02:00:00,10.5,45.3,57.5,25.3,27.1,24.6,0.0
2023-03-27 03:00:00,10.7,45.3,57.5,25.1,35.1,24.2,0.0
2023-03-27 04:00:00,10.5,45.3,55.7,24.7,26.1,23.8,0.0
2023-03-27 05:00:00,11.0,45.3,54.0,24.3,26.2,23.7,0.0
2023-03-27 06:00:00,11.3,46.0,69.9,40.5,42.8,29.9,182.0
2023-03-27 07:00:00,11.9,45.8,79.5,41.8,46.1,38.4,376.0
2023-03-27 08:00:00,12.1,46.1,79.0,41.5,45.9,37.6,264.0
2023-03-27 09:00:00,12.8,44.2,77.0,41.2,45.1,38.0,272.0
2023-03-27 10:00:00,13.3,44.1,68.9,40.0,44.0,36.3,211.0
2023-03-27 11:00:00,8.9,45.1,71.9,40.8,44.6,37.2,259.0
2023-03-27 12:00:00,7.7,45.4,78.3,41.5,45.8,38.0,271.0
2023-03-27 13:00:00,9.3,45.0,78.5,40.9,45.4,37.8,255.0
2023-03-27 14:00:00,10.8,44.7,74.5,40.3,44.4,37.3,240.0
2023-03-27 15:00:00,12.0,44.4,72.1,40.1,44.0,36.9,227.0
2023-03-27 16:00:00,13.0,45.1,58.3,40.4,36.3,34.2,151.0
2023-03-27 17:00:00,8.4,45.6,70.1,39.8,42.3,29.7,83.0
2023-03-27 18:00:00,8.3,45.6,68.9,44.3,46.9,37.3,336.0
2023-03-27 19:00:00,8.9,45.5,79.4,41.9,46.2,38.4,276.0
2023-03-27 20:00:00,9.2,45.5,74.0,40.8,44.7,37.5,236.0
2023-03-27 21:00:00,8.9,45.5,74.4,42.2,46.2,38.0,260.0
2023-03-27 22:00:00,7.3,45.7,67.7,40.4,40.1,37.4,228.0
2023-03-27 23:00:00,5.7,45.9,60.9,37.0,34.8,31.4,0.0
2023-03-28 00:00:00,4.3,46.6,54.6,34.7,33.1,31.3,0.0
2023-03-28 01:00:00,3.9,46.9,51.0,32.1,31.2,29.1,0.0
2023-03-28 02:00:00,3.4,47.3,46.6,30.4,27.9,26.2,0.0
2023-03-28 03:00:00,3.4,47.3,42.7,29.0,27.1,25.2,0.0
2023-03-28 04:00:00,2.9,47.8,39.5,27.7,26.7,24.7,0.0
2023-03-28 05:00:00,3.1,47.7,37.1,26.5,26.3,24.1,0.0
2023-03-28 06:00:00,3.2,47.6,67.9,37.2,39.3,25.7,103.0
2023-03-28 07:00:00,3.1,47.6,80.2,44.8,48.9,39.7,455.0
2023-03-28 08:00:00,3.1,47.7,83.7,42.8,47.4,38.9,305.0
2023-03-28 09:00:00,3.9,47.0,83.8,42.8,47.4,38.8,300.0
2023-03-28 10:00:00,4.3,46.6,83.5,42.6,47.0,38.6,296.0
2023-03-28 11:00:00,4.9,46.0,80.7,41.8,46.2,38.3,281.0
2023-03-28 12:00:00,5.8,45.9,80.6,41.5,45.9,38.0,270.0
2023-03-28 13:00:00,5.9,45.9,79.5,41.3,45.7,37.8,271.0
2023-03-28 14:00:00,6.0,45.8,79.3,41.1,45.7,37.7,263.0
2023-03-28 15:00:00,4.4,46.5,81.6,42.4,47.0,38.2,281.0
2023-03-28 16:00:00,5.2,45.9,81.0,41.3,45.8,38.2,274.0
2023-03-28 17:00:00,3.4,47.5,80.4,42.3,46.6,37.8,262.0
2023-03-28 18:00:00,3.3,47.5,79.4,43.8,47.8,39.3,310.0
2023-03-28 19:00:00,2.4,48.3,86.2,43.3,48.1,39.3,305.0
2023-03-28 20:00:00,1.8,48.8,75.7,44.4,47.3,39.5,302.0
2023-03-28 21:00:00,2.1,48.7,85.1,44.8,49.5,40.1,330.0
2023-03-28 22:00:00,2.5,47.0,69.7,41.1,40.1,37.8,232.0
2023-03-28 23:00:00,1.8,47.2,69.9,31.9,32.2,29.6,0.0
2023-03-29 00:00:00,1.6,47.3,67.8,27.7,28.8,26.4,0.0
2023-03-29 01:00:00,1.7,47.3,64.7,25.7,27.4,24.9,0.0
2023-03-29 02:00:00,1.8,47.2,64.2,24.5,26.9,24.4,0.0
2023-03-29 03:00:00,1.4,47.4,61.8,24.0,26.7,24.0,0.0
2023-03-29 04:00:00,1.7,47.3,60.6,23.6,37.4,23.7,0.0
2023-03-29 05:00:00,1.3,47.4,28.3,23.5,25.8,23.8,0.0
2023-03-29 06:00:00,1.4,47.8,80.5,40.4,42.4,25.8,119.0
2023-03-29 07:00:00,1.7,47.6,86.6,43.3,48.2,39.4,467.0
2023-03-29 08:00:00,4.1,46.4,85.8,42.3,47.2,38.4,307.0
2023-03-29 09:00:00,6.4,45.8,84.7,40.8,45.7,37.5,279.0
2023-03-29 10:00:00,6.5,45.8,83.9,40.4,45.3,37.2,272.0
2023-03-29 11:00:00,6.8,45.8,80.8,41.0,45.6,37.4,277.0
2023-03-29 12:00:00,7.6,45.7,79.4,41.0,45.5,37.4,276.0
2023-03-29 13:00:00,7.9,45.6,78.4,40.8,45.1,37.3,265.0
2023-03-29 14:00:00,8.2,45.6,76.9,41.0,45.2,37.3,268.0
2023-03-29 15:00:00,9.0,45.5,75.4,40.9,44.9,37.1,261.0
2023-03-29 16:00:00,8.9,45.5,75.2,41.0,45.2,37.3,263.0
2023-03-29 17:00:00,9.4,45.5,71.2,41.4,45.1,37.2,257.0
2023-03-29 18:00:00,9.0,45.5,71.6,42.3,45.8,37.8,277.0
2023-03-29 19:00:00,8.4,45.6,73.1,42.6,46.1,37.9,277.0
2023-03-29 20:00:00,7.8,45.6,70.9,42.8,46.6,37.5,262.0
2023-03-29 21:00:00,7.1,45.7,70.2,42.0,46.0,37.8,275.0
2023-03-29 22:00:00,7.4,45.7,67.3,41.7,43.2,37.8,266.0
2023-03-29 23:00:00,7.2,45.7,69.6,32.6,32.5,30.0,0.0
2023-03-30 00:00:00,6.8,45.8,69.3,27.7,29.3,26.9,0.0
2023-03-30 01:00:00,6.8,45.7,67.3,26.1,28.0,25.3,0.0
2023-03-30 02:00:00,6.6,45.8,64.5,25.0,27.3,24.6,0.0
2023-03-30 03:00:00,6.5,45.8,64.0,24.5,36.6,24.2,0.0
2023-03-30 04:00:00,6.0,45.8,62.7,23.9,29.6,24.0,0.0
2023-03-30 05:00:00,6.0,45.8,60.2,23.7,26.1,23.6,0.0
2023-03-30 06:00:00,6.0,47.6,71.2,41.5,43.2,29.8,202.0
2023-03-30 07:00:00,6.0,47.6,84.2,43.6,48.2,39.4,419.0
2023-03-30 08:00:00,7.5,47.1,84.3,43.2,47.8,38.9,314.0
2023-03-30 09:00:00,9.3,45.5,81.3,41.6,46.1,38.4,293.0
2023-03-30 10:00:00,11.0,45.0,80.5,40.2,44.8,37.1,252.0
2023-03-30 11:00:00,12.1,44.6,75.4,39.9,44.0,36.7,246.0
2023-03-30 12:00:00,13.1,44.3,58.4,35.4,32.0,29.6,0.0
2023-03-30 13:00:00,14.0,44.0,62.9,29.9,33.3,26.9,0.0
2023-03-30 14:00:00,14.7,44.0,65.7,25.9,27.7,25.2,0.0
2023-03-30 15:00:00,15.6,44.0,64.9,25.0,27.4,24.7,0.0
2023-03-30 16:00:00,15.1,44.0,62.6,24.7,27.0,24.4,0.0
2023-03-30 17:00:00,16.1,44.0,61.4,24.4,26.8,24.1,0.0
2023-03-30 18:00:00,15.6,44.0,60.1,24.1,26.5,24.0,0.0
2023-03-30 19:00:00,15.0,44.0,59.1,24.5,26.3,23.9,0.0
2023-03-30 20:00:00,14.7,44.0,72.2,42.3,45.5,36.0,351.0
2023-03-30 21:00:00,14.4,44.0,60.6,39.3,42.3,36.5,252.0
2023-03-30 22:00:00,13.6,44.1,44.0,34.0,32.4,30.2,56.0
2023-03-30 23:00:00,12.2,44.6,42.6,30.5,32.7,30.1,0.0
2023-03-31 00:00:00,11.4,44.8,42.4,29.4,33.1,28.7,0.0
2023-03-31 01:00:00,11.6,44.8,42.0,26.3,30.5,25.9,0.0
2023-03-31 02:00:00,11.4,44.8,41.6,24.7,31.3,25.1,0.0
2023-03-31 03:00:00,11.3,44.9,41.6,24.4,31.9,24.7,0.0
2023-03-31 04:00:00,11.1,44.9,41.8,24.2,32.8,24.6,0.0
2023-03-31 05:00:00,10.7,45.1,41.6,24.1,35.4,24.4,0.0
2023-03-31 06:00:00,10.7,45.1,74.7,39.3,41.9,27.3,154.0
2023-03-31 07:00:00,10.6,45.1,74.1,43.9,47.3,37.5,365.0
2023-03-31 08:00:00,11.1,44.9,74.7,40.6,44.7,37.1,269.0
2023-03-31 09:00:00,11.7,44.7,72.4,40.5,44.3,36.6,251.0
2023-03-31 10:00:00,13.2,44.2,72.7,40.2,39.4,36.7,241.0
2023-03-31 11:00:00,14.9,44.0,68.9,30.9,31.8,29.2,0.0
2023-03-31 12:00:00,16.2,44.0,67.5,27.1,29.3,26.6,0.0
2023-03-31 13:00:00,16.6,44.0,65.7,25.9,28.0,25.5,0.0
2023-03-31 14:00:00,17.1,44.0,63.5,25.2,27.4,24.9,0.0
2023-03-31 15:00:00,17.0,44.0,62.3,24.7,27.1,24.6,0.0
2023-03-31 16:00:00,17.6,44.0,61.0,24.5,27.1,24.4,0.0
2023-03-31 17:00:00,17.7,44.0,59.9,24.4,27.0,24.4,0.0
2023-03-31 18:00:00,17.6,44.0,40.0,24.7,27.9,24.6,0.0
2023-03-31 19:00:00,16.4,44.0,52.9,23.7,28.6,23.7,0.0
2023-03-31 20:00:00,15.9,43.0,71.5,40.4,42.1,28.9,170.0
2023-03-31 21:00:00,15.4,43.0,71.9,41.8,44.8,34.1,229.0
2023-03-31 22:00:00,15.3,43.0,69.7,37.8,37.9,35.6,222.0
2023-03-31 23:00:00,15.0,43.0,62.7,35.6,33.0,30.0,0.0
2023-11-01 06:00:00,13.3,45.0,32.5,32.5,34.8,22.7,95246.0
2023-11-01 07:00:00,12.7,44.0,74.2,40.7,44.7,37.2,411.0
2023-11-01 08:00:00,14.3,44.0,72.7,39.8,43.8,36.7,246.0
2023-11-01 09:00:00,14.6,44.0,70.2,33.1,34.5,31.9,105.0
2023-11-01 10:00:00,15.7,44.0,68.7,28.2,30.8,27.9,0.0
2023-11-01 11:00:00,15.0,44.0,66.6,26.8,29.6,26.6,0.0
2023-11-01 12:00:00,15.9,44.0,65.9,26.2,29.1,26.2,0.0
2023-11-01 13:00:00,16.8,44.0,64.3,25.9,28.7,25.9,0.0
2023-11-01 14:00:00,16.5,44.0,59.9,26.5,48.5,26.0,0.0
2023-11-01 15:00:00,15.7,44.0,53.3,26.4,43.4,26.2,0.0
2023-11-01 16:00:00,15.1,44.0,55.2,26.5,45.0,26.1,0.0
2023-11-01 17:00:00,13.7,44.0,49.7,26.3,42.9,26.3,0.0
2023-11-01 18:00:00,13.3,43.0,43.5,31.3,37.9,27.2,87.0
2023-11-01 19:00:00,12.7,43.0,72.8,39.1,43.2,36.4,357.0
2023-11-01 20:00:00,12.1,43.0,80.0,38.6,43.4,35.8,221.0
2023-11-01 21:00:00,12.0,43.0,79.1,38.4,43.1,36.0,229.0
2023-11-01 22:00:00,11.7,43.3,78.8,37.1,37.8,35.1,183.0
2023-11-01 23:00:00,11.7,43.3,72.6,34.6,48.6,34.8,0.0
2023-11-02 00:00:00,11.6,43.4,63.4,33.5,42.3,34.5,0.0
2023-11-02 01:00:00,11.4,43.6,59.4,32.6,42.7,33.2,0.0
2023-11-02 02:00:00,11.5,43.5,59.7,31.9,45.0,32.2,0.0
2023-11-02 03:00:00,11.0,44.1,54.6,31.0,42.9,31.0,0.0
2023-11-02 04:00:00,11.0,44.1,55.8,30.3,43.2,29.6,0.0
2023-11-02 05:00:00,11.0,44.1,52.9,29.5,42.6,29.2,0.0
2023-11-02 06:00:00,11.0,47.5,71.9,42.4,44.9,32.6,236.0
2023-11-02 07:00:00,11.4,47.3,79.7,43.7,47.9,39.6,386.0
2023-11-02 08:00:00,12.4,45.0,78.3,39.9,44.3,37.2,237.0
2023-11-02 09:00:00,13.7,45.0,73.1,34.5,34.3,32.5,77.0
2023-11-02 10:00:00,14.0,45.0,70.4,28.7,30.1,27.5,0.0
2023-11-02 11:00:00,15.6,45.0,69.1,26.7,36.7,26.1,0.0
2023-11-02 12:00:00,16.7,45.0,63.7,27.5,28.4,25.7,0.0
2023-11-02 13:00:00,17.4,45.0,64.7,25.9,28.8,25.9,0.0
2023-11-02 14:00:00,17.5,45.0,62.8,25.9,28.8,26.0,0.0
2023-11-02 15:00:00,18.2,45.0,60.7,25.8,28.7,25.9,0.0
2023-11-02 16:00:00,16.8,45.0,60.8,25.7,40.5,25.9,0.0
2023-11-02 17:00:00,16.1,45.0,60.1,25.6,28.4,25.6,0.0
2023-11-02 18:00:00,15.5,45.0,58.7,25.4,28.1,25.4,0.0
2023-11-02 19:00:00,15.0,45.0,56.4,25.1,27.9,25.2,0.0
2023-11-02 20:00:00,14.3,44.0,72.9,42.7,45.1,32.7,232.0
2023-11-02 21:00:00,13.8,44.0,71.8,40.2,44.0,37.1,290.0
2023-11-02 22:00:00,13.9,44.0,75.8,39.1,39.2,36.7,222.0
2023-11-02 23:00:00,13.9,44.0,73.9,32.9,33.2,30.5,0.0
2023-11-03 00:00:00,13.9,44.0,71.9,28.1,37.4,27.0,0.0
2023-11-03 01:00:00,13.6,44.0,69.8,26.1,28.7,25.9,0.0
2023-11-03 02:00:00,12.9,44.0,69.1,25.6,28.2,25.5,0.0
2023-11-03 03:00:00,13.8,44.0,69.5,25.4,28.2,25.4,0.0
2023-11-03 04:00:00,15.0,44.0,69.3,25.3,28.0,25.2,0.0
2023-11-03 05:00:00,14.2,44.0,68.0,25.1,27.7,25.0,0.0
2023-11-03 06:00:00,14.2,44.0,67.8,25.1,35.3,25.2,0.0
2023-11-03 07:00:00,14.5,44.0,72.9,40.2,44.1,37.2,473.0
2023-11-03 08:00:00,15.7,44.0,71.8,39.5,43.5,36.6,280.0
2023-11-03 09:00:00,16.8,44.0,62.7,37.8,34.9,32.7,121.0
2023-11-03 10:00:00,19.8,44.0,66.2,31.8,30.3,27.7,0.0
2023-11-03 11:00:00,21.6,44.0,64.9,27.4,28.8,26.3,0.0
2023-11-03 12:00:00,21.7,44.0,29.9,32.5,31.7,26.4,0.0
2023-11-03 13:00:00,22.1,44.0,31.4,30.3,30.8,26.1,0.0
2023-11-03 14:00:00,21.8,44.0,31.5,26.5,29.6,26.0,0.0
2023-11-03 15:00:00,19.9,44.0,30.6,26.2,29.3,25.8,0.0
2023-11-03 16:00:00,19.8,44.0,30.6,26.2,29.3,25.8,0.0
2023-11-03 17:00:00,19.8,44.0,32.6,25.9,30.1,25.7,0.0
2023-11-03 18:00:00,17.5,44.0,37.1,25.3,34.3,25.3,0.0
2023-11-03 19:00:00,17.3,44.0,42.6,25.1,28.6,24.3,0.0
2023-11-03 20:00:00,16.7,43.0,58.9,33.3,35.4,25.5,69.0
2023-11-03 21:00:00,16.7,44.0,69.1,39.5,35.4,33.2,262.0
2023-11-03 22:00:00,16.1,44.0,74.0,29.7,43.6,28.8,0.0
2023-11-03 23:00:00,15.4,44.0,66.8,28.8,49.0,28.8,0.0
2023-11-04 00:00:00,15.6,44.0,58.6,28.6,43.7,28.9,0.0
2023-11-04 01:00:00,15.7,44.0,59.1,28.5,45.4,28.6,0.0
2023-11-04 02:00:00,16.1,44.0,51.9,28.2,41.4,28.6,0.0
2023-11-04 03:00:00,16.8,44.0,55.1,28.1,43.6,27.9,0.0
2023-11-04 04:00:00,16.5,44.0,56.0,27.8,44.6,27.2,0.0
2023-11-04 05:00:00,15.8,44.0,54.8,27.5,44.5,27.5,0.0
2023-11-04 06:00:00,15.8,44.0,78.4,40.2,42.2,26.2,104.0
2023-11-04 07:00:00,15.2,44.0,60.7,39.7,35.1,32.8,244.0
2023-11-04 08:00:00,15.1,44.0,86.7,34.2,36.1,33.5,137.0
2023-11-04 09:00:00,14.6,44.0,85.6,29.9,59.3,29.6,0.0
2023-11-04 10:00:00,14.9,44.0,74.0,29.6,50.8,29.7,0.0
2023-11-04 11:00:00,15.2,44.0,64.2,29.3,45.0,29.7,0.0
2023-11-04 12:00:00,15.2,44.0,63.4,29.1,47.2,29.6,0.0
2023-11-04 13:00:00,15.4,44.0,55.3,28.7,42.5,28.9,0.0
2023-11-04 14:00:00,15.3,44.0,58.3,28.5,43.8,28.1,0.0
2023-11-04 15:00:00,15.4,44.0,59.2,28.3,44.0,27.2,0.0
2023-11-04 16:00:00,14.4,44.0,58.4,27.9,43.9,26.8,0.0
2023-11-04 17:00:00,13.9,44.0,57.0,27.5,43.7,26.4,0.0
2023-11-04 18:00:00,12.6,44.0,54.8,27.1,43.1,26.1,0.0
2023-11-04 19:00:00,12.4,45.0,63.2,36.6,37.8,25.1,90.0
2023-11-04 20:00:00,11.5,45.4,96.3,40.1,45.8,38.0,397.0
2023-11-04 21:00:00,10.9,45.9,98.9,40.2,41.2,38.0,271.0
2023-11-04 22:00:00,9.9,46.8,66.4,39.0,38.6,36.3,200.0
2023-11-04 23:00:00,9.6,47.1,53.2,37.6,37.7,35.0,0.0
2023-11-05 00:00:00,10.0,46.6,55.7,33.6,33.4,29.1,0.0
2023-11-05 01:00:00,9.8,46.8,53.0,28.7,29.3,26.7,0.0
2023-11-05 02:00:00,10.7,46.1,50.4,27.2,28.5,25.9,0.0
2023-11-05 03:00:00,10.1,46.6,51.8,26.1,29.1,25.6,0.0
2023-11-05 04:00:00,9.8,46.8,52.6,25.2,31.1,25.2,0.0
2023-11-05 05:00:00,10.8,46.0,53.6,24.3,34.1,24.5,0.0
2023-11-05 06:00:00,11.6,45.3,53.4,50.2,54.7,25.1,0.0
2023-11-05 07:00:00,12.9,45.0,73.7,41.7,45.5,38.1,418.0
2023-11-05 08:00:00,15.6,44.0,67.1,37.0,36.1,33.6,143.0
2023-11-05 09:00:00,16.2,44.0,64.7,31.7,39.8,31.3,0.0
2023-11-05 10:00:00,17.1,44.0,60.6,30.8,48.6,30.2,0.0
2023-11-05 11:00:00,17.6,44.0,54.0,30.1,42.6,29.9,0.0
2023-11-05 12:00:00,17.8,44.0,54.0,29.5,44.8,28.3,0.0
2023-11-05 13:00:00,18.9,44.0,52.9,28.9,43.9,27.6,0.0
2023-11-05 14:00:00,19.3,44.0,51.8,27.8,44.0,26.6,0.0
2023-11-05 15:00:00,19.2,44.0,49.9,26.9,43.6,26.2,0.0
2023-11-05 16:00:00,19.1,44.0,49.5,26.6,43.5,26.1,0.0
2023-11-05 17:00:00,18.6,44.0,49.1,26.5,43.8,25.9,0.0
2023-11-05 18:00:00,18.6,44.0,48.6,26.3,43.9,25.5,0.0
2023-11-05 19:00:00,18.1,44.0,47.3,26.1,43.5,25.2,0.0
2023-11-05 20:00:00,17.0,44.0,47.0,26.1,43.1,24.9,0.0
2023-11-05 21:00:00,16.6,43.0,60.7,41.3,43.9,35.6,338.0
2023-11-05 22:00:00,16.0,43.0,69.6,37.9,37.7,35.3,203.0
2023-11-05 23:00:00,15.9,43.0,62.8,32.1,35.4,31.4,0.0
2023-11-06 00:00:00,15.2,43.0,58.0,28.2,37.4,27.3,0.0
2023-11-06 01:00:00,14.5,43.0,55.1,26.1,27.6,25.0,0.0
2023-11-06 02:00:00,14.1,43.0,57.1,24.8,27.4,24.7,0.0
2023-11-06 03:00:00,14.2,43.0,59.5,24.9,27.7,25.0,0.0
2023-11-06 04:00:00,13.6,43.0,54.9,25.1,27.9,25.2,0.0
2023-11-06 05:00:00,12.7,43.0,55.2,25.1,27.8,25.1,0.0
2023-11-06 06:00:00,12.0,45.0,74.7,40.8,42.9,28.4,139.0
2023-11-06 07:00:00,12.0,45.0,74.7,41.3,45.3,37.9,374.0
2023-11-06 08:00:00,14.0,45.0,68.1,40.3,37.6,35.4,187.0
2023-11-06 09:00:00,16.3,45.0,69.1,32.0,30.8,28.3,0.0
2023-11-06 10:00:00,18.4,45.0,67.1,27.6,28.9,26.3,0.0
2023-11-06 11:00:00,19.3,45.0,66.0,26.3,28.2,25.6,0.0
2023-11-06 12:00:00,19.7,45.0,64.4,25.4,28.0,25.4,0.0
2023-11-06 13:00:00,20.0,45.0,62.7,25.3,27.9,25.2,0.0
2023-11-06 14:00:00,19.8,45.0,56.7,25.4,29.8,25.4,0.0
2023-11-06 15:00:00,19.8,45.0,50.6,25.4,29.8,25.6,0.0
2023-11-06 16:00:00,18.4,45.0,46.0,25.4,29.5,25.7,0.0
2023-11-06 17:00:00,16.5,45.0,42.3,25.4,29.2,25.7,0.0
2023-11-06 18:00:00,15.7,45.0,39.2,25.3,28.6,25.8,0.0
2023-11-06 19:00:00,13.9,45.0,36.8,25.2,28.4,25.8,0.0
2023-11-06 20:00:00,12.9,44.0,55.7,37.0,34.3,24.6,59.0
2023-11-06 21:00:00,12.6,44.0,69.9,40.5,44.0,37.3,396.0
2023-11-06 22:00:00,11.4,44.6,69.0,38.8,45.2,36.4,206.0
2023-11-06 23:00:00,10.8,45.2,62.3,35.6,37.9,35.5,0.0
2023-11-07 00:00:00,10.1,45.9,56.7,34.0,41.3,34.9,0.0
2023-11-07 01:00:00,9.8,46.2,53.8,32.8,42.1,34.7,0.0
2023-11-07 02:00:00,9.4,46.6,51.8,32.0,42.1,33.8,0.0
2023-11-07 03:00:00,9.0,47.0,49.8,31.2,41.7,33.3,0.0
2023-11-07 04:00:00,8.6,47.4,47.4,30.5,40.7,32.8,0.0
2023-11-07 05:00:00,8.0,48.0,45.7,29.9,39.7,32.2,0.0
2023-11-07 06:00:00,7.8,44.6,70.2,38.3,39.7,25.9,101.0
2023-11-07 07:00:00,8.5,44.0,79.6,39.8,44.1,37.1,379.0
2023-11-07 08:00:00,10.1,42.6,77.6,38.8,43.1,36.1,230.0
2023-11-07 09:00:00,11.9,41.1,70.0,37.2,41.1,35.0,196.0
2023-11-07 10:00:00,13.5,41.0,67.0,35.1,35.2,32.7,132.0
2023-11-07 11:00:00,15.0,41.0,64.4,31.7,49.4,31.5,0.0
2023-11-07 12:00:00,16.7,41.0,58.1,31.2,44.2,31.1,0.0
2023-11-07 13:00:00,16.8,41.0,52.2,30.6,40.6,30.9,0.0
2023-11-07 14:00:00,17.7,41.0,56.6,30.1,29.6,25.0,0.0
2023-11-07 15:00:00,18.0,41.0,56.2,25.2,46.1,24.9,0.0
2023-11-07 16:00:00,15.6,41.0,51.0,25.2,42.5,25.0,0.0
2023-11-07 17:00:00,14.4,41.0,46.3,25.3,39.2,25.1,0.0
2023-11-07 18:00:00,15.6,41.0,49.3,25.5,41.7,25.3,0.0
2023-11-07 19:00:00,14.3,41.0,46.6,25.5,40.8,25.3,0.0
2023-11-07 20:00:00,14.1,41.0,45.4,25.5,40.2,25.2,0.0
2023-11-07 21:00:00,15.2,43.0,71.8,40.5,44.1,36.6,376.0
2023-11-07 22:00:00,14.8,43.0,67.0,37.0,42.1,35.3,166.0
2023-11-07 23:00:00,14.1,43.0,63.5,34.5,41.8,33.0,0.0
2023-11-08 00:00:00,13.9,43.0,61.6,30.0,43.8,29.9,0.0
2023-11-08 01:00:00,13.4,43.0,58.5,28.4,47.2,29.2,0.0
2023-11-08 02:00:00,13.3,43.0,52.5,28.2,41.2,29.5,0.0
2023-11-08 03:00:00,13.7,43.0,51.1,28.0,43.1,29.0,0.0
2023-11-08 04:00:00,13.1,43.0,52.3,28.0,43.7,28.9,0.0
2023-11-08 05:00:00,12.7,43.0,49.8,28.0,43.1,28.5,0.0
2023-11-08 06:00:00,12.6,45.0,68.3,39.7,42.3,30.7,192.0
2023-11-08 07:00:00,12.8,45.0,74.0,41.4,45.2,37.8,338.0
2023-11-08 08:00:00,12.6,45.0,73.3,40.8,44.7,37.3,249.0
2023-11-08 09:00:00,12.3,42.0,72.8,38.5,42.4,37.0,238.0
2023-11-08 10:00:00,12.0,42.0,73.8,37.2,41.4,35.1,174.0
2023-11-08 11:00:00,11.9,42.0,73.2,37.2,41.4,35.1,197.0
2023-11-08 12:00:00,11.9,42.0,73.7,37.6,41.8,35.2,197.0
2023-11-08 13:00:00,12.1,42.0,73.8,37.7,41.9,35.4,206.0
2023-11-08 14:00:00,12.3,42.0,74.1,37.8,42.0,35.4,202.0
2023-11-08 15:00:00,11.9,42.0,73.0,37.8,42.0,35.5,201.0
2023-11-08 16:00:00,11.8,42.1,73.8,37.8,42.0,35.5,202.0
2023-11-08 17:00:00,11.5,42.4,73.0,37.9,42.1,35.6,201.0
2023-11-08 18:00:00,10.8,43.0,73.1,38.0,42.2,35.7,202.0
2023-11-08 19:00:00,9.6,44.0,73.5,40.2,44.3,36.3,229.0
2023-11-08 20:00:00,9.5,44.1,66.4,40.1,42.9,36.7,229.0
2023-11-08 21:00:00,9.0,44.2,73.3,41.7,45.2,37.5,269.0
2023-11-08 22:00:00,9.2,44.2,73.5,39.8,42.1,37.0,221.0
2023-11-08 23:00:00,9.0,44.2,68.6,32.6,38.5,30.5,0.0
2023-11-09 00:00:00,8.9,44.2,65.4,28.5,29.8,27.3,0.0
2023-11-09 01:00:00,7.9,44.7,62.5,26.9,38.4,26.3,0.0
2023-11-09 02:00:00,7.6,44.8,59.9,25.7,37.2,25.4,0.0
2023-11-09 03:00:00,6.8,45.2,58.0,25.0,36.9,24.7,0.0
2023-11-09 04:00:00,6.0,45.5,56.0,24.6,38.2,24.2,0.0
2023-11-09 05:00:00,5.5,45.7,54.1,24.3,38.3,23.9,0.0
2023-11-09 06:00:00,5.6,45.9,79.9,35.7,40.4,24.8,61.0
2023-11-09 07:00:00,5.1,46.5,81.2,42.6,47.0,38.6,469.0
2023-11-09 08:00:00,6.1,45.5,80.2,41.3,45.6,37.9,279.0
2023-11-09 09:00:00,6.8,44.9,77.7,40.8,44.9,37.5,262.0
2023-11-09 10:00:00,8.6,43.2,77.8,39.1,43.4,36.8,241.0
2023-11-09 11:00:00,8.7,43.1,77.6,38.1,42.4,35.8,212.0
2023-11-09 12:00:00,9.3,42.5,77.5,38.0,42.5,35.7,216.0
2023-11-09 13:00:00,10.3,41.6,76.1,37.7,42.1,35.4,208.0
2023-11-09 14:00:00,10.5,41.4,69.2,37.0,41.0,34.9,186.0
2023-11-09 15:00:00,11.1,40.8,67.7,33.5,32.9,30.4,72.0
2023-11-09 16:00:00,10.2,41.6,65.7,30.5,34.6,26.9,0.0
2023-11-09 17:00:00,9.6,44.2,77.0,42.8,46.3,36.1,324.0
2023-11-09 18:00:00,8.7,44.6,77.2,39.7,44.0,36.9,247.0
2023-11-09 19:00:00,7.9,45.1,80.1,43.6,47.0,37.4,256.0
2023-11-09 20:00:00,7.3,45.4,66.9,40.7,43.8,37.5,249.0
2023-11-09 21:00:00,7.2,45.4,76.8,39.6,40.4,37.7,238.0
2023-11-09 22:00:00,6.7,45.6,88.1,42.3,41.6,38.5,272.0
2023-11-09 23:00:00,6.5,45.8,86.4,32.8,33.2,30.6,0.0
2023-11-10 00:00:00,6.9,45.6,81.6,28.7,30.2,27.5,0.0
2023-11-10 01:00:00,6.1,46.0,75.8,26.6,28.9,26.2,0.0
2023-11-10 02:00:00,5.1,46.6,71.8,25.7,28.3,25.6,0.0
2023-11-10 03:00:00,5.9,46.1,70.3,25.3,39.3,25.3,0.0
2023-11-10 04:00:00,6.6,45.7,68.2,24.9,27.6,24.9,0.0
2023-11-10 05:00:00,7.5,45.2,51.3,33.4,35.2,26.1,89.0
2023-11-10 06:00:00,7.5,45.3,69.0,41.2,44.4,38.0,376.0
2023-11-10 07:00:00,8.2,44.9,81.1,40.9,45.4,37.7,276.0
2023-11-10 08:00:00,9.5,44.2,79.1,40.4,44.7,37.2,254.0
2023-11-10 09:00:00,9.4,41.4,77.7,36.5,40.9,34.7,182.0
2023-11-10 10:00:00,11.9,40.0,66.3,36.8,40.1,30.9,113.0
2023-11-10 11:00:00,12.9,40.0,66.9,31.3,38.0,30.2,57.0
2023-11-10 12:00:00,13.9,40.0,62.0,30.3,45.0,29.9,0.0
2023-11-10 13:00:00,14.8,40.0,55.6,30.0,40.6,29.9,0.0
2023-11-10 14:00:00,14.7,40.0,50.2,29.7,37.9,29.7,0.0
2023-11-10 15:00:00,14.5,40.0,48.3,29.3,39.3,29.0,0.0
2023-11-10 16:00:00,14.0,40.0,47.1,29.0,39.3,28.5,0.0
2023-11-10 17:00:00,12.2,40.0,46.1,28.6,38.6,27.7,0.0
2023-11-10 18:00:00,11.7,40.1,44.2,28.3,37.9,27.4,0.0
2023-11-10 19:00:00,11.9,40.0,41.8,27.9,36.9,27.3,0.0
2023-11-10 20:00:00,11.8,45.0,50.3,31.7,32.9,24.1,60.0
2023-11-10 21:00:00,11.7,46.1,70.2,43.8,46.9,38.4,427.0
2023-11-10 22:00:00,11.4,45.3,67.0,57.8,51.8,36.9,233.0
2023-11-10 23:00:00,11.5,45.2,60.8,40.3,38.1,35.2,0.0
2023-11-11 00:00:00,11.2,45.3,55.1,37.3,31.7,29.4,0.0
2023-11-11 01:00:00,11.0,45.4,51.8,34.2,30.0,27.5,0.0
2023-11-11 02:00:00,11.1,45.3,48.4,30.7,29.2,26.7,0.0
2023-11-11 03:00:00,11.3,45.3,46.0,29.0,27.9,25.3,0.0
2023-11-11 04:00:00,11.7,45.1,44.9,27.5,27.3,24.7,0.0
2023-11-11 05:00:00,11.0,45.4,44.3,26.2,26.8,24.4,0.0
2023-11-11 06:00:00,11.2,46.2,58.8,35.3,35.8,24.7,67.0
2023-11-11 07:00:00,11.1,46.2,71.1,43.9,46.8,38.8,435.0
2023-11-11 08:00:00,11.8,45.0,67.7,41.2,44.7,36.9,244.0
2023-11-11 09:00:00,12.6,45.0,68.7,42.7,45.8,37.8,273.0
2023-11-11 10:00:00,14.5,45.0,61.5,37.8,35.7,33.5,138.0
2023-11-11 11:00:00,14.3,45.0,60.7,33.5,34.6,32.3,98.0
2023-11-11 12:00:00,13.8,45.0,54.2,32.3,34.2,31.8,0.0
2023-11-11 13:00:00,14.4,42.0,67.1,40.9,43.7,35.7,273.0
2023-11-11 14:00:00,14.5,42.0,64.1,33.1,37.2,31.4,52.0
2023-11-11 15:00:00,14.2,42.0,61.6,28.1,29.3,26.7,0.0
2023-11-11 16:00:00,13.4,42.0,42.3,36.9,38.6,34.6,262.0
2023-11-11 17:00:00,12.6,42.0,67.3,38.8,42.4,36.0,239.0
2023-11-11 18:00:00,12.3,42.0,62.1,38.2,41.3,35.0,190.0
2023-11-11 19:00:00,10.9,42.8,61.5,39.4,42.4,35.5,217.0
2023-11-11 20:00:00,10.5,43.2,66.9,39.6,42.8,36.1,234.0
2023-11-11 21:00:00,9.6,44.0,70.2,41.7,44.9,36.8,242.0
2023-11-11 22:00:00,9.5,45.4,66.2,41.3,40.6,38.0,257.0
2023-11-11 23:00:00,9.3,45.5,64.2,32.8,36.9,31.7,0.0
2023-11-12 00:00:00,8.1,46.2,63.8,30.6,38.4,27.7,0.0
2023-11-12 01:00:00,7.5,46.5,61.5,26.7,27.6,25.2,0.0
2023-11-12 02:00:00,5.9,47.4,58.1,25.3,36.6,25.2,0.0
2023-11-12 03:00:00,5.4,47.8,55.7,24.5,36.5,24.8,0.0
2023-11-12 04:00:00,5.9,47.4,54.1,24.1,37.8,24.2,0.0
2023-11-12 05:00:00,6.0,47.4,53.9,24.1,25.8,23.3,0.0
2023-11-12 06:00:00,5.4,46.1,57.9,32.2,34.7,25.0,81.0
2023-11-12 07:00:00,6.1,45.9,78.0,42.4,46.4,38.4,433.0
2023-11-12 08:00:00,6.5,45.8,70.8,42.8,45.9,37.4,267.0
2023-11-12 09:00:00,7.5,45.4,66.8,41.2,44.5,37.6,276.0
2023-11-12 10:00:00,8.2,45.2,73.3,42.4,45.8,37.8,277.0
2023-11-12 11:00:00,9.2,44.9,62.1,41.8,43.8,37.3,257.0
2023-11-12 12:00:00,10.2,44.5,70.2,41.7,44.7,37.5,262.0
2023-11-12 13:00:00,10.4,44.5,68.8,41.7,44.9,36.9,241.0
2023-11-12 14:00:00,10.3,44.5,65.0,41.1,44.2,37.0,253.0
2023-11-12 15:00:00,10.5,44.4,68.3,41.4,44.4,37.4,252.0
2023-11-12 16:00:00,9.9,44.6,66.3,41.2,44.6,37.3,246.0
2023-11-12 17:00:00,9.7,44.7,68.4,41.6,45.1,37.2,248.0
2023-11-12 18:00:00,9.4,44.8,72.2,41.3,44.9,37.6,253.0
2023-11-12 19:00:00,8.9,45.0,64.8,40.9,44.4,37.4,246.0
2023-11-12 20:00:00,8.5,45.1,74.7,41.8,45.6,37.8,265.0
2023-11-12 21:00:00,8.0,45.3,71.6,41.8,45.8,37.6,251.0
2023-11-12 22:00:00,8.1,45.2,70.5,40.4,44.3,37.9,232.0
2023-11-12 23:00:00,6.9,45.6,64.8,37.0,42.8,34.4,0.0
2023-11-13 00:00:00,7.9,45.3,64.5,30.6,36.6,29.7,0.0
2023-11-13 01:00:00,8.3,45.2,63.8,29.0,38.0,28.5,0.0
2023-11-13 02:00:00,7.5,45.4,62.0,28.1,37.9,28.4,0.0
2023-11-13 03:00:00,6.8,45.7,61.0,28.1,39.4,28.5,0.0
2023-11-13 04:00:00,5.7,46.0,59.2,28.5,40.7,28.6,0.0
2023-11-13 05:00:00,5.9,46.0,56.6,28.5,44.3,28.7,0.0
2023-11-13 06:00:00,5.0,46.3,71.6,38.0,39.8,24.8,63.0
2023-11-13 07:00:00,5.2,46.2,83.0,42.2,46.7,38.8,444.0
2023-11-13 08:00:00,6.8,45.7,82.6,41.2,45.8,37.8,274.0
2023-11-13 09:00:00,7.6,45.4,80.0,40.7,45.0,37.5,263.0
2023-11-13 10:00:00,8.8,45.0,79.2,40.5,44.8,37.3,255.0
2023-11-13 11:00:00,10.0,44.6,78.2,40.4,44.7,37.2,251.0
2023-11-13 12:00:00,10.6,43.6,72.8,39.3,43.2,36.6,227.0
2023-11-13 13:00:00,11.8,43.0,69.1,35.6,35.0,32.5,117.0
2023-11-13 14:00:00,11.8,43.1,66.8,30.6,50.0,30.2,0.0
2023-11-13 15:00:00,11.7,43.1,60.5,30.3,46.1,30.1,0.0
2023-11-13 16:00:00,10.6,43.6,64.7,35.2,35.3,25.0,33.0
2023-11-13 17:00:00,9.5,44.2,74.7,40.8,44.7,37.3,376.0
2023-11-13 18:00:00,8.3,46.3,75.2,42.0,45.8,37.2,259.0
2023-11-13 19:00:00,8.4,46.3,75.6,43.0,46.7,38.5,298.0
2023-11-13 20:00:00,8.1,46.5,64.0,42.7,46.0,38.1,269.0
2023-11-13 21:00:00,7.3,47.0,68.1,43.5,46.1,38.7,294.0
2023-11-13 22:00:00,6.8,47.4,78.5,56.1,49.6,39.3,284.0
2023-11-13 23:00:00,5.8,47.9,71.4,42.4,39.7,36.4,0.0
2023-11-14 00:00:00,5.4,48.2,67.2,36.4,34.4,31.7,0.0
2023-11-14 01:00:00,5.1,48.4,61.7,32.9,31.8,29.0,0.0
2023-11-14 02:00:00,4.9,48.5,60.5,29.9,30.2,27.4,0.0
2023-11-14 03:00:00,4.3,48.9,59.5,27.6,29.5,26.9,0.0
2023-11-14 04:00:00,5.6,48.1,61.7,26.4,32.8,26.3,0.0
2023-11-14 05:00:00,4.8,48.6,62.4,27.1,55.7,25.9,0.0
2023-11-14 06:00:00,4.6,48.7,75.0,43.1,45.1,32.1,232.0
2023-11-14 07:00:00,4.6,48.7,83.8,45.0,49.2,40.3,421.0
2023-11-14 08:00:00,6.7,47.4,81.2,43.7,47.8,39.4,315.0
2023-11-14 09:00:00,9.3,45.5,79.5,41.9,46.1,38.3,275.0
2023-11-14 10:00:00,11.0,44.5,75.3,40.5,44.5,37.4,251.0
2023-11-14 11:00:00,12.8,44.0,71.8,35.5,34.8,32.3,107.0
2023-11-14 12:00:00,14.9,44.0,72.2,43.1,43.7,28.1,84.0
2023-11-14 13:00:00,16.4,44.0,45.1,33.1,33.7,31.1,59.0
2023-11-14 14:00:00,16.5,44.0,42.4,31.7,33.1,30.5,0.0
2023-11-14 15:00:00,16.8,44.0,40.6,30.8,31.4,28.4,0.0
2023-11-14 16:00:00,15.7,44.0,40.3,28.7,29.2,26.4,0.0
2023-11-14 17:00:00,14.8,44.0,61.4,35.7,39.8,26.6,69.0
2023-11-14 18:00:00,13.7,44.0,68.7,41.3,44.6,37.4,380.0
2023-11-14 19:00:00,13.0,44.0,69.2,40.9,44.5,36.9,246.0
2023-11-14 20:00:00,11.1,44.5,68.9,42.1,44.9,36.6,238.0
2023-11-14 21:00:00,9.8,45.2,68.2,42.5,45.3,37.4,263.0
2023-11-14 22:00:00,9.2,45.6,82.2,41.3,41.2,38.5,283.0
2023-11-14 23:00:00,9.8,45.2,71.4,33.6,39.6,32.0,0.0
2023-11-15 00:00:00,9.5,45.4,66.4,31.8,52.3,31.2,0.0
2023-11-15 01:00:00,9.3,45.5,58.9,31.4,46.3,31.1,0.0
2023-11-15 02:00:00,11.7,44.1,53.1,31.0,43.5,30.8,0.0
2023-11-15 03:00:00,12.6,44.0,51.3,30.5,42.4,30.0,0.0
2023-11-15 04:00:00,11.8,44.1,56.4,30.2,45.0,28.4,0.0
2023-11-15 05:00:00,11.9,44.0,56.8,29.1,27.6,24.9,0.0
2023-11-15 06:00:00,12.4,44.0,69.5,39.9,41.7,28.5,146.0
2023-11-15 07:00:00,13.0,44.0,68.3,41.1,44.6,37.2,335.0
2023-11-15 08:00:00,12.8,44.0,67.5,40.6,43.8,36.6,243.0
2023-11-15 09:00:00,11.9,44.0,69.1,40.8,44.3,36.9,245.0
2023-11-15 10:00:00,12.2,44.0,70.1,40.8,44.5,37.1,250.0
2023-11-15 11:00:00,12.2,44.0,70.4,40.8,44.3,36.9,242.0
2023-11-15 12:00:00,12.7,44.0,69.2,40.9,44.3,37.2,247.0
2023-11-15 13:00:00,13.0,44.0,69.5,40.9,44.3,37.1,235.0
2023-11-15 14:00:00,12.6,43.0,68.8,39.2,42.8,36.3,207.0
2023-11-15 15:00:00,11.9,43.0,68.8,38.9,42.6,36.0,207.0
2023-11-15 16:00:00,11.2,43.5,73.1,39.7,43.7,36.6,229.0
2023-11-15 17:00:00,10.9,43.7,71.9,39.9,43.7,36.9,229.0
2023-11-15 18:00:00,10.5,44.0,71.7,39.7,43.5,36.6,221.0
2023-11-15 19:00:00,10.4,44.1,75.7,40.0,44.0,36.7,227.0
2023-11-15 20:00:00,10.3,44.2,68.2,41.3,43.8,36.6,224.0
2023-11-15 21:00:00,10.4,44.1,67.6,40.3,44.1,37.2,239.0
2023-11-15 22:00:00,10.2,44.2,73.0,41.2,39.8,37.3,231.0
2023-11-15 23:00:00,9.9,44.5,63.2,35.8,35.0,31.8,0.0
2023-11-16 00:00:00,10.0,44.5,59.9,33.3,34.0,31.3,0.0
2023-11-16 01:00:00,9.78,44.64,57.8,31.72,32.64,29.96,0.0
2023-11-16 02:00:00,9.56,44.78,55.7,30.14,31.28,28.62,0.0
2023-11-16 03:00:00,9.34,44.92,53.6,28.56,29.92,27.28,0.0
2023-11-16 04:00:00,9.12,45.06,51.5,26.98,28.56,25.94,0.0
2023-11-16 05:00:00,8.9,45.2,49.4,25.4,27.2,24.6,0.0
2023-11-16 06:00:00,7.9,44.5,65.9,37.1,38.8,26.1,101.0
2023-11-16 07:00:00,8.0,44.4,79.6,40.6,44.9,37.5,382.0
2023-11-16 08:00:00,8.2,44.2,76.9,39.7,43.8,36.7,241.0
2023-11-16 09:00:00,9.9,42.8,77.0,39.1,43.4,36.5,237.0
2023-11-16 10:00:00,11.2,43.4,75.0,38.7,43.0,35.8,215.0
2023-11-16 11:00:00,12.1,43.0,69.0,35.2,34.4,32.0,111.0
2023-11-16 12:00:00,12.3,43.0,62.0,35.2,33.7,31.5,141.0
2023-11-16 13:00:00,13.1,43.0,51.9,34.4,33.7,31.1,0.0
2023-11-16 14:00:00,12.5,43.0,59.3,28.2,29.4,28.0,50.0
2023-11-16 15:00:00,11.6,43.2,57.4,27.3,45.7,27.1,0.0
2023-11-16 16:00:00,10.8,43.6,39.3,29.0,30.8,25.0,0.0
2023-11-16 17:00:00,9.3,44.5,74.4,41.6,45.3,37.6,396.0
2023-11-16 18:00:00,8.9,45.2,74.4,40.6,44.5,37.2,250.0
2023-11-16 19:00:00,8.1,45.7,75.3,41.4,45.3,37.4,257.0
2023-11-16 20:00:00,8.3,45.6,66.9,41.7,44.7,37.8,261.0
2023-11-16 21:00:00,8.8,45.3,73.8,42.3,45.6,38.1,270.0
2023-11-16 22:00:00,8.7,45.4,71.7,41.3,50.5,37.6,242.0
2023-11-16 23:00:00,8.6,45.4,65.0,37.3,41.8,36.1,0.0
2023-11-17 00:00:00,8.6,45.4,66.3,31.2,38.8,29.5,0.0
2023-11-17 01:00:00,8.1,45.7,66.4,27.5,38.9,27.8,0.0
2023-11-17 02:00:00,8.3,45.6,64.2,27.6,40.7,28.8,0.0
2023-11-17 03:00:00,8.0,45.7,61.2,27.4,45.9,27.3,0.0
2023-11-17 04:00:00,7.9,45.9,59.4,27.3,51.7,27.1,0.0
2023-11-17 05:00:00,8.0,45.9,53.2,27.2,47.0,27.2,0.0
2023-11-17 06:00:00,8.1,47.3,82.1,43.3,45.1,29.6,185.0
2023-11-17 07:00:00,8.5,47.0,82.6,43.0,47.4,39.1,395.0
2023-11-17 08:00:00,8.9,46.6,82.1,42.5,46.8,38.6,287.0
2023-11-17 09:00:00,9.8,45.5,80.7,42.0,46.2,38.5,288.0
2023-11-17 10:00:00,10.7,44.9,78.0,40.7,44.8,37.7,247.0
2023-11-17 11:00:00,12.7,43.5,66.9,39.0,42.6,36.4,211.0
2023-11-17 12:00:00,13.4,43.5,63.6,33.1,38.2,31.7,0.0
2023-11-17 13:00:00,13.9,43.5,61.4,31.4,48.4,30.4,0.0
2023-11-17 14:00:00,14.0,43.5,56.4,30.5,46.3,29.6,0.0
2023-11-17 15:00:00,11.8,43.6,70.6,41.5,43.8,32.0,186.0
2023-11-17 16:00:00,10.7,44.5,75.2,41.1,45.1,37.5,319.0
2023-11-17 17:00:00,10.2,44.9,75.3,41.1,45.1,37.6,253.0
2023-11-17 18:00:00,10.1,44.9,73.2,40.8,44.7,37.4,243.0
2023-11-17 19:00:00,10.3,44.8,73.3,40.8,44.7,37.3,241.0
2023-11-17 20:00:00,9.4,45.5,68.1,41.5,45.2,37.4,241.0
2023-11-17 21:00:00,8.9,45.9,74.1,43.7,46.2,38.6,284.0
2023-11-17 22:00:00,7.8,46.8,73.8,44.6,48.3,38.3,260.0
2023-11-17 23:00:00,7.7,46.8,66.2,33.7,38.2,31.7,0.0
2023-11-18 00:00:00,7.5,47.1,64.6,31.5,47.0,31.0,0.0
2023-11-18 01:00:00,6.6,47.7,60.3,30.5,50.1,29.3,0.0
2023-11-18 02:00:00,5.7,48.4,55.1,29.8,46.6,29.2,0.0
2023-11-18 03:00:00,5.8,48.3,55.3,28.8,47.2,28.0,0.0
2023-11-18 04:00:00,5.5,48.6,52.3,27.9,46.1,27.3,0.0
2023-11-18 05:00:00,5.2,48.8,52.2,27.4,45.9,26.8,0.0
2023-11-18 06:00:00,5.2,46.3,86.0,44.6,46.9,29.8,190.0
2023-11-18 07:00:00,4.8,46.6,80.7,42.2,46.4,38.6,387.0
2023-11-18 08:00:00,4.8,46.6,78.7,44.3,47.8,38.3,289.0
2023-11-18 09:00:00,4.6,46.8,81.3,42.5,46.8,38.6,302.0
2023-11-18 10:00:00,4.8,47.1,81.8,43.2,47.5,38.2,286.0
2023-11-18 11:00:00,5.1,46.9,82.0,43.0,47.3,38.9,309.0
2023-11-18 12:00:00,5.5,46.6,80.4,42.6,47.0,38.6,288.0
2023-11-18 13:00:00,5.5,46.6,80.4,42.4,46.5,38.4,283.0
2023-11-18 14:00:00,5.8,46.3,78.9,42.3,46.4,38.4,279.0
2023-11-18 15:00:00,6.0,46.2,73.9,42.6,46.5,37.9,260.0
2023-11-18 16:00:00,5.9,46.3,76.1,42.4,46.2,38.4,287.0
2023-11-18 17:00:00,5.7,46.4,64.8,43.1,45.6,38.1,267.0
2023-11-18 18:00:00,5.5,46.6,74.0,42.3,46.4,38.7,290.0
2023-11-18 19:00:00,5.5,46.6,72.6,43.5,47.6,38.7,277.0
2023-11-18 20:00:00,5.3,46.7,70.3,44.2,46.8,38.3,279.0
2023-11-18 21:00:00,5.5,46.6,69.1,42.9,45.7,38.9,292.0
2023-11-18 22:00:00,5.2,46.8,73.2,43.7,46.7,38.5,282.0
2023-11-18 23:00:00,4.9,47.0,70.1,35.4,34.3,31.7,69.0
2023-11-19 00:00:00,4.7,47.2,68.5,31.3,55.7,30.8,0.0
2023-11-19 01:00:00,4.4,47.4,60.3,30.6,48.4,30.7,0.0
2023-11-19 02:00:00,3.8,47.9,61.7,29.9,49.3,29.7,0.0
2023-11-19 03:00:00,4.0,47.8,57.2,29.2,47.1,28.1,0.0
2023-11-19 04:00:00,3.4,48.2,58.7,27.7,48.5,26.1,0.0
2023-11-19 05:00:00,3.4,48.2,56.5,26.1,48.8,25.3,0.0
2023-11-19 06:00:00,3.5,46.6,83.3,44.9,47.6,32.8,283.0
2023-11-19 07:00:00,3.7,46.3,68.0,41.6,44.5,38.0,337.0
2023-11-19 08:00:00,4.3,45.7,75.9,42.1,45.3,38.1,294.0
2023-11-19 09:00:00,5.7,44.6,66.4,40.4,43.5,36.6,247.0
2023-11-19 10:00:00,5.9,44.5,72.7,40.6,44.5,37.0,267.0
2023-11-19 11:00:00,6.8,44.7,72.6,41.7,44.7,36.6,253.0
2023-11-19 12:00:00,7.1,44.6,61.0,40.2,42.7,37.2,265.0
2023-11-19 13:00:00,7.3,44.4,71.1,41.5,44.8,36.6,253.0
2023-11-19 14:00:00,7.4,44.4,64.7,40.3,43.7,37.2,260.0
2023-11-19 15:00:00,7.0,44.6,72.8,42.8,45.4,36.9,255.0
2023-11-19 16:00:00,6.7,44.8,68.5,41.5,45.1,36.9,256.0
2023-11-19 17:00:00,6.8,43.0,72.2,38.8,42.6,36.1,229.0
2023-11-19 18:00:00,6.9,46.8,72.8,43.0,45.8,37.4,273.0
2023-11-19 19:00:00,6.5,46.9,79.5,43.1,47.1,39.0,315.0
2023-11-19 20:00:00,6.6,46.9,79.5,42.8,46.9,38.7,285.0
2023-11-19 21:00:00,6.4,47.0,79.7,42.9,47.0,38.8,284.0
2023-11-19 22:00:00,6.6,46.9,69.7,42.0,41.6,38.3,263.0
2023-11-19 23:00:00,5.8,47.4,69.5,37.4,45.1,36.1,0.0
2023-11-20 00:00:00,5.9,47.4,67.8,30.6,35.7,28.8,0.0
2023-11-20 01:00:00,5.3,47.7,65.2,28.0,34.2,27.4,0.0
2023-11-20 02:00:00,4.5,48.3,63.2,27.0,35.4,26.4,0.0
2023-11-20 03:00:00,4.2,48.6,62.3,26.3,36.3,27.0,0.0
2023-11-20 04:00:00,3.4,49.1,60.2,26.4,38.3,26.4,0.0
2023-11-20 05:00:00,2.5,49.7,37.3,27.5,35.4,26.5,0.0
2023-11-20 06:00:00,2.3,50.6,78.4,44.0,44.7,29.3,179.0
2023-11-20 07:00:00,2.3,50.6,85.0,47.8,51.7,41.2,481.0
2023-11-20 08:00:00,3.6,49.9,87.7,45.6,50.0,40.7,359.0
2023-11-20 09:00:00,5.1,48.9,86.1,43.9,48.5,39.3,311.0
2023-11-20 10:00:00,6.3,47.4,84.0,44.1,48.3,39.6,324.0
2023-11-20 11:00:00,8.1,46.6,82.3,42.1,46.6,38.5,282.0
2023-11-20 12:00:00,8.9,46.2,75.1,41.8,45.5,37.6,264.0
2023-11-20 13:00:00,9.5,46.0,75.5,42.0,45.8,37.9,275.0
2023-11-20 14:00:00,9.8,45.8,74.7,41.8,45.7,37.8,268.0
2023-11-20 15:00:00,9.5,46.0,75.5,42.0,46.0,37.9,268.0
2023-11-20 16:00:00,9.4,46.0,76.0,42.4,46.2,38.2,276.0
2023-11-20 17:00:00,8.1,46.5,79.0,43.1,47.2,38.6,279.0
2023-11-20 18:00:00,7.75,46.7,79.65,43.15,47.15,38.85,293.0
2023-11-20 19:00:00,7.4,46.9,80.3,43.2,47.1,39.1,293.0
2023-11-20 20:00:00,6.8,47.2,69.6,42.3,45.3,38.9,282.0
2023-11-20 21:00:00,6.1,45.7,71.0,42.5,45.3,37.8,244.0
2023-11-20 22:00:00,6.0,45.7,75.1,41.5,40.1,37.8,254.0
2023-11-20 23:00:00,5.4,46.2,69.6,33.7,35.9,31.7,0.0
2023-11-21 00:00:00,5.0,46.5,69.4,31.4,47.3,30.2,0.0
2023-11-21 01:00:00,4.9,46.5,63.9,30.0,49.4,28.9,0.0
2023-11-21 02:00:00,4.5,46.9,56.5,29.6,45.7,28.8,0.0
2023-11-21 03:00:00,3.7,47.6,58.5,28.7,47.7,27.4,0.0
2023-11-21 04:00:00,3.8,47.5,55.6,27.8,46.7,27.0,0.0
2023-11-21 05:00:00,4.4,47.0,54.5,27.3,46.2,26.6,0.0
2023-11-21 06:00:00,3.9,47.4,50.8,31.5,32.0,22.6,0.0
2023-11-21 07:00:00,4.8,46.8,86.4,42.6,47.3,39.0,502.0
2023-11-21 08:00:00,6.9,45.3,84.9,41.2,45.9,37.9,283.0
2023-11-21 09:00:00,8.6,44.0,82.4,40.2,44.8,37.2,257.0
2023-11-21 10:00:00,8.8,43.9,79.9,39.4,43.9,36.6,243.0
2023-11-21 11:00:00,9.3,43.4,81.4,39.4,44.0,36.5,244.0
2023-11-21 12:00:00,9.6,43.3,79.9,39.0,43.6,36.2,235.0
2023-11-21 13:00:00,10.4,42.7,79.8,38.8,43.2,36.3,234.0
2023-11-21 14:00:00,9.5,43.3,73.3,38.8,42.8,35.8,220.0
2023-11-21 15:00:00,9.0,43.7,74.7,39.4,43.5,36.2,236.0
2023-11-21 16:00:00,8.9,43.9,75.4,39.8,43.8,36.6,240.0
2023-11-21 17:00:00,9.0,43.7,75.6,39.9,44.0,36.6,53.0
2023-11-21 18:00:00,8.7,43.9,75.4,40.1,44.2,36.9,435.0
2023-11-21 19:00:00,8.5,44.0,75.4,40.1,44.2,36.9,113.0
2023-11-21 20:00:00,8.9,43.8,66.8,39.4,43.6,36.4,353.0
2023-11-21 21:00:00,8.8,43.9,65.7,39.9,43.2,36.4,72.0
2023-11-21 22:00:00,8.7,44.0,67.2,39.3,38.8,36.3,388.0
2023-11-21 23:00:00,8.7,44.0,63.0,35.4,36.1,31.5,0.0
2023-11-22 00:00:00,8.8,43.9,62.9,31.2,49.4,29.7,0.0
2023-11-22 01:00:00,8.6,44.0,57.0,30.4,45.0,29.0,0.0
2023-11-22 02:00:00,8.7,44.0,54.7,30.0,44.4,28.9,0.0
2023-11-22 03:00:00,8.6,44.0,52.6,29.2,43.0,27.7,0.0
2023-11-22 04:00:00,8.1,44.4,53.4,28.4,44.4,27.2,0.0
2023-11-22 05:00:00,8.3,44.3,55.8,24.3,25.6,23.0,0.0
2023-11-22 06:00:00,8.0,48.6,77.3,40.7,42.8,27.8,155.0
2023-11-22 07:00:00,8.1,48.5,83.6,45.0,49.3,40.1,453.0
2023-11-22 08:00:00,8.3,47.5,82.2,43.8,47.9,39.3,309.0
2023-11-22 09:00:00,8.5,47.2,82.3,43.2,47.4,39.0,303.0
2023-11-22 10:00:00,8.6,47.1,81.9,43.0,47.4,38.9,293.0
2023-11-22 11:00:00,8.7,47.1,78.2,46.8,40.9,38.3,272.0
2023-11-22 12:00:00,8.7,46.5,78.7,42.5,46.5,39.2,315.0
2023-11-22 13:00:00,8.9,46.4,78.1,41.8,45.9,38.0,262.0
2023-11-22 14:00:00,8.5,44.2,77.4,39.1,43.3,36.6,224.0
2023-11-22 15:00:00,8.7,44.1,78.2,39.8,44.1,36.8,238.0
2023-11-22 16:00:00,8.4,44.3,78.0,40.0,44.3,36.9,243.0
2023-11-22 17:00:00,8.6,44.2,76.0,41.0,44.9,36.9,225.0
2023-11-22 18:00:00,8.6,44.2,77.1,40.4,44.5,37.4,248.0
2023-11-22 19:00:00,8.6,44.2,77.5,40.3,44.7,37.2,243.0
2023-11-22 20:00:00,8.6,44.2,70.8,40.8,44.7,36.6,221.0
2023-11-22 21:00:00,8.6,44.2,69.3,40.3,43.8,37.2,250.0
2023-11-22 22:00:00,8.6,44.2,74.2,38.2,39.4,36.8,210.0
2023-11-22 23:00:00,8.6,44.2,69.1,33.8,35.4,31.7,0.0
2023-11-23 00:00:00,8.5,44.2,65.2,31.7,34.2,29.9,0.0
2023-11-23 01:00:00,8.3,44.4,62.6,27.7,38.2,26.7,0.0
2023-11-23 02:00:00,8.0,44.6,60.3,26.4,49.9,26.2,0.0
2023-11-23 03:00:00,7.7,44.9,53.9,26.5,43.9,26.4,0.0
2023-11-23 04:00:00,6.8,45.6,56.9,26.6,47.2,26.6,0.0
2023-11-23 05:00:00,6.1,46.1,56.4,25.3,25.5,23.0,0.0
2023-11-23 06:00:00,5.7,45.9,80.0,39.8,42.3,27.3,147.0
2023-11-23 07:00:00,5.5,46.6,84.9,42.5,47.1,39.0,419.0
2023-11-23 08:00:00,5.1,46.9,85.0,41.6,46.2,38.1,283.0
2023-11-23 09:00:00,4.9,47.0,85.1,42.6,47.4,38.6,296.0
2023-11-23 10:00:00,4.9,47.0,85.4,42.9,47.3,38.7,311.0
2023-11-23 11:00:00,4.9,47.1,84.7,42.9,47.4,38.9,301.0
2023-11-23 12:00:00,4.8,47.1,84.7,43.0,47.5,39.0,305.0
2023-11-23 13:00:00,5.2,46.8,84.8,42.4,47.0,38.9,299.0
2023-11-23 14:00:00,5.5,46.6,84.7,41.6,46.4,38.3,274.0
2023-11-23 15:00:00,5.1,46.9,83.6,42.4,47.1,38.6,287.0
2023-11-23 16:00:00,5.3,46.7,84.5,42.9,46.9,38.9,297.0
2023-11-23 17:00:00,5.2,46.8,85.0,41.8,46.4,38.4,274.0
2023-11-23 18:00:00,5.0,47.0,84.6,41.9,46.5,38.4,278.0
2023-11-23 19:00:00,5.1,46.9,85.9,42.0,46.7,38.5,278.0
2023-11-23 20:00:00,4.9,47.0,85.6,42.0,46.7,38.6,284.0
2023-11-23 21:00:00,5.1,46.8,76.2,44.1,47.6,38.3,275.0
2023-11-23 22:00:00,5.3,46.7,81.3,42.6,41.8,38.9,289.0
2023-11-23 23:00:00,5.3,46.7,78.8,33.3,33.1,30.4,0.0
2023-11-24 00:00:00,5.5,46.6,74.2,30.6,53.8,30.2,0.0
2023-11-24 01:00:00,5.8,46.4,64.6,30.2,46.9,30.2,0.0
2023-11-24 02:00:00,5.7,46.3,62.5,30.0,48.5,29.4,0.0
2023-11-24 03:00:00,5.8,46.3,54.7,29.5,45.0,29.0,0.0
2023-11-24 04:00:00,5.8,46.3,59.0,28.8,46.4,26.1,0.0
2023-11-24 05:00:00,6.0,46.2,57.7,27.5,46.4,25.5,0.0
2023-11-24 06:00:00,6.1,47.0,81.5,41.0,42.7,24.8,87.0
2023-11-24 07:00:00,6.2,46.9,84.0,42.6,47.0,38.7,467.0
2023-11-24 08:00:00,6.6,46.5,83.5,42.0,46.5,38.2,289.0
2023-11-24 09:00:00,7.8,45.5,83.3,41.6,46.1,38.1,284.0
2023-11-24 10:00:00,7.8,45.5,81.9,41.1,45.5,37.7,267.0
2023-11-24 11:00:00,8.4,44.9,81.2,40.9,45.4,37.6,267.0
2023-11-24 12:00:00,8.7,44.7,80.8,40.5,44.9,37.4,254.0
2023-11-24 13:00:00,8.9,44.6,80.5,40.4,44.7,37.3,251.0
2023-11-24 14:00:00,8.8,44.5,76.9,40.0,44.2,37.1,248.0
2023-11-24 15:00:00,9.1,44.3,77.4,39.7,43.8,36.8,232.0
2023-11-24 16:00:00,9.2,44.2,77.0,39.6,43.8,36.6,234.0
2023-11-24 17:00:00,9.1,44.3,77.1,39.6,43.7,36.7,54.0
2023-11-24 18:00:00,9.3,44.1,74.0,39.4,43.4,36.7,358.0
2023-11-24 19:00:00,9.0,44.5,76.6,40.0,44.1,36.6,255.0
2023-11-24 20:00:00,8.4,44.9,67.7,41.4,44.3,37.2,276.0
2023-11-24 21:00:00,8.1,45.2,76.2,41.7,45.7,37.8,265.0
2023-11-24 22:00:00,7.6,45.6,70.2,41.1,40.3,37.7,241.0
2023-11-24 23:00:00,6.8,46.3,62.0,37.4,34.4,31.6,0.0
2023-11-25 00:00:00,6.3,46.8,55.7,35.2,33.4,30.9,0.0
2023-11-25 01:00:00,4.8,48.1,50.8,33.3,29.5,26.9,0.0
2023-11-25 02:00:00,3.4,49.1,47.2,31.4,27.4,25.0,0.0
2023-11-25 03:00:00,2.9,49.4,44.3,29.5,27.0,24.6,0.0
2023-11-25 04:00:00,2.3,49.8,42.1,27.8,26.9,24.3,0.0
2023-11-25 05:00:00,2.3,49.8,41.0,26.3,26.5,24.0,0.0
2023-11-25 06:00:00,2.2,49.9,68.8,37.7,40.1,27.0,125.0
2023-11-25 07:00:00,2.0,50.1,85.8,49.0,51.6,37.1,270.0
2023-11-25 08:00:00,2.7,49.6,80.8,46.4,50.0,40.4,600.0
2023-11-25 09:00:00,3.3,49.1,81.6,46.0,50.1,40.1,334.0
2023-11-25 10:00:00,3.7,48.9,82.4,44.9,49.0,40.2,341.0
2023-11-25 11:00:00,3.6,48.9,81.6,44.2,48.4,39.6,315.0
2023-11-25 12:00:00,3.8,48.7,82.7,45.0,49.0,40.1,336.0
2023-11-25 13:00:00,2.8,48.7,83.1,45.4,49.6,39.9,324.0
2023-11-25 14:00:00,2.3,49.1,83.7,44.8,49.1,40.0,324.0
2023-11-25 15:00:00,1.9,49.4,81.8,46.8,51.2,40.4,337.0
2023-11-25 16:00:00,2.1,49.3,75.0,45.5,48.2,40.3,321.0
2023-11-25 17:00:00,1.2,50.0,71.2,45.6,48.4,40.7,341.0
2023-11-25 18:00:00,0.8,49.6,76.6,46.2,49.2,40.3,322.0
2023-11-25 19:00:00,0.5,50.0,84.5,45.9,50.0,40.9,348.0
2023-11-25 20:00:00,0.5,49.9,70.9,45.5,48.5,41.0,335.0
2023-11-25 21:00:00,0.9,49.6,84.2,46.4,50.3,40.4,333.0
2023-11-25 22:00:00,1.1,49.5,80.3,46.7,44.7,40.7,326.0
2023-11-25 23:00:00,1.0,49.6,73.5,36.2,36.5,32.6,0.0
2023-11-26 00:00:00,0.6,49.8,68.0,32.8,34.7,31.6,0.0
2023-11-26 01:00:00,0.2,50.3,67.1,30.1,30.7,27.0,0.0
2023-11-26 02:00:00,0.3,50.2,64.4,26.2,29.0,25.5,0.0
2023-11-26 03:00:00,0.2,50.3,62.3,24.9,37.3,24.8,0.0
2023-11-26 04:00:00,0.0,50.5,59.1,24.6,52.1,25.2,0.0
2023-11-26 05:00:00,0.1,50.4,56.1,25.7,52.3,25.0,0.0
2023-11-26 06:00:00,0.1,50.4,94.5,48.1,51.3,33.8,329.0
2023-11-26 07:00:00,0.2,50.3,86.0,45.7,50.2,40.5,439.0
2023-11-26 08:00:00,1.0,49.6,85.7,46.2,50.4,40.7,364.0
2023-11-26 09:00:00,1.2,50.0,85.8,47.7,51.2,40.1,351.0
2023-11-26 10:00:00,2.3,49.1,79.9,44.8,48.0,39.8,338.0
2023-11-26 11:00:00,2.5,49.0,86.1,45.2,49.7,40.2,347.0
2023-11-26 12:00:00,3.1,48.5,83.3,44.2,48.5,39.6,326.0
2023-11-26 13:00:00,3.2,47.6,82.8,43.4,47.8,39.1,311.0
2023-11-26 14:00:00,2.8,47.9,84.1,43.2,47.8,38.9,306.0
2023-11-26 15:00:00,2.7,47.9,85.7,43.6,48.1,39.2,316.0
2023-11-26 16:00:00,2.0,48.7,84.8,44.1,48.5,39.1,312.0
2023-11-26 17:00:00,2.0,48.7,86.6,44.8,49.4,40.0,339.0
2023-11-26 18:00:00,1.8,48.8,84.2,44.3,48.6,39.8,325.0
2023-11-26 19:00:00,1.3,49.2,86.7,45.2,49.8,40.1,335.0
2023-11-26 20:00:00,1.6,48.9,86.5,44.6,49.2,40.1,328.0
2023-11-26 21:00:00,1.5,49.1,86.5,44.5,48.9,40.0,320.0
2023-11-26 22:00:00,1.7,48.9,86.5,44.5,49.1,40.0,324.0
2023-11-26 23:00:00,2.0,48.7,83.3,33.9,34.5,31.7,62.0
2023-11-27 00:00:00,2.0,48.7,80.7,28.1,30.5,27.5,0.0
2023-11-27 01:00:00,1.8,48.8,78.4,26.2,29.4,26.1,0.0
2023-11-27 02:00:00,1.4,49.2,77.4,26.1,29.6,26.0,49.0
2023-11-27 03:00:00,0.7,49.8,76.8,25.9,29.1,25.9,48.0
2023-11-27 04:00:00,0.8,49.7,75.0,25.5,28.7,25.4,41.0
2023-11-27 05:00:00,0.7,49.8,25.6,25.3,27.6,25.3,45.0
2023-11-27 06:00:00,0.7,49.8,86.4,37.4,41.1,23.9,69.0
2023-11-27 07:00:00,0.6,49.9,86.9,46.2,50.5,40.8,551.0
2023-11-27 08:00:00,0.8,49.7,89.9,45.2,50.0,40.3,367.0
2023-11-27 09:00:00,2.2,48.5,89.4,44.2,48.9,39.9,349.0
2023-11-27 10:00:00,3.2,48.8,88.0,43.4,48.2,39.2,325.0
2023-11-27 11:00:00,4.0,48.2,86.9,44.1,48.6,39.4,334.0
2023-11-27 12:00:00,5.1,47.4,85.6,43.1,47.7,39.2,316.0
2023-11-27 13:00:00,5.6,47.0,84.0,42.6,47.0,38.6,299.0
2023-11-27 14:00:00,5.9,45.4,80.9,40.5,44.9,37.5,264.0
2023-11-27 15:00:00,5.9,45.4,79.3,40.6,44.8,37.0,254.0
2023-11-27 16:00:00,5.8,45.4,79.8,40.7,45.1,37.1,270.0
2023-11-27 17:00:00,5.4,45.7,79.7,40.9,45.2,37.4,269.0
2023-11-27 18:00:00,5.1,45.9,81.1,41.2,45.5,37.5,273.0
2023-11-27 19:00:00,5.1,45.9,81.1,41.3,45.7,37.5,272.0
2023-11-27 20:00:00,5.2,45.8,72.3,42.2,45.5,37.5,269.0
2023-11-27 21:00:00,5.6,45.6,72.0,41.2,45.2,37.9,282.0
2023-11-27 22:00:00,4.4,46.5,78.3,43.3,41.6,38.3,285.0
2023-11-27 23:00:00,3.1,47.7,73.5,34.3,35.7,31.6,0.0
2023-11-28 00:00:00,4.0,46.9,70.8,31.5,34.1,29.9,0.0
2023-11-28 01:00:00,3.8,47.0,67.7,28.5,32.0,27.0,0.0
2023-11-28 02:00:00,4.1,46.8,64.8,26.5,41.5,26.1,0.0
2023-11-28 03:00:00,4.3,46.6,62.0,25.9,50.8,26.2,0.0
2023-11-28 04:00:00,4.3,46.6,55.6,25.9,45.9,26.5,0.0
2023-11-28 05:00:00,4.1,46.8,56.6,26.0,47.6,26.4,0.0
2023-11-28 06:00:00,4.1,46.8,37.5,34.4,35.1,22.5,0.0
2023-11-28 07:00:00,4.5,46.4,80.0,44.0,48.0,38.2,482.0
2023-11-28 08:00:00,5.2,45.8,83.0,41.6,46.1,37.7,299.0
2023-11-28 09:00:00,5.6,45.6,82.7,41.5,46.0,37.6,293.0
2023-11-28 10:00:00,6.5,45.0,82.0,41.1,45.7,37.5,288.0
2023-11-28 11:00:00,9.0,43.3,80.6,39.2,43.5,36.6,251.0
2023-11-28 12:00:00,9.6,42.9,78.0,38.1,42.3,35.5,223.0
2023-11-28 13:00:00,9.7,42.8,75.1,38.2,42.4,35.4,221.0
2023-11-28 14:00:00,9.5,44.0,75.5,39.9,43.9,36.1,250.0
2023-11-28 15:00:00,9.6,45.9,75.0,42.4,46.0,38.1,305.0
2023-11-28 16:00:00,9.2,46.2,75.6,42.3,46.0,37.9,280.0
2023-11-28 17:00:00,7.7,47.2,79.5,43.5,47.3,38.8,304.0
2023-11-28 18:00:00,7.5,47.3,79.3,43.3,47.4,39.0,297.0
2023-11-28 19:00:00,7.5,47.3,79.1,43.3,47.3,38.9,295.0
2023-11-28 20:00:00,7.4,47.4,66.7,42.4,46.3,39.0,291.0
2023-11-28 21:00:00,7.6,47.3,71.9,44.5,47.0,39.1,298.0
2023-11-28 22:00:00,7.3,47.4,69.7,42.6,41.9,39.3,286.0
2023-11-28 23:00:00,7.0,47.6,70.0,33.5,38.3,31.4,0.0
2023-11-29 00:00:00,6.8,47.8,68.8,31.4,48.6,30.7,0.0
2023-11-29 01:00:00,6.6,47.9,64.1,30.6,50.6,29.3,0.0
2023-11-29 02:00:00,5.6,48.5,56.8,30.1,46.7,29.3,0.0
2023-11-29 03:00:00,5.3,48.8,59.9,29.2,49.5,27.9,0.0
2023-11-29 04:00:00,4.9,49.1,55.9,28.2,48.5,28.0,0.0
2023-11-29 05:00:00,4.0,49.6,53.6,27.7,47.3,27.6,0.0
2023-11-29 06:00:00,4.1,49.5,72.7,36.8,39.8,25.5,98.0
2023-11-29 07:00:00,4.3,49.4,79.1,47.5,50.7,40.0,484.0
2023-11-29 08:00:00,4.8,49.1,85.4,44.8,49.0,39.9,349.0
2023-11-29 09:00:00,4.9,49.0,84.5,44.3,48.7,39.2,319.0
2023-11-29 10:00:00,4.9,49.0,85.7,45.0,49.3,39.9,344.0
2023-11-29 11:00:00,4.3,49.4,82.7,44.7,48.7,39.8,332.0
2023-11-29 12:00:00,4.7,49.1,81.3,44.8,48.9,39.9,332.0
2023-11-29 13:00:00,4.6,49.2,81.1,44.6,48.6,39.7,325.0
2023-11-29 14:00:00,4.9,49.1,81.4,44.8,48.8,39.8,329.0
2023-11-29 15:00:00,4.9,49.0,80.7,44.5,48.4,39.6,318.0
2023-11-29 16:00:00,4.5,49.3,80.7,46.1,49.8,40.3,340.0
2023-11-29 17:00:00,4.3,49.4,81.5,45.8,49.6,40.6,341.0
2023-11-29 18:00:00,4.2,49.4,82.9,45.5,49.6,40.6,336.0
2023-11-29 19:00:00,4.1,49.6,84.1,45.3,49.5,40.4,327.0
2023-11-29 20:00:00,3.6,49.7,71.7,45.6,48.7,40.3,319.0
2023-11-29 21:00:00,3.6,49.8,81.2,45.8,49.8,41.0,348.0
2023-11-29 22:00:00,3.6,49.8,71.3,44.6,42.4,40.3,298.0
2023-11-29 23:00:00,3.5,49.9,58.9,37.0,36.8,32.6,0.0
2023-11-30 00:00:00,3.3,50.0,60.5,32.5,36.3,30.8,0.0
2023-11-30 01:00:00,3.4,50.0,61.6,28.5,33.4,27.1,0.0
2023-11-30 02:00:00,2.4,50.5,62.7,26.3,39.1,26.5,0.0
2023-11-30 03:00:00,1.5,51.1,63.0,26.1,55.4,26.8,0.0
2023-11-30 04:00:00,1.5,51.1,56.9,26.2,49.9,26.7,0.0
2023-11-30 05:00:00,0.8,51.5,24.3,27.1,25.2,22.4,0.0
2023-11-30 06:00:00,0.2,49.4,56.3,33.5,35.2,23.9,0.0
2023-11-30 07:00:00,0.7,49.2,84.0,45.7,49.5,40.2,549.0
2023-11-30 08:00:00,1.1,48.9,87.1,44.8,49.2,39.8,346.0
2023-11-30 09:00:00,2.6,48.2,84.8,44.1,48.4,39.4,338.0
2023-11-30 10:00:00,3.9,47.5,84.0,43.7,48.0,39.1,323.0
2023-11-30 11:00:00,5.1,46.9,81.0,42.7,46.9,38.6,244.0
2023-11-30 12:00:00,6.7,45.7,78.5,41.8,45.8,37.8,326.0
2023-11-30 13:00:00,8.0,44.6,77.1,41.1,45.1,37.4,281.0
2023-11-30 14:00:00,8.2,44.5,75.5,40.7,44.5,37.2,70.0
2023-11-30 15:00:00,8.2,44.5,75.5,40.7,44.5,37.2,0.0
2023-11-30 16:00:00,8.2,44.5,75.5,40.7,44.5,37.2,0.0
2023-11-30 17:00:00,8.2,44.5,75.5,40.7,44.5,37.2,0.0
2023-11-30 18:00:00,8.2,44.5,75.5,40.7,44.5,37.2,0.0
2023-11-30 19:00:00,8.2,44.5,75.5,40.7,44.5,37.2,0.0
2023-11-30 20:00:00,8.2,44.5,75.5,40.7,44.5,37.2,0.0
2023-11-30 21:00:00,8.2,44.5,75.5,40.7,44.5,37.2,0.0
2023-11-30 22:00:00,8.2,44.5,75.5,40.7,44.5,37.2,0.0
2023-11-30 23:00:00,8.2,44.5,75.5,40.7,44.5,37.2,0.0
2023-12-01 00:00:00,8.2,44.5,75.5,40.7,44.5,37.2,0.0
2023-12-01 01:00:00,8.2,44.5,75.5,40.7,44.5,37.2,0.0
2023-12-01 02:00:00,8.2,44.5,75.5,40.7,44.5,37.2,0.0
2023-12-01 03:00:00,8.2,44.5,75.5,40.7,44.5,37.2,0.0
2023-12-01 04:00:00,8.2,44.5,75.5,40.7,44.5,37.2,0.0
2023-12-01 05:00:00,8.2,44.5,75.5,40.7,44.5,37.2,0.0
2023-12-01 06:00:00,8.2,44.5,75.5,40.7,44.5,37.2,0.0
2023-12-01 07:00:00,8.2,44.5,75.5,40.7,44.5,37.2,0.0
2023-12-01 08:00:00,14.4,40.0,71.1,35.4,39.5,33.4,2700.0
2023-12-01 09:00:00,14.6,43.0,69.7,36.2,35.3,32.9,180.0
2023-12-01 10:00:00,15.0,43.0,67.3,31.6,43.2,31.2,0.0
2023-12-01 11:00:00,16.1,43.0,61.9,30.7,38.3,27.9,0.0
2023-12-01 12:00:00,16.8,43.0,62.4,25.9,49.5,25.3,0.0
2023-12-01 13:00:00,17.8,43.0,56.0,25.8,44.7,25.4,0.0
2023-12-01 14:00:00,17.6,43.0,53.8,26.1,25.3,22.9,0.0
2023-12-01 15:00:00,18.2,43.0,55.2,23.8,25.5,23.0,0.0
2023-12-01 16:00:00,18.0,43.0,59.2,41.1,42.7,34.1,312.0
2023-12-01 17:00:00,17.6,43.0,71.6,39.0,42.9,36.0,271.0
2023-12-01 18:00:00,17.3,43.0,71.0,38.6,42.4,35.7,222.0
2023-12-01 19:00:00,17.3,43.0,71.4,39.1,42.9,35.8,227.0
2023-12-01 20:00:00,17.4,43.0,68.3,39.9,43.3,35.6,221.0
2023-12-01 21:00:00,17.3,43.0,64.6,39.4,43.0,36.5,239.0
2023-12-01 22:00:00,17.0,44.0,63.4,38.0,38.7,36.1,206.0
2023-12-01 23:00:00,16.7,44.0,63.2,32.1,31.4,29.0,0.0
2023-12-02 00:00:00,16.8,44.0,60.6,28.2,28.5,26.3,0.0
2023-12-02 01:00:00,16.4,44.0,58.3,26.2,27.4,25.0,0.0
2023-12-02 02:00:00,15.7,44.0,56.2,24.9,26.9,24.5,0.0
2023-12-02 03:00:00,16.0,44.0,55.3,24.5,26.5,24.1,0.0
2023-12-02 04:00:00,16.6,44.0,54.9,24.1,26.2,23.8,0.0
2023-12-02 05:00:00,16.3,44.0,54.7,24.1,26.1,23.8,0.0
2023-12-02 06:00:00,15.6,45.0,71.5,39.4,41.8,29.6,174.0
2023-12-02 07:00:00,14.6,45.0,71.7,41.8,45.3,37.9,364.0
2023-12-02 08:00:00,15.9,45.0,71.7,41.3,44.9,37.3,259.0
2023-12-02 09:00:00,16.1,44.0,70.5,38.0,37.6,35.4,190.0
2023-12-02 10:00:00,16.6,44.0,63.1,31.5,30.8,28.4,0.0
2023-12-02 11:00:00,19.0,44.0,63.3,27.3,28.4,26.0,0.0
2023-12-02 12:00:00,19.1,44.0,62.5,25.8,27.5,25.0,0.0
2023-12-02 13:00:00,19.1,44.0,61.4,25.0,27.0,24.6,0.0
2023-12-02 14:00:00,19.6,44.0,60.1,24.6,26.7,24.4,0.0
2023-12-02 15:00:00,19.5,44.0,58.4,24.4,26.7,24.2,0.0
2023-12-02 16:00:00,18.9,44.0,56.8,24.2,26.5,24.0,0.0
2023-12-02 17:00:00,18.6,44.0,55.8,24.1,26.4,23.9,0.0
2023-12-02 18:00:00,17.7,44.0,55.0,24.0,26.1,23.8,0.0
2023-12-02 19:00:00,18.2,44.0,54.0,23.9,26.1,23.8,0.0
2023-12-02 20:00:00,18.0,42.0,71.2,40.6,43.6,35.1,335.0
2023-12-02 21:00:00,17.9,42.0,67.0,37.7,41.3,35.3,216.0
2023-12-02 22:00:00,17.1,42.0,63.2,38.1,37.3,35.2,193.0
2023-12-02 23:00:00,16.4,42.0,36.8,36.7,30.6,28.5,0.0
2023-12-03 00:00:00,16.1,42.0,38.5,30.7,28.1,25.9,0.0
2023-12-03 01:00:00,16.1,42.0,39.4,27.8,27.1,24.7,0.0
2023-12-03 02:00:00,12.3,42.9,40.7,25.8,26.4,24.1,0.0
2023-12-03 03:00:00,9.1,44.7,45.0,24.1,26.1,23.7,0.0
2023-12-03 04:00:00,7.9,45.3,48.2,23.5,25.8,23.5,0.0
2023-12-03 05:00:00,6.4,46.2,50.2,23.3,25.7,23.3,0.0
2023-12-03 06:00:00,4.8,47.1,58.1,32.1,35.0,25.0,83.0
2023-12-03 07:00:00,3.9,47.5,35.4,30.2,32.5,28.8,133.0
2023-12-03 08:00:00,4.0,48.4,90.4,44.0,49.0,39.8,442.0
2023-12-03 09:00:00,3.5,48.6,75.1,46.7,48.1,39.1,325.0
2023-12-03 10:00:00,3.4,48.6,86.5,44.5,49.1,40.0,218.0
2023-12-03 11:00:00,3.6,48.5,86.8,45.9,49.5,39.7,453.0
2023-12-03 12:00:00,2.8,48.9,82.9,46.0,49.7,39.4,318.0
2023-12-03 13:00:00,3.3,48.7,86.5,45.1,49.4,39.7,335.0
2023-12-03 14:00:00,3.4,48.6,77.5,45.2,49.2,39.7,322.0
2023-12-03 15:00:00,3.4,47.8,83.4,43.8,48.2,39.7,315.0
2023-12-03 16:00:00,3.1,47.9,84.0,43.8,48.2,39.7,308.0
2023-12-03 17:00:00,2.7,48.2,85.1,43.7,48.1,39.5,303.0
2023-12-03 18:00:00,2.5,48.2,85.2,43.8,48.2,39.5,307.0
2023-12-03 19:00:00,2.6,48.2,84.4,43.7,48.0,39.5,305.0
2023-12-03 20:00:00,2.6,48.2,84.6,43.7,48.0,39.5,305.0
2023-12-03 21:00:00,2.0,48.5,84.7,43.4,47.9,39.3,298.0
2023-12-03 22:00:00,1.8,48.6,85.0,44.2,42.1,39.9,301.0
2023-12-03 23:00:00,1.6,48.7,78.0,34.3,37.8,32.6,0.0
2023-12-04 00:00:00,1.0,49.0,76.6,32.0,57.2,30.8,0.0
2023-12-04 01:00:00,0.7,49.1,66.6,30.9,49.3,30.1,0.0
2023-12-04 02:00:00,0.9,49.0,67.1,30.0,50.8,28.2,0.0
2023-12-04 03:00:00,0.5,49.2,65.4,28.9,50.2,27.3,0.0
2023-12-04 04:00:00,0.7,49.1,59.7,27.6,48.9,26.6,0.0
2023-12-04 05:00:00,-0.2,49.6,36.2,35.8,37.1,23.9,0.0
2023-12-04 06:00:00,-0.7,49.9,73.0,41.3,43.9,31.8,233.0
2023-12-04 07:00:00,-0.9,50.0,84.9,46.3,50.6,40.8,457.0
2023-12-04 08:00:00,-0.2,49.6,88.5,45.7,50.1,40.5,365.0
2023-12-04 09:00:00,0.9,49.0,86.7,44.7,49.3,39.9,339.0
2023-12-04 10:00:00,1.8,48.6,85.8,44.3,48.7,39.7,330.0
2023-12-04 11:00:00,2.6,48.2,85.2,44.0,48.5,39.4,324.0
2023-12-04 12:00:00,2.8,48.1,84.7,43.9,48.3,39.3,319.0
2023-12-04 13:00:00,3.0,48.0,83.5,43.8,48.0,39.3,314.0
2023-12-04 14:00:00,3.1,47.9,83.4,43.6,47.9,39.2,311.0
2023-12-04 15:00:00,3.1,47.9,82.2,43.3,47.6,39.1,306.0
2023-12-04 16:00:00,2.5,48.2,84.0,43.5,47.9,39.0,307.0
2023-12-04 17:00:00,2.0,48.5,84.3,43.7,48.1,39.2,148.0
2023-12-04 18:00:00,1.1,48.9,86.9,44.3,49.0,39.6,432.0
2023-12-04 19:00:00,0.2,49.3,86.5,44.6,49.1,40.0,393.0
2023-12-04 20:00:00,-0.2,49.1,86.6,44.2,48.8,40.1,330.0
2023-12-04 21:00:00,-0.3,49.1,80.6,45.3,49.4,40.4,327.0
2023-12-04 22:00:00,-0.5,49.2,77.6,44.6,48.8,40.0,321.0
2023-12-04 23:00:00,-1.1,49.4,77.5,33.8,33.4,30.8,0.0
2023-12-05 00:00:00,-0.2,49.1,73.6,28.9,29.2,26.9,0.0
2023-12-05 01:00:00,0.0,49.0,68.7,26.2,36.9,25.6,0.0
2023-12-05 02:00:00,0.6,48.7,64.2,25.6,52.9,25.5,0.0
2023-12-05 03:00:00,0.6,48.7,56.6,25.5,47.1,25.6,0.0
2023-12-05 04:00:00,0.8,48.7,57.7,25.6,49.1,25.3,0.0
2023-12-05 05:00:00,0.9,48.6,31.0,27.3,46.5,24.9,0.0
2023-12-05 06:00:00,1.4,50.5,81.1,39.6,41.5,27.1,173.0
2023-12-05 07:00:00,1.6,50.3,84.4,47.3,51.0,40.9,506.0
2023-12-05 08:00:00,1.9,50.1,88.6,46.0,50.5,40.6,372.0
2023-12-05 09:00:00,2.7,49.6,87.4,45.8,50.1,40.5,360.0
2023-12-05 10:00:00,4.9,48.0,86.9,43.6,48.2,39.5,320.0
2023-12-05 11:00:00,5.7,47.5,83.1,42.5,46.9,38.6,299.0
2023-12-05 12:00:00,6.1,47.2,78.7,42.9,44.8,38.4,254.0
2023-12-05 13:00:00,6.7,46.8,79.3,43.5,47.4,38.9,332.0
2023-12-05 14:00:00,6.8,46.8,79.0,43.4,47.4,38.8,45.0
2023-12-05 15:00:00,6.8,46.8,78.7,43.0,46.9,38.7,548.0
2023-12-05 16:00:00,6.2,47.2,79.6,43.0,47.0,38.6,205.0
2023-12-05 17:00:00,5.5,47.6,81.3,43.3,47.4,38.7,289.0
2023-12-05 18:00:00,4.6,48.2,80.9,43.5,47.6,39.1,407.0
2023-12-05 19:00:00,4.4,48.4,82.3,44.1,48.2,39.5,317.0
2023-12-05 20:00:00,4.6,48.2,83.4,44.2,48.5,39.6,317.0
2023-12-05 21:00:00,5.2,47.8,77.1,45.2,48.7,39.2,301.0
2023-12-05 22:00:00,5.4,47.7,64.9,43.2,46.1,38.9,261.0
2023-12-05 23:00:00,5.2,47.8,72.0,33.1,39.8,31.6,0.0
2023-12-06 00:00:00,5.4,47.7,70.0,31.5,54.9,30.2,0.0
2023-12-06 01:00:00,5.5,47.6,61.9,31.1,48.5,30.2,0.0
2023-12-06 02:00:00,5.7,47.5,61.8,30.7,48.7,29.8,0.0
2023-12-06 03:00:00,5.9,47.4,56.0,30.1,45.5,29.0,0.0
2023-12-06 04:00:00,5.3,47.8,58.9,29.3,48.4,27.6,0.0
2023-12-06 05:00:00,4.9,48.0,56.2,28.3,47.9,26.7,0.0
2023-12-06 06:00:00,4.8,48.1,62.3,33.0,34.8,21.8,0.0
2023-12-06 07:00:00,5.2,47.8,66.2,45.2,47.8,38.6,476.0
2023-12-06 08:00:00,4.9,48.5,77.1,44.7,48.3,39.8,369.0
2023-12-06 09:00:00,4.8,48.6,80.8,45.0,48.8,39.7,51.0
2023-12-06 10:00:00,5.4,48.2,85.3,44.4,48.8,39.7,425.0
2023-12-06 11:00:00,6.1,47.7,83.5,43.2,47.5,39.0,495.0
2023-12-06 12:00:00,6.1,47.8,83.2,43.1,47.4,38.8,305.0
2023-12-06 13:00:00,6.3,47.5,83.6,43.1,47.5,38.8,304.0
2023-12-06 14:00:00,6.2,47.6,79.5,43.2,47.2,38.6,298.0
2023-12-06 15:00:00,5.6,48.0,77.8,44.1,47.8,38.9,306.0
2023-12-06 16:00:00,5.8,47.9,81.3,44.1,48.1,39.5,321.0
2023-12-06 17:00:00,5.8,47.9,78.8,44.0,47.9,38.7,291.0
2023-12-06 18:00:00,5.5,48.1,79.3,45.0,48.6,39.7,329.0
2023-12-06 19:00:00,4.0,45.5,80.5,43.3,47.3,40.1,326.0
2023-12-06 20:00:00,3.7,45.6,77.1,41.1,45.4,37.2,227.0
2023-12-06 21:00:00,3.6,45.7,75.6,41.8,45.2,37.8,274.0
2023-12-06 22:00:00,3.5,45.7,76.8,40.7,40.5,37.6,246.0
2023-12-06 23:00:00,3.1,45.8,75.6,32.8,38.6,31.5,0.0
2023-12-07 00:00:00,3.3,45.8,71.1,31.2,53.6,30.0,0.0
2023-12-07 01:00:00,3.1,45.8,62.4,30.7,47.8,30.0,0.0
2023-12-07 02:00:00,3.1,45.8,55.2,30.2,43.3,29.8,0.0
2023-12-07 03:00:00,2.7,46.0,56.4,29.6,46.2,28.8,0.0
2023-12-07 04:00:00,2.9,45.9,54.0,28.9,45.3,28.0,0.0
2023-12-07 05:00:00,2.5,46.1,55.1,28.0,45.6,27.0,0.0
2023-12-07 06:00:00,1.5,49.1,66.9,38.0,37.9,25.6,131.0
2023-12-07 07:00:00,1.6,49.1,78.5,47.2,50.3,39.6,468.0
2023-12-07 08:00:00,2.1,48.6,86.1,44.2,48.7,39.5,344.0
2023-12-07 09:00:00,2.1,48.6,87.5,44.2,48.8,39.5,340.0
2023-12-07 10:00:00,2.5,48.2,87.9,44.3,48.8,39.5,339.0
2023-12-07 11:00:00,3.1,47.7,86.1,43.2,47.7,39.1,317.0
2023-12-07 12:00:00,3.7,47.1,84.9,42.9,47.4,38.7,307.0
2023-12-07 13:00:00,3.7,47.1,84.9,42.8,47.3,38.6,306.0
2023-12-07 14:00:00,3.6,47.2,84.0,42.6,47.0,38.5,267.0
2023-12-07 15:00:00,3.4,47.4,83.9,42.3,46.8,38.4,331.0
2023-12-07 16:00:00,3.3,47.5,83.7,43.4,47.9,38.9,317.0
2023-12-07 17:00:00,3.2,47.5,85.0,43.7,48.4,39.2,318.0
2023-12-07 18:00:00,3.3,47.5,84.4,42.8,47.3,38.8,298.0
2023-12-07 19:00:00,3.6,47.2,83.9,42.5,47.1,38.5,294.0
2023-12-07 20:00:00,3.5,47.3,75.3,42.4,46.8,38.3,287.0
2023-12-07 21:00:00,3.6,47.2,80.6,43.7,47.6,38.8,308.0
2023-12-07 22:00:00,3.5,47.3,81.9,43.3,42.1,39.0,303.0
2023-12-07 23:00:00,3.6,47.2,77.3,34.2,36.6,31.7,0.0
2023-12-08 00:00:00,3.5,47.4,72.8,31.6,44.7,30.5,0.0
2023-12-08 01:00:00,3.4,47.4,66.2,30.1,50.5,29.1,0.0
2023-12-08 02:00:00,3.4,47.5,58.2,29.6,44.2,28.8,0.0
2023-12-08 03:00:00,3.4,47.4,57.9,28.9,46.8,27.6,0.0
2023-12-08 04:00:00,3.4,47.4,57.5,28.1,47.4,27.3,0.0
2023-12-08 05:00:00,3.4,47.4,56.4,27.3,47.3,26.7,0.0
2023-12-08 06:00:00,3.4,49.1,71.3,40.6,41.7,28.0,165.0
2023-12-08 07:00:00,3.2,49.2,77.4,47.6,50.1,39.5,454.0
2023-12-08 08:00:00,3.4,49.1,87.4,45.0,49.4,39.8,359.0
2023-12-08 09:00:00,3.6,48.9,87.1,44.9,49.3,39.7,352.0
2023-12-08 10:00:00,4.0,48.7,84.2,44.4,48.7,39.5,339.0
2023-12-08 11:00:00,4.6,48.2,83.2,44.2,48.4,39.4,329.0
2023-12-08 12:00:00,4.7,47.2,82.8,43.0,47.3,38.7,304.0
2023-12-08 13:00:00,4.4,47.4,81.3,43.1,47.1,38.3,300.0
2023-12-08 14:00:00,4.2,47.6,83.0,43.7,48.0,38.9,316.0
2023-12-08 15:00:00,4.0,47.7,83.5,44.0,48.3,39.2,325.0
2023-12-08 16:00:00,3.9,47.8,83.7,44.3,48.5,39.4,324.0
2023-12-08 17:00:00,3.6,48.1,83.3,44.3,48.3,39.4,320.0
2023-12-08 18:00:00,3.6,48.2,83.6,44.4,48.6,39.5,325.0
2023-12-08 19:00:00,3.7,48.1,83.9,44.5,48.8,39.6,324.0
2023-12-08 20:00:00,3.5,48.2,81.2,43.7,47.8,39.6,321.0
2023-12-08 21:00:00,3.5,48.2,78.6,45.0,48.1,39.5,311.0
2023-12-08 22:00:00,3.5,48.2,77.2,45.0,48.2,39.2,313.0
2023-12-08 23:00:00,3.4,48.2,66.0,34.2,37.4,31.5,0.0
2023-12-09 00:00:00,3.2,48.4,68.3,31.2,49.8,30.4,0.0
2023-12-09 01:00:00,2.1,49.3,63.8,29.9,52.1,28.7,0.0
2023-12-09 02:00:00,1.2,50.0,61.1,29.4,49.0,28.8,0.0
2023-12-09 03:00:00,1.1,50.1,59.4,28.4,49.8,27.4,0.0
2023-12-09 04:00:00,0.3,50.7,60.4,27.8,50.5,27.3,0.0
2023-12-09 05:00:00,1.1,50.0,59.7,26.9,26.7,23.5,0.0
2023-12-09 06:00:00,1.1,50.1,86.1,47.3,51.1,40.4,551.0
2023-12-09 07:00:00,0.8,50.3,87.1,45.8,50.1,40.1,362.0
2023-12-09 08:00:00,0.9,50.2,86.4,45.8,49.9,40.2,363.0
2023-12-09 09:00:00,2.3,49.1,86.1,45.4,49.6,40.3,358.0
2023-12-09 10:00:00,3.1,48.5,84.4,44.8,49.1,39.8,339.0
2023-12-09 11:00:00,3.8,47.9,83.6,44.0,48.2,39.3,317.0
2023-12-09 12:00:00,5.4,46.6,81.0,42.7,46.9,38.5,297.0
2023-12-09 13:00:00,5.4,46.6,77.6,42.3,46.1,37.9,284.0
2023-12-09 14:00:00,5.5,46.6,75.0,42.6,46.2,38.2,301.0
2023-12-09 15:00:00,5.0,47.0,81.0,43.3,47.1,38.6,304.0
2023-12-09 16:00:00,4.6,47.3,77.4,43.5,47.6,38.5,297.0
2023-12-09 17:00:00,4.5,47.4,77.4,44.4,48.3,38.4,304.0
2023-12-09 18:00:00,4.4,47.4,82.0,43.5,47.7,39.1,322.0
2023-12-09 19:00:00,3.9,47.8,81.4,45.4,49.0,39.0,306.0
2023-12-09 20:00:00,4.0,47.8,77.9,45.5,48.2,38.8,310.0
2023-12-09 21:00:00,3.8,47.9,74.0,44.6,47.5,39.1,311.0
2023-12-09 22:00:00,3.4,48.2,78.7,42.5,41.6,39.0,292.0
2023-12-09 23:00:00,3.2,48.5,74.1,34.8,40.6,31.8,0.0
2023-12-10 00:00:00,2.9,48.6,71.5,31.7,54.0,30.9,0.0
2023-12-10 01:00:00,2.9,48.6,62.4,31.1,47.7,30.6,0.0
2023-12-10 02:00:00,2.9,48.7,65.8,30.6,50.3,28.4,0.0
2023-12-10 03:00:00,2.8,48.6,61.1,29.7,48.5,28.1,0.0
2023-12-10 04:00:00,2.6,48.9,60.2,28.1,49.4,27.0,0.0
2023-12-10 05:00:00,2.6,48.9,58.4,27.3,49.0,26.4,0.0
2023-12-10 06:00:00,2.6,48.9,84.6,42.7,45.4,29.5,208.0
2023-12-10 07:00:00,2.6,48.9,84.4,44.9,49.0,39.6,466.0
2023-12-10 08:00:00,2.3,49.1,85.3,48.7,51.5,39.5,345.0
2023-12-10 09:00:00,4.4,47.4,85.2,43.1,47.4,39.0,320.0
2023-12-10 10:00:00,5.8,46.3,79.7,41.6,45.8,38.0,281.0
2023-12-10 11:00:00,6.5,45.8,79.4,41.8,45.8,37.6,286.0
2023-12-10 12:00:00,7.4,45.1,74.7,41.0,45.1,37.4,275.0
2023-12-10 13:00:00,8.2,44.5,69.6,40.5,44.0,37.1,265.0
2023-12-10 14:00:00,8.1,44.5,73.1,40.7,44.2,37.0,266.0
2023-12-10 15:00:00,7.5,45.0,77.2,41.2,45.2,37.1,259.0
2023-12-10 16:00:00,7.1,45.3,79.0,41.7,45.8,37.5,283.0
2023-12-10 17:00:00,6.7,45.7,79.1,42.0,45.9,37.9,283.0
2023-12-10 18:00:00,6.0,46.2,80.2,42.3,46.4,38.0,284.0
2023-12-10 19:00:00,5.8,46.3,81.0,42.7,46.9,38.4,293.0
2023-12-10 20:00:00,5.4,46.6,81.1,42.8,47.0,38.6,295.0
2023-12-10 21:00:00,5.3,46.7,83.6,43.0,47.2,38.8,294.0
2023-12-10 22:00:00,5.3,46.7,80.6,38.0,36.8,34.2,159.0
2023-12-10 23:00:00,5.1,46.9,78.2,29.4,31.3,28.5,0.0
2023-12-11 00:00:00,5.0,47.0,75.5,26.9,29.1,26.3,0.0
2023-12-11 01:00:00,5.0,47.0,73.0,25.7,28.0,25.3,0.0
2023-12-11 02:00:00,5.2,46.9,71.2,25.0,27.6,24.8,0.0
2023-12-11 03:00:00,5.2,46.8,70.4,24.8,27.8,24.7,0.0
2023-12-11 04:00:00,5.0,47.0,70.1,25.1,28.4,25.0,40.0
2023-12-11 05:00:00,5.1,46.9,68.7,25.1,35.8,25.2,40.0
2023-12-11 06:00:00,4.8,47.1,63.7,42.8,44.4,35.5,321.0
2023-12-11 07:00:00,4.6,47.4,81.3,44.9,48.2,38.4,356.0
2023-12-11 08:00:00,4.6,45.4,83.0,42.3,46.7,38.9,324.0
2023-12-11 09:00:00,5.0,45.0,82.8,40.0,44.5,36.8,241.0
2023-12-11 10:00:00,5.9,44.5,80.8,39.7,44.1,36.5,255.0
2023-12-11 11:00:00,6.4,44.2,79.9,39.6,43.9,36.4,251.0
2023-12-11 12:00:00,7.3,43.7,79.9,39.6,43.8,36.4,249.0
2023-12-11 13:00:00,8.1,43.2,76.9,37.6,38.3,35.9,218.0
2023-12-11 14:00:00,9.5,42.5,73.6,32.1,48.2,31.4,0.0
2023-12-11 15:00:00,9.3,42.6,65.8,31.3,46.7,31.0,0.0
2023-12-11 16:00:00,8.8,47.2,70.9,37.9,39.5,24.6,39.0
2023-12-11 17:00:00,7.3,48.3,79.7,46.8,50.0,39.2,473.0
2023-12-11 18:00:00,6.3,49.0,80.1,44.4,48.2,39.5,323.0
2023-12-11 19:00:00,4.6,50.2,82.2,46.2,50.0,40.3,349.0
2023-12-11 20:00:00,4.3,50.3,70.1,45.7,49.3,40.7,346.0
2023-12-11 21:00:00,4.9,50.0,81.6,46.8,50.0,41.0,360.0
2023-12-11 22:00:00,5.6,49.5,76.4,45.1,43.4,40.8,322.0
2023-12-11 23:00:00,5.6,49.5,63.9,36.0,37.4,32.6,0.0
2023-12-12 00:00:00,5.5,49.6,67.6,32.4,40.2,31.0,0.0
2023-12-12 01:00:00,5.6,49.5,67.0,28.7,53.9,27.6,0.0
2023-12-12 02:00:00,5.9,49.3,60.3,28.0,48.2,27.6,0.0
2023-12-12 03:00:00,5.8,49.4,61.9,27.7,51.1,27.1,0.0
2023-12-12 04:00:00,5.7,49.4,56.4,27.4,48.7,27.4,0.0
2023-12-12 05:00:00,6.0,49.2,61.0,24.7,26.7,22.7,0.0
2023-12-12 06:00:00,6.2,49.1,70.8,40.1,40.8,27.7,136.0
2023-12-12 07:00:00,6.1,49.1,80.1,46.8,50.3,40.3,464.0
2023-12-12 08:00:00,6.5,48.9,83.3,44.9,48.9,39.8,340.0
2023-12-12 09:00:00,7.2,48.4,79.7,44.0,47.8,39.5,323.0
2023-12-12 10:00:00,7.9,47.9,79.0,44.6,48.2,39.2,312.0
2023-12-12 11:00:00,8.9,46.5,77.8,43.7,47.1,39.2,306.0
2023-12-12 12:00:00,9.8,45.8,73.4,41.4,45.0,37.5,254.0
2023-12-12 13:00:00,10.1,44.6,74.9,41.2,45.1,37.5,264.0
2023-12-12 14:00:00,10.4,44.4,73.6,40.5,44.2,36.9,245.0
2023-12-12 15:00:00,10.4,44.4,73.6,40.5,44.1,36.8,241.0
2023-12-12 16:00:00,9.2,45.2,74.6,41.0,44.8,36.9,257.0
2023-12-12 17:00:00,7.7,46.2,78.5,42.2,46.3,37.8,277.0
2023-12-12 18:00:00,8.2,45.8,77.9,41.9,45.8,38.1,282.0
2023-12-12 19:00:00,7.9,46.0,78.4,41.8,45.9,37.9,268.0
2023-12-12 20:00:00,7.7,46.1,69.2,41.5,44.2,38.0,275.0
2023-12-12 21:00:00,8.1,46.0,76.3,42.6,46.3,38.5,281.0
2023-12-12 22:00:00,7.3,46.4,68.2,41.2,40.4,37.8,243.0
2023-12-12 23:00:00,7.3,46.4,67.4,33.4,36.6,31.7,0.0
2023-12-13 00:00:00,7.8,46.1,65.5,31.5,47.1,30.1,0.0
2023-12-13 01:00:00,8.1,46.0,60.9,30.0,48.8,28.4,0.0
2023-12-13 02:00:00,7.9,46.0,54.4,29.7,42.9,28.4,0.0
2023-12-13 03:00:00,7.9,46.1,57.6,28.5,47.7,27.2,0.0
2023-12-13 04:00:00,8.1,46.0,51.9,28.1,44.7,27.3,0.0
2023-12-13 05:00:00,8.4,45.6,32.4,30.9,44.5,26.8,0.0
2023-12-13 06:00:00,9.1,47.3,77.4,39.5,42.0,27.2,148.0
2023-12-13 07:00:00,9.2,47.3,77.9,44.0,47.5,39.1,437.0
2023-12-13 08:00:00,9.3,47.0,77.3,43.6,47.2,38.7,302.0
2023-12-13 09:00:00,10.2,46.2,75.7,42.8,46.4,38.4,296.0
2023-12-13 10:00:00,11.3,45.0,74.4,41.9,45.5,37.8,269.0
2023-12-13 11:00:00,12.2,43.9,72.6,40.3,44.1,36.9,241.0
2023-12-13 12:00:00,13.3,43.6,72.0,39.8,43.5,36.3,231.0
2023-12-13 13:00:00,14.2,43.0,54.2,38.4,34.0,31.4,79.0
2023-12-13 14:00:00,14.2,43.0,67.9,42.0,44.4,34.9,212.0
2023-12-13 15:00:00,13.6,43.3,72.3,41.9,44.8,35.7,231.0
2023-12-13 16:00:00,13.7,43.2,71.7,39.4,43.2,36.3,233.0
2023-12-13 17:00:00,13.8,43.1,71.7,39.1,42.9,36.0,218.0
2023-12-13 18:00:00,13.3,43.6,72.2,39.6,43.2,36.1,222.0
2023-12-13 19:00:00,12.4,44.4,72.8,40.1,43.9,36.6,238.0
2023-12-13 20:00:00,12.1,44.7,74.8,40.2,39.2,36.7,226.0
2023-12-13 21:00:00,11.7,45.1,72.5,42.6,46.0,38.4,284.0
2023-12-13 22:00:00,11.4,45.3,73.0,42.1,40.8,38.2,243.0
2023-12-13 23:00:00,11.1,45.6,68.6,33.5,37.7,31.7,0.0
2023-12-14 00:00:00,11.2,45.5,66.6,31.7,53.1,30.3,0.0
2023-12-14 01:00:00,10.5,46.2,60.1,31.0,48.2,29.6,0.0
2023-12-14 02:00:00,10.3,46.3,54.0,30.7,44.5,29.5,0.0
2023-12-14 03:00:00,10.0,46.6,57.1,29.8,47.0,28.0,0.0
2023-12-14 04:00:00,9.8,46.8,55.1,29.1,46.3,28.1,0.0
2023-12-14 05:00:00,10.3,46.3,53.4,28.4,46.1,27.5,0.0
2023-12-14 06:00:00,10.6,46.1,61.9,42.1,44.5,36.0,329.0
2023-12-14 07:00:00,10.3,46.3,74.9,43.0,46.5,38.5,328.0
2023-12-14 08:00:00,9.8,46.8,75.7,42.9,46.6,38.3,283.0
2023-12-14 09:00:00,8.9,44.4,75.5,40.4,44.2,37.5,260.0
2023-12-14 10:00:00,8.4,44.7,78.2,40.2,44.5,36.9,234.0
2023-12-14 11:00:00,8.6,44.6,78.6,40.5,44.6,37.1,253.0
2023-12-14 12:00:00,8.3,44.8,78.2,40.6,44.8,37.2,253.0
2023-12-14 13:00:00,8.4,43.8,78.3,40.2,44.3,37.2,249.0
2023-12-14 14:00:00,8.2,45.4,78.2,40.6,44.8,36.8,235.0
2023-12-14 15:00:00,8.1,47.2,78.3,43.7,47.4,38.5,292.0
2023-12-14 16:00:00,8.0,47.3,78.8,43.5,47.3,39.1,300.0
2023-12-14 17:00:00,7.7,47.6,78.9,43.5,47.4,39.1,286.0
2023-12-14 18:00:00,7.6,47.6,79.2,43.7,47.7,39.2,291.0
2023-12-14 19:00:00,7.6,47.6,79.1,43.7,47.6,39.3,150.0
2023-12-14 20:00:00,7.6,47.6,79.1,43.7,47.6,39.3,0.0
2023-12-14 21:00:00,7.6,47.6,79.1,43.7,47.6,39.3,0.0
2023-12-14 22:00:00,7.6,47.6,79.1,43.7,47.6,39.3,0.0
2023-12-14 23:00:00,7.6,47.6,79.1,43.7,47.6,39.3,0.0
2023-12-15 00:00:00,7.6,47.6,79.1,43.7,47.6,39.3,0.0
2023-12-15 01:00:00,7.6,47.6,79.1,43.7,47.6,39.3,0.0
2023-12-15 02:00:00,7.4,47.8,32.1,29.7,27.8,25.6,0.0
2023-12-15 03:00:00,7.2,48.0,31.1,28.9,27.4,25.1,0.0
2023-12-15 04:00:00,7.0,48.2,30.3,28.1,26.7,24.5,0.0
2023-12-15 05:00:00,6.5,48.6,29.5,27.4,26.4,24.1,0.0
2023-12-15 06:00:00,6.2,49.8,58.9,39.9,41.9,32.5,267.0
2023-12-15 07:00:00,5.7,50.3,77.4,49.7,51.4,39.6,403.0
2023-12-15 08:00:00,5.7,50.3,85.7,46.2,50.2,40.8,377.0
2023-12-15 09:00:00,6.0,50.0,85.3,45.8,49.8,40.4,346.0
2023-12-15 10:00:00,6.3,49.7,84.3,45.7,49.7,40.3,340.0
2023-12-15 11:00:00,6.2,49.8,83.1,43.8,47.9,37.7,258.0
2023-12-15 12:00:00,6.3,49.7,84.2,46.1,50.2,40.7,388.0
2023-12-15 13:00:00,6.4,49.5,83.5,46.0,49.9,40.5,332.0
2023-12-15 14:00:00,6.5,45.3,78.6,40.3,44.6,37.2,214.0
2023-12-15 15:00:00,6.3,45.4,80.0,41.0,45.2,37.5,264.0
2023-12-15 16:00:00,6.0,45.5,79.6,41.1,45.2,37.6,260.0
2023-12-15 17:00:00,6.0,45.6,77.8,40.9,44.8,37.5,253.0
2023-12-15 18:00:00,5.7,45.6,78.7,41.7,45.7,37.8,260.0
2023-12-15 19:00:00,5.7,45.6,80.3,42.2,46.2,38.1,274.0
2023-12-15 20:00:00,5.8,45.6,68.5,41.4,44.7,37.5,253.0
2023-12-15 21:00:00,5.2,45.9,77.8,42.4,46.4,38.4,281.0
2023-12-15 22:00:00,5.2,45.9,75.3,41.9,40.3,38.1,250.0
2023-12-15 23:00:00,5.1,45.9,64.6,33.8,36.0,31.8,0.0
2023-12-16 00:00:00,4.9,46.0,67.9,31.6,47.3,30.4,0.0
2023-12-16 01:00:00,4.7,46.2,62.7,30.3,49.1,29.0,0.0
2023-12-16 02:00:00,4.6,46.3,55.6,29.9,43.2,28.9,0.0
2023-12-16 03:00:00,4.6,46.3,57.8,29.1,46.4,28.2,0.0
2023-12-16 04:00:00,4.5,46.4,57.6,28.4,46.8,27.9,0.0
2023-12-16 05:00:00,4.5,46.4,54.5,27.7,46.4,27.3,0.0
2023-12-16 06:00:00,4.3,48.4,83.9,47.6,50.0,35.7,356.0
2023-12-16 07:00:00,4.1,48.6,71.2,43.4,46.5,39.4,363.0
2023-12-16 08:00:00,3.7,48.9,84.2,45.4,49.6,40.1,353.0
2023-12-16 09:00:00,2.5,49.7,84.0,45.3,49.4,40.0,343.0
2023-12-16 10:00:00,2.6,49.6,84.3,46.1,49.9,40.0,345.0
2023-12-16 11:00:00,3.0,49.4,82.8,45.4,49.2,40.1,346.0
2023-12-16 12:00:00,2.7,49.6,84.0,45.3,49.3,40.1,332.0
2023-12-16 13:00:00,2.5,49.7,79.9,44.8,48.6,40.0,337.0
2023-12-16 14:00:00,1.8,50.2,84.8,46.8,50.7,41.1,360.0
2023-12-16 15:00:00,1.8,48.6,72.3,43.8,47.8,39.8,311.0
2023-12-16 16:00:00,1.9,48.6,75.1,44.3,48.5,39.5,317.0
2023-12-16 17:00:00,1.7,48.6,86.1,44.8,49.0,40.0,337.0
2023-12-16 18:00:00,1.8,48.6,85.8,44.7,48.7,39.5,315.0
2023-12-16 19:00:00,2.0,48.6,84.4,44.6,48.8,39.8,317.0
2023-12-16 20:00:00,2.3,48.5,83.3,44.3,48.6,39.7,318.0
2023-12-16 21:00:00,2.1,48.5,79.0,44.0,48.3,39.5,311.0
2023-12-16 22:00:00,1.8,48.6,80.3,40.2,40.2,38.0,249.0
2023-12-16 23:00:00,2.1,48.5,72.9,37.3,34.9,31.7,0.0
2023-12-17 00:00:00,1.4,48.7,68.3,32.3,33.6,30.2,0.0
2023-12-17 01:00:00,1.1,48.7,68.9,29.0,30.3,26.2,0.0
2023-12-17 02:00:00,1.3,48.7,67.9,25.7,29.6,25.0,0.0
2023-12-17 03:00:00,1.1,48.7,67.1,24.8,44.8,25.0,0.0
2023-12-17 04:00:00,1.5,48.7,62.6,24.9,51.7,25.3,0.0
2023-12-17 05:00:00,2.0,48.6,55.0,24.9,45.8,25.4,0.0
2023-12-17 06:00:00,2.1,48.5,56.7,25.2,28.2,24.1,0.0
2023-12-17 07:00:00,2.3,47.1,86.5,43.7,48.2,39.7,531.0
2023-12-17 08:00:00,2.5,47.2,85.0,42.9,47.3,37.9,292.0
2023-12-17 09:00:00,2.8,47.3,84.4,43.1,47.4,38.8,327.0
2023-12-17 10:00:00,3.7,47.6,80.4,43.2,47.6,38.5,309.0
2023-12-17 11:00:00,4.6,47.8,79.3,43.8,47.8,38.8,317.0
2023-12-17 12:00:00,4.7,47.9,83.5,44.2,48.3,39.1,327.0
2023-12-17 13:00:00,5.1,47.9,74.4,44.0,47.0,38.8,311.0
2023-12-17 14:00:00,4.8,47.9,82.0,44.3,48.2,39.2,325.0
2023-12-17 15:00:00,4.3,47.7,75.2,43.6,47.0,38.9,309.0
2023-12-17 16:00:00,3.6,48.2,82.6,45.1,48.8,39.1,319.0
2023-12-17 17:00:00,2.8,48.4,85.6,44.7,48.9,39.6,333.0
2023-12-17 18:00:00,1.9,48.6,77.3,44.6,48.1,39.5,323.0
2023-12-17 19:00:00,1.2,48.7,87.8,44.9,49.3,40.0,337.0
2023-12-17 20:00:00,0.5,48.9,87.6,44.5,49.0,39.8,329.0
2023-12-17 21:00:00,0.6,48.9,87.6,44.5,48.9,39.9,325.0
2023-12-17 22:00:00,0.0,49.0,87.4,44.1,43.1,39.8,324.0
2023-12-17 23:00:00,0.0,48.9,81.4,34.5,37.2,32.0,0.0
2023-12-18 00:00:00,-0.3,49.0,76.5,31.9,38.5,30.5,0.0
2023-12-18 01:00:00,-0.8,49.2,75.3,29.5,54.7,28.0,0.0
2023-12-18 02:00:00,-0.9,49.2,66.6,28.0,50.0,27.5,0.0
2023-12-18 03:00:00,-1.1,49.2,66.1,27.5,50.0,26.8,0.0
2023-12-18 04:00:00,-1.4,49.3,62.8,26.9,49.0,26.9,0.0
2023-12-18 05:00:00,-1.6,49.3,60.4,26.6,49.1,27.0,0.0
2023-12-18 06:00:00,-1.7,52.7,72.4,40.1,41.7,27.0,162.0
2023-12-18 07:00:00,-1.7,52.7,77.5,49.9,51.6,39.7,479.0
2023-12-18 08:00:00,-1.3,52.4,86.7,49.7,53.4,42.3,458.0
2023-12-18 09:00:00,0.0,51.5,91.1,47.4,51.8,41.6,398.0
2023-12-18 10:00:00,1.2,50.6,88.5,46.6,50.7,40.9,373.0
2023-12-18 11:00:00,2.3,49.8,86.1,45.8,49.7,40.4,350.0
2023-12-18 12:00:00,3.1,49.3,84.1,45.4,49.2,40.0,347.0
2023-12-18 13:00:00,3.6,48.9,83.6,45.1,49.1,39.8,334.0
2023-12-18 14:00:00,4.0,48.7,81.3,44.5,48.2,39.4,325.0
2023-12-18 15:00:00,4.2,48.5,80.2,44.2,47.9,39.2,319.0
2023-12-18 16:00:00,3.7,48.9,81.2,44.2,48.1,39.2,316.0
2023-12-18 17:00:00,2.8,49.5,84.5,45.7,49.7,40.4,358.0
2023-12-18 18:00:00,2.6,49.6,85.4,45.8,49.8,40.3,344.0
2023-12-18 19:00:00,1.8,50.2,85.9,45.9,50.1,40.5,348.0
2023-12-18 20:00:00,1.3,49.8,86.7,45.7,49.9,40.7,350.0
2023-12-18 21:00:00,1.0,50.0,77.4,46.4,49.3,40.4,340.0
2023-12-18 22:00:00,0.4,50.3,81.4,45.0,43.5,40.6,336.0
2023-12-18 23:00:00,0.3,50.3,75.5,38.1,36.2,32.2,0.0
2023-12-19 00:00:00,-0.3,50.7,68.8,33.7,37.4,31.8,0.0
2023-12-19 01:00:00,-0.4,50.8,60.5,32.5,37.9,31.6,0.0
2023-12-19 02:00:00,-0.4,50.7,64.2,30.9,43.7,31.1,0.0
2023-12-19 03:00:00,-0.8,51.0,65.0,30.1,54.3,28.1,0.0
2023-12-19 04:00:00,-0.9,51.0,56.8,29.3,48.5,27.6,0.0
2023-12-19 05:00:00,-1.3,51.1,24.8,32.7,26.0,22.5,0.0
2023-12-19 06:00:00,-1.6,50.6,77.6,39.3,40.7,24.4,33.0
2023-12-19 07:00:00,-1.8,50.7,85.9,48.4,51.4,40.7,575.0
2023-12-19 08:00:00,-1.0,50.4,89.7,46.4,50.7,40.7,385.0
2023-12-19 09:00:00,0.7,49.7,87.4,45.8,50.0,40.5,375.0
2023-12-19 10:00:00,2.3,49.0,86.1,45.1,49.3,39.9,345.0
2023-12-19 11:00:00,3.5,48.6,84.4,44.6,48.8,39.6,338.0
2023-12-19 12:00:00,4.5,48.2,81.6,44.1,48.1,39.3,328.0
2023-12-19 13:00:00,5.5,47.6,79.4,43.3,47.1,38.6,306.0
2023-12-19 14:00:00,5.7,47.5,79.4,43.9,47.5,38.5,306.0
2023-12-19 15:00:00,6.2,47.2,78.9,43.4,47.3,38.8,316.0
2023-12-19 16:00:00,5.3,47.8,79.0,44.1,47.8,38.4,297.0
2023-12-19 17:00:00,4.4,48.2,83.0,44.9,48.8,39.7,344.0
2023-12-19 18:00:00,3.2,48.7,83.9,44.5,48.6,39.5,326.0
2023-12-19 19:00:00,2.3,49.0,78.3,45.1,47.9,39.5,321.0
2023-12-19 20:00:00,2.1,49.1,85.3,45.5,49.6,40.2,350.0
2023-12-19 21:00:00,1.1,49.5,86.1,45.7,50.0,40.3,347.0
2023-12-19 22:00:00,0.5,49.8,84.8,39.0,40.3,37.3,244.0
2023-12-19 23:00:00,0.0,50.0,82.3,30.6,33.0,29.9,33.0
2023-12-20 00:00:00,0.0,50.0,81.8,27.9,30.8,27.6,42.0
2023-12-20 01:00:00,0.0,50.0,66.2,26.6,29.0,26.1,32.0
2023-12-20 02:00:00,-0.3,50.1,57.0,25.2,27.8,25.1,0.0
2023-12-20 03:00:00,-0.9,50.4,58.2,24.5,27.2,24.4,0.0
2023-12-20 04:00:00,-1.0,50.4,58.7,24.0,26.7,24.0,0.0
2023-12-20 05:00:00,-0.7,50.3,58.7,23.6,26.3,23.6,0.0
2023-12-20 06:00:00,-0.7,48.5,61.7,41.6,44.2,34.8,331.0
2023-12-20 07:00:00,-0.3,48.5,72.0,47.0,48.9,39.0,383.0
2023-12-20 08:00:00,-0.2,48.5,87.3,44.7,49.1,39.5,361.0
2023-12-20 09:00:00,1.9,48.3,87.3,44.0,48.5,39.2,340.0
2023-12-20 10:00:00,3.0,48.2,84.6,43.5,47.8,38.9,325.0
2023-12-20 11:00:00,3.9,48.1,83.5,43.3,47.6,38.7,316.0
2023-12-20 12:00:00,4.9,48.0,81.0,43.5,47.5,38.5,313.0
2023-12-20 13:00:00,5.5,47.6,80.8,43.8,47.5,38.8,318.0
2023-12-20 14:00:00,5.8,46.5,79.3,42.9,46.7,38.4,299.0
2023-12-20 15:00:00,6.5,46.1,78.5,42.5,46.3,38.2,294.0
2023-12-20 16:00:00,6.3,46.2,78.1,42.2,46.1,38.0,280.0
2023-12-20 17:00:00,4.3,47.6,81.4,43.5,47.4,38.4,300.0
2023-12-20 18:00:00,3.3,47.7,84.1,43.8,48.0,39.2,322.0
2023-12-20 19:00:00,4.0,47.6,84.4,43.9,48.4,39.2,315.0
2023-12-20 20:00:00,2.8,47.8,84.1,43.9,48.2,39.3,315.0
2023-12-20 21:00:00,3.3,47.7,81.3,44.2,48.0,39.0,304.0
2023-12-20 22:00:00,4.7,47.5,73.0,43.1,41.6,39.0,296.0
2023-12-20 23:00:00,4.0,47.6,55.9,37.5,36.1,31.8,0.0
2023-12-21 00:00:00,4.0,47.6,55.4,32.5,34.0,30.7,0.0
2023-12-21 01:00:00,4.2,47.6,61.7,28.9,33.6,27.3,0.0
2023-12-21 02:00:00,4.3,47.6,63.6,25.9,36.6,25.6,0.0
2023-12-21 03:00:00,4.3,47.6,63.3,25.4,53.4,26.0,0.0
2023-12-21 04:00:00,4.3,47.6,56.4,25.6,47.2,26.2,0.0
2023-12-21 05:00:00,4.0,47.6,60.7,24.7,28.5,22.3,0.0
2023-12-21 06:00:00,3.5,49.9,68.8,38.4,40.2,28.6,177.0
2023-12-21 07:00:00,3.4,50.8,78.4,49.2,51.4,40.1,466.0
2023-12-21 08:00:00,3.7,50.6,87.7,47.0,51.1,41.0,395.0
2023-12-21 09:00:00,4.2,46.9,85.9,42.9,47.1,40.1,341.0
2023-12-21 10:00:00,6.1,45.9,85.7,40.7,45.4,37.4,255.0
2023-12-21 11:00:00,6.0,49.1,81.4,45.9,49.4,40.2,368.0
2023-12-21 12:00:00,6.9,47.9,79.6,43.6,47.3,38.9,309.0
2023-12-21 13:00:00,7.2,47.6,79.4,43.8,47.6,39.2,316.0
2023-12-21 14:00:00,6.7,48.1,79.4,44.4,48.0,39.0,308.0
2023-12-21 15:00:00,6.4,48.2,78.8,44.7,48.3,39.3,322.0
2023-12-21 16:00:00,5.5,49.0,79.7,45.0,48.6,39.5,325.0
2023-12-21 17:00:00,4.0,50.0,83.4,46.0,50.0,40.1,339.0
2023-12-21 18:00:00,4.1,49.5,84.3,45.6,49.7,40.4,342.0
2023-12-21 19:00:00,3.6,49.8,84.4,45.7,49.6,40.4,338.0
2023-12-21 20:00:00,2.9,50.2,84.9,45.9,50.0,40.6,341.0
2023-12-21 21:00:00,2.1,50.7,79.0,47.3,50.1,41.4,363.0
2023-12-21 22:00:00,2.7,50.3,76.9,45.3,44.2,41.0,340.0
2023-12-21 23:00:00,2.3,50.6,71.4,37.6,36.8,32.5,0.0
2023-12-22 00:00:00,2.1,50.7,71.2,33.0,35.4,31.1,0.0
2023-12-22 01:00:00,2.3,50.6,69.2,29.7,32.2,27.6,0.0
2023-12-22 02:00:00,2.8,50.3,68.8,26.6,35.7,26.2,0.0
2023-12-22 03:00:00,3.1,50.1,68.0,26.0,53.0,26.6,0.0
2023-12-22 04:00:00,3.6,49.8,61.8,26.2,51.4,26.5,0.0
2023-12-22 05:00:00,3.8,49.7,33.0,27.4,25.1,22.1,0.0
2023-12-22 06:00:00,4.2,49.4,71.7,35.5,38.3,24.7,66.0
2023-12-22 07:00:00,4.4,49.3,83.9,46.6,50.4,40.7,526.0
2023-12-22 08:00:00,4.9,49.0,83.2,45.1,49.0,39.7,339.0
2023-12-22 09:00:00,5.2,48.8,81.4,44.7,48.5,39.5,330.0
2023-12-22 10:00:00,5.4,48.6,81.3,44.5,48.5,39.4,326.0
2023-12-22 11:00:00,6.6,46.1,79.6,42.4,46.3,38.8,303.0
2023-12-22 12:00:00,6.9,45.9,79.1,41.4,45.4,37.4,258.0
2023-12-22 13:00:00,7.5,45.5,79.9,41.5,45.6,37.5,274.0
2023-12-22 14:00:00,7.1,45.8,78.5,41.2,45.3,37.3,269.0
2023-12-22 15:00:00,7.2,45.7,79.3,41.4,45.6,37.5,273.0
2023-12-22 16:00:00,6.6,46.1,79.3,41.5,45.6,37.6,272.0
2023-12-22 17:00:00,5.8,46.5,81.0,42.3,46.3,38.0,284.0
2023-12-22 18:00:00,5.6,46.6,80.9,42.7,46.8,38.4,292.0
2023-12-22 19:00:00,5.7,46.6,49.9,42.5,40.2,37.7,248.0
2023-12-22 20:00:00,5.2,46.8,89.2,46.9,50.1,34.3,164.0
2023-12-22 21:00:00,4.6,47.3,83.3,43.8,48.0,39.2,349.0
2023-12-22 22:00:00,4.7,47.2,65.8,42.6,39.1,36.8,221.0
2023-12-22 23:00:00,4.9,47.0,56.3,39.3,34.1,31.5,0.0
2023-12-23 00:00:00,4.6,47.3,51.5,36.9,33.2,30.5,0.0
2023-12-23 01:00:00,4.5,47.4,48.6,34.2,29.3,26.6,0.0
2023-12-23 02:00:00,4.5,47.4,47.0,31.3,27.2,24.8,0.0
2023-12-23 03:00:00,4.2,47.5,45.0,28.6,26.8,24.3,0.0
2023-12-23 04:00:00,4.4,47.4,43.2,26.9,26.5,23.8,0.0
2023-12-23 05:00:00,4.6,47.3,42.3,25.6,26.0,23.3,0.0
2023-12-23 06:00:00,4.8,47.1,82.1,45.8,48.8,37.5,423.0
2023-12-23 07:00:00,4.8,47.1,82.9,43.3,47.4,38.5,322.0
2023-12-23 08:00:00,6.4,47.0,81.0,43.5,47.4,38.1,294.0
2023-12-23 09:00:00,7.0,46.6,74.4,43.5,46.6,37.8,298.0
2023-12-23 10:00:00,6.2,47.2,78.7,43.3,47.0,38.4,311.0
2023-12-23 11:00:00,6.4,47.0,79.6,43.1,47.1,38.7,309.0
2023-12-23 12:00:00,5.3,47.8,79.6,43.9,47.3,38.4,295.0
2023-12-23 13:00:00,5.4,47.8,80.9,44.1,48.0,39.1,325.0
2023-12-23 14:00:00,4.9,48.1,80.7,43.8,47.8,38.9,307.0
2023-12-23 15:00:00,5.1,47.8,82.2,43.8,48.0,39.5,329.0
2023-12-23 16:00:00,5.2,48.3,79.8,45.0,48.5,39.3,315.0
2023-12-23 17:00:00,5.1,48.4,73.8,44.6,47.4,39.1,305.0
2023-12-23 18:00:00,4.3,48.9,83.5,45.1,49.2,40.0,334.0
2023-12-23 19:00:00,3.9,49.2,84.7,45.1,49.3,39.9,325.0
2023-12-23 20:00:00,4.0,49.1,83.6,45.2,49.0,39.9,325.0
2023-12-23 21:00:00,3.8,49.2,84.3,45.4,49.5,40.4,332.0
2023-12-23 22:00:00,4.4,48.9,82.5,45.4,43.9,40.2,322.0
2023-12-23 23:00:00,4.4,48.9,74.4,38.2,35.7,32.5,0.0
2023-12-24 00:00:00,4.4,48.8,64.8,36.1,34.2,31.6,0.0
2023-12-24 01:00:00,4.5,48.8,57.5,34.7,30.0,27.3,0.0
2023-12-24 02:00:00,4.8,48.6,51.9,33.3,27.2,25.0,0.0
2023-12-24 03:00:00,4.3,48.9,47.6,31.9,26.8,24.4,0.0
2023-12-24 04:00:00,4.6,48.6,44.7,30.5,26.4,23.7,0.0
2023-12-24 05:00:00,5.0,48.5,47.0,28.5,25.9,23.3,0.0
2023-12-24 06:00:00,4.5,48.8,65.1,36.4,38.2,25.8,114.0
2023-12-24 07:00:00,3.8,49.2,86.6,45.5,49.8,40.3,513.0
2023-12-24 08:00:00,4.4,48.8,84.3,44.8,48.7,39.6,337.0
2023-12-24 09:00:00,5.8,47.9,85.3,44.0,48.1,39.4,327.0
2023-12-24 10:00:00,7.6,46.6,83.7,43.1,47.2,38.2,293.0
2023-12-24 11:00:00,9.2,46.0,76.6,42.2,46.1,38.2,289.0
2023-12-24 12:00:00,10.1,45.2,70.0,41.2,39.9,37.5,256.0
2023-12-24 13:00:00,10.6,44.8,65.2,38.3,34.3,31.6,0.0
2023-12-24 14:00:00,11.2,44.4,73.2,42.6,45.8,37.2,329.0
2023-12-24 15:00:00,11.4,44.1,63.2,40.2,43.1,36.3,229.0
2023-12-24 16:00:00,10.8,44.6,73.6,41.6,45.2,37.2,267.0
2023-12-24 17:00:00,9.1,46.0,80.0,44.0,47.6,37.9,283.0
2023-12-24 18:00:00,9.1,46.0,82.1,41.1,45.5,37.7,269.0
2023-12-24 19:00:00,8.3,46.7,83.0,42.5,46.9,38.2,285.0
2023-12-24 20:00:00,6.2,48.5,83.8,43.9,48.1,39.0,308.0
2023-12-24 21:00:00,5.4,49.1,85.6,45.0,49.2,39.9,327.0
2023-12-24 22:00:00,4.9,49.5,85.7,44.7,43.4,40.3,326.0
2023-12-24 23:00:00,4.8,49.6,80.1,36.0,37.6,32.3,0.0
2023-12-25 00:00:00,5.3,49.2,76.9,32.6,49.0,31.1,0.0
2023-12-25 01:00:00,5.3,49.2,70.7,30.7,52.8,29.0,0.0
2023-12-25 02:00:00,4.5,49.8,67.5,30.3,50.6,29.0,0.0
2023-12-25 03:00:00,3.9,50.1,65.2,29.5,50.9,28.5,0.0
2023-12-25 04:00:00,4.3,49.8,64.4,28.7,51.3,27.7,0.0
2023-12-25 05:00:00,4.6,49.7,48.3,32.5,33.6,25.1,96.0
2023-12-25 06:00:00,4.8,49.6,67.0,45.7,48.2,40.0,478.0
2023-12-25 07:00:00,4.6,49.7,80.0,47.3,50.4,40.9,370.0
2023-12-25 08:00:00,5.3,49.2,87.2,45.2,49.6,40.4,346.0
2023-12-25 09:00:00,6.9,47.9,85.5,44.2,48.6,39.8,320.0
2023-12-25 10:00:00,8.8,46.3,82.9,42.5,46.6,38.6,285.0
2023-12-25 11:00:00,11.2,44.3,80.3,40.6,44.7,37.7,257.0
2023-12-25 12:00:00,12.5,43.3,73.0,39.2,35.5,33.2,132.0
2023-12-25 13:00:00,13.7,42.2,61.6,37.7,34.0,31.4,0.0
2023-12-25 14:00:00,14.4,42.0,55.7,36.2,33.2,30.7,0.0
2023-12-25 15:00:00,14.6,42.0,53.5,34.5,29.6,27.0,0.0
2023-12-25 16:00:00,12.7,43.9,69.4,42.0,44.0,32.2,206.0
2023-12-25 17:00:00,9.8,45.9,76.0,42.7,46.4,38.2,346.0
2023-12-25 18:00:00,9.3,45.0,75.6,41.4,45.2,37.8,238.0
2023-12-25 19:00:00,8.1,45.6,78.7,41.1,45.2,37.3,212.0
2023-12-25 20:00:00,8.9,45.2,72.5,41.6,44.8,37.5,334.0
2023-12-25 21:00:00,6.7,46.2,72.5,43.1,46.0,38.1,242.0
2023-12-25 22:00:00,5.8,46.6,71.6,41.2,40.8,38.2,303.0
2023-12-25 23:00:00,5.0,47.0,70.2,33.5,44.5,31.6,0.0
2023-12-26 00:00:00,4.8,47.1,65.4,31.5,53.1,30.8,0.0
2023-12-26 01:00:00,5.1,46.9,58.1,31.0,47.3,30.5,0.0
2023-12-26 02:00:00,4.8,47.1,59.3,30.4,48.2,29.3,0.0
2023-12-26 03:00:00,3.7,48.0,55.9,29.7,47.1,27.4,0.0
2023-12-26 04:00:00,3.4,48.2,56.5,27.6,48.3,26.2,0.0
2023-12-26 05:00:00,3.0,48.6,53.8,26.5,47.6,25.6,0.0
2023-12-26 06:00:00,2.2,49.2,63.2,43.9,45.6,36.2,368.0
2023-12-26 07:00:00,2.3,49.1,76.0,47.4,50.0,40.0,390.0
2023-12-26 08:00:00,2.5,49.0,88.9,45.0,49.5,40.1,347.0
2023-12-26 09:00:00,5.0,47.0,85.6,43.3,47.7,39.2,315.0
2023-12-26 10:00:00,7.3,45.9,83.6,42.0,46.3,38.3,279.0
2023-12-26 11:00:00,8.4,45.4,77.6,41.2,45.4,37.3,255.0
2023-12-26 12:00:00,10.0,44.7,75.1,41.1,44.8,37.6,267.0
2023-12-26 13:00:00,11.4,44.1,72.9,39.2,39.0,36.3,208.0
2023-12-26 14:00:00,12.5,43.6,65.1,36.5,34.2,31.6,0.0
2023-12-26 15:00:00,13.3,43.3,65.7,33.5,35.8,30.6,0.0
2023-12-26 16:00:00,11.8,43.9,64.6,29.2,41.3,27.4,0.0
2023-12-26 17:00:00,10.0,44.7,67.7,36.4,38.0,24.6,43.0
2023-12-26 18:00:00,8.8,45.3,77.1,41.8,45.6,37.8,417.0
2023-12-26 19:00:00,8.7,45.3,57.4,41.6,43.2,37.1,254.0
2023-12-26 20:00:00,7.6,45.8,78.4,43.2,46.8,38.6,294.0
2023-12-26 21:00:00,6.3,46.4,75.2,42.9,46.5,37.8,264.0
2023-12-26 22:00:00,7.2,46.0,77.7,40.2,39.3,37.1,232.0
2023-12-26 23:00:00,5.7,46.6,65.4,38.4,34.2,31.7,0.0
2023-12-27 00:00:00,4.7,47.2,57.2,36.7,33.3,30.8,0.0
2023-12-27 01:00:00,4.5,47.4,53.2,34.5,31.2,28.0,0.0
2023-12-27 02:00:00,3.9,47.8,48.9,32.7,27.7,25.5,0.0
2023-12-27 03:00:00,4.6,47.3,46.0,31.1,27.4,25.0,0.0
2023-12-27 04:00:00,4.3,47.5,45.4,29.3,27.1,24.7,0.0
2023-12-27 05:00:00,3.2,48.5,54.3,25.7,28.1,24.4,0.0
2023-12-27 06:00:00,2.5,49.0,84.9,48.1,50.5,36.7,405.0
2023-12-27 07:00:00,2.9,48.6,76.2,47.6,50.2,39.9,373.0
2023-12-27 08:00:00,2.9,49.0,87.8,45.2,49.6,40.1,349.0
2023-12-27 09:00:00,4.7,47.7,86.8,43.8,48.2,39.3,320.0
2023-12-27 10:00:00,6.2,45.7,85.6,41.5,45.9,38.3,290.0
2023-12-27 11:00:00,7.5,45.3,79.5,40.6,44.9,37.0,247.0
2023-12-27 12:00:00,8.7,44.8,78.4,40.4,44.6,36.9,255.0
2023-12-27 13:00:00,9.5,44.6,74.9,39.9,44.1,36.6,242.0
2023-12-27 14:00:00,10.4,44.2,73.7,40.0,43.7,36.4,241.0
2023-12-27 15:00:00,10.4,44.2,74.1,40.0,43.8,36.5,239.0
2023-12-27 16:00:00,9.5,44.6,74.3,40.3,44.0,36.5,241.0
2023-12-27 17:00:00,8.3,45.0,77.3,41.0,44.9,37.1,259.0
2023-12-27 18:00:00,6.5,47.1,79.3,43.2,47.1,38.4,294.0
2023-12-27 19:00:00,6.4,47.2,80.0,43.1,46.9,38.7,296.0
2023-12-27 20:00:00,5.7,47.6,80.9,43.1,47.3,38.8,292.0
2023-12-27 21:00:00,4.8,48.2,69.5,44.6,47.3,39.2,304.0
2023-12-27 22:00:00,4.3,48.4,77.9,43.8,47.9,39.7,319.0
2023-12-27 23:00:00,3.9,48.7,71.6,40.5,36.0,32.0,0.0
2023-12-28 00:00:00,3.3,49.1,60.0,38.6,34.0,31.4,0.0
2023-12-28 01:00:00,3.1,49.3,54.3,36.4,32.2,28.8,0.0
2023-12-28 02:00:00,1.6,50.3,49.9,34.3,27.9,25.8,0.0
2023-12-28 03:00:00,1.8,50.2,46.0,32.5,27.0,24.9,0.0
2023-12-28 04:00:00,1.0,50.7,43.2,30.8,26.6,24.5,0.0
2023-12-28 05:00:00,0.5,51.1,50.3,30.4,32.2,23.9,70.0
2023-12-28 06:00:00,0.6,51.0,75.8,48.3,50.6,41.3,529.0
2023-12-28 07:00:00,0.5,51.1,79.1,49.7,52.2,41.5,383.0
2023-12-28 08:00:00,1.0,50.8,87.7,47.3,51.4,41.4,377.0
2023-12-28 09:00:00,2.8,49.5,86.1,46.1,50.2,40.7,354.0
2023-12-28 10:00:00,4.9,48.0,83.4,44.2,48.3,39.7,316.0
2023-12-28 11:00:00,6.4,47.2,80.2,43.3,47.2,38.9,297.0
2023-12-28 12:00:00,8.2,46.1,78.3,42.7,46.5,38.5,284.0
2023-12-28 13:00:00,10.5,44.9,74.6,41.3,45.0,37.7,259.0
2023-12-28 14:00:00,11.2,44.5,71.7,37.9,37.5,35.3,179.0
2023-12-28 15:00:00,12.2,44.0,63.5,36.5,34.8,31.6,0.0
2023-12-28 16:00:00,11.0,44.6,72.5,43.8,46.5,36.6,318.0
2023-12-28 17:00:00,7.9,46.3,77.6,43.3,47.1,38.3,301.0
2023-12-28 18:00:00,6.9,46.9,78.7,42.6,46.5,38.4,286.0
2023-12-28 19:00:00,5.5,47.7,77.7,44.3,48.0,39.1,305.0
2023-12-28 20:00:00,5.0,48.0,71.9,44.5,47.0,39.1,302.0
2023-12-28 21:00:00,4.0,48.7,82.6,45.1,49.0,40.0,327.0
2023-12-28 22:00:00,3.7,48.9,80.2,46.6,50.1,39.5,307.0
2023-12-28 23:00:00,3.1,49.3,74.1,32.4,34.3,31.4,36.0
2023-12-29 00:00:00,2.8,49.5,74.9,28.5,31.5,30.0,0.0
2023-12-29 01:00:00,2.6,49.6,73.4,27.0,29.6,26.7,0.0
2023-12-29 02:00:00,1.9,50.1,61.9,26.0,28.5,25.7,0.0
2023-12-29 03:00:00,1.5,50.4,49.5,25.1,27.6,25.0,0.0
2023-12-29 04:00:00,1.9,50.1,48.1,24.4,26.9,24.3,0.0
2023-12-29 05:00:00,1.2,50.6,49.8,24.3,26.5,23.9,0.0
2023-12-29 06:00:00,0.9,47.8,71.8,45.6,47.1,35.9,335.0
2023-12-29 07:00:00,0.7,48.0,79.2,45.4,48.6,39.7,383.0
2023-12-29 08:00:00,1.3,47.6,90.3,43.4,48.2,39.2,330.0
2023-12-29 09:00:00,2.9,46.4,87.5,42.3,46.9,38.4,300.0
2023-12-29 10:00:00,4.2,47.4,87.4,43.1,47.7,38.8,311.0
2023-12-29 11:00:00,5.7,46.6,85.4,42.9,47.0,38.7,306.0
2023-12-29 12:00:00,7.1,45.6,82.7,41.3,45.8,37.9,271.0
2023-12-29 13:00:00,8.3,44.8,76.9,40.0,44.2,36.8,244.0
2023-12-29 14:00:00,8.6,44.6,74.6,40.4,44.3,36.6,248.0
2023-12-29 15:00:00,9.0,44.3,73.3,40.3,43.8,36.4,244.0
2023-12-29 16:00:00,8.2,44.8,74.9,41.0,44.7,36.6,251.0
2023-12-29 17:00:00,6.2,46.2,79.3,42.5,46.5,37.8,287.0
2023-12-29 18:00:00,6.7,45.8,82.1,42.1,46.4,38.3,286.0
2023-12-29 19:00:00,5.0,47.0,72.0,44.8,47.5,38.9,302.0
2023-12-29 20:00:00,4.6,47.2,80.0,43.1,47.0,38.9,289.0
2023-12-29 21:00:00,3.6,47.7,80.4,43.2,47.2,38.7,287.0
2023-12-29 22:00:00,3.6,47.7,75.1,43.3,41.9,39.2,291.0
2023-12-29 23:00:00,3.1,47.9,63.7,39.5,35.0,31.9,0.0
2023-12-30 00:00:00,2.7,48.1,61.3,38.9,34.3,31.8,0.0
2023-12-30 01:00:00,2.0,48.5,56.9,34.0,31.0,28.1,0.0
2023-12-30 02:00:00,1.9,48.5,56.3,29.6,27.4,25.4,0.0
2023-12-30 03:00:00,1.6,48.7,55.2,28.9,27.2,25.2,0.0
2023-12-30 04:00:00,1.6,48.7,50.5,26.0,26.7,24.3,0.0
2023-12-30 05:00:00,1.2,48.9,50.1,25.2,26.1,23.6,0.0
2023-12-30 06:00:00,1.8,48.6,86.6,44.8,46.7,29.6,217.0
2023-12-30 07:00:00,1.4,48.8,86.8,44.4,48.7,39.5,453.0
2023-12-30 08:00:00,2.2,48.4,82.6,45.7,49.1,39.2,333.0
2023-12-30 09:00:00,3.3,47.8,81.3,44.5,48.0,39.2,327.0
2023-12-30 10:00:00,5.3,46.8,74.1,42.9,46.3,38.6,301.0
2023-12-30 11:00:00,6.0,46.3,74.8,42.8,46.5,37.8,187.0
2023-12-30 12:00:00,7.1,45.6,78.0,42.2,46.2,37.8,295.0
2023-12-30 13:00:00,8.4,44.7,74.8,45.0,47.2,36.8,334.0
2023-12-30 14:00:00,9.0,44.3,66.7,40.1,43.6,36.9,258.0
2023-12-30 15:00:00,8.7,44.5,74.7,42.1,45.4,37.0,261.0
2023-12-30 16:00:00,7.8,45.1,66.4,41.0,44.4,36.8,252.0
2023-12-30 17:00:00,6.7,47.1,77.7,43.7,47.5,39.0,328.0
2023-12-30 18:00:00,7.0,46.9,69.5,43.2,46.4,39.0,293.0
2023-12-30 19:00:00,6.8,47.0,78.2,43.7,47.5,38.8,296.0
2023-12-30 20:00:00,6.4,47.4,74.7,44.7,48.2,39.2,299.0
2023-12-30 21:00:00,6.5,47.2,78.0,44.3,47.7,39.0,300.0
2023-12-30 22:00:00,6.2,47.5,71.0,44.2,46.3,39.3,300.0
2023-12-30 23:00:00,5.7,48.0,59.8,39.6,35.7,32.3,0.0
2023-12-31 00:00:00,4.7,48.7,59.9,34.6,34.0,31.9,0.0
2023-12-31 01:00:00,3.6,49.2,52.7,33.1,31.0,28.9,0.0
2023-12-31 02:00:00,4.1,48.9,50.0,31.5,27.2,25.6,0.0
2023-12-31 03:00:00,3.8,49.1,46.3,29.8,26.7,24.8,0.0
2023-12-31 04:00:00,3.0,49.4,44.3,28.4,26.6,24.4,0.0
2023-12-31 05:00:00,2.5,49.7,43.0,27.0,26.1,23.9,0.0
2023-12-31 06:00:00,2.0,49.9,83.9,41.0,43.6,28.3,181.0
2023-12-31 07:00:00,1.4,50.1,85.9,46.2,50.1,40.7,487.0
2023-12-31 08:00:00,1.5,50.1,77.9,47.3,50.1,40.4,359.0
2023-12-31 09:00:00,3.6,49.2,74.5,45.1,48.8,40.1,346.0
2023-12-31 10:00:00,5.8,48.0,79.2,44.4,48.2,39.5,331.0
2023-12-31 11:00:00,6.6,47.2,74.2,43.9,46.9,39.1,307.0
2023-12-31 12:00:00,7.8,46.2,68.9,42.5,46.4,38.1,279.0
2023-12-31 13:00:00,8.3,45.8,70.8,42.7,45.5,37.6,277.0
2023-12-31 14:00:00,9.0,45.2,68.0,42.6,45.6,37.2,265.0
2023-12-31 15:00:00,8.9,45.3,69.1,41.4,44.3,37.4,270.0
2023-12-31 16:00:00,8.3,45.8,73.9,42.8,46.2,37.5,272.0
2023-12-31 17:00:00,6.3,47.5,68.8,43.6,46.2,38.9,312.0
2023-12-31 18:00:00,6.5,46.0,71.5,42.2,45.4,38.2,274.0
2023-12-31 19:00:00,6.6,45.9,75.0,42.1,45.7,38.0,271.0
2023-12-31 20:00:00,4.7,47.1,80.2,44.0,48.1,39.2,306.0
2023-12-31 21:00:00,5.3,46.7,74.4,42.9,45.9,38.3,276.0
2023-12-31 22:00:00,5.3,46.8,76.3,42.8,46.4,38.9,298.0
2023-12-31 23:00:00,4.7,47.1,80.9,43.7,47.8,38.8,286.0
2024-01-01 00:00:00,5.2,46.8,79.8,43.3,47.2,39.0,293.0
2024-01-01 01:00:00,5.2,40.0,80.6,41.4,44.7,38.6,279.0
2024-01-01 02:00:00,4.2,40.0,79.3,34.8,39.3,33.1,98.0
2024-01-01 03:00:00,4.7,40.0,74.2,35.6,39.8,33.8,180.0
2024-01-01 04:00:00,3.6,40.0,71.4,35.8,39.8,33.7,174.0
2024-01-01 05:00:00,4.2,40.0,69.9,36.3,40.0,34.1,186.0
2024-01-01 06:00:00,3.2,40.0,71.7,35.5,39.4,33.7,174.0
2024-01-01 07:00:00,3.6,44.3,66.9,41.0,43.7,36.0,243.0
2024-01-01 08:00:00,3.9,44.4,66.8,39.5,42.9,36.6,255.0
2024-01-01 09:00:00,5.6,44.6,79.5,41.4,45.3,37.5,275.0
2024-01-01 10:00:00,7.5,43.6,70.3,39.7,43.3,36.3,222.0
2024-01-01 11:00:00,9.1,42.7,72.6,39.0,43.2,36.2,236.0
2024-01-01 12:00:00,10.3,42.0,65.7,39.3,42.8,35.1,195.0
2024-01-01 13:00:00,12.2,42.6,72.0,39.5,43.1,36.7,243.0
2024-01-01 14:00:00,13.1,42.3,66.5,37.1,35.2,31.9,46.0
2024-01-01 15:00:00,13.2,42.2,56.7,35.8,33.7,31.9,0.0
2024-01-01 16:00:00,12.3,42.9,58.2,38.0,40.5,30.7,134.0
2024-01-01 17:00:00,11.3,43.2,73.0,39.5,43.3,36.3,307.0
2024-01-01 18:00:00,9.4,45.5,74.9,43.6,46.9,38.0,293.0
2024-01-01 19:00:00,8.8,46.2,67.2,42.5,45.3,38.1,276.0
2024-01-01 20:00:00,8.1,46.6,68.0,42.3,45.8,38.6,282.0
2024-01-01 21:00:00,7.7,46.8,79.1,43.6,47.3,39.0,294.0
2024-01-01 22:00:00,7.6,46.8,73.7,43.3,47.0,38.8,280.0
2024-01-01 23:00:00,7.6,46.8,64.3,42.4,45.9,38.8,277.0
2024-01-02 00:00:00,7.2,46.9,75.0,43.8,46.4,38.6,280.0
2024-01-02 01:00:00,7.1,47.0,78.2,43.9,47.4,38.9,299.0
2024-01-02 02:00:00,6.8,45.6,71.3,41.9,45.2,38.6,264.0
2024-01-02 03:00:00,6.6,45.6,79.6,42.9,46.8,38.0,255.0
2024-01-02 04:00:00,6.2,43.1,72.9,39.0,42.9,35.7,181.0
2024-01-02 05:00:00,6.2,43.1,67.1,39.4,43.0,36.3,228.0
2024-01-02 06:00:00,6.0,46.5,73.2,41.8,45.2,36.4,234.0
2024-01-02 07:00:00,6.0,46.5,78.8,42.7,46.5,38.9,308.0
2024-01-02 08:00:00,6.1,46.5,78.3,43.4,47.0,38.5,275.0
2024-01-02 09:00:00,6.4,46.3,72.9,43.1,46.5,38.2,262.0
2024-01-02 10:00:00,7.5,45.8,73.9,42.3,45.5,38.5,283.0
2024-01-02 11:00:00,8.5,45.4,77.2,43.1,46.7,37.8,258.0
2024-01-02 12:00:00,8.6,45.4,66.2,41.5,45.2,37.2,243.0
2024-01-02 13:00:00,8.9,45.2,73.2,41.9,45.5,37.4,265.0
2024-01-02 14:00:00,8.8,45.3,68.6,42.2,45.4,37.3,255.0
2024-01-02 15:00:00,8.6,45.4,73.3,42.3,46.0,38.0,271.0
2024-01-02 16:00:00,7.8,45.7,71.3,42.4,46.1,38.1,263.0
2024-01-02 17:00:00,6.5,46.3,77.0,43.2,47.0,38.3,277.0
2024-01-02 18:00:00,6.2,46.4,62.3,44.0,45.0,38.3,268.0
2024-01-02 19:00:00,5.4,46.8,76.1,45.2,48.0,38.5,283.0
2024-01-02 20:00:00,4.3,47.5,65.6,43.2,45.5,39.5,286.0
2024-01-02 21:00:00,3.7,47.9,53.5,43.0,44.9,39.5,291.0
2024-01-02 22:00:00,3.3,48.4,69.7,45.0,48.7,39.9,316.0
2024-01-02 23:00:00,3.4,48.2,63.9,44.5,47.0,39.8,299.0
2024-01-03 00:00:00,3.3,48.4,61.2,46.8,40.6,38.2,236.0
2024-01-03 01:00:00,3.3,48.3,37.6,43.7,35.4,33.4,0.0
2024-01-03 02:00:00,3.7,48.1,38.5,35.1,34.3,32.5,0.0
2024-01-03 03:00:00,3.8,47.9,36.8,33.5,30.7,28.6,0.0
2024-01-03 04:00:00,4.2,47.5,39.9,29.9,28.8,26.1,0.0
2024-01-03 05:00:00,4.7,47.2,39.7,26.3,27.7,25.2,0.0
2024-01-03 06:00:00,5.2,46.8,83.3,45.9,48.5,35.2,310.0
2024-01-03 07:00:00,5.6,48.0,81.1,44.8,48.7,39.7,366.0
2024-01-03 08:00:00,6.3,47.7,81.0,44.0,48.0,39.3,303.0
2024-01-03 09:00:00,6.7,47.5,73.6,42.9,46.6,39.0,288.0
2024-01-03 10:00:00,7.1,47.2,78.7,43.6,47.4,39.2,298.0
2024-01-03 11:00:00,8.1,46.6,72.2,43.2,46.8,38.6,270.0
2024-01-03 12:00:00,9.1,45.9,77.2,43.5,47.3,38.3,269.0
2024-01-03 13:00:00,9.3,45.9,77.0,42.6,46.1,38.1,265.0
2024-01-03 14:00:00,9.6,45.6,67.5,44.1,46.2,37.5,245.0
2024-01-03 15:00:00,9.6,45.7,63.6,43.2,46.8,38.3,262.0
2024-01-03 16:00:00,9.5,45.7,69.5,44.0,46.6,38.1,262.0
2024-01-03 17:00:00,9.5,45.8,72.7,44.3,47.9,38.1,260.0
2024-01-03 18:00:00,9.5,45.7,75.2,45.2,47.6,38.1,260.0
2024-01-03 19:00:00,9.1,45.9,69.9,44.3,46.9,37.8,254.0
2024-01-03 20:00:00,9.7,45.6,57.3,42.0,44.5,38.1,261.0
2024-01-03 21:00:00,9.1,46.0,56.5,42.4,43.8,38.1,256.0
2024-01-03 22:00:00,8.7,45.3,57.1,41.4,43.8,37.8,251.0
2024-01-03 23:00:00,8.1,45.6,46.6,37.9,37.8,35.6,177.0
2024-01-04 00:00:00,6.6,46.2,45.4,33.5,34.5,32.5,0.0
2024-01-04 01:00:00,5.7,46.6,43.9,32.0,33.7,31.5,0.0
2024-01-04 02:00:00,5.6,46.7,44.1,29.9,33.3,28.4,0.0
2024-01-04 03:00:00,4.9,47.0,43.4,26.2,31.9,26.1,0.0
2024-01-04 04:00:00,4.5,47.4,43.2,25.0,35.4,25.3,0.0
2024-01-04 05:00:00,4.6,47.3,43.8,24.8,38.3,25.0,0.0
2024-01-04 06:00:00,5.0,46.9,77.4,41.9,42.8,26.9,114.0
2024-01-04 07:00:00,6.1,48.2,83.5,44.4,48.3,40.1,468.0
2024-01-04 08:00:00,6.2,48.2,80.8,44.0,47.9,39.1,296.0
2024-01-04 09:00:00,7.6,47.2,80.7,43.8,47.6,39.5,307.0
2024-01-04 10:00:00,10.8,45.0,77.6,41.9,45.9,38.6,272.0
2024-01-04 11:00:00,11.7,45.2,72.1,41.7,45.1,37.2,229.0
2024-01-04 12:00:00,12.4,44.8,71.9,41.5,45.0,37.6,255.0
2024-01-04 13:00:00,9.5,46.5,69.4,42.7,45.4,37.8,260.0
2024-01-04 14:00:00,8.9,43.7,66.9,40.3,42.9,36.5,208.0
2024-01-04 15:00:00,9.3,43.6,72.8,41.1,44.7,36.7,236.0
2024-01-04 16:00:00,9.3,43.6,64.9,40.4,44.7,36.5,221.0
2024-01-04 17:00:00,9.0,43.7,66.1,41.1,45.7,36.6,227.0
2024-01-04 18:00:00,8.6,44.0,56.1,40.1,42.7,37.0,238.0
2024-01-04 19:00:00,8.6,44.0,73.1,42.2,45.0,36.9,232.0
2024-01-04 20:00:00,8.1,44.2,70.9,41.9,46.1,37.0,235.0
2024-01-04 21:00:00,7.6,44.5,56.9,40.7,43.2,37.2,239.0
2024-01-04 22:00:00,7.2,46.2,59.5,43.5,44.5,38.5,282.0
2024-01-04 23:00:00,6.7,46.7,47.9,40.6,40.5,37.9,133.0
2024-01-05 00:00:00,6.3,46.9,42.9,38.6,36.4,33.9,0.0
2024-01-05 01:00:00,5.5,47.6,42.1,36.4,31.6,29.5,0.0
2024-01-05 02:00:00,4.4,48.3,42.3,30.9,29.6,27.5,0.0
2024-01-05 03:00:00,4.2,48.5,40.3,29.0,28.4,26.3,0.0
2024-01-05 04:00:00,4.0,48.7,40.6,27.2,27.7,25.3,0.0
2024-01-05 05:00:00,2.8,49.5,41.5,24.9,27.7,24.5,0.0
2024-01-05 06:00:00,2.3,48.3,84.5,46.1,49.0,32.0,259.0
2024-01-05 07:00:00,2.1,45.9,67.5,41.6,43.8,37.4,324.0
2024-01-05 08:00:00,2.6,45.7,73.4,42.9,47.3,37.9,290.0
2024-01-05 09:00:00,4.3,44.8,68.0,42.2,44.0,37.2,258.0
2024-01-05 10:00:00,6.1,43.9,62.3,40.5,44.1,36.8,243.0
2024-01-05 11:00:00,7.4,43.3,60.2,40.7,42.4,36.3,230.0
2024-01-05 12:00:00,8.8,42.6,53.2,35.2,32.2,29.9,51.0
2024-01-05 13:00:00,9.9,42.0,60.0,30.4,40.2,30.2,0.0
2024-01-05 14:00:00,9.9,42.0,58.6,29.4,46.1,29.1,0.0
2024-01-05 15:00:00,10.2,41.9,52.4,29.1,40.6,29.6,0.0
2024-01-05 16:00:00,9.9,42.0,52.4,28.8,43.0,29.0,0.0
2024-01-05 17:00:00,10.4,41.8,47.8,28.5,41.6,29.3,0.0
2024-01-05 18:00:00,9.7,44.7,82.0,37.2,30.3,25.3,77.0
2024-01-05 19:00:00,9.6,46.5,77.7,42.6,46.4,38.1,423.0
2024-01-05 20:00:00,8.8,47.2,73.5,43.7,46.9,38.5,296.0
2024-01-05 21:00:00,8.5,47.4,76.3,44.3,48.1,39.5,317.0
2024-01-05 22:00:00,9.1,46.9,72.6,42.5,41.7,38.8,282.0
2024-01-05 23:00:00,9.3,46.7,62.4,38.6,35.2,32.1,0.0
2024-01-06 00:00:00,9.4,46.6,55.8,36.9,33.6,31.6,0.0
2024-01-06 01:00:00,9.3,46.8,53.5,34.7,31.6,28.9,0.0
2024-01-06 02:00:00,8.3,47.7,53.8,30.6,27.9,26.1,0.0
2024-01-06 03:00:00,7.9,48.1,51.8,27.8,27.5,25.3,0.0
2024-01-06 04:00:00,8.2,47.8,50.9,26.2,27.2,24.9,0.0
2024-01-06 05:00:00,7.3,48.7,53.2,25.1,27.7,24.6,0.0
2024-01-06 06:00:00,7.0,45.8,81.1,44.6,47.6,35.9,346.0
2024-01-06 07:00:00,7.4,45.6,79.2,41.8,45.9,37.9,302.0
2024-01-06 08:00:00,7.5,45.5,71.7,41.6,45.1,37.6,266.0
2024-01-06 09:00:00,9.3,44.5,73.1,39.9,43.9,36.9,250.0
2024-01-06 10:00:00,9.2,44.6,72.7,41.3,44.9,37.1,258.0
2024-01-06 11:00:00,9.8,44.3,73.2,40.8,44.4,36.9,255.0
2024-01-06 12:00:00,11.0,43.6,71.6,40.7,43.9,36.5,240.0
2024-01-06 13:00:00,13.5,42.2,67.5,38.9,37.6,35.4,190.0
2024-01-06 14:00:00,13.3,42.3,43.8,37.5,34.2,32.3,0.0
2024-01-06 15:00:00,13.0,42.5,41.1,35.6,33.3,31.5,0.0
2024-01-06 16:00:00,11.3,43.5,62.6,38.8,39.0,28.5,111.0
2024-01-06 17:00:00,11.1,45.6,77.7,44.3,47.1,36.2,335.0
2024-01-06 18:00:00,11.2,45.6,71.6,41.3,44.9,37.7,285.0
2024-01-06 19:00:00,10.7,45.7,75.1,43.6,46.4,38.0,276.0
2024-01-06 20:00:00,10.1,45.8,71.7,43.0,45.8,37.8,269.0
2024-01-06 21:00:00,10.2,45.8,76.9,43.0,46.5,38.2,278.0
2024-01-06 22:00:00,10.2,45.8,69.8,42.9,45.9,37.9,260.0
2024-01-06 23:00:00,10.4,44.2,71.6,40.1,43.8,36.6,224.0
2024-01-07 00:00:00,10.1,44.3,67.3,41.3,44.5,37.1,246.0
2024-01-07 01:00:00,10.0,44.3,72.2,39.4,38.6,36.3,204.0
2024-01-07 02:00:00,10.1,44.3,61.7,37.8,34.3,32.5,0.0
2024-01-07 03:00:00,10.4,44.2,55.4,36.4,33.6,31.7,0.0
2024-01-07 04:00:00,10.6,44.1,53.4,34.1,30.4,28.2,0.0
2024-01-07 05:00:00,10.1,44.3,51.1,32.2,28.0,26.0,0.0
2024-01-07 06:00:00,10.1,47.1,75.6,42.0,43.2,28.9,144.0
2024-01-07 07:00:00,8.3,47.8,83.3,44.2,48.3,39.3,421.0
2024-01-07 08:00:00,8.6,47.6,70.9,43.9,47.1,39.3,305.0
2024-01-07 09:00:00,8.4,47.7,78.7,44.0,47.3,39.1,304.0
2024-01-07 10:00:00,8.6,47.5,79.0,44.0,48.0,39.3,299.0
2024-01-07 11:00:00,9.0,47.2,74.9,43.3,47.1,38.9,286.0
2024-01-07 12:00:00,10.3,46.4,73.5,42.7,46.0,39.0,294.0
2024-01-07 13:00:00,11.6,45.6,70.0,42.5,45.0,37.7,248.0
2024-01-07 14:00:00,12.2,45.1,75.7,39.3,38.8,36.6,208.0
2024-01-07 15:00:00,11.9,45.4,69.2,39.5,42.2,29.9,72.0
2024-01-07 16:00:00,11.3,45.8,63.9,41.9,43.1,33.1,154.0
2024-01-07 17:00:00,9.7,46.9,67.9,43.4,45.8,38.9,346.0
2024-01-07 18:00:00,8.9,46.1,77.2,42.3,46.1,38.4,271.0
2024-01-07 19:00:00,8.6,46.3,78.7,42.3,46.1,38.3,266.0
2024-01-07 20:00:00,8.7,45.3,79.3,42.0,45.9,38.3,264.0
2024-01-07 21:00:00,8.5,45.4,78.5,41.3,45.4,37.8,248.0
2024-01-07 22:00:00,8.5,45.4,78.3,41.2,45.2,37.7,249.0
2024-01-07 23:00:00,8.6,45.4,78.2,41.2,45.2,37.7,249.0
2024-01-08 00:00:00,7.8,45.7,76.8,39.6,39.3,36.6,204.0
2024-01-08 01:00:00,6.6,46.2,63.1,36.8,34.3,32.4,0.0
2024-01-08 02:00:00,5.6,46.7,54.9,35.3,33.3,31.6,0.0
2024-01-08 03:00:00,4.3,47.5,60.6,31.9,30.5,28.0,0.0
2024-01-08 04:00:00,3.4,48.2,54.3,29.1,27.7,26.0,0.0
2024-01-08 05:00:00,2.8,48.7,66.4,39.5,40.0,25.7,0.0
2024-01-08 06:00:00,2.4,48.3,81.7,46.5,50.0,39.8,497.0
2024-01-08 07:00:00,2.3,48.3,85.2,44.1,48.3,39.5,321.0
2024-01-08 08:00:00,2.4,48.3,85.0,44.0,48.3,39.4,314.0
2024-01-08 09:00:00,2.5,48.3,85.0,44.0,48.2,39.3,315.0
2024-01-08 10:00:00,2.6,48.2,85.3,44.0,48.3,39.4,314.0
2024-01-08 11:00:00,2.6,48.2,84.9,44.0,48.2,39.4,312.0
2024-01-08 12:00:00,2.2,48.4,82.2,43.8,47.6,39.2,307.0
2024-01-08 13:00:00,2.1,48.4,85.0,44.4,48.6,39.8,327.0
2024-01-08 14:00:00,2.0,48.5,85.0,44.2,48.3,39.5,310.0
2024-01-08 15:00:00,1.6,48.7,86.3,44.3,48.6,39.6,312.0
2024-01-08 16:00:00,1.0,47.8,86.2,44.5,48.7,39.8,316.0
2024-01-08 17:00:00,0.5,48.1,87.4,43.9,48.3,39.5,298.0
2024-01-08 18:00:00,0.6,48.0,87.2,43.8,48.3,39.5,312.0
2024-01-08 19:00:00,0.2,48.3,87.4,43.8,48.2,39.5,305.0
2024-01-08 20:00:00,-0.2,48.6,86.8,43.7,48.1,39.4,305.0
2024-01-08 21:00:00,-0.2,48.7,86.9,43.7,48.2,39.4,306.0
2024-01-08 22:00:00,-0.3,65.0,87.9,55.0,57.7,45.4,535.0
2024-01-08 23:00:00,-0.4,48.8,86.7,43.6,48.0,39.4,241.0
2024-01-09 00:00:00,-0.5,48.9,82.2,36.8,34.8,32.3,80.0
2024-01-09 01:00:00,-0.7,49.0,78.7,30.5,29.9,27.6,0.0
2024-01-09 02:00:00,-1.0,49.2,78.2,26.2,28.8,25.9,0.0
2024-01-09 03:00:00,-1.2,49.4,76.2,26.0,29.3,25.9,38.0
2024-01-09 04:00:00,-1.5,49.5,75.9,26.0,29.2,25.9,44.0
2024-01-09 05:00:00,-1.2,50.6,63.0,40.2,41.1,31.4,200.0
2024-01-09 06:00:00,-1.5,50.9,77.0,49.4,51.5,39.5,419.0
2024-01-09 07:00:00,-1.7,51.1,84.7,47.8,51.3,41.4,412.0
2024-01-09 08:00:00,-1.5,50.9,91.4,47.0,51.3,41.3,381.0
2024-01-09 09:00:00,-1.2,50.6,91.0,46.3,50.6,40.9,364.0
2024-01-09 10:00:00,-1.0,50.4,90.8,46.2,50.8,40.8,362.0
2024-01-09 11:00:00,-0.3,49.7,89.5,46.0,50.4,40.7,357.0
2024-01-09 12:00:00,-0.8,50.3,89.6,45.3,49.6,40.3,341.0
2024-01-09 13:00:00,-0.2,49.7,89.8,45.3,49.7,40.4,344.0
2024-01-09 14:00:00,-0.7,50.2,89.7,45.4,49.7,40.5,342.0
2024-01-09 15:00:00,-1.0,49.8,87.0,45.0,49.2,40.1,339.0
2024-01-09 16:00:00,-1.6,50.4,86.9,45.9,50.0,40.2,341.0
2024-01-09 17:00:00,-2.0,50.6,89.4,46.8,51.0,40.9,369.0
2024-01-09 18:00:00,-1.7,50.4,89.6,46.3,50.7,41.1,365.0
2024-01-09 19:00:00,-1.4,50.2,88.2,45.8,50.0,40.7,345.0
2024-01-09 20:00:00,-1.8,50.5,89.3,45.9,50.0,40.7,348.0
2024-01-09 21:00:00,-2.6,51.1,90.3,47.0,51.2,41.0,365.0
2024-01-09 22:00:00,-2.8,51.4,90.7,47.4,51.4,41.4,366.0
2024-01-09 23:00:00,-2.4,42.2,87.9,36.2,41.2,34.6,152.0
2024-01-10 00:00:00,-2.0,42.2,86.7,37.7,42.5,35.4,229.0
2024-01-10 01:00:00,-2.0,42.3,87.0,37.9,42.7,35.5,227.0
2024-01-10 02:00:00,-2.3,42.2,86.8,37.7,42.6,35.4,223.0
2024-01-10 03:00:00,-2.2,42.2,87.1,37.1,41.8,35.4,224.0
2024-01-10 04:00:00,-2.7,42.2,87.7,37.5,42.4,35.2,219.0
2024-01-10 05:00:00,-2.9,49.0,84.7,44.9,48.7,38.0,316.0
2024-01-10 06:00:00,-2.7,48.9,92.5,44.7,49.4,40.1,372.0
2024-01-10 07:00:00,-3.2,47.4,92.4,42.1,47.0,38.8,304.0
2024-01-10 08:00:00,-3.6,47.6,93.6,42.6,47.5,38.5,305.0
2024-01-10 09:00:00,-2.2,47.1,93.0,42.9,47.9,38.9,318.0
2024-01-10 10:00:00,-1.2,46.8,92.6,41.7,46.7,38.2,293.0
2024-01-10 11:00:00,-0.7,46.7,91.7,41.4,46.2,37.9,292.0
2024-01-10 12:00:00,-0.1,46.5,90.0,40.9,45.8,37.5,281.0
2024-01-10 13:00:00,-0.2,46.5,90.1,42.0,46.7,38.0,305.0
2024-01-10 14:00:00,-0.1,46.5,89.6,42.1,46.9,38.2,303.0
2024-01-10 15:00:00,-0.4,46.6,88.3,41.9,46.6,38.1,297.0
2024-01-10 16:00:00,-0.5,46.6,89.4,42.1,46.7,38.2,301.0
2024-01-10 17:00:00,-1.5,46.9,90.5,42.3,47.1,38.2,301.0
2024-01-10 18:00:00,-1.8,47.0,90.9,42.9,47.7,38.7,315.0
2024-01-10 19:00:00,-1.9,47.1,91.3,41.6,46.4,38.1,291.0
2024-01-10 20:00:00,-2.3,50.1,91.6,46.2,50.6,40.5,368.0
2024-01-10 21:00:00,-2.9,50.3,89.8,45.6,50.0,40.4,353.0
2024-01-10 22:00:00,-3.7,50.6,92.9,46.5,50.9,41.0,368.0
2024-01-10 23:00:00,-4.2,43.9,91.0,39.9,43.4,38.6,283.0
2024-01-11 00:00:00,-4.6,43.9,90.0,38.9,43.9,36.3,220.0
2024-01-11 01:00:00,-5.1,44.3,89.9,39.1,44.1,36.4,253.0
2024-01-11 02:00:00,-5.7,45.2,91.8,39.9,44.9,36.7,266.0
2024-01-11 03:00:00,-5.7,45.2,93.9,39.7,45.0,36.7,268.0
2024-01-11 04:00:00,-5.8,45.4,92.7,40.1,45.2,37.1,278.0
2024-01-11 05:00:00,-6.3,46.2,93.9,40.7,45.8,37.3,283.0
2024-01-11 06:00:00,-6.4,55.7,95.0,52.6,56.4,44.4,510.0
2024-01-11 07:00:00,-6.5,54.9,88.3,50.0,53.6,43.6,442.0
2024-01-11 08:00:00,-6.0,54.6,87.7,51.6,54.6,43.2,431.0
2024-01-11 09:00:00,-4.4,53.3,85.6,50.7,54.0,43.2,432.0
2024-01-11 10:00:00,-3.1,52.3,84.7,48.7,52.1,42.0,388.0
2024-01-11 11:00:00,-2.0,51.3,83.9,48.2,51.5,41.5,376.0
2024-01-11 12:00:00,-1.3,50.7,82.0,47.1,50.5,41.0,362.0
2024-01-11 13:00:00,-1.1,49.9,80.5,47.0,50.1,39.2,305.0
2024-01-11 14:00:00,-0.6,49.5,80.6,46.7,50.0,40.6,368.0
2024-01-11 15:00:00,-0.4,48.3,80.3,44.2,47.8,39.3,304.0
2024-01-11 16:00:00,-1.1,48.7,80.9,45.1,48.6,39.5,320.0
2024-01-11 17:00:00,-1.7,49.0,81.7,45.6,49.2,39.9,335.0
2024-01-11 18:00:00,-2.5,49.6,82.8,45.9,49.5,40.1,343.0
2024-01-11 19:00:00,-3.1,49.8,83.5,46.2,49.9,40.3,350.0
2024-01-11 20:00:00,-3.9,50.4,84.4,46.6,50.3,40.6,355.0
2024-01-11 21:00:00,-4.5,50.7,84.2,46.6,50.2,40.7,354.0
2024-01-11 22:00:00,-4.7,50.8,85.4,46.8,50.5,40.8,361.0
2024-01-11 23:00:00,-4.3,50.6,86.5,47.0,50.9,41.0,360.0
2024-01-12 00:00:00,-4.2,44.0,84.1,38.9,43.7,35.9,185.0
2024-01-12 01:00:00,-4.4,44.0,84.6,39.5,44.1,36.4,254.0
2024-01-12 02:00:00,-4.0,44.0,84.7,39.6,44.2,36.6,255.0
2024-01-12 03:00:00,-3.8,44.0,84.4,39.6,44.1,36.6,254.0
2024-01-12 04:00:00,-3.6,44.0,84.8,39.5,44.0,36.5,256.0
2024-01-12 05:00:00,-3.5,54.7,90.5,45.5,49.7,36.4,266.0
2024-01-12 06:00:00,-3.3,54.5,91.3,50.9,54.8,43.7,535.0
2024-01-12 07:00:00,-3.1,51.3,84.4,46.6,50.5,41.4,359.0
2024-01-12 08:00:00,-3.1,50.2,84.6,46.7,50.4,40.7,362.0
2024-01-12 09:00:00,-2.4,49.6,83.8,46.6,50.2,40.7,360.0
2024-01-12 10:00:00,-2.2,49.4,82.3,45.4,49.1,39.6,325.0
2024-01-12 11:00:00,-2.0,50.0,82.8,46.9,50.3,40.4,366.0
2024-01-12 12:00:00,-1.3,49.4,88.5,45.3,49.7,40.3,359.0
2024-01-12 13:00:00,-0.9,49.7,86.9,44.6,48.8,39.7,333.0
2024-01-12 14:00:00,-0.8,49.6,87.3,45.5,49.6,40.1,351.0
2024-01-12 15:00:00,-0.7,49.5,87.3,45.7,49.9,40.3,349.0
2024-01-12 16:00:00,-1.1,49.8,88.2,45.8,50.1,40.3,350.0
2024-01-12 17:00:00,-1.0,49.7,88.6,45.3,49.7,40.4,354.0
2024-01-12 18:00:00,-1.1,49.9,89.0,45.0,49.4,40.0,337.0
2024-01-12 19:00:00,-1.4,50.1,88.8,45.7,50.2,40.2,349.0
2024-01-12 20:00:00,-1.2,49.9,88.6,46.3,50.3,40.7,362.0
2024-01-12 21:00:00,-1.1,49.8,89.0,46.2,50.5,40.7,356.0
2024-01-12 22:00:00,-1.0,49.8,88.2,45.0,49.3,40.1,333.0
2024-01-12 23:00:00,-0.8,42.9,87.2,39.0,42.6,37.8,264.0
2024-01-13 00:00:00,-1.3,43.2,87.8,38.0,42.9,35.5,202.0
2024-01-13 01:00:00,-1.3,43.2,88.3,38.3,43.2,35.8,238.0
2024-01-13 02:00:00,-1.5,42.6,86.9,37.4,42.2,35.1,220.0
2024-01-13 03:00:00,-1.4,42.6,88.1,37.5,42.5,35.1,227.0
2024-01-13 04:00:00,-1.2,42.5,87.6,37.5,42.3,35.2,230.0
2024-01-13 05:00:00,-1.2,42.5,84.7,37.3,42.0,35.1,225.0
2024-01-13 06:00:00,-1.6,48.5,89.1,45.7,49.8,38.8,337.0
2024-01-13 07:00:00,-1.4,47.8,89.1,43.0,47.7,38.9,319.0
2024-01-13 08:00:00,-1.2,47.7,87.1,42.6,47.1,38.6,306.0
2024-01-13 09:00:00,-0.7,47.2,86.7,42.4,47.0,38.3,306.0
2024-01-13 10:00:00,0.0,46.4,87.0,42.0,46.6,38.0,294.0
2024-01-13 11:00:00,0.4,47.2,86.7,42.5,47.0,38.0,302.0
2024-01-13 12:00:00,1.5,47.0,85.2,42.6,47.0,38.4,315.0
2024-01-13 13:00:00,0.7,47.5,84.8,43.4,47.5,38.3,305.0
2024-01-13 14:00:00,0.8,47.5,84.2,43.2,47.3,38.8,326.0
2024-01-13 15:00:00,0.5,47.7,85.2,43.9,48.1,38.7,313.0
2024-01-13 16:00:00,0.3,47.8,84.5,43.5,47.6,39.0,326.0
2024-01-13 17:00:00,0.0,48.0,84.6,43.5,47.8,38.6,141.0
2024-01-13 18:00:00,-1.1,48.7,84.8,44.2,48.7,39.4,509.0
2024-01-13 19:00:00,-1.8,49.1,87.7,45.3,49.3,40.0,346.0
2024-01-13 20:00:00,-2.3,49.4,86.5,45.7,49.6,39.6,334.0
2024-01-13 21:00:00,-2.8,49.7,87.1,45.8,49.6,40.0,350.0
2024-01-13 22:00:00,-3.5,50.1,87.3,45.8,49.8,40.3,359.0
2024-01-13 23:00:00,-3.5,50.1,92.4,46.1,50.6,40.5,359.0
2024-01-14 00:00:00,-4.6,50.8,92.4,45.9,50.4,40.7,361.0
2024-01-14 01:00:00,-4.8,50.9,94.3,46.1,50.8,40.7,361.0
2024-01-14 02:00:00,-4.8,43.0,90.4,37.4,41.3,36.2,223.0
2024-01-14 03:00:00,-5.6,44.1,87.0,39.0,43.8,35.9,236.0
2024-01-14 04:00:00,-5.7,44.3,93.0,38.8,43.9,36.3,261.0
2024-01-14 05:00:00,-5.6,44.1,93.9,39.1,44.3,36.6,265.0
2024-01-14 06:00:00,-5.5,52.4,95.2,49.9,53.4,38.3,346.0
2024-01-14 07:00:00,-6.2,55.6,94.7,51.9,55.8,44.2,514.0
2024-01-14 08:00:00,-5.4,55.2,96.1,51.3,55.6,44.1,455.0
2024-01-14 09:00:00,-3.2,53.3,93.2,49.9,54.2,43.3,432.0
2024-01-14 10:00:00,-1.4,51.5,91.0,46.9,51.2,41.4,365.0
2024-01-14 11:00:00,0.0,49.0,91.2,44.7,49.4,40.1,327.0
2024-01-14 12:00:00,1.4,47.8,85.6,44.4,48.7,39.0,302.0
2024-01-14 13:00:00,1.9,47.4,83.9,43.7,48.0,38.8,317.0
2024-01-14 14:00:00,2.1,47.2,79.7,43.3,47.2,38.6,305.0
2024-01-14 15:00:00,2.7,46.8,83.8,43.4,47.6,38.7,311.0
2024-01-14 16:00:00,2.0,47.4,83.6,42.8,46.9,38.3,298.0
2024-01-14 17:00:00,0.1,48.9,86.5,44.3,48.7,39.2,326.0
2024-01-14 18:00:00,0.7,48.4,86.6,45.0,49.2,39.8,342.0
2024-01-14 19:00:00,0.1,48.9,86.6,44.3,48.5,39.2,319.0
2024-01-14 20:00:00,-0.7,49.6,88.4,45.1,49.5,39.9,346.0
2024-01-14 21:00:00,-1.3,50.1,89.3,45.4,49.9,40.1,347.0
2024-01-14 22:00:00,-1.7,40.0,90.2,42.3,45.4,40.4,346.0
2024-01-14 23:00:00,-1.6,40.0,87.8,34.5,39.5,32.8,85.0
2024-01-15 00:00:00,-2.1,40.0,78.5,35.1,39.4,33.6,195.0
2024-01-15 01:00:00,-2.3,40.0,85.7,35.6,40.4,33.7,197.0
2024-01-15 02:00:00,-2.9,40.0,85.1,35.8,40.6,34.0,208.0
2024-01-15 03:00:00,-2.9,40.0,86.3,35.0,39.7,33.4,191.0
2024-01-15 04:00:00,-2.6,40.0,84.6,34.6,39.3,33.1,181.0
2024-01-15 05:00:00,-2.3,47.2,90.8,43.3,47.5,35.0,273.0
2024-01-15 06:00:00,-2.2,50.8,90.5,46.1,50.3,38.8,373.0
2024-01-15 07:00:00,-1.1,49.9,89.1,45.9,50.3,40.7,393.0
2024-01-15 08:00:00,0.8,48.3,86.6,44.6,48.9,39.8,337.0
2024-01-15 09:00:00,1.7,47.6,85.9,43.5,47.8,39.1,322.0
2024-01-15 10:00:00,2.0,47.4,84.9,43.2,47.4,38.8,158.0
2024-01-15 11:00:00,3.4,46.2,84.3,42.5,46.9,38.3,452.0
2024-01-15 12:00:00,4.8,45.1,81.3,41.0,45.1,37.6,277.0
2024-01-15 13:00:00,5.3,44.8,80.2,40.0,44.2,36.6,241.0
2024-01-15 14:00:00,6.4,44.1,78.9,39.6,43.8,36.3,255.0
2024-01-15 15:00:00,5.7,44.6,79.2,40.1,44.2,36.5,225.0
2024-01-15 16:00:00,5.5,44.7,81.1,40.7,44.7,36.9,298.0
2024-01-15 17:00:00,5.4,44.7,80.9,40.8,44.8,36.9,78.0
2024-01-15 18:00:00,5.4,46.6,81.0,42.2,46.0,37.3,473.0
2024-01-15 19:00:00,4.9,47.0,81.2,42.9,46.8,38.2,306.0
2024-01-15 20:00:00,5.1,47.9,83.2,43.3,47.6,38.6,308.0
2024-01-15 21:00:00,4.9,48.0,80.3,45.4,48.5,39.2,324.0
2024-01-15 22:00:00,4.6,48.2,77.9,43.6,39.9,37.7,250.0
2024-01-15 23:00:00,5.2,47.8,59.3,41.3,34.5,32.6,0.0
2024-01-16 00:00:00,5.7,47.3,53.6,38.9,33.1,30.9,0.0
2024-01-16 01:00:00,5.1,48.0,50.9,36.5,29.4,27.3,0.0
2024-01-16 02:00:00,2.4,49.3,54.0,29.8,27.5,25.7,0.0
2024-01-16 03:00:00,1.9,49.5,48.7,28.8,27.0,25.0,0.0
2024-01-16 04:00:00,2.0,49.5,23.7,36.1,25.6,22.4,0.0
2024-01-16 05:00:00,1.9,49.5,37.3,39.4,38.5,22.5,0.0
2024-01-16 06:00:00,1.9,49.5,82.5,49.3,51.3,38.8,495.0
2024-01-16 07:00:00,1.7,49.6,86.1,44.9,49.1,39.6,369.0
2024-01-16 08:00:00,1.9,49.5,86.1,46.3,50.2,40.1,368.0
2024-01-16 09:00:00,2.3,49.4,85.8,44.8,48.9,39.5,343.0
2024-01-16 10:00:00,3.1,48.9,84.5,44.6,48.6,39.4,337.0
2024-01-16 11:00:00,3.7,48.6,83.6,44.4,48.5,39.2,333.0
2024-01-16 12:00:00,4.0,48.5,83.5,44.2,48.1,38.9,323.0
2024-01-16 13:00:00,4.8,48.1,81.4,43.8,47.7,38.9,314.0
2024-01-16 14:00:00,5.3,47.7,81.3,43.6,47.5,38.7,312.0
2024-01-16 15:00:00,4.6,45.3,79.9,43.0,46.7,39.1,320.0
2024-01-16 16:00:00,3.8,45.9,78.8,41.5,45.3,37.0,247.0
2024-01-16 17:00:00,3.5,46.2,81.2,42.3,46.2,37.4,92.0
2024-01-16 18:00:00,2.0,47.4,84.7,43.0,47.3,38.5,527.0
2024-01-16 19:00:00,1.0,48.2,85.4,43.2,47.6,38.7,312.0
2024-01-16 20:00:00,0.8,48.3,83.7,44.2,48.2,39.0,321.0
2024-01-16 21:00:00,0.5,48.6,86.8,44.5,48.8,39.5,328.0
2024-01-16 22:00:00,0.3,48.7,85.2,45.1,49.1,39.7,331.0
2024-01-16 23:00:00,0.2,48.7,85.9,44.3,42.2,39.9,319.0
2024-01-17 00:00:00,-0.7,49.5,62.8,41.9,35.1,32.8,0.0
2024-01-17 01:00:00,-0.9,49.8,60.6,38.8,34.0,31.9,0.0
2024-01-17 02:00:00,0.0,49.0,54.5,35.3,29.7,27.9,0.0
2024-01-17 03:00:00,0.1,48.8,50.5,32.9,27.4,25.7,0.0
2024-01-17 04:00:00,-0.3,49.3,47.5,30.9,26.9,25.0,0.0
2024-01-17 05:00:00,0.0,49.7,27.5,39.6,29.2,24.9,0.0
2024-01-17 06:00:00,1.2,50.2,77.7,47.7,49.0,36.6,382.0
2024-01-17 07:00:00,0.4,50.8,82.6,47.7,51.3,41.4,452.0
2024-01-17 08:00:00,1.7,49.8,90.4,46.0,50.4,40.7,373.0
2024-01-17 09:00:00,1.6,49.9,88.4,45.1,49.5,39.8,342.0
2024-01-17 10:00:00,2.6,49.0,88.5,45.4,49.6,40.0,355.0
2024-01-17 11:00:00,5.6,46.5,86.0,42.2,46.6,38.5,300.0
2024-01-17 12:00:00,7.6,44.9,83.0,41.0,45.4,37.3,271.0
2024-01-17 13:00:00,8.6,44.2,79.8,40.3,44.5,36.8,259.0
2024-01-17 14:00:00,9.5,43.5,79.8,39.6,43.8,36.4,248.0
2024-01-17 15:00:00,10.1,43.0,73.0,38.7,42.4,35.8,230.0
2024-01-17 16:00:00,10.3,44.6,74.3,42.1,45.3,36.4,259.0
2024-01-17 17:00:00,10.2,44.6,75.3,41.5,45.2,37.2,274.0
2024-01-17 18:00:00,9.5,45.0,75.6,41.4,45.1,37.2,269.0
2024-01-17 19:00:00,9.8,44.8,74.8,41.2,44.8,37.4,272.0
2024-01-17 20:00:00,9.8,44.8,75.2,41.1,45.0,37.0,254.0
2024-01-17 21:00:00,10.5,44.5,68.9,41.2,44.1,36.7,249.0
2024-01-17 22:00:00,10.8,44.4,66.1,40.3,43.7,36.8,252.0
2024-01-17 23:00:00,9.4,45.0,54.7,38.4,34.2,32.3,0.0
2024-01-18 00:00:00,9.3,45.0,50.2,36.7,33.5,31.5,0.0
2024-01-18 01:00:00,8.8,45.3,48.5,35.0,31.0,28.5,0.0
2024-01-18 02:00:00,9.0,45.2,53.6,29.3,27.9,26.2,0.0
2024-01-18 03:00:00,8.7,45.3,48.3,28.6,27.1,25.1,0.0
2024-01-18 04:00:00,9.8,44.8,44.5,28.3,26.6,24.6,0.0
2024-01-18 05:00:00,10.6,46.1,27.3,25.4,25.7,24.3,0.0
2024-01-18 06:00:00,11.4,45.8,73.6,43.4,44.8,31.9,239.0
2024-01-18 07:00:00,11.1,45.9,79.7,42.3,46.2,38.1,367.0
2024-01-18 08:00:00,11.7,45.8,79.3,41.8,45.8,37.6,280.0
2024-01-18 09:00:00,11.3,45.9,78.5,41.8,45.7,37.7,279.0
2024-01-18 10:00:00,13.8,45.0,78.4,41.8,45.8,37.7,276.0
2024-01-18 11:00:00,15.1,45.0,70.1,40.7,38.4,36.1,210.0
2024-01-18 12:00:00,15.3,45.0,40.1,39.1,34.1,32.2,0.0
2024-01-18 13:00:00,15.4,45.0,37.8,36.8,33.2,31.1,0.0
2024-01-18 14:00:00,15.3,45.0,37.0,34.7,29.9,27.9,0.0
2024-01-18 15:00:00,15.1,45.0,38.1,32.8,27.4,25.6,0.0
2024-01-18 16:00:00,14.2,45.0,71.2,37.9,40.0,26.4,108.0
2024-01-18 17:00:00,13.8,45.0,76.2,42.6,46.0,37.0,384.0
2024-01-18 18:00:00,13.3,45.2,76.4,41.8,45.6,37.6,280.0
2024-01-18 19:00:00,12.9,45.3,77.5,41.7,45.6,37.6,264.0
2024-01-18 20:00:00,13.2,45.2,68.4,41.6,44.6,37.5,258.0
2024-01-18 21:00:00,12.8,45.4,74.9,42.9,46.4,37.7,274.0
2024-01-18 22:00:00,12.8,45.4,73.1,41.3,39.4,37.2,240.0
2024-01-18 23:00:00,12.6,45.4,62.4,39.0,34.3,32.3,0.0
2024-01-19 00:00:00,12.2,45.6,55.6,37.2,33.6,31.8,0.0
2024-01-19 01:00:00,12.1,45.6,50.7,35.7,31.1,28.8,0.0
2024-01-19 02:00:00,11.3,45.9,54.1,30.3,28.3,26.5,0.0
2024-01-19 03:00:00,11.5,45.8,48.7,29.6,27.4,25.6,0.0
2024-01-19 04:00:00,11.0,46.0,44.8,29.2,27.0,25.0,0.0
2024-01-19 05:00:00,12.1,45.6,56.9,23.7,26.3,22.5,0.0
2024-01-19 06:00:00,12.3,45.6,69.3,40.7,41.7,30.0,182.0
2024-01-19 07:00:00,12.2,45.6,73.3,42.7,45.9,38.1,374.0
2024-01-19 08:00:00,12.7,45.4,73.2,42.4,45.8,37.8,275.0
2024-01-19 09:00:00,13.6,45.1,72.0,42.4,45.5,37.8,273.0
2024-01-19 10:00:00,14.2,45.0,71.9,42.2,45.7,37.8,267.0
2024-01-19 11:00:00,15.5,45.0,61.0,41.1,34.9,32.7,123.0
2024-01-19 12:00:00,16.9,45.0,53.6,38.5,34.0,32.1,0.0
2024-01-19 13:00:00,16.1,45.0,50.7,36.4,34.3,30.4,0.0
2024-01-19 14:00:00,16.1,45.0,63.8,29.3,27.2,25.0,0.0
2024-01-19 15:00:00,7.3,47.2,69.0,41.6,43.2,31.4,191.0
2024-01-19 16:00:00,4.7,47.2,81.4,43.5,47.3,39.2,385.0
2024-01-19 17:00:00,3.2,49.0,84.3,44.6,48.5,39.0,316.0
2024-01-19 18:00:00,2.7,49.5,85.9,45.7,49.9,40.3,348.0
2024-01-19 19:00:00,2.2,50.1,86.1,46.0,50.1,40.6,345.0
2024-01-19 20:00:00,2.2,50.2,85.1,46.8,50.9,40.9,347.0
2024-01-19 21:00:00,2.3,50.1,77.2,46.4,49.8,41.0,350.0
2024-01-19 22:00:00,2.0,50.4,84.5,46.4,50.0,41.0,345.0
2024-01-19 23:00:00,1.3,51.2,54.3,43.1,36.7,33.7,0.0
2024-01-20 00:00:00,0.8,51.8,58.7,37.3,34.6,32.6,0.0
2024-01-20 01:00:00,0.2,52.5,50.8,34.2,31.2,29.3,0.0
2024-01-20 02:00:00,0.2,52.5,48.7,32.0,28.1,26.5,0.0
2024-01-20 03:00:00,0.1,52.6,45.4,30.0,27.1,25.3,0.0
2024-01-20 04:00:00,-0.2,53.0,43.6,28.3,26.5,24.6,0.0
2024-01-20 05:00:00,-0.2,53.0,43.5,26.6,26.1,24.1,0.0
2024-01-20 06:00:00,-0.4,51.5,88.1,50.0,53.0,40.0,529.0
2024-01-20 07:00:00,-0.3,51.4,84.2,47.3,51.2,41.3,403.0
2024-01-20 08:00:00,-0.1,51.2,87.3,47.5,51.6,41.2,378.0
2024-01-20 09:00:00,0.1,50.9,87.1,47.6,51.5,41.2,385.0
2024-01-20 10:00:00,0.0,51.0,85.4,46.6,50.8,40.8,365.0
2024-01-20 11:00:00,0.0,51.0,87.0,47.8,51.6,41.2,380.0
2024-01-20 12:00:00,0.1,50.9,87.2,47.0,51.0,41.0,369.0
2024-01-20 13:00:00,0.0,51.0,87.6,47.6,51.3,40.9,366.0
2024-01-20 14:00:00,0.2,49.8,87.0,46.3,50.4,40.7,363.0
2024-01-20 15:00:00,0.1,49.9,83.7,45.4,49.6,40.3,339.0
2024-01-20 16:00:00,-0.2,50.4,86.9,47.1,50.9,40.7,359.0
2024-01-20 17:00:00,-0.5,50.6,86.2,46.9,51.1,40.9,358.0
2024-01-20 18:00:00,-0.6,50.7,84.0,46.0,49.9,40.8,359.0
2024-01-20 19:00:00,-0.5,50.6,73.7,46.3,47.9,41.1,361.0
2024-01-20 20:00:00,-0.4,50.5,87.6,46.9,51.0,41.3,365.0
2024-01-20 21:00:00,-0.2,50.3,87.1,46.6,50.7,41.0,357.0
2024-01-20 22:00:00,-0.3,50.4,86.5,46.5,50.5,40.9,355.0
2024-01-20 23:00:00,-0.2,50.3,86.6,45.7,44.0,40.8,351.0
2024-01-21 00:00:00,-0.4,50.5,73.2,40.4,32.8,30.4,0.0
2024-01-21 01:00:00,-0.8,50.9,66.2,37.7,28.7,26.4,0.0
2024-01-21 02:00:00,-1.3,51.4,63.9,31.1,26.9,24.5,0.0
2024-01-21 03:00:00,-1.5,51.6,59.7,27.5,25.6,23.5,0.0
2024-01-21 04:00:00,-1.9,52.0,62.2,24.9,25.1,22.7,0.0
2024-01-21 05:00:00,-2.1,51.2,65.0,43.9,45.6,36.0,389.0
2024-01-21 06:00:00,-2.0,51.1,81.2,50.4,52.2,40.3,423.0
2024-01-21 07:00:00,-1.7,50.8,92.4,46.5,51.0,41.0,396.0
2024-01-21 08:00:00,-1.5,50.5,89.4,45.9,50.3,40.6,371.0
2024-01-21 09:00:00,-0.8,49.9,88.6,45.6,50.0,40.2,357.0
2024-01-21 10:00:00,-0.3,49.4,87.2,45.2,49.4,39.9,346.0
2024-01-21 11:00:00,0.0,50.1,86.7,45.0,49.2,39.8,342.0
2024-01-21 12:00:00,0.5,49.5,86.3,46.0,50.1,40.4,364.0
2024-01-21 13:00:00,1.4,48.6,85.5,44.7,48.8,39.6,334.0
2024-01-21 14:00:00,0.9,49.1,85.2,44.5,48.7,39.5,328.0
2024-01-21 15:00:00,0.6,49.4,85.5,45.8,49.8,40.1,350.0
2024-01-21 16:00:00,0.5,49.6,86.4,45.6,49.6,40.4,356.0
2024-01-21 17:00:00,-0.1,50.2,86.9,46.0,50.1,40.2,341.0
2024-01-21 18:00:00,-1.0,51.1,88.9,46.7,50.7,40.8,364.0
2024-01-21 19:00:00,-1.4,51.5,89.1,47.1,51.3,41.1,372.0
2024-01-21 20:00:00,-1.6,51.8,88.8,47.2,51.1,41.3,368.0
2024-01-21 21:00:00,-2.6,52.7,89.6,48.1,52.2,41.5,381.0
2024-01-21 22:00:00,-3.4,53.5,91.7,49.4,53.6,42.5,405.0
2024-01-21 23:00:00,-4.0,42.2,91.7,49.9,52.7,43.0,413.0
2024-01-22 00:00:00,-3.8,42.3,89.4,36.6,41.8,34.3,103.0
2024-01-22 01:00:00,-4.3,42.1,89.7,37.7,42.9,35.4,237.0
2024-01-22 02:00:00,-4.6,42.0,88.6,36.6,41.5,34.9,210.0
2024-01-22 03:00:00,-4.6,42.0,90.0,36.3,41.9,34.6,210.0
2024-01-22 04:00:00,-4.3,42.1,90.2,37.4,42.5,35.2,237.0
2024-01-22 05:00:00,-4.3,42.1,89.7,37.5,42.6,35.4,234.0
2024-01-22 06:00:00,-3.6,51.0,90.2,47.6,51.7,41.4,445.0
2024-01-22 07:00:00,-3.1,51.5,90.9,46.8,51.2,41.1,377.0
2024-01-22 08:00:00,-3.1,51.5,91.1,46.9,51.3,41.0,377.0
2024-01-22 09:00:00,-2.4,51.0,90.0,46.3,50.5,40.8,362.0
2024-01-22 10:00:00,-1.9,50.6,88.3,45.8,49.9,40.4,365.0
2024-01-22 11:00:00,-1.1,49.9,87.2,45.3,49.6,40.1,346.0
2024-01-22 12:00:00,-0.3,49.3,87.4,45.3,49.4,40.1,342.0
2024-01-22 13:00:00,-0.2,49.3,86.6,45.2,49.3,39.9,343.0
2024-01-22 14:00:00,-0.2,49.2,87.4,45.2,49.5,39.9,345.0
2024-01-22 15:00:00,-0.3,49.3,87.3,45.2,49.4,39.8,344.0
2024-01-22 16:00:00,-0.6,49.5,87.5,45.1,49.3,39.9,344.0
2024-01-22 17:00:00,-0.9,49.8,86.7,45.2,49.3,39.9,343.0
2024-01-22 18:00:00,-2.3,50.9,89.2,47.1,51.2,40.7,367.0
2024-01-22 19:00:00,-2.9,51.4,90.9,46.4,50.9,40.9,372.0
2024-01-22 20:00:00,-3.0,51.4,90.4,47.9,52.1,41.5,383.0
2024-01-22 21:00:00,-3.7,49.2,90.7,43.9,48.7,39.5,308.0
2024-01-22 22:00:00,-4.0,47.6,91.1,43.4,48.0,39.6,329.0
2024-01-22 23:00:00,-4.0,47.6,89.8,42.1,41.0,38.7,281.0
2024-01-23 00:00:00,-4.1,47.6,65.3,39.3,31.6,29.3,0.0
2024-01-23 01:00:00,-4.1,47.7,62.9,35.4,27.9,25.6,0.0
2024-01-23 02:00:00,-4.0,47.6,56.1,31.9,26.1,23.9,0.0
2024-01-23 03:00:00,-2.0,46.8,50.8,30.1,25.1,22.9,0.0
2024-01-23 04:00:00,-4.4,47.8,46.2,28.5,24.5,22.1,0.0
2024-01-23 05:00:00,-4.7,47.9,63.3,43.9,45.9,37.7,475.0
2024-01-23 06:00:00,-4.5,54.4,80.6,44.4,49.4,39.5,375.0
2024-01-23 07:00:00,-4.8,52.9,82.7,51.7,54.2,43.3,511.0
2024-01-23 08:00:00,-4.2,52.3,90.9,48.7,52.8,42.3,406.0
2024-01-23 09:00:00,-0.7,48.8,90.4,44.4,49.1,40.3,351.0
2024-01-23 10:00:00,0.3,47.7,87.0,43.1,47.5,38.6,300.0
2024-01-23 11:00:00,0.9,47.1,87.1,43.0,47.5,38.6,316.0
2024-01-23 12:00:00,2.0,46.3,86.0,42.4,46.8,38.4,307.0
2024-01-23 13:00:00,2.5,45.7,83.8,41.3,46.1,37.9,284.0
2024-01-23 14:00:00,3.2,46.3,80.8,40.7,45.0,36.3,247.0
2024-01-23 15:00:00,2.3,48.7,84.2,45.0,48.9,39.0,349.0
2024-01-23 16:00:00,1.8,49.2,85.6,45.3,49.4,40.3,363.0
2024-01-23 17:00:00,2.0,49.0,85.2,44.7,48.9,39.7,329.0
2024-01-23 18:00:00,2.1,48.9,85.7,44.6,48.8,39.6,331.0
2024-01-23 19:00:00,2.1,48.9,84.9,44.7,48.8,39.6,331.0
2024-01-23 20:00:00,2.0,49.0,87.4,44.7,49.2,39.6,331.0
2024-01-23 21:00:00,2.0,49.0,80.3,46.0,49.2,39.9,340.0
2024-01-23 22:00:00,2.1,48.9,82.1,45.1,48.9,39.9,331.0
2024-01-23 23:00:00,2.0,49.0,68.1,39.4,33.8,32.3,0.0
2024-01-24 00:00:00,1.9,49.2,58.7,37.0,33.7,32.1,0.0
2024-01-24 01:00:00,2.0,48.9,53.0,34.6,30.6,28.5,0.0
2024-01-24 02:00:00,1.9,49.1,52.2,32.1,27.0,25.3,0.0
2024-01-24 03:00:00,1.8,49.3,52.9,27.9,26.2,24.2,0.0
2024-01-24 04:00:00,1.9,49.1,56.5,24.4,26.8,23.8,0.0
2024-01-24 05:00:00,1.5,49.4,23.9,33.0,26.2,25.1,0.0
2024-01-24 06:00:00,1.4,50.2,69.1,43.7,44.9,33.6,309.0
2024-01-24 07:00:00,1.5,50.1,79.4,47.9,50.9,40.5,445.0
2024-01-24 08:00:00,1.7,48.8,89.1,44.6,49.1,40.1,364.0
2024-01-24 09:00:00,2.9,48.2,87.3,43.2,47.7,38.8,321.0
2024-01-24 10:00:00,4.4,47.0,86.9,42.8,47.2,38.4,310.0
2024-01-24 11:00:00,5.1,46.5,85.7,42.7,47.0,38.4,311.0
2024-01-24 12:00:00,5.5,46.8,80.1,42.0,46.0,37.8,288.0
2024-01-24 13:00:00,6.0,47.1,71.0,45.8,47.8,37.5,266.0
2024-01-24 14:00:00,6.5,45.6,79.0,40.7,44.8,37.5,281.0
2024-01-24 15:00:00,7.0,45.5,78.4,41.7,45.5,37.4,275.0
2024-01-24 16:00:00,6.4,45.6,78.5,41.7,45.5,37.5,278.0
2024-01-24 17:00:00,5.9,45.8,78.9,42.0,45.9,37.7,283.0
2024-01-24 18:00:00,5.6,45.8,80.8,42.4,46.4,38.0,290.0
2024-01-24 19:00:00,5.2,45.9,80.4,41.9,46.0,38.0,290.0
2024-01-24 20:00:00,4.8,46.2,78.9,41.4,45.3,37.5,272.0
2024-01-24 21:00:00,4.9,46.0,80.7,42.3,46.5,37.8,287.0
2024-01-24 22:00:00,3.9,46.9,80.2,43.3,42.4,38.4,297.0
2024-01-24 23:00:00,4.4,46.5,70.4,38.6,34.9,32.1,0.0
2024-01-25 00:00:00,4.1,46.8,60.9,36.8,34.8,31.7,0.0
2024-01-25 01:00:00,4.0,46.9,65.4,31.3,32.0,28.6,0.0
2024-01-25 02:00:00,4.2,46.7,62.9,28.1,27.7,25.5,0.0
2024-01-25 03:00:00,4.4,46.5,58.6,26.3,26.7,24.4,0.0
2024-01-25 04:00:00,3.8,46.9,56.3,25.1,26.3,24.0,0.0
2024-01-25 05:00:00,3.3,47.5,23.5,34.0,25.4,22.1,0.0
2024-01-25 06:00:00,3.3,47.5,77.8,40.0,42.0,26.5,156.0
2024-01-25 07:00:00,3.2,47.6,84.2,44.1,48.1,39.2,460.0
2024-01-25 08:00:00,3.7,47.1,84.1,43.4,47.7,38.6,324.0
2024-01-25 09:00:00,4.7,46.2,83.4,42.4,46.6,38.3,311.0
2024-01-25 10:00:00,6.0,45.8,80.9,41.5,45.5,37.5,283.0
2024-01-25 11:00:00,7.1,45.5,78.9,41.1,45.0,37.2,275.0
2024-01-25 12:00:00,8.9,43.4,77.7,40.0,44.0,36.7,259.0
2024-01-25 13:00:00,9.4,43.0,73.3,38.3,42.3,35.4,223.0
2024-01-25 14:00:00,9.5,43.5,74.8,39.2,43.2,35.7,242.0
2024-01-25 15:00:00,8.4,44.3,75.5,39.7,43.5,35.9,247.0
2024-01-25 16:00:00,8.2,44.5,76.9,40.8,44.9,36.8,272.0
2024-01-25 17:00:00,6.9,45.5,78.2,41.3,45.2,37.2,276.0
2024-01-25 18:00:00,6.4,45.9,79.1,41.8,45.8,37.5,284.0
2024-01-25 19:00:00,6.0,46.2,78.3,41.9,45.7,37.8,282.0
2024-01-25 20:00:00,6.5,45.9,76.1,42.1,45.4,37.7,276.0
2024-01-25 21:00:00,5.5,46.5,78.8,43.0,46.7,38.3,294.0
2024-01-25 22:00:00,5.6,46.5,77.4,42.8,40.3,37.9,266.0
2024-01-25 23:00:00,6.3,45.9,45.1,41.2,34.3,32.2,0.0
2024-01-26 00:00:00,5.3,46.7,41.9,38.1,33.4,31.5,0.0
2024-01-26 01:00:00,4.8,47.1,55.1,34.8,33.2,28.0,0.0
2024-01-26 02:00:00,3.9,47.9,49.8,28.6,27.0,25.2,0.0
2024-01-26 03:00:00,4.9,47.0,46.1,27.8,26.4,24.3,0.0
2024-01-26 04:00:00,5.5,46.6,43.1,27.1,25.9,23.9,0.0
2024-01-26 05:00:00,5.8,46.3,46.8,25.7,26.1,23.5,0.0
2024-01-26 06:00:00,5.5,46.6,69.9,40.8,42.3,29.3,193.0
2024-01-26 07:00:00,5.5,46.5,79.2,43.5,47.4,38.7,413.0
2024-01-26 08:00:00,6.2,46.1,80.8,42.5,46.4,37.9,305.0
2024-01-26 09:00:00,7.8,44.8,79.4,41.5,45.4,37.5,286.0
2024-01-26 10:00:00,8.1,44.5,78.5,40.2,44.3,36.6,256.0
2024-01-26 11:00:00,7.8,44.8,77.8,40.6,44.6,36.6,263.0
2024-01-26 12:00:00,7.5,45.0,77.5,40.9,44.9,36.9,273.0
2024-01-26 13:00:00,7.8,44.8,78.4,41.1,45.1,37.0,273.0
2024-01-26 14:00:00,7.6,44.9,77.6,41.1,45.1,37.1,273.0
2024-01-26 15:00:00,7.4,45.1,78.3,41.2,45.2,37.2,273.0
2024-01-26 16:00:00,7.3,45.1,77.8,41.2,45.2,37.3,274.0
2024-01-26 17:00:00,6.4,45.9,79.3,41.4,45.4,37.3,272.0
2024-01-26 18:00:00,5.6,46.5,80.6,42.6,46.5,37.8,285.0
2024-01-26 19:00:00,5.4,46.6,81.2,43.4,47.3,38.5,310.0
2024-01-26 20:00:00,4.1,47.7,75.0,44.5,47.1,38.3,294.0
2024-01-26 21:00:00,3.1,48.5,80.5,44.5,48.3,39.2,329.0
2024-01-26 22:00:00,1.8,49.5,83.2,46.4,50.2,39.6,333.0
2024-01-26 23:00:00,1.8,49.5,75.0,40.6,36.1,32.4,0.0
2024-01-27 00:00:00,1.0,50.2,65.5,38.2,33.9,32.2,0.0
2024-01-27 01:00:00,1.5,49.8,64.7,34.0,31.2,28.0,0.0
2024-01-27 02:00:00,2.0,49.4,67.0,26.3,29.1,25.3,0.0
2024-01-27 03:00:00,2.1,49.3,68.1,23.6,26.5,23.5,0.0
2024-01-27 04:00:00,2.0,49.4,68.6,24.3,27.4,24.2,34.0
2024-01-27 05:00:00,2.1,49.3,69.2,24.4,27.4,24.4,34.0
2024-01-27 06:00:00,2.1,49.3,75.2,45.9,47.9,35.7,361.0
2024-01-27 07:00:00,2.4,49.0,88.7,44.8,49.2,39.9,404.0
2024-01-27 08:00:00,2.9,49.0,87.2,44.0,48.4,39.2,333.0
2024-01-27 09:00:00,5.0,48.0,85.1,43.8,48.0,39.1,330.0
2024-01-27 10:00:00,5.2,47.7,83.0,43.6,47.6,38.6,311.0
2024-01-27 11:00:00,5.5,47.4,81.3,43.9,47.7,38.9,321.0
2024-01-27 12:00:00,6.1,46.7,79.3,43.2,47.0,38.6,307.0
2024-01-27 13:00:00,7.2,45.4,78.5,42.0,46.0,38.2,294.0
2024-01-27 14:00:00,7.2,45.4,77.7,40.9,44.9,37.2,257.0
2024-01-27 15:00:00,6.9,45.8,77.8,42.1,45.9,37.5,280.0
2024-01-27 16:00:00,6.3,46.5,78.9,44.0,47.4,37.8,290.0
2024-01-27 17:00:00,5.7,47.2,77.5,44.3,47.6,38.6,312.0
2024-01-27 18:00:00,5.2,47.7,77.4,44.5,47.9,39.0,313.0
2024-01-27 19:00:00,5.4,48.2,79.4,43.7,47.6,39.0,307.0
2024-01-27 20:00:00,4.6,48.8,82.7,45.4,48.9,39.8,342.0
2024-01-27 21:00:00,4.8,49.7,81.2,47.4,50.1,40.1,337.0
2024-01-27 22:00:00,4.5,49.8,82.5,46.3,45.7,40.4,351.0
2024-01-27 23:00:00,4.4,49.9,60.9,42.9,36.0,33.4,0.0
2024-01-28 00:00:00,3.7,50.3,54.6,40.0,34.3,32.7,0.0
2024-01-28 01:00:00,3.0,50.6,56.7,34.3,29.7,28.1,0.0
2024-01-28 02:00:00,2.8,50.7,53.5,32.1,27.1,25.3,0.0
2024-01-28 03:00:00,2.8,50.7,49.0,30.1,26.4,24.6,0.0
2024-01-28 04:00:00,2.8,50.7,45.4,28.6,26.1,24.1,0.0
2024-01-28 05:00:00,2.6,50.8,47.1,26.9,25.9,23.5,0.0
2024-01-28 06:00:00,3.2,50.5,86.1,49.1,50.9,35.7,386.0
2024-01-28 07:00:00,2.7,50.8,85.6,47.2,50.9,40.7,437.0
2024-01-28 08:00:00,2.8,50.7,82.2,47.5,50.7,41.0,383.0
2024-01-28 09:00:00,3.1,50.6,82.8,46.8,50.5,40.7,370.0
2024-01-28 10:00:00,3.6,50.3,83.5,47.1,50.8,40.8,368.0
2024-01-28 11:00:00,3.6,50.3,78.1,46.4,49.7,40.7,359.0
2024-01-28 12:00:00,4.0,50.1,81.8,46.6,49.9,40.7,361.0
2024-01-28 13:00:00,4.2,50.0,82.3,46.6,50.1,40.7,356.0
2024-01-28 14:00:00,4.3,47.5,78.4,42.7,46.7,38.9,298.0
2024-01-28 15:00:00,4.0,47.8,82.1,44.5,48.3,39.0,316.0
2024-01-28 16:00:00,3.8,48.0,84.5,44.7,48.8,39.7,322.0
2024-01-28 17:00:00,3.5,48.2,84.5,44.5,48.8,39.6,317.0
2024-01-28 18:00:00,3.5,48.2,84.3,44.5,48.5,39.6,321.0
2024-01-28 19:00:00,3.7,48.0,84.2,44.5,48.6,39.6,320.0
2024-01-28 20:00:00,3.7,48.0,84.3,44.2,48.4,39.5,320.0
2024-01-28 21:00:00,3.7,48.0,84.3,43.9,48.0,39.3,305.0
2024-01-28 22:00:00,3.8,47.9,83.3,43.0,41.5,39.1,287.0
2024-01-28 23:00:00,3.7,48.0,69.2,40.1,35.2,32.5,0.0
2024-01-29 00:00:00,3.6,48.1,61.3,37.9,33.8,32.1,0.0
2024-01-29 01:00:00,3.5,48.2,62.8,32.5,31.3,28.9,0.0
2024-01-29 02:00:00,3.5,48.2,57.5,31.0,27.6,25.9,0.0
2024-01-29 03:00:00,3.3,48.3,53.3,29.3,27.1,25.0,0.0
2024-01-29 04:00:00,2.9,48.6,50.2,27.8,26.5,24.5,0.0
2024-01-29 05:00:00,3.0,48.6,34.4,36.8,36.0,23.6,0.0
2024-01-29 06:00:00,2.8,48.7,77.7,46.6,48.4,34.8,321.0
2024-01-29 07:00:00,2.7,48.8,87.5,44.7,48.9,39.6,408.0
2024-01-29 08:00:00,2.8,48.6,86.9,44.3,48.6,39.2,336.0
2024-01-29 09:00:00,3.3,48.3,86.4,44.3,48.6,39.3,337.0
2024-01-29 10:00:00,4.0,47.8,83.0,43.8,47.9,39.0,324.0
2024-01-29 11:00:00,4.6,47.3,81.3,43.1,47.0,38.5,305.0
2024-01-29 12:00:00,5.1,45.9,80.7,42.4,46.4,38.0,295.0
2024-01-29 13:00:00,5.4,46.6,80.6,42.0,46.1,37.7,285.0
2024-01-29 14:00:00,5.3,46.7,80.5,42.5,46.4,37.9,291.0
2024-01-29 15:00:00,5.1,46.9,81.3,43.0,47.0,38.2,301.0
2024-01-29 16:00:00,4.9,47.6,81.1,43.2,47.1,38.5,309.0
2024-01-29 17:00:00,4.6,47.8,81.3,43.3,47.1,38.6,304.0
2024-01-29 18:00:00,4.5,47.8,82.1,43.6,47.5,38.8,307.0
2024-01-29 19:00:00,4.1,48.1,83.8,44.0,48.0,39.1,322.0
2024-01-29 20:00:00,4.1,48.1,84.2,44.1,48.4,39.2,315.0
2024-01-29 21:00:00,4.2,48.1,81.9,45.2,48.5,39.3,317.0
2024-01-29 22:00:00,3.4,48.7,80.4,44.9,48.5,39.4,315.0
2024-01-29 23:00:00,3.0,49.0,59.3,42.9,34.3,31.9,76.0
2024-01-30 00:00:00,3.0,49.0,56.4,39.1,34.1,32.2,0.0
2024-01-30 01:00:00,2.8,49.1,57.3,33.6,32.4,29.8,0.0
2024-01-30 02:00:00,2.5,49.3,62.7,28.2,29.1,26.3,0.0
2024-01-30 03:00:00,1.3,50.2,64.0,25.1,40.9,25.1,0.0
2024-01-30 04:00:00,0.2,51.1,66.3,23.8,34.5,25.1,0.0
2024-01-30 05:00:00,0.0,50.5,29.5,32.1,32.2,25.3,49.0
2024-01-30 06:00:00,-0.5,51.0,71.0,44.5,45.4,34.2,301.0
2024-01-30 07:00:00,-0.3,50.8,82.0,49.7,52.1,41.3,472.0
2024-01-30 08:00:00,0.1,50.4,90.9,46.6,51.0,41.0,386.0
2024-01-30 09:00:00,2.2,48.6,90.2,44.6,49.0,40.1,352.0
2024-01-30 10:00:00,3.9,47.5,87.7,42.7,47.2,38.7,310.0
2024-01-30 11:00:00,4.4,47.0,84.1,42.4,46.7,38.1,299.0
2024-01-30 12:00:00,4.8,46.6,83.3,42.3,46.4,38.0,297.0
2024-01-30 13:00:00,5.1,46.4,81.0,41.8,45.8,37.7,287.0
2024-01-30 14:00:00,5.5,46.0,79.8,41.5,45.5,37.4,282.0
2024-01-30 15:00:00,5.7,45.8,79.7,41.3,45.4,37.2,275.0
2024-01-30 16:00:00,5.4,46.1,79.5,41.7,45.7,37.5,284.0
2024-01-30 17:00:00,4.2,47.1,81.2,42.6,46.5,37.9,295.0
2024-01-30 18:00:00,3.2,48.0,84.4,43.7,47.9,38.8,319.0
2024-01-30 19:00:00,2.2,50.2,85.7,46.7,50.7,40.3,360.0
2024-01-30 20:00:00,1.0,51.1,94.3,47.0,51.2,40.9,376.0
2024-01-30 21:00:00,0.2,51.6,84.3,48.6,51.7,41.5,384.0
2024-01-30 22:00:00,0.3,51.5,84.9,47.7,51.6,41.6,384.0
2024-01-30 23:00:00,-0.3,52.0,84.9,47.1,44.2,41.4,363.0
2024-01-31 00:00:00,-1.1,52.5,71.5,41.6,32.8,30.5,0.0
2024-01-31 01:00:00,-1.5,52.7,68.3,35.9,28.7,26.4,0.0
2024-01-31 02:00:00,-1.8,52.9,63.7,30.6,26.7,24.4,0.0
2024-01-31 03:00:00,-2.2,53.2,60.8,27.6,25.5,23.3,0.0
2024-01-31 04:00:00,-2.9,53.7,63.3,24.9,25.0,22.6,0.0
2024-01-31 05:00:00,-3.1,49.7,29.0,40.2,29.8,25.6,0.0
2024-01-31 06:00:00,-3.2,49.7,83.1,48.8,50.7,36.5,340.0
2024-01-31 07:00:00,-3.4,52.3,91.7,47.7,51.7,40.2,429.0
2024-01-31 08:00:00,-2.8,52.0,91.7,48.3,52.5,41.7,437.0
2024-01-31 09:00:00,-0.8,51.1,90.1,47.1,51.4,41.4,393.0
2024-01-31 10:00:00,0.6,50.4,88.4,46.5,50.5,40.8,372.0
2024-01-31 11:00:00,1.9,49.8,87.4,46.0,50.2,40.4,358.0
2024-01-31 12:00:00,3.1,49.3,87.4,45.3,49.5,40.4,354.0
2024-01-31 13:00:00,3.8,49.0,90.5,44.5,49.1,40.1,341.0
2024-01-31 14:00:00,4.8,47.1,99.6,41.1,46.4,38.4,287.0
2024-01-31 15:00:00,5.0,47.0,98.3,41.9,47.3,38.6,302.0
2024-01-31 16:00:00,5.1,46.9,78.8,42.4,46.2,37.6,281.0
2024-01-31 17:00:00,3.6,47.7,80.1,44.0,47.6,38.7,317.0
2024-01-31 18:00:00,1.9,48.8,84.2,45.2,49.0,39.6,340.0
2024-01-31 19:00:00,1.7,48.9,86.6,45.2,49.4,40.1,348.0
2024-01-31 20:00:00,1.0,49.4,82.3,45.9,49.2,39.6,332.0
2024-01-31 21:00:00,0.0,50.0,80.8,45.1,49.1,40.3,352.0
2024-01-31 22:00:00,-0.1,50.1,84.8,46.0,50.2,40.7,356.0
2024-01-31 23:00:00,-0.8,50.5,77.9,36.9,33.9,31.5,66.0
2024-02-01 00:00:00,-2.0,51.2,77.1,29.1,29.6,26.9,0.0
2024-02-01 01:00:00,-2.3,51.4,77.4,26.0,29.2,25.9,33.0
2024-02-01 02:00:00,-2.8,51.7,76.6,25.7,28.8,25.6,41.0
2024-02-01 03:00:00,-2.6,51.6,74.8,25.2,28.2,25.1,38.0
2024-02-01 04:00:00,-3.2,52.0,72.3,24.6,27.5,24.5,32.0
2024-02-01 05:00:00,-3.2,51.9,26.1,36.3,27.8,24.2,0.0
2024-02-01 06:00:00,-3.5,52.1,78.9,45.9,47.6,33.4,260.0
2024-02-01 07:00:00,-4.1,52.5,80.6,51.0,52.9,41.6,506.0
2024-02-01 08:00:00,-2.6,51.6,88.4,48.5,52.2,41.7,423.0
2024-02-01 09:00:00,-0.8,50.5,90.5,46.7,51.1,41.0,386.0
2024-02-01 10:00:00,1.1,44.5,86.5,42.3,46.3,40.3,349.0
2024-02-01 11:00:00,2.6,43.9,85.4,38.9,43.5,36.0,203.0
2024-02-01 12:00:00,3.9,46.8,84.2,43.1,47.3,38.6,357.0
2024-02-01 13:00:00,4.7,46.2,81.3,42.3,46.4,38.0,295.0
2024-02-01 14:00:00,5.5,45.7,79.3,41.6,45.7,37.4,275.0
2024-02-01 15:00:00,6.3,45.2,78.1,41.4,45.2,37.2,277.0
2024-02-01 16:00:00,6.3,45.2,77.3,41.1,45.0,37.1,270.0
2024-02-01 17:00:00,5.2,45.9,78.6,41.2,45.1,37.1,272.0
2024-02-01 18:00:00,4.0,46.7,81.0,42.5,46.4,37.6,289.0
2024-02-01 19:00:00,3.9,46.7,83.4,42.9,47.1,38.6,312.0
2024-02-01 20:00:00,3.4,47.1,81.1,42.7,46.6,38.4,303.0
2024-02-01 21:00:00,2.7,47.6,78.9,44.0,47.5,39.0,314.0
2024-02-01 22:00:00,2.6,47.6,73.7,41.9,35.5,33.2,142.0
2024-02-01 23:00:00,1.8,48.2,59.9,39.6,34.0,32.2,0.0
2024-02-02 00:00:00,1.5,48.4,56.0,37.0,31.9,29.5,0.0
2024-02-02 01:00:00,2.2,47.9,53.9,33.4,27.1,25.5,0.0
2024-02-02 02:00:00,2.6,47.7,49.0,31.2,26.5,24.5,0.0
2024-02-02 03:00:00,2.4,47.8,45.3,29.6,25.9,23.9,0.0
2024-02-02 04:00:00,2.3,47.8,42.3,28.3,25.3,23.3,0.0
2024-02-02 05:00:00,3.0,47.3,40.0,27.2,24.7,22.7,0.0
2024-02-02 06:00:00,3.1,47.3,84.8,45.3,47.2,31.3,281.0
2024-02-02 07:00:00,3.1,47.3,73.3,45.6,48.0,38.3,400.0
2024-02-02 08:00:00,3.2,47.2,84.2,43.1,47.2,38.5,333.0
2024-02-02 09:00:00,4.5,46.3,84.1,42.6,46.7,38.2,313.0
2024-02-02 10:00:00,5.4,45.7,80.6,41.4,45.5,37.4,285.0
2024-02-02 11:00:00,5.9,45.4,79.9,41.0,45.2,37.0,278.0
2024-02-02 12:00:00,7.2,44.7,79.0,40.8,44.8,36.9,273.0
2024-02-02 13:00:00,7.0,44.8,78.3,40.6,44.4,36.7,267.0
2024-02-02 14:00:00,7.1,44.8,77.4,40.3,44.2,36.6,263.0
2024-02-02 15:00:00,6.6,45.0,77.4,40.2,44.2,36.5,260.0
2024-02-02 16:00:00,6.2,46.0,77.1,42.5,46.2,37.3,288.0
2024-02-02 17:00:00,5.3,46.7,78.8,43.7,47.3,38.3,318.0
2024-02-02 18:00:00,4.5,47.4,79.9,42.9,46.7,38.3,300.0
2024-02-02 19:00:00,3.5,49.0,82.3,45.3,49.0,39.4,337.0
2024-02-02 20:00:00,2.3,49.8,76.6,45.5,48.5,40.1,351.0
2024-02-02 21:00:00,1.6,50.3,80.0,46.6,49.9,40.6,363.0
2024-02-02 22:00:00,2.1,50.0,85.1,46.8,50.6,40.7,368.0
2024-02-02 23:00:00,1.9,50.1,62.0,43.7,36.5,32.9,36.0
2024-02-03 00:00:00,1.0,50.7,62.7,36.7,34.4,32.5,0.0
2024-02-03 01:00:00,0.9,50.8,62.4,33.2,30.7,28.2,0.0
2024-02-03 02:00:00,0.4,51.2,61.2,29.0,27.4,25.4,0.0
2024-02-03 03:00:00,0.7,51.0,58.2,26.5,26.9,24.7,0.0
2024-02-03 04:00:00,0.7,51.0,58.9,25.0,26.8,24.1,0.0
2024-02-03 05:00:00,0.6,51.0,61.0,23.7,26.8,23.4,0.0
2024-02-03 06:00:00,0.0,51.5,88.2,50.4,52.8,38.9,496.0
2024-02-03 07:00:00,0.9,50.8,86.7,47.3,51.1,40.9,408.0
2024-02-03 08:00:00,1.4,49.3,85.9,45.4,49.5,40.3,363.0
2024-02-03 09:00:00,2.6,48.1,80.5,44.9,48.2,39.6,338.0
2024-02-03 10:00:00,3.7,47.6,78.5,44.2,47.9,38.7,317.0
2024-02-03 11:00:00,5.0,48.5,76.6,45.4,48.3,38.8,323.0
2024-02-03 12:00:00,5.9,47.6,77.3,44.6,47.3,39.0,334.0
2024-02-03 13:00:00,7.0,46.6,67.5,42.7,45.5,38.5,303.0
2024-02-03 14:00:00,8.1,45.7,70.4,42.0,45.2,37.3,271.0
2024-02-03 15:00:00,8.5,45.2,74.1,42.0,45.6,37.2,273.0
2024-02-03 16:00:00,8.4,45.3,72.5,42.4,45.9,37.7,285.0
2024-02-03 17:00:00,7.4,46.2,76.9,43.5,47.0,37.9,288.0
2024-02-03 18:00:00,5.4,48.1,80.3,44.3,47.9,38.5,306.0
2024-02-03 19:00:00,4.6,51.1,81.2,45.6,49.1,39.8,342.0
2024-02-03 20:00:00,4.3,51.2,83.5,48.2,51.7,41.7,395.0
2024-02-03 21:00:00,3.6,51.5,84.0,48.2,51.6,41.6,373.0
2024-02-03 22:00:00,2.5,52.0,81.5,48.4,51.1,41.8,377.0
2024-02-03 23:00:00,2.3,52.0,68.9,42.5,37.1,33.7,0.0
2024-02-04 00:00:00,2.3,52.0,59.6,40.1,34.8,33.0,0.0
2024-02-04 01:00:00,1.8,52.2,63.2,33.4,30.2,28.4,0.0
2024-02-04 02:00:00,1.7,52.3,59.1,30.4,27.8,26.0,0.0
2024-02-04 03:00:00,2.5,52.0,57.1,27.8,27.6,25.3,0.0
2024-02-04 04:00:00,2.1,52.1,59.2,25.6,27.7,24.7,0.0
2024-02-04 05:00:00,2.2,52.1,61.6,24.4,29.6,24.3,0.0
2024-02-04 06:00:00,2.5,52.0,52.9,35.5,35.7,27.2,145.0
2024-02-04 07:00:00,2.4,52.0,84.3,49.4,52.5,41.8,550.0
2024-02-04 08:00:00,3.4,51.6,83.1,49.1,52.1,41.2,386.0
2024-02-04 09:00:00,4.7,51.1,72.1,47.3,49.5,41.2,383.0
2024-02-04 10:00:00,5.5,50.2,79.6,47.5,50.6,41.2,382.0
2024-02-04 11:00:00,6.2,49.4,78.1,46.9,49.7,40.5,342.0
2024-02-04 12:00:00,8.0,47.1,76.6,44.1,47.4,38.9,307.0
2024-02-04 13:00:00,9.6,45.0,64.7,41.5,44.0,37.4,262.0
2024-02-04 14:00:00,11.2,43.0,69.7,38.2,35.1,32.8,137.0
2024-02-04 15:00:00,11.1,43.1,60.7,37.0,34.1,32.4,0.0
2024-02-04 16:00:00,10.7,43.6,54.4,35.7,32.7,30.4,0.0
2024-02-04 17:00:00,9.3,45.6,58.8,29.0,28.7,26.9,0.0
2024-02-04 18:00:00,7.2,48.1,69.5,46.1,47.9,37.8,409.0
2024-02-04 19:00:00,6.7,48.0,74.1,44.9,48.4,39.5,357.0
2024-02-04 20:00:00,5.6,49.3,81.6,45.5,49.0,39.8,340.0
2024-02-04 21:00:00,4.6,50.2,81.4,46.5,49.7,40.1,343.0
2024-02-04 22:00:00,5.1,49.8,83.3,45.9,42.6,40.5,323.0
2024-02-04 23:00:00,3.7,50.6,55.7,43.7,35.4,33.5,0.0
2024-02-05 00:00:00,2.8,51.1,50.7,40.4,34.5,32.9,0.0
2024-02-05 01:00:00,2.8,51.1,52.6,35.8,30.2,28.5,0.0
2024-02-05 02:00:00,2.8,51.1,47.7,33.8,27.6,25.9,0.0
2024-02-05 03:00:00,2.6,51.1,44.0,32.1,27.1,25.2,0.0
2024-02-05 04:00:00,1.6,51.6,40.8,30.7,26.8,24.8,0.0
2024-02-05 05:00:00,1.8,48.2,37.8,39.1,28.2,22.8,0.0
2024-02-05 06:00:00,1.5,48.5,72.1,41.0,42.1,28.8,166.0
2024-02-05 07:00:00,1.5,48.5,82.3,45.9,49.2,40.2,464.0
2024-02-05 08:00:00,2.6,47.4,85.6,43.6,47.9,38.9,322.0
2024-02-05 09:00:00,4.6,45.4,84.0,41.6,45.9,38.1,299.0
2024-02-05 10:00:00,6.4,43.9,79.9,39.5,43.8,36.4,246.0
2024-02-05 11:00:00,8.1,44.1,79.0,39.3,43.5,35.9,239.0
2024-02-05 12:00:00,10.4,43.4,76.7,39.0,38.6,35.9,232.0
2024-02-05 13:00:00,12.8,43.0,65.5,36.3,34.1,32.3,0.0
2024-02-05 14:00:00,13.6,43.0,57.4,35.1,33.4,31.3,0.0
2024-02-05 15:00:00,14.7,43.0,52.8,33.8,30.8,28.3,0.0
2024-02-05 16:00:00,14.3,43.0,53.3,31.8,27.9,25.8,0.0
2024-02-05 17:00:00,13.6,44.0,59.9,35.8,38.4,29.2,148.0
2024-02-05 18:00:00,11.4,45.0,73.7,40.9,44.5,36.8,362.0
2024-02-05 19:00:00,9.5,45.0,76.0,41.8,45.4,37.0,275.0
2024-02-05 20:00:00,8.1,45.0,78.8,41.5,45.6,37.5,285.0
2024-02-05 21:00:00,7.2,45.0,68.0,40.5,43.8,37.0,257.0
2024-02-05 22:00:00,6.3,45.0,80.0,41.8,45.8,37.5,280.0
2024-02-05 23:00:00,5.6,45.0,59.8,39.8,35.3,31.8,45.0
2024-02-06 00:00:00,4.3,45.6,52.9,37.6,33.5,31.7,0.0
2024-02-06 01:00:00,4.1,45.9,59.8,31.8,31.4,29.0,0.0
2024-02-06 02:00:00,3.0,47.0,52.9,30.7,27.8,26.1,0.0
2024-02-06 03:00:00,3.2,46.8,48.4,29.6,27.0,24.9,0.0
2024-02-06 04:00:00,2.7,47.3,44.9,28.5,26.5,24.3,0.0
2024-02-06 05:00:00,3.1,46.9,63.7,24.7,29.2,22.7,0.0
2024-02-06 06:00:00,1.6,48.4,67.9,38.5,38.8,24.7,91.0
2024-02-06 07:00:00,0.9,49.1,75.3,48.5,50.4,38.8,504.0
2024-02-06 08:00:00,2.4,47.6,86.5,44.1,48.3,39.6,365.0
2024-02-06 09:00:00,5.7,46.8,84.2,42.4,46.7,38.2,298.0
2024-02-06 10:00:00,8.3,46.2,80.0,41.7,45.6,37.6,283.0
2024-02-06 11:00:00,10.7,45.7,76.7,41.4,45.2,37.4,274.0
2024-02-06 12:00:00,12.7,45.2,67.7,38.1,33.9,31.6,104.0
2024-02-06 13:00:00,14.2,45.0,57.0,36.7,33.8,32.0,0.0
2024-02-06 14:00:00,15.4,45.0,64.9,31.9,35.0,29.8,0.0
2024-02-06 15:00:00,15.9,45.0,64.1,26.9,35.4,26.3,0.0
2024-02-06 16:00:00,15.5,45.0,62.3,25.4,51.3,25.7,0.0
2024-02-06 17:00:00,13.8,45.0,62.6,35.0,36.0,23.3,33.0
2024-02-06 18:00:00,10.6,45.7,68.9,44.1,46.2,36.6,406.0
2024-02-06 19:00:00,9.7,45.9,75.5,42.7,46.0,37.8,304.0
2024-02-06 20:00:00,8.4,46.8,79.4,43.2,46.5,37.9,295.0
2024-02-06 21:00:00,8.2,46.9,77.1,43.6,47.1,38.6,306.0
2024-02-06 22:00:00,7.8,47.1,77.0,42.8,41.7,38.7,295.0
2024-02-06 23:00:00,6.1,47.6,68.4,38.5,35.0,32.2,0.0
2024-02-07 00:00:00,5.2,47.9,59.6,36.6,33.7,31.9,0.0
2024-02-07 01:00:00,4.8,48.1,53.3,34.8,30.3,28.2,0.0
2024-02-07 02:00:00,4.3,48.4,48.8,33.1,27.1,25.5,0.0
2024-02-07 03:00:00,3.4,49.1,45.0,31.4,26.5,24.7,0.0
2024-02-07 04:00:00,3.9,48.8,42.1,30.0,26.2,24.3,0.0
2024-02-07 05:00:00,3.5,49.0,59.3,28.2,29.8,23.9,0.0
2024-02-07 06:00:00,3.0,51.0,65.6,41.2,42.3,31.2,239.0
2024-02-07 07:00:00,2.6,49.6,77.8,50.0,52.0,40.3,454.0
2024-02-07 08:00:00,3.8,48.8,88.1,45.1,49.3,40.1,355.0
2024-02-07 09:00:00,5.8,47.7,85.5,43.3,47.5,38.9,314.0
2024-02-07 10:00:00,7.8,45.3,79.4,42.3,46.1,38.1,284.0
2024-02-07 11:00:00,10.6,44.7,76.8,40.7,44.6,37.1,262.0
2024-02-07 12:00:00,12.1,44.4,68.5,37.4,33.9,31.6,103.0
2024-02-07 13:00:00,13.2,44.2,58.8,36.1,33.8,32.1,0.0
2024-02-07 14:00:00,13.9,44.0,52.8,34.8,31.6,29.2,0.0
2024-02-07 15:00:00,13.8,44.0,52.0,33.2,27.9,26.1,0.0
2024-02-07 16:00:00,13.5,44.1,49.0,33.2,26.9,25.1,0.0
2024-02-07 17:00:00,12.2,44.4,24.8,35.0,25.5,27.6,0.0
2024-02-07 18:00:00,11.6,44.5,64.4,37.1,38.6,27.9,152.0
2024-02-07 19:00:00,10.6,44.7,73.7,41.9,45.3,37.5,375.0
2024-02-07 20:00:00,9.3,45.0,72.0,42.6,45.7,36.7,263.0
2024-02-07 21:00:00,8.8,45.1,76.0,42.0,45.7,37.5,288.0
2024-02-07 22:00:00,8.3,45.2,76.7,41.4,38.5,36.1,217.0
2024-02-07 23:00:00,7.4,45.4,55.0,39.4,34.0,32.2,0.0
2024-02-08 00:00:00,7.5,45.4,50.2,37.1,33.1,30.9,0.0
2024-02-08 01:00:00,6.7,45.6,58.2,30.8,29.5,27.5,0.0
2024-02-08 02:00:00,6.3,45.7,53.2,29.5,27.6,25.6,0.0
2024-02-08 03:00:00,5.4,45.9,49.4,28.4,27.3,25.1,0.0
2024-02-08 04:00:00,4.9,46.0,46.7,27.3,26.7,24.5,0.0
2024-02-08 05:00:00,4.6,46.3,43.8,26.4,26.1,24.0,0.0
2024-02-08 06:00:00,3.6,47.2,61.2,35.2,36.1,24.1,89.0
2024-02-08 07:00:00,3.1,47.7,78.7,46.5,48.8,38.3,448.0
2024-02-08 08:00:00,4.9,47.0,83.8,43.0,47.2,38.6,330.0
2024-02-08 09:00:00,7.8,46.0,80.6,42.1,46.2,37.9,297.0
2024-02-08 10:00:00,9.7,45.4,78.6,41.5,45.6,37.4,275.0
2024-02-08 11:00:00,12.1,44.6,68.9,37.8,35.2,31.5,62.0
2024-02-08 12:00:00,13.5,44.1,57.2,36.4,33.7,31.8,0.0
2024-02-08 13:00:00,14.7,44.0,51.7,35.0,30.4,28.1,0.0
2024-02-08 14:00:00,15.3,44.0,49.6,33.2,27.3,25.5,0.0
2024-02-08 15:00:00,15.1,44.0,46.4,31.5,26.8,24.9,0.0
2024-02-08 16:00:00,15.0,44.0,43.9,29.9,26.6,24.4,0.0
2024-02-08 17:00:00,14.1,44.0,57.9,32.3,33.8,23.6,67.0
2024-02-08 18:00:00,13.1,44.0,66.5,41.1,43.8,37.0,400.0
2024-02-08 19:00:00,11.4,44.2,72.8,41.0,44.5,36.6,263.0
2024-02-08 20:00:00,10.4,44.6,84.0,42.1,46.3,36.9,271.0
2024-02-08 21:00:00,8.6,45.4,74.8,42.8,46.1,37.6,278.0
2024-02-08 22:00:00,7.6,45.8,77.5,42.1,46.0,37.8,281.0
2024-02-08 23:00:00,7.0,46.1,61.9,39.5,34.7,32.0,0.0
2024-02-09 00:00:00,7.3,46.0,52.9,37.5,33.5,31.6,0.0
2024-02-09 01:00:00,7.0,46.1,48.0,35.5,31.2,28.7,0.0
2024-02-09 02:00:00,6.4,46.4,52.8,29.1,27.2,25.5,0.0
2024-02-09 03:00:00,5.4,46.8,48.4,28.1,26.4,24.5,0.0
2024-02-09 04:00:00,5.5,46.7,44.7,27.4,26.0,24.1,0.0
2024-02-09 05:00:00,5.4,46.8,55.3,27.1,27.6,24.0,0.0
2024-02-09 06:00:00,4.4,48.4,76.4,41.7,43.2,28.9,185.0
2024-02-09 07:00:00,4.2,48.5,84.1,44.9,48.8,39.7,455.0
2024-02-09 08:00:00,6.6,47.0,83.5,43.7,47.6,39.2,328.0
2024-02-09 09:00:00,8.8,45.8,79.4,42.0,46.0,37.9,279.0
2024-02-09 10:00:00,12.9,44.0,74.3,40.2,43.9,36.8,250.0
2024-02-09 11:00:00,13.6,44.0,72.0,39.8,43.4,36.2,233.0
2024-02-09 12:00:00,14.7,44.0,71.4,39.2,38.5,35.9,219.0
2024-02-09 13:00:00,15.6,44.0,60.8,36.1,34.1,32.2,0.0
2024-02-09 14:00:00,16.1,44.0,52.7,34.6,33.2,31.4,0.0
2024-02-09 15:00:00,15.9,44.0,47.9,33.3,30.1,28.0,0.0
2024-02-09 16:00:00,15.3,44.0,51.4,31.9,29.0,25.7,0.0
2024-02-09 17:00:00,14.2,46.0,72.7,45.3,47.5,37.5,412.0
2024-02-09 18:00:00,13.2,46.0,72.3,43.1,46.2,38.0,294.0
2024-02-09 19:00:00,13.2,46.0,72.0,43.1,46.0,38.0,284.0
2024-02-09 20:00:00,12.6,46.0,70.4,43.0,45.6,38.0,281.0
2024-02-09 21:00:00,12.8,46.0,72.3,43.8,46.9,38.3,280.0
2024-02-09 22:00:00,12.3,46.0,64.2,41.0,39.6,37.5,242.0
2024-02-09 23:00:00,12.7,46.0,48.2,39.8,34.3,32.3,0.0
2024-02-10 00:00:00,11.8,46.0,48.9,37.2,35.9,31.7,0.0
2024-02-10 01:00:00,11.6,46.1,44.7,34.3,29.4,27.7,0.0
2024-02-10 02:00:00,9.7,46.6,42.0,32.8,27.5,25.6,0.0
2024-02-10 03:00:00,9.7,46.7,39.9,31.5,27.2,25.2,0.0
2024-02-10 04:00:00,9.4,46.7,38.0,30.4,26.9,24.8,0.0
2024-02-10 05:00:00,9.5,46.6,50.6,33.4,36.8,24.4,0.0
2024-02-10 06:00:00,9.8,45.9,80.9,41.1,43.1,28.2,178.0
2024-02-10 07:00:00,11.3,45.2,80.4,41.7,45.8,37.8,381.0
2024-02-10 08:00:00,13.0,45.0,76.0,40.6,44.4,37.0,258.0
2024-02-10 09:00:00,13.7,46.0,71.8,43.0,45.9,37.3,267.0
2024-02-10 10:00:00,14.3,46.0,72.4,43.5,46.5,38.3,298.0
2024-02-10 11:00:00,15.0,46.0,65.7,43.0,38.6,36.3,214.0
2024-02-10 12:00:00,15.2,46.0,48.4,40.3,34.2,32.3,0.0
2024-02-10 13:00:00,15.6,46.0,44.9,37.6,33.3,31.3,0.0
2024-02-10 14:00:00,15.0,46.0,43.6,35.2,30.5,28.4,0.0
2024-02-10 15:00:00,15.2,46.0,43.4,32.9,27.8,25.9,0.0
2024-02-10 16:00:00,15.1,46.0,40.7,31.1,26.9,24.9,0.0
2024-02-10 17:00:00,14.4,46.0,39.0,29.8,26.6,24.5,0.0
2024-02-10 18:00:00,14.5,46.0,72.9,43.0,44.7,32.2,245.0
2024-02-10 19:00:00,14.8,46.0,70.7,43.1,45.9,38.2,352.0
2024-02-10 20:00:00,13.9,46.0,71.1,44.5,47.2,38.0,277.0
2024-02-10 21:00:00,14.2,46.0,71.4,43.1,41.6,38.3,285.0
2024-02-10 22:00:00,14.2,46.0,65.4,38.8,37.3,35.1,148.0
2024-02-10 23:00:00,13.3,46.0,60.4,35.3,34.6,32.3,0.0
2024-02-11 00:00:00,13.1,46.0,60.1,31.8,33.7,30.5,0.0
2024-02-11 01:00:00,14.7,46.0,58.1,29.4,30.2,27.3,0.0
2024-02-11 02:00:00,14.3,46.0,55.1,26.8,28.1,25.8,0.0
2024-02-11 03:00:00,14.5,46.0,55.5,25.6,29.7,25.2,0.0
2024-02-11 04:00:00,14.6,46.0,55.6,24.9,34.0,24.7,0.0
2024-02-11 05:00:00,14.9,46.0,54.2,24.4,46.2,24.3,0.0
2024-02-11 06:00:00,15.2,46.0,53.9,36.6,37.0,27.5,125.0
2024-02-11 07:00:00,15.2,46.0,72.2,43.6,46.7,38.6,399.0
2024-02-11 08:00:00,15.5,46.0,65.5,38.3,42.5,33.8,165.0
2024-02-11 09:00:00,16.3,46.0,85.5,36.9,37.1,34.7,183.0
2024-02-11 10:00:00,17.8,46.0,77.1,32.5,34.3,31.9,0.0
2024-02-11 11:00:00,17.8,46.0,71.6,31.2,36.0,30.9,0.0
2024-02-11 12:00:00,17.4,46.0,70.0,29.6,47.6,28.3,0.0
2024-02-11 13:00:00,17.4,46.0,63.9,28.1,47.9,27.6,0.0
2024-02-11 14:00:00,16.3,46.0,61.9,27.5,46.7,27.5,0.0
2024-02-11 15:00:00,16.0,46.0,56.3,26.9,44.9,26.8,0.0
2024-02-11 16:00:00,14.7,44.2,56.7,26.4,45.9,26.3,0.0
2024-02-11 17:00:00,14.0,44.2,73.1,42.9,45.7,36.8,382.0
2024-02-11 18:00:00,13.6,44.2,67.5,40.6,43.7,36.6,245.0
2024-02-11 19:00:00,13.4,44.2,72.1,41.8,44.9,37.0,256.0
2024-02-11 20:00:00,13.2,44.2,69.3,41.5,44.2,36.5,238.0
2024-02-11 21:00:00,12.6,44.2,65.4,41.0,43.4,37.1,248.0
2024-02-11 22:00:00,11.9,44.3,70.7,41.7,40.3,36.9,239.0
2024-02-11 23:00:00,11.4,44.5,59.2,38.2,34.5,32.2,0.0
2024-02-12 00:00:00,12.0,44.2,53.3,36.3,33.7,31.7,0.0
2024-02-12 01:00:00,11.7,44.3,48.6,34.6,31.1,28.8,0.0
2024-02-12 02:00:00,10.3,45.1,58.4,31.9,32.6,26.6,0.0
2024-02-12 03:00:00,9.8,45.3,49.8,27.5,27.7,25.7,0.0
2024-02-12 04:00:00,9.6,45.5,45.3,27.1,27.3,25.2,0.0
2024-02-12 05:00:00,9.6,45.5,32.0,35.2,33.7,25.0,0.0
2024-02-12 06:00:00,8.9,45.8,75.8,37.4,38.9,24.1,69.0
2024-02-12 07:00:00,9.4,46.2,79.1,42.9,46.7,38.7,445.0
2024-02-12 08:00:00,10.0,46.0,77.1,41.7,45.5,37.7,266.0
2024-02-12 09:00:00,10.7,45.7,74.8,42.9,46.3,38.2,285.0
2024-02-12 10:00:00,12.3,45.2,72.0,42.1,45.4,37.8,268.0
2024-02-12 11:00:00,12.6,45.2,72.9,41.8,45.1,37.5,257.0
2024-02-12 12:00:00,12.7,45.2,73.2,41.8,45.3,37.5,259.0
2024-02-12 13:00:00,13.3,44.0,72.4,41.0,44.5,37.5,250.0
2024-02-12 14:00:00,13.7,44.0,70.4,37.5,37.0,34.7,165.0
2024-02-12 15:00:00,13.4,44.0,69.8,41.0,35.4,32.8,99.0
2024-02-12 16:00:00,12.7,44.0,73.1,41.1,44.6,37.7,324.0
2024-02-12 17:00:00,11.4,44.2,72.2,40.0,43.6,36.6,224.0
2024-02-12 18:00:00,10.3,46.9,76.2,42.0,45.9,37.4,253.0
2024-02-12 19:00:00,10.1,47.0,76.3,43.6,47.3,39.2,311.0
2024-02-12 20:00:00,10.0,46.4,68.9,42.7,45.6,38.7,266.0
2024-02-12 21:00:00,9.5,46.7,68.9,42.9,45.6,38.7,276.0
2024-02-12 22:00:00,9.1,47.1,75.4,43.0,41.5,38.8,269.0
2024-02-12 23:00:00,8.9,47.2,69.6,35.7,35.4,32.8,0.0
2024-02-13 00:00:00,8.8,47.3,60.0,34.2,34.0,32.3,0.0
2024-02-13 01:00:00,8.6,47.4,53.8,32.9,30.8,28.8,0.0
2024-02-13 02:00:00,8.1,47.7,49.2,31.7,28.5,26.7,0.0
2024-02-13 03:00:00,8.1,47.7,45.4,30.5,27.8,25.8,0.0
2024-02-13 04:00:00,8.0,47.8,42.2,29.5,27.2,25.3,0.0
2024-02-13 05:00:00,8.0,47.8,31.6,29.1,26.1,23.5,0.0
2024-02-13 06:00:00,7.9,48.5,67.6,40.9,42.6,30.6,185.0
2024-02-13 07:00:00,7.7,48.6,82.7,45.2,49.0,40.4,431.0
2024-02-13 08:00:00,8.1,48.3,81.7,44.3,48.2,39.5,308.0
2024-02-13 09:00:00,9.0,47.5,81.0,44.1,47.9,39.3,307.0
2024-02-13 10:00:00,9.1,47.1,80.3,43.3,47.0,39.0,291.0
2024-02-13 11:00:00,9.3,44.7,77.8,41.2,45.1,38.1,266.0
2024-02-13 12:00:00,9.9,44.6,75.1,40.3,44.2,36.8,229.0
2024-02-13 13:00:00,9.7,44.6,74.0,40.3,44.0,36.9,237.0
2024-02-13 14:00:00,10.2,44.4,75.1,40.8,44.5,37.0,245.0
2024-02-13 15:00:00,9.0,44.8,75.0,40.8,44.4,37.1,247.0
2024-02-13 16:00:00,8.6,44.9,77.8,41.3,45.3,37.5,253.0
2024-02-13 17:00:00,8.5,44.9,78.2,41.2,45.2,37.8,262.0
2024-02-13 18:00:00,8.1,45.1,78.0,40.8,44.7,37.4,242.0
2024-02-13 19:00:00,7.7,45.2,79.2,40.9,45.1,37.5,248.0
2024-02-13 20:00:00,7.8,45.2,73.6,41.1,44.6,37.5,248.0
2024-02-13 21:00:00,7.6,45.2,75.3,41.7,45.3,37.5,248.0
2024-02-13 22:00:00,7.5,45.2,75.2,39.0,38.6,36.2,203.0
2024-02-13 23:00:00,7.3,45.3,65.5,36.2,34.3,32.4,0.0
2024-02-14 00:00:00,7.3,45.3,57.0,34.5,33.5,31.7,0.0
2024-02-14 01:00:00,7.0,45.4,54.2,32.2,30.1,28.2,0.0
2024-02-14 02:00:00,7.0,45.4,49.8,30.7,27.8,26.1,0.0
2024-02-14 03:00:00,6.7,45.5,46.2,29.3,27.0,25.1,0.0
2024-02-14 04:00:00,6.3,45.6,43.9,27.9,26.7,24.6,0.0
2024-02-14 05:00:00,6.4,45.6,42.3,26.6,26.2,24.2,0.0
2024-02-14 06:00:00,6.3,45.6,62.2,44.9,42.0,25.3,89.0
2024-02-14 07:00:00,5.9,45.7,80.8,42.8,46.6,38.6,431.0
2024-02-14 08:00:00,5.9,45.7,81.0,41.1,45.3,37.5,263.0
2024-02-14 09:00:00,6.9,45.4,80.0,40.8,45.0,37.2,262.0
2024-02-14 10:00:00,7.3,45.3,78.6,40.6,44.5,37.1,257.0
2024-02-14 11:00:00,7.6,45.2,78.3,40.6,44.5,37.1,249.0
2024-02-14 12:00:00,8.1,45.1,78.5,40.9,45.0,37.0,258.0
2024-02-14 13:00:00,8.4,45.0,77.0,41.3,45.3,37.5,264.0
2024-02-14 14:00:00,8.2,45.0,75.7,41.1,44.8,37.3,259.0
2024-02-14 15:00:00,8.4,45.0,77.2,41.2,45.1,37.3,250.0
2024-02-14 16:00:00,7.8,45.2,77.0,41.1,44.9,37.2,253.0
2024-02-14 17:00:00,7.4,45.3,74.4,40.9,44.6,37.2,250.0
2024-02-14 18:00:00,6.9,45.4,79.2,41.8,45.7,37.8,270.0
2024-02-14 19:00:00,6.4,45.6,79.7,42.1,46.1,38.1,270.0
2024-02-14 20:00:00,5.8,45.7,87.1,42.7,46.9,38.3,276.0
2024-02-14 21:00:00,5.1,45.9,75.9,42.4,46.1,37.8,253.0
2024-02-14 22:00:00,4.1,48.0,81.4,43.5,42.1,39.4,314.0
2024-02-14 23:00:00,4.5,47.6,66.9,39.7,35.6,32.6,0.0
2024-02-15 00:00:00,3.7,48.3,57.8,37.5,34.0,32.2,0.0
2024-02-15 01:00:00,2.2,49.4,54.6,34.6,29.9,28.3,0.0
2024-02-15 02:00:00,1.2,50.1,50.0,32.4,27.3,25.6,0.0
2024-02-15 03:00:00,0.9,50.5,46.1,30.6,26.6,24.7,0.0
2024-02-15 04:00:00,0.4,50.8,42.7,29.0,25.9,24.2,0.0
2024-02-15 05:00:00,0.2,50.9,39.9,27.6,25.6,23.5,0.0
2024-02-15 06:00:00,0.0,51.1,82.5,43.6,44.9,28.2,178.0
2024-02-15 07:00:00,-0.3,51.4,87.4,48.0,51.8,41.5,530.0
2024-02-15 08:00:00,1.1,50.3,84.4,47.4,50.9,40.4,360.0
2024-02-15 09:00:00,3.5,48.4,84.8,44.6,48.7,39.8,342.0
2024-02-15 10:00:00,5.2,47.2,83.2,43.7,47.7,39.0,307.0
2024-02-15 11:00:00,6.5,48.3,80.6,45.6,48.8,39.6,337.0
2024-02-15 12:00:00,7.7,47.3,78.3,45.8,48.4,38.7,300.0
2024-02-15 13:00:00,8.2,46.9,78.3,44.3,47.8,38.4,299.0
2024-02-15 14:00:00,8.7,46.5,72.7,44.0,46.9,38.6,294.0
2024-02-15 15:00:00,9.1,46.2,72.7,43.3,46.6,38.4,280.0
2024-02-15 16:00:00,9.1,46.2,65.2,43.0,45.2,38.0,275.0
2024-02-15 17:00:00,8.4,46.8,72.9,44.5,47.1,38.4,297.0
2024-02-15 18:00:00,7.5,47.5,73.4,43.6,46.4,38.7,298.0
2024-02-15 19:00:00,6.0,48.7,78.0,45.5,48.7,39.7,325.0
2024-02-15 20:00:00,4.8,49.6,80.2,47.0,50.1,40.3,339.0
2024-02-15 21:00:00,4.6,49.7,76.1,45.4,49.1,40.7,337.0
2024-02-15 22:00:00,3.4,50.3,82.5,47.6,51.0,40.7,343.0
2024-02-15 23:00:00,2.6,50.8,54.3,44.6,37.0,33.4,0.0
2024-02-16 00:00:00,1.7,51.3,55.9,38.1,34.6,32.6,0.0
2024-02-16 01:00:00,1.5,51.4,51.2,35.1,29.9,28.2,0.0
2024-02-16 02:00:00,0.7,51.8,54.8,31.7,27.9,25.8,0.0
2024-02-16 03:00:00,0.2,52.1,55.7,26.7,27.2,25.1,0.0
2024-02-16 04:00:00,0.1,52.1,54.4,25.0,26.7,24.6,0.0
2024-02-16 05:00:00,-0.2,52.4,57.1,24.0,26.7,23.8,0.0
2024-02-16 06:00:00,-0.9,52.6,84.5,41.1,43.8,29.1,197.0
2024-02-16 07:00:00,-0.4,52.5,88.6,49.2,53.0,42.4,556.0
2024-02-16 08:00:00,1.1,51.6,84.6,48.9,52.1,41.1,388.0
2024-02-16 09:00:00,3.4,47.8,84.2,43.7,48.0,39.5,319.0
2024-02-16 10:00:00,4.9,46.5,81.7,43.1,47.2,38.6,295.0
2024-02-16 11:00:00,6.7,45.8,74.1,41.6,45.3,37.6,269.0
2024-02-16 12:00:00,7.9,45.4,79.5,42.5,46.0,37.5,285.0
2024-02-16 13:00:00,8.8,45.1,62.8,38.5,34.2,31.9,58.0
2024-02-16 14:00:00,9.5,44.8,52.4,36.8,33.7,31.9,0.0
2024-02-16 15:00:00,10.1,44.6,47.9,35.1,31.6,29.1,0.0
2024-02-16 16:00:00,9.8,44.7,45.8,33.4,27.3,25.9,0.0
2024-02-16 17:00:00,9.4,44.9,48.3,28.9,27.0,25.1,0.0
2024-02-16 18:00:00,7.6,48.1,79.6,47.2,49.5,37.6,414.0
2024-02-16 19:00:00,6.1,49.2,73.6,45.3,48.8,39.4,347.0
2024-02-16 20:00:00,4.9,50.0,81.3,47.1,50.3,40.6,377.0
2024-02-16 21:00:00,4.6,50.2,84.6,48.1,51.3,40.7,364.0
2024-02-16 22:00:00,3.8,50.6,79.1,40.8,37.8,35.4,195.0
2024-02-16 23:00:00,2.8,51.1,67.0,38.7,34.4,32.7,0.0
2024-02-17 00:00:00,2.3,51.3,60.6,35.8,33.5,31.3,0.0
2024-02-17 01:00:00,2.2,51.3,56.0,33.1,27.9,26.4,0.0
2024-02-17 02:00:00,2.0,51.4,54.8,29.8,26.4,24.4,0.0
2024-02-17 03:00:00,0.8,52.1,54.8,25.8,25.9,23.7,0.0
2024-02-17 04:00:00,0.3,52.3,57.3,23.7,25.9,23.2,0.0
2024-02-17 05:00:00,0.0,52.5,61.2,22.3,32.7,22.4,0.0
2024-02-17 06:00:00,0.0,49.5,71.5,34.9,39.3,26.5,136.0
2024-02-17 07:00:00,-0.3,49.7,88.2,45.8,50.0,40.2,530.0
2024-02-17 08:00:00,1.8,48.6,80.6,45.1,48.9,39.2,339.0
2024-02-17 09:00:00,4.3,47.3,83.3,43.2,47.3,38.7,327.0
2024-02-17 10:00:00,6.0,46.7,80.6,44.1,47.2,38.1,302.0
2024-02-17 11:00:00,8.3,46.0,77.7,43.5,46.4,37.8,298.0
2024-02-17 12:00:00,9.4,45.7,73.0,42.9,46.0,37.4,278.0
2024-02-17 13:00:00,10.5,45.4,65.3,38.1,34.5,31.7,65.0
2024-02-17 14:00:00,11.5,45.1,55.1,36.4,33.7,31.8,0.0
2024-02-17 15:00:00,11.9,45.0,49.9,35.0,31.0,28.7,0.0
2024-02-17 16:00:00,12.0,45.0,46.3,33.4,27.5,25.7,0.0
2024-02-17 17:00:00,11.4,46.0,62.4,29.7,34.1,23.7,51.0
2024-02-17 18:00:00,9.9,46.3,75.7,43.8,46.9,38.4,451.0
2024-02-17 19:00:00,8.0,46.5,70.7,43.7,46.1,37.7,293.0
2024-02-17 20:00:00,7.8,46.6,77.3,43.2,46.7,38.4,312.0
2024-02-17 21:00:00,6.8,48.1,80.0,45.7,48.9,39.1,320.0
2024-02-17 22:00:00,5.7,48.4,79.2,45.5,49.0,39.1,325.0
2024-02-17 23:00:00,4.5,48.8,52.3,42.4,35.5,32.4,0.0
2024-02-18 00:00:00,4.82,48.72,53.64,42.57,36.39,32.92,182.62
2024-02-18 01:00:00,5.15,48.63,54.98,42.74,37.28,33.43,182.62
2024-02-18 02:00:00,5.47,48.55,56.32,42.91,38.18,33.95,182.62
2024-02-18 03:00:00,5.79,48.46,57.65,43.08,39.07,34.46,182.62
2024-02-18 04:00:00,6.12,48.38,58.99,43.25,39.96,34.98,182.62
2024-02-18 05:00:00,6.44,48.29,60.33,43.42,40.85,35.49,182.62
2024-02-18 06:00:00,6.76,48.21,61.67,43.58,41.75,36.01,182.62
2024-02-18 07:00:00,7.08,48.12,63.01,43.75,42.64,36.52,182.62
2024-02-18 08:00:00,7.41,48.04,64.35,43.92,43.53,37.04,182.62
2024-02-18 09:00:00,7.73,47.95,65.68,44.09,44.42,37.55,182.62
2024-02-18 10:00:00,8.05,47.87,67.02,44.26,45.32,38.07,182.62
2024-02-18 11:00:00,8.38,47.78,68.36,44.43,46.21,38.58,182.62
2024-02-18 12:00:00,8.7,47.7,69.7,44.6,47.1,39.1,182.62
2024-02-18 13:00:00,10.5,47.3,71.3,44.7,47.3,38.5,303.0
2024-02-18 14:00:00,10.8,46.2,71.4,43.8,46.5,38.7,303.0
2024-02-18 15:00:00,10.8,46.2,72.6,44.3,47.2,38.0,281.0
2024-02-18 16:00:00,10.4,46.3,71.8,44.1,46.6,37.9,281.0
2024-02-18 17:00:00,9.7,46.5,73.7,43.1,46.1,38.4,301.0
2024-02-18 18:00:00,8.7,46.7,81.4,43.4,47.3,38.8,293.0
2024-02-18 19:00:00,8.0,46.9,82.2,43.0,47.1,38.7,291.0
2024-02-18 20:00:00,7.9,46.9,83.4,43.2,47.3,38.9,295.0
2024-02-18 21:00:00,6.9,47.1,83.1,43.3,47.3,39.0,295.0
2024-02-18 22:00:00,6.1,47.3,84.1,43.5,47.6,39.1,297.0
2024-02-18 23:00:00,5.4,47.5,70.6,40.2,36.0,32.5,0.0
2024-02-19 00:00:00,4.5,47.8,62.6,38.1,34.2,32.4,0.0
2024-02-19 01:00:00,4.0,48.0,60.2,34.9,30.7,28.7,0.0
2024-02-19 02:00:00,3.3,48.3,54.0,33.1,27.5,25.8,0.0
2024-02-19 03:00:00,3.1,48.4,49.5,31.5,26.9,25.0,0.0
2024-02-19 04:00:00,3.5,48.2,45.3,30.3,26.7,24.6,0.0
2024-02-19 05:00:00,3.8,48.1,35.5,33.2,25.5,22.3,0.0
2024-02-19 06:00:00,3.8,50.6,66.0,41.1,42.4,31.4,227.0
2024-02-19 07:00:00,4.2,50.4,82.3,49.4,51.9,40.7,458.0
2024-02-19 08:00:00,5.1,49.9,85.7,46.3,50.2,40.6,363.0
2024-02-19 09:00:00,6.0,49.4,84.3,45.8,49.6,40.3,348.0
2024-02-19 10:00:00,6.7,49.0,80.3,45.3,48.9,40.0,340.0
2024-02-19 11:00:00,8.8,47.8,78.6,44.5,48.0,39.4,311.0
2024-02-19 12:00:00,9.9,45.5,76.3,42.4,45.9,38.4,283.0
2024-02-19 13:00:00,10.4,45.2,38.3,41.3,38.8,31.7,0.0
2024-02-19 14:00:00,10.8,44.8,73.2,42.1,45.6,37.9,350.0
2024-02-19 15:00:00,10.9,44.7,72.6,41.0,44.3,37.0,248.0
2024-02-19 16:00:00,10.6,45.0,72.4,40.8,44.3,36.8,248.0
2024-02-19 17:00:00,8.8,46.2,72.1,42.4,45.6,37.5,271.0
2024-02-19 18:00:00,7.8,47.0,78.9,43.5,47.3,38.8,308.0
2024-02-19 19:00:00,7.4,47.3,79.0,43.6,47.3,38.9,296.0
2024-02-19 20:00:00,6.6,45.5,75.3,41.7,45.3,37.2,242.0
2024-02-19 21:00:00,5.4,45.8,77.9,42.6,46.4,38.0,287.0
2024-02-19 22:00:00,4.6,46.3,78.4,41.5,40.4,37.7,252.0
2024-02-19 23:00:00,3.6,47.2,66.7,36.4,34.3,32.3,0.0
2024-02-20 00:00:00,2.8,47.9,61.8,33.9,33.5,31.7,0.0
2024-02-20 01:00:00,3.5,47.4,55.8,32.3,29.0,27.2,0.0
2024-02-20 02:00:00,2.8,47.9,53.9,30.2,27.3,25.3,0.0
2024-02-20 03:00:00,1.7,49.0,50.6,28.2,26.9,24.8,0.0
2024-02-20 04:00:00,1.7,48.9,49.0,26.5,26.5,24.4,0.0
2024-02-20 05:00:00,0.5,50.0,48.4,25.2,26.3,24.0,0.0
2024-02-20 06:00:00,0.7,49.4,65.7,35.1,36.6,23.3,69.0
2024-02-20 07:00:00,0.8,49.2,75.8,48.7,49.9,38.5,474.0
2024-02-20 08:00:00,2.7,47.3,89.4,43.4,48.0,39.4,357.0
2024-02-20 09:00:00,4.2,45.7,85.6,41.2,45.8,37.8,281.0
2024-02-20 10:00:00,5.7,44.9,80.8,40.0,44.3,36.8,261.0
2024-02-20 11:00:00,5.9,46.6,79.9,42.0,45.9,36.7,260.0
2024-02-20 12:00:00,8.0,45.7,79.0,42.3,46.1,38.0,311.0
2024-02-20 13:00:00,8.1,45.6,75.8,41.4,45.1,37.3,268.0
2024-02-20 14:00:00,7.3,46.0,78.4,42.2,46.0,37.5,278.0
2024-02-20 15:00:00,7.3,46.0,78.6,43.0,46.5,38.2,299.0
2024-02-20 16:00:00,7.5,45.9,79.5,42.5,46.4,38.1,285.0
2024-02-20 17:00:00,7.1,46.1,79.4,42.5,46.4,38.1,285.0
2024-02-20 18:00:00,6.8,47.2,80.2,43.7,47.3,38.7,308.0
2024-02-20 19:00:00,6.5,47.3,80.2,43.9,47.6,38.9,305.0
2024-02-20 20:00:00,6.7,47.2,79.5,43.8,47.6,38.9,301.0
2024-02-20 21:00:00,6.7,47.2,78.0,45.0,48.3,38.6,296.0
2024-02-20 22:00:00,6.6,47.3,75.3,44.1,44.3,38.8,303.0
2024-02-20 23:00:00,6.1,47.5,56.4,41.4,35.4,32.3,0.0
2024-02-21 00:00:00,5.7,47.7,51.3,38.9,33.7,31.9,0.0
2024-02-21 01:00:00,5.8,47.6,55.4,32.6,30.6,28.6,0.0
2024-02-21 02:00:00,5.8,47.6,50.8,31.6,27.5,25.9,0.0
2024-02-21 03:00:00,5.6,47.7,47.1,30.4,26.7,25.0,0.0
2024-02-21 04:00:00,5.5,47.7,43.6,29.4,26.4,24.4,0.0
2024-02-21 05:00:00,5.4,47.8,35.6,36.6,36.7,23.6,0.0
2024-02-21 06:00:00,5.4,47.8,72.8,41.0,42.5,29.6,197.0
2024-02-21 07:00:00,5.5,47.7,81.5,44.3,48.1,39.1,426.0
2024-02-21 08:00:00,5.9,47.6,81.0,43.9,47.7,38.8,317.0
2024-02-21 09:00:00,6.9,47.1,79.4,43.7,47.4,38.7,309.0
2024-02-21 10:00:00,7.8,46.8,79.6,43.5,47.1,38.6,301.0
2024-02-21 11:00:00,8.6,46.4,77.5,43.1,46.6,38.3,293.0
2024-02-21 12:00:00,9.2,46.2,75.7,42.6,46.1,37.9,277.0
2024-02-21 13:00:00,9.8,45.9,75.0,42.5,45.9,37.9,283.0
2024-02-21 14:00:00,9.8,45.2,73.7,42.1,45.4,37.7,270.0
2024-02-21 15:00:00,7.8,46.4,74.8,42.1,45.6,37.7,270.0
2024-02-21 16:00:00,7.9,46.3,79.3,43.0,46.7,38.6,299.0
2024-02-21 17:00:00,7.6,46.5,79.3,42.9,46.6,38.4,290.0
2024-02-21 18:00:00,7.1,46.8,79.6,42.9,46.7,38.4,285.0
2024-02-21 19:00:00,6.1,47.4,79.3,42.9,46.8,38.5,288.0
2024-02-21 20:00:00,4.8,48.1,81.6,44.4,48.3,39.3,316.0
2024-02-21 21:00:00,4.3,48.4,82.6,45.7,49.1,39.4,316.0
2024-02-21 22:00:00,3.9,48.7,78.7,45.6,44.4,40.0,328.0
2024-02-21 23:00:00,3.2,49.2,69.1,41.0,36.0,33.0,0.0
2024-02-22 00:00:00,2.7,49.6,62.0,38.3,34.2,32.5,0.0
2024-02-22 01:00:00,2.4,49.8,55.7,36.0,30.5,28.3,0.0
2024-02-22 02:00:00,1.9,50.1,52.9,33.4,27.6,25.8,0.0
2024-02-22 03:00:00,1.3,50.5,49.5,30.9,27.0,25.1,0.0
2024-02-22 04:00:00,1.5,50.3,46.4,29.0,26.6,24.6,0.0
2024-02-22 05:00:00,1.2,50.6,24.8,30.9,25.5,22.5,0.0
2024-02-22 06:00:00,0.9,50.8,69.4,41.8,43.1,30.8,208.0
2024-02-22 07:00:00,1.2,50.6,81.2,50.4,52.4,40.4,465.0
2024-02-22 08:00:00,3.1,49.3,89.1,45.5,49.8,40.4,363.0
2024-02-22 09:00:00,4.8,47.1,87.2,42.5,47.1,38.6,299.0
2024-02-22 10:00:00,5.8,47.6,86.5,43.4,47.7,38.7,305.0
2024-02-22 11:00:00,6.3,47.4,85.3,43.7,47.8,39.0,323.0
2024-02-22 12:00:00,7.7,46.8,80.3,42.8,46.6,38.4,296.0
2024-02-22 13:00:00,10.1,44.8,76.5,39.9,39.9,37.4,242.0
2024-02-22 14:00:00,12.6,44.0,65.3,37.8,34.3,32.4,0.0
2024-02-22 15:00:00,13.0,44.0,72.1,41.0,42.0,28.5,104.0
2024-02-22 16:00:00,13.0,44.0,63.9,32.0,34.4,32.5,0.0
2024-02-22 17:00:00,12.5,44.0,67.5,43.0,44.7,35.1,267.0
2024-02-22 18:00:00,11.9,44.0,73.5,40.5,44.2,36.7,269.0
2024-02-22 19:00:00,11.2,44.3,69.0,40.4,43.7,36.3,243.0
2024-02-22 20:00:00,10.7,44.5,72.8,41.5,44.8,37.2,271.0
2024-02-22 21:00:00,9.5,45.0,73.2,41.2,44.7,36.9,249.0
2024-02-22 22:00:00,8.6,45.4,72.3,41.5,39.8,37.3,252.0
2024-02-22 23:00:00,7.2,46.0,53.4,38.8,34.3,32.2,0.0
2024-02-23 00:00:00,6.6,46.2,57.7,36.2,33.6,31.4,0.0
2024-02-23 01:00:00,6.4,46.4,48.7,33.7,29.6,27.7,0.0
2024-02-23 02:00:00,5.7,46.7,48.8,31.4,27.3,25.4,0.0
2024-02-23 03:00:00,6.7,46.2,44.9,29.9,26.5,24.7,0.0
2024-02-23 04:00:00,6.4,46.4,49.4,27.3,26.8,24.3,0.0
2024-02-23 05:00:00,5.7,46.7,49.3,24.9,26.5,24.0,0.0
2024-02-23 06:00:00,6.6,46.2,64.9,38.4,39.8,27.9,148.0
2024-02-23 07:00:00,7.7,45.8,79.7,44.2,47.6,38.5,405.0
2024-02-23 08:00:00,8.9,45.3,79.3,41.5,45.6,37.6,277.0
2024-02-23 09:00:00,12.6,44.0,75.0,40.0,43.8,36.7,250.0
2024-02-23 10:00:00,13.4,44.0,71.9,40.3,43.8,36.3,235.0
2024-02-23 11:00:00,13.4,44.0,71.2,38.4,38.0,35.9,72.0
2024-02-23 12:00:00,15.3,44.0,57.2,35.6,33.6,31.7,0.0
2024-02-23 13:00:00,15.7,44.0,51.0,34.1,31.3,28.9,0.0
2024-02-23 14:00:00,15.6,44.0,46.7,32.6,27.5,25.8,0.0
2024-02-23 15:00:00,15.2,44.0,43.3,31.3,26.9,24.9,0.0
2024-02-23 16:00:00,15.5,44.0,40.3,30.1,26.7,24.6,0.0
2024-02-23 17:00:00,14.7,44.0,72.8,43.1,44.7,32.1,246.0
2024-02-23 18:00:00,14.5,44.0,72.4,40.6,44.2,36.7,313.0
2024-02-23 19:00:00,14.3,44.0,71.5,40.2,43.7,36.3,245.0
2024-02-23 20:00:00,13.6,44.0,78.4,40.6,44.8,36.4,244.0
2024-02-23 21:00:00,13.0,44.0,63.4,40.7,43.2,36.6,243.0
2024-02-23 22:00:00,14.0,44.0,67.7,40.2,39.2,36.9,241.0
2024-02-23 23:00:00,13.2,44.0,51.4,38.8,34.2,32.2,0.0
2024-02-24 00:00:00,12.1,44.0,46.7,36.9,33.6,31.5,0.0
2024-02-24 01:00:00,12.2,44.0,43.5,35.4,29.9,28.1,0.0
2024-02-24 02:00:00,12.5,44.0,43.6,33.6,27.8,26.0,0.0
2024-02-24 03:00:00,12.6,44.0,44.1,30.3,27.3,25.5,0.0
2024-02-24 04:00:00,12.7,44.0,40.5,29.2,27.1,25.2,0.0
2024-02-24 05:00:00,12.8,44.0,38.1,28.7,27.0,24.9,0.0
2024-02-24 06:00:00,12.6,44.0,73.6,40.8,42.9,29.0,180.0
2024-02-24 07:00:00,11.5,44.1,74.0,40.8,44.4,36.8,341.0
2024-02-24 08:00:00,12.4,44.0,73.9,40.4,44.1,36.6,250.0
2024-02-24 09:00:00,12.7,44.0,69.5,39.9,43.3,36.2,242.0
2024-02-24 10:00:00,12.4,44.0,71.1,40.5,43.9,36.3,244.0
2024-02-24 11:00:00,13.15,44.0,71.05,40.5,43.85,36.4,241.5
2024-02-24 12:00:00,13.9,44.0,71.0,40.5,43.8,36.5,241.5
2024-02-24 13:00:00,14.6,44.0,71.1,39.9,38.8,36.4,226.0
2024-02-24 14:00:00,15.5,44.0,62.6,37.5,34.2,32.3,0.0
2024-02-24 15:00:00,15.1,44.0,54.2,36.1,33.5,31.7,0.0
2024-02-24 16:00:00,15.0,44.0,49.3,34.8,30.4,28.4,0.0
2024-02-24 17:00:00,14.4,43.0,64.0,34.7,36.5,24.4,51.0
2024-02-24 18:00:00,13.2,43.0,72.5,39.9,43.4,36.7,361.0
2024-02-24 19:00:00,12.5,43.0,65.7,39.0,42.0,35.5,211.0
2024-02-24 20:00:00,12.7,44.0,70.3,41.4,44.3,36.4,246.0
2024-02-24 21:00:00,12.7,44.0,71.8,41.0,44.4,37.1,258.0
2024-02-24 22:00:00,12.1,44.0,69.1,39.6,38.4,36.2,210.0
2024-02-24 23:00:00,12.6,44.0,60.8,38.1,34.2,32.3,0.0
2024-02-25 00:00:00,13.6,44.0,54.3,36.5,33.6,31.4,0.0
2024-02-25 01:00:00,13.0,44.0,49.6,35.2,29.9,27.9,0.0
2024-02-25 02:00:00,12.1,44.0,46.2,33.8,27.9,25.9,0.0
2024-02-25 03:00:00,11.0,44.4,44.9,32.0,27.5,25.5,0.0
2024-02-25 04:00:00,11.8,44.0,41.2,30.8,27.4,25.2,0.0
2024-02-25 05:00:00,11.1,44.3,38.7,29.8,26.9,24.8,0.0
2024-02-25 06:00:00,10.7,44.5,36.6,29.0,26.6,24.4,0.0
2024-02-25 07:00:00,11.1,45.8,76.6,44.6,47.5,37.0,397.0
2024-02-25 08:00:00,11.8,45.0,70.2,41.0,44.8,37.3,268.0
2024-02-25 09:00:00,13.2,43.0,69.6,40.6,43.4,36.4,235.0
2024-02-25 10:00:00,13.9,43.0,64.8,36.4,34.5,31.5,67.0
2024-02-25 11:00:00,16.2,43.0,56.2,35.2,33.7,31.9,0.0
2024-02-25 12:00:00,17.1,43.0,51.0,34.1,34.0,29.6,0.0
2024-02-25 13:00:00,16.8,43.0,60.3,27.0,31.5,25.9,0.0
2024-02-25 14:00:00,17.9,43.0,59.5,25.5,44.6,25.6,0.0
2024-02-25 15:00:00,17.6,43.0,55.6,25.6,46.5,25.7,0.0
2024-02-25 16:00:00,17.0,43.0,50.1,25.7,41.8,26.1,0.0
2024-02-25 17:00:00,16.3,43.0,52.3,23.9,26.0,25.9,0.0
2024-02-25 18:00:00,15.6,43.0,50.4,24.4,34.2,25.4,0.0
2024-02-25 19:00:00,14.6,45.0,72.6,44.6,45.9,33.5,284.0
2024-02-25 20:00:00,13.7,45.0,73.1,42.3,45.6,37.6,320.0
2024-02-25 21:00:00,13.5,45.0,72.9,42.3,45.7,37.7,272.0
2024-02-25 22:00:00,12.9,45.0,71.0,38.1,36.6,34.1,164.0
2024-02-25 23:00:00,12.1,45.0,68.1,32.2,43.4,32.0,0.0
2024-02-26 00:00:00,11.4,45.1,63.0,31.4,49.5,31.5,0.0
2024-02-26 01:00:00,11.2,45.2,56.0,30.8,43.4,31.7,0.0
2024-02-26 02:00:00,10.2,45.4,55.1,30.4,45.5,31.0,0.0
2024-02-26 03:00:00,10.9,45.2,55.5,30.2,45.8,30.7,0.0
2024-02-26 04:00:00,10.8,45.3,53.8,30.0,45.9,29.6,0.0
2024-02-26 05:00:00,10.6,45.3,51.2,29.7,44.7,29.3,0.0
2024-02-26 06:00:00,10.0,45.5,79.4,45.7,47.3,33.8,295.0
2024-02-26 07:00:00,10.4,45.4,75.9,42.2,45.9,38.0,318.0
2024-02-26 08:00:00,11.7,45.1,75.0,41.7,45.2,37.5,266.0
2024-02-26 09:00:00,12.9,45.0,73.2,41.2,44.7,37.2,256.0
2024-02-26 10:00:00,14.0,45.0,71.1,38.5,38.1,35.6,196.0
2024-02-26 11:00:00,15.2,45.0,64.8,35.2,34.3,32.3,0.0
2024-02-26 12:00:00,16.2,45.0,65.4,31.7,45.0,31.3,0.0
2024-02-26 13:00:00,16.7,45.0,60.8,30.7,48.5,30.3,0.0
2024-02-26 14:00:00,17.0,45.0,54.7,30.2,43.0,30.7,0.0
2024-02-26 15:00:00,17.2,45.0,54.5,29.6,45.4,29.8,0.0
2024-02-26 16:00:00,17.2,45.0,52.1,29.3,44.5,30.0,0.0
2024-02-26 17:00:00,16.1,45.0,52.0,29.3,44.3,29.3,0.0
2024-02-26 18:00:00,15.4,44.0,70.8,41.8,42.7,30.0,185.0
2024-02-26 19:00:00,14.3,44.0,70.6,40.9,44.0,36.9,329.0
2024-02-26 20:00:00,13.6,45.0,66.3,41.8,44.7,37.0,256.0
2024-02-26 21:00:00,13.3,45.0,67.8,41.8,44.5,37.8,274.0
2024-02-26 22:00:00,12.4,45.0,67.4,40.6,39.4,37.1,225.0
2024-02-26 23:00:00,12.1,45.0,56.5,38.2,36.2,32.3,0.0
2024-02-27 00:00:00,11.8,45.0,58.5,31.9,34.2,31.6,0.0
2024-02-27 01:00:00,11.6,45.2,57.7,29.5,34.1,28.4,0.0
2024-02-27 02:00:00,11.1,45.3,56.6,26.9,38.3,27.0,0.0
2024-02-27 03:00:00,10.6,45.5,55.8,26.4,47.1,26.5,0.0
2024-02-27 04:00:00,10.6,45.5,52.7,26.4,46.8,26.6,0.0
2024-02-27 05:00:00,10.2,45.7,48.2,26.5,43.5,26.9,0.0
2024-02-27 06:00:00,10.1,45.8,61.7,36.1,37.0,25.1,84.0
2024-02-27 07:00:00,9.5,46.0,76.0,42.9,46.5,38.4,419.0
2024-02-27 08:00:00,11.8,45.0,78.0,41.8,45.6,38.0,282.0
2024-02-27 09:00:00,13.2,44.0,72.3,40.5,44.1,37.1,248.0
2024-02-27 10:00:00,15.2,44.0,71.4,36.4,35.1,32.6,121.0
2024-02-27 11:00:00,17.4,44.0,68.4,31.9,52.0,31.7,0.0
2024-02-27 12:00:00,18.0,44.0,61.5,31.3,46.7,31.9,0.0
2024-02-27 13:00:00,18.8,44.0,54.8,30.7,41.5,32.0,0.0
2024-02-27 14:00:00,19.0,44.0,52.7,30.3,43.5,31.6,0.0
2024-02-27 15:00:00,17.8,44.0,55.6,30.3,44.8,31.2,0.0
2024-02-27 16:00:00,16.9,44.0,52.6,30.3,44.1,30.5,0.0
2024-02-27 17:00:00,16.3,44.0,51.9,30.2,44.1,29.8,0.0
2024-02-27 18:00:00,13.8,44.0,72.7,41.3,43.4,31.0,200.0
2024-02-27 19:00:00,12.8,44.0,73.1,41.2,44.6,37.1,327.0
2024-02-27 20:00:00,12.1,44.0,72.9,40.4,44.1,36.6,244.0
2024-02-27 21:00:00,11.4,45.2,70.6,43.1,46.0,37.1,254.0
2024-02-27 22:00:00,11.0,45.4,73.6,42.5,46.0,38.0,279.0
2024-02-27 23:00:00,11.0,45.4,54.8,40.2,34.8,32.2,0.0
2024-02-28 00:00:00,10.7,45.5,48.8,38.3,33.8,32.0,0.0
2024-02-28 01:00:00,10.6,45.6,45.4,36.5,31.3,28.9,0.0
2024-02-28 02:00:00,10.7,45.5,50.6,29.8,28.1,26.4,0.0
2024-02-28 03:00:00,10.7,45.5,45.7,29.1,27.4,25.4,0.0
2024-02-28 04:00:00,10.4,45.6,42.3,28.7,27.2,25.1,0.0
2024-02-28 05:00:00,10.7,45.5,28.0,36.3,30.7,24.0,0.0
2024-02-28 06:00:00,10.5,45.6,34.0,26.8,28.3,23.2,0.0
2024-02-28 07:00:00,10.3,45.7,76.2,43.9,47.0,38.0,412.0
2024-02-28 08:00:00,11.9,45.0,75.4,42.1,45.6,37.8,276.0
2024-02-28 09:00:00,13.3,45.0,73.8,41.8,45.3,37.5,264.0
2024-02-28 10:00:00,14.7,45.0,71.8,41.4,44.6,37.3,253.0
2024-02-28 11:00:00,16.5,45.0,71.7,36.7,37.1,34.7,143.0
2024-02-28 12:00:00,17.4,45.0,64.8,35.4,35.0,32.2,0.0
2024-02-28 13:00:00,18.2,45.0,65.2,33.3,34.3,31.4,0.0
2024-02-28 14:00:00,18.6,45.0,66.4,29.6,36.1,27.9,0.0
2024-02-28 15:00:00,18.4,45.0,63.4,27.1,46.2,26.7,0.0
2024-02-28 16:00:00,17.1,45.0,59.0,26.6,47.1,26.8,0.0
2024-02-28 17:00:00,16.4,45.0,53.5,26.7,42.8,27.1,0.0
2024-02-28 18:00:00,14.9,45.0,60.1,46.2,40.1,24.8,55.0
2024-02-28 19:00:00,14.3,45.0,72.1,42.4,45.6,38.0,405.0
2024-02-28 20:00:00,13.8,45.0,64.8,41.4,44.7,37.2,252.0
2024-02-28 21:00:00,13.0,45.0,67.4,42.1,44.7,37.6,268.0
2024-02-28 22:00:00,12.3,45.0,64.8,37.0,36.4,33.8,154.0
2024-02-28 23:00:00,11.5,45.2,66.1,30.1,31.0,28.5,0.0
2024-02-29 00:00:00,10.8,45.5,61.6,28.2,51.0,28.0,0.0
2024-02-29 01:00:00,10.4,45.6,55.6,28.0,47.2,28.1,0.0
2024-02-29 02:00:00,10.1,45.8,51.2,28.1,44.8,28.5,0.0
2024-02-29 03:00:00,9.9,45.9,50.5,28.0,45.3,28.0,0.0
2024-02-29 04:00:00,8.8,46.3,49.8,28.0,46.1,27.1,0.0
2024-02-29 05:00:00,9.0,46.2,46.8,26.6,45.7,25.5,0.0
2024-02-29 06:00:00,8.5,46.5,79.6,44.4,45.8,31.5,241.0
2024-02-29 07:00:00,8.8,46.3,78.1,46.0,48.5,38.6,359.0
2024-02-29 08:00:00,10.7,45.5,78.3,41.9,45.8,37.9,275.0
2024-02-29 09:00:00,12.5,44.0,73.4,40.6,44.2,37.2,244.0
2024-02-29 10:00:00,13.0,44.0,72.7,39.7,43.4,36.3,225.0
2024-02-29 11:00:00,14.7,44.0,69.3,33.1,45.6,32.0,0.0
2024-02-29 12:00:00,15.7,44.0,64.6,31.7,50.1,31.9,0.0
2024-02-29 13:00:00,16.5,44.0,57.6,31.2,43.9,32.1,0.0
2024-02-29 14:00:00,16.2,44.0,57.4,30.9,46.2,31.7,0.0
2024-02-29 15:00:00,16.4,44.0,50.8,30.4,42.2,31.9,0.0
2024-02-29 16:00:00,15.9,44.0,53.8,30.4,44.0,31.1,0.0
2024-02-29 17:00:00,15.3,44.0,53.4,30.6,44.0,30.4,0.0
2024-02-29 18:00:00,15.0,44.0,51.6,30.5,44.4,29.6,0.0
2024-02-29 19:00:00,14.6,44.0,51.0,30.1,44.5,28.3,0.0
2024-02-29 20:00:00,14.2,44.0,49.9,29.4,44.4,27.1,0.0
2024-02-29 21:00:00,14.2,44.0,48.7,28.4,43.9,26.3,0.0
2024-02-29 22:00:00,13.7,44.0,47.0,27.7,43.1,25.8,0.0
2024-02-29 23:00:00,13.9,44.0,43.1,27.3,40.4,26.1,0.0
2024-03-01 00:00:00,13.2,44.0,41.4,27.1,38.8,26.2,0.0
2024-03-01 01:00:00,12.6,44.0,42.3,27.9,39.0,25.9,0.0
2024-03-01 02:00:00,12.6,44.0,42.7,27.3,38.5,25.6,0.0
2024-03-01 03:00:00,12.3,44.0,39.0,26.9,37.0,25.5,0.0
2024-03-01 04:00:00,12.4,44.0,37.1,26.6,35.9,25.6,0.0
2024-03-01 05:00:00,12.3,44.0,35.3,26.3,34.8,25.6,0.0
2024-03-01 06:00:00,12.1,44.0,62.3,38.1,39.5,28.6,166.0
2024-03-01 07:00:00,12.3,44.0,74.0,40.9,44.4,36.9,358.0
2024-03-01 08:00:00,12.6,44.0,72.3,39.8,43.4,36.2,239.0
2024-03-01 09:00:00,13.3,44.0,70.6,39.7,43.1,36.2,239.0
2024-03-01 10:00:00,14.7,44.0,68.4,35.9,34.2,31.8,110.0
2024-03-01 11:00:00,16.4,44.0,65.2,31.7,46.1,31.6,0.0
2024-03-01 12:00:00,16.8,44.0,62.8,27.7,51.2,27.6,0.0
2024-03-01 13:00:00,17.0,44.0,56.5,27.4,45.5,27.9,0.0
2024-03-01 14:00:00,16.8,44.0,50.8,27.4,41.7,27.9,0.0
2024-03-01 15:00:00,15.7,44.0,51.7,27.4,43.7,27.8,0.0
2024-03-01 16:00:00,15.0,44.0,51.5,27.5,43.5,27.7,0.0
2024-03-01 17:00:00,13.8,44.0,72.5,42.8,44.3,31.2,212.0
2024-03-01 18:00:00,13.1,44.0,72.5,40.9,44.3,36.7,320.0
2024-03-01 19:00:00,12.3,44.0,72.1,41.1,44.3,36.9,258.0
2024-03-01 20:00:00,12.2,44.0,72.5,41.2,44.6,37.0,256.0
2024-03-01 21:00:00,11.5,44.2,68.4,41.0,44.1,36.6,237.0
2024-03-01 22:00:00,11.0,45.4,72.0,42.8,45.9,38.0,278.0
2024-03-01 23:00:00,10.4,45.6,65.4,34.6,35.6,31.8,0.0
2024-03-02 00:00:00,9.9,45.9,59.2,32.9,33.8,31.8,0.0
2024-03-02 01:00:00,9.3,46.1,56.5,31.4,31.9,29.0,0.0
2024-03-02 02:00:00,9.1,46.2,55.2,28.4,29.5,26.8,0.0
2024-03-02 03:00:00,9.2,46.2,53.6,26.4,28.9,25.6,0.0
2024-03-02 04:00:00,8.6,46.4,52.6,25.1,32.1,25.1,0.0
2024-03-02 05:00:00,8.9,46.3,52.4,24.5,37.7,24.7,0.0
2024-03-02 06:00:00,8.9,46.3,64.2,39.4,40.2,29.5,176.0
2024-03-02 07:00:00,9.1,46.2,77.3,42.8,46.4,38.4,381.0
2024-03-02 08:00:00,9.0,46.2,69.5,43.6,46.2,37.8,285.0
2024-03-02 09:00:00,9.5,46.0,69.0,42.5,46.1,37.8,275.0
2024-03-02 10:00:00,9.9,45.9,66.2,42.3,45.2,38.3,290.0
2024-03-02 11:00:00,11.5,45.2,68.8,42.5,44.8,37.8,260.0
2024-03-02 12:00:00,12.4,45.0,70.7,43.2,45.8,37.5,254.0
2024-03-02 13:00:00,13.1,45.0,63.2,42.0,44.3,37.2,257.0
2024-03-02 14:00:00,12.9,45.0,64.8,34.7,35.9,32.1,0.0
2024-03-02 15:00:00,12.7,45.0,61.9,32.0,34.6,31.3,0.0
2024-03-02 16:00:00,12.4,45.0,60.4,29.6,33.9,28.4,0.0
2024-03-02 17:00:00,11.6,45.1,58.8,27.0,33.9,26.9,0.0
2024-03-02 18:00:00,10.5,45.6,57.1,26.2,42.8,26.1,0.0
2024-03-02 19:00:00,9.4,46.1,75.9,45.0,47.5,37.2,375.0
2024-03-02 20:00:00,9.3,46.1,70.8,42.2,45.8,38.1,288.0
2024-03-02 21:00:00,8.9,46.3,76.2,43.4,46.8,38.5,291.0
2024-03-02 22:00:00,8.0,46.7,73.1,38.8,37.5,35.1,180.0
2024-03-02 23:00:00,7.4,46.9,68.9,32.7,35.3,32.3,0.0
2024-03-03 00:00:00,6.7,47.2,65.8,31.2,41.7,30.5,0.0
2024-03-03 01:00:00,6.8,47.2,61.9,28.8,51.4,28.2,0.0
2024-03-03 02:00:00,6.1,47.5,55.3,28.4,44.6,29.0,0.0
2024-03-03 03:00:00,5.1,48.0,57.2,27.9,49.0,27.4,0.0
2024-03-03 04:00:00,5.7,47.7,52.2,27.5,46.8,27.6,0.0
2024-03-03 05:00:00,5.5,47.7,54.0,27.2,47.5,26.6,0.0
2024-03-03 06:00:00,5.2,47.9,81.7,45.0,46.7,32.0,264.0
2024-03-03 07:00:00,5.6,47.7,80.7,43.9,47.6,39.3,394.0
2024-03-03 08:00:00,7.8,46.8,71.2,44.3,46.6,38.4,291.0
2024-03-03 09:00:00,8.5,46.5,70.6,42.2,45.7,38.6,293.0
2024-03-03 10:00:00,10.1,45.8,65.9,42.0,45.1,37.9,268.0
2024-03-03 11:00:00,11.9,45.0,47.7,39.3,37.2,34.9,172.0
2024-03-03 12:00:00,13.1,45.0,38.1,37.7,34.1,32.3,0.0
2024-03-03 13:00:00,14.2,45.0,41.4,32.5,33.1,30.9,0.0
2024-03-03 14:00:00,14.9,45.0,40.6,31.3,29.6,27.5,0.0
2024-03-03 15:00:00,15.2,45.0,40.9,28.4,28.1,25.8,0.0
2024-03-03 16:00:00,15.9,45.0,39.4,27.1,27.6,25.4,0.0
2024-03-03 17:00:00,14.9,45.0,38.2,26.4,27.3,25.1,0.0
2024-03-03 18:00:00,13.9,44.0,42.3,29.7,31.1,23.9,36.0
2024-03-03 19:00:00,13.1,44.0,73.5,41.3,44.6,37.2,390.0
2024-03-03 20:00:00,12.2,44.0,64.6,40.2,43.0,36.3,234.0
2024-03-03 21:00:00,11.3,44.3,63.7,40.9,43.4,36.8,255.0
2024-03-03 22:00:00,11.1,44.5,72.1,40.9,39.5,37.1,243.0
2024-03-03 23:00:00,11.1,44.5,67.5,33.5,35.6,32.1,0.0
2024-03-04 00:00:00,11.0,44.5,65.6,31.6,37.6,31.1,0.0
2024-03-04 01:00:00,10.5,44.8,63.2,29.7,48.9,28.9,0.0
2024-03-04 02:00:00,10.3,44.9,57.5,28.8,45.6,28.9,0.0
2024-03-04 03:00:00,9.7,45.2,57.4,28.6,46.1,28.5,0.0
2024-03-04 04:00:00,9.3,45.5,53.2,28.1,45.3,27.9,0.0
2024-03-04 05:00:00,8.8,45.8,53.4,27.9,45.3,27.6,0.0
2024-03-04 06:00:00,8.2,48.1,63.4,37.0,38.2,26.3,112.0
2024-03-04 07:00:00,8.7,47.8,81.3,46.1,49.0,39.6,448.0
2024-03-04 08:00:00,10.9,46.6,81.1,43.1,47.0,38.8,297.0
2024-03-04 09:00:00,12.0,46.0,79.0,42.0,45.9,38.1,273.0
2024-03-04 10:00:00,13.9,46.0,73.0,42.1,45.6,37.7,259.0
2024-03-04 11:00:00,14.5,46.0,69.5,37.6,35.4,33.1,127.0
2024-03-04 12:00:00,15.8,46.0,66.9,32.1,43.8,32.0,0.0
2024-03-04 13:00:00,16.4,46.0,62.3,31.4,49.8,31.4,0.0
2024-03-04 14:00:00,16.8,46.0,56.0,31.0,43.7,31.8,0.0
2024-03-04 15:00:00,16.9,46.0,54.3,30.5,45.8,31.4,0.0
2024-03-04 16:00:00,16.4,46.0,55.0,30.3,46.0,31.0,0.0
2024-03-04 17:00:00,15.5,46.0,52.7,30.3,45.3,30.2,0.0
2024-03-04 18:00:00,13.7,44.0,72.3,42.6,44.4,32.5,242.0
2024-03-04 19:00:00,12.7,44.0,73.1,40.7,44.2,36.9,300.0
2024-03-04 20:00:00,12.6,44.0,73.1,40.6,44.0,36.8,245.0
2024-03-04 21:00:00,11.7,46.1,71.9,43.6,46.0,37.1,252.0
2024-03-04 22:00:00,11.6,46.1,71.6,42.6,41.5,38.6,294.0
2024-03-04 23:00:00,11.5,46.1,64.8,38.8,35.4,32.1,0.0
2024-03-05 00:00:00,11.0,46.3,57.5,37.1,33.7,32.0,0.0
2024-03-05 01:00:00,11.1,46.3,51.9,35.6,32.6,30.1,0.0
2024-03-05 02:00:00,11.2,46.2,48.2,34.2,28.8,27.0,0.0
2024-03-05 03:00:00,10.7,46.4,49.9,29.7,27.6,25.8,0.0
2024-03-05 04:00:00,9.8,46.7,45.9,28.8,27.2,25.1,0.0
2024-03-05 05:00:00,9.6,46.8,29.7,35.8,25.8,22.9,0.0
2024-03-05 06:00:00,8.6,47.1,71.5,41.7,43.0,30.1,193.0
2024-03-05 07:00:00,8.5,47.1,78.8,43.7,47.2,39.0,400.0
2024-03-05 08:00:00,9.9,46.7,77.7,43.1,46.8,38.6,290.0
2024-03-05 09:00:00,10.7,46.4,75.9,42.6,46.1,38.2,275.0
2024-03-05 10:00:00,12.0,44.0,73.6,40.8,44.5,37.7,257.0
2024-03-05 11:00:00,12.4,44.0,71.2,37.1,35.8,33.3,132.0
2024-03-05 12:00:00,12.4,44.0,67.9,31.9,44.2,32.0,0.0
2024-03-05 13:00:00,13.0,44.0,62.7,31.3,48.9,31.5,0.0
2024-03-05 14:00:00,13.7,44.0,56.2,30.9,43.1,31.9,0.0
2024-03-05 15:00:00,12.6,44.0,55.3,30.5,45.5,31.3,0.0
2024-03-05 16:00:00,12.0,44.0,49.8,30.1,41.6,31.4,0.0
2024-03-05 17:00:00,11.3,44.3,53.6,30.2,44.6,30.7,0.0
2024-03-05 18:00:00,10.8,44.6,75.4,41.9,43.6,30.5,204.0
2024-03-05 19:00:00,10.3,44.8,75.0,41.7,45.4,37.5,340.0
2024-03-05 20:00:00,10.0,45.0,71.9,42.5,45.6,37.0,254.0
2024-03-05 21:00:00,9.2,45.4,75.9,42.7,46.2,37.3,271.0
2024-03-05 22:00:00,7.9,46.0,74.6,41.6,40.6,37.8,266.0
2024-03-05 23:00:00,7.7,46.1,70.3,33.1,38.7,32.0,0.0
2024-03-06 00:00:00,7.2,46.4,67.7,31.4,53.7,31.0,0.0
2024-03-06 01:00:00,6.6,46.7,60.1,30.9,46.4,31.5,0.0
2024-03-06 02:00:00,6.2,46.9,59.1,30.3,48.1,31.0,0.0
2024-03-06 03:00:00,6.1,47.0,56.7,30.0,46.7,30.7,0.0
2024-03-06 04:00:00,5.7,47.1,55.7,29.7,47.1,29.2,0.0
2024-03-06 05:00:00,5.7,47.1,53.8,29.1,46.7,28.1,0.0
2024-03-06 06:00:00,5.3,47.3,63.9,42.3,43.5,34.0,290.0
2024-03-06 07:00:00,5.9,47.0,81.3,44.4,48.0,39.3,368.0
2024-03-06 08:00:00,7.8,46.1,79.9,42.5,46.4,38.1,283.0
2024-03-06 09:00:00,9.9,44.0,79.1,40.5,44.6,37.2,258.0
2024-03-06 10:00:00,9.8,44.1,77.3,39.6,43.7,36.5,237.0
2024-03-06 11:00:00,10.6,44.5,72.6,40.4,39.6,35.2,197.0
2024-03-06 12:00:00,11.5,44.1,74.1,40.8,44.5,37.3,312.0
2024-03-06 13:00:00,12.2,44.0,71.8,39.8,40.2,36.5,230.0
2024-03-06 14:00:00,13.5,44.0,65.9,35.9,35.4,32.2,0.0
2024-03-06 15:00:00,13.5,43.0,70.1,39.1,40.7,27.9,85.0
2024-03-06 16:00:00,13.6,43.0,67.7,36.3,36.3,33.7,146.0
2024-03-06 17:00:00,12.7,42.0,70.7,39.5,41.2,28.4,85.0
2024-03-06 18:00:00,11.7,43.2,73.8,40.1,43.8,36.3,312.0
2024-03-06 19:00:00,11.5,45.2,73.8,42.2,45.6,37.3,269.0
2024-03-06 20:00:00,10.1,46.0,64.0,42.0,44.7,38.0,277.0
2024-03-06 21:00:00,9.5,46.4,70.4,43.7,45.6,38.3,285.0
2024-03-06 22:00:00,9.5,46.4,70.3,41.9,41.3,38.5,271.0
2024-03-06 23:00:00,9.6,46.3,69.2,33.8,37.0,32.0,0.0
2024-03-07 00:00:00,9.3,46.5,66.6,31.8,46.7,31.3,0.0
2024-03-07 01:00:00,8.9,46.7,61.6,30.5,49.5,30.3,0.0
2024-03-07 02:00:00,9.0,46.7,55.1,30.1,44.7,30.7,0.0
2024-03-07 03:00:00,8.8,46.8,54.9,29.5,46.3,29.6,0.0
2024-03-07 04:00:00,8.4,47.0,55.4,29.3,47.1,29.1,0.0
2024-03-07 05:00:00,8.6,47.0,53.4,29.0,46.8,28.3,0.0
2024-03-07 06:00:00,8.5,47.0,71.7,40.8,42.1,29.1,166.0
2024-03-07 07:00:00,8.6,46.9,82.1,43.6,47.6,39.3,412.0
2024-03-07 08:00:00,8.9,46.7,82.2,42.6,46.7,38.3,287.0
2024-03-07 09:00:00,10.0,46.1,77.6,42.2,46.0,38.3,284.0
2024-03-07 10:00:00,11.0,44.4,75.2,41.0,44.8,37.3,247.0
2024-03-07 11:00:00,10.9,43.6,72.9,39.6,43.3,36.4,228.0
2024-03-07 12:00:00,10.6,43.8,72.7,39.5,43.2,35.9,222.0
2024-03-07 13:00:00,10.6,43.8,72.8,39.9,43.6,36.3,239.0
2024-03-07 14:00:00,10.1,44.0,72.1,39.9,43.4,36.3,235.0
2024-03-07 15:00:00,8.6,44.9,73.9,41.6,45.1,37.2,261.0
2024-03-07 16:00:00,8.1,45.2,74.7,42.2,45.5,37.7,273.0
2024-03-07 17:00:00,6.6,46.0,78.8,42.3,46.2,38.0,280.0
2024-03-07 18:00:00,6.0,46.4,79.4,42.5,46.5,38.2,279.0
2024-03-07 19:00:00,6.3,46.2,80.2,42.9,46.9,38.6,286.0
2024-03-07 20:00:00,6.0,46.4,79.4,42.4,46.3,38.3,275.0
2024-03-07 21:00:00,6.1,47.1,72.1,42.9,46.1,38.2,270.0
2024-03-07 22:00:00,6.3,47.1,77.4,43.1,41.8,39.1,290.0
2024-03-07 23:00:00,6.2,47.1,74.3,33.8,39.1,32.4,0.0
2024-03-08 00:00:00,6.2,47.1,70.5,32.1,54.0,31.8,0.0
2024-03-08 01:00:00,6.1,47.1,62.3,31.5,46.3,32.5,0.0
2024-03-08 02:00:00,6.1,47.1,59.2,31.1,48.1,32.1,0.0
2024-03-08 03:00:00,6.0,47.1,59.7,30.6,47.9,32.1,0.0
2024-03-08 04:00:00,5.9,47.3,56.4,30.6,47.1,30.8,0.0
2024-03-08 05:00:00,5.7,47.3,36.0,37.7,37.3,23.3,0.0
2024-03-08 06:00:00,5.4,47.4,80.6,44.3,46.0,31.3,221.0
2024-03-08 07:00:00,5.8,47.3,79.9,43.7,47.4,39.0,396.0
2024-03-08 08:00:00,6.0,47.2,79.8,43.3,47.0,38.5,301.0
2024-03-08 09:00:00,7.1,46.8,78.7,43.1,46.8,38.4,298.0
2024-03-08 10:00:00,7.0,46.8,78.7,42.9,46.6,38.3,286.0
2024-03-08 11:00:00,7.7,46.5,76.9,42.6,46.2,38.1,286.0
2024-03-08 12:00:00,8.3,46.3,75.0,42.1,45.7,37.7,274.0
2024-03-08 13:00:00,9.1,44.2,74.4,42.2,45.6,38.3,288.0
2024-03-08 14:00:00,9.2,44.2,73.2,39.8,43.5,36.3,216.0
2024-03-08 15:00:00,9.2,44.2,72.5,40.2,43.8,36.5,239.0
2024-03-08 16:00:00,7.9,44.7,73.8,40.5,44.0,36.6,246.0
2024-03-08 17:00:00,7.2,45.0,77.3,41.1,45.0,37.0,256.0
2024-03-08 18:00:00,6.3,45.4,78.7,41.8,45.7,37.6,274.0
2024-03-08 19:00:00,6.0,45.5,80.6,41.8,45.9,38.0,279.0
2024-03-08 20:00:00,5.0,46.0,79.3,43.7,47.3,37.8,267.0
2024-03-08 21:00:00,4.3,46.6,78.3,42.7,46.4,38.4,289.0
2024-03-08 22:00:00,3.7,47.2,78.0,41.1,39.6,37.0,226.0
2024-03-08 23:00:00,3.0,47.8,77.0,32.5,41.2,32.1,0.0
2024-03-09 00:00:00,2.5,48.2,71.1,31.4,53.2,31.8,0.0
2024-03-09 01:00:00,2.8,47.9,62.1,30.8,45.2,32.2,0.0
2024-03-09 02:00:00,3.2,47.6,58.4,30.4,46.5,32.0,0.0
2024-03-09 03:00:00,2.5,48.2,62.3,30.5,49.1,30.6,0.0
2024-03-09 04:00:00,3.3,47.6,58.4,29.9,47.6,30.3,0.0
2024-03-09 05:00:00,3.3,47.4,57.7,29.3,47.7,28.1,0.0
2024-03-09 06:00:00,2.9,47.7,85.6,45.7,47.3,30.6,240.0
2024-03-09 07:00:00,3.4,47.4,83.9,43.5,47.7,38.8,410.0
2024-03-09 08:00:00,4.5,46.4,75.6,43.9,46.5,38.2,299.0
2024-03-09 09:00:00,6.9,45.1,74.4,41.1,44.7,37.6,276.0
2024-03-09 10:00:00,8.4,44.5,68.3,41.1,44.1,36.7,252.0
2024-03-09 11:00:00,10.4,43.6,69.2,40.1,43.3,36.2,247.0
2024-03-09 12:00:00,11.4,43.2,65.6,39.8,43.0,35.8,228.0
2024-03-09 13:00:00,13.3,43.0,70.3,40.0,43.5,36.1,239.0
2024-03-09 14:00:00,13.1,43.0,61.3,34.0,35.8,32.1,0.0
2024-03-09 15:00:00,13.3,43.0,59.5,31.5,35.7,30.5,0.0
2024-03-09 16:00:00,13.3,43.0,58.2,27.6,31.8,26.7,0.0
2024-03-09 17:00:00,12.9,43.0,56.5,25.9,31.2,26.1,0.0
2024-03-09 18:00:00,12.2,43.0,73.3,41.3,43.2,30.9,193.0
2024-03-09 19:00:00,11.4,43.3,72.4,39.4,43.0,36.0,301.0
2024-03-09 20:00:00,10.7,46.3,74.7,45.2,48.0,37.9,270.0
2024-03-09 21:00:00,9.8,46.6,69.1,43.3,45.8,38.0,314.0
2024-03-09 22:00:00,9.1,46.8,74.1,43.1,41.2,38.8,294.0
2024-03-09 23:00:00,8.9,46.8,65.1,36.4,36.6,32.2,0.0
2024-03-10 00:00:00,8.6,46.9,67.3,31.7,39.7,31.0,0.0
2024-03-10 01:00:00,8.8,46.9,65.5,28.2,53.3,27.5,0.0
2024-03-10 02:00:00,8.8,46.9,58.2,27.8,46.5,28.4,0.0
2024-03-10 03:00:00,8.6,46.9,59.5,27.8,48.5,27.9,0.0
2024-03-10 04:00:00,8.3,47.0,53.4,27.5,46.2,28.0,0.0
2024-03-10 05:00:00,8.3,47.0,55.0,27.5,47.0,27.3,0.0
2024-03-10 06:00:00,8.4,46.1,59.2,33.3,34.4,22.4,0.0
2024-03-10 07:00:00,8.8,45.8,79.1,42.7,46.5,38.2,464.0
2024-03-10 08:00:00,10.4,44.9,66.5,40.9,44.0,37.1,264.0
2024-03-10 09:00:00,12.8,44.0,62.3,40.5,42.9,36.3,246.0
2024-03-10 10:00:00,14.3,44.0,72.2,41.3,44.8,36.9,263.0
2024-03-10 11:00:00,16.3,43.0,65.4,39.8,42.7,35.6,213.0
2024-03-10 12:00:00,16.5,43.0,68.4,38.4,37.9,35.6,206.0
2024-03-10 13:00:00,17.0,43.0,54.2,37.1,34.1,32.3,0.0
2024-03-10 14:00:00,17.6,43.0,47.2,35.7,33.4,31.1,0.0
2024-03-10 15:00:00,17.4,43.0,43.6,34.2,29.1,27.3,0.0
2024-03-10 16:00:00,17.6,43.0,47.2,29.1,27.5,25.6,0.0
2024-03-10 17:00:00,16.8,43.0,43.4,28.5,27.0,25.0,0.0
2024-03-10 18:00:00,15.9,43.0,84.3,43.7,43.7,27.3,115.0
2024-03-10 19:00:00,15.3,43.0,71.4,39.8,43.5,36.3,341.0
2024-03-10 20:00:00,15.1,45.0,63.5,40.8,43.7,35.7,225.0
2024-03-10 21:00:00,14.6,45.0,67.3,42.4,45.6,37.5,281.0
2024-03-10 22:00:00,14.2,45.0,66.5,41.4,39.9,37.2,252.0
2024-03-10 23:00:00,13.6,45.0,60.2,34.4,35.5,32.2,0.0
2024-03-11 00:00:00,13.3,45.0,57.7,31.9,34.8,31.3,0.0
2024-03-11 01:00:00,12.7,45.0,57.1,28.7,31.8,27.3,0.0
2024-03-11 02:00:00,12.4,45.0,56.1,26.2,30.5,26.0,0.0
2024-03-11 03:00:00,11.8,45.0,54.9,25.7,31.6,25.7,0.0
2024-03-11 04:00:00,12.3,45.0,53.3,25.6,34.2,25.6,0.0
2024-03-11 05:00:00,11.9,45.0,24.1,26.9,26.2,23.5,0.0
2024-03-11 06:00:00,11.6,45.1,74.7,37.7,39.5,25.3,93.0
2024-03-11 07:00:00,11.9,45.0,74.6,42.0,45.4,37.8,402.0
2024-03-11 08:00:00,12.4,45.0,61.1,41.1,43.5,36.9,244.0
2024-03-11 09:00:00,13.3,45.0,72.7,41.7,45.1,39.0,313.0
2024-03-11 10:00:00,14.8,45.0,71.9,41.3,44.6,37.0,229.0
2024-03-11 11:00:00,15.6,44.0,70.2,37.3,36.2,33.8,153.0
2024-03-11 12:00:00,18.1,44.0,67.6,32.0,51.2,31.9,0.0
2024-03-11 13:00:00,18.6,44.0,61.0,31.4,47.4,32.0,0.0
2024-03-11 14:00:00,17.6,44.0,54.6,30.9,42.1,32.1,0.0
2024-03-11 15:00:00,17.6,44.0,53.1,30.6,44.4,31.8,0.0
2024-03-11 16:00:00,17.6,44.0,53.3,30.5,44.1,31.9,0.0
2024-03-11 17:00:00,16.5,44.0,60.0,35.3,37.2,26.8,101.0
2024-03-11 18:00:00,12.1,44.0,73.0,41.1,44.5,37.1,365.0
2024-03-11 19:00:00,11.1,44.5,75.8,40.5,44.3,37.0,251.0
2024-03-11 20:00:00,9.9,45.2,76.7,43.4,46.6,37.5,268.0
2024-03-11 21:00:00,11.0,44.5,71.2,41.1,44.4,36.9,234.0
2024-03-11 22:00:00,10.2,45.0,66.5,41.9,44.3,37.2,249.0
2024-03-11 23:00:00,10.6,44.8,66.7,37.1,37.6,31.7,47.0
2024-03-12 00:00:00,10.5,44.8,67.0,32.0,36.5,31.9,0.0
2024-03-12 01:00:00,10.4,44.8,66.0,30.1,51.5,28.9,0.0
2024-03-12 02:00:00,9.2,45.6,58.5,29.5,45.0,29.7,0.0
2024-03-12 03:00:00,8.4,46.0,59.4,29.0,47.5,28.8,0.0
2024-03-12 04:00:00,8.1,46.1,57.4,28.6,46.3,28.7,0.0
2024-03-12 05:00:00,7.6,46.5,55.8,28.2,47.1,27.6,0.0
2024-03-12 06:00:00,8.2,46.1,71.9,44.6,45.4,33.5,264.0
2024-03-12 07:00:00,9.1,45.6,78.4,42.7,46.4,38.6,336.0
2024-03-12 08:00:00,12.0,44.0,77.1,40.6,44.5,37.3,247.0
2024-03-12 09:00:00,13.5,44.0,75.3,39.8,43.6,36.6,230.0
2024-03-12 10:00:00,14.2,44.0,65.4,37.3,34.1,31.8,99.0
2024-03-12 11:00:00,15.5,44.0,67.7,32.0,38.5,31.7,0.0
2024-03-12 12:00:00,16.3,44.0,65.2,30.5,50.2,29.7,0.0
2024-03-12 13:00:00,16.1,44.0,57.7,30.0,44.6,30.4,0.0
2024-03-12 14:00:00,15.9,44.0,58.1,29.6,46.0,30.2,0.0
2024-03-12 15:00:00,15.3,43.0,51.3,29.2,42.2,29.9,0.0
2024-03-12 16:00:00,12.4,43.0,63.4,33.7,39.8,26.4,57.0
2024-03-12 17:00:00,12.0,44.0,75.5,41.2,44.7,37.0,377.0
2024-03-12 18:00:00,11.8,45.0,74.8,41.0,44.7,37.0,251.0
2024-03-12 19:00:00,11.0,45.4,75.7,41.4,45.0,37.3,259.0
2024-03-12 20:00:00,10.9,45.4,66.9,41.0,44.3,37.7,261.0
2024-03-12 21:00:00,10.5,45.6,65.2,42.7,44.9,38.0,260.0
2024-03-12 22:00:00,10.3,45.7,62.8,41.3,40.1,37.9,247.0
2024-03-12 23:00:00,9.9,45.9,43.0,38.4,35.0,32.3,0.0
2024-03-13 00:00:00,9.6,46.0,42.2,33.0,33.6,31.5,0.0
2024-03-13 01:00:00,9.5,46.0,44.5,31.6,34.2,29.1,0.0
2024-03-13 02:00:00,9.28,46.1,45.72,29.78,33.83,27.92,0.0
2024-03-13 03:00:00,9.05,46.2,46.95,27.95,33.45,26.75,0.0
2024-03-13 04:00:00,8.82,46.3,48.18,26.12,33.08,25.58,0.0
2024-03-13 05:00:00,8.6,46.4,49.4,24.3,32.7,24.4,0.0
2024-03-13 06:00:00,8.6,46.9,73.6,41.0,42.0,28.8,168.0
2024-03-13 07:00:00,8.9,46.7,81.8,43.0,46.9,38.9,402.0
2024-03-13 08:00:00,9.2,46.6,80.8,42.0,46.0,38.0,271.0
2024-03-13 09:00:00,10.8,45.6,80.2,41.7,45.8,37.8,269.0
2024-03-13 10:00:00,10.6,45.8,75.6,42.0,45.6,37.7,262.0
2024-03-13 11:00:00,10.4,44.6,75.6,41.5,45.1,37.9,274.0
2024-03-13 12:00:00,11.3,44.3,74.6,41.1,44.9,37.1,240.0
2024-03-13 13:00:00,11.1,44.3,73.6,41.2,44.7,37.2,252.0
2024-03-13 14:00:00,9.6,45.0,74.3,41.3,44.9,37.3,250.0
2024-03-13 15:00:00,10.0,45.5,75.6,42.0,45.6,38.0,273.0
2024-03-13 16:00:00,9.5,45.7,76.6,41.6,45.4,37.7,253.0
2024-03-13 17:00:00,9.3,45.8,78.4,41.9,45.8,37.9,264.0
2024-03-13 18:00:00,8.9,45.8,78.6,41.9,45.8,38.0,261.0
2024-03-13 19:00:00,9.1,45.8,78.6,42.0,45.9,38.0,264.0
2024-03-13 20:00:00,9.2,46.4,77.5,42.5,46.1,38.1,263.0
2024-03-13 21:00:00,9.3,46.4,75.4,44.2,47.8,38.6,276.0
2024-03-13 22:00:00,9.0,46.4,72.5,43.2,46.7,38.3,265.0
2024-03-13 23:00:00,8.9,46.4,69.4,36.4,36.2,32.0,0.0
2024-03-14 00:00:00,8.7,46.4,68.6,32.1,37.4,31.7,0.0
2024-03-14 01:00:00,8.7,46.4,65.3,30.3,50.1,29.5,0.0
2024-03-14 02:00:00,8.6,46.4,59.2,29.3,46.5,29.4,0.0
2024-03-14 03:00:00,8.7,46.4,57.7,29.0,47.4,29.2,0.0
2024-03-14 04:00:00,8.6,46.4,54.8,28.5,46.6,28.5,0.0
2024-03-14 05:00:00,8.6,46.5,44.4,30.6,45.1,27.9,0.0
2024-03-14 06:00:00,8.9,46.4,79.0,45.1,46.2,31.7,227.0
2024-03-14 07:00:00,8.9,46.4,78.7,43.0,46.6,38.6,361.0
2024-03-14 08:00:00,7.9,46.5,78.8,42.7,46.6,38.3,282.0
2024-03-14 09:00:00,7.8,46.5,79.5,42.9,46.7,38.3,287.0
2024-03-14 10:00:00,8.1,46.5,80.2,43.1,46.9,38.5,288.0
2024-03-14 11:00:00,8.4,44.5,79.2,40.8,44.8,38.3,271.0
2024-03-14 12:00:00,8.4,44.5,78.2,39.7,43.7,36.5,219.0
2024-03-14 13:00:00,8.3,44.5,78.0,40.3,44.3,36.8,240.0
2024-03-14 14:00:00,9.1,44.2,78.3,40.7,44.7,37.1,251.0
2024-03-14 15:00:00,9.5,44.0,76.5,40.5,44.3,37.1,244.0
2024-03-14 16:00:00,9.5,44.0,77.1,40.3,44.3,36.8,234.0
2024-03-14 17:00:00,9.5,44.0,74.4,40.2,43.8,36.9,238.0
2024-03-14 18:00:00,9.1,44.2,77.2,40.2,44.1,36.7,233.0
2024-03-14 19:00:00,9.0,44.3,77.2,40.5,44.5,37.1,243.0
2024-03-14 20:00:00,8.4,44.5,71.0,41.0,44.6,36.9,238.0
2024-03-14 21:00:00,8.5,44.5,67.9,40.8,44.1,37.2,244.0
2024-03-14 22:00:00,8.2,44.6,48.2,39.5,37.4,35.2,165.0
2024-03-14 23:00:00,7.3,45.0,40.5,38.1,34.1,32.3,0.0
2024-03-15 00:00:00,6.2,45.4,38.2,36.2,33.1,30.7,0.0
2024-03-15 01:00:00,6.7,45.3,36.5,34.5,28.6,26.9,0.0
2024-03-15 02:00:00,6.4,45.4,35.1,32.9,27.3,25.4,0.0
2024-03-15 03:00:00,6.2,45.4,33.8,31.5,26.8,24.9,0.0
2024-03-15 04:00:00,6.5,45.4,32.6,30.3,26.4,24.4,0.0
2024-03-15 05:00:00,6.3,45.4,31.7,29.1,26.1,24.0,0.0
2024-03-15 06:00:00,6.3,45.4,81.2,44.7,46.3,31.3,231.0
2024-03-15 07:00:00,6.7,45.2,79.4,41.8,45.7,38.0,349.0
2024-03-15 08:00:00,7.3,45.0,78.8,41.0,44.9,37.2,263.0
2024-03-15 09:00:00,8.1,44.6,77.2,40.7,44.6,37.1,258.0
2024-03-15 10:00:00,9.7,43.9,74.8,40.1,43.9,36.6,244.0
2024-03-15 11:00:00,10.7,43.5,70.0,35.6,34.2,31.8,105.0
2024-03-15 12:00:00,12.4,43.0,68.1,31.1,49.9,31.1,0.0
2024-03-15 13:00:00,13.6,43.0,61.2,30.7,46.4,31.1,0.0
2024-03-15 14:00:00,14.0,43.0,54.6,30.2,41.6,31.4,0.0
2024-03-15 15:00:00,14.1,43.0,53.5,29.9,43.8,31.0,0.0
2024-03-15 16:00:00,13.5,43.0,52.9,29.7,43.3,31.0,0.0
2024-03-15 17:00:00,13.2,43.0,51.3,29.5,42.5,30.1,0.0
2024-03-15 18:00:00,12.2,43.0,62.0,40.7,42.1,32.6,243.0
2024-03-15 19:00:00,11.9,43.0,73.6,39.4,43.2,36.1,288.0
2024-03-15 20:00:00,11.3,46.1,71.4,43.2,46.1,38.1,310.0
2024-03-15 21:00:00,10.4,46.4,72.8,43.7,47.0,38.4,287.0
2024-03-15 22:00:00,9.9,46.6,73.8,42.9,40.6,38.1,278.0
2024-03-15 23:00:00,9.2,46.8,68.6,34.1,36.2,32.2,0.0
2024-03-16 00:00:00,9.2,46.8,68.5,31.5,52.5,31.1,0.0
2024-03-16 01:00:00,9.1,46.8,61.7,30.7,48.9,30.9,0.0
2024-03-16 02:00:00,9.2,46.8,57.0,30.3,47.0,31.2,0.0
2024-03-16 03:00:00,8.6,46.9,54.0,29.8,45.2,30.6,0.0
2024-03-16 04:00:00,8.2,47.0,56.9,29.8,47.5,29.3,0.0
2024-03-16 05:00:00,8.0,47.1,55.2,29.2,47.7,28.1,0.0
2024-03-16 06:00:00,7.8,47.8,77.5,41.5,43.4,28.5,160.0
2024-03-16 07:00:00,8.3,47.5,79.5,44.5,47.9,39.4,445.0
2024-03-16 08:00:00,10.2,45.9,74.3,43.1,46.5,37.8,274.0
2024-03-16 09:00:00,11.8,45.0,68.9,41.2,44.7,37.7,276.0
2024-03-16 10:00:00,13.4,45.0,63.5,41.5,44.6,37.1,249.0
2024-03-16 11:00:00,14.9,44.0,68.0,37.2,34.6,32.2,116.0
2024-03-16 12:00:00,15.7,44.0,65.0,32.2,35.8,31.9,0.0
2024-03-16 13:00:00,16.3,44.0,62.0,31.0,44.5,30.1,0.0
2024-03-16 14:00:00,16.5,44.0,57.9,29.5,46.8,28.7,0.0
2024-03-16 15:00:00,16.0,44.0,52.3,29.2,41.5,29.3,0.0
2024-03-16 16:00:00,15.9,44.0,53.8,28.7,44.5,28.2,0.0
2024-03-16 17:00:00,14.7,44.0,51.0,28.2,44.4,27.5,0.0
2024-03-16 18:00:00,13.0,44.0,84.6,40.8,43.1,27.0,121.0
2024-03-16 19:00:00,12.3,44.0,72.8,41.0,44.6,37.0,361.0
2024-03-16 20:00:00,11.8,44.1,67.4,40.7,43.8,36.2,239.0
2024-03-16 21:00:00,11.1,46.3,74.5,42.8,45.9,37.2,268.0
2024-03-16 22:00:00,10.2,46.8,75.2,42.9,41.3,38.5,296.0
2024-03-16 23:00:00,9.3,47.1,69.9,33.7,37.3,31.8,0.0
2024-03-17 00:00:00,8.3,47.5,67.9,31.6,53.5,31.5,0.0
2024-03-17 01:00:00,8.3,47.5,61.2,31.0,48.1,31.3,0.0
2024-03-17 02:00:00,7.8,47.8,61.0,30.4,49.4,30.8,0.0
2024-03-17 03:00:00,7.3,48.0,57.0,30.0,47.5,30.6,0.0
2024-03-17 04:00:00,7.6,47.8,57.1,29.6,48.3,28.4,0.0
2024-03-17 05:00:00,7.5,47.9,54.7,28.8,47.9,27.4,0.0
2024-03-17 06:00:00,7.3,48.0,78.1,42.8,43.6,28.6,167.0
2024-03-17 07:00:00,7.8,47.8,78.7,44.8,48.2,39.5,435.0
2024-03-17 08:00:00,8.3,47.5,75.9,45.3,48.0,38.6,305.0
2024-03-17 09:00:00,9.6,47.0,77.7,44.2,47.5,38.9,310.0
2024-03-17 10:00:00,9.3,47.1,75.4,44.7,47.7,38.7,300.0
2024-03-17 11:00:00,10.5,46.6,71.6,43.3,46.7,38.5,290.0
2024-03-17 12:00:00,12.0,46.0,67.8,43.3,46.2,37.9,275.0
2024-03-17 13:00:00,12.5,44.0,63.1,40.9,43.5,38.1,275.0
2024-03-17 14:00:00,13.4,44.0,67.7,40.8,43.9,36.5,214.0
2024-03-17 15:00:00,12.5,44.0,65.9,41.2,44.3,36.9,247.0
2024-03-17 16:00:00,11.9,44.0,69.0,41.2,44.1,36.9,245.0
2024-03-17 17:00:00,11.4,44.4,66.2,41.1,44.0,36.7,229.0
2024-03-17 18:00:00,10.2,45.2,65.3,42.2,44.6,37.4,260.0
2024-03-17 19:00:00,8.9,46.2,72.7,42.9,46.3,38.0,273.0
2024-03-17 20:00:00,8.6,46.4,78.0,43.4,47.1,38.9,298.0
2024-03-17 21:00:00,7.6,47.1,77.5,44.9,48.1,38.9,284.0
2024-03-17 22:00:00,7.5,45.5,69.6,39.9,39.6,37.1,211.0
2024-03-17 23:00:00,6.8,45.9,66.0,33.6,35.8,32.3,0.0
2024-03-18 00:00:00,6.0,46.4,63.9,31.6,43.7,31.1,0.0
2024-03-18 01:00:00,6.3,46.2,60.8,29.2,50.7,29.0,0.0
2024-03-18 02:00:00,6.2,46.3,54.4,28.9,44.1,29.6,0.0
2024-03-18 03:00:00,5.4,46.7,57.2,28.3,47.7,28.1,0.0
2024-03-18 04:00:00,4.6,47.3,53.1,28.0,46.1,27.8,0.0
2024-03-18 05:00:00,5.2,46.8,35.2,27.2,25.8,23.1,0.0
2024-03-18 06:00:00,5.2,44.9,72.9,41.8,42.6,29.4,185.0
2024-03-18 07:00:00,5.9,44.7,81.1,40.8,44.8,37.3,357.0
2024-03-18 08:00:00,9.0,45.1,79.0,39.9,43.9,36.6,244.0
2024-03-18 09:00:00,9.6,44.7,78.3,40.4,44.3,36.7,263.0
2024-03-18 10:00:00,11.4,43.4,75.1,40.1,43.9,36.7,248.0
2024-03-18 11:00:00,13.4,43.0,72.7,36.8,35.9,33.6,152.0
2024-03-18 12:00:00,15.1,43.0,69.9,32.2,51.3,31.8,0.0
2024-03-18 13:00:00,14.4,43.0,62.8,31.6,46.2,32.0,0.0
2024-03-18 14:00:00,14.6,43.0,56.1,31.1,41.6,32.1,0.0
2024-03-18 15:00:00,15.0,43.0,53.8,30.8,44.1,31.8,0.0
2024-03-18 16:00:00,14.9,43.0,49.0,30.4,40.6,31.8,0.0
2024-03-18 17:00:00,14.2,43.0,52.9,30.5,43.2,31.2,0.0
2024-03-18 18:00:00,13.4,44.0,72.4,42.9,44.4,32.4,241.0
2024-03-18 19:00:00,12.9,44.0,73.1,40.6,44.2,36.9,299.0
2024-03-18 20:00:00,12.4,45.0,71.8,40.9,44.6,36.6,242.0
2024-03-18 21:00:00,12.0,45.0,73.4,42.6,45.9,37.6,275.0
2024-03-18 22:00:00,11.9,45.0,70.3,41.9,40.2,37.2,248.0
2024-03-18 23:00:00,11.6,45.1,63.8,33.9,36.0,32.2,0.0
2024-03-19 00:00:00,11.2,45.3,63.0,31.7,37.0,31.2,0.0
2024-03-19 01:00:00,10.1,45.8,62.1,29.1,46.9,28.2,0.0
2024-03-19 02:00:00,9.5,46.0,58.5,27.1,48.6,27.2,0.0
2024-03-19 03:00:00,8.9,46.3,53.6,27.1,45.1,27.8,0.0
2024-03-19 04:00:00,8.9,46.3,55.0,27.0,47.3,26.8,0.0
2024-03-19 05:00:00,8.9,46.3,55.2,26.6,27.0,23.6,0.0
2024-03-19 06:00:00,8.6,47.9,76.9,41.9,43.2,28.0,161.0
2024-03-19 07:00:00,8.5,48.0,82.8,44.4,48.4,39.6,435.0
2024-03-19 08:00:00,9.2,47.0,81.8,43.8,47.8,39.0,309.0
2024-03-19 09:00:00,9.9,46.5,80.4,42.8,46.8,38.5,290.0
2024-03-19 10:00:00,11.4,45.4,79.6,42.0,45.9,38.1,280.0
2024-03-19 11:00:00,12.1,42.0,78.3,38.4,42.4,36.5,227.0
2024-03-19 12:00:00,11.5,43.5,76.1,39.0,43.0,35.4,201.0
2024-03-19 13:00:00,11.5,43.4,70.5,39.2,42.8,36.3,243.0
2024-03-19 14:00:00,11.2,43.8,70.6,40.2,43.6,36.2,230.0
2024-03-19 15:00:00,10.4,44.6,72.1,40.7,44.2,36.6,247.0
2024-03-19 16:00:00,9.5,45.5,72.0,41.7,44.9,37.0,253.0
2024-03-19 17:00:00,8.6,46.4,72.0,43.7,46.6,38.3,290.0
2024-03-19 18:00:00,7.4,46.2,76.2,43.0,46.6,39.0,300.0
2024-03-19 19:00:00,6.7,46.8,78.2,42.4,46.2,38.2,267.0
2024-03-19 20:00:00,6.4,47.0,79.6,42.8,46.6,38.5,283.0
2024-03-19 21:00:00,5.3,47.7,79.1,44.9,48.3,38.9,299.0
2024-03-19 22:00:00,4.9,48.0,74.9,43.5,41.2,39.0,275.0
2024-03-19 23:00:00,4.4,48.4,64.2,35.2,35.7,32.9,0.0
2024-03-20 00:00:00,4.2,48.5,62.8,32.3,35.4,32.1,0.0
2024-03-20 01:00:00,3.8,48.7,62.8,29.3,33.9,27.9,0.0
2024-03-20 02:00:00,3.5,48.9,62.1,25.8,34.0,25.9,0.0
2024-03-20 03:00:00,3.1,49.3,62.3,25.2,39.4,25.6,0.0
2024-03-20 04:00:00,2.0,50.0,61.3,25.3,53.4,25.5,0.0
2024-03-20 05:00:00,2.1,48.5,56.2,25.4,49.9,25.7,0.0
2024-03-20 06:00:00,2.0,48.6,81.3,37.1,40.1,23.7,69.0
2024-03-20 07:00:00,2.3,48.5,85.6,44.6,48.7,39.9,523.0
2024-03-20 08:00:00,6.7,46.7,81.8,43.0,47.0,38.5,301.0
2024-03-20 09:00:00,7.5,46.2,80.2,42.5,46.3,38.1,297.0
2024-03-20 10:00:00,8.6,45.5,77.5,41.9,45.7,37.7,278.0
2024-03-20 11:00:00,8.9,45.2,76.3,41.3,45.0,37.3,267.0
2024-03-20 12:00:00,9.5,44.7,73.0,40.8,44.5,37.0,256.0
2024-03-20 13:00:00,10.1,44.3,71.9,40.2,43.7,36.6,246.0
2024-03-20 14:00:00,10.4,44.1,71.5,40.4,43.9,36.2,236.0
2024-03-20 15:00:00,10.6,43.9,71.6,40.9,44.3,36.7,256.0
2024-03-20 16:00:00,10.9,43.7,69.6,40.6,43.9,36.6,245.0
2024-03-20 17:00:00,10.6,44.0,69.9,40.5,43.8,36.5,238.0
2024-03-20 18:00:00,9.4,44.7,70.0,41.3,44.5,36.6,243.0
2024-03-20 19:00:00,8.6,45.4,75.4,42.1,45.7,37.7,279.0
2024-03-20 20:00:00,8.1,45.7,71.5,41.9,45.0,37.8,270.0
2024-03-20 21:00:00,6.7,46.7,78.3,43.8,47.5,38.7,294.0
2024-03-20 22:00:00,5.8,47.4,77.3,42.2,41.8,38.9,278.0
2024-03-20 23:00:00,5.2,47.8,74.0,34.0,36.9,32.0,0.0
2024-03-21 00:00:00,4.3,48.1,71.7,31.6,56.5,31.2,0.0
2024-03-21 01:00:00,4.0,48.2,63.2,31.0,48.0,31.7,0.0
2024-03-21 02:00:00,3.2,48.3,62.1,30.5,49.6,31.0,0.0
2024-03-21 03:00:00,2.6,48.4,60.8,30.0,48.8,31.0,0.0
2024-03-21 04:00:00,2.3,48.5,58.8,29.6,49.2,28.6,0.0
2024-03-21 05:00:00,1.7,48.6,55.8,28.8,47.9,27.7,0.0
2024-03-21 06:00:00,1.7,48.6,71.9,41.6,42.9,30.0,200.0
2024-03-21 07:00:00,3.2,48.3,81.1,45.5,48.8,39.8,442.0
2024-03-21 08:00:00,6.9,46.6,86.8,43.0,47.2,38.9,318.0
2024-03-21 09:00:00,8.6,44.8,81.1,41.1,45.3,37.6,269.0
2024-03-21 10:00:00,9.8,44.2,77.0,40.0,43.8,36.6,249.0
2024-03-21 11:00:00,10.5,43.8,73.8,39.7,43.5,36.0,232.0
2024-03-21 12:00:00,11.8,43.1,71.8,40.1,43.6,36.3,242.0
2024-03-21 13:00:00,13.8,43.0,68.8,34.7,37.7,31.3,81.0
2024-03-21 14:00:00,14.5,43.0,66.1,31.7,47.5,31.6,0.0
2024-03-21 15:00:00,14.5,43.0,60.2,31.1,45.9,31.3,0.0
2024-03-21 16:00:00,14.5,43.0,54.1,30.7,40.8,31.4,0.0
2024-03-21 17:00:00,14.0,43.0,52.3,30.4,43.3,31.1,0.0
2024-03-21 18:00:00,12.9,43.0,75.0,40.7,41.7,27.2,124.0
2024-03-21 19:00:00,12.0,43.0,71.2,39.9,43.4,36.3,341.0
2024-03-21 20:00:00,11.3,43.5,70.2,39.3,42.6,35.7,231.0
2024-03-21 21:00:00,10.8,43.9,71.4,41.3,44.4,36.3,247.0
2024-03-21 22:00:00,10.3,44.2,69.5,40.5,43.7,36.7,257.0
2024-03-21 23:00:00,9.5,44.7,66.1,33.1,36.6,31.9,0.0
2024-03-22 00:00:00,8.1,45.7,63.7,31.4,50.8,31.2,0.0
2024-03-22 01:00:00,6.9,46.6,58.4,30.6,47.3,30.4,0.0
2024-03-22 02:00:00,6.4,47.0,57.9,30.1,48.2,30.3,0.0
2024-03-22 03:00:00,5.7,47.5,53.3,29.4,46.7,29.1,0.0
2024-03-22 04:00:00,5.2,47.8,55.0,28.9,47.2,27.7,0.0
2024-03-22 05:00:00,4.7,48.2,53.1,27.7,47.2,26.6,0.0
2024-03-22 06:00:00,4.5,50.6,67.7,39.7,41.2,29.5,197.0
2024-03-22 07:00:00,6.3,48.9,85.4,46.1,49.8,40.6,466.0
2024-03-22 08:00:00,9.5,45.7,83.9,40.5,44.9,37.4,257.0
2024-03-22 09:00:00,11.1,45.5,80.1,41.6,45.5,37.5,282.0
2024-03-22 10:00:00,12.6,45.0,74.1,41.2,40.1,36.7,250.0
2024-03-22 11:00:00,14.0,45.0,65.6,37.0,34.3,32.2,0.0
2024-03-22 12:00:00,14.4,45.0,57.8,35.5,33.4,31.5,0.0
2024-03-22 13:00:00,15.2,45.0,63.9,32.1,37.2,27.1,0.0
2024-03-22 14:00:00,16.0,45.0,57.4,27.5,27.6,25.9,0.0
2024-03-22 15:00:00,16.2,45.0,52.3,27.4,27.6,25.2,0.0
2024-03-22 16:00:00,15.9,45.0,57.4,25.3,30.6,24.9,0.0
2024-03-22 17:00:00,15.5,45.0,56.8,24.5,33.1,24.4,0.0
2024-03-22 18:00:00,15.1,45.0,56.6,24.3,35.6,24.4,0.0
2024-03-22 19:00:00,12.8,44.0,71.1,42.7,44.4,33.0,360.0
2024-03-22 20:00:00,11.4,44.2,73.8,40.9,44.5,36.8,309.0
2024-03-22 21:00:00,10.1,45.3,71.8,43.2,45.6,36.5,256.0
2024-03-22 22:00:00,8.7,46.2,64.9,41.1,39.8,37.5,273.0
2024-03-22 23:00:00,8.2,46.7,58.8,33.5,34.6,32.0,0.0
2024-03-23 00:00:00,7.1,47.5,60.5,31.4,36.5,30.6,0.0
2024-03-23 01:00:00,6.9,47.6,62.1,26.8,27.2,24.8,0.0
2024-03-23 02:00:00,6.1,48.2,62.1,25.5,51.3,25.5,0.0
2024-03-23 03:00:00,5.3,48.7,57.3,25.5,49.0,25.6,0.0
2024-03-23 04:00:00,5.1,48.9,57.9,25.7,49.0,25.9,0.0
2024-03-23 05:00:00,4.7,49.1,55.9,25.8,49.7,25.2,0.0
2024-03-23 06:00:00,3.7,48.0,84.5,45.9,48.2,33.1,291.0
2024-03-23 07:00:00,6.4,46.4,83.2,42.7,46.7,38.5,385.0
2024-03-23 08:00:00,10.1,44.8,76.6,40.7,44.4,36.8,259.0
2024-03-23 09:00:00,11.9,44.0,67.5,39.9,42.9,36.6,255.0
2024-03-23 10:00:00,13.4,44.0,71.6,41.4,44.3,36.6,251.0
2024-03-23 11:00:00,14.5,44.0,72.0,41.1,44.5,36.9,255.0
2024-03-23 12:00:00,16.0,44.0,48.9,39.6,34.3,32.2,0.0
2024-03-23 13:00:00,16.9,44.0,55.6,34.3,33.9,31.4,0.0
2024-03-23 14:00:00,17.0,44.0,55.1,31.5,30.6,27.6,0.0
2024-03-23 15:00:00,17.3,44.0,54.5,27.4,28.1,25.5,0.0
2024-03-23 16:00:00,17.6,44.0,51.9,26.0,27.4,25.1,0.0
2024-03-23 17:00:00,17.5,44.0,52.4,25.1,28.4,24.7,0.0
2024-03-23 18:00:00,16.5,44.0,51.9,24.5,31.0,24.3,0.0
2024-03-23 19:00:00,15.8,44.0,51.1,23.8,32.6,23.8,0.0
2024-03-23 20:00:00,14.6,44.0,72.3,43.2,45.5,35.5,328.0
2024-03-23 21:00:00,14.2,44.0,67.6,40.0,43.3,36.5,258.0
2024-03-23 22:00:00,13.7,44.0,69.0,38.4,38.2,35.9,215.0
2024-03-23 23:00:00,12.8,44.0,63.7,33.4,34.8,32.1,0.0
2024-03-24 00:00:00,12.7,44.0,59.7,31.6,33.8,30.3,0.0
2024-03-24 01:00:00,12.1,44.0,57.9,28.0,30.6,27.0,0.0
2024-03-24 02:00:00,12.1,44.0,56.2,25.9,34.7,25.8,0.0
2024-03-24 03:00:00,11.5,44.2,55.3,25.4,43.6,25.6,0.0
2024-03-24 04:00:00,11.0,44.3,53.1,25.6,47.0,25.8,0.0
2024-03-24 05:00:00,9.3,45.1,48.2,25.7,42.3,26.1,0.0
2024-03-24 06:00:00,9.5,45.0,76.1,42.9,44.7,31.4,237.0
2024-03-24 07:00:00,11.3,44.3,74.7,41.4,44.9,37.3,334.0
2024-03-24 08:00:00,12.3,44.0,70.7,40.4,43.8,36.3,236.0
2024-03-24 09:00:00,13.9,44.0,72.5,41.4,44.8,36.6,256.0
2024-03-24 10:00:00,15.1,44.0,47.8,38.8,35.7,31.8,43.0
2024-03-24 11:00:00,17.7,44.0,58.7,31.8,35.2,31.4,0.0
2024-03-24 12:00:00,12.1,45.0,57.9,36.2,38.0,29.3,119.0
2024-03-24 13:00:00,11.1,45.2,73.9,42.2,45.7,37.8,369.0
2024-03-24 14:00:00,11.4,45.1,69.0,41.6,44.7,37.1,255.0
2024-03-24 15:00:00,9.5,45.0,73.2,42.1,45.2,37.4,269.0
2024-03-24 16:00:00,7.9,45.7,66.4,42.2,45.2,37.7,270.0
2024-03-24 17:00:00,6.9,46.1,78.9,42.9,46.6,38.5,295.0
2024-03-24 18:00:00,6.6,46.3,71.3,42.9,46.0,38.1,274.0
2024-03-24 19:00:00,6.3,46.4,78.5,42.9,46.8,38.2,282.0
2024-03-24 20:00:00,6.0,47.4,78.2,44.2,47.7,38.9,295.0
2024-03-24 21:00:00,6.1,47.3,71.3,43.5,47.0,38.9,289.0
2024-03-24 22:00:00,5.4,47.7,82.7,44.8,46.1,39.5,314.0
2024-03-24 23:00:00,5.4,47.7,78.3,34.0,39.4,31.9,0.0
2024-03-25 00:00:00,4.9,48.0,72.7,32.0,56.2,32.2,0.0
2024-03-25 01:00:00,5.2,47.8,63.5,31.4,48.0,32.7,0.0
2024-03-25 02:00:00,5.5,47.7,61.6,30.9,49.9,32.4,0.0
2024-03-25 03:00:00,5.4,47.7,58.1,30.4,47.4,32.5,0.0
2024-03-25 04:00:00,5.1,47.8,57.5,30.1,47.0,31.1,0.0
2024-03-25 05:00:00,5.0,47.8,59.9,30.1,48.9,28.9,0.0
2024-03-25 06:00:00,5.1,49.9,68.1,42.0,43.0,31.4,225.0
2024-03-25 07:00:00,6.6,48.8,83.0,47.4,50.5,40.7,437.0
2024-03-25 08:00:00,6.9,48.6,85.0,44.0,48.2,39.2,302.0
2024-03-25 09:00:00,6.8,48.6,83.1,44.2,48.2,39.1,314.0
2024-03-25 10:00:00,6.9,47.1,83.5,43.7,47.9,39.3,242.0
2024-03-25 11:00:00,8.3,46.5,82.3,42.6,46.7,38.6,354.0
2024-03-25 12:00:00,9.2,46.2,81.8,42.0,46.1,38.0,272.0
2024-03-25 13:00:00,9.9,44.5,74.9,40.1,43.9,37.2,249.0
2024-03-25 14:00:00,10.0,44.2,75.3,39.8,43.8,36.4,228.0
2024-03-25 15:00:00,10.2,44.2,73.5,40.1,43.9,36.6,236.0
2024-03-25 16:00:00,11.3,43.4,72.0,40.0,43.6,36.6,234.0
2024-03-25 17:00:00,10.2,44.2,72.4,40.6,44.0,36.5,231.0
2024-03-25 18:00:00,9.2,45.0,71.6,41.6,45.0,36.8,250.0
2024-03-25 19:00:00,8.1,45.7,77.0,42.5,46.1,38.1,283.0
2024-03-25 20:00:00,6.6,46.8,74.6,42.4,45.8,38.6,290.0
2024-03-25 21:00:00,6.1,47.2,80.7,44.3,47.9,39.3,298.0
2024-03-25 22:00:00,5.2,47.8,77.7,43.4,41.1,38.6,271.0
2024-03-25 23:00:00,5.0,48.0,71.8,34.5,36.5,32.7,0.0
2024-03-26 00:00:00,4.8,48.1,69.7,32.1,45.0,32.0,0.0
2024-03-26 01:00:00,3.6,48.9,65.2,30.1,52.6,30.0,0.0
2024-03-26 02:00:00,3.3,49.1,57.5,29.7,46.5,30.7,0.0
2024-03-26 03:00:00,3.3,49.1,58.2,29.1,48.9,29.1,0.0
2024-03-26 04:00:00,2.3,49.8,58.8,28.7,49.3,28.3,0.0
2024-03-26 05:00:00,2.0,50.1,42.2,29.8,48.8,26.7,0.0
2024-03-26 06:00:00,2.1,48.9,73.8,42.2,44.2,30.5,215.0
2024-03-26 07:00:00,4.3,48.2,86.0,44.6,48.9,39.8,434.0
2024-03-26 08:00:00,8.2,45.7,84.6,42.0,46.4,38.4,294.0
2024-03-26 09:00:00,9.8,44.5,75.8,40.3,44.1,37.1,253.0
2024-03-26 10:00:00,11.2,43.6,76.5,39.4,43.3,36.1,231.0
2024-03-26 11:00:00,12.9,43.0,71.5,38.7,42.4,35.7,221.0
2024-03-26 12:00:00,14.1,43.0,71.4,38.6,38.3,35.5,215.0
2024-03-26 13:00:00,15.0,43.0,67.8,34.2,37.4,32.2,0.0
2024-03-26 14:00:00,14.9,43.0,66.5,32.0,45.8,31.7,0.0
2024-03-26 15:00:00,13.7,44.0,55.0,35.0,35.8,27.0,77.0
2024-03-26 16:00:00,12.6,44.0,73.4,40.8,44.3,37.0,369.0
2024-03-26 17:00:00,11.7,44.1,72.9,40.1,43.6,36.4,239.0
2024-03-26 18:00:00,10.3,44.9,73.7,40.9,44.5,36.6,249.0
2024-03-26 19:00:00,10.1,45.0,76.7,42.0,45.6,37.6,274.0
2024-03-26 20:00:00,9.5,45.4,66.3,41.8,44.2,37.2,256.0
2024-03-26 21:00:00,8.9,45.7,76.5,42.2,45.9,37.8,277.0
2024-03-26 22:00:00,8.7,45.9,70.3,40.3,39.9,37.3,232.0
2024-03-26 23:00:00,8.3,46.0,69.2,32.3,32.0,29.5,0.0
2024-03-27 00:00:00,8.0,46.3,66.6,28.4,29.0,26.6,0.0
2024-03-27 01:00:00,7.8,46.4,63.9,26.2,27.8,25.2,0.0
2024-03-27 02:00:00,8.1,46.1,62.2,25.1,27.3,24.7,0.0
2024-03-27 03:00:00,8.1,46.2,61.5,24.6,26.8,24.3,0.0
2024-03-27 04:00:00,8.3,46.1,59.6,24.3,26.5,24.0,0.0
2024-03-27 05:00:00,8.5,46.0,58.4,24.0,26.3,23.8,0.0
2024-03-27 06:00:00,8.8,44.8,69.2,41.3,42.2,29.9,186.0
2024-03-27 07:00:00,9.6,44.3,78.1,40.6,44.5,37.3,351.0
2024-03-27 08:00:00,11.0,43.5,74.3,39.3,43.1,36.3,236.0
2024-03-27 09:00:00,12.7,43.0,72.7,38.7,42.6,35.7,221.0
2024-03-27 10:00:00,15.2,43.0,69.1,34.6,33.3,30.9,85.0
2024-03-27 11:00:00,16.2,43.0,67.0,28.7,29.6,27.1,0.0
2024-03-27 12:00:00,17.5,43.0,65.1,26.5,28.1,25.5,0.0
2024-03-27 13:00:00,18.7,43.0,63.4,25.4,27.2,24.8,0.0
2024-03-27 14:00:00,18.7,43.0,61.8,24.9,27.0,24.5,0.0
2024-03-27 15:00:00,18.5,43.0,60.1,24.5,26.7,24.3,0.0
2024-03-27 16:00:00,18.0,43.0,58.6,24.4,26.5,24.0,0.0
2024-03-27 17:00:00,16.8,43.0,57.4,24.2,26.2,23.9,0.0
2024-03-27 18:00:00,15.6,43.0,56.3,23.9,26.1,23.8,0.0
2024-03-27 19:00:00,14.7,44.0,55.2,23.9,26.0,23.6,0.0
2024-03-27 20:00:00,14.4,44.0,72.4,42.1,43.6,31.5,229.0
2024-03-27 21:00:00,14.6,44.0,71.9,40.6,44.1,36.9,311.0
2024-03-27 22:00:00,14.4,44.0,68.0,38.5,38.5,35.9,208.0
2024-03-27 23:00:00,13.9,44.0,64.6,32.0,31.1,28.7,0.0
2024-03-28 00:00:00,13.9,44.0,61.5,27.9,28.6,26.1,0.0
2024-03-28 01:00:00,14.0,44.0,60.0,25.7,27.5,25.0,0.0
2024-03-28 02:00:00,13.8,44.0,58.8,25.0,27.0,24.5,0.0
2024-03-28 03:00:00,14.0,44.0,56.6,24.6,26.4,24.1,0.0
2024-03-28 04:00:00,13.4,44.0,54.1,24.3,26.3,23.8,0.0
2024-03-28 05:00:00,12.9,44.0,52.8,23.9,26.1,23.7,0.0
2024-03-28 06:00:00,12.5,46.0,66.6,39.8,40.9,29.9,185.0
2024-03-28 07:00:00,13.8,46.0,74.1,42.2,45.6,38.5,380.0
2024-03-28 08:00:00,16.8,46.0,72.9,43.2,46.3,38.0,270.0
2024-03-28 09:00:00,17.9,46.0,68.8,35.0,33.5,31.1,58.0
2024-03-28 10:00:00,19.3,46.0,66.5,29.0,29.5,27.3,0.0
2024-03-28 11:00:00,18.9,46.0,64.7,26.6,28.2,25.7,0.0
2024-03-28 12:00:00,19.1,46.0,62.9,25.5,27.3,24.9,0.0
2024-03-28 13:00:00,19.6,46.0,61.8,26.2,26.9,24.7,0.0
2024-03-28 14:00:00,18.9,46.0,59.5,24.8,26.7,24.2,0.0
2024-03-28 15:00:00,18.6,46.0,57.9,24.3,26.6,24.2,0.0
2024-03-28 16:00:00,18.2,46.0,56.8,24.2,26.6,24.2,0.0
2024-03-28 17:00:00,17.3,46.0,55.8,24.1,26.5,24.0,0.0
2024-03-28 18:00:00,16.3,46.0,54.9,24.0,26.3,23.9,0.0
2024-03-28 19:00:00,15.3,46.0,54.2,23.9,26.2,23.8,0.0
2024-03-28 20:00:00,14.9,44.0,72.6,43.7,45.9,35.7,353.0
2024-03-28 21:00:00,13.9,44.0,69.4,40.1,43.6,36.6,253.0
2024-03-28 22:00:00,14.1,44.0,68.7,40.5,39.4,36.9,242.0
2024-03-28 23:00:00,14.2,44.0,64.9,33.3,35.3,31.8,0.0
2024-03-29 00:00:00,14.2,44.0,63.0,31.4,37.5,31.0,0.0
2024-03-29 01:00:00,13.9,44.0,61.6,29.4,49.3,28.4,0.0
2024-03-29 02:00:00,13.3,44.0,55.3,28.6,44.5,28.5,0.0
2024-03-29 03:00:00,12.1,44.0,55.5,28.3,44.6,28.2,0.0
2024-03-29 04:00:00,11.1,44.8,52.8,27.8,44.7,27.5,0.0
2024-03-29 05:00:00,10.4,45.3,30.3,31.4,43.0,27.1,0.0
2024-03-29 06:00:00,10.5,45.2,77.6,42.2,43.7,29.0,176.0
2024-03-29 07:00:00,12.7,44.0,74.0,40.3,44.1,37.0,340.0
2024-03-29 08:00:00,16.8,44.0,73.3,40.0,43.0,36.2,231.0
2024-03-29 09:00:00,18.5,44.0,69.4,32.7,39.1,32.0,0.0
2024-03-29 10:00:00,19.3,44.0,65.3,31.4,50.0,31.3,0.0
2024-03-29 11:00:00,20.0,44.0,57.8,30.9,43.8,31.5,0.0
2024-03-29 12:00:00,20.5,44.0,57.7,30.6,46.2,31.2,0.0
2024-03-29 13:00:00,20.7,44.0,50.9,30.0,42.0,31.2,0.0
2024-03-29 14:00:00,21.5,44.0,54.5,30.3,44.4,30.3,0.0
2024-03-29 15:00:00,21.6,44.0,52.5,30.1,44.3,29.7,0.0
2024-03-29 16:00:00,22.0,44.0,51.7,29.7,44.2,28.7,0.0
2024-03-29 17:00:00,21.7,44.0,50.3,29.2,43.8,27.8,0.0
2024-03-29 18:00:00,19.4,44.0,48.9,28.7,43.2,27.3,0.0
2024-03-29 19:00:00,19.2,44.0,48.9,28.2,43.2,26.7,0.0
2024-03-29 20:00:00,17.3,44.0,47.3,27.7,42.6,26.3,0.0
2024-03-29 21:00:00,15.9,44.0,45.8,27.3,41.7,26.1,0.0
2024-03-29 22:00:00,15.3,44.0,44.9,27.1,40.9,25.9,0.0
2024-03-29 23:00:00,14.6,44.0,42.8,26.9,39.9,25.8,0.0
2024-03-30 00:00:00,14.0,44.0,41.9,26.8,38.9,25.8,0.0
2024-03-30 01:00:00,12.5,44.0,42.2,26.6,38.4,25.5,0.0
2024-03-30 02:00:00,12.1,44.0,41.5,26.2,38.0,25.1,0.0
2024-03-30 03:00:00,11.5,44.4,41.0,25.8,37.9,24.8,0.0
2024-03-30 04:00:00,12.3,44.0,40.3,25.5,37.5,24.5,0.0
2024-03-30 05:00:00,12.0,44.0,39.6,25.1,37.2,24.3,0.0
2024-03-30 06:00:00,12.5,44.0,38.9,24.9,36.7,24.1,0.0
2024-03-30 07:00:00,15.0,44.0,38.5,24.7,36.3,23.9,0.0
2024-03-30 08:00:00,18.2,44.0,59.4,32.4,33.4,31.1,198.0
2024-03-30 09:00:00,20.6,44.0,54.4,30.8,33.6,30.7,0.0
2024-03-30 10:00:00,21.8,44.0,56.6,29.5,37.8,28.2,0.0
2024-03-30 11:00:00,23.5,44.0,56.2,27.1,47.0,26.7,0.0
2024-03-30 12:00:00,24.1,44.0,52.1,26.4,44.8,26.4,0.0
2024-03-30 13:00:00,24.0,44.0,51.0,26.4,43.2,26.7,0.0
2024-03-30 14:00:00,24.3,44.0,51.5,26.4,45.0,26.2,0.0
2024-03-30 15:00:00,23.8,44.0,48.2,26.4,43.6,26.2,0.0
2024-03-30 16:00:00,24.3,44.0,48.7,26.6,43.3,26.0,0.0
2024-03-30 17:00:00,23.3,44.0,47.5,26.7,43.2,25.9,0.0
2024-03-30 18:00:00,22.7,44.0,46.1,26.6,42.4,25.8,0.0
2024-03-30 19:00:00,21.3,44.0,44.9,26.6,41.6,25.6,0.0
2024-03-30 20:00:00,20.3,44.0,44.0,26.6,40.9,25.5,0.0
2024-03-30 21:00:00,19.9,44.0,43.2,26.5,40.2,25.4,0.0
2024-03-30 22:00:00,19.3,44.0,42.4,26.3,39.5,25.1,0.0
2024-03-30 23:00:00,18.6,44.0,41.6,26.2,38.9,25.1,0.0
2024-03-31 00:00:00,18.3,44.0,40.7,26.1,38.3,25.0,0.0
2024-03-31 01:00:00,17.0,44.0,39.8,26.1,37.6,24.8,0.0
2024-03-31 02:00:00,16.85,44.0,39.4,26.05,37.3,24.8,0.0
2024-03-31 03:00:00,16.7,44.0,39.0,26.0,37.0,24.8,0.0
2024-03-31 04:00:00,15.0,44.0,38.3,26.0,36.4,24.8,0.0
2024-03-31 05:00:00,13.9,44.0,37.5,25.8,35.8,24.7,0.0
2024-03-31 06:00:00,13.4,44.0,36.9,25.6,35.1,24.6,0.0
2024-03-31 07:00:00,14.0,44.0,35.9,25.4,34.7,24.5,0.0
2024-03-31 08:00:00,15.7,44.0,35.5,25.4,34.2,24.4,0.0
2024-03-31 09:00:00,17.9,44.0,34.7,25.4,33.6,24.4,0.0
2024-03-31 10:00:00,19.5,44.0,34.4,25.4,33.1,24.2,0.0
2024-03-31 11:00:00,21.6,44.0,34.1,25.2,32.8,24.1,0.0
2024-03-31 12:00:00,21.7,44.0,33.7,25.1,32.6,23.9,0.0
2024-03-31 13:00:00,22.0,44.0,33.3,24.9,32.5,23.8,0.0
2024-03-31 14:00:00,24.1,44.0,32.8,24.7,32.3,23.7,0.0
2024-03-31 15:00:00,24.4,44.0,32.2,24.6,31.9,23.5,0.0
2024-03-31 16:00:00,24.7,44.0,31.7,24.5,31.6,23.7,0.0
2024-03-31 17:00:00,24.0,44.0,31.3,24.5,31.4,23.5,0.0
2024-03-31 18:00:00,23.2,44.0,31.0,24.4,31.1,23.6,0.0
2024-03-31 19:00:00,21.7,44.0,30.6,24.3,30.9,23.5,0.0
2024-03-31 20:00:00,20.1,44.0,30.5,24.2,30.7,23.5,0.0
2024-03-31 21:00:00,19.0,44.0,30.2,24.2,30.5,23.4,0.0
2024-03-31 22:00:00,18.8,44.0,29.9,24.1,30.3,23.3,0.0
2024-03-31 23:00:00,18.0,44.0,29.7,23.9,30.3,23.3,0.0
